has_aftermarket_mods,car_age,is_new,log_mileage,battery_kwh,range_km,power_hp,model_mode_enc,model_year_enc,brand_Bestune,brand_Geely,brand_Mercedes Benz,brand_Mercedes-Benz,brand_Other,brand_Porsche,brand_VinFast,brand_Vinfast,brand_Wuling,base_model_EC VAN,base_model_EC Van,base_model_EQS,base_model_Herio Green,base_model_Limo,base_model_Limo Green,base_model_LimoGreen,base_model_MPV 7,base_model_MPV7,base_model_Minio Green,base_model_Other,base_model_Taycan,base_model_Unknown,base_model_VF 5,base_model_VF MPV,base_model_VF e34,base_model_VF3,base_model_VF5,base_model_VF6,base_model_VF7,base_model_VF8,base_model_VF9,base_model_VFe34,base_model_Xiaoma,body_type_Coupe,body_type_Hatchback,body_type_MPV,body_type_Other,body_type_SUV,body_type_Sedan,drivetrain_AWD,drivetrain_FWD,drivetrain_Other,drivetrain_RWD,origin_Domestic,origin_Imported,origin_Unknown
1,2.0,0,10.275085591132715,18.6,215.0,43.0,302639341.02916855,401736930.2408101,0,0,0,0,0,0,1,0,0,0,0,0,0,0,0,0,0,0,0,0,0,0,0,0,0,1,0,0,0,0,0,0,0,0,0,0,1,0,0,0,0,1,0,0,0,1
0,3.0,1,10.596659732783579,82.0,420.0,349.0,485596762.03986967,548670699.6620107,0,0,0,0,0,0,1,0,0,0,0,0,0,0,0,0,0,0,0,0,0,0,0,0,0,0,0,0,0,1,0,0,0,0,0,1,0,0,0,0,1,0,0,1,0,0
0,1.0,0,4.61512051684126,37.2,326.4,134.0,475073127.0526237,478727069.05621994,0,0,0,0,0,0,1,0,0,0,0,0,0,0,0,0,0,0,0,0,0,0,0,0,0,0,1,0,0,0,0,0,0,0,0,0,0,1,0,0,0,1,0,0,0,1
0,3.0,0,10.865879121292947,82.0,420.0,349.0,484666533.0259533,547838978.1919913,0,0,0,0,0,0,1,0,0,0,0,0,0,0,0,0,0,0,0,0,0,0,0,0,0,0,0,0,0,1,0,0,0,0,0,0,0,1,0,0,0,1,0,1,0,0
0,1.0,0,10.12667110305036,75.3,450.0,201.0,490552136.47736907,566666808.43104,0,0,0,0,0,0,1,0,0,0,0,0,0,0,0,0,0,0,0,0,0,0,0,0,0,0,0,0,1,0,0,0,0,0,0,0,0,1,0,0,0,1,0,0,0,1
0,2.0,0,3.4339872044851463,82.0,420.0,349.0,497681032.069787,560514360.2194656,0,0,0,0,0,0,1,0,0,0,0,0,0,0,0,0,0,0,0,0,0,0,0,0,0,0,0,0,0,1,0,0,0,0,0,0,0,1,0,0,0,1,0,0,0,1
0,0.0,1,0.0,82.0,420.0,349.0,474853297.80029184,618900305.5483994,0,0,0,0,0,0,1,0,0,0,0,0,0,0,0,0,0,0,0,0,0,0,0,0,0,0,0,0,0,1,0,0,0,0,0,0,0,1,0,0,1,0,0,1,0,0
0,1.0,0,10.950824090522445,75.3,450.0,201.0,490552135.2652478,566666807.6948438,0,0,0,0,0,0,1,0,0,0,0,0,0,0,0,0,0,0,0,0,0,0,0,0,0,0,0,0,1,0,0,0,0,0,0,0,0,1,0,0,0,1,0,0,0,1
0,3.0,0,9.87822102528824,82.0,420.0,349.0,748903658.8535901,548467604.8844478,0,0,0,0,0,0,1,0,0,0,0,0,0,0,0,0,0,0,0,0,0,0,0,0,0,0,0,0,0,1,0,0,0,0,1,0,0,0,0,0,0,0,1,1,0,0
0,1.0,0,10.736418414365376,75.3,450.0,201.0,626565194.7407442,562433683.5230646,0,0,0,0,0,0,1,0,0,0,0,0,0,0,0,0,0,0,0,0,0,0,0,0,0,0,0,0,1,0,0,0,0,0,0,0,0,1,0,1,0,0,0,1,0,0
0,1.0,1,9.210440366976517,37.2,326.4,134.0,473598075.42355645,476512089.24840236,0,0,0,0,0,0,1,0,0,0,0,0,0,0,0,0,0,0,0,0,0,0,0,0,0,0,1,0,0,0,0,0,0,0,0,0,0,1,0,0,1,0,0,1,0,0
0,2.0,0,3.5553480614894135,18.6,215.0,43.0,302620171.70009506,401692649.7980057,0,0,0,0,0,0,1,0,0,0,0,0,0,0,0,0,0,0,0,0,0,0,0,0,0,1,0,0,0,0,0,0,0,0,0,0,1,0,0,0,0,1,0,0,0,1
0,4.0,1,10.950824090522445,82.0,420.0,349.0,494444195.6487344,540817249.0920801,0,0,0,0,0,0,1,0,0,0,0,0,0,0,0,0,0,0,0,0,0,0,0,0,0,0,0,0,0,1,0,0,0,0,0,0,0,1,0,0,1,0,0,1,0,0
0,2.0,0,9.99884318585288,37.2,326.4,134.0,475073128.64481455,395357449.7985634,0,0,0,0,0,0,1,0,0,0,0,0,0,0,0,0,0,0,0,0,0,0,0,0,0,0,1,0,0,0,0,0,0,0,0,0,0,1,0,0,0,1,0,0,0,1
0,0.0,1,0.0,37.2,326.4,134.0,341454958.9479981,355091375.9375507,0,0,0,0,0,0,1,0,0,0,0,0,0,0,0,0,0,0,0,0,0,0,0,0,0,0,1,0,0,0,0,0,0,0,0,0,1,0,0,0,0,1,0,1,0,0
0,2.0,0,9.680406499268875,18.6,215.0,43.0,302591417.70648485,401626229.133799,0,0,0,0,0,0,1,0,0,0,0,0,0,0,0,0,0,0,0,0,0,0,0,0,0,1,0,0,0,0,0,0,0,0,0,0,1,0,0,0,0,1,0,0,0,1
0,1.0,1,10.463131911491967,59.6,381.0,201.0,518055444.1882944,440355910.87398106,0,0,0,0,0,0,1,0,0,0,0,0,0,0,0,0,0,0,0,0,0,0,0,0,0,0,0,1,0,0,0,0,0,0,1,0,0,0,0,0,1,0,0,1,0,0
0,2.0,0,11.156264806643742,37.2,326.4,134.0,474324756.55153906,393901755.5580571,0,0,0,0,0,0,1,0,0,0,0,0,0,0,0,0,0,0,0,0,0,0,0,0,0,0,1,0,0,0,0,0,0,0,0,0,0,1,0,0,1,0,0,1,0,0
1,3.0,1,8.853808274977197,92.0,480.0,402.0,606718356.0636802,458761290.93591803,0,0,0,0,0,0,1,0,0,0,0,0,0,0,0,0,0,0,0,0,0,0,0,0,0,0,0,0,0,0,1,0,0,0,0,0,0,1,0,0,1,0,0,1,0,0
0,0.0,1,0.0,18.6,215.0,43.0,406178970.8756809,335806881.3645784,0,0,0,0,0,0,1,0,0,0,0,0,0,0,0,0,0,0,0,0,0,0,0,0,0,1,0,0,0,0,0,0,0,0,1,0,0,0,0,0,0,1,0,1,0,0
0,0.0,1,0.0,17.0,150.0,41.0,484666533.0259533,308834332.5076333,0,0,0,0,0,0,1,0,0,0,1,0,0,0,0,0,0,0,0,0,0,0,0,0,0,0,0,0,0,0,0,0,0,0,0,1,0,0,0,0,1,0,0,1,0,0
0,0.0,1,0.0,60.1,450.0,204.0,368607726.5961028,477450806.2382401,0,0,0,0,0,0,1,0,0,0,0,0,0,0,1,0,0,0,0,0,0,0,0,0,0,0,0,0,0,0,0,0,0,0,0,0,0,1,0,0,0,1,0,1,0,0
0,2.0,0,11.723648196284437,18.6,215.0,43.0,302648925.6937053,401759070.4622123,0,0,0,0,0,0,1,0,0,0,0,0,0,0,0,0,0,0,0,0,0,0,0,0,0,1,0,0,0,0,0,0,0,0,0,0,1,0,0,0,0,1,0,0,0,1
0,0.0,1,0.0,60.1,450.0,204.0,372291933.601366,482180531.44769955,0,0,0,0,0,0,1,0,0,0,0,0,0,0,1,0,0,0,0,0,0,0,0,0,0,0,0,0,0,0,0,0,0,0,0,1,0,0,0,0,0,1,0,0,0,1
1,3.0,0,10.915106645867503,59.6,381.0,201.0,487443920.331651,423270987.6956104,0,0,0,0,0,0,1,0,0,0,0,0,0,0,0,0,0,0,0,0,0,0,0,0,0,0,0,1,0,0,0,0,0,0,0,0,0,1,0,0,0,1,0,1,0,0
1,2.0,1,6.156978985585555,82.0,420.0,349.0,493475774.59610283,556264365.9641465,0,0,0,0,0,0,1,0,0,0,0,0,0,0,0,0,0,0,0,0,0,0,0,0,0,0,0,0,0,1,0,0,0,0,0,0,0,1,0,0,1,0,0,1,0,0
0,0.0,1,6.156978985585555,82.0,420.0,349.0,484666533.0259533,615933918.9937776,0,0,0,0,0,0,1,0,0,0,0,0,0,0,0,0,0,0,0,0,0,0,0,0,0,0,0,0,0,1,0,0,0,0,0,0,0,1,0,1,0,0,0,1,0,0
0,0.0,0,10.491301994830229,60.1,450.0,204.0,372291931.86452377,482180529.21796983,0,0,0,0,0,0,1,0,0,0,0,0,0,0,1,0,0,0,0,0,0,0,0,0,0,0,0,0,0,0,0,0,0,0,0,0,0,1,0,0,0,1,0,0,0,1
0,0.0,1,0.0,59.6,381.0,201.0,402650279.9670801,498657570.39912754,0,0,0,0,0,0,1,0,0,0,0,0,0,0,0,0,0,0,0,0,0,0,0,0,0,0,0,1,0,0,0,0,0,0,0,0,0,1,0,0,0,1,0,0,0,1
0,3.0,0,11.407576060361786,37.2,326.4,134.0,343087612.0092226,442177611.91246146,0,0,0,0,0,0,1,0,0,0,0,0,0,0,0,0,0,0,0,0,0,0,0,0,0,0,1,0,0,0,0,0,0,0,0,0,1,0,0,0,0,1,0,1,0,0
0,1.0,1,0.0,59.6,381.0,201.0,556100390.2665994,442046586.03923535,0,0,0,0,0,0,1,0,0,0,0,0,0,0,0,0,0,0,0,0,0,0,0,0,0,0,0,1,0,0,0,0,0,0,0,0,0,1,0,0,0,1,0,0,0,1
0,3.0,0,10.596659732783579,60.1,450.0,204.0,372291932.96978706,418719366.1715544,0,0,0,0,0,0,1,0,0,0,0,0,0,0,1,0,0,0,0,0,0,0,0,0,0,0,0,0,0,0,0,0,0,0,0,0,0,1,0,0,0,1,0,0,0,1
0,2.0,1,9.741027444837728,82.0,420.0,349.0,636716680.8564883,559078195.7513804,0,0,0,0,0,0,1,0,0,0,0,0,0,0,0,0,0,0,0,0,0,0,0,0,0,0,0,0,0,1,0,0,0,0,1,0,0,0,0,0,0,0,1,1,0,0
0,2.0,1,10.434145214930487,82.0,420.0,349.0,486699039.71804947,557110110.6449975,0,0,0,0,0,0,1,0,0,0,0,0,0,0,0,0,0,0,0,0,0,0,0,0,0,0,0,0,0,1,0,0,0,0,0,0,0,1,0,0,1,0,0,1,0,0
0,1.0,1,2.0794415416798357,37.2,326.4,134.0,341471285.47861034,477241730.9422134,0,0,0,0,0,0,1,0,0,0,0,0,0,0,0,0,0,0,0,0,0,0,0,0,0,0,1,0,0,0,0,0,0,0,0,0,0,1,0,0,0,1,0,1,0,0
0,3.0,0,3.295836866004329,82.0,420.0,349.0,745817721.3535901,547703581.673616,0,0,0,0,0,0,1,0,0,0,0,0,0,0,0,0,0,0,0,0,0,0,0,0,0,0,0,0,0,1,0,0,0,0,0,0,0,1,0,0,1,0,0,1,0,0
0,1.0,1,0.0,14.7,170.0,27.0,563777688.6839689,470900279.96297663,0,0,0,0,0,0,1,0,0,0,0,0,0,0,0,0,0,0,1,0,0,0,0,0,0,0,0,0,0,0,0,0,0,0,0,1,0,0,0,0,1,0,0,1,0,0
1,2.0,0,7.313886831633462,18.6,215.0,43.0,302035507.16335386,400342096.29247063,0,0,0,0,0,0,0,1,0,0,0,0,0,0,0,0,0,0,0,0,0,0,0,0,0,1,0,0,0,0,0,0,0,0,0,0,0,1,0,0,1,0,0,1,0,0
0,1.0,1,0.0,75.3,450.0,201.0,484501637.8915105,562991965.7316537,0,0,0,0,0,0,1,0,0,0,0,0,0,0,0,0,0,0,0,0,0,0,0,0,0,0,0,0,1,0,0,0,0,0,0,0,0,1,0,0,1,0,0,1,0,0
0,0.0,1,0.0,37.2,326.4,134.0,473546014.6860293,353793503.5971252,0,0,0,0,0,0,1,0,0,0,0,0,0,0,0,0,0,0,0,0,0,0,0,0,0,0,1,0,0,0,0,0,0,0,0,1,0,0,0,0,1,0,0,1,0,0
0,0.0,1,0.0,59.6,381.0,201.0,486452184.7944609,493446391.7096866,0,0,0,0,0,0,1,0,0,0,0,0,0,0,0,0,0,0,0,0,0,0,0,0,0,0,0,1,0,0,0,0,0,0,0,0,0,1,0,0,1,0,0,0,1,0
0,1.0,1,0.0,75.3,450.0,201.0,613952694.7407442,556243499.4739848,0,0,0,0,0,0,1,0,0,0,0,0,0,0,0,0,0,0,0,0,0,0,0,0,0,0,0,0,1,0,0,0,0,0,0,0,0,1,0,1,0,0,0,0,1,0
0,3.0,0,10.757924157061597,82.0,420.0,349.0,483781475.41566586,548119442.4086257,0,0,0,0,0,0,1,0,0,0,0,0,0,0,0,0,0,0,0,0,0,0,0,0,0,0,0,0,0,1,0,0,0,0,0,0,0,1,0,0,0,1,0,0,0,1
0,0.0,1,0.0,92.0,480.0,402.0,517743537.5584256,846290673.8718361,0,0,0,0,0,0,1,0,0,0,0,0,0,0,0,0,0,0,0,0,0,0,0,0,0,0,0,0,0,0,1,0,0,0,0,0,0,1,0,1,0,0,0,1,0,0
0,1.0,1,0.0,37.2,326.4,134.0,474483107.9615174,477841079.4764154,0,0,0,0,0,0,1,0,0,0,0,0,0,0,0,0,0,0,0,0,0,0,0,0,0,0,1,0,0,0,0,0,0,0,1,0,0,0,0,0,0,0,1,1,0,0
0,1.0,1,0.0,92.0,480.0,402.0,570027173.2321951,664706775.677432,0,0,0,0,0,0,1,0,0,0,0,0,0,0,0,0,0,0,0,0,0,0,0,0,0,0,0,0,0,0,1,0,0,0,0,0,0,1,0,0,1,0,0,1,0,0
0,3.0,0,10.799595985047786,82.0,420.0,349.0,497681035.8118923,549144586.762591,0,0,0,0,0,0,1,0,0,0,0,0,0,0,0,0,0,0,0,0,0,0,0,0,0,0,0,0,0,1,0,0,0,0,0,0,0,1,0,0,0,1,0,0,0,1
0,3.0,1,9.90353755128617,92.0,480.0,402.0,566532667.7376897,453570501.4622338,0,0,0,0,0,0,1,0,0,0,0,0,0,0,0,0,0,0,0,0,0,0,0,0,0,0,0,0,0,0,1,0,0,0,0,0,0,1,0,1,0,0,0,1,0,0
0,3.0,0,8.294299608857235,59.6,381.0,201.0,806133266.5129766,855026613.2103812,0,0,0,1,0,0,0,0,0,0,0,1,0,0,0,0,0,0,0,0,0,0,0,0,0,0,0,0,0,0,0,0,0,0,0,0,0,1,0,1,0,0,0,1,0,0
0,0.0,1,0.0,59.6,381.0,201.0,417597851.5044747,484666533.0259533,0,0,0,0,0,0,1,0,0,0,0,0,0,0,0,0,0,0,0,0,0,0,0,0,0,0,0,0,0,0,0,1,0,0,0,0,1,0,0,0,0,1,0,1,0,0
0,1.0,1,0.0,18.6,215.0,43.0,644863861.1123649,394464314.4680454,0,0,0,0,0,0,1,0,0,0,0,0,0,0,0,0,0,0,0,0,0,0,0,0,0,1,0,0,0,0,0,0,0,0,1,0,0,0,0,0,0,0,1,1,0,0
0,1.0,1,0.0,59.6,381.0,201.0,487113341.8192543,439169470.196015,0,0,0,0,0,0,1,0,0,0,0,0,0,0,0,0,0,0,0,0,0,0,0,0,0,0,0,1,0,0,0,0,0,0,0,1,0,0,0,0,1,0,0,1,0,0
0,0.0,1,0.0,18.6,215.0,43.0,302966816.6138331,337359952.40368456,0,0,0,0,0,0,1,0,0,0,0,0,0,0,0,0,0,0,0,0,0,0,0,0,0,1,0,0,0,0,0,0,0,0,0,0,0,1,0,0,0,1,0,0,0,1
0,0.0,1,0.0,75.3,450.0,201.0,575425851.6810851,587428492.8005462,0,0,0,0,0,0,1,0,0,0,0,0,0,0,0,0,0,0,0,0,0,0,0,0,0,0,0,0,1,0,0,0,0,0,0,0,0,1,0,0,0,1,0,0,0,1
0,0.0,0,9.90353755128617,82.0,420.0,349.0,473681729.1728409,616891902.1870549,0,0,0,0,0,0,1,0,0,0,0,0,0,0,0,0,0,0,0,0,0,0,0,0,0,0,0,0,0,1,0,0,0,0,0,0,1,0,0,0,0,1,0,0,0,1
0,1.0,1,10.463131911491967,37.2,326.4,134.0,474498292.3432962,477863880.779347,0,0,0,0,0,0,1,0,0,0,0,0,0,0,0,0,0,0,0,0,0,0,0,0,0,0,1,0,0,0,0,0,0,0,0,1,0,0,0,0,1,0,0,1,0,0
1,2.0,0,9.852246888342531,37.2,326.4,134.0,366711155.2173022,395357449.9884369,0,0,0,0,0,0,1,0,0,0,0,0,0,0,0,0,0,0,0,0,0,0,0,0,0,0,1,0,0,0,0,0,0,0,0,0,0,1,0,0,0,1,0,0,0,1
0,1.0,0,10.915106645867503,37.2,326.4,134.0,474207619.8921031,477427398.69465643,0,0,0,0,0,0,1,0,0,0,0,0,0,0,0,0,0,0,0,0,0,0,0,0,0,0,1,0,0,0,0,0,0,0,0,0,1,0,0,0,0,1,0,1,0,0
0,3.0,1,10.596659732783579,82.0,420.0,349.0,743875247.4249052,548218088.443442,0,0,0,0,0,0,1,0,0,0,0,0,0,0,0,0,0,0,0,0,0,0,0,0,0,0,0,0,0,1,0,0,0,0,0,0,0,1,0,0,1,0,0,1,0,0
0,1.0,0,9.210440366976517,59.6,381.0,201.0,488807556.69528735,440906758.33160824,0,0,0,0,0,0,1,0,0,0,0,0,0,0,0,0,0,0,0,0,0,0,0,0,0,0,0,1,0,0,0,0,0,0,1,0,0,0,0,0,0,0,1,1,0,0
0,1.0,1,0.0,75.3,450.0,201.0,484006688.39656097,562691352.2347211,0,0,0,0,0,0,1,0,0,0,0,0,0,0,0,0,0,0,0,0,0,0,0,0,0,0,0,0,1,0,0,0,0,0,0,0,0,1,0,0,1,0,0,1,0,0
0,0.0,1,0.0,59.6,381.0,201.0,402650277.4115245,498657568.1134133,0,0,0,0,0,0,1,0,0,0,0,0,0,0,0,0,0,0,0,0,0,0,0,0,0,0,0,1,0,0,0,0,0,0,0,0,0,1,0,0,0,1,0,0,0,1
0,1.0,1,0.0,18.6,215.0,43.0,1045761809.3042524,394406174.9331617,0,0,0,0,0,0,1,0,0,0,0,0,0,0,0,0,0,0,0,0,0,0,0,0,0,1,0,0,0,0,0,0,0,0,0,1,0,0,0,0,1,0,0,1,0,0
0,0.0,1,0.0,59.6,381.0,201.0,361590725.8103813,419045019.42703134,0,0,0,0,0,0,1,0,0,1,0,0,0,0,0,0,0,0,0,0,0,0,0,0,0,0,0,0,0,0,0,0,0,0,0,1,0,0,0,0,0,1,0,1,0,0
0,0.0,1,0.0,60.1,450.0,204.0,368791937.12241864,477687292.7247266,0,0,0,0,0,0,1,0,0,0,0,0,0,0,1,0,0,0,0,0,0,0,0,0,0,0,0,0,0,0,0,0,0,0,0,0,1,0,0,0,0,1,0,1,0,0
0,3.0,1,0.0,59.6,381.0,201.0,487026564.9597502,420114737.6956104,0,0,0,0,0,0,1,0,0,0,0,0,0,0,0,0,0,0,0,0,0,0,0,0,0,0,0,1,0,0,0,0,0,0,0,1,0,0,0,0,1,0,0,1,0,0
0,2.0,0,9.741027444837728,37.2,326.4,134.0,474272695.814012,393800489.7352723,0,0,0,0,0,0,1,0,0,0,0,0,0,0,0,0,0,0,0,0,0,0,0,0,0,0,1,0,0,0,0,0,0,0,0,0,1,0,0,0,0,1,0,0,0,1
1,3.0,0,10.308985993422082,37.2,326.4,134.0,343332508.3969777,442956827.6916822,0,0,0,0,0,0,1,0,0,0,0,0,0,0,0,0,0,0,0,0,0,0,0,0,0,0,1,0,0,0,0,0,0,0,0,0,0,1,0,0,0,1,0,0,0,1
0,2.0,1,9.305741456739435,37.2,326.4,134.0,475073129.44091004,395357451.34708667,0,0,0,0,0,0,1,0,0,0,0,0,0,0,0,0,0,0,0,0,0,0,0,0,0,0,1,0,0,0,0,0,0,0,0,0,0,1,0,0,0,1,0,0,0,1
1,2.0,0,9.105090961257085,18.6,215.0,43.0,302334229.2080823,401032133.1928396,0,0,0,0,0,0,1,0,0,0,0,0,0,0,0,0,0,0,0,0,0,0,0,0,0,1,0,0,0,0,0,0,0,0,0,0,0,1,0,0,1,0,0,1,0,0
1,2.0,0,9.798182590890704,18.6,215.0,43.0,302966815.9972197,402493385.33306104,0,0,0,0,0,0,1,0,0,0,0,0,0,0,0,0,0,0,0,0,0,0,0,0,0,1,0,0,0,0,0,0,0,0,0,0,0,1,0,0,0,1,0,0,0,1
0,3.0,0,11.04075949955981,82.0,420.0,349.0,494017879.85926074,547798359.2364788,0,0,0,0,0,0,1,0,0,0,0,0,0,0,0,0,0,0,0,0,0,0,0,0,0,0,0,0,0,1,0,0,0,0,0,0,0,1,0,0,0,1,0,1,0,0
0,0.0,1,0.0,37.2,326.4,134.0,340291693.6418757,353575418.4907422,0,0,0,0,0,0,1,0,0,0,0,0,0,0,0,0,0,0,0,0,0,0,0,0,0,0,1,0,0,0,0,0,0,0,0,0,0,1,0,0,1,0,0,1,0,0
1,4.0,0,10.799595985047786,42.0,318.6,147.0,507222151.0216277,507222151.0216277,0,0,0,0,0,0,1,0,0,0,0,0,0,0,0,0,0,0,0,1,0,0,0,0,0,0,0,0,0,0,0,0,0,0,0,0,0,1,0,0,0,1,0,0,0,1
0,1.0,1,0.0,82.0,420.0,349.0,473451337.0159781,659614919.8061639,0,0,0,0,0,0,1,0,0,0,0,0,0,0,0,0,0,0,0,0,0,0,0,0,0,0,0,0,0,1,0,0,0,0,0,0,1,0,0,0,0,1,0,1,0,0
0,3.0,0,9.680406499268875,92.0,480.0,402.0,604349935.0110486,456984975.1464443,0,0,0,0,0,0,1,0,0,0,0,0,0,0,0,0,0,0,0,0,0,0,0,0,0,0,0,0,0,0,1,0,0,0,0,0,0,1,0,0,1,0,0,1,0,0
0,2.0,0,9.61587214452889,18.6,215.0,43.0,302623366.588274,401700029.8718064,0,0,0,0,0,0,1,0,0,0,0,0,0,0,0,0,0,0,0,0,0,0,0,0,0,1,0,0,0,0,0,0,0,0,0,0,1,0,0,0,0,1,0,0,0,1
0,3.0,0,8.412054873292933,82.0,420.0,349.0,497681034.1750502,549144586.1610435,0,0,0,0,0,0,1,0,0,0,0,0,0,0,0,0,0,0,0,0,0,0,0,0,0,0,0,0,0,1,0,0,0,0,0,0,0,1,0,0,0,1,0,0,0,1
1,0.0,1,0.0,60.1,450.0,204.0,484666533.0259533,477423779.2112131,0,0,0,0,0,0,1,0,0,0,0,0,0,0,1,0,0,0,0,0,0,0,0,0,0,0,0,0,0,0,0,0,0,0,0,1,0,0,0,0,0,1,0,1,0,0
0,1.0,0,8.517393171418904,60.1,450.0,204.0,369081410.80662906,456352285.7757503,0,0,0,0,0,0,1,0,0,0,0,0,0,0,1,0,0,0,0,0,0,0,0,0,0,0,0,0,0,0,0,0,0,0,0,0,0,1,0,0,1,0,0,1,0,0
0,0.0,1,0.0,59.6,381.0,201.0,484666533.0259533,484666533.0259533,0,0,0,1,0,0,0,0,0,0,0,0,0,0,0,0,0,0,0,1,0,0,0,0,0,0,0,0,0,0,0,0,0,0,0,0,1,0,0,0,0,1,0,0,1,0
0,3.0,0,10.799595985047786,82.0,420.0,349.0,494107353.5434712,547831241.2480842,0,0,0,0,0,0,1,0,0,0,0,0,0,0,0,0,0,0,0,0,0,0,0,0,0,0,0,0,0,1,0,0,0,0,0,0,0,1,0,0,0,1,0,1,0,0
1,2.0,0,9.798182590890704,18.6,215.0,43.0,302607392.1473794,401663129.5028027,0,0,0,0,0,0,1,0,0,0,0,0,0,0,0,0,0,0,0,0,0,0,0,0,0,1,0,0,0,0,0,0,0,0,0,0,1,0,0,0,0,1,0,0,0,1
0,2.0,1,0.0,18.6,215.0,43.0,643081252.4167126,400172354.5950536,0,0,0,0,0,0,1,0,0,0,0,0,0,0,0,0,0,0,0,0,0,0,0,0,0,1,0,0,0,0,0,0,0,0,0,0,0,1,0,0,1,0,0,1,0,0
0,0.0,1,0.0,59.6,381.0,201.0,512731064.2022897,527111389.23183453,0,0,0,0,0,0,1,0,0,0,0,0,0,0,0,0,1,0,0,0,0,0,0,0,0,0,0,0,0,0,0,0,0,0,0,1,0,0,0,0,0,1,0,1,0,0
0,2.0,1,10.308985993422082,59.6,381.0,201.0,487336482.31512207,450167933.26313424,0,0,0,0,0,0,1,0,0,0,0,0,0,0,0,0,0,0,0,0,0,0,0,0,0,0,0,1,0,0,0,0,0,0,0,0,0,1,0,0,1,0,0,1,0,0
0,1.0,1,11.0186455364637,37.2,326.4,134.0,411031786.7266444,477880167.4242981,0,0,0,0,0,0,1,0,0,0,0,0,0,0,0,0,0,0,0,0,0,0,0,0,0,0,1,0,0,0,0,0,0,0,1,0,0,0,0,0,0,0,1,1,0,0
0,3.0,0,9.680406499268875,59.6,381.0,201.0,402650274.6337468,441989706.4768604,0,0,0,0,0,0,1,0,0,0,0,0,0,0,0,0,0,0,0,0,0,0,0,0,0,0,0,1,0,0,0,0,0,0,0,0,0,1,0,0,0,1,0,0,0,1
0,2.0,0,11.141876276228,82.0,420.0,349.0,742979541.9034328,557189897.87904,0,0,0,0,0,0,1,0,0,0,0,0,0,0,0,0,0,0,0,0,0,0,0,0,0,0,0,0,0,1,0,0,0,0,0,0,0,1,0,0,1,0,0,1,0,0
1,2.0,0,0.6931471805599453,18.6,215.0,43.0,302575443.2655903,401589328.76479536,0,0,0,0,0,0,1,0,0,0,0,0,0,0,0,0,0,0,0,0,0,0,0,0,0,1,0,0,0,0,0,0,0,0,0,0,0,1,0,0,0,1,0,1,0,0
0,3.0,0,10.596659732783579,59.6,381.0,201.0,487315821.15809727,422302237.6956104,0,0,0,0,0,0,1,0,0,0,0,0,0,0,0,0,0,0,0,0,0,0,0,0,0,0,0,1,0,0,0,0,0,0,0,0,0,1,0,1,0,0,0,1,0,0
0,1.0,0,8.476579508530941,18.6,215.0,43.0,301898126.97166055,393513151.6773477,0,0,0,0,0,0,0,1,0,0,0,0,0,0,0,0,0,0,0,0,0,0,0,0,0,1,0,0,0,0,0,0,0,0,0,0,0,1,0,1,0,0,0,1,0,0
0,1.0,1,0.0,82.0,420.0,349.0,493975774.59610283,661409312.3295283,0,0,0,0,0,0,1,0,0,0,0,0,0,0,0,0,0,0,0,0,0,0,0,0,0,0,0,0,0,1,0,0,0,0,0,1,0,0,0,0,1,0,0,1,0,0
0,0.0,1,0.0,60.1,450.0,204.0,501151393.6599575,477626481.9139158,0,0,0,0,0,0,1,0,0,0,0,0,0,0,1,0,0,0,0,0,0,0,0,0,0,0,0,0,0,0,0,0,0,0,0,0,0,1,0,0,0,1,0,1,0,0
0,0.0,0,7.438971592395862,59.6,381.0,201.0,487241440.992808,494632727.1134133,0,0,0,0,0,0,1,0,0,0,0,0,0,0,0,0,0,0,0,0,0,0,0,0,0,0,0,1,0,0,0,0,0,0,0,0,1,0,0,0,0,1,0,1,0,0
0,0.0,1,0.0,18.6,215.0,43.0,302966815.9828427,337359950.19698066,0,0,0,0,0,0,1,0,0,0,0,0,0,0,0,0,0,0,0,0,0,0,0,0,0,1,0,0,0,0,0,0,0,0,0,0,0,1,0,0,0,1,0,0,0,1
0,0.0,1,0.0,82.0,420.0,349.0,473519964.4669585,616614591.2626851,0,0,0,0,0,0,1,0,0,0,0,0,0,0,0,0,0,0,0,0,0,0,0,0,0,0,0,0,0,1,0,0,0,0,0,0,0,1,0,0,0,1,0,1,0,0
0,3.0,0,10.915106645867503,82.0,420.0,349.0,518190380.7328238,547713252.8535,0,0,0,0,0,0,1,0,0,0,0,0,0,0,0,0,0,0,0,0,0,0,0,0,0,0,0,0,0,1,0,0,0,0,0,0,0,1,0,1,0,0,0,1,0,0
0,0.0,1,0.0,82.0,420.0,349.0,496191564.069787,621648204.7080634,0,0,0,0,0,0,1,0,0,0,0,0,0,0,0,0,0,0,0,0,0,0,0,0,0,0,0,0,0,1,0,0,0,0,1,0,0,0,0,0,0,0,1,1,0,0
1,2.0,1,10.12667110305036,75.3,450.0,201.0,625640194.7407442,398242207.5651991,0,0,0,0,0,0,1,0,0,0,0,0,0,0,0,0,0,0,0,0,0,0,0,0,0,0,0,0,1,0,0,0,0,0,0,0,0,1,0,0,1,0,0,1,0,0
0,4.0,1,11.385103457032141,82.0,420.0,349.0,476495454.66303694,543178360.2031913,0,0,0,0,0,0,1,0,0,0,0,0,0,0,0,0,0,0,0,0,0,0,0,0,0,0,0,0,0,1,0,0,0,0,1,0,0,0,0,0,0,0,1,1,0,0
1,3.0,0,10.795506083434564,82.0,420.0,349.0,483131793.8870034,547922150.3389933,0,0,0,0,0,0,1,0,0,0,0,0,0,0,0,0,0,0,0,0,0,0,0,0,0,0,0,0,0,1,0,0,0,0,0,0,0,1,0,0,0,1,0,1,0,0
0,0.0,1,0.0,37.2,326.4,134.0,427811555.3591101,355250950.40563583,0,0,0,0,0,0,1,0,0,0,0,0,0,0,0,0,0,0,0,0,0,0,0,0,0,0,1,0,0,0,0,0,0,0,0,0,0,1,0,0,0,1,0,1,0,0
0,3.0,1,10.239995502805316,82.0,420.0,349.0,744028621.658034,548266444.3428618,0,0,0,0,0,0,1,0,0,0,0,0,0,0,0,0,0,0,0,0,0,0,0,0,0,0,0,0,0,1,0,0,0,0,0,0,0,1,0,0,1,0,0,1,0,0
0,0.0,0,9.90353755128617,37.2,326.4,134.0,449696848.2054121,355123290.83116764,0,0,0,0,0,0,1,0,0,0,0,0,0,0,0,0,0,0,0,0,0,0,0,0,0,0,1,0,0,0,0,0,0,0,0,0,0,1,0,0,0,1,0,0,0,1
0,2.0,0,7.00397413672268,37.2,326.4,134.0,475073126.8769187,395357446.3597449,0,0,0,0,0,0,1,0,0,0,0,0,0,0,0,0,0,0,0,0,0,0,0,0,0,0,1,0,0,0,0,0,0,0,0,0,0,1,0,0,0,1,0,0,0,1
0,3.0,0,10.819798284210286,59.6,381.0,201.0,419235782.5389575,490479153.1412208,0,0,0,0,0,0,1,0,0,0,0,0,0,0,0,0,0,0,0,0,0,0,0,0,0,0,0,0,0,0,0,1,0,0,1,0,0,0,0,0,0,0,1,1,0,0
0,1.0,1,0.0,18.6,215.0,43.0,302535507.1633539,394441058.6540919,0,0,0,0,0,0,1,0,0,0,0,0,0,0,0,0,0,0,0,0,0,0,0,0,0,1,0,0,0,0,0,0,0,0,0,0,0,1,0,0,0,1,0,1,0,0
0,1.0,0,7.972810784121404,18.6,215.0,43.0,427283442.6129767,395068965.0680454,0,0,0,0,0,0,1,0,0,0,0,0,0,0,0,0,0,0,0,0,0,0,0,0,0,1,0,0,0,0,0,0,0,0,0,0,0,1,0,0,0,1,0,0,0,1
0,2.0,1,9.741027444837728,75.3,450.0,201.0,507119301.34499574,405255906.19533604,0,0,0,0,0,0,1,0,0,0,0,0,0,0,0,0,0,0,0,0,0,0,0,0,0,0,0,0,1,0,0,0,0,0,1,0,0,0,0,0,0,0,1,1,0,0
0,1.0,1,0.0,60.1,450.0,204.0,484666533.0259533,455968724.1319146,0,0,0,0,0,0,1,0,0,0,0,0,0,0,1,0,0,0,0,0,0,0,0,0,0,0,0,0,0,0,0,0,0,0,0,0,0,1,0,0,0,1,0,1,0,0
0,0.0,1,0.0,59.6,381.0,201.0,578689725.3093843,578689725.3093843,0,0,0,0,0,0,1,0,0,0,0,0,0,0,0,0,0,0,0,1,0,0,0,0,0,0,0,0,0,0,0,0,0,0,0,0,0,1,0,0,0,1,0,1,0,0
0,1.0,0,10.933124826700707,59.6,381.0,201.0,484666533.0259533,484666533.0259533,0,0,0,0,1,0,0,0,0,0,0,0,0,0,0,0,0,0,0,1,0,0,0,0,0,0,0,0,0,0,0,0,0,0,0,0,0,1,0,1,0,0,0,1,0,0
1,2.0,1,8.699681400989514,37.2,326.4,134.0,474181589.5233395,393623274.5453989,0,0,0,0,0,0,1,0,0,0,0,0,0,0,0,0,0,0,0,0,0,0,0,0,0,0,1,0,0,0,0,0,0,0,0,0,0,1,0,0,1,0,0,1,0,0
0,2.0,0,9.472781556562168,75.3,450.0,201.0,502323005.04869944,398160015.78437716,0,0,0,0,0,0,1,0,0,0,0,0,0,0,0,0,0,0,0,0,0,0,0,0,0,0,0,0,1,0,0,0,0,0,0,0,0,1,0,0,0,1,0,0,1,0
0,2.0,1,8.699681400989514,75.3,450.0,201.0,646827913.8793399,399913440.4419114,0,0,0,0,0,0,1,0,0,0,0,0,0,0,0,0,0,0,0,0,0,0,0,0,0,0,0,0,1,0,0,0,0,0,0,0,0,1,0,0,1,0,0,1,0,0
0,0.0,1,0.0,37.2,326.4,134.0,474927793.42789483,357181801.4694656,0,0,0,0,0,0,1,0,0,0,0,0,0,0,0,0,0,0,0,0,0,0,0,0,0,0,1,0,0,0,0,0,0,0,0,0,0,1,0,0,0,1,0,1,0,0
0,4.0,0,10.308985993422082,42.0,318.6,147.0,330803869.2227333,421344700.66583747,0,0,0,0,0,0,1,0,0,0,0,0,0,0,0,0,0,0,0,0,0,0,0,0,1,0,0,0,0,0,0,0,0,0,0,0,0,1,0,0,0,1,0,0,0,1
0,4.0,1,9.305741456739435,59.6,381.0,201.0,533703629.45886296,556354083.1412208,0,0,0,1,0,0,0,0,0,0,0,1,0,0,0,0,0,0,0,0,0,0,0,0,0,0,0,0,0,0,0,0,0,0,0,0,0,1,0,1,0,0,0,1,0,0
0,1.0,0,10.819798284210286,18.6,215.0,43.0,643028112.3200943,393580593.5378128,0,0,0,0,0,0,1,0,0,0,0,0,0,0,0,0,0,0,0,0,0,0,0,0,0,1,0,0,0,0,0,0,0,0,0,0,0,1,0,1,0,0,0,1,0,0
0,1.0,0,9.741027444837728,18.6,215.0,43.0,302966816.02916855,395068964.1192082,0,0,0,0,0,0,1,0,0,0,0,0,0,0,0,0,0,0,0,0,0,0,0,0,0,1,0,0,0,0,0,0,0,0,0,1,0,0,0,0,0,1,0,0,0,1
0,0.0,1,0.0,37.2,326.4,134.0,341414142.6214675,355038184.448189,0,0,0,0,0,0,1,0,0,0,0,0,0,0,0,0,0,0,0,0,0,0,0,0,0,0,1,0,0,0,0,0,0,0,0,0,1,0,0,0,0,1,0,1,0,0
0,3.0,1,10.917902682403483,82.0,420.0,349.0,497681033.9592607,549144586.0817399,0,0,0,0,0,0,1,0,0,0,0,0,0,0,0,0,0,0,0,0,0,0,0,0,0,0,0,0,0,1,0,0,0,0,0,0,0,1,0,0,0,1,0,0,0,1
0,3.0,0,10.308985993422082,82.0,420.0,349.0,583486201.0524806,549144586.1030165,0,0,0,0,0,0,1,0,0,0,0,0,0,0,0,0,0,0,0,0,0,0,0,0,0,0,0,0,0,1,0,0,0,0,0,0,0,1,0,0,0,1,0,0,0,1
0,2.0,0,10.404293143019792,37.2,326.4,134.0,473667489.7402593,392623274.5453989,0,0,0,0,0,0,1,0,0,0,0,0,0,0,0,0,0,0,0,0,0,0,0,0,0,0,1,0,0,0,0,0,0,0,0,0,0,1,0,0,1,0,0,1,0,0
0,1.0,0,8.853808274977197,59.6,381.0,201.0,385583441.71297663,442046586.0858455,0,0,0,0,0,0,1,0,0,0,0,0,0,0,0,0,0,0,0,0,0,0,0,0,0,0,0,1,0,0,0,0,0,0,0,0,0,1,0,0,0,1,0,0,0,1
0,0.0,1,0.0,17.0,150.0,41.0,305006862.31434697,322334332.5076333,0,0,0,0,0,0,1,0,0,0,1,0,0,0,0,0,0,0,0,0,0,0,0,0,0,0,0,0,0,0,0,0,0,0,0,1,0,0,0,0,0,1,0,1,0,0
0,3.0,1,0.0,37.2,326.4,134.0,473407186.0526237,432982806.71765625,0,0,0,0,0,0,1,0,0,0,0,0,0,0,0,0,0,0,0,0,0,0,0,0,0,0,1,0,0,0,0,0,0,0,0,0,0,1,0,0,1,0,0,1,0,0
0,0.0,1,0.0,60.1,450.0,204.0,371765621.3329449,481504860.29229414,0,0,0,0,0,0,1,0,0,0,0,0,0,0,1,0,0,0,0,0,0,0,0,0,0,0,0,0,0,0,0,0,0,0,0,1,0,0,0,0,0,1,0,1,0,0
0,1.0,1,0.0,18.6,215.0,43.0,639409754.8321717,391838733.07269657,0,0,0,0,0,0,1,0,0,0,0,0,0,0,0,0,0,0,0,0,0,0,0,0,0,1,0,0,0,0,0,0,0,0,0,0,0,1,0,1,0,0,0,1,0,0
0,0.0,1,0.0,92.0,480.0,402.0,599656952.5549083,842672252.8192044,0,0,0,0,0,0,1,0,0,0,0,0,0,0,0,0,0,0,0,0,0,0,0,0,0,0,0,0,0,0,1,0,0,0,0,0,0,1,0,0,0,1,0,1,0,0
0,4.0,1,0.0,59.6,381.0,201.0,484666533.0259533,484666533.0259533,0,0,0,0,1,0,0,0,0,0,0,0,0,0,0,0,0,0,0,1,0,0,0,0,0,0,0,0,0,0,0,0,0,0,0,0,0,1,0,0,1,0,0,1,0,0
0,2.0,0,11.608244735642321,37.2,326.0,136.0,363084279.45998496,422222208.2716277,0,0,0,0,0,0,1,0,0,0,0,0,1,0,0,0,0,0,0,0,0,0,0,0,0,0,0,0,0,0,0,0,0,0,0,0,0,1,0,1,0,0,0,1,0,0
1,1.0,1,8.987321812850125,18.6,215.0,43.0,642409754.8321717,393282919.1192082,0,0,0,0,0,0,1,0,0,0,0,0,0,0,0,0,0,0,0,0,0,0,0,0,0,1,0,0,0,0,0,0,0,0,0,0,0,1,0,0,1,0,0,1,0,0
0,0.0,1,0.0,75.3,450.0,201.0,483117799.5076721,580676205.4427481,0,0,0,0,0,0,1,0,0,0,0,0,0,0,0,0,0,0,0,0,0,0,0,0,0,0,0,0,1,0,0,0,0,0,0,0,0,1,0,0,0,1,0,1,0,0
0,2.0,0,11.608244735642321,59.6,381.0,201.0,402650277.0920801,454252896.3677094,0,0,0,0,0,0,1,0,0,0,0,0,0,0,0,0,0,0,0,0,0,0,0,0,0,0,0,1,0,0,0,0,0,0,0,0,0,1,0,0,0,1,0,0,0,1
0,3.0,1,0.0,82.0,420.0,349.0,746130221.3535901,547780951.1126877,0,0,0,0,0,0,1,0,0,0,0,0,0,0,0,0,0,0,0,0,0,0,0,0,0,0,0,0,0,1,0,0,0,0,0,1,0,0,0,0,1,0,0,1,0,0
1,1.0,0,10.799595985047786,18.6,215.0,43.0,302575443.2655903,394499198.18897563,0,0,0,0,0,0,1,0,0,0,0,0,0,0,0,0,0,0,0,0,0,0,0,0,0,1,0,0,0,0,0,0,0,1,0,0,0,0,0,0,0,1,0,1,0,0
0,1.0,1,9.305741456739435,59.6,381.0,201.0,548855113.4835806,438792351.5519472,0,0,0,0,0,0,1,0,0,0,0,0,0,0,0,0,0,0,0,0,0,0,0,0,0,0,0,1,0,0,0,0,0,0,0,0,0,1,0,0,1,0,0,1,0,0
0,3.0,0,11.002116507732017,82.0,420.0,349.0,498787757.29632115,547790622.2925717,0,0,0,0,0,0,1,0,0,0,0,0,0,0,0,0,0,0,0,0,0,0,0,0,0,0,0,0,0,1,0,0,0,0,0,0,0,1,0,0,0,1,0,1,0,0
1,2.0,0,9.472781556562168,75.3,450.0,201.0,509452627.50240314,408707950.3734183,0,0,0,0,0,0,1,0,0,0,0,0,0,0,0,0,0,0,0,0,0,0,0,0,0,0,0,0,1,0,0,0,0,0,0,0,0,1,0,0,0,1,0,0,0,1
0,1.0,0,6.90875477931522,75.3,450.0,201.0,635190185.6782442,566666807.9095677,0,0,0,0,0,0,1,0,0,0,0,0,0,0,0,0,0,0,0,0,0,0,0,0,0,0,0,0,1,0,0,0,0,0,0,0,0,1,0,0,0,1,0,0,0,1
0,3.0,1,10.373522431293592,37.2,326.4,134.0,474483107.9615174,439424365.15921474,0,0,0,0,0,0,0,1,0,0,0,0,0,0,0,0,0,0,0,0,0,0,0,0,0,0,1,0,0,0,0,0,0,0,1,0,0,0,0,0,0,0,1,1,0,0
1,2.0,0,9.210440366976517,18.6,215.0,43.0,302966816.7192644,402493387.0009577,0,0,0,0,0,0,1,0,0,0,0,0,0,0,0,0,0,0,0,0,0,0,0,0,0,1,0,0,0,0,0,0,0,0,0,0,0,1,0,0,0,1,0,0,0,1
0,0.0,1,0.0,82.0,420.0,349.0,484666533.0259533,618396103.8677272,0,0,0,0,0,0,1,0,0,0,0,0,0,0,0,0,0,0,0,0,0,0,0,0,0,0,0,0,0,1,0,0,0,0,0,0,0,1,0,0,1,0,0,1,0,0
0,0.0,1,0.0,60.1,450.0,204.0,372291934.7329449,482180532.90040225,0,0,0,0,0,0,1,0,0,0,0,0,0,0,1,0,0,0,0,0,0,0,0,0,0,0,0,0,0,0,0,0,0,0,0,0,0,1,0,0,0,1,0,0,0,1
0,2.0,1,9.680406499268875,18.6,215.0,43.0,643709271.7403842,400652059.3921016,0,0,0,0,0,0,1,0,0,0,0,0,0,0,0,0,0,0,0,0,0,0,0,0,0,1,0,0,0,0,0,0,0,0,1,0,0,0,0,0,0,0,1,0,1,0
0,2.0,0,10.714439990727769,82.0,420.0,349.0,742642118.5905493,556897344.6875508,0,0,0,0,0,0,1,0,0,0,0,0,0,0,0,0,0,0,0,0,0,0,0,0,0,0,0,0,0,1,0,0,0,0,0,0,0,1,0,0,1,0,0,1,0,0
0,1.0,0,7.937731775260109,92.0,480.0,402.0,566582118.2871404,659347801.3184576,0,0,0,0,0,0,1,0,0,0,0,0,0,0,0,0,0,0,0,0,0,0,0,0,0,0,0,0,0,0,1,0,0,0,0,0,1,0,0,0,0,1,0,1,0,0
1,1.0,1,0.0,75.3,450.0,201.0,537259222.6810851,562452088.43104,0,0,0,0,0,0,1,0,0,0,0,0,0,0,0,0,0,0,0,0,0,0,0,0,0,0,0,0,1,0,0,0,0,0,0,0,1,0,0,0,0,1,0,1,0,0
0,3.0,0,8.31898612539206,82.0,420.0,349.0,477843490.98656636,549144586.3351249,0,0,0,0,0,0,1,0,0,0,0,0,0,0,0,0,0,0,0,0,0,0,0,0,0,0,0,0,0,1,0,0,0,0,0,0,0,1,0,0,0,1,0,0,0,1
0,0.0,1,0.0,59.6,381.0,201.0,481882071.3312895,393031729.82188255,0,0,0,0,0,0,1,0,0,0,0,0,0,0,0,0,0,0,0,0,0,1,0,0,0,0,0,0,0,0,0,0,0,0,0,0,0,1,0,0,1,0,0,1,0,0
0,3.0,1,10.491301994830229,82.0,420.0,349.0,744181995.8911628,548314800.2422814,0,0,0,0,0,0,1,0,0,0,0,0,0,0,0,0,0,0,0,0,0,0,0,0,0,0,0,0,0,1,0,0,0,0,0,0,0,1,0,0,1,0,0,1,0,0
1,4.0,0,11.669937760751914,59.6,381.0,201.0,403205137.17381024,476515030.0235939,0,0,0,0,0,0,1,0,0,0,0,0,0,0,0,0,0,0,0,1,0,0,0,0,0,0,0,0,0,0,0,0,0,0,0,0,1,0,0,0,0,1,0,1,0,0
0,0.0,1,0.0,92.0,480.0,402.0,610577999.1338556,859053822.6876255,0,0,0,0,0,0,1,0,0,0,0,0,0,0,0,0,0,0,0,0,0,0,0,0,0,0,0,0,0,0,1,0,0,0,0,0,0,1,0,0,0,1,0,0,0,1
0,1.0,1,0.0,18.6,215.0,43.0,643926663.0447321,394013151.6773477,0,0,0,0,0,0,1,0,0,0,0,0,0,0,0,0,0,0,0,0,0,0,0,0,0,1,0,0,0,0,0,0,0,0,0,0,0,1,0,0,1,0,0,1,0,0
0,3.0,0,0.0,60.1,450.0,204.0,368923516.069787,385035197.1715544,0,0,0,0,0,0,1,0,0,0,0,0,0,0,1,0,0,0,0,0,0,0,0,0,0,0,0,0,0,0,0,0,0,0,0,0,0,1,0,1,0,0,0,1,0,0
0,0.0,1,0.0,59.6,381.0,201.0,394323892.6823579,491210366.8649661,0,0,0,0,0,0,1,0,0,0,0,0,0,0,0,0,0,0,0,0,0,0,0,0,0,0,0,1,0,0,0,0,0,0,0,0,0,1,0,1,0,0,0,1,0,0
0,1.0,1,0.0,37.2,326.4,134.0,343332507.89493686,478727071.30703425,0,0,0,0,0,0,1,0,0,0,0,0,0,0,0,0,0,0,0,0,0,0,0,0,0,0,1,0,0,0,0,0,0,0,0,0,0,1,0,0,0,1,0,0,0,1
0,1.0,0,9.305741456739435,18.6,215.0,43.0,302631353.8087213,394580593.5378128,0,0,0,0,0,0,1,0,0,0,0,0,0,0,0,0,0,0,0,0,0,0,0,0,0,1,0,0,0,0,0,0,0,0,0,0,1,0,0,0,0,1,0,1,0,0
0,0.0,1,0.0,18.6,215.0,43.0,484666533.0259533,335851574.1020086,0,0,0,0,0,0,1,0,0,0,0,0,0,0,0,0,0,0,0,0,0,0,0,0,0,1,0,0,0,0,0,0,0,0,0,0,0,1,0,0,0,1,0,1,0,0
0,2.0,0,9.741027444837728,37.2,326.4,134.0,343332506.47861034,395357448.1529938,0,0,0,0,0,0,1,0,0,0,0,0,0,0,0,0,0,0,0,0,0,0,0,0,0,0,1,0,0,0,0,0,0,0,0,0,0,1,0,0,0,1,0,0,0,1
1,1.0,1,0.0,75.3,450.0,201.0,432377724.0173022,560537978.0015923,0,0,0,0,0,0,1,0,0,0,0,0,0,0,0,0,0,0,0,0,0,0,0,0,0,0,0,0,1,0,0,0,0,0,0,0,0,1,0,0,1,0,0,1,0,0
0,0.0,1,0.0,59.6,381.0,201.0,484666533.0259533,484666533.0259533,0,0,0,0,1,0,0,0,0,0,0,0,0,0,0,0,0,0,0,1,0,0,0,0,0,0,0,0,0,0,0,0,0,0,1,0,0,0,0,0,0,0,1,1,0,0
0,3.0,0,10.691967639914864,82.0,420.0,349.0,391897437.5584256,549144586.1823201,0,0,0,0,0,0,1,0,0,0,0,0,0,0,0,0,0,0,0,0,0,0,0,0,0,0,0,0,0,1,0,0,0,0,0,0,0,1,0,0,0,1,0,0,0,1
0,1.0,1,0.0,18.6,215.0,43.0,644912170.2911088,394487570.2819989,0,0,0,0,0,0,1,0,0,0,0,0,0,0,0,0,0,0,0,0,0,0,0,0,0,1,0,0,0,0,0,0,0,0,0,1,0,0,0,0,1,0,0,1,0,0
0,1.0,1,0.0,37.2,326.4,134.0,341393734.4582022,477179841.6913991,0,0,0,0,0,0,1,0,0,0,0,0,0,0,0,0,0,0,0,0,0,0,0,0,0,0,1,0,0,0,0,0,0,0,0,0,0,1,0,0,1,0,0,1,0,0
0,1.0,0,8.699681400989514,37.2,326.4,134.0,423412718.6314063,478727071.5611059,0,0,0,0,0,0,1,0,0,0,0,0,0,0,0,0,0,0,0,0,0,0,0,0,0,0,1,0,0,0,0,0,0,0,0,0,0,1,0,0,0,1,0,0,0,1
1,3.0,0,10.518700218288165,75.3,450.0,201.0,482117799.5076721,456166754.0162208,0,0,0,0,0,0,1,0,0,0,0,0,0,0,0,0,0,0,0,0,0,0,0,0,0,0,0,0,1,0,0,0,0,0,0,0,0,1,0,1,0,0,0,1,0,0
0,2.0,1,3.6375861597263857,92.0,480.0,402.0,569604096.3091184,477707099.4007173,0,0,0,0,0,0,1,0,0,0,0,0,0,0,0,0,0,0,0,0,0,0,0,0,0,0,0,0,0,0,1,0,0,0,0,1,0,0,0,0,1,0,0,1,0,0
0,0.0,1,0.0,75.3,450.0,201.0,658860171.9438559,584960609.1124728,0,0,0,0,0,0,1,0,0,0,0,0,0,0,0,0,0,0,0,0,0,0,0,0,0,0,0,0,1,0,0,0,0,0,1,0,0,0,0,0,0,0,1,1,0,0
1,3.0,0,10.308985993422082,37.2,326.4,134.0,474207619.8921031,437775014.5098641,0,0,0,0,0,0,0,1,0,0,0,0,0,0,0,0,0,0,0,0,0,0,0,0,0,0,1,0,0,0,0,0,0,0,0,0,0,1,0,0,1,0,0,1,0,0
0,0.0,1,0.0,18.6,215.0,43.0,302966816.5946638,337359952.3366455,0,0,0,0,0,0,1,0,0,0,0,0,0,0,0,0,0,0,0,0,0,0,0,0,0,1,0,0,0,0,0,0,0,0,0,0,0,1,0,0,0,1,0,0,0,1
0,1.0,0,10.085850775128717,59.6,381.0,201.0,484666533.0259533,439610148.1621167,0,0,0,0,0,0,1,0,0,0,0,0,0,0,0,0,0,0,0,0,0,0,0,0,0,0,0,1,0,0,0,0,0,0,0,0,0,1,0,0,0,1,0,1,0,0
0,4.0,0,10.778977123006351,82.0,420.0,349.0,489279684.87933975,541199193.5365245,0,0,0,0,0,0,1,0,0,0,0,0,0,0,0,0,0,0,0,0,0,0,0,0,0,0,0,0,0,1,0,0,0,0,0,0,0,1,0,0,0,1,0,1,0,0
0,2.0,0,0.0,82.0,420.0,349.0,477843491.64833105,560514363.5439337,0,0,0,0,0,0,1,0,0,0,0,0,0,0,0,0,0,0,0,0,0,0,0,0,0,0,0,0,0,1,0,0,0,0,0,0,0,1,0,0,0,1,0,0,0,1
0,0.0,1,0.0,37.2,326.4,134.0,472628444.18711394,351543503.5971252,0,0,0,0,0,0,1,0,0,0,0,0,0,0,0,0,0,0,0,0,0,0,0,0,0,0,1,0,0,0,0,0,0,0,0,0,0,1,0,1,0,0,0,1,0,0
0,1.0,0,10.434145214930487,59.6,381.0,201.0,487295160.00107247,439355910.87398106,0,0,0,0,0,0,1,0,0,0,0,0,0,0,0,0,0,0,0,0,0,0,0,0,0,0,0,1,0,0,0,0,0,0,0,0,1,0,0,0,0,1,0,0,0,1
0,0.0,1,0.0,82.0,420.0,349.0,484666533.0259533,617488540.842517,0,0,0,0,0,0,1,0,0,0,0,0,0,0,0,0,0,0,0,0,0,0,0,0,0,0,0,0,0,1,0,0,0,0,0,0,0,1,0,0,0,1,0,1,0,0
0,2.0,0,8.517393171418904,82.0,420.0,349.0,495917879.85926074,558732451.0705293,0,0,0,0,0,0,1,0,0,0,0,0,0,0,0,0,0,0,0,0,0,0,0,0,0,0,0,0,0,1,0,0,0,0,1,0,0,0,0,0,1,0,0,1,0,0
0,3.0,0,7.601402334583733,92.0,480.0,402.0,684299176.3656291,461656019.2582864,0,0,0,0,0,0,1,0,0,0,0,0,0,0,0,0,0,0,0,0,0,0,0,0,0,0,0,0,0,0,1,0,0,0,0,0,0,1,0,0,0,1,0,0,0,1
0,3.0,0,10.668978650219241,82.0,420.0,349.0,482380201.5303155,547693910.4937321,0,0,0,0,0,0,1,0,0,0,0,0,0,0,0,0,0,0,0,0,0,0,0,0,0,0,0,0,0,1,0,0,0,0,0,0,1,0,0,0,0,1,0,0,0,1
0,1.0,0,0.0,75.3,450.0,201.0,488481435.87130845,565409143.645764,0,0,0,0,0,0,1,0,0,0,0,0,0,0,0,0,0,0,0,0,0,0,0,0,0,0,0,0,1,0,0,0,0,0,1,0,0,0,0,0,0,0,1,1,0,0
0,1.0,1,0.0,37.2,326.4,134.0,475073128.505986,478727071.23863035,0,0,0,0,0,0,1,0,0,0,0,0,0,0,0,0,0,0,0,0,0,0,0,0,0,0,1,0,0,0,0,0,0,0,0,0,0,1,0,0,0,1,0,0,0,1
0,1.0,0,10.915106645867503,37.2,326.4,134.0,429159381.4460667,477427398.69465643,0,0,0,0,0,0,1,0,0,0,0,0,0,0,0,0,0,0,0,0,0,0,0,0,0,0,1,0,0,0,0,0,0,0,0,0,1,0,0,0,0,1,0,1,0,0
0,2.0,1,0.0,18.6,215.0,43.0,301976401.732044,400205564.927157,0,0,0,0,0,0,0,1,0,0,0,0,0,0,0,0,0,0,0,0,0,0,0,0,0,1,0,0,0,0,0,0,0,0,0,0,0,1,0,0,1,0,0,1,0,0
0,3.0,1,10.645448706505872,82.0,420.0,349.0,748208346.3535901,548295457.8825135,0,0,0,0,0,0,1,0,0,0,0,0,0,0,0,0,0,0,0,0,0,0,0,0,0,0,0,0,0,1,0,0,0,0,0,0,0,1,0,0,1,0,0,1,0,0
0,2.0,0,10.308985993422082,18.6,215.0,43.0,302647328.24961585,401755380.4253119,0,0,0,0,0,0,1,0,0,0,0,0,0,0,0,0,0,0,0,0,0,0,0,0,0,1,0,0,0,0,0,0,0,0,0,0,0,1,0,0,0,1,0,0,0,1
0,1.0,1,0.0,60.1,450.0,204.0,683091376.2945087,456352285.7757503,0,0,0,0,0,0,1,0,0,0,0,0,0,0,1,0,0,0,0,0,0,0,0,0,0,0,0,0,0,0,0,0,0,0,0,0,0,1,0,0,1,0,0,1,0,0
0,1.0,0,9.90353755128617,59.6,381.0,201.0,400636392.6823579,440817775.28076077,0,0,0,0,0,0,1,0,0,0,0,0,0,0,0,0,0,0,0,0,0,0,0,0,0,0,0,1,0,0,0,0,0,0,1,0,0,0,0,0,1,0,0,1,0,0
0,2.0,1,0.0,18.6,215.0,43.0,301466817.0675072,399028443.1559392,0,0,0,0,0,0,1,0,0,0,0,0,0,0,0,0,0,0,0,0,0,0,0,0,0,1,0,0,0,0,0,0,0,0,0,0,0,1,0,1,0,0,0,1,0,0
0,1.0,0,10.12667110305036,37.2,326.4,134.0,428463729.2721536,477375281.4308128,0,0,0,0,0,0,1,0,0,0,0,0,0,0,0,0,0,0,0,0,0,0,0,0,0,0,1,0,0,0,0,0,0,0,0,0,0,1,0,0,0,1,0,1,0,0
0,3.0,0,9.210440366976517,37.2,326.4,134.0,474209789.08950007,437788001.52285105,0,0,0,0,0,0,1,0,0,0,0,0,0,0,0,0,0,0,0,0,0,0,0,0,0,0,1,0,0,0,0,0,0,0,0,0,0,1,0,0,0,1,0,1,0,0
0,3.0,0,10.34177474101152,37.2,326.4,134.0,475073128.24351305,442956824.2501238,0,0,0,0,0,0,1,0,0,0,0,0,0,0,0,0,0,0,0,0,0,0,0,0,0,0,1,0,0,0,0,0,0,0,0,0,0,1,0,0,0,1,0,0,0,1
0,0.0,1,0.0,18.6,215.0,43.0,302966816.58507913,337359952.3031259,0,0,0,0,0,0,1,0,0,0,0,0,0,0,0,0,0,0,0,0,0,0,0,0,0,1,0,0,0,0,0,0,0,0,0,0,0,1,0,0,0,1,0,0,0,1
0,3.0,0,10.308985993422082,18.6,215.0,43.0,302966815.9333219,549634523.0728881,0,0,0,0,0,0,1,0,0,0,0,0,0,0,0,0,0,0,0,0,0,0,0,0,0,1,0,0,0,0,0,0,0,0,0,0,0,1,0,0,0,1,0,0,0,1
0,3.0,1,0.0,82.0,420.0,349.0,741973406.9341075,547618475.2906374,0,0,0,0,0,0,1,0,0,0,0,0,0,0,0,0,0,0,0,0,0,0,0,0,0,0,0,0,0,1,0,0,0,0,0,0,0,1,0,0,1,0,0,1,0,0
0,0.0,1,0.0,59.6,381.0,201.0,515321591.8271675,513797231.7845242,0,0,0,0,0,0,1,0,0,0,0,0,0,1,0,0,0,0,0,0,0,0,0,0,0,0,0,0,0,0,0,0,0,0,0,0,0,1,0,0,0,1,0,1,0,0
0,1.0,1,0.0,75.3,450.0,201.0,502526708.75240314,562077855.3022057,0,0,0,0,0,0,1,0,0,0,0,0,0,0,0,0,0,0,0,0,0,0,0,0,0,0,0,0,1,0,0,0,0,0,0,0,1,0,0,0,0,1,0,1,0,0
0,2.0,0,3.258096538021482,82.0,420.0,349.0,740770952.9463775,555275004.2620189,0,0,0,0,0,0,1,0,0,0,0,0,0,0,0,0,0,0,0,0,0,0,0,0,0,0,0,0,0,1,0,0,0,0,0,0,1,0,0,0,0,1,0,0,0,1
0,0.0,1,0.0,59.6,381.0,201.0,397858614.9045801,494371857.5481959,0,0,0,0,0,0,1,0,0,0,0,0,0,0,0,0,0,0,0,0,0,0,0,0,0,0,0,1,0,0,0,0,0,0,0,0,1,0,0,0,0,1,0,1,0,0
0,2.0,1,10.819798284210286,59.6,381.0,201.0,436666660.7891948,449886887.51150024,0,0,0,0,0,0,1,0,0,0,0,0,0,0,0,0,0,0,0,0,0,0,0,0,0,0,0,1,0,0,0,0,0,0,0,0,0,1,0,0,1,0,0,1,0,0
0,1.0,0,9.61587214452889,18.6,215.0,43.0,302652120.58188426,394610826.0959524,0,0,0,0,0,0,1,0,0,0,0,0,0,0,0,0,0,0,0,0,0,0,0,0,0,1,0,0,0,0,0,0,0,0,0,0,1,0,0,0,0,1,0,1,0,0
0,3.0,1,0.0,59.6,381.0,201.0,749515030.0235939,863386613.2103815,0,0,1,0,0,0,0,0,0,0,0,1,0,0,0,0,0,0,0,0,0,0,0,0,0,0,0,0,0,0,0,0,0,0,0,0,0,1,0,0,1,0,0,1,0,0
0,0.0,1,0.0,59.6,381.0,201.0,489412186.48585486,520000375.3287208,0,0,0,0,0,0,1,0,0,0,0,0,0,0,0,0,0,0,0,1,0,0,0,0,0,0,0,0,0,0,0,0,0,0,0,0,1,0,0,0,0,1,0,1,0,0
0,1.0,0,8.853808274977197,18.6,215.0,43.0,302966815.9349194,395068963.98199886,0,0,0,0,0,0,1,0,0,0,0,0,0,0,0,0,0,0,0,0,0,0,0,0,0,1,0,0,0,0,0,0,0,0,0,0,0,1,0,0,0,1,0,0,0,1
0,2.0,1,0.0,59.6,381.0,201.0,487084416.19941956,449769240.4526767,0,0,0,0,0,0,1,0,0,0,0,0,0,0,0,0,0,0,0,0,0,0,0,0,0,0,0,1,0,0,0,0,0,0,0,0,0,1,0,0,1,0,0,1,0,0
1,1.0,0,9.105090961257085,18.6,215.0,43.0,302495571.0611175,394382919.1192082,0,0,0,0,0,0,1,0,0,0,0,0,0,0,0,0,0,0,0,0,0,0,0,0,0,1,0,0,0,0,0,0,0,0,0,0,1,0,0,0,0,1,0,0,0,1
0,1.0,0,8.517393171418904,18.6,215.0,43.0,302088222.81830597,393789895.86339426,0,0,0,0,0,0,1,0,0,0,0,0,0,0,0,0,0,0,0,0,0,0,0,0,0,1,0,0,0,0,0,0,0,0,0,0,0,1,0,1,0,0,0,1,0,0
0,2.0,1,0.0,37.2,326.4,134.0,473999376.9419946,393268844.16565204,0,0,0,0,0,0,1,0,0,0,0,0,0,0,0,0,0,0,0,0,0,0,0,0,0,0,1,0,0,0,0,0,0,0,1,0,0,0,0,0,1,0,0,0,1,0
0,1.0,0,10.915106645867503,18.6,215.0,43.0,302966816.5403507,395068964.86339426,0,0,0,0,0,0,1,0,0,0,0,0,0,0,0,0,0,0,0,0,0,0,0,0,0,1,0,0,0,0,0,0,0,0,0,0,0,1,0,0,0,1,0,0,0,1
0,2.0,0,8.630700432209832,59.6,381.0,201.0,487448052.56305593,450344403.8513695,0,0,0,0,0,0,1,0,0,0,0,0,0,0,0,0,0,0,0,0,0,0,0,0,0,0,0,1,0,0,0,0,0,0,0,0,0,1,0,0,0,1,0,0,1,0
0,1.0,1,0.0,92.0,480.0,402.0,604700812.204031,664048656.0193123,0,0,0,0,0,0,1,0,0,0,0,0,0,0,0,0,0,0,0,0,0,0,0,0,0,0,0,0,0,0,1,0,0,0,0,1,0,0,0,0,1,0,0,1,0,0
0,1.0,1,0.0,59.6,381.0,201.0,566263780.8271675,519888777.5216277,0,0,0,0,0,0,1,0,0,0,0,0,0,0,0,0,0,1,0,0,0,0,0,0,0,0,0,0,0,0,0,0,0,0,0,0,0,1,0,1,0,0,0,0,1,0
0,2.0,1,0.0,92.0,480.0,402.0,566142557.8475798,470116737.9549342,0,0,0,0,0,0,0,1,0,0,0,0,0,0,0,0,0,0,0,0,0,0,0,0,0,0,0,0,0,0,1,0,0,0,0,0,1,0,0,0,0,1,0,1,0,0
0,0.0,1,0.0,60.1,450.0,204.0,465157455.2451907,477754860.29229414,0,0,0,0,0,0,1,0,0,0,0,0,0,0,1,0,0,0,0,0,0,0,0,0,0,0,0,0,0,0,0,0,0,0,0,0,1,0,0,0,0,1,0,1,0,0
0,1.0,0,0.0,82.0,420.0,349.0,745593038.8359481,666128938.4977527,0,0,0,0,0,0,1,0,0,0,0,0,0,0,0,0,0,0,0,0,0,0,0,0,0,0,0,0,0,1,0,0,0,0,1,0,0,0,0,0,0,0,1,1,0,0
0,2.0,0,10.12667110305036,59.6,381.0,201.0,486220779.8357832,448403227.3807813,0,0,0,0,0,0,1,0,0,0,0,0,0,0,0,0,0,0,0,0,0,0,0,0,0,0,0,1,0,0,0,0,0,0,0,0,0,1,0,1,0,0,0,1,0,0
0,3.0,0,10.757924157061597,82.0,420.0,349.0,744390584.8482181,548380564.2654923,0,0,0,0,0,0,1,0,0,0,0,0,0,0,0,0,0,0,0,0,0,0,0,0,0,0,0,0,0,1,0,0,0,0,0,0,0,1,0,0,1,0,0,1,0,0
0,2.0,0,10.645448706505872,59.6,381.0,201.0,487398465.7861964,450265972.4788205,0,0,0,0,0,0,1,0,0,0,0,0,0,0,0,0,0,0,0,0,0,0,0,0,0,0,0,1,0,0,0,0,0,0,0,0,0,1,0,1,0,0,0,1,0,0
0,2.0,1,2.3978952727983707,82.0,420.0,349.0,627341680.8564883,557083514.9003167,0,0,0,0,0,0,1,0,0,0,0,0,0,0,0,0,0,0,0,0,0,0,0,0,0,0,0,0,0,1,0,0,0,0,0,0,0,1,0,0,1,0,0,1,0,0
1,2.0,1,8.294299608857235,37.2,326.4,134.0,408724699.7504145,391986143.7437111,0,0,0,0,0,0,1,0,0,0,0,0,0,0,0,0,0,0,0,0,0,0,0,0,0,0,1,0,0,0,0,0,0,0,0,0,0,1,0,0,1,0,0,1,0,0
0,0.0,1,0.0,18.6,215.0,43.0,302493973.617028,335706322.70536053,0,0,0,0,0,0,1,0,0,0,0,0,0,0,0,0,0,0,0,0,0,0,0,0,0,1,0,0,0,0,0,0,0,0,0,0,0,1,0,0,0,1,0,0,1,0
0,0.0,1,0.0,14.7,170.0,27.0,352104704.2019204,348611752.3561359,0,0,0,0,0,0,1,0,0,0,0,0,0,0,0,0,0,0,1,0,0,0,0,0,0,0,0,0,0,0,0,0,0,0,0,0,1,0,0,0,0,1,0,1,0,0
1,3.0,1,8.294299608857235,92.0,480.0,402.0,568988711.6937337,456511290.93591803,0,0,0,0,0,0,1,0,0,0,0,0,0,0,0,0,0,0,0,0,0,0,0,0,0,0,0,0,0,0,1,0,0,0,0,0,0,1,0,0,1,0,0,1,0,0
0,2.0,0,11.277215789596893,37.2,326.4,134.0,474237988.65566057,393732979.1867491,0,0,0,0,0,0,1,0,0,0,0,0,0,0,0,0,0,0,0,0,0,0,0,0,0,0,1,0,0,0,0,0,0,0,1,0,0,0,0,0,0,1,0,1,0,0
0,1.0,0,9.210440366976517,82.0,420.0,349.0,474118394.5567591,658362583.3575658,0,0,0,0,0,0,1,0,0,0,0,0,0,0,0,0,0,0,0,0,0,0,0,0,0,0,0,0,0,1,0,0,0,0,0,0,0,1,0,1,0,0,0,1,0,0
0,1.0,1,0.0,59.6,381.0,201.0,550675868.2005616,439610148.1621167,0,0,0,0,0,0,1,0,0,0,0,0,0,0,0,0,0,0,0,0,0,0,0,0,0,0,0,1,0,0,0,0,0,0,0,0,1,0,0,0,0,1,0,1,0,0
0,3.0,0,9.741027444837728,37.2,326.4,134.0,475073128.6339686,442956826.58778614,0,0,0,0,0,0,1,0,0,0,0,0,0,0,0,0,0,0,0,0,0,0,0,0,0,0,1,0,0,0,0,0,0,0,0,0,0,1,0,0,0,1,0,0,0,1
0,1.0,1,0.0,18.6,215.0,43.0,564242302.7508667,394468965.63083607,0,0,0,0,0,0,1,0,0,0,0,0,0,0,0,0,0,0,0,0,0,0,0,0,0,1,0,0,0,0,0,0,0,0,0,0,1,0,0,0,0,1,0,1,0,0
1,4.0,1,10.819798284210286,59.6,381.0,201.0,395804748.05619884,387243213.9012403,0,0,0,0,0,0,1,0,0,0,0,0,0,0,0,0,0,0,0,0,0,0,0,0,0,0,0,0,0,0,0,1,0,0,0,0,0,1,0,1,0,0,0,0,1,0
0,3.0,0,10.933124826700707,82.0,420.0,349.0,493996827.22768176,547790622.2925717,0,0,0,0,0,0,1,0,0,0,0,0,0,0,0,0,0,0,0,0,0,0,0,0,0,0,0,0,0,1,0,0,0,0,0,0,0,1,0,0,0,1,0,1,0,0
0,2.0,0,11.002116507732017,37.2,326.4,134.0,475073127.3432962,395357447.2669179,0,0,0,0,0,0,1,0,0,0,0,0,0,0,0,0,0,0,0,0,0,0,0,0,0,0,1,0,0,0,0,0,0,0,0,0,0,1,0,0,0,1,0,0,0,1
0,2.0,0,10.819798284210286,59.6,381.0,201.0,486592680.6622295,448991462.6748989,0,0,0,0,0,0,1,0,0,0,0,0,0,0,0,0,0,0,0,0,0,0,0,0,0,0,0,1,0,0,0,0,0,0,0,0,0,1,0,1,0,0,0,1,0,0
0,0.0,1,0.0,37.2,326.4,134.0,426941990.1417188,355144567.4269124,0,0,0,0,0,0,1,0,0,0,0,0,0,0,0,0,0,0,0,0,0,0,0,0,0,0,1,0,0,0,0,0,0,0,0,0,0,1,0,0,0,1,0,1,0,0
0,0.0,1,0.0,60.1,450.0,204.0,484666533.0259533,477700806.2382401,0,0,0,0,0,0,1,0,0,0,0,0,0,0,1,0,0,0,0,0,0,0,0,0,0,0,0,0,0,0,0,0,0,0,0,1,0,0,0,0,0,1,0,1,0,0
0,0.0,1,0.0,82.0,420.0,349.0,484469373.5048378,620480137.4811726,0,0,0,0,0,0,1,0,0,0,0,0,0,0,0,0,0,0,0,0,0,0,0,0,0,0,0,0,0,1,0,0,0,0,0,0,0,1,0,0,1,0,0,1,0,0
0,3.0,1,10.596659732783579,82.0,420.0,349.0,743040891.5966842,547955032.3505987,0,0,0,0,0,0,1,0,0,0,0,0,0,0,0,0,0,0,0,0,0,0,0,0,0,0,0,0,0,1,0,0,0,0,0,0,0,1,0,0,1,0,0,1,0,0
0,0.0,1,0.0,18.6,215.0,43.0,302548286.71606946,335896266.83943874,0,0,0,0,0,0,1,0,0,0,0,0,0,0,0,0,0,0,0,0,0,0,0,0,0,1,0,0,0,0,0,0,0,0,0,0,1,0,0,0,0,1,0,1,0,0
0,1.0,1,0.0,60.1,450.0,204.0,680075247.2622505,455071463.85794204,0,0,0,0,0,0,1,0,0,0,0,0,0,0,1,0,0,0,0,0,0,0,0,0,0,0,0,0,0,0,0,0,0,0,0,0,0,1,0,0,1,0,0,1,0,0
0,0.0,1,0.0,59.6,381.0,201.0,488807556.69528735,496986764.380494,0,0,0,0,0,0,1,0,0,0,0,0,0,0,0,0,0,0,0,0,0,0,0,0,0,0,0,1,0,0,0,0,0,0,1,0,0,0,0,0,0,0,1,1,0,0
0,0.0,1,0.0,18.6,215.0,43.0,302527519.94290656,335823641.1411147,0,0,0,0,0,0,1,0,0,0,0,0,0,0,0,0,0,0,0,0,0,0,0,0,0,1,0,0,0,0,0,0,0,0,1,0,0,0,0,0,0,1,0,1,0,0
0,0.0,1,0.0,82.0,420.0,349.0,473833689.9571546,617152406.3887357,0,0,0,0,0,0,1,0,0,0,0,0,0,0,0,0,0,0,0,0,0,0,0,0,0,0,0,0,0,1,0,0,0,0,0,0,0,1,0,0,0,1,0,1,0,0
0,2.0,0,9.852246888342531,75.3,450.0,201.0,509452626.66906977,408707949.14054155,0,0,0,0,0,0,1,0,0,0,0,0,0,0,0,0,0,0,0,0,0,0,0,0,0,0,0,0,1,0,0,0,0,0,0,0,0,1,0,0,0,1,0,0,0,1
0,4.0,0,9.90353755128617,42.0,318.6,147.0,322173739.35971963,414266054.82314086,0,0,0,0,0,0,1,0,0,0,0,0,0,0,0,0,0,0,0,0,0,0,0,0,1,0,0,0,0,0,0,0,0,0,0,0,0,1,0,1,0,0,0,1,0,0
0,1.0,1,0.0,59.6,381.0,201.0,548845679.5213164,438788114.2638116,0,0,0,0,0,0,1,0,0,0,0,0,0,0,0,0,0,0,0,0,0,0,0,0,0,0,0,1,0,0,0,0,0,0,0,1,0,0,0,0,1,0,0,1,0,0
0,4.0,0,10.714439990727769,82.0,420.0,349.0,742212670.7377886,539879749.0920801,0,0,0,0,0,0,1,0,0,0,0,0,0,0,0,0,0,0,0,0,0,0,0,0,0,0,0,0,0,1,0,0,0,0,0,0,0,1,0,0,1,0,0,1,0,0
0,0.0,1,0.0,59.6,381.0,201.0,400914170.4601357,497104776.80285424,0,0,0,0,0,0,1,0,0,0,0,0,0,0,0,0,0,0,0,0,0,0,0,0,0,0,0,1,0,0,0,0,0,0,1,0,0,0,0,0,0,0,1,1,0,0
0,2.0,1,0.0,37.2,326.4,134.0,473498292.3432962,392294160.62134826,0,0,0,0,0,0,1,0,0,0,0,0,0,0,0,0,0,0,0,0,0,0,0,0,0,0,1,0,0,0,0,0,0,0,0,1,0,0,0,0,1,0,0,0,1,0
0,0.0,0,9.447465720810811,37.2,326.4,134.0,474574214.2521899,356314780.1928699,0,0,0,0,0,0,1,0,0,0,0,0,0,0,0,0,0,0,0,0,0,0,0,0,0,0,1,0,0,0,0,0,0,0,1,0,0,0,0,0,0,0,1,1,0,0
0,1.0,0,10.596659732783579,18.6,215.0,43.0,642424247.5857949,393289895.86339426,0,0,0,0,0,0,1,0,0,0,0,0,0,0,0,0,0,0,0,0,0,0,0,0,0,1,0,0,0,0,0,0,0,0,0,0,0,1,0,1,0,0,0,1,0,0
0,0.0,1,0.0,18.6,215.0,43.0,646119898.45536,337359952.4818969,0,0,0,0,0,0,1,0,0,0,0,0,0,0,0,0,0,0,0,0,0,0,0,0,0,1,0,0,0,0,0,0,0,0,0,0,0,1,0,0,0,1,0,0,0,1
0,1.0,1,0.0,60.1,450.0,204.0,478257449.52519065,460530366.00862694,0,0,0,0,0,0,1,0,0,0,0,0,0,0,1,0,0,0,0,0,0,0,0,0,0,0,0,0,0,0,0,0,0,0,0,0,0,1,0,0,0,1,0,0,0,1
0,3.0,0,10.62135173563291,82.0,420.0,349.0,497681031.72768176,549144585.2616239,0,0,0,0,0,0,1,0,0,0,0,0,0,0,0,0,0,0,0,0,0,0,0,0,0,0,0,0,0,1,0,0,0,0,0,0,0,1,0,0,0,1,0,0,0,1
1,1.0,1,0.0,37.2,326.4,134.0,473543845.4886324,476430656.02364665,0,0,0,0,0,0,1,0,0,0,0,0,0,0,0,0,0,0,0,0,0,0,0,0,0,0,1,0,0,0,0,0,0,0,0,1,0,0,0,0,1,0,0,1,0,0
0,2.0,1,10.571342565808699,92.0,480.0,402.0,587133266.5129766,480333605.4248137,0,0,0,0,0,0,1,0,0,0,0,0,0,0,0,0,0,0,0,0,0,0,0,0,0,0,0,0,0,0,1,0,0,0,0,0,0,1,0,0,1,0,0,1,0,0
0,1.0,0,9.90353755128617,17.0,150.0,41.0,484666533.0259533,403228307.21297663,0,0,0,0,0,0,1,0,0,0,1,0,0,0,0,0,0,0,0,0,0,0,0,0,0,0,0,0,0,0,0,0,0,0,1,0,0,0,0,0,0,0,1,1,0,0
0,2.0,0,8.517393171418904,59.6,381.0,201.0,431511021.95063555,484666533.0259533,0,0,0,0,0,0,0,1,0,0,0,0,0,0,0,0,0,0,0,1,0,0,0,0,0,0,0,0,0,0,0,0,0,0,0,0,0,1,0,0,0,1,0,0,0,1
1,1.0,0,8.853808274977197,18.6,215.0,43.0,302966816.6681462,395068965.04944074,0,0,0,0,0,0,1,0,0,0,0,0,0,0,0,0,0,0,0,0,0,0,0,0,0,1,0,0,0,0,0,0,0,0,0,0,0,1,0,0,0,1,0,0,0,1
0,2.0,1,8.853808274977197,37.2,326.4,134.0,474157728.35197294,393576861.0432892,0,0,0,0,0,0,1,0,0,0,0,0,0,0,0,0,0,0,0,0,0,0,0,0,0,0,1,0,0,0,0,0,0,0,0,0,0,1,0,0,1,0,0,1,0,0
0,0.0,1,0.0,92.0,480.0,402.0,604920110.449645,850566989.6613097,0,0,0,0,0,0,1,0,0,0,0,0,0,0,0,0,0,0,0,0,0,0,0,0,0,0,0,0,0,0,1,0,0,0,0,0,0,1,0,0,1,0,0,1,0,0
0,0.0,1,0.0,60.1,450.0,204.0,372291933.86978704,482180531.79229414,0,0,0,0,0,0,1,0,0,0,0,0,0,0,1,0,0,0,0,0,0,0,0,0,0,0,0,0,0,0,0,0,0,0,0,1,0,0,0,0,0,1,0,0,0,1
0,0.0,0,1.791759469228055,37.2,326.4,134.0,341343693.6418757,354946375.9375507,0,0,0,0,0,0,1,0,0,0,0,0,0,0,0,0,0,0,0,0,0,0,0,0,0,0,1,0,0,0,0,0,0,0,0,0,1,0,0,0,0,1,0,0,0,1
0,4.0,0,11.608244735642321,59.6,381.0,201.0,567592518.3477519,594479083.1412208,0,0,0,1,0,0,0,0,0,0,0,1,0,0,0,0,0,0,0,0,0,0,0,0,0,0,0,0,0,0,0,0,0,0,0,0,0,1,0,1,0,0,0,1,0,0
0,2.0,0,0.0,18.6,215.0,43.0,302966815.9173475,402493385.14855915,0,0,0,0,0,0,1,0,0,0,0,0,0,0,0,0,0,0,0,0,0,0,0,0,0,1,0,0,0,0,0,0,0,0,0,0,0,1,0,0,0,1,0,0,0,1
0,1.0,1,0.0,18.6,215.0,43.0,302912503.9684657,394989895.86339426,0,0,0,0,0,0,1,0,0,0,0,0,0,0,0,0,0,0,0,0,0,0,0,0,0,1,0,0,0,0,0,0,0,0,0,0,0,1,0,0,0,1,0,1,0,0
0,2.0,0,8.987321812850125,18.6,215.0,43.0,302966815.94929636,402493385.2223599,0,0,0,0,0,0,1,0,0,0,0,0,0,0,0,0,0,0,0,0,0,0,0,0,0,1,0,0,0,0,0,0,0,0,0,0,0,1,0,0,0,1,0,0,0,1
0,1.0,0,8.853808274977197,92.0,480.0,402.0,566224975.4299974,658792245.762902,0,0,0,0,0,0,1,0,0,0,0,0,0,0,0,0,0,0,0,0,0,0,0,0,0,0,0,0,0,0,1,0,0,0,0,0,0,1,0,0,0,1,0,1,0,0
0,1.0,1,9.105090961257085,60.1,450.0,204.0,372291935.8329449,460530366.28944886,0,0,0,0,1,0,0,0,0,0,0,0,0,0,1,0,0,0,0,0,0,0,0,0,0,0,0,0,0,0,0,0,0,0,0,1,0,0,0,0,0,1,0,0,0,1
0,2.0,0,8.517393171418904,18.6,215.0,43.0,301776721.22086185,399744310.31461084,0,0,0,0,0,0,1,0,0,0,0,0,0,0,0,0,0,0,0,0,0,0,0,0,0,1,0,0,0,0,0,0,0,0,0,0,0,1,0,1,0,0,0,1,0,0
0,2.0,0,11.289794413577894,92.0,480.0,402.0,607376250.8005222,481381798.19589806,0,0,0,0,0,0,1,0,0,0,0,0,0,0,0,0,0,0,0,0,0,0,0,0,0,0,0,0,0,0,1,0,0,0,0,0,0,1,0,0,1,0,0,1,0,0
1,2.0,1,9.546884034617925,82.0,420.0,349.0,643466661.1314883,560514361.7673379,0,0,0,0,0,0,1,0,0,0,0,0,0,0,0,0,0,0,0,0,0,0,0,0,0,0,0,0,0,1,0,0,0,0,0,0,0,1,0,0,0,1,0,0,0,1
0,1.0,1,0.0,60.1,450.0,204.0,372291930.8118923,460530359.7552023,0,0,0,0,0,0,1,0,0,0,0,0,0,0,1,0,0,0,0,0,0,0,0,0,0,0,0,0,0,0,0,0,0,0,0,0,0,1,0,0,0,1,0,0,0,1
0,0.0,1,0.0,60.1,450.0,204.0,372291933.7329449,482180531.6166185,0,0,0,0,0,0,1,0,0,0,0,0,0,0,1,0,0,0,0,0,0,0,0,0,0,0,0,0,0,0,0,0,0,0,0,1,0,0,0,0,0,1,0,0,0,1
0,1.0,0,10.239995502805316,18.6,215.0,43.0,484666533.0259533,394575942.3750221,0,0,0,0,0,0,1,0,0,0,0,0,0,0,0,0,0,0,0,0,0,0,0,0,0,1,0,0,0,0,0,0,0,0,0,0,1,0,0,0,0,1,0,0,0,1
0,0.0,1,0.0,60.1,450.0,204.0,681962344.0364442,477585941.37337524,0,0,0,0,0,0,1,0,0,0,0,0,0,0,1,0,0,0,0,0,0,0,0,0,0,0,0,0,0,0,0,0,0,0,0,0,0,1,0,0,1,0,0,1,0,0
1,4.0,1,11.002116507732017,82.0,420.0,349.0,474392513.48656636,540199193.5365245,0,0,0,0,0,0,1,0,0,0,0,0,0,0,0,0,0,0,0,0,0,0,0,0,0,0,0,0,0,1,0,0,0,0,0,0,0,1,0,0,1,0,0,1,0,0
0,4.0,0,11.127277689932466,82.0,420.0,349.0,477843490.9620566,545088078.293469,0,0,0,0,0,0,1,0,0,0,0,0,0,0,0,0,0,0,0,0,0,0,0,0,0,0,0,0,0,1,0,0,0,0,0,0,0,1,0,0,0,1,0,0,0,1
0,1.0,1,10.434145214930487,37.2,326.4,134.0,340275367.1112634,476287333.5480766,0,0,0,0,0,0,1,0,0,0,0,0,0,0,0,0,0,0,0,0,0,0,0,0,0,0,1,0,0,0,0,0,0,0,0,0,0,1,0,0,1,0,0,1,0,0
0,0.0,0,9.90353755128617,37.2,326.4,134.0,473925624.2304979,354724354.660955,0,0,0,0,0,0,1,0,0,0,0,0,0,0,0,0,0,0,0,0,0,0,0,0,0,0,1,0,0,0,0,0,0,0,0,0,0,1,0,0,0,1,0,1,0,0
0,3.0,1,10.596659732783579,82.0,420.0,349.0,484666533.0259533,549144586.2248733,0,0,0,0,0,0,1,0,0,0,0,0,0,0,0,0,0,0,0,0,0,0,0,0,0,0,0,0,0,1,0,0,0,0,0,1,0,0,0,0,0,1,0,0,0,1
0,1.0,0,10.778977123006351,82.0,420.0,349.0,476642513.48656636,665699031.9556965,0,0,0,0,0,0,1,0,0,0,0,0,0,0,0,0,0,0,0,0,0,0,0,0,0,0,0,0,0,1,0,0,0,0,1,0,0,0,0,0,0,0,1,1,0,0
0,1.0,0,9.798182590890704,75.3,450.0,201.0,635190186.3032442,566666808.2163162,0,0,0,0,0,0,1,0,0,0,0,0,0,0,0,0,0,0,0,0,0,0,0,0,0,0,0,0,1,0,0,0,0,0,0,0,0,1,0,0,0,1,0,0,0,1
0,3.0,0,10.691967639914864,37.2,326.4,134.0,340761081.3969777,434775014.5098641,0,0,0,0,0,0,1,0,0,0,0,0,0,0,0,0,0,0,0,0,0,0,0,0,0,0,1,0,0,0,0,0,0,0,0,0,0,1,0,1,0,0,0,1,0,0
0,1.0,1,8.94910546953925,82.0,420.0,349.0,712096106.3206106,615100901.1145751,0,0,0,0,0,0,1,0,0,0,0,0,0,0,0,0,0,0,0,0,0,0,0,0,0,0,0,0,0,1,0,0,0,0,0,0,0,0,1,1,0,0,0,0,1,0
0,1.0,1,0.0,59.6,381.0,201.0,487030697.19115514,439084724.4333031,0,0,0,0,0,0,1,0,0,0,0,0,0,0,0,0,0,0,0,0,0,0,0,0,0,0,0,1,0,0,0,0,0,0,0,0,0,1,0,0,1,0,0,1,0,0
1,1.0,1,9.208438564686587,37.2,326.4,134.0,474157728.35197294,477352480.12788117,0,0,0,0,0,0,1,0,0,0,0,0,0,0,0,0,0,0,0,0,0,0,0,0,0,0,1,0,0,0,0,0,0,0,0,0,0,1,0,0,1,0,0,1,0,0
0,2.0,0,9.90353755128617,82.0,420.0,349.0,643466662.7314883,560514362.1077635,0,0,0,0,0,0,1,0,0,0,0,0,0,0,0,0,0,0,0,0,0,0,0,0,0,0,0,0,0,1,0,0,0,0,0,0,0,1,0,0,0,1,0,0,0,1
0,1.0,1,0.0,59.6,381.0,201.0,551958887.0684862,440186419.34855735,0,0,0,0,0,0,1,0,0,0,0,0,0,0,0,0,0,0,0,0,0,0,0,0,0,0,0,1,0,0,0,0,0,0,0,0,0,1,0,0,1,0,0,1,0,0
0,1.0,1,0.0,18.6,215.0,43.0,643100576.0882103,393615477.25874305,0,0,0,0,0,0,1,0,0,0,0,0,0,0,0,0,0,0,0,0,0,0,0,0,0,1,0,0,0,0,0,0,0,0,0,0,0,1,0,0,1,0,0,1,0,0
0,2.0,0,9.90353755128617,59.6,381.0,201.0,486515030.0235939,450560090.12587935,0,0,0,0,0,0,1,0,0,0,0,0,0,0,0,0,0,0,0,0,0,0,0,0,0,0,0,1,0,0,0,0,0,0,0,0,0,1,0,0,0,1,0,1,0,0
0,4.0,0,11.002116507732017,92.0,480.0,402.0,610577998.5198205,440605986.3872303,0,0,0,0,0,0,1,0,0,0,0,0,0,0,0,0,0,0,0,0,0,0,0,0,0,0,0,0,0,0,1,0,0,0,0,0,0,1,0,0,0,1,0,0,0,1
0,0.0,1,0.0,18.6,215.0,43.0,302524325.0547277,335812467.9567572,0,0,0,0,0,0,1,0,0,0,0,0,0,0,0,0,0,0,0,0,0,0,0,0,0,1,0,0,0,0,0,0,0,0,0,0,1,0,0,0,0,1,0,1,0,0
0,1.0,1,0.0,37.2,326.4,134.0,445156830.25056076,477912740.7142004,0,0,0,0,0,0,1,0,0,0,0,0,0,0,0,0,0,0,0,0,0,0,0,0,0,0,1,0,0,0,0,0,0,0,1,0,0,0,0,0,0,0,1,1,0,0
0,0.0,1,0.0,75.3,450.0,201.0,502054486.5301809,580098223.791372,0,0,0,0,0,0,1,0,0,0,0,0,0,0,0,0,0,0,0,0,0,0,0,0,0,0,0,0,1,0,0,0,0,0,0,0,1,0,0,0,0,1,0,1,0,0
0,1.0,0,9.680406499268875,18.6,215.0,43.0,641796228.2621235,392987570.2819989,0,0,0,0,0,0,1,0,0,0,0,0,0,0,0,0,0,0,0,0,0,0,0,0,0,1,0,0,0,0,0,0,0,0,0,0,0,1,0,1,0,0,0,1,0,0
0,1.0,0,10.819798284210286,59.6,381.0,201.0,487439788.100246,439504215.9587268,0,0,0,0,0,0,1,0,0,0,0,0,0,0,0,0,0,0,0,0,0,0,0,0,0,0,0,1,0,0,0,0,0,0,0,0,0,1,0,0,1,0,0,1,0,0
0,2.0,1,0.0,59.6,381.0,201.0,488038961.65396506,451279044.37424535,0,0,0,0,0,0,1,0,0,0,0,0,0,0,0,0,0,0,0,0,0,0,0,0,0,0,0,1,0,0,0,0,0,0,0,0,0,1,0,0,1,0,0,1,0,0
0,3.0,0,9.680406499268875,92.0,480.0,402.0,614298281.329449,461656020.08065486,0,0,0,0,0,0,1,0,0,0,0,0,0,0,0,0,0,0,0,0,0,0,0,0,0,0,0,0,0,0,1,0,0,0,0,0,0,1,0,0,0,1,0,0,0,1
0,1.0,0,9.61587214452889,37.2,326.4,134.0,343332507.15207976,478727070.7142004,0,0,0,0,0,0,1,0,0,0,0,0,0,0,0,0,0,0,0,0,0,0,0,0,0,0,1,0,0,0,0,0,0,0,0,0,0,1,0,0,0,1,0,0,0,1
0,0.0,1,0.0,59.6,381.0,201.0,398296184.34902453,494763224.0078232,0,0,0,0,0,0,1,0,0,0,0,0,0,0,0,0,0,0,0,0,0,0,0,0,0,0,0,1,0,0,0,0,0,0,0,0,0,1,0,0,0,1,0,1,0,0
1,1.0,0,9.717218213494077,18.6,215.0,43.0,644912170.2911088,394487570.2819989,0,0,0,0,0,0,1,0,0,0,0,0,0,0,0,0,0,0,0,0,0,0,0,0,0,1,0,0,0,0,0,0,0,0,1,0,0,0,0,0,0,0,1,1,0,0
0,3.0,0,0.0,82.0,420.0,349.0,744927096.3535901,547483078.7722621,0,0,0,0,0,0,1,0,0,0,0,0,0,0,0,0,0,0,0,0,0,0,0,0,0,0,0,0,0,1,0,0,0,0,0,0,0,1,0,0,1,0,0,0,1,0
1,3.0,0,10.968215530759236,92.0,480.0,402.0,573285412.5728546,461656024.8832864,0,0,0,0,0,0,1,0,0,0,0,0,0,0,0,0,0,0,0,0,0,0,0,0,0,0,0,0,0,0,1,0,0,0,0,0,0,1,0,0,0,1,0,0,0,1
0,1.0,0,10.714439990727769,37.2,326.4,134.0,473663151.34546536,476609809.11810917,0,0,0,0,0,0,1,0,0,0,0,0,0,0,0,0,0,0,0,0,0,0,0,0,0,0,1,0,0,0,0,0,0,0,0,0,0,1,0,1,0,0,0,1,0,0
1,1.0,0,7.438971592395862,18.6,215.0,43.0,302966816.6393922,395068965.0075803,0,0,0,0,0,0,1,0,0,0,0,0,0,0,0,0,0,0,0,0,0,0,0,0,0,1,0,0,0,0,0,0,0,0,0,0,0,1,0,0,0,1,0,0,0,1
0,2.0,1,0.0,82.0,420.0,349.0,627741680.8564883,557168621.2832955,0,0,0,0,0,0,1,0,0,0,0,0,0,0,0,0,0,0,0,0,0,0,0,0,0,0,0,0,0,1,0,0,0,0,0,0,0,1,0,0,1,0,0,1,0,0
0,4.0,0,8.160803920954665,42.0,318.6,147.0,330803867.3734183,421344699.14898354,0,0,0,0,0,0,1,0,0,0,0,0,0,0,0,0,0,0,0,0,0,0,0,0,1,0,0,0,0,0,0,0,0,0,0,0,0,1,0,0,0,1,0,0,0,1
0,2.0,1,9.852246888342531,75.3,450.0,201.0,503526708.75240314,399940837.7021854,0,0,0,0,0,0,1,0,0,0,0,0,0,0,0,0,0,0,0,0,0,0,0,0,0,0,0,0,1,0,0,0,0,0,0,0,0,1,0,0,1,0,0,1,0,0
0,0.0,1,0.0,59.6,381.0,201.0,487493507.1085105,495011609.1009909,0,0,0,0,0,0,1,0,0,0,0,0,0,0,0,0,0,0,0,0,0,0,0,0,0,0,0,1,0,0,0,0,0,0,0,0,0,1,0,0,1,0,0,1,0,0
0,2.0,1,4.04305126783455,82.0,420.0,349.0,484666533.0259533,556897344.6875508,0,0,0,0,0,0,1,0,0,0,0,0,0,0,0,0,0,0,0,0,0,0,0,0,0,0,0,0,0,1,0,0,0,0,0,0,0,1,0,0,1,0,0,1,0,0
1,2.0,0,9.852246888342531,37.2,326.4,134.0,343332506.47861034,395357448.1529938,0,0,0,0,0,0,1,0,0,0,0,0,0,0,0,0,0,0,0,0,0,0,0,0,0,0,1,0,0,0,0,0,0,0,0,0,0,1,0,0,0,1,0,0,0,1
0,1.0,1,0.0,75.3,450.0,201.0,509452626.24314386,566666806.7684634,0,0,0,0,0,0,1,0,0,0,0,0,0,0,0,0,0,0,0,0,0,0,0,0,0,0,0,0,1,0,0,0,0,0,0,0,0,1,0,0,0,1,0,0,0,1
0,0.0,1,0.0,37.2,326.0,136.0,390342329.6857914,337057470.4021262,0,0,0,0,0,0,1,0,0,0,0,0,1,0,0,0,0,0,0,0,0,0,0,0,0,0,0,0,0,0,0,0,0,0,0,0,0,1,0,0,0,1,0,0,0,1
0,3.0,1,11.407576060361786,82.0,420.0,349.0,735729083.1412208,548587527.5150087,0,0,0,0,0,0,1,0,0,0,0,0,0,0,0,0,0,0,0,0,0,0,0,0,0,0,0,0,0,1,0,0,0,0,1,0,0,0,0,0,0,0,1,1,0,0
0,2.0,1,0.0,82.0,420.0,349.0,497681031.44347125,560514359.5864869,0,0,0,0,0,0,1,0,0,0,0,0,0,0,0,0,0,0,0,0,0,0,0,0,0,0,0,0,0,1,0,0,0,0,0,0,0,1,0,0,0,1,0,0,0,1
0,2.0,0,9.392745258631441,82.0,420.0,349.0,477843490.0061742,560514361.7620187,0,0,0,0,0,0,1,0,0,0,0,0,0,0,0,0,0,0,0,0,0,0,0,0,0,0,0,0,0,1,0,0,0,0,0,0,0,1,0,0,0,1,0,0,0,1
0,2.0,1,10.043292972227004,59.6,381.0,201.0,489919125.8357832,454252898.83176166,0,0,0,0,0,0,1,0,0,0,0,0,0,0,0,0,0,0,0,0,0,0,0,0,0,0,0,1,0,0,0,0,0,0,0,0,0,1,0,0,0,1,0,0,0,1
0,2.0,0,10.87806606028079,60.1,450.0,204.0,368607726.5961028,415802694.34294564,0,0,0,0,0,0,1,0,0,0,0,0,0,0,1,0,0,0,0,0,0,0,0,0,0,0,0,0,0,0,0,0,0,0,0,0,0,1,0,1,0,0,0,1,0,0
0,1.0,0,10.275085591132715,37.2,326.4,134.0,466261809.3042523,477329678.82494956,0,0,0,0,0,0,1,0,0,0,0,0,0,0,0,0,0,0,0,0,0,0,0,0,0,0,1,0,0,0,0,0,0,0,0,0,0,1,0,0,0,1,0,1,0,0
0,2.0,0,9.99884318585288,59.6,381.0,201.0,531860042.8528084,484666533.0259533,0,0,0,0,0,0,1,0,0,0,0,0,0,1,0,0,0,0,0,0,0,0,0,0,0,0,0,0,0,0,0,0,0,0,0,0,0,1,0,0,0,1,0,0,0,1
0,0.0,1,0.0,82.0,420.0,349.0,477843489.78558594,624026348.9517608,0,0,0,0,0,0,1,0,0,0,0,0,0,0,0,0,0,0,0,0,0,0,0,0,0,0,0,0,0,1,0,0,0,0,0,0,0,1,0,0,0,1,0,0,0,1
0,3.0,1,10.463131911491967,82.0,420.0,349.0,668729083.1412208,546514026.5478908,0,0,0,0,0,0,1,0,0,0,0,0,0,0,0,0,0,0,0,0,0,0,0,0,0,0,0,0,0,1,0,0,0,0,0,0,0,1,0,1,0,0,0,1,0,0
0,1.0,0,9.798182590890704,18.6,215.0,43.0,302966816.2687852,395068964.4680454,0,0,0,0,0,0,1,0,0,0,0,0,0,0,0,0,0,0,0,0,0,0,0,0,0,1,0,0,0,0,0,0,0,0,0,0,0,1,0,0,0,1,0,0,0,1
0,0.0,1,0.0,37.2,326.4,134.0,343332508.0296308,357538181.9215933,0,0,0,0,0,0,1,0,0,0,0,0,0,0,0,0,0,0,0,0,0,0,0,0,0,0,1,0,0,0,0,0,0,0,0,0,0,1,0,0,0,1,0,0,0,1
0,4.0,0,9.90353755128617,42.0,318.6,147.0,330803869.2227333,421344700.66583747,0,0,0,0,0,0,1,0,0,0,0,0,0,0,0,0,0,0,0,0,0,0,0,0,1,0,0,0,0,0,0,0,0,0,0,0,0,1,0,0,0,1,0,0,0,1
0,1.0,0,10.308985993422082,75.3,450.0,201.0,635127694.7407442,566636137.5107948,0,0,0,0,0,0,1,0,0,0,0,0,0,0,0,0,0,0,0,0,0,0,0,0,0,0,0,0,1,0,0,0,0,0,0,0,0,1,0,0,0,1,0,1,0,0
0,3.0,0,10.596659732783579,60.1,450.0,204.0,480044487.7506355,484666533.0259533,0,0,0,0,0,0,1,0,0,0,0,0,0,0,0,0,0,0,0,1,0,0,0,0,0,0,0,0,0,0,0,0,0,0,0,0,0,1,0,0,0,1,0,0,0,1
0,2.0,0,9.546884034617925,18.6,215.0,43.0,302623366.588274,401700029.8718064,0,0,0,0,0,0,1,0,0,0,0,0,0,0,0,0,0,0,0,0,0,0,0,0,0,1,0,0,0,0,0,0,0,0,0,0,0,1,0,0,0,1,0,1,0,0
0,3.0,0,10.691967639914864,82.0,420.0,349.0,494002090.3855765,547792556.5285484,0,0,0,0,0,0,1,0,0,0,0,0,0,0,0,0,0,0,0,0,0,0,0,0,0,0,0,0,0,1,0,0,0,0,0,0,0,1,0,1,0,0,0,1,0,0
0,1.0,0,9.210440366976517,59.6,381.0,201.0,550204170.0873541,439398283.755337,0,0,0,0,0,0,1,0,0,0,0,0,0,0,0,0,0,0,0,0,0,0,0,0,0,0,0,1,0,0,0,0,0,0,0,0,0,1,0,1,0,0,0,1,0,0
0,1.0,0,10.819798284210286,82.0,420.0,349.0,477720944.85911536,667755106.7220517,0,0,0,0,0,0,1,0,0,0,0,0,0,0,0,0,0,0,0,0,0,0,0,0,0,0,0,0,0,1,0,0,0,0,0,0,1,0,0,0,0,1,0,0,0,1
0,0.0,1,0.0,14.7,170.0,27.0,330537017.34775186,350604112.0162208,0,0,0,0,1,0,0,0,0,0,0,0,0,0,0,0,0,0,0,1,0,0,0,0,0,0,0,0,0,0,0,0,0,0,0,0,0,1,0,0,0,1,0,0,0,1
0,2.0,1,10.085850775128717,18.6,215.0,43.0,644926663.0447321,401581948.6909946,0,0,0,0,0,0,1,0,0,0,0,0,0,0,0,0,0,0,0,0,0,0,0,0,0,1,0,0,0,0,0,0,0,0,1,0,0,0,0,0,0,0,1,1,0,0
0,0.0,1,9.392745258631441,18.6,215.0,43.0,302545091.82789063,335885093.6550812,0,0,0,0,0,0,1,0,0,0,0,0,0,0,0,0,0,0,0,0,0,0,0,0,0,1,0,0,0,0,0,0,0,0,1,0,0,0,0,0,0,0,1,1,0,0
0,4.0,1,10.491301994830229,82.0,420.0,349.0,484392940.3838187,542074193.5365245,0,0,0,0,0,0,1,0,0,0,0,0,0,0,0,0,0,0,0,0,0,0,0,0,0,0,0,0,0,1,0,0,0,0,0,0,0,1,0,0,1,0,0,1,0,0
0,0.0,1,0.0,60.1,450.0,204.0,509257022.0173022,477680535.96796983,0,0,0,0,0,0,1,0,0,0,0,0,0,0,1,0,0,0,0,0,0,0,0,0,0,0,0,0,0,0,0,0,0,0,0,0,0,1,0,0,0,1,0,1,0,0
0,1.0,0,9.741027444837728,92.0,480.0,402.0,610577994.3531538,669775141.1902524,0,0,0,0,0,0,1,0,0,0,0,0,0,0,0,0,0,0,0,0,0,0,0,0,0,0,0,0,0,0,1,0,0,0,0,0,0,1,0,0,0,1,0,0,0,1
0,3.0,0,9.741027444837728,82.0,420.0,349.0,483170010.447513,547933755.754854,0,0,0,0,0,0,1,0,0,0,0,0,0,0,0,0,0,0,0,0,0,0,0,0,0,0,0,0,0,1,0,0,0,0,0,0,1,0,0,0,0,1,0,0,0,1
0,0.0,1,7.601402334583733,92.0,480.0,402.0,646341054.1920822,851159094.9244676,0,0,0,0,0,0,1,0,0,0,0,0,0,0,0,0,0,0,0,0,0,0,0,0,0,0,0,0,0,0,1,0,0,0,0,0,0,1,0,0,1,0,0,1,0,0
1,0.0,1,0.0,82.0,420.0,349.0,500461052.8976196,615764339.1618448,0,0,0,0,0,0,1,0,0,0,0,0,0,0,0,0,0,0,0,0,0,0,0,0,0,0,0,0,0,1,0,0,0,0,0,0,0,1,0,0,0,1,0,1,0,0
0,3.0,0,10.404959567375004,82.0,420.0,349.0,482947080.5112072,547866057.4956664,0,0,0,0,0,0,1,0,0,0,0,0,0,0,0,0,0,0,0,0,0,0,0,0,0,0,0,0,0,1,0,0,0,0,0,0,0,1,0,1,0,0,0,1,0,0
0,0.0,1,0.0,37.2,326.4,134.0,343026387.5194267,357139248.2779763,0,0,0,0,0,0,1,0,0,0,0,0,0,0,0,0,0,0,0,0,0,0,0,0,0,0,1,0,0,0,0,0,0,0,0,0,0,1,0,0,0,1,0,1,0,0
0,2.0,1,3.6888794541139363,82.0,420.0,349.0,477843492.59440947,560514364.5705293,0,0,0,0,0,0,1,0,0,0,0,0,0,0,0,0,0,0,0,0,0,0,0,0,0,0,0,0,0,1,0,0,0,0,0,0,0,1,0,0,0,1,0,0,0,1
0,2.0,1,11.835016210489899,37.2,326.4,134.0,475073129.0721465,395357450.6297871,0,0,0,0,0,0,1,0,0,0,0,0,0,0,0,0,0,0,0,0,0,0,0,0,0,0,1,0,0,0,0,0,0,0,0,0,0,1,0,0,0,1,0,0,0,1
0,1.0,0,10.434145214930487,75.3,450.0,201.0,501424120.93268484,566666808.4003652,0,0,0,0,0,0,1,0,0,0,0,0,0,0,0,0,0,0,0,0,0,0,0,0,0,0,0,0,1,0,0,0,0,0,0,0,0,1,0,0,0,1,0,0,0,1
0,0.0,1,0.0,75.3,450.0,201.0,440606001.75086665,581203361.4060508,0,0,0,0,0,0,1,0,0,0,0,0,0,0,0,0,0,0,0,0,0,0,0,0,0,0,0,0,1,0,0,0,0,0,0,0,0,1,0,0,0,1,0,1,0,0
0,2.0,0,10.968215530759236,37.2,326.4,134.0,474227142.6686758,393711882.1403356,0,0,0,0,0,0,0,1,0,0,0,0,0,0,0,0,0,0,0,0,0,0,0,0,0,0,1,0,0,0,0,0,0,0,0,0,0,1,0,0,0,1,0,1,0,0
0,0.0,1,0.0,18.6,215.0,43.0,644798402.1751668,335831741.69977397,0,0,0,0,0,0,1,0,0,0,0,0,0,0,0,0,0,0,0,0,0,0,0,0,0,1,0,0,0,0,0,0,0,0,0,0,1,0,0,0,0,1,0,1,0,0
0,0.0,0,9.90353755128617,60.1,450.0,204.0,368902463.438208,477829184.6166185,0,0,0,0,0,0,1,0,0,0,0,0,0,0,1,0,0,0,0,0,0,0,0,0,0,0,0,0,0,0,0,0,0,0,0,1,0,0,0,0,0,1,0,0,0,1
0,3.0,0,9.210440366976517,82.0,420.0,349.0,746403658.8535901,547848649.3718753,0,0,0,0,0,0,1,0,0,0,0,0,0,0,0,0,0,0,0,0,0,0,0,0,0,0,0,0,0,1,0,0,0,0,0,0,0,1,0,0,1,0,0,1,0,0
0,3.0,1,0.0,82.0,420.0,349.0,497681034.96978706,549144586.4531132,0,0,0,0,0,0,1,0,0,0,0,0,0,0,0,0,0,0,0,0,0,0,0,0,0,0,0,0,0,1,0,0,0,0,0,0,0,1,0,0,0,1,0,0,0,1
0,1.0,1,4.51085950651685,82.0,420.0,349.0,743071566.44331,662287817.0024256,0,0,0,0,0,0,1,0,0,0,0,0,0,0,0,0,0,0,0,0,0,0,0,0,0,0,0,0,0,1,0,0,0,0,0,0,0,1,0,0,1,0,0,1,0,0
0,0.0,1,0.0,59.6,381.0,201.0,515449796.95537263,514024504.51179695,0,0,0,0,0,0,1,0,0,0,0,0,0,1,0,0,0,0,0,0,0,0,0,0,0,0,0,0,0,0,0,0,0,0,0,0,0,1,0,0,0,1,0,1,0,0
0,1.0,0,10.308985993422082,59.6,381.0,201.0,436391359.87101835,440606075.3872303,0,0,0,0,0,0,1,0,0,0,0,0,0,0,0,0,0,0,0,0,0,0,0,1,0,0,0,0,0,0,0,0,0,0,0,0,0,1,0,0,0,1,0,0,0,1
0,1.0,0,9.210440366976517,18.6,215.0,43.0,302966816.7192644,395068965.12385935,0,0,0,0,0,0,1,0,0,0,0,0,0,0,0,0,0,0,0,0,0,0,0,0,0,1,0,0,0,0,0,0,0,0,0,0,0,1,0,0,0,1,0,0,0,1
0,2.0,0,8.517393171418904,59.6,381.0,201.0,489919124.0713204,454252896.04091203,0,0,0,0,0,0,1,0,0,0,0,0,0,0,0,0,0,0,0,0,0,0,0,0,0,0,0,1,0,0,0,0,0,0,0,0,0,1,0,0,0,1,0,0,0,1
0,0.0,1,0.0,59.6,381.0,201.0,549741905.9364107,494471236.4301835,0,0,0,0,0,0,1,0,0,0,0,0,0,0,0,0,0,0,0,0,0,0,0,0,0,0,0,1,0,0,0,0,0,0,0,1,0,0,0,0,1,0,0,1,0,0
1,0.0,0,10.736418414365376,92.0,480.0,402.0,667401773.6733214,850382779.1349939,0,0,0,0,0,0,1,0,0,0,0,0,0,0,0,0,0,0,0,0,0,0,0,0,0,0,0,0,0,0,1,0,0,0,0,0,0,1,0,1,0,0,0,1,0,0
0,1.0,1,0.0,18.6,215.0,43.0,302966816.1250152,395068964.25874305,0,0,0,0,0,0,1,0,0,0,0,0,0,0,0,0,0,0,0,0,0,0,0,0,0,1,0,0,0,0,0,0,0,0,0,0,0,1,0,0,0,1,0,0,0,1
0,2.0,0,10.404293143019792,59.6,381.0,201.0,402650277.3351357,454252896.59646755,0,0,0,0,0,0,1,0,0,0,0,0,0,0,0,0,0,0,0,0,0,0,0,0,0,0,0,1,0,0,0,0,0,0,0,0,0,1,0,0,0,1,0,0,0,1
1,3.0,0,10.043292972227004,92.0,480.0,402.0,684299185.7246034,461656021.6596022,0,0,0,0,0,0,1,0,0,0,0,0,0,0,0,0,0,0,0,0,0,0,0,0,0,0,0,0,0,0,1,0,0,0,0,0,0,1,0,0,0,1,0,0,0,1
1,1.0,1,0.0,18.6,215.0,43.0,302923366.58827394,395005709.8168826,0,0,0,0,0,0,1,0,0,0,0,0,0,0,0,0,0,0,0,0,0,0,0,0,0,1,0,0,0,0,0,0,0,0,0,0,1,0,0,0,0,1,0,1,0,0
0,3.0,1,10.195783962538654,59.6,381.0,201.0,581759185.0144185,855986613.2103812,0,0,0,1,0,0,0,0,0,0,0,1,0,0,0,0,0,0,0,0,0,0,0,0,0,0,0,0,0,0,0,0,0,0,0,0,0,1,0,0,1,0,0,1,0,0
0,0.0,1,0.0,59.6,381.0,201.0,484666533.0259533,526481759.6022049,0,0,0,0,0,0,1,0,0,0,0,0,0,0,0,0,1,0,0,0,0,0,0,0,0,0,0,0,0,0,0,0,0,0,0,1,0,0,0,0,0,1,0,1,0,0
0,2.0,0,11.19822841866684,59.6,381.0,201.0,487460449.2572708,450364011.69450676,0,0,0,0,0,0,1,0,0,0,0,0,0,0,0,0,0,0,0,0,0,0,0,0,0,0,0,1,0,0,0,0,0,0,0,0,0,1,0,0,0,1,0,0,1,0
0,1.0,0,8.517393171418904,18.6,215.0,43.0,452222175.8549611,484666533.0259533,0,0,0,0,0,0,1,0,0,0,0,0,0,0,0,0,0,0,0,1,0,0,0,0,0,0,0,0,0,0,0,0,0,0,0,0,0,1,0,1,0,0,0,1,0,0
1,2.0,1,9.305741456739435,18.6,215.0,43.0,302233590.2304465,400799660.8681164,0,0,0,0,0,0,1,0,0,0,0,0,0,0,0,0,0,0,0,0,0,0,0,0,0,1,0,0,0,0,0,0,0,0,0,0,0,1,0,0,1,0,0,1,0,0
0,2.0,1,7.783640596221253,18.6,215.0,43.0,642520865.9432828,399744310.31461084,0,0,0,0,0,0,1,0,0,0,0,0,0,0,0,0,0,0,0,0,0,0,0,0,0,1,0,0,0,0,0,0,0,0,0,0,0,1,0,0,1,0,0,1,0,0
0,1.0,1,0.0,18.6,215.0,43.0,643081252.4167126,393606174.9331617,0,0,0,0,0,0,1,0,0,0,0,0,0,0,0,0,0,0,0,0,0,0,0,0,0,1,0,0,0,0,0,0,0,0,0,0,0,1,0,0,1,0,0,1,0,0
0,0.0,0,9.798182590890704,60.1,450.0,204.0,682526860.1654764,477822427.85986173,0,0,0,0,0,0,1,0,0,0,0,0,0,0,1,0,0,0,0,0,0,0,0,0,0,0,0,0,0,0,0,0,0,0,0,0,0,1,0,0,1,0,0,1,0,0
0,0.0,1,0.0,37.2,326.4,134.0,475073128.2001291,357538180.88435924,0,0,0,0,0,0,1,0,0,0,0,0,0,0,0,0,0,0,0,0,0,0,0,0,0,0,1,0,0,0,0,0,0,0,0,1,0,0,0,0,0,1,0,0,0,1
1,2.0,1,10.203629181337648,59.6,381.0,201.0,486881936.86057657,449448979.01476824,0,0,0,0,0,0,1,0,0,0,0,0,0,0,0,0,0,0,0,0,0,0,0,0,0,0,0,1,0,0,0,0,0,0,0,1,0,0,0,0,1,0,0,1,0,0
0,2.0,1,0.0,82.0,420.0,349.0,627716680.8564883,557163302.1343592,0,0,0,0,0,0,1,0,0,0,0,0,0,0,0,0,0,0,0,0,0,0,0,0,0,0,0,0,0,1,0,0,0,0,0,0,0,1,0,0,1,0,0,1,0,0
0,0.0,1,0.0,18.6,215.0,43.0,507424120.93268484,333924199.8003326,0,0,0,0,0,0,1,0,0,0,0,0,0,0,0,0,0,0,0,0,0,0,0,0,0,1,0,0,0,0,0,0,0,0,0,0,0,1,0,0,1,0,0,1,0,0
0,1.0,1,0.0,82.0,420.0,349.0,494054721.96452385,661549499.2454163,0,0,0,0,0,0,1,0,0,0,0,0,0,0,0,0,0,0,0,0,0,0,0,0,0,0,0,0,0,1,0,0,0,0,0,1,0,0,0,0,1,0,0,1,0,0
0,0.0,1,0.0,17.0,150.0,41.0,303981221.28870595,321157861.919398,0,0,0,0,0,0,1,0,0,0,1,0,0,0,0,0,0,0,0,0,0,0,0,0,0,0,0,0,0,0,0,0,0,0,0,1,0,0,0,0,0,1,0,1,0,0
0,2.0,0,10.275085591132715,75.3,450.0,201.0,502415597.64129204,398297002.085747,0,0,0,0,0,0,1,0,0,0,0,0,0,0,0,0,0,0,0,0,0,0,0,0,0,0,0,0,1,0,0,0,0,0,0,0,0,1,0,0,0,1,0,0,1,0
0,0.0,1,0.0,59.6,381.0,201.0,398178059.34902453,494657571.83391017,0,0,0,0,0,0,1,0,0,0,0,0,0,0,0,0,0,0,0,0,0,0,0,0,0,0,0,1,0,0,0,0,0,0,0,0,0,1,0,0,1,0,0,1,0,0
0,2.0,0,8.517393171418904,18.6,215.0,43.0,302966815.9972197,402493385.33306104,0,0,0,0,0,0,1,0,0,0,0,0,0,0,0,0,0,0,0,0,0,0,0,0,0,1,0,0,0,0,0,0,0,0,0,0,0,1,0,0,0,1,0,0,0,1
0,0.0,1,0.0,59.6,381.0,201.0,487113341.8192543,494440180.52956235,0,0,0,0,0,0,1,0,0,0,0,0,0,0,0,0,0,0,0,0,0,0,0,0,0,0,0,1,0,0,0,0,0,0,0,1,0,0,0,0,1,0,0,1,0,0
0,3.0,0,10.799595985047786,82.0,420.0,349.0,497681033.8329449,549144586.0353183,0,0,0,0,0,0,1,0,0,0,0,0,0,0,0,0,0,0,0,0,0,0,0,0,0,0,0,0,0,1,0,0,0,0,0,0,0,1,0,0,0,1,0,0,0,1
0,0.0,1,0.0,59.6,381.0,201.0,440606057.2054121,403889144.1049611,0,0,0,0,1,0,0,0,0,0,0,0,0,0,0,0,0,0,0,1,0,0,0,0,0,0,0,0,0,0,0,0,0,0,0,0,1,0,0,0,0,1,0,0,1,0
0,1.0,0,4.61512051684126,37.2,326.4,134.0,424333294.4895449,477065835.1767411,0,0,0,0,0,0,1,0,0,0,0,0,0,0,0,0,0,0,0,0,0,0,0,0,0,0,1,0,0,0,0,0,0,0,1,0,0,0,0,0,1,0,0,1,0,0
0,3.0,1,10.596659732783579,82.0,420.0,349.0,745559908.8535901,547639751.8863821,0,0,0,0,0,0,1,0,0,0,0,0,0,0,0,0,0,0,0,0,0,0,0,0,0,0,0,0,0,1,0,0,0,0,0,0,0,1,0,0,1,0,0,1,0,0
0,2.0,0,9.305741456739435,82.0,420.0,349.0,497681032.3066291,560514360.4588274,0,0,0,0,0,0,1,0,0,0,0,0,0,0,0,0,0,0,0,0,0,0,0,0,0,0,0,0,0,1,0,0,0,0,0,0,0,1,0,0,0,1,0,0,0,1
0,2.0,1,9.210440366976517,92.0,480.0,402.0,571779920.4849426,482478183.73806673,0,0,0,0,0,0,1,0,0,0,0,0,0,0,0,0,0,0,0,0,0,0,0,0,0,0,0,0,0,0,1,0,0,0,1,0,0,0,0,0,0,0,1,1,0,0
1,0.0,1,0.0,37.2,326.4,134.0,473600244.6209534,353926482.32052946,0,0,0,0,0,0,1,0,0,0,0,0,0,0,0,0,0,0,0,0,0,0,0,0,0,0,1,0,0,0,0,0,0,0,0,1,0,0,0,0,1,0,0,1,0,0
0,3.0,0,8.517393171418904,14.7,170.0,27.0,323459542.91159785,484666533.0259533,0,0,0,0,0,0,1,0,0,0,0,0,0,0,0,0,0,0,1,0,0,0,0,0,0,0,0,0,0,0,0,0,0,0,0,0,0,1,0,1,0,0,0,1,0,0
0,1.0,0,11.097425172408931,82.0,420.0,349.0,482730520.0016531,661493424.4790611,0,0,0,0,0,0,1,0,0,0,0,0,0,0,0,0,0,0,0,0,0,0,0,0,0,0,0,0,0,1,0,0,0,0,0,0,0,1,0,1,0,0,0,1,0,0
0,4.0,1,9.90353755128617,42.0,318.6,147.0,327173739.35971963,418367178.41864645,0,0,0,0,0,0,1,0,0,0,0,0,0,0,0,0,0,0,0,0,0,0,0,0,1,0,0,0,0,0,0,0,0,0,0,1,0,0,0,0,1,0,0,1,0,0
0,2.0,1,9.15915233520675,37.2,326.4,134.0,484666533.0259533,391855342.0559474,0,0,0,0,0,0,1,0,0,0,0,0,0,0,0,0,0,0,0,0,0,0,0,0,0,0,1,0,0,0,0,0,0,0,0,0,0,1,0,0,1,0,0,1,0,0
0,0.0,1,0.0,60.1,450.0,204.0,371860358.1750502,481626481.9139158,0,0,0,0,0,0,1,0,0,0,0,0,0,0,1,0,0,0,0,0,0,0,0,0,0,0,0,0,0,0,0,0,0,0,0,0,0,1,0,0,0,1,0,1,0,0
0,3.0,0,10.513280297700861,82.0,420.0,349.0,497681033.9382081,549144586.074003,0,0,0,0,0,0,1,0,0,0,0,0,0,0,0,0,0,0,0,0,0,0,0,0,0,0,0,0,0,1,0,0,0,0,0,0,0,1,0,0,0,1,0,0,0,1
1,0.0,1,10.463131911491967,59.6,381.0,201.0,484666533.0259533,484666533.0259533,0,0,0,0,0,0,0,0,1,0,0,0,0,0,0,0,0,0,0,1,0,0,0,0,0,0,0,0,0,0,0,0,0,0,0,1,0,0,0,0,0,1,0,0,0,1
0,0.0,1,8.006700845440367,37.2,326.4,134.0,339373326.2949369,352378609.9801039,0,0,0,0,0,0,1,0,0,0,0,0,0,0,0,0,0,0,0,0,0,0,0,0,0,0,1,0,0,0,0,0,0,0,0,0,0,1,0,1,0,0,0,1,0,0
0,1.0,1,0.0,18.6,215.0,43.0,301794293.10584587,393361988.88665,0,0,0,0,0,0,1,0,0,0,0,0,0,0,0,0,0,0,0,0,0,0,0,0,0,1,0,0,0,0,0,0,0,0,0,1,0,0,0,0,1,0,0,1,0,0
1,4.0,0,10.165890277802454,42.0,318.6,147.0,330803869.2912265,421344700.7220173,0,0,0,0,0,0,1,0,0,0,0,0,0,0,0,0,0,0,0,0,0,0,0,0,1,0,0,0,0,0,0,0,0,0,0,0,0,1,0,0,0,1,0,0,0,1
0,2.0,0,8.732465848349879,18.6,215.0,43.0,302567456.045143,401570878.5802935,0,0,0,0,0,0,1,0,0,0,0,0,0,0,0,0,0,0,0,0,0,0,0,0,0,1,0,0,0,0,0,0,0,1,0,0,0,0,0,0,0,1,0,0,0,1
1,1.0,0,9.210440366976517,92.0,480.0,402.0,608209584.1338556,667467459.4381157,0,0,0,0,0,0,1,0,0,0,0,0,0,0,0,0,0,0,0,0,0,0,0,0,0,0,0,0,0,0,1,0,0,0,1,0,0,0,0,0,0,0,1,1,0,0
1,2.0,0,11.06665398721974,37.2,326.4,134.0,475073128.265205,395357449.06016684,0,0,0,0,0,0,1,0,0,0,0,0,0,0,0,0,0,0,0,0,0,0,0,0,0,0,1,0,0,0,0,0,0,0,0,0,0,1,0,0,0,1,0,0,0,1
0,1.0,0,10.596659732783579,18.6,215.0,43.0,643897677.5374856,393999198.18897563,0,0,0,0,0,0,1,0,0,0,0,0,0,0,0,0,0,0,0,0,0,0,0,0,0,1,0,0,0,0,0,0,0,0,0,0,0,1,0,0,1,0,0,1,0,0
0,3.0,0,11.06665398721974,82.0,420.0,349.0,487157268.1481499,549144586.4299023,0,0,0,0,0,0,1,0,0,0,0,0,0,0,0,0,0,0,0,0,0,0,0,0,0,0,0,0,0,1,0,0,0,0,0,0,0,1,0,0,0,1,0,0,0,1
0,3.0,1,8.160803920954665,37.2,326.4,134.0,474172912.73375165,437567222.30207187,0,0,0,0,0,0,1,0,0,0,0,0,0,0,0,0,0,0,0,0,0,0,0,0,0,0,1,0,0,0,0,0,0,0,0,0,0,1,0,0,1,0,0,1,0,0
0,1.0,0,8.517393171418904,37.2,326.4,134.0,472676166.52984715,475127724.42755544,0,0,0,0,0,0,0,1,0,0,0,0,0,0,0,0,0,0,0,0,0,0,0,0,0,0,1,0,0,0,0,0,0,0,0,0,0,1,0,1,0,0,0,1,0,0
0,2.0,0,9.741027444837728,37.2,326.4,134.0,343332507.31534505,395357449.0179727,0,0,0,0,0,0,1,0,0,0,0,0,0,0,0,0,0,0,0,0,0,0,0,0,0,0,1,0,0,0,0,0,0,0,0,0,0,1,0,0,0,1,0,0,0,1
0,0.0,1,0.0,59.6,381.0,201.0,484666533.0259533,484666533.0259533,0,0,0,0,0,0,1,0,0,0,0,0,0,0,0,0,0,0,0,1,0,0,0,0,0,0,0,0,0,0,0,0,0,0,0,1,0,0,0,0,0,1,0,1,0,0
0,2.0,0,8.853808274977197,18.6,215.0,43.0,302966816.61223567,402493386.75372523,0,0,0,0,0,0,1,0,0,0,0,0,0,0,0,0,0,0,0,0,0,0,0,0,0,1,0,0,0,0,0,0,0,0,0,0,0,1,0,0,0,1,0,0,0,1
0,2.0,1,4.007333185232471,82.0,420.0,349.0,742856842.5169296,557083514.9003167,0,0,0,0,0,0,1,0,0,0,0,0,0,0,0,0,0,0,0,0,0,0,0,0,0,0,0,0,0,1,0,0,0,0,0,0,0,1,0,0,1,0,0,1,0,0
0,1.0,1,0.0,59.6,381.0,201.0,482777734.68396884,501151393.6599575,0,0,0,0,0,0,1,0,0,0,0,0,0,0,0,0,0,0,0,1,0,0,0,0,0,0,0,0,0,0,0,0,0,0,0,0,0,1,0,1,0,0,0,0,1,0
1,1.0,1,9.680406499268875,59.6,381.0,201.0,349833474.21297663,439016927.82313365,0,0,0,0,0,0,1,0,0,0,0,0,0,0,0,0,0,0,0,0,0,0,0,0,0,0,0,1,0,0,0,0,0,0,0,1,0,0,0,0,1,0,0,1,0,0
0,0.0,1,0.0,60.1,450.0,204.0,369897200.28031325,479106211.6436455,0,0,0,0,0,0,1,0,0,0,0,0,0,0,1,0,0,0,0,0,0,0,0,0,0,0,0,0,0,0,0,0,0,0,0,0,0,1,0,0,1,0,0,1,0,0
0,1.0,0,9.472781556562168,59.6,381.0,201.0,403525508.32997876,425820544.94304097,0,0,0,0,0,0,1,0,0,0,0,0,0,0,0,1,0,0,0,0,0,0,0,0,0,0,0,0,0,0,0,0,0,0,0,0,0,1,0,0,0,1,0,0,0,1
0,2.0,0,9.210440366976517,18.6,215.0,43.0,302648925.6937053,401759070.4622123,0,0,0,0,0,0,1,0,0,0,0,0,0,0,0,0,0,0,0,0,0,0,0,0,0,1,0,0,0,0,0,0,0,0,0,0,1,0,0,0,0,1,0,0,0,1
0,0.0,0,9.90353755128617,37.2,326.4,134.0,341475367.1112634,355117971.6822315,0,0,0,0,0,0,1,0,0,0,0,0,0,0,0,0,0,0,0,0,0,0,0,0,0,0,1,0,0,0,0,0,0,0,0,0,1,0,0,0,0,1,0,1,0,0
0,0.0,0,9.90353755128617,37.2,326.4,134.0,474965264.14373,357273684.44818896,0,0,0,0,0,0,1,0,0,0,0,0,0,0,0,0,0,0,0,0,0,0,0,0,0,0,1,0,0,0,0,0,0,0,0,0,1,0,0,0,0,1,0,1,0,0
0,0.0,1,0.0,75.3,450.0,201.0,483178405.56827813,580731251.3143077,0,0,0,0,0,0,1,0,0,0,0,0,0,0,0,0,0,0,0,0,0,0,0,0,0,0,0,0,1,0,0,0,0,0,0,0,0,1,0,0,0,1,0,1,0,0
0,3.0,0,11.211833885608513,37.2,326.4,134.0,474313910.5645543,438411378.1462277,0,0,0,0,0,0,1,0,0,0,0,0,0,0,0,0,0,0,0,0,0,0,0,0,0,0,1,0,0,0,0,0,0,0,0,0,0,1,0,0,1,0,0,1,0,0
0,1.0,1,0.0,37.2,326.4,134.0,341389652.8255491,477176584.3624089,0,0,0,0,0,0,1,0,0,0,0,0,0,0,0,0,0,0,0,0,0,0,0,0,0,0,1,0,0,0,0,0,0,0,0,0,1,0,0,0,0,1,0,1,0,0
1,2.0,0,10.085850775128717,59.6,381.0,201.0,487315821.15809727,450135253.52457213,0,0,0,0,0,0,1,0,0,0,0,0,0,0,0,0,0,0,0,0,0,0,0,0,0,0,0,1,0,0,0,0,0,0,0,0,1,0,0,0,0,1,0,0,0,1
0,1.0,0,0.0,37.2,326.4,134.0,473554691.4756172,476446942.6685978,0,0,0,0,0,0,1,0,0,0,0,0,0,0,0,0,0,0,0,0,0,0,0,0,0,0,1,0,0,0,0,0,0,0,0,0,0,1,0,1,0,0,0,1,0,0
0,1.0,0,10.691967639914864,60.1,450.0,204.0,478257451.14519066,460530366.5634215,0,0,0,0,0,0,1,0,0,0,0,0,0,0,1,0,0,0,0,0,0,0,0,0,0,0,0,0,0,0,0,0,0,0,0,0,0,1,0,0,0,1,0,0,0,1
0,2.0,1,9.741027444837728,82.0,420.0,349.0,518627474.42703134,560514363.62904,0,0,0,0,0,0,1,0,0,0,0,0,0,0,0,0,0,0,0,0,0,0,0,0,0,0,0,0,0,1,0,0,0,0,0,0,0,1,0,0,0,1,0,0,0,1
0,0.0,1,0.0,37.2,326.4,134.0,343332507.15616137,357538180.7832954,0,0,0,0,0,0,1,0,0,0,0,0,0,0,0,0,0,0,0,0,0,0,0,0,0,0,1,0,0,0,0,0,0,0,0,1,0,0,0,0,0,1,0,0,0,1
1,1.0,1,0.0,82.0,420.0,349.0,484361093.25006074,663885947.843547,0,0,0,0,0,0,1,0,0,0,0,0,0,0,0,0,0,0,0,0,0,0,0,0,0,0,0,0,0,1,0,0,0,0,0,0,0,1,0,0,1,0,0,1,0,0
0,3.0,0,9.18840146445743,92.0,480.0,402.0,610577994.6601714,461656019.8832864,0,0,0,0,0,0,1,0,0,0,0,0,0,0,0,0,0,0,0,0,0,0,0,0,0,0,0,0,0,0,1,0,0,0,0,0,0,1,0,0,0,1,0,0,0,1
0,1.0,1,9.680406499268875,59.6,381.0,201.0,489919121.86470884,442046583.63245565,0,0,0,0,0,0,1,0,0,0,0,0,0,0,0,0,0,0,0,0,0,0,0,0,0,0,0,1,0,0,0,0,0,0,0,0,0,1,0,0,0,1,0,0,0,1
0,4.0,0,10.308985993422082,42.0,318.6,147.0,484666533.0259533,421344700.7220173,0,0,0,0,0,0,1,0,0,0,0,0,0,0,0,0,0,0,0,0,0,0,0,0,1,0,0,0,0,0,0,0,0,0,0,0,0,1,0,0,0,1,0,0,0,1
0,2.0,1,6.90875477931522,18.6,215.0,43.0,300810267.5467405,397511837.9898876,0,0,0,0,0,0,1,0,0,0,0,0,0,0,0,0,0,0,0,0,0,0,0,0,0,1,0,0,0,0,0,0,0,0,0,0,0,1,0,1,0,0,0,1,0,0
0,4.0,0,10.596659732783579,82.0,420.0,349.0,484666533.0259533,540997804.6476357,0,0,0,0,0,0,1,0,0,0,0,0,0,0,0,0,0,0,0,0,0,0,0,0,0,0,0,0,0,1,0,0,0,0,0,0,0,1,0,0,0,1,0,1,0,0
1,1.0,1,10.404293143019792,37.2,326.4,134.0,474120851.9962246,477297105.5350473,0,0,0,0,0,0,1,0,0,0,0,0,0,0,0,0,0,0,0,0,0,0,0,0,0,0,1,0,0,0,0,0,0,0,0,0,0,1,0,0,1,0,0,1,0,0
0,1.0,0,9.741027444837728,18.6,215.0,43.0,629699609.9046354,387164314.4680454,0,0,0,0,0,0,1,0,0,0,0,0,0,0,0,0,0,0,0,0,0,0,0,0,0,1,0,0,0,0,0,0,0,0,0,0,0,1,0,1,0,0,0,0,1,0
0,1.0,0,9.392745258631441,75.3,450.0,201.0,502091523.56721795,561789511.7439235,0,0,0,0,0,0,1,0,0,0,0,0,0,0,0,0,0,0,0,0,0,0,0,0,0,0,0,0,1,0,0,0,0,0,0,0,0,1,0,0,1,0,0,1,0,0
0,0.0,0,9.90353755128617,59.6,381.0,201.0,373252801.0572515,537325237.8756809,0,0,0,0,0,0,1,0,0,0,0,0,0,0,0,1,0,0,0,0,0,0,0,0,0,0,0,0,0,0,0,0,0,0,0,0,1,0,0,0,0,1,0,0,0,1
0,3.0,0,10.463131911491967,92.0,480.0,402.0,403888934.8549611,461656020.70565486,0,0,0,0,0,0,1,0,0,0,0,0,0,0,0,0,0,0,0,0,0,0,0,0,0,0,0,0,0,0,1,0,0,0,0,0,0,1,0,0,0,1,0,0,0,1
1,3.0,0,10.308985993422082,37.2,326.4,134.0,473580721.84438074,434021767.7566173,0,0,0,0,0,0,0,1,0,0,0,0,0,0,0,0,0,0,0,0,0,0,0,0,0,0,1,0,0,0,0,0,0,0,0,0,0,1,0,1,0,0,0,1,0,0
0,0.0,1,0.0,37.2,326.0,136.0,473897333.0968872,321343200.50926906,0,0,0,0,0,0,1,0,0,0,0,0,1,0,0,0,0,0,0,0,0,0,0,0,0,0,0,0,0,0,0,0,0,0,0,0,0,1,0,0,0,1,0,1,0,0
0,3.0,0,10.434145214930487,42.0,318.6,147.0,478190433.9471095,389983502.9129766,0,0,0,0,0,0,1,0,0,0,0,0,0,0,0,0,0,0,0,0,0,0,0,0,1,0,0,0,0,0,0,0,0,0,0,0,0,1,0,0,0,1,0,0,0,1
0,0.0,1,0.0,82.0,420.0,349.0,473833689.9571546,617152406.3887357,0,0,0,0,0,0,1,0,0,0,0,0,0,0,0,0,0,0,0,0,0,0,0,0,0,0,0,0,0,1,0,0,0,0,0,0,0,1,0,0,0,1,0,1,0,0
0,0.0,1,0.0,17.0,150.0,41.0,305160708.4681932,322510803.0958686,0,0,0,0,1,0,0,0,0,0,1,0,0,0,0,0,0,0,0,0,0,0,0,0,0,0,0,0,0,0,0,0,0,0,0,1,0,0,0,0,0,1,0,1,0,0
0,1.0,1,0.0,92.0,480.0,402.0,566032667.7376897,658493100.4637567,0,0,0,0,0,0,1,0,0,0,0,0,0,0,0,0,0,0,0,0,0,0,0,0,0,0,0,0,0,0,1,0,0,0,0,0,1,0,0,0,0,1,0,1,0,0
1,2.0,0,6.255750041753367,75.3,450.0,201.0,653021462.2664366,402543577.42821276,0,0,0,0,0,0,1,0,0,0,0,0,0,0,0,0,0,0,0,0,0,0,0,0,0,0,0,0,1,0,0,0,0,0,0,0,0,1,0,0,1,0,0,1,0,0
0,2.0,0,10.12667110305036,75.3,450.0,201.0,635190185.9282442,408707951.33232236,0,0,0,0,0,0,1,0,0,0,0,0,0,0,0,0,0,0,0,0,0,0,0,0,0,0,0,0,1,0,0,0,0,0,0,0,0,1,0,0,0,1,0,0,0,1
0,1.0,1,0.0,37.2,326.4,134.0,341312101.805141,477114695.11159456,0,0,0,0,0,0,1,0,0,0,0,0,0,0,0,0,0,0,0,0,0,0,0,0,0,0,1,0,0,0,0,0,0,0,0,0,0,1,0,0,0,1,0,1,0,0
0,1.0,0,10.757924157061597,18.6,215.0,43.0,302303877.77038264,394103849.35176635,0,0,0,0,0,0,1,0,0,0,0,0,0,0,0,0,0,0,0,0,0,0,0,0,0,1,0,0,0,0,0,0,0,0,0,0,0,1,0,0,1,0,0,1,0,0
0,1.0,1,0.0,75.3,450.0,201.0,483269314.65918726,562243499.4739848,0,0,0,0,0,0,1,0,0,0,0,0,0,0,0,0,0,0,0,0,0,0,0,0,0,0,0,0,1,0,0,0,0,0,0,0,0,1,0,0,0,1,0,1,0,0
0,3.0,1,10.12667110305036,92.0,480.0,402.0,403888961.2716277,461656022.79118115,0,0,0,0,0,0,1,0,0,0,0,0,0,0,0,0,0,0,0,0,0,0,0,0,0,0,0,0,0,0,1,0,0,0,0,0,0,1,0,0,0,1,0,0,0,1
0,1.0,1,0.0,18.6,215.0,43.0,302525922.49881715,394427105.1657198,0,0,0,0,0,0,1,0,0,0,0,0,0,0,0,0,0,0,0,0,0,0,0,0,0,1,0,0,0,0,0,0,0,0,0,0,0,1,0,0,0,1,0,0,1,0
0,1.0,1,0.0,75.3,450.0,201.0,622590194.7407442,560482763.2776659,0,0,0,0,0,0,1,0,0,0,0,0,0,0,0,0,0,0,0,0,0,0,0,0,0,0,0,0,1,0,0,0,0,0,0,0,0,1,0,1,0,0,0,1,0,0
1,2.0,0,8.853808274977197,18.6,215.0,43.0,302966816.6953027,402493386.9456071,0,0,0,0,0,0,1,0,0,0,0,0,0,0,0,0,0,0,0,0,0,0,0,0,0,1,0,0,0,0,0,0,0,0,0,0,0,1,0,0,0,1,0,0,0,1
0,1.0,1,0.0,59.6,381.0,201.0,487241440.992808,439300826.12821835,0,0,0,0,0,0,1,0,0,0,0,0,0,0,0,0,0,0,0,0,0,0,0,0,0,0,0,1,0,0,0,0,0,0,0,0,0,1,0,0,0,1,0,1,0,0
0,4.0,0,10.308985993422082,42.0,318.6,147.0,330803869.49670595,421344700.8905566,0,0,0,0,0,0,1,0,0,0,0,0,0,0,0,0,0,0,0,0,0,0,0,0,1,0,0,0,0,0,0,0,0,0,0,0,0,1,0,0,0,1,0,0,0,1
0,1.0,1,0.0,59.6,381.0,201.0,418641092.04844356,394619083.1613952,1,0,0,0,0,0,0,0,0,0,0,0,0,0,0,0,0,0,0,0,0,0,0,0,0,0,0,0,0,0,0,0,1,0,0,0,0,1,0,0,0,1,0,0,0,1
0,1.0,0,9.305741456739435,59.6,381.0,201.0,654777688.6839689,557055444.1882944,0,0,0,0,1,0,0,0,0,0,0,0,0,0,0,0,0,0,0,1,0,0,0,0,0,0,0,0,0,0,0,0,0,0,0,0,0,1,0,1,0,0,0,1,0,0
1,3.0,1,9.546884034617925,92.0,480.0,402.0,565400799.6058216,452215238.30433905,0,0,0,0,0,0,1,0,0,0,0,0,0,0,0,0,0,0,0,0,0,0,0,0,0,0,0,0,0,0,1,0,0,0,0,0,0,1,0,1,0,0,0,1,0,0
1,1.0,0,9.90353755128617,37.2,326.4,134.0,445745065.5446784,477945314.00410265,0,0,0,0,0,0,1,0,0,0,0,0,0,0,0,0,0,0,0,0,0,0,0,0,0,0,1,0,0,0,0,0,0,0,1,0,0,0,0,0,0,0,1,1,0,0
1,2.0,1,9.105090961257085,75.3,450.0,201.0,505434116.15981054,402762755.5104046,0,0,0,0,0,0,1,0,0,0,0,0,0,0,0,0,0,0,0,0,0,0,0,0,0,0,0,0,1,0,0,0,0,0,0,0,0,1,0,0,1,0,0,1,0,0
0,0.0,1,0.0,59.6,381.0,201.0,535743486.94304097,494678068.7283201,0,0,0,0,0,0,1,0,0,0,0,0,0,0,0,0,0,0,0,0,0,0,0,0,0,0,0,1,0,0,0,0,0,0,0,0,1,0,0,0,0,1,0,1,0,0
0,0.0,1,0.0,82.0,420.0,349.0,497681032.00662917,624026346.792097,0,0,0,0,0,0,1,0,0,0,0,0,0,0,0,0,0,0,0,0,0,0,0,0,0,0,0,0,0,1,0,0,0,0,0,0,0,1,0,0,0,1,0,0,0,1
0,3.0,0,10.819798284210286,82.0,420.0,349.0,742795492.8236781,547877662.9115272,0,0,0,0,0,0,1,0,0,0,0,0,0,0,0,0,0,0,0,0,0,0,0,0,0,0,0,0,0,1,0,0,0,0,0,0,0,1,0,0,1,0,0,1,0,0
0,1.0,0,7.901377353792616,37.2,326.4,134.0,474227142.6686758,477456714.6555685,0,0,0,0,0,0,1,0,0,0,0,0,0,0,0,0,0,0,0,0,0,0,0,0,0,0,1,0,0,0,0,0,0,0,0,0,0,1,0,0,1,0,0,1,0,0
0,1.0,1,0.0,37.2,326.4,134.0,341516183.437794,477277561.5611059,0,0,0,0,0,0,1,0,0,0,0,0,0,0,0,0,0,0,0,0,0,0,0,0,0,0,1,0,0,0,0,0,0,0,0,0,1,0,0,0,0,1,0,1,0,0
0,1.0,1,0.0,75.3,450.0,201.0,635190185.6532443,566666807.8972977,0,0,0,0,0,0,1,0,0,0,0,0,0,0,0,0,0,0,0,0,0,0,0,0,0,0,0,0,1,0,0,0,0,0,0,0,0,1,0,0,0,1,0,0,0,1
0,5.0,1,9.99884318585288,59.6,381.0,201.0,484666533.0259533,715444355.3506355,0,0,0,0,0,1,0,0,0,0,0,0,0,0,0,0,0,0,0,0,1,0,0,0,0,0,0,0,0,0,0,0,0,0,0,0,0,1,0,1,0,0,0,1,0,0
0,1.0,1,0.0,18.6,215.0,43.0,300754357.0036095,391848035.39827794,0,0,0,0,0,0,1,0,0,0,0,0,0,0,0,0,0,0,0,0,0,0,0,0,0,1,0,0,0,0,0,0,0,0,0,0,0,1,0,1,0,0,0,1,0,0
0,3.0,1,10.691967639914864,82.0,420.0,349.0,497681034.0118923,549144586.1010822,0,0,0,0,0,0,1,0,0,0,0,0,0,0,0,0,0,0,0,0,0,0,0,0,0,0,0,0,0,1,0,0,0,0,0,0,0,1,0,0,0,1,0,0,0,1
0,2.0,0,8.987321812850125,59.6,381.0,201.0,488972845.9514857,452756168.5572519,0,0,0,0,0,0,1,0,0,0,0,0,0,0,0,0,0,0,0,0,0,0,0,0,0,0,0,1,0,0,0,0,0,0,1,0,0,0,0,0,0,0,1,1,0,0
0,0.0,1,0.0,60.1,450.0,204.0,369107726.59610283,478092698.130132,0,0,0,0,0,0,1,0,0,0,0,0,0,0,1,0,0,0,0,0,0,0,0,0,0,0,0,0,0,0,0,0,0,0,0,0,0,1,0,0,0,1,0,1,0,0
0,0.0,1,0.0,18.6,215.0,43.0,425317133.4382944,335705764.04614264,0,0,0,0,0,0,1,0,0,0,0,0,0,0,0,0,0,0,0,0,0,0,0,0,0,1,0,0,0,0,0,0,0,0,0,0,1,0,0,0,0,1,0,1,0,0
0,1.0,1,9.90353755128617,37.2,326.4,134.0,475073129.11119205,478727072.1474252,0,0,0,0,0,0,1,0,0,0,0,0,0,0,0,0,0,0,0,0,0,0,0,0,0,0,1,0,0,0,0,0,0,0,0,0,0,1,0,0,0,1,0,0,0,1
0,3.0,0,9.90353755128617,92.0,480.0,402.0,571252447.9574699,459221817.2517075,0,0,0,0,0,0,1,0,0,0,0,0,0,0,0,0,0,0,0,0,0,0,0,0,0,0,0,0,0,0,1,0,0,0,0,0,0,1,0,0,1,0,0,1,0,0
0,1.0,1,0.0,60.1,450.0,204.0,372291933.6592607,460530363.46068174,0,0,0,0,0,0,1,0,0,0,0,0,0,0,1,0,0,0,0,0,0,0,0,0,0,0,0,0,0,0,0,0,0,0,0,1,0,0,0,0,0,1,0,0,0,1
1,4.0,1,10.239995502805316,59.6,381.0,201.0,403888907.9382944,440606022.75086665,0,0,0,0,0,0,1,0,0,0,0,0,0,0,0,0,0,0,0,1,0,0,0,0,0,0,0,0,0,0,0,0,0,0,0,0,0,1,0,0,1,0,0,1,0,0
0,0.0,1,0.0,59.6,381.0,201.0,484666533.0259533,484666533.0259533,0,0,0,0,1,0,0,0,0,0,0,0,0,0,0,0,0,0,0,1,0,0,0,0,0,0,0,0,0,0,0,0,0,0,0,0,0,1,0,0,0,1,0,0,0,1
0,1.0,0,10.596659732783579,18.6,215.0,43.0,302966815.789552,395068963.77037096,0,0,0,0,0,0,1,0,0,0,0,0,0,0,0,0,0,0,0,0,0,0,0,0,0,1,0,0,0,0,0,0,0,0,0,0,0,1,0,0,0,1,0,0,0,1
0,4.0,0,9.210440366976517,59.6,381.0,201.0,422770260.9010264,419826541.9220736,0,0,0,0,0,0,1,0,0,0,0,0,0,0,0,0,0,0,0,0,0,0,0,0,0,0,0,0,0,0,0,1,0,0,0,0,0,1,0,0,0,1,0,0,0,1
0,2.0,0,9.852246888342531,59.6,381.0,201.0,488051227.71227175,454252896.4657486,0,0,0,0,0,0,1,0,0,0,0,0,0,0,0,0,0,0,0,0,0,0,0,0,0,0,0,1,0,0,0,0,0,0,0,0,0,1,0,0,0,1,0,0,0,1
0,1.0,0,8.006700845440367,60.1,450.0,204.0,480044501.0839689,440605991.75086665,0,0,0,0,0,0,1,0,0,0,0,0,0,0,0,0,0,0,0,1,0,0,0,0,0,0,0,0,0,0,0,0,0,0,0,0,0,1,0,0,0,1,0,0,0,1
0,1.0,0,1.791759469228055,18.6,215.0,43.0,302966815.47166055,395068963.3075803,0,0,0,0,0,0,1,0,0,0,0,0,0,0,0,0,0,0,0,0,0,0,0,0,0,1,0,0,0,0,0,0,0,0,0,0,0,1,0,0,0,1,0,0,0,1
0,3.0,0,9.305741456739435,82.0,420.0,349.0,725770952.9463775,542510158.0759372,0,0,0,0,0,0,1,0,0,0,0,0,0,0,0,0,0,0,0,0,0,0,0,0,0,0,0,0,0,1,0,0,0,0,0,0,0,0,1,1,0,0,0,0,1,0
1,1.0,0,7.601402334583733,59.6,381.0,201.0,400185003.793469,440542351.5519472,0,0,0,0,0,0,1,0,0,0,0,0,0,0,0,0,0,0,0,0,0,0,0,0,0,0,0,1,0,0,0,0,0,0,0,0,0,1,0,0,1,0,0,1,0,0
0,1.0,0,9.741027444837728,92.0,480.0,402.0,644503844.8897566,663971732.9423892,0,0,0,0,0,0,1,0,0,0,0,0,0,0,0,0,0,0,0,0,0,0,0,0,0,0,0,0,0,0,1,0,0,0,0,0,0,1,0,0,1,0,0,1,0,0
0,3.0,0,10.819798284210286,82.0,420.0,349.0,472696435.0551938,547113639.7006954,0,0,0,0,0,0,1,0,0,0,0,0,0,0,0,0,0,0,0,0,0,0,0,0,0,0,0,0,0,1,0,0,0,0,0,0,0,1,0,1,0,0,0,1,0,0
0,3.0,0,0.0,82.0,420.0,349.0,747770846.3535901,548187140.6678134,0,0,0,0,0,0,1,0,0,0,0,0,0,0,0,0,0,0,0,0,0,0,0,0,0,0,0,0,0,1,0,0,0,0,0,0,0,1,0,0,1,0,0,1,0,0
0,2.0,0,10.470759670120469,37.2,326.4,134.0,474569875.85739595,394378548.80700225,0,0,0,0,0,0,1,0,0,0,0,0,0,0,0,0,0,0,0,0,0,0,0,0,0,0,1,0,0,0,0,0,0,0,1,0,0,0,0,0,0,0,1,1,0,0
0,1.0,0,7.00397413672268,92.0,480.0,402.0,566257942.4629645,658843527.8141841,0,0,0,0,0,0,1,0,0,0,0,0,0,0,0,0,0,0,0,0,0,0,0,0,0,0,0,0,0,0,1,0,0,0,0,0,0,1,0,0,0,1,0,0,1,0
0,1.0,1,6.68586094706836,37.2,326.4,134.0,473641459.3714957,476577235.8282069,0,0,0,0,0,0,1,0,0,0,0,0,0,0,0,0,0,0,0,0,0,0,0,0,0,0,1,0,0,0,0,0,0,0,0,0,0,1,0,0,1,0,0,1,0,0
0,0.0,0,4.61512051684126,59.6,381.0,201.0,481882071.3312895,414365063.15521586,0,0,0,0,0,0,1,0,0,0,0,0,0,0,0,0,0,0,0,0,0,1,0,0,0,0,0,0,0,0,0,0,0,0,0,0,1,0,0,0,0,1,0,0,0,1
0,2.0,1,9.90353755128617,59.6,381.0,201.0,489919124.49694026,454252896.7141146,0,0,0,0,0,0,1,0,0,0,0,0,0,0,0,0,0,0,0,0,0,0,0,0,0,0,0,1,0,0,0,0,0,0,0,0,0,1,0,0,0,1,0,0,0,1
0,0.0,1,0.0,59.6,381.0,201.0,481882071.3312895,416126944.15521586,0,0,0,0,0,0,1,0,0,0,0,0,0,0,0,0,0,0,0,0,0,1,0,0,0,0,0,0,0,0,0,0,0,0,1,0,0,0,0,0,0,1,0,0,0,1
0,0.0,1,0.0,37.2,326.4,134.0,341226387.5194267,354793503.5971252,0,0,0,0,0,0,1,0,0,0,0,0,0,0,0,0,0,0,0,0,0,0,0,0,0,0,1,0,0,0,0,0,0,0,0,0,1,0,0,0,0,1,0,1,0,0
0,0.0,1,0.0,75.3,450.0,201.0,502291393.6599575,587428492.6996288,0,0,0,0,0,0,1,0,0,0,0,0,0,0,0,0,0,0,0,0,0,0,0,0,0,0,0,0,1,0,0,0,0,0,0,1,0,0,0,0,0,1,0,0,0,1
0,2.0,0,10.819798284210286,59.6,381.0,201.0,566711068.0173022,484666533.0259533,0,0,0,0,0,0,1,0,0,0,0,0,0,0,0,0,0,0,0,1,0,0,0,0,0,0,0,0,0,0,0,0,0,0,0,0,0,1,0,0,1,0,0,1,0,0
1,2.0,0,11.982935344196433,37.2,326.4,134.0,342046795.682692,394028337.83653814,0,0,0,0,0,0,1,0,0,0,0,0,0,0,0,0,0,0,0,0,0,0,0,0,0,0,1,0,0,0,0,0,0,0,0,0,0,1,0,0,0,1,0,1,0,0
0,1.0,1,0.0,37.2,326.0,136.0,390342329.2986946,585309541.6521262,0,0,0,0,0,0,1,0,0,0,0,0,1,0,0,0,0,0,0,0,0,0,0,0,0,0,0,0,0,0,0,0,0,0,0,0,0,1,0,0,0,1,0,0,0,1
0,1.0,0,8.517393171418904,59.6,381.0,201.0,385583442.71297663,442046586.17059124,0,0,0,0,0,0,1,0,0,0,0,0,0,0,0,0,0,0,0,0,0,0,0,0,0,0,0,1,0,0,0,0,0,0,0,0,0,1,0,0,0,1,0,0,0,1
0,2.0,0,9.210440366976517,18.6,215.0,43.0,488354172.1412208,402493386.95667726,0,0,0,0,0,0,1,0,0,0,0,0,0,0,0,0,0,0,0,0,0,0,0,0,0,1,0,0,0,0,0,0,0,0,0,0,0,1,0,0,0,1,0,0,0,1
0,1.0,1,0.0,60.1,450.0,204.0,670349440.8106377,450941326.8716407,0,0,0,0,0,0,1,0,0,0,0,0,0,0,1,0,0,0,0,0,0,0,0,0,0,0,0,0,0,0,0,0,0,0,0,0,0,1,0,1,0,0,0,1,0,0
0,0.0,1,0.0,75.3,450.0,201.0,490552128.35615695,587428485.7730232,0,0,0,0,0,0,1,0,0,0,0,0,0,0,0,0,0,0,0,0,0,0,0,0,0,0,0,0,1,0,0,0,0,0,0,0,0,1,0,0,0,1,0,0,0,1
0,0.0,1,0.0,75.3,450.0,201.0,490552139.76019734,587428496.1308215,0,0,0,0,0,0,1,0,0,0,0,0,0,0,0,0,0,0,0,0,0,0,0,0,0,0,0,0,1,0,0,0,0,0,0,0,0,1,0,0,0,1,0,0,0,1
0,0.0,1,0.0,18.6,215.0,43.0,302966815.8390727,337359949.69418734,0,0,0,0,0,0,1,0,0,0,0,0,0,0,0,0,0,0,0,0,0,0,0,0,0,1,0,0,0,0,0,0,0,0,0,1,0,0,0,0,0,1,0,0,0,1
0,3.0,1,10.79857507675918,82.0,420.0,349.0,746177096.3535901,547792556.5285484,0,0,0,0,0,0,1,0,0,0,0,0,0,0,0,0,0,0,0,0,0,0,0,0,0,0,0,0,0,1,0,0,0,0,0,1,0,0,0,0,1,0,0,1,0,0
0,0.0,1,0.0,37.2,326.4,134.0,339373326.2949369,352378609.9801039,0,0,0,0,0,0,1,0,0,0,0,0,0,0,0,0,0,0,0,0,0,0,0,0,0,0,1,0,0,0,0,0,0,0,0,0,0,1,0,1,0,0,0,1,0,0
0,0.0,1,0.0,59.6,381.0,201.0,484666533.0259533,484666533.0259533,0,0,0,0,0,0,1,0,0,0,0,0,0,0,0,0,0,0,0,1,0,0,0,0,0,0,0,0,0,0,0,0,0,0,0,0,1,0,0,0,0,1,0,1,0,0
0,0.0,1,0.0,18.6,215.0,43.0,450642944.1882944,427694002.6613952,0,0,0,0,0,0,1,0,0,0,0,0,0,0,0,0,0,0,0,1,0,0,0,0,0,0,0,0,0,0,0,0,0,0,0,0,1,0,0,0,0,1,0,1,0,0
0,4.0,0,10.545367754151743,82.0,420.0,349.0,477843490.5453899,545088077.7031913,0,0,0,0,0,0,1,0,0,0,0,0,0,0,0,0,0,0,0,0,0,0,0,0,0,0,0,0,0,1,0,0,0,0,0,0,0,1,0,0,0,1,0,0,0,1
1,1.0,1,0.0,60.1,450.0,204.0,368718252.9118923,455879683.0360242,0,0,0,0,0,0,1,0,0,0,0,0,0,0,1,0,0,0,0,0,0,0,0,0,0,0,0,0,0,0,0,0,0,0,0,1,0,0,0,0,0,1,0,1,0,0
0,4.0,0,10.757924157061597,82.0,420.0,349.0,494128406.1750502,540400582.4254135,0,0,0,0,0,0,1,0,0,0,0,0,0,0,0,0,0,0,0,0,0,0,0,0,0,0,0,0,0,1,0,0,0,0,0,0,0,1,0,0,0,1,0,1,0,0
0,0.0,1,0.0,59.6,381.0,201.0,398550013.8629134,494990251.6475748,0,0,0,0,0,0,1,0,0,0,0,0,0,0,0,0,0,0,0,0,0,0,0,0,0,0,0,1,0,0,0,0,0,0,0,0,1,0,0,0,0,1,0,1,0,0
1,4.0,0,8.006700845440367,82.0,420.0,349.0,471961140.93754673,536754749.0920801,0,0,0,0,0,0,1,0,0,0,0,0,0,0,0,0,0,0,0,0,0,0,0,0,0,0,0,0,0,1,0,0,0,0,0,0,0,1,0,1,0,0,0,1,0,0
0,1.0,0,0.0,59.6,381.0,201.0,488952184.7944609,441055063.41635394,0,0,0,0,0,0,1,0,0,0,0,0,0,0,0,0,0,0,0,0,0,0,0,0,0,0,0,1,0,0,0,0,0,0,1,0,0,0,0,0,0,0,1,1,0,0
0,1.0,0,10.491301994830229,37.2,326.4,134.0,474172912.73375165,477375281.4308128,0,0,0,0,0,0,1,0,0,0,0,0,0,0,0,0,0,0,0,0,0,0,0,0,0,0,1,0,0,0,0,0,0,0,0,0,1,0,0,0,0,1,0,0,0,1
0,0.0,1,0.0,60.1,450.0,204.0,480044505.95063555,600055444.1882944,0,0,0,0,0,0,1,0,0,0,0,0,0,0,0,0,0,0,0,1,0,0,0,0,0,0,0,0,0,0,0,0,0,0,0,1,0,0,0,0,0,1,0,0,0,1
0,1.0,1,0.0,18.6,215.0,43.0,302966816.25760305,395068964.4517663,0,0,0,0,0,0,1,0,0,0,0,0,0,0,0,0,0,0,0,0,0,0,0,0,0,1,0,0,0,0,0,0,0,0,0,0,0,1,0,0,0,1,0,0,0,1
0,1.0,1,0.0,92.0,480.0,402.0,566692008.3970304,659518741.4893978,0,0,0,0,0,0,1,0,0,0,0,0,0,0,0,0,0,0,0,0,0,0,0,0,0,0,0,0,0,0,1,0,0,0,0,0,0,1,0,0,0,1,0,1,0,0
0,4.0,1,0.0,82.0,420.0,349.0,748630221.3535901,542414471.3143023,0,0,0,0,0,0,1,0,0,0,0,0,0,0,0,0,0,0,0,0,0,0,0,0,0,0,0,0,0,1,0,0,0,0,1,0,0,0,0,0,1,0,0,1,0,0
0,1.0,1,0.0,75.3,450.0,201.0,483885476.27534884,562617732.6028192,0,0,0,0,0,0,1,0,0,0,0,0,0,0,0,0,0,0,0,0,0,0,0,0,0,0,0,0,1,0,0,0,0,0,0,0,0,1,0,0,0,1,0,1,0,0
0,0.0,1,0.0,59.6,381.0,201.0,484666533.0259533,494682416.55440706,0,0,0,0,0,0,1,0,0,0,0,0,0,0,0,0,0,0,0,0,0,0,0,0,0,0,0,1,0,0,0,0,0,0,0,0,0,1,0,0,0,1,0,1,0,0
0,2.0,0,3.9512437185814275,82.0,420.0,349.0,473627807.6042134,555939897.8790401,0,0,0,0,0,0,1,0,0,0,0,0,0,0,0,0,0,0,0,0,0,0,0,0,0,0,0,0,0,1,0,0,0,0,0,0,0,1,0,0,0,1,0,1,0,0
0,4.0,0,8.497194544909547,42.0,318.6,147.0,325803876.346021,417243582.9130285,0,0,0,0,0,0,1,0,0,0,0,0,0,0,0,0,0,0,0,0,0,0,0,0,1,0,0,0,0,0,0,0,0,0,0,0,0,1,0,0,0,1,0,1,0,0
0,1.0,1,8.881975184248867,59.6,381.0,201.0,352533474.21297663,439245741.38245565,0,0,0,0,0,0,1,0,0,0,0,0,0,0,0,0,0,0,0,0,0,0,0,0,0,0,0,1,0,0,0,0,0,0,0,0,0,1,0,0,1,0,0,1,0,0
0,2.0,0,10.043292972227004,18.6,215.0,43.0,302602599.81511104,401652059.3921016,0,0,0,0,0,0,1,0,0,0,0,0,0,0,0,0,0,0,0,0,0,0,0,0,0,1,0,0,0,0,0,0,0,0,0,0,0,1,0,0,0,1,0,1,0,0
0,0.0,1,0.0,37.2,326.4,134.0,474016166.52984715,354946375.9375507,0,0,0,0,0,0,1,0,0,0,0,0,0,0,0,0,0,0,0,0,0,0,0,0,0,0,1,0,0,0,0,0,0,0,0,0,0,0,1,0,0,1,0,1,0,0
0,1.0,1,0.0,92.0,480.0,402.0,628899193.7269659,658236690.2073464,0,0,0,0,0,0,1,0,0,0,0,0,0,0,0,0,0,0,0,0,0,0,0,0,0,0,0,0,0,0,1,0,0,0,0,0,0,1,0,1,0,0,0,1,0,0
0,1.0,1,0.0,18.6,215.0,43.0,301533909.7192644,392982919.1192082,0,0,0,0,0,0,1,0,0,0,0,0,0,0,0,0,0,0,0,0,0,0,0,0,0,1,0,0,0,0,0,0,0,0,0,0,0,1,0,0,1,0,0,1,0,0
0,0.0,1,0.0,82.0,420.0,349.0,473711140.93754673,616942322.3551222,0,0,0,0,0,0,1,0,0,0,0,0,0,0,0,0,0,0,0,0,0,0,0,0,0,0,0,0,0,1,0,0,0,0,0,0,0,1,0,0,0,1,0,1,0,0
0,4.0,1,0.0,82.0,420.0,349.0,472848395.8395075,538011693.5365245,0,0,0,0,0,0,1,0,0,0,0,0,0,0,0,0,0,0,0,0,0,0,0,0,0,0,0,0,0,1,0,0,0,0,0,0,0,1,0,0,1,0,0,1,0,0
0,0.0,1,0.0,37.2,326.4,134.0,341536591.6010593,355197758.91627413,0,0,0,0,0,0,1,0,0,0,0,0,0,0,0,0,0,0,0,0,0,0,0,0,0,0,1,0,0,0,0,0,0,0,0,0,1,0,0,0,0,1,0,1,0,0
0,0.0,1,0.0,60.1,450.0,204.0,476677455.2451907,481646752.18418604,0,0,0,0,0,0,1,0,0,0,0,0,0,0,1,0,0,0,0,0,0,0,0,0,0,0,0,0,0,0,0,0,0,0,0,0,0,1,0,0,0,1,0,1,0,0
0,3.0,0,10.757924157061597,59.6,381.0,201.0,402650276.980969,441989717.0393604,0,0,0,0,0,0,1,0,0,0,0,0,0,0,0,0,0,0,0,0,0,0,0,0,0,0,0,1,0,0,0,0,0,0,0,0,0,1,0,0,0,1,0,0,0,1
0,0.0,1,0.0,17.0,150.0,41.0,305058144.3656291,322393156.03704506,0,0,0,0,0,0,1,0,0,0,1,0,0,0,0,0,0,0,0,0,0,0,0,0,0,0,0,0,0,0,0,0,0,0,0,1,0,0,0,0,0,1,0,1,0,0
1,0.0,1,0.0,18.6,215.0,43.0,644404923.9142972,335376713.766813,0,0,0,0,0,0,1,0,0,0,0,0,0,0,0,0,0,0,0,0,0,0,0,0,0,1,0,0,0,0,0,0,0,0,0,0,0,1,0,0,0,1,0,1,0,0
0,4.0,0,10.950824090522445,82.0,420.0,349.0,494523143.01715547,540921415.7587467,0,0,0,0,0,0,1,0,0,0,0,0,0,0,0,0,0,0,0,0,0,0,0,0,0,0,0,0,0,1,0,0,0,0,0,0,0,1,0,0,0,1,0,1,0,0
0,0.0,1,0.0,59.6,381.0,201.0,398261392.6823579,494732105.99540085,0,0,0,0,0,0,1,0,0,0,0,0,0,0,0,0,0,0,0,0,0,0,0,0,0,0,0,1,0,0,0,0,0,0,0,0,1,0,0,0,0,1,0,1,0,0
0,1.0,0,10.545367754151743,59.6,381.0,201.0,550364547.4458447,439470317.6536421,0,0,0,0,0,0,1,0,0,0,0,0,0,0,0,0,0,0,0,0,0,0,0,0,0,0,0,1,0,0,0,0,0,0,0,0,0,1,0,0,1,0,0,1,0,0
0,2.0,0,8.517393171418904,18.6,215.0,43.0,302489181.28475964,401390066.77217543,0,0,0,0,0,0,1,0,0,0,0,0,0,0,0,0,0,0,0,0,0,0,0,0,0,1,0,0,0,0,0,0,0,0,0,0,0,1,0,0,0,1,0,1,0,0
0,1.0,0,8.294299608857235,18.6,215.0,43.0,302966815.64578205,395068963.56106865,0,0,0,0,0,0,1,0,0,0,0,0,0,0,0,0,0,0,0,0,0,0,0,0,0,1,0,0,0,0,0,0,0,0,0,0,0,1,0,0,0,1,0,0,0,1
0,2.0,0,10.165890277802454,18.6,215.0,43.0,302966815.0547277,402493383.1559392,0,0,0,0,0,0,1,0,0,0,0,0,0,0,0,0,0,0,0,0,0,0,0,0,0,1,0,0,0,0,0,0,0,0,0,0,0,1,0,0,0,1,0,0,0,1
0,0.0,1,0.0,59.6,381.0,201.0,771340686.4938341,574785743.7016538,0,0,0,0,0,0,1,0,0,0,0,0,0,0,0,0,0,1,0,0,0,0,0,0,0,0,0,0,0,0,0,0,0,0,0,1,0,0,0,0,0,1,0,0,0,1
0,0.0,1,0.0,59.6,381.0,201.0,399671114.9045801,495992975.5606182,0,0,0,0,0,0,1,0,0,0,0,0,0,0,0,0,0,0,0,0,0,0,0,0,0,0,0,1,0,0,0,0,0,0,0,0,0,1,0,0,1,0,0,1,0,0
0,3.0,1,0.0,82.0,420.0,349.0,477843491.64833105,549144586.5962466,0,0,0,0,0,0,1,0,0,0,0,0,0,0,0,0,0,0,0,0,0,0,0,0,0,0,0,0,0,1,0,0,0,0,0,0,0,1,0,0,0,1,0,0,0,1
0,3.0,1,0.0,92.0,480.0,402.0,568400799.6058216,455807343.56749696,0,0,0,0,0,0,1,0,0,0,0,0,0,0,0,0,0,0,0,0,0,0,0,0,0,0,0,0,0,0,1,0,0,0,0,0,0,1,0,0,1,0,0,1,0,0
1,2.0,0,10.819798284210286,37.2,326.4,134.0,343332508.35616136,395357450.0939221,0,0,0,0,0,0,1,0,0,0,0,0,0,0,0,0,0,0,0,0,0,0,0,0,0,0,1,0,0,0,0,0,0,0,0,0,0,1,0,0,0,1,0,0,0,1
0,1.0,1,0.0,37.2,326.4,134.0,474541676.2912354,477929027.35915154,0,0,0,0,0,0,1,0,0,0,0,0,0,0,0,0,0,0,0,0,0,0,0,0,0,0,1,0,0,0,0,0,0,0,1,0,0,0,0,0,0,0,1,1,0,0
1,3.0,0,9.105090961257085,92.0,480.0,402.0,573285409.5508766,461656021.2648654,0,0,0,0,0,0,1,0,0,0,0,0,0,0,0,0,0,0,0,0,0,0,0,0,0,0,0,0,0,0,1,0,0,0,0,0,0,1,0,0,0,1,0,0,0,1
0,2.0,1,7.783640596221253,37.2,326.4,134.0,473710873.6881985,392707662.7310529,0,0,0,0,0,0,1,0,0,0,0,0,0,0,0,0,0,0,0,0,0,0,0,0,0,0,1,0,0,0,0,0,0,0,0,0,0,1,0,0,1,0,0,1,0,0
0,5.0,0,0.0,59.6,381.0,201.0,484666533.0259533,496515030.0235939,0,0,0,0,1,0,0,0,0,0,0,0,0,0,0,0,0,0,0,1,0,0,0,0,0,0,0,0,0,0,0,0,0,0,1,0,0,0,0,0,0,0,1,1,0,0
0,1.0,0,10.203629181337648,59.6,381.0,201.0,398622503.793469,439588961.7214387,0,0,0,0,0,0,1,0,0,0,0,0,0,0,0,0,0,0,0,0,0,0,0,0,0,0,0,1,0,0,0,0,0,0,0,0,0,1,0,0,0,1,0,1,0,0
0,2.0,1,0.0,59.6,381.0,201.0,438333290.3756809,451390155.48535645,0,0,0,0,0,0,1,0,0,0,0,0,0,0,0,0,0,0,0,0,0,0,0,0,0,0,0,1,0,0,0,0,0,0,0,0,0,1,0,0,1,0,0,1,0,0
0,0.0,1,0.0,37.2,326.4,134.0,475073129.0851616,357538183.054572,0,0,0,0,0,0,1,0,0,0,0,0,0,0,0,0,0,0,0,0,0,0,0,0,0,0,1,0,0,0,0,0,0,0,0,0,0,1,0,0,0,1,0,0,0,1
0,4.0,1,0.0,82.0,420.0,349.0,743010216.7500585,540782526.8698579,0,0,0,0,0,0,1,0,0,0,0,0,0,0,0,0,0,0,0,0,0,0,0,0,0,0,0,0,0,1,0,0,0,0,0,0,0,1,0,0,1,0,0,1,0,0
0,0.0,1,0.0,18.6,215.0,43.0,407036113.7328238,335873920.4707237,0,0,0,0,0,0,1,0,0,0,0,0,0,0,0,0,0,0,0,0,0,0,0,0,0,1,0,0,0,0,0,0,0,0,0,0,1,0,0,0,0,1,0,1,0,0
0,1.0,0,10.308985993422082,59.6,381.0,201.0,440605966.29632115,484666533.0259533,0,0,0,0,0,0,1,0,0,0,0,0,0,0,0,0,0,0,0,1,0,0,0,0,0,0,0,0,0,0,0,0,0,0,0,0,0,1,0,0,0,1,0,1,0,0
0,4.0,1,0.0,82.0,420.0,349.0,497681030.4118923,545088072.7379135,0,0,0,0,0,0,1,0,0,0,0,0,0,0,0,0,0,0,0,0,0,0,0,0,0,0,0,0,0,1,0,0,0,0,0,0,0,1,0,0,0,1,0,0,0,1
0,2.0,0,10.933124826700707,37.2,326.4,134.0,473643628.56889266,392576861.0432892,0,0,0,0,0,0,1,0,0,0,0,0,0,0,0,0,0,0,0,0,0,0,0,0,0,0,1,0,0,0,0,0,0,0,0,0,0,1,0,1,0,0,0,1,0,0
0,1.0,1,0.0,60.1,450.0,204.0,372291935.6592607,460530366.0634215,0,0,0,0,0,0,1,0,0,0,0,0,0,0,1,0,0,0,0,0,0,0,0,0,0,0,0,0,0,0,0,0,0,0,0,0,0,1,0,0,0,1,0,0,0,1
1,2.0,1,7.313886831633462,37.2,326.4,134.0,472914778.24351305,391159139.5243018,0,0,0,0,0,0,1,0,0,0,0,0,0,0,0,0,0,0,0,0,0,0,0,0,0,0,1,0,0,0,0,0,0,0,0,0,0,1,0,1,0,0,0,1,0,0
0,1.0,0,10.203629181337648,18.6,215.0,43.0,302048286.7160695,393731756.3285105,0,0,0,0,0,0,1,0,0,0,0,0,0,0,0,0,0,0,0,0,0,0,0,0,0,1,0,0,0,0,0,0,0,0,0,0,0,1,0,0,1,0,0,1,0,0
0,0.0,1,0.0,82.0,420.0,349.0,477843490.5551938,624026350.2710886,0,0,0,0,0,0,1,0,0,0,0,0,0,0,0,0,0,0,0,0,0,0,0,0,0,0,0,0,0,1,0,0,0,0,0,0,0,1,0,0,0,1,0,0,0,1
0,0.0,1,0.0,18.6,215.0,43.0,644738257.2476306,335762188.6271483,0,0,0,0,0,0,1,0,0,0,0,0,0,0,0,0,0,0,0,0,0,0,0,0,0,1,0,0,0,0,0,0,0,0,0,0,1,0,0,0,0,1,0,1,0,0
0,1.0,1,0.0,59.6,381.0,201.0,550241905.9364107,439415232.9078794,0,0,0,0,0,0,1,0,0,0,0,0,0,0,0,0,0,0,0,0,0,0,0,0,0,0,0,1,0,0,0,0,0,0,0,0,0,1,0,0,0,1,0,1,0,0
0,2.0,0,11.002116507732017,37.2,326.4,134.0,475073129.18711394,395357450.8534158,0,0,0,0,0,0,1,0,0,0,0,0,0,0,0,0,0,0,0,0,0,0,0,0,0,0,1,0,0,0,0,0,0,0,0,0,0,1,0,0,0,1,0,0,0,1
0,1.0,0,8.881975184248867,59.6,381.0,201.0,402650276.9254134,442046586.005337,0,0,0,0,0,0,1,0,0,0,0,0,0,0,0,0,0,0,0,0,0,0,0,0,0,0,0,1,0,0,0,0,0,0,0,0,0,1,0,0,0,1,0,0,0,1
0,0.0,1,0.0,82.0,420.0,349.0,473451337.0159781,616496944.2038616,0,0,0,0,0,0,1,0,0,0,0,0,0,0,0,0,0,0,0,0,0,0,0,0,0,0,0,0,0,1,0,0,0,0,0,0,0,1,0,0,0,1,0,1,0,0
0,1.0,1,0.0,60.1,450.0,204.0,668494602.1009603,450153655.63876396,0,0,0,0,0,0,1,0,0,0,0,0,0,0,1,0,0,0,0,0,0,0,0,0,0,0,0,0,0,0,0,0,0,0,0,0,0,1,0,1,0,0,0,1,0,0
0,1.0,1,0.0,59.6,381.0,201.0,487109209.5878493,439165232.9078794,0,0,0,0,0,0,1,0,0,0,0,0,0,0,0,0,0,0,0,0,0,0,0,0,0,0,0,1,0,0,0,0,0,0,0,0,0,1,0,0,1,0,0,1,0,0
0,4.0,0,11.277215789596893,18.6,215.0,43.0,474696848.2054121,461698530.15521586,0,0,0,0,0,0,1,0,0,0,0,0,0,0,0,0,0,0,0,0,0,0,0,0,0,1,0,0,0,0,0,0,0,0,0,0,1,0,0,0,0,1,0,0,0,1
0,2.0,0,10.308985993422082,18.6,215.0,43.0,302840618.98444015,402201874.8902566,0,0,0,0,0,0,1,0,0,0,0,0,0,0,0,0,0,0,0,0,0,0,0,0,0,1,0,0,0,0,0,0,0,0,0,0,0,1,0,0,0,1,0,1,0,0
0,1.0,0,7.00397413672268,37.2,326.4,134.0,475073128.122038,478727070.66208315,0,0,0,0,0,0,1,0,0,0,0,0,0,0,0,0,0,0,0,0,0,0,0,0,0,0,1,0,0,0,0,0,0,0,0,0,0,1,0,0,0,1,0,0,0,1
0,0.0,1,0.0,82.0,420.0,349.0,563921538.7799726,617488540.842517,0,0,0,0,0,0,1,0,0,0,0,0,0,0,0,0,0,0,0,0,0,0,0,0,0,0,0,0,0,1,0,0,0,0,0,0,0,1,0,0,0,1,0,1,0,0
0,0.0,1,0.0,18.6,215.0,43.0,302966816.6393922,337359952.49307007,0,0,0,0,0,0,1,0,0,0,0,0,0,0,0,0,0,0,0,0,0,0,0,0,0,1,0,0,0,0,0,0,0,0,0,0,0,1,0,0,0,1,0,0,0,1
0,4.0,0,8.294299608857235,82.0,420.0,349.0,464104165.9537208,545088077.7726357,0,0,0,0,0,0,1,0,0,0,0,0,0,0,0,0,0,0,0,0,0,0,0,0,0,0,0,0,0,1,0,0,0,0,0,0,0,1,0,0,0,1,0,0,0,1
0,0.0,0,11.156264806643742,75.3,450.0,201.0,620440194.7407442,576602810.947335,0,0,0,0,0,0,1,0,0,0,0,0,0,0,0,0,0,0,0,0,0,0,0,0,0,0,0,0,1,0,0,0,0,0,0,0,0,1,0,1,0,0,0,1,0,0
0,0.0,1,0.0,60.1,450.0,204.0,464977455.2451907,477694049.48148334,0,0,0,0,0,0,1,0,0,0,0,0,0,0,1,0,0,0,0,0,0,0,0,0,0,0,0,0,0,0,0,0,0,0,0,1,0,0,0,0,0,1,0,1,0,0
0,2.0,1,0.0,37.2,326.4,134.0,475073129.0721465,395357450.6297871,0,0,0,0,0,0,1,0,0,0,0,0,0,0,0,0,0,0,0,0,0,0,0,0,0,0,1,0,0,0,0,0,0,0,0,1,0,0,0,0,0,1,0,0,0,1
0,1.0,0,9.680406499268875,18.6,215.0,43.0,302567456.045143,394487570.2819989,0,0,0,0,0,0,1,0,0,0,0,0,0,0,0,0,0,0,0,0,0,0,0,0,0,1,0,0,0,0,0,0,0,0,0,0,1,0,0,0,0,1,0,1,0,0
0,2.0,0,11.050905878263567,82.0,420.0,349.0,628216680.8564883,557269685.1130826,0,0,0,0,0,0,1,0,0,0,0,0,0,0,0,0,0,0,0,0,0,0,0,0,0,0,0,0,0,1,0,0,0,0,0,0,0,1,0,1,0,0,0,1,0,0
1,2.0,0,11.050905878263567,37.2,326.4,134.0,473435385.6187842,392171797.75214994,0,0,0,0,0,0,1,0,0,0,0,0,0,0,0,0,0,0,0,0,0,0,0,0,0,0,1,0,0,0,0,0,0,0,0,0,0,1,0,1,0,0,0,1,0,0
0,4.0,1,0.0,59.6,381.0,201.0,471388777.5216277,486444355.3506355,0,0,0,0,1,0,0,0,0,0,0,0,0,0,0,0,0,0,0,1,0,0,0,0,0,0,0,0,0,0,0,0,0,0,0,1,0,0,0,0,1,0,0,1,0,0
0,3.0,0,11.002116507732017,82.0,420.0,349.0,477843490.47186047,549144586.13203,0,0,0,0,0,0,1,0,0,0,0,0,0,0,0,0,0,0,0,0,0,0,0,0,0,0,0,0,0,1,0,0,0,0,0,0,0,1,0,0,0,1,0,0,0,1
0,1.0,0,7.601402334583733,59.6,381.0,201.0,486778631.0754526,438826249.85703194,0,0,0,0,0,0,1,0,0,0,0,0,0,0,0,0,0,0,0,0,0,0,0,0,0,0,0,1,0,0,0,0,0,0,0,0,0,1,0,1,0,0,0,1,0,0
0,2.0,0,9.61587214452889,82.0,420.0,349.0,482215168.7503075,556370748.9428699,0,0,0,0,0,0,1,0,0,0,0,0,0,0,0,0,0,0,0,0,0,0,0,0,0,0,0,0,0,1,0,0,0,0,0,0,0,1,0,0,0,1,0,1,0,0
0,1.0,0,9.741027444837728,18.6,215.0,43.0,302559468.8246957,394475942.3750221,0,0,0,0,0,0,1,0,0,0,0,0,0,0,0,0,0,0,0,0,0,0,0,0,0,1,0,0,0,0,0,0,0,0,0,0,0,1,0,0,0,1,0,1,0,0
0,0.0,1,0.0,60.1,450.0,204.0,465914655.2451907,478010671.10310495,0,0,0,0,0,0,1,0,0,0,0,0,0,0,1,0,0,0,0,0,0,0,0,0,0,0,0,0,0,0,0,0,0,0,0,1,0,0,0,0,0,1,0,1,0,0
0,3.0,0,10.819798284210286,82.0,420.0,349.0,482380201.5303155,547693910.4937321,0,0,0,0,0,0,1,0,0,0,0,0,0,0,0,0,0,0,0,0,0,0,0,0,0,0,0,0,0,1,0,0,0,0,0,0,0,1,0,0,0,1,0,1,0,0
0,0.0,1,0.0,60.1,450.0,204.0,372291932.96978706,482180530.63688874,0,0,0,0,0,0,1,0,0,0,0,0,0,0,1,0,0,0,0,0,0,0,0,0,0,0,0,0,0,0,0,0,0,0,0,0,0,1,0,0,0,1,0,0,0,1
0,0.0,1,0.0,37.2,326.4,134.0,474120851.9962246,355203078.0652103,0,0,0,0,0,0,1,0,0,0,0,0,0,0,0,0,0,0,0,0,0,0,0,0,0,0,1,0,0,0,0,0,0,0,0,0,0,1,0,0,1,0,0,1,0,0
0,3.0,1,10.691967639914864,82.0,420.0,349.0,739223971.3535901,546071086.509206,0,0,0,0,0,0,1,0,0,0,0,0,0,0,0,0,0,0,0,0,0,0,0,0,0,0,0,0,0,1,0,0,0,0,0,0,0,1,0,1,0,0,0,0,1,0
0,0.0,1,0.0,75.3,450.0,201.0,502230412.45610684,580272535.7179774,0,0,0,0,0,0,1,0,0,0,0,0,0,0,0,0,0,0,0,0,0,0,0,0,0,0,0,0,1,0,0,0,0,0,0,0,1,0,0,0,0,1,0,1,0,0
0,3.0,0,8.517393171418904,37.2,326.4,134.0,340495775.27452874,433930858.66570824,0,0,0,0,0,0,1,0,0,0,0,0,0,0,0,0,0,0,0,0,0,0,0,0,0,0,1,0,0,0,0,0,0,0,0,0,0,1,0,1,0,0,0,1,0,0
0,2.0,0,10.596659732783579,92.0,480.0,402.0,610577998.7829784,485779379.7621631,0,0,0,0,0,0,1,0,0,0,0,0,0,0,0,0,0,0,0,0,0,0,0,0,0,0,0,0,0,0,1,0,0,0,0,0,0,1,0,0,0,1,0,0,0,1
1,1.0,1,0.0,18.6,215.0,43.0,642086083.3345871,393127105.1657198,0,0,0,0,0,0,1,0,0,0,0,0,0,0,0,0,0,0,0,0,0,0,0,0,0,1,0,0,0,0,0,0,0,0,0,0,0,1,0,0,1,0,0,1,0,0
0,3.0,1,10.819798284210286,82.0,420.0,349.0,473774866.42774284,547539171.615589,0,0,0,0,0,0,1,0,0,0,0,0,0,0,0,0,0,0,0,0,0,0,0,0,0,0,0,0,0,1,0,0,0,0,0,0,0,1,0,0,1,0,0,1,0,0
0,3.0,0,10.819798284210286,82.0,420.0,349.0,477843490.27578205,549144586.0546606,0,0,0,0,0,0,1,0,0,0,0,0,0,0,0,0,0,0,0,0,0,0,0,0,0,0,0,0,0,1,0,0,0,0,0,0,0,1,0,0,0,1,0,0,0,1
0,1.0,1,0.0,82.0,420.0,349.0,472222174.5216277,659745760.9276593,0,0,0,0,0,0,1,0,0,0,0,0,0,0,0,0,0,0,0,0,0,0,0,0,0,0,0,0,0,1,0,0,0,0,0,0,0,1,0,0,0,1,0,1,0,0
0,2.0,1,0.0,59.6,381.0,201.0,488018300.49694026,451246364.63568324,0,0,0,0,0,0,1,0,0,0,0,0,0,0,0,0,0,0,0,0,0,0,0,0,0,0,0,1,0,0,0,0,0,0,0,0,0,1,0,0,1,0,0,1,0,0
0,3.0,0,10.404293143019792,82.0,420.0,349.0,742034756.6273593,547637817.6504053,0,0,0,0,0,0,1,0,0,0,0,0,0,0,0,0,0,0,0,0,0,0,0,0,0,0,0,0,0,1,0,0,0,0,0,0,0,1,0,1,0,0,0,1,0,0
0,1.0,1,0.0,59.6,381.0,201.0,440605966.29632115,438788114.2638116,0,0,0,0,0,0,1,0,0,0,0,0,0,0,0,0,0,0,0,0,0,0,0,0,0,0,0,1,0,0,0,0,0,0,0,1,0,0,0,0,1,0,0,1,0,0
0,1.0,0,9.90353755128617,37.2,326.4,134.0,341618224.2541205,477358994.7858616,0,0,0,0,0,0,1,0,0,0,0,0,0,0,0,0,0,0,0,0,0,0,0,0,0,0,1,0,0,0,0,0,0,0,0,0,0,1,0,0,0,1,0,0,0,1
0,2.0,0,10.596659732783579,18.6,215.0,43.0,302644133.36143696,401748000.3515112,0,0,0,0,0,0,1,0,0,0,0,0,0,0,0,0,0,0,0,0,0,0,0,0,0,1,0,0,0,0,0,0,0,0,0,0,0,1,0,0,0,1,0,1,0,0
0,1.0,1,0.0,37.2,326.4,134.0,474075298.8508883,477228701.62625253,0,0,0,0,0,0,1,0,0,0,0,0,0,0,0,0,0,0,0,0,0,0,0,0,0,0,1,0,0,0,0,0,0,0,0,0,0,1,0,0,0,1,0,1,0,0
0,1.0,1,0.0,60.1,450.0,204.0,679059118.2299925,454639957.00862694,0,0,0,0,0,0,1,0,0,0,0,0,0,0,1,0,0,0,0,0,0,0,0,0,0,0,0,0,0,0,0,0,0,0,0,0,0,1,0,1,0,0,0,1,0,0
1,2.0,0,11.217224661591072,37.2,326.4,134.0,475073128.24351305,395357449.0179727,0,0,0,0,0,0,1,0,0,0,0,0,0,0,0,0,0,0,0,0,0,0,0,0,0,0,1,0,0,0,0,0,0,0,0,0,0,1,0,0,0,1,0,0,0,1
1,4.0,1,9.392745258631441,82.0,420.0,349.0,467162121.3297036,529956137.980969,0,0,0,0,0,0,1,0,0,0,0,0,0,0,0,0,0,0,0,0,0,0,0,0,0,0,0,0,0,1,0,0,0,0,1,0,0,0,0,0,1,0,0,0,1,0
0,4.0,1,11.002116507732017,82.0,420.0,349.0,422604174.3287208,543136693.5365245,0,0,0,0,0,0,1,0,0,0,0,0,0,0,0,0,0,0,0,0,0,0,0,0,0,0,0,0,0,1,0,0,0,0,1,0,0,0,0,0,0,0,1,1,0,0
1,1.0,0,0.0,37.2,326.4,134.0,341536591.6010593,477293848.2060571,0,0,0,0,0,0,1,0,0,0,0,0,0,0,0,0,0,0,0,0,0,0,0,0,0,0,1,0,0,0,0,0,0,0,0,0,1,0,0,0,0,1,0,0,0,1
1,0.0,1,0.0,18.6,215.0,43.0,302966814.61543053,337359945.4148577,0,0,0,0,0,0,1,0,0,0,0,0,0,0,0,0,0,0,0,0,0,0,0,0,0,1,0,0,0,0,0,0,0,0,0,0,0,1,0,0,0,1,0,0,0,1
0,3.0,0,10.801268021651186,82.0,420.0,349.0,493723143.01715547,547690042.0217786,0,0,0,0,0,0,1,0,0,0,0,0,0,0,0,0,0,0,0,0,0,0,0,0,0,0,0,0,0,1,0,0,0,0,0,0,0,1,0,0,0,1,0,0,0,1
0,2.0,0,10.950824090522445,75.3,450.0,201.0,460311057.3506355,400762755.5104046,0,0,0,0,0,0,1,0,0,0,0,0,0,0,0,0,0,0,0,0,0,0,0,0,0,0,0,0,1,0,0,0,0,0,0,0,0,1,0,0,0,1,0,1,0,0
0,3.0,0,10.950824090522445,82.0,420.0,349.0,469506755.3703813,549144586.180386,0,0,0,0,0,0,1,0,0,0,0,0,0,0,0,0,0,0,0,0,0,0,0,0,0,0,0,0,0,1,0,0,0,0,0,0,0,1,0,0,0,1,0,0,0,1
0,3.0,1,0.0,92.0,480.0,402.0,610577992.0373644,461656017.91618115,0,0,0,0,0,0,1,0,0,0,0,0,0,0,0,0,0,0,0,0,0,0,0,0,0,0,0,0,0,0,1,0,0,0,0,0,0,1,0,0,0,1,0,0,0,1
0,1.0,1,0.0,60.1,450.0,204.0,465297455.2451907,456092011.8031475,0,0,0,0,0,0,1,0,0,0,0,0,0,0,1,0,0,0,0,0,0,0,0,0,0,0,0,0,0,0,0,0,0,0,0,1,0,0,0,0,0,1,0,1,0,0
0,2.0,1,9.305741456739435,82.0,420.0,349.0,745402854.7868683,559290961.7088274,0,0,0,0,0,0,1,0,0,0,0,0,0,0,0,0,0,0,0,0,0,0,0,0,0,0,0,0,0,1,0,0,0,0,1,0,0,0,0,0,0,0,1,1,0,0
0,1.0,0,9.90353755128617,37.2,326.4,134.0,423412718.8695016,478727071.5773926,0,0,0,0,0,0,1,0,0,0,0,0,0,0,0,0,0,0,0,0,0,0,0,0,0,0,1,0,0,0,0,0,0,0,0,0,0,1,0,0,0,1,0,0,0,1
0,2.0,0,10.275085591132715,37.2,326.4,134.0,340197816.09085524,392116945.43147486,0,0,0,0,0,0,0,1,0,0,0,0,0,0,0,0,0,0,0,0,0,0,0,0,0,0,1,0,0,0,0,0,0,0,0,0,0,1,0,1,0,0,0,1,0,0
0,3.0,0,10.434145214930487,82.0,420.0,349.0,483208227.00802255,547945361.1707147,0,0,0,0,0,0,1,0,0,0,0,0,0,0,0,0,0,0,0,0,0,0,0,0,0,0,0,0,0,1,0,0,0,0,0,0,1,0,0,0,0,1,0,1,0,0
0,0.0,1,0.0,92.0,480.0,402.0,565537228.1772501,840498963.3455203,0,0,0,0,0,0,1,0,0,0,0,0,0,0,0,0,0,0,0,0,0,0,0,0,0,0,0,0,0,0,1,0,0,0,0,0,0,1,0,0,0,1,0,1,0,0
0,1.0,0,9.90353755128617,37.2,326.4,134.0,474552522.27822024,477945314.00410265,0,0,0,0,0,0,1,0,0,0,0,0,0,0,0,0,0,0,0,0,0,0,0,0,0,0,1,0,0,0,0,0,0,0,1,0,0,0,0,0,0,0,1,1,0,0
0,2.0,1,0.0,82.0,420.0,349.0,483392206.1329137,557328195.7513806,0,0,0,0,0,0,1,0,0,0,0,0,0,0,0,0,0,0,0,0,0,0,0,0,0,0,0,0,0,1,0,0,0,0,0,0,0,1,0,0,1,0,0,1,0,0
0,0.0,1,0.0,92.0,480.0,402.0,684299174.9553727,859053814.003415,0,0,0,0,0,0,1,0,0,0,0,0,0,0,0,0,0,0,0,0,0,0,0,0,0,0,0,0,0,0,1,0,0,0,0,0,0,1,0,0,0,1,0,0,0,1
1,1.0,0,7.8636512654486515,60.1,450.0,204.0,464277455.2451907,455742696.73465437,0,0,0,0,0,0,1,0,0,0,0,0,0,0,1,0,0,0,0,0,0,0,0,0,0,0,0,0,0,0,0,0,0,0,0,0,0,1,0,0,0,1,0,0,1,0
0,1.0,1,0.0,37.2,326.4,134.0,343128428.3357532,478564206.512246,0,0,0,0,0,0,1,0,0,0,0,0,0,0,0,0,0,0,0,0,0,0,0,0,0,0,1,0,0,0,0,0,0,0,1,0,0,0,0,0,0,1,0,1,0,0
0,2.0,1,0.0,37.2,326.4,134.0,474563368.265205,394365890.57915413,0,0,0,0,0,0,1,0,0,0,0,0,0,0,0,0,0,0,0,0,0,0,0,0,0,0,1,0,0,0,0,0,0,0,1,0,0,0,0,0,0,0,1,1,0,0
0,2.0,0,8.517393171418904,18.6,215.0,43.0,302184069.46367335,400685269.72420496,0,0,0,0,0,0,1,0,0,0,0,0,0,0,0,0,0,0,0,0,0,0,0,0,0,1,0,0,0,0,0,0,0,0,1,0,0,0,0,0,1,0,0,1,0,0
0,1.0,1,0.0,18.6,215.0,43.0,1017476095.0185381,393485244.70060354,0,0,0,0,0,0,1,0,0,0,0,0,0,0,0,0,0,0,0,0,0,0,0,0,0,1,0,0,0,0,0,0,0,0,0,0,0,1,0,0,1,0,0,1,0,0
0,0.0,1,0.0,37.2,326.4,134.0,474105797.76628965,355166163.1715933,0,0,0,0,0,0,1,0,0,0,0,0,0,0,0,0,0,0,0,0,0,0,0,0,0,0,1,0,0,0,0,0,0,0,0,0,0,1,0,0,0,1,0,1,0,0
0,0.0,0,7.601402334583733,60.1,450.0,204.0,543657022.0173022,481167022.4544563,0,0,0,0,0,0,1,0,0,0,0,0,0,0,1,0,0,0,0,0,0,0,0,0,0,0,0,0,0,0,0,0,0,0,0,0,1,0,0,0,0,1,0,1,0,0
0,2.0,0,9.61587214452889,75.3,450.0,201.0,485311057.3506355,405899741.81177443,0,0,0,0,0,0,1,0,0,0,0,0,0,0,0,0,0,0,0,0,0,0,0,0,0,0,0,0,1,0,0,0,0,0,1,0,0,0,0,0,0,0,1,1,0,0
0,1.0,0,4.61512051684126,59.6,381.0,201.0,513911335.44255215,550712100.8299788,0,0,0,0,0,0,1,0,0,0,0,0,0,1,0,0,0,0,0,0,0,0,0,0,0,0,0,0,0,0,0,0,0,0,0,0,1,0,0,0,0,1,0,0,0,1
0,4.0,0,9.952325334619427,82.0,420.0,349.0,744175860.9218376,542101971.3143023,0,0,0,0,0,0,1,0,0,0,0,0,0,0,0,0,0,0,0,0,0,0,0,0,0,0,0,0,0,1,0,0,0,0,0,0,0,1,0,0,1,0,0,1,0,0
0,1.0,1,0.0,37.2,326.4,134.0,342279448.74391645,477886682.08227855,0,0,0,0,0,0,1,0,0,0,0,0,0,0,0,0,0,0,0,0,0,0,0,0,0,0,1,0,0,0,0,0,0,0,1,0,0,0,0,0,0,0,1,1,0,0
0,3.0,1,9.546884034617925,37.2,326.4,134.0,473773780.4127105,435177611.91246146,0,0,0,0,0,0,1,0,0,0,0,0,0,0,0,0,0,0,0,0,0,0,0,0,0,0,1,0,0,0,0,0,0,0,0,0,0,1,0,0,1,0,0,1,0,0
0,1.0,1,0.0,59.6,381.0,201.0,487319953.3895022,439381334.60279465,0,0,0,0,0,0,1,0,0,0,0,0,0,0,0,0,0,0,0,0,0,0,0,0,0,0,0,1,0,0,0,0,0,0,0,0,0,1,0,0,1,0,0,1,0,0
0,2.0,0,9.210440366976517,37.2,326.4,134.0,475073128.67735255,395357449.8618546,0,0,0,0,0,0,1,0,0,0,0,0,0,0,0,0,0,0,0,0,0,0,0,0,0,0,1,0,0,0,0,0,0,0,0,0,0,1,0,0,0,1,0,0,0,1
0,1.0,0,11.314486721293981,59.6,381.0,201.0,396844369.81730217,480515030.0235939,0,0,0,0,0,0,1,0,0,0,0,0,0,0,0,0,0,0,0,1,0,0,0,0,0,0,0,0,0,0,0,0,0,0,0,0,0,1,0,0,1,0,0,1,0,0
0,3.0,0,10.571342565808699,82.0,420.0,349.0,583486203.1358138,549144586.1997283,0,0,0,0,0,0,1,0,0,0,0,0,0,0,0,0,0,0,0,0,0,0,0,0,0,0,0,0,0,1,0,0,0,0,0,0,0,1,0,0,0,1,0,0,0,1
0,1.0,0,0.0,18.6,215.0,43.0,301752759.55952,393301523.77037096,0,0,0,0,0,0,1,0,0,0,0,0,0,0,0,0,0,0,0,0,0,0,0,0,0,1,0,0,0,0,0,0,0,0,0,0,0,1,0,1,0,0,0,1,0,0
0,2.0,0,9.19023970026918,18.6,215.0,43.0,302966816.7160696,402493386.9935776,0,0,0,0,0,0,1,0,0,0,0,0,0,0,0,0,0,0,0,0,0,0,0,0,0,1,0,0,0,0,0,0,0,0,0,0,0,1,0,0,0,1,0,0,0,1
0,0.0,1,0.0,75.3,450.0,201.0,483259213.64908624,580804645.8097205,0,0,0,0,0,0,1,0,0,0,0,0,0,0,0,0,0,0,0,0,0,0,0,0,0,0,0,0,1,0,0,0,0,0,0,0,0,1,0,0,0,1,0,1,0,0
0,0.0,0,0.0,18.6,215.0,43.0,645032943.2379688,336102970.7500533,0,0,0,0,0,0,1,0,0,0,0,0,0,0,0,0,0,0,0,0,0,0,0,0,0,1,0,0,0,0,0,0,0,0,1,0,0,0,0,0,0,0,1,1,0,0
0,2.0,0,10.308985993422082,18.6,215.0,43.0,488354140.5787208,402493385.0932086,0,0,0,0,0,0,1,0,0,0,0,0,0,0,0,0,0,0,0,0,0,0,0,0,0,1,0,0,0,0,0,0,0,0,0,0,0,1,0,0,0,1,0,0,0,1
1,1.0,0,0.0,18.6,215.0,43.0,302551481.60424846,394464314.4680454,0,0,0,0,0,0,1,0,0,0,0,0,0,0,0,0,0,0,0,0,0,0,0,0,0,1,0,0,0,0,0,0,0,0,1,0,0,0,0,0,0,0,1,1,0,0
0,0.0,1,0.0,18.6,215.0,43.0,644795986.7162296,335828948.40368456,0,0,0,0,0,0,1,0,0,0,0,0,0,0,0,0,0,0,0,0,0,0,0,0,0,1,0,0,0,0,0,0,0,0,0,0,0,1,0,0,0,1,0,1,0,0
0,1.0,0,8.853808274977197,18.6,215.0,43.0,642259996.3780653,393210826.0959524,0,0,0,0,0,0,1,0,0,0,0,0,0,0,0,0,0,0,0,0,0,0,0,0,0,1,0,0,0,0,0,0,0,0,0,0,0,1,0,1,0,0,0,1,0,0
0,0.0,1,0.0,59.6,381.0,201.0,504605939.11450297,504605939.11450297,0,0,0,0,0,0,1,0,0,0,0,0,0,0,0,0,0,0,0,1,0,0,0,0,0,0,0,0,0,0,0,0,0,0,0,1,0,0,0,0,0,1,0,1,0,0
0,1.0,1,0.0,18.6,215.0,43.0,301807072.6585615,393380593.5378128,0,0,0,0,0,0,1,0,0,0,0,0,0,0,0,0,0,0,0,0,0,0,0,0,0,1,0,0,0,0,0,0,0,0,0,1,0,0,0,0,1,0,0,0,1,0
0,3.0,0,9.680406499268875,92.0,480.0,402.0,573285409.4959315,461656021.1990759,0,0,0,0,0,0,1,0,0,0,0,0,0,0,0,0,0,0,0,0,0,0,0,0,0,0,0,0,0,0,1,0,0,0,0,0,0,1,0,0,0,1,0,0,0,1
0,0.0,1,0.0,82.0,420.0,349.0,474176827.2120566,617740641.6828532,0,0,0,0,0,0,1,0,0,0,0,0,0,0,0,0,0,0,0,0,0,0,0,0,0,0,0,0,0,1,0,0,0,0,0,0,0,1,0,0,0,1,0,1,0,0
0,1.0,1,0.0,18.6,215.0,43.0,643221349.0350702,393673616.7936268,0,0,0,0,0,0,1,0,0,0,0,0,0,0,0,0,0,0,0,0,0,0,0,0,0,1,0,0,0,0,0,0,0,0,0,0,0,1,0,0,1,0,0,1,0,0
0,3.0,1,9.105090961257085,92.0,480.0,402.0,571862338.0673602,459952080.4096022,0,0,0,0,0,0,1,0,0,0,0,0,0,0,0,0,0,0,0,0,0,0,0,0,0,0,0,0,0,0,1,0,0,0,1,0,0,0,0,0,0,0,1,1,0,0
0,1.0,1,3.4339872044851463,18.6,215.0,43.0,302966813.2528107,395068960.0773477,0,0,0,0,0,0,1,0,0,0,0,0,0,0,0,0,0,0,0,0,0,0,0,0,0,1,0,0,0,0,0,0,0,0,0,1,0,0,0,0,0,1,0,0,0,1
0,0.0,0,9.852246888342531,37.2,326.4,134.0,473478769.56672347,353628609.9801039,0,0,0,0,0,0,1,0,0,0,0,0,0,0,0,0,0,0,0,0,0,0,0,0,0,0,1,0,0,0,0,0,0,0,0,0,0,1,0,1,0,0,0,1,0,0
0,2.0,0,10.085850775128717,37.2,326.4,134.0,475073128.16759115,395357448.8702934,0,0,0,0,0,0,1,0,0,0,0,0,0,0,0,0,0,0,0,0,0,0,0,0,0,0,1,0,0,0,0,0,0,0,0,1,0,0,0,0,0,1,0,0,0,1
0,3.0,1,11.034905792929415,82.0,420.0,349.0,742580768.8972977,547809964.6523395,0,0,0,0,0,0,1,0,0,0,0,0,0,0,0,0,0,0,0,0,0,0,0,0,0,0,0,0,0,1,0,0,0,0,0,1,0,0,0,0,1,0,0,1,0,0
1,3.0,1,9.680406499268875,92.0,480.0,402.0,545929921.8557649,453109975.1464443,0,0,0,0,0,0,1,0,0,0,0,0,0,0,0,0,0,0,0,0,0,0,0,0,0,0,0,0,0,0,1,0,0,0,0,0,0,1,0,1,0,0,0,1,0,0
0,2.0,0,11.264476926102367,59.6,381.0,201.0,487667060.82751876,450690809.0801277,0,0,0,0,0,0,1,0,0,0,0,0,0,0,0,0,0,0,0,0,0,0,0,0,0,0,0,1,0,0,0,0,0,0,0,0,0,1,0,0,0,1,0,1,0,0
0,1.0,0,9.105090961257085,18.6,215.0,43.0,642762411.8370026,393452686.56106865,0,0,0,0,0,0,1,0,0,0,0,0,0,0,0,0,0,0,0,0,0,0,0,0,0,1,0,0,0,0,0,0,0,0,0,0,0,1,0,0,1,0,0,1,0,0
0,0.0,1,0.0,37.2,326.4,134.0,341459040.58065116,355096695.0864869,0,0,0,0,0,0,1,0,0,0,0,0,0,0,0,0,0,0,0,0,0,0,0,0,0,0,1,0,0,0,0,0,0,0,0,0,1,0,0,0,0,1,0,1,0,0
0,3.0,1,10.308985993422082,37.2,326.4,134.0,474446231.60576904,439203585.9384355,0,0,0,0,0,0,0,1,0,0,0,0,0,0,0,0,0,0,0,0,0,0,0,0,0,0,1,0,0,0,0,0,0,0,1,0,0,0,0,0,0,0,1,1,0,0
0,2.0,0,8.517393171418904,92.0,480.0,402.0,570812887.5179095,480357701.81035584,0,0,0,0,0,0,1,0,0,0,0,0,0,0,0,0,0,0,0,0,0,0,0,0,0,0,0,0,0,0,1,0,0,0,0,0,0,1,0,0,1,0,0,1,0,0
0,3.0,1,10.518700218288165,59.6,381.0,201.0,485791027.7696675,410770987.6956104,0,0,0,0,0,0,0,1,0,0,0,0,0,0,0,0,0,0,0,0,0,0,0,0,0,0,0,1,0,0,0,0,0,0,0,0,0,1,0,0,1,0,0,1,0,0
1,2.0,0,2.5649493574615367,18.6,215.0,43.0,302618574.25600564,401688959.7611053,0,0,0,0,0,0,1,0,0,0,0,0,0,0,0,0,0,0,0,0,0,0,0,0,0,1,0,0,0,0,0,0,0,0,0,0,1,0,0,0,0,1,0,1,0,0
0,0.0,1,6.111467339502679,60.1,450.0,204.0,368349831.85926074,477119725.15715903,0,0,0,0,0,0,1,0,0,0,0,0,0,0,1,0,0,0,0,0,0,0,0,0,0,0,0,0,0,0,0,0,0,0,0,1,0,0,0,0,0,1,0,1,0,0
0,0.0,1,0.0,18.6,215.0,43.0,302503558.2815647,335739842.25843316,0,0,0,0,0,0,1,0,0,0,0,0,0,0,0,0,0,0,0,0,0,0,0,0,0,1,0,0,0,0,0,0,0,0,0,0,1,0,0,0,0,1,0,1,0,0
0,0.0,1,0.0,59.6,381.0,201.0,754161216.7246034,556174651.4516536,0,0,0,0,0,0,1,0,0,0,0,0,0,0,0,0,0,1,0,0,0,0,0,0,0,0,0,0,0,0,0,0,0,0,0,1,0,0,0,0,0,1,0,1,0,0
0,0.0,1,0.0,92.0,480.0,402.0,620759658.8432449,836685410.7139412,0,0,0,0,0,0,1,0,0,0,0,0,0,0,0,0,0,0,0,0,0,0,0,0,0,0,0,0,0,0,1,0,0,0,0,0,0,0,1,0,0,0,1,0,1,0
0,3.0,1,0.0,82.0,420.0,349.0,494528406.1750502,547985980.1262273,0,0,0,0,0,0,1,0,0,0,0,0,0,0,0,0,0,0,0,0,0,0,0,0,0,0,0,0,0,1,0,0,0,0,0,0,0,1,0,0,1,0,0,1,0,0
0,1.0,0,8.517393171418904,18.6,215.0,43.0,302966815.1681462,395068962.8657198,0,0,0,0,0,0,1,0,0,0,0,0,0,0,0,0,0,0,0,0,0,0,0,0,0,1,0,0,0,0,0,0,0,0,0,0,0,1,0,0,0,1,0,0,0,1
1,2.0,1,10.239995502805316,59.6,381.0,201.0,488989374.87710553,452782312.34810156,0,0,0,0,0,0,1,0,0,0,0,0,0,0,0,0,0,0,0,0,0,0,0,0,0,0,0,1,0,0,0,0,0,0,1,0,0,0,0,0,0,0,1,1,0,0
0,1.0,0,9.852246888342531,18.6,215.0,43.0,302966816.660159,395068965.0378128,0,0,0,0,0,0,1,0,0,0,0,0,0,0,0,0,0,0,0,0,0,0,0,0,0,1,0,0,0,0,0,0,0,0,0,0,0,1,0,0,0,1,0,0,0,1
0,3.0,0,10.896757843893464,82.0,420.0,349.0,497681033.59610283,549144585.9482776,0,0,0,0,0,0,1,0,0,0,0,0,0,0,0,0,0,0,0,0,0,0,0,0,0,0,0,0,0,1,0,0,0,0,0,0,0,1,0,0,0,1,0,0,0,1
0,1.0,1,0.0,37.2,326.0,136.0,507633266.51297665,531202415.0449833,0,0,0,0,0,0,1,0,0,0,0,0,1,0,0,0,0,0,0,0,0,0,0,0,0,0,0,0,0,0,0,0,0,0,0,0,0,1,0,1,0,0,0,1,0,0
0,1.0,1,0.0,82.0,420.0,349.0,492417879.8645239,658642957.1986871,0,0,0,0,0,0,1,0,0,0,0,0,0,0,0,0,0,0,0,0,0,0,0,0,0,0,0,0,0,1,0,0,0,0,0,0,0,1,0,0,0,1,0,1,0,0
0,2.0,0,10.714439990727769,60.1,450.0,204.0,372291933.30662906,441728593.4170197,0,0,0,0,0,0,1,0,0,0,0,0,0,0,1,0,0,0,0,0,0,0,0,0,0,0,0,0,0,0,0,0,0,0,0,0,0,1,0,0,0,1,0,0,0,1
1,3.0,0,10.668978650219241,59.6,381.0,201.0,487047226.1167749,420270987.6956104,0,0,0,0,0,0,1,0,0,0,0,0,0,0,0,0,0,0,0,0,0,0,0,0,0,0,0,1,0,0,0,0,0,0,0,0,0,1,0,1,0,0,0,1,0,0
0,2.0,0,10.491301994830229,82.0,420.0,349.0,749770846.3535901,559243089.3684018,0,0,0,0,0,0,1,0,0,0,0,0,0,0,0,0,0,0,0,0,0,0,0,0,0,0,0,0,0,1,0,0,0,0,1,0,0,0,0,0,0,0,1,1,0,0
0,3.0,0,10.571342565808699,60.1,450.0,204.0,372291933.06978697,418719367.1715544,0,0,0,0,0,0,1,0,0,0,0,0,0,0,1,0,0,0,0,0,0,0,0,0,0,0,0,0,0,0,0,0,0,0,0,0,0,1,0,0,0,1,0,0,0,1
0,0.0,1,0.0,37.2,326.4,134.0,481532717.71227175,357538182.03329533,0,0,0,0,0,0,1,0,0,0,0,0,0,0,0,0,0,0,0,0,0,0,0,0,0,0,1,0,0,0,0,0,0,0,0,0,0,1,0,0,0,1,0,0,0,1
0,2.0,0,9.90353755128617,18.6,215.0,43.0,302966816.74961585,402493387.0710684,0,0,0,0,0,0,1,0,0,0,0,0,0,0,0,0,0,0,0,0,0,0,0,0,0,1,0,0,0,0,0,0,0,0,0,0,0,1,0,0,0,1,0,0,0,1
0,0.0,1,5.7899601708972535,37.2,326.4,134.0,341471285.47861034,355112652.5332954,0,0,0,0,0,0,1,0,0,0,0,0,0,0,0,0,0,0,0,0,0,0,0,0,0,0,1,0,0,0,0,0,0,0,0,0,0,1,0,0,0,1,0,1,0,0
0,2.0,0,11.321389586401962,59.6,381.0,201.0,398969726.0156912,450788848.295814,0,0,0,0,0,0,1,0,0,0,0,0,0,0,0,0,0,0,0,0,0,0,0,0,0,0,0,1,0,0,0,0,0,0,0,0,1,0,0,0,0,1,0,0,0,1
0,0.0,1,0.0,59.6,381.0,201.0,484666533.0259533,484666533.0259533,0,0,0,0,1,0,0,0,0,0,0,0,0,0,0,0,0,0,0,1,0,0,0,0,0,0,0,0,0,0,0,0,0,1,0,0,0,0,0,0,0,1,0,1,0,0
1,1.0,0,10.12667110305036,37.2,326.4,134.0,474118682.7988276,477293848.2060571,0,0,0,0,0,0,1,0,0,0,0,0,0,0,0,0,0,0,0,0,0,0,0,0,0,0,1,0,0,0,0,0,0,0,0,0,0,1,0,0,1,0,0,1,0,0
0,3.0,1,0.0,59.6,381.0,201.0,813283266.5129766,860746613.2103815,0,0,1,0,0,0,0,0,0,0,0,1,0,0,0,0,0,0,0,0,0,0,0,0,0,0,0,0,0,0,0,0,0,0,1,0,0,0,0,0,1,0,0,0,1,0
0,3.0,0,11.050905878263567,82.0,420.0,349.0,494023143.01715547,547800293.4724555,0,0,0,0,0,0,1,0,0,0,0,0,0,0,0,0,0,0,0,0,0,0,0,0,0,0,0,0,0,1,0,0,0,0,0,0,0,1,0,0,0,1,0,0,0,1
0,3.0,0,10.62135173563291,82.0,420.0,349.0,497681033.8329449,549144586.0353183,0,0,0,0,0,0,1,0,0,0,0,0,0,0,0,0,0,0,0,0,0,0,0,0,0,0,0,0,0,1,0,0,0,0,0,0,0,1,0,0,0,1,0,0,0,1
0,1.0,1,0.0,18.6,215.0,43.0,643187532.6099495,393657337.72385937,0,0,0,0,0,0,1,0,0,0,0,0,0,0,0,0,0,0,0,0,0,0,0,0,0,1,0,0,0,0,0,0,0,0,0,0,0,1,0,0,1,0,0,1,0,0
0,2.0,0,8.987321812850125,18.6,215.0,43.0,302966816.6761334,402493386.9013267,0,0,0,0,0,0,1,0,0,0,0,0,0,0,0,0,0,0,0,0,0,0,0,0,0,1,0,0,0,0,0,0,0,0,0,0,0,1,0,0,0,1,0,0,0,1
0,1.0,0,9.680406499268875,92.0,480.0,402.0,572142557.8475798,667997373.9680302,0,0,0,0,0,0,1,0,0,0,0,0,0,0,0,0,0,0,0,0,0,0,0,0,0,0,0,0,0,0,1,0,0,0,1,0,0,0,0,0,0,0,1,1,0,0
0,3.0,0,10.548599284057516,18.6,215.0,43.0,301976401.732044,529634545.976114,0,0,0,0,0,0,1,0,0,0,0,0,0,0,0,0,0,0,0,0,0,0,0,0,0,1,0,0,0,0,0,0,0,0,0,0,1,0,0,0,0,1,0,0,0,1
0,1.0,1,0.0,37.2,326.0,136.0,503383266.51297665,528166700.75926906,0,0,0,0,0,0,1,0,0,0,0,0,1,0,0,0,0,0,0,0,0,0,0,0,0,0,0,0,0,0,0,0,0,0,0,0,0,1,0,1,0,0,0,0,1,0
0,3.0,0,10.043292972227004,92.0,480.0,402.0,567466733.6717557,454688922.5148654,0,0,0,0,0,0,1,0,0,0,0,0,0,0,0,0,0,0,0,0,0,0,0,0,0,0,0,0,0,0,1,0,0,0,0,0,0,1,0,0,0,1,0,0,1,0
0,2.0,0,9.61587214452889,82.0,420.0,349.0,473921925.25127226,556259046.8152103,0,0,0,0,0,0,1,0,0,0,0,0,0,0,0,0,0,0,0,0,0,0,0,0,0,0,0,0,0,1,0,0,0,0,0,0,1,0,0,0,0,1,0,1,0,0
0,0.0,1,0.0,60.1,450.0,204.0,368902463.438208,477829184.6166185,0,0,0,0,0,0,1,0,0,0,0,0,0,0,1,0,0,0,0,0,0,0,0,0,0,0,0,0,0,0,0,0,0,0,0,1,0,0,0,0,0,1,0,1,0,0
0,2.0,0,9.61587214452889,18.6,215.0,43.0,302966816.3199034,402493386.0784485,0,0,0,0,0,0,1,0,0,0,0,0,0,0,0,0,0,0,0,0,0,0,0,0,0,1,0,0,0,0,0,0,0,0,0,0,0,1,0,0,0,1,0,0,0,1
1,3.0,1,0.0,92.0,480.0,402.0,604700812.204031,457248133.04118115,0,0,0,0,0,0,1,0,0,0,0,0,0,0,0,0,0,0,0,0,0,0,0,0,0,0,0,0,0,0,1,0,0,0,0,1,0,0,0,0,1,0,0,1,0,0
0,2.0,0,11.695255355062795,59.6,381.0,201.0,487667060.82751876,450690809.0801277,0,0,0,0,0,0,1,0,0,0,0,0,0,0,0,0,0,0,0,0,0,0,0,0,0,0,0,1,0,0,0,0,0,0,0,0,1,0,0,0,0,1,0,1,0,0
0,4.0,0,11.002116507732017,82.0,420.0,349.0,497681033.59610283,545088076.9393023,0,0,0,0,0,0,1,0,0,0,0,0,0,0,0,0,0,0,0,0,0,0,0,0,0,0,0,0,0,1,0,0,0,0,0,0,0,1,0,0,0,1,0,0,0,1
0,1.0,0,10.275085591132715,82.0,420.0,349.0,742764817.9770523,661820527.2827994,0,0,0,0,0,0,1,0,0,0,0,0,0,0,0,0,0,0,0,0,0,0,0,0,0,0,0,0,0,1,0,0,0,0,0,0,0,1,0,0,1,0,0,1,0,0
1,2.0,1,8.839421607620602,18.6,215.0,43.0,302966816.0579226,402493385.4732824,0,0,0,0,0,0,1,0,0,0,0,0,0,0,0,0,0,0,0,0,0,0,0,0,0,1,0,0,0,0,0,0,0,0,0,0,0,1,0,0,0,1,0,0,0,1
0,2.0,0,9.358846580275406,82.0,420.0,349.0,475980441.42703134,556657982.9854231,0,0,0,0,0,0,1,0,0,0,0,0,0,0,0,0,0,0,0,0,0,0,0,0,0,0,0,0,0,1,0,0,0,0,0,0,0,1,0,0,1,0,0,1,0,0
1,0.0,1,0.0,82.0,420.0,349.0,477843489.5551938,624026348.5568029,0,0,0,0,0,0,1,0,0,0,0,0,0,0,0,0,0,0,0,0,0,0,0,0,0,0,0,0,0,1,0,0,0,0,0,0,0,1,0,0,0,1,0,0,0,1
0,2.0,0,10.373522431293592,82.0,420.0,349.0,485590392.61311805,559205855.3258485,0,0,0,0,0,0,1,0,0,0,0,0,0,0,0,0,0,0,0,0,0,0,0,0,0,0,0,0,0,1,0,0,0,0,1,0,0,0,0,0,0,0,1,1,0,0
0,0.0,1,0.0,59.6,381.0,201.0,412322413.2503287,421545004.67531776,0,0,0,0,0,0,1,0,0,0,0,0,0,0,0,0,0,0,0,0,0,0,0,1,0,0,0,0,0,0,0,0,0,0,0,1,0,0,0,0,0,1,0,1,0,0
0,4.0,0,10.799595985047786,82.0,420.0,349.0,483080838.4729907,540643637.980969,0,0,0,0,0,0,1,0,0,0,0,0,0,0,0,0,0,0,0,0,0,0,0,0,0,0,0,0,0,1,0,0,0,0,0,0,0,1,0,1,0,0,0,1,0,0
0,0.0,1,0.0,59.6,381.0,201.0,359203733.6255296,479696848.2054121,0,0,0,0,0,0,0,0,1,0,0,0,0,0,0,0,0,0,0,1,0,0,0,0,0,0,0,0,0,0,0,0,0,0,1,0,0,0,0,0,0,1,0,0,0,1
0,1.0,1,8.412054873292933,60.1,450.0,204.0,685849440.8106377,457523518.6524626,0,0,0,0,0,0,1,0,0,0,0,0,0,0,1,0,0,0,0,0,0,0,0,0,0,0,0,0,0,0,0,0,0,0,0,0,0,1,0,0,1,0,0,1,0,0
0,2.0,1,0.0,59.6,381.0,201.0,556100390.4081088,454252896.36117345,0,0,0,0,0,0,1,0,0,0,0,0,0,0,0,0,0,0,0,0,0,0,0,0,0,0,0,1,0,0,0,0,0,0,0,0,0,1,0,0,0,1,0,0,0,1
0,1.0,1,0.0,59.6,381.0,201.0,402650277.1545801,442046586.1451675,0,0,0,0,0,0,1,0,0,0,0,0,0,0,0,0,0,0,0,0,0,0,0,0,0,0,0,1,0,0,0,0,0,0,0,0,0,1,0,0,0,1,0,0,0,1
0,2.0,1,0.0,37.2,326.4,134.0,475073128.265205,395357449.06016684,0,0,0,0,0,0,1,0,0,0,0,0,0,0,0,0,0,0,0,0,0,0,0,0,0,0,1,0,0,0,0,0,0,0,0,0,0,1,0,0,0,1,0,0,0,1
1,1.0,0,10.736418414365376,18.6,215.0,43.0,642264827.2959398,393213151.6773477,0,0,0,0,0,0,1,0,0,0,0,0,0,0,0,0,0,0,0,0,0,0,0,0,0,1,0,0,0,0,0,0,0,0,0,0,0,1,0,1,0,0,0,1,0,0
0,2.0,0,1.9459101490553132,59.6,381.0,201.0,520797333.0968872,448795384.2435264,0,0,0,0,0,0,1,0,0,0,0,0,0,0,0,0,0,0,0,0,0,0,0,0,0,0,0,1,0,0,0,0,0,0,0,0,0,1,0,0,1,0,0,1,0,0
0,0.0,0,3.713572066704308,75.3,450.0,201.0,659634365.4922429,585180792.5987114,0,0,0,0,0,0,1,0,0,0,0,0,0,0,0,0,0,0,0,0,0,0,0,0,0,0,0,0,1,0,0,0,0,0,1,0,0,0,0,0,0,0,1,1,0,0
1,3.0,0,10.839600519357369,82.0,420.0,349.0,485408717.13740426,547829307.0121074,0,0,0,0,0,0,1,0,0,0,0,0,0,0,0,0,0,0,0,0,0,0,0,0,0,0,0,0,0,1,0,0,0,0,0,0,0,1,0,0,0,1,0,1,0,0
0,1.0,1,0.0,59.6,381.0,201.0,499638777.5216277,439419470.196015,0,0,0,0,0,0,1,0,0,0,0,0,0,0,0,0,0,0,0,0,0,0,0,0,0,0,0,1,0,0,0,0,0,0,0,0,0,1,0,0,1,0,0,0,1,0
0,1.0,1,0.0,18.6,215.0,43.0,302966816.12022287,395068964.2517663,0,0,0,0,0,0,1,0,0,0,0,0,0,0,0,0,0,0,0,0,0,0,0,0,0,1,0,0,0,0,0,0,0,0,0,0,0,1,0,0,0,1,0,0,0,1
0,0.0,1,0.0,60.1,450.0,204.0,368846726.59610283,477757630.56256443,0,0,0,0,0,0,1,0,0,0,0,0,0,0,1,0,0,0,0,0,0,0,0,0,0,0,0,0,0,0,0,0,0,0,0,0,0,1,0,0,0,1,0,1,0,0
0,0.0,1,0.0,82.0,420.0,349.0,477843490.1140173,624026349.514786,0,0,0,0,0,0,1,0,0,0,0,0,0,0,0,0,0,0,0,0,0,0,0,0,0,0,0,0,0,1,0,0,0,0,0,0,0,1,0,0,0,1,0,0,0,1
0,1.0,1,0.0,92.0,480.0,402.0,566532667.7376897,659270878.2415345,0,0,0,0,0,0,1,0,0,0,0,0,0,0,0,0,0,0,0,0,0,0,0,0,0,0,0,0,0,0,1,0,0,0,0,0,0,1,0,0,0,1,0,1,0,0
0,0.0,1,0.0,75.3,450.0,201.0,505239671.71536607,583254187.0941242,0,0,0,0,0,0,1,0,0,0,0,0,0,0,0,0,0,0,0,0,0,0,0,0,0,0,0,0,1,0,0,0,0,0,0,0,0,1,0,0,1,0,0,1,0,0
0,2.0,1,8.987321812850125,18.6,215.0,43.0,302966816.6681462,402493386.8828765,0,0,0,0,0,0,1,0,0,0,0,0,0,0,0,0,0,0,0,0,0,0,0,0,0,1,0,0,0,0,0,0,0,0,0,0,0,1,0,0,0,1,0,0,0,1
0,3.0,0,10.545367754151743,82.0,420.0,349.0,497681033.59610283,549144585.9482776,0,0,0,0,0,0,1,0,0,0,0,0,0,0,0,0,0,0,0,0,0,0,0,0,0,0,0,0,0,1,0,0,0,0,0,0,0,1,0,0,0,1,0,0,0,1
0,1.0,1,0.0,18.6,215.0,43.0,302966815.9461015,395068963.99827796,0,0,0,0,0,0,1,0,0,0,0,0,0,0,0,0,0,0,0,0,0,0,0,0,0,1,0,0,0,0,0,0,0,0,0,0,0,1,0,0,0,1,0,0,0,1
0,3.0,0,10.308985993422082,82.0,420.0,349.0,474804278.19244874,547945361.1707147,0,0,0,0,0,0,1,0,0,0,0,0,0,0,0,0,0,0,0,0,0,0,0,0,0,0,0,0,0,1,0,0,0,0,0,0,0,1,0,1,0,0,0,1,0,0
0,1.0,1,0.0,37.2,326.4,134.0,341365163.0296308,477157040.3884675,0,0,0,0,0,0,1,0,0,0,0,0,0,0,0,0,0,0,0,0,0,0,0,0,0,0,1,0,0,0,0,0,0,0,0,0,0,1,0,0,0,1,0,1,0,0
0,2.0,1,8.160803920954665,92.0,480.0,402.0,599841163.081224,471032400.6055366,0,0,0,0,0,0,1,0,0,0,0,0,0,0,0,0,0,0,0,0,0,0,0,0,0,0,0,0,0,0,1,0,0,0,0,0,0,1,0,1,0,0,0,1,0,0
0,1.0,0,0.0,75.3,450.0,201.0,484666533.0259533,561955155.9157027,0,0,0,0,0,0,1,0,0,0,0,0,0,0,0,0,0,0,0,0,0,0,0,0,0,0,0,0,1,0,0,0,0,0,0,0,0,1,0,1,0,0,0,1,0,0
0,1.0,0,10.12667110305036,37.2,326.4,134.0,473585060.23917466,476492545.274461,0,0,0,0,0,0,1,0,0,0,0,0,0,0,0,0,0,0,0,0,0,0,0,0,0,0,1,0,0,0,0,0,0,0,0,0,0,1,0,0,1,0,0,1,0,0
1,1.0,0,9.90353755128617,18.6,215.0,43.0,302966816.660159,395068965.0378128,0,0,0,0,0,0,1,0,0,0,0,0,0,0,0,0,0,0,0,0,0,0,0,0,0,1,0,0,0,0,0,0,0,0,0,0,0,1,0,0,0,1,0,0,0,1
0,0.0,0,1.791759469228055,92.0,480.0,402.0,597420110.449645,839316989.6613097,0,0,0,0,0,0,1,0,0,0,0,0,0,0,0,0,0,0,0,0,0,0,0,0,0,0,0,0,0,0,1,0,0,0,0,0,1,0,0,0,0,1,0,0,0,1
0,1.0,1,0.0,60.1,450.0,204.0,368349831.85926074,455400230.9812297,0,0,0,0,0,0,1,0,0,0,0,0,0,0,1,0,0,0,0,0,0,0,0,0,0,0,0,0,0,0,0,0,0,0,0,0,0,1,0,0,0,1,0,1,0,0
0,1.0,0,10.491301994830229,37.2,326.4,134.0,467261809.3042523,477375281.4308128,0,0,0,0,0,0,1,0,0,0,0,0,0,0,0,0,0,0,0,0,0,0,0,0,0,0,1,0,0,0,0,0,0,0,0,0,0,1,0,0,0,1,0,1,0,0
0,2.0,0,9.210440366976517,37.2,326.4,134.0,340969244.66228384,392914413.78590524,0,0,0,0,0,0,1,0,0,0,0,0,0,0,0,0,0,0,0,0,0,0,0,0,0,0,1,0,0,0,0,0,0,0,0,0,0,1,0,0,1,0,0,1,0,0
0,4.0,0,11.127277689932466,59.6,381.0,201.0,422770243.05619884,419826520.3595736,0,0,0,0,0,0,1,0,0,0,0,0,0,0,0,0,0,0,0,0,0,0,0,0,0,0,0,0,0,0,0,1,0,0,0,0,0,1,0,0,0,1,0,0,0,1
0,0.0,1,0.0,59.6,381.0,201.0,484666533.0259533,548333611.4540567,0,0,0,0,0,0,1,0,0,0,0,0,0,0,0,0,1,0,0,0,0,0,0,0,0,0,0,0,0,0,0,0,0,0,0,1,0,0,0,0,0,1,0,1,0,0
0,0.0,1,0.0,37.2,326.4,134.0,445686598.7891948,355059461.04393363,0,0,0,0,0,0,1,0,0,0,0,0,0,0,0,0,0,0,0,0,0,0,0,0,0,0,1,0,0,0,0,0,0,0,0,0,0,1,0,0,0,1,0,1,0,0
0,2.0,0,10.736418414365376,18.6,215.0,43.0,302966815.8933858,402493385.0932086,0,0,0,0,0,0,1,0,0,0,0,0,0,0,0,0,0,0,0,0,0,0,0,0,0,1,0,0,0,0,0,0,0,0,0,0,0,1,0,0,0,1,0,0,0,1
0,3.0,0,10.275085591132715,92.0,480.0,402.0,573285409.6058217,461656021.33065486,0,0,0,0,0,0,1,0,0,0,0,0,0,0,0,0,0,0,0,0,0,0,0,0,0,0,0,0,0,0,1,0,0,0,0,0,0,1,0,0,0,1,0,0,0,1
0,3.0,0,9.392745258631441,18.6,215.0,43.0,302966815.3901909,549634512.1051462,0,0,0,0,0,0,1,0,0,0,0,0,0,0,0,0,0,0,0,0,0,0,0,0,0,1,0,0,0,0,0,0,0,0,0,0,0,1,0,0,0,1,0,0,0,1
0,1.0,1,0.0,37.2,326.4,134.0,340197816.09085524,476225444.2972623,0,0,0,0,0,0,1,0,0,0,0,0,0,0,0,0,0,0,0,0,0,0,0,0,0,0,1,0,0,0,0,0,0,0,0,0,0,1,0,0,1,0,0,1,0,0
0,0.0,1,0.0,59.6,381.0,201.0,771340684.5707573,574785741.6183203,0,0,0,0,0,0,1,0,0,0,0,0,0,0,0,0,0,1,0,0,0,0,0,0,0,0,0,0,0,0,0,0,0,0,0,1,0,0,0,0,0,1,0,0,0,1
0,1.0,0,11.134443028191951,37.2,326.4,134.0,474248834.64264536,477489287.94547075,0,0,0,0,0,0,1,0,0,0,0,0,0,0,0,0,0,0,0,0,0,0,0,0,0,0,1,0,0,0,0,0,0,0,0,0,0,1,0,0,0,1,0,1,0,0
0,3.0,1,10.714439990727769,92.0,480.0,402.0,567796404.001426,455083659.3569706,0,0,0,0,0,0,1,0,0,0,0,0,0,0,0,0,0,0,0,0,0,0,0,0,0,0,0,0,0,0,1,0,0,0,0,0,0,1,0,0,1,0,0,1,0,0
0,2.0,1,0.0,82.0,420.0,349.0,495338932.49083966,558147344.6875508,0,0,0,0,0,0,1,0,0,0,0,0,0,0,0,0,0,0,0,0,0,0,0,0,0,0,0,0,0,1,0,0,0,0,0,0,0,1,0,0,1,0,0,1,0,0
0,3.0,1,0.0,82.0,420.0,349.0,431946782.1703813,547328339.894119,0,0,0,0,0,0,1,0,0,0,0,0,0,0,0,0,0,0,0,0,0,0,0,0,0,0,0,0,0,1,0,0,0,0,0,0,0,1,0,1,0,0,0,1,0,0
0,0.0,1,0.0,59.6,381.0,201.0,335314866.9033074,440605975.3872303,0,0,0,0,0,0,0,0,1,0,0,0,0,0,0,0,0,0,0,1,0,0,0,0,0,0,0,0,0,0,0,0,0,0,0,0,0,1,0,0,1,0,0,1,0,0
0,1.0,0,7.170888478512505,82.0,420.0,349.0,473098395.8395075,658942022.6099023,0,0,0,0,0,0,1,0,0,0,0,0,0,0,0,0,0,0,0,0,0,0,0,0,0,0,0,0,0,1,0,0,0,0,0,0,1,0,0,0,0,1,0,1,0,0
0,2.0,0,9.61587214452889,59.6,381.0,201.0,488844746.777932,452553554.1781669,0,0,0,0,0,0,1,0,0,0,0,0,0,0,0,0,0,0,0,0,0,0,0,0,0,0,0,1,0,0,0,0,0,0,1,0,0,0,0,0,0,0,1,1,0,0
0,0.0,1,0.0,14.7,170.0,27.0,351459542.91159785,347842521.5869051,0,0,0,0,1,0,0,0,0,0,0,0,0,0,0,0,0,0,1,0,0,0,0,0,0,0,0,0,0,0,0,0,0,0,0,0,1,0,0,0,0,1,0,1,0,0
0,0.0,1,0.0,18.6,215.0,43.0,302537104.60744333,335857160.69418734,0,0,0,0,0,0,1,0,0,0,0,0,0,0,0,0,0,0,0,0,0,0,0,0,0,1,0,0,0,0,0,0,0,0,0,0,0,1,0,0,0,1,0,1,0,0
0,1.0,0,9.314790473332646,37.2,326.4,134.0,343332508.2133042,478727071.5611059,0,0,0,0,0,0,1,0,0,0,0,0,0,0,0,0,0,0,0,0,0,0,0,0,0,0,1,0,0,0,0,0,0,0,0,0,0,1,0,0,0,1,0,0,0,1
0,3.0,1,10.518700218288165,82.0,420.0,349.0,743040891.5966842,547955032.3505987,0,0,0,0,0,0,1,0,0,0,0,0,0,0,0,0,0,0,0,0,0,0,0,0,0,0,0,0,0,1,0,0,0,0,0,0,0,1,0,0,1,0,0,1,0,0
0,1.0,1,0.0,37.2,326.4,134.0,459862697.6035019,478727072.1311385,0,0,0,0,0,0,1,0,0,0,0,0,0,0,0,0,0,0,0,0,0,0,0,0,0,0,1,0,0,0,0,0,0,0,0,0,0,1,0,0,0,1,0,0,0,1
0,3.0,1,10.819798284210286,82.0,420.0,349.0,746169283.8535901,547790622.2925717,0,0,0,0,0,0,1,0,0,0,0,0,0,0,0,0,0,0,0,0,0,0,0,0,0,0,0,0,0,1,0,0,0,0,0,0,0,1,0,0,1,0,0,1,0,0
0,0.0,1,0.0,60.1,450.0,204.0,463157455.2451907,477079184.6166185,0,0,0,0,0,0,1,0,0,0,0,0,0,0,1,0,0,0,0,0,0,0,0,0,0,0,0,0,0,0,0,0,0,0,0,0,0,1,0,1,0,0,0,1,0,0
0,3.0,1,9.680406499268875,92.0,480.0,402.0,569561500.8031334,456063922.5148654,0,0,0,0,0,0,1,0,0,0,0,0,0,0,0,0,0,0,0,0,0,0,0,0,0,0,0,0,0,0,1,0,0,0,0,0,0,1,0,0,1,0,0,1,0,0
0,1.0,1,0.0,59.6,381.0,201.0,677456152.9083965,442046585.92059124,0,0,0,0,0,0,1,0,0,0,0,0,0,0,0,0,0,0,0,0,0,0,0,0,0,0,0,1,0,0,0,0,0,0,0,0,0,1,0,0,0,1,0,0,0,1
0,3.0,1,10.757924157061597,82.0,420.0,349.0,744120646.1979113,548295457.8825135,0,0,0,0,0,0,1,0,0,0,0,0,0,0,0,0,0,0,0,0,0,0,0,0,0,0,0,0,0,1,0,0,0,0,0,0,0,1,0,0,1,0,0,1,0,0
0,3.0,1,8.748463629942055,92.0,480.0,402.0,569906294.1113161,457609975.1464443,0,0,0,0,0,0,1,0,0,0,0,0,0,0,0,0,0,0,0,0,0,0,0,0,0,0,0,0,0,0,1,0,0,0,0,0,0,1,0,0,1,0,0,1,0,0
0,3.0,0,10.691967639914864,59.6,381.0,201.0,402650277.1962468,441989718.0081104,0,0,0,0,0,0,1,0,0,0,0,0,0,0,0,0,0,0,0,0,0,0,0,0,0,0,0,1,0,0,0,0,0,0,0,0,0,1,0,0,0,1,0,0,0,1
0,1.0,0,0.0,37.2,326.4,134.0,341659040.58065116,477391568.07576394,0,0,0,0,0,0,1,0,0,0,0,0,0,0,0,0,0,0,0,0,0,0,0,0,0,0,1,0,0,0,0,0,0,0,0,0,1,0,0,0,0,1,0,0,0,1
0,0.0,1,0.0,18.6,215.0,43.0,426036095.01853806,337359952.5265896,0,0,0,0,0,0,1,0,0,0,0,0,0,0,0,0,0,0,0,0,0,0,0,0,0,1,0,0,0,0,0,0,0,0,0,0,0,1,0,0,0,1,0,0,0,1
0,3.0,0,9.210440366976517,82.0,420.0,349.0,742427096.3535901,546864123.2596896,0,0,0,0,0,0,1,0,0,0,0,0,0,0,0,0,0,0,0,0,0,0,0,0,0,0,0,0,0,1,0,0,0,0,0,0,0,1,0,1,0,0,0,1,0,0
0,3.0,0,10.085850775128717,59.6,381.0,201.0,484666533.0259533,851786613.2103812,0,0,0,1,0,0,0,0,0,0,0,1,0,0,0,0,0,0,0,0,0,0,0,0,0,0,0,0,0,0,0,0,0,0,0,0,0,1,0,0,1,0,0,1,0,0
0,3.0,0,10.859018228147887,82.0,420.0,349.0,474510160.5453899,547829307.0121074,0,0,0,0,0,0,1,0,0,0,0,0,0,0,0,0,0,0,0,0,0,0,0,0,0,0,0,0,0,1,0,0,0,0,0,0,0,1,0,0,0,1,0,1,0,0
0,4.0,0,11.097425172408931,59.6,381.0,201.0,550628698.3892409,416577804.3506355,0,0,0,0,0,0,1,0,0,0,0,0,0,0,0,0,0,0,0,0,0,0,0,0,0,0,0,1,0,0,0,0,0,0,0,0,0,1,0,1,0,0,0,1,0,0
0,0.0,1,0.0,59.6,381.0,201.0,414149999.45722526,423311671.34198445,0,0,0,0,0,0,1,0,0,0,0,0,0,0,0,0,0,0,0,0,0,0,0,1,0,0,0,0,0,0,0,0,0,0,0,0,0,1,0,0,1,0,0,1,0,0
0,3.0,1,10.434145214930487,82.0,420.0,349.0,747013033.8535901,547999519.7780648,0,0,0,0,0,0,1,0,0,0,0,0,0,0,0,0,0,0,0,0,0,0,0,0,0,0,0,0,0,1,0,0,0,0,0,0,0,1,0,0,1,0,0,1,0,0
0,3.0,0,9.305741456739435,92.0,480.0,402.0,569494206.1992282,457116554.09381264,0,0,0,0,0,0,1,0,0,0,0,0,0,0,0,0,0,0,0,0,0,0,0,0,0,0,0,0,0,0,1,0,0,0,0,0,0,1,0,1,0,0,0,1,0,0
0,1.0,0,8.922791623969637,18.6,215.0,43.0,301930075.8534497,393559663.3052547,0,0,0,0,0,0,1,0,0,0,0,0,0,0,0,0,0,0,0,0,0,0,0,0,0,1,0,0,0,0,0,0,0,0,0,0,0,1,0,0,1,0,0,1,0,0
1,2.0,1,7.601402334583733,18.6,215.0,43.0,642834875.6051185,399984162.7131348,0,0,0,0,0,0,1,0,0,0,0,0,0,0,0,0,0,0,0,0,0,0,0,0,0,1,0,0,0,0,0,0,0,0,0,0,0,1,0,0,1,0,0,1,0,0
0,2.0,0,9.852246888342531,82.0,420.0,349.0,484482112.358341,558280323.410955,0,0,0,0,0,0,1,0,0,0,0,0,0,0,0,0,0,0,0,0,0,0,0,0,0,0,0,0,0,1,0,0,0,0,0,0,0,1,0,0,1,0,0,1,0,0
0,2.0,0,0.0,37.2,326.4,134.0,475073129.1762679,395357450.8323187,0,0,0,0,0,0,1,0,0,0,0,0,0,0,0,0,0,0,0,0,0,0,0,0,0,0,1,0,0,0,0,0,0,0,0,0,0,1,0,0,0,1,0,0,0,1
0,3.0,1,0.0,82.0,420.0,349.0,496391564.069787,548670699.6620107,0,0,0,0,0,0,1,0,0,0,0,0,0,0,0,0,0,0,0,0,0,0,0,0,0,0,0,0,0,1,0,0,0,0,0,1,0,0,0,0,1,0,0,1,0,0
1,2.0,0,9.210440366976517,18.6,215.0,43.0,302650523.13779473,401762760.49911267,0,0,0,0,0,0,1,0,0,0,0,0,0,0,0,0,0,0,0,0,0,0,0,0,0,1,0,0,0,0,0,0,0,0,0,0,1,0,0,0,0,1,0,0,0,1
0,4.0,0,9.105090961257085,82.0,420.0,349.0,483335615.5430544,540921415.7587467,0,0,0,0,0,0,1,0,0,0,0,0,0,0,0,0,0,0,0,0,0,0,0,0,0,0,0,0,0,1,0,0,0,0,0,0,0,1,0,0,0,1,0,1,0,0
0,0.0,1,0.0,37.2,326.4,134.0,340516183.437794,353867971.6822316,0,0,0,0,0,0,1,0,0,0,0,0,0,0,0,0,0,0,0,0,0,0,0,0,0,0,1,0,0,0,0,0,0,0,0,0,0,1,0,0,1,0,0,1,0,0
1,2.0,1,8.699681400989514,18.6,215.0,43.0,300252759.55952,396224015.1116588,0,0,0,0,0,0,1,0,0,0,0,0,0,0,0,0,0,0,0,0,0,0,0,0,0,1,0,0,0,0,0,0,0,0,0,0,0,1,0,1,0,0,0,1,0,0
0,0.0,0,2.3978952727983707,37.2,326.4,134.0,474142543.97019416,355256269.554572,0,0,0,0,0,0,1,0,0,0,0,0,0,0,0,0,0,0,0,0,0,0,0,0,0,0,1,0,0,0,0,0,0,0,0,0,1,0,0,0,0,1,0,0,0,1
0,1.0,1,9.392745258631441,18.6,215.0,43.0,302966813.8742165,395068960.98199886,0,0,0,0,0,0,1,0,0,0,0,0,0,0,0,0,0,0,0,0,0,0,0,0,0,1,0,0,0,0,0,0,0,0,0,1,0,0,0,0,0,1,0,0,0,1
0,0.0,1,0.0,59.6,381.0,201.0,402650276.78652453,498657567.55440706,0,0,0,0,0,0,1,0,0,0,0,0,0,0,0,0,0,0,0,0,0,0,0,0,0,0,0,1,0,0,0,0,0,0,0,0,0,1,0,0,0,1,0,0,0,1
0,1.0,1,3.332204510175204,18.6,215.0,43.0,427283422.51297665,395068964.13316166,0,0,0,0,0,0,1,0,0,0,0,0,0,0,0,0,0,0,0,0,0,0,0,0,0,1,0,0,0,0,0,0,0,0,0,1,0,0,0,0,0,1,0,0,0,1
0,3.0,0,8.517393171418904,37.2,326.4,134.0,340373326.2949369,433541248.27609783,0,0,0,0,0,0,1,0,0,0,0,0,0,0,0,0,0,0,0,0,0,0,0,0,0,0,1,0,0,0,0,0,0,0,0,0,0,1,0,1,0,0,0,1,0,0
1,0.0,1,0.0,18.6,215.0,43.0,484666533.0259533,335683976.3366455,0,0,0,0,0,0,1,0,0,0,0,0,0,0,0,0,0,0,0,0,0,0,0,0,0,1,0,0,0,0,0,0,0,0,0,0,1,0,0,0,0,1,0,1,0,0
0,1.0,1,0.0,59.6,381.0,201.0,399490559.34902453,440118622.7383879,0,0,0,0,0,0,1,0,0,0,0,0,0,0,0,0,0,0,0,0,0,0,0,0,0,0,0,1,0,0,0,0,0,0,0,0,0,1,0,0,1,0,0,1,0,0
0,1.0,1,8.294299608857235,92.0,480.0,402.0,569724975.4299974,664236690.2073464,0,0,0,0,0,0,1,0,0,0,0,0,0,0,0,0,0,0,0,0,0,0,0,0,0,0,0,0,0,0,1,0,0,0,0,0,0,1,0,0,1,0,0,1,0,0
0,4.0,0,10.404293143019792,82.0,420.0,349.0,739458069.5107948,536761693.53652453,0,0,0,0,0,0,1,0,0,0,0,0,0,0,0,0,0,0,0,0,0,0,0,0,0,0,0,0,0,1,0,0,0,0,0,0,0,1,0,1,0,0,0,1,0,0
1,3.0,0,10.520104599106125,75.3,450.0,201.0,481885476.27534884,454729254.0162208,0,0,0,0,0,0,1,0,0,0,0,0,0,0,0,0,0,0,0,0,0,0,0,0,0,0,0,0,1,0,0,0,0,0,0,0,0,1,0,1,0,0,0,1,0,0
0,2.0,0,10.778977123006351,59.6,381.0,201.0,486943920.331651,449547018.2304545,0,0,0,0,0,0,1,0,0,0,0,0,0,0,0,0,0,0,0,0,0,0,0,0,0,0,0,1,0,0,0,0,0,0,0,0,0,1,0,1,0,0,0,1,0,0
0,0.0,1,0.0,37.2,326.4,134.0,341302877.31534505,354893184.448189,0,0,0,0,0,0,1,0,0,0,0,0,0,0,0,0,0,0,0,0,0,0,0,0,0,0,1,0,0,0,0,0,0,0,0,0,0,1,0,0,0,1,0,1,0,0
0,2.0,0,11.002116507732017,37.2,326.4,134.0,341699856.9071818,393669688.0475086,0,0,0,0,0,0,1,0,0,0,0,0,0,0,0,0,0,0,0,0,0,0,0,0,0,0,1,0,0,0,0,0,0,0,0,0,1,0,0,0,0,1,0,0,0,1
0,0.0,1,0.0,82.0,420.0,349.0,568743486.943041,588690380.7328237,0,0,0,0,0,0,1,0,0,0,0,0,0,0,0,0,0,0,0,1,0,0,0,0,0,0,0,0,0,0,0,0,0,0,0,0,1,0,0,0,0,1,0,1,0,0
0,2.0,0,9.392745258631441,82.0,420.0,349.0,474304278.19244874,556673940.4322315,0,0,0,0,0,0,1,0,0,0,0,0,0,0,0,0,0,0,0,0,0,0,0,0,0,0,0,0,0,1,0,0,0,0,0,0,0,1,0,0,0,1,0,1,0,0
0,3.0,0,9.741027444837728,37.2,326.4,134.0,343332505.4582022,442956818.3410329,0,0,0,0,0,0,1,0,0,0,0,0,0,0,0,0,0,0,0,0,0,0,0,0,0,0,1,0,0,0,0,0,0,0,0,0,0,1,0,0,0,1,0,0,0,1
1,1.0,0,9.99884318585288,60.1,450.0,204.0,368686673.96452385,455838587.14561325,0,0,0,0,0,0,1,0,0,0,0,0,0,0,1,0,0,0,0,0,0,0,0,0,0,0,0,0,0,0,0,0,0,0,0,1,0,0,0,0,0,1,0,1,0,0
0,0.0,1,0.0,92.0,480.0,402.0,608385022.7303468,855764358.0823623,0,0,0,0,0,0,1,0,0,0,0,0,0,0,0,0,0,0,0,0,0,0,0,0,0,0,0,0,0,0,1,0,0,0,1,0,0,0,0,0,0,0,1,1,0,0
0,1.0,0,0.0,37.2,326.4,134.0,474585060.23917466,477994173.9389561,0,0,0,0,0,0,1,0,0,0,0,0,0,0,0,0,0,0,0,0,0,0,0,0,0,0,1,0,0,0,0,0,0,0,1,0,0,0,0,0,0,0,1,1,0,0
0,2.0,0,9.210440366976517,37.2,326.4,134.0,366711160.5506355,395357450.3259896,0,0,0,0,0,0,1,0,0,0,0,0,0,0,0,0,0,0,0,0,0,0,0,0,0,0,1,0,0,0,0,0,0,0,0,0,0,1,0,0,0,1,0,0,0,1
0,3.0,0,10.933124826700707,82.0,420.0,349.0,484666533.0259533,547893136.7993414,0,0,0,0,0,0,1,0,0,0,0,0,0,0,0,0,0,0,0,0,0,0,0,0,0,0,0,0,0,1,0,0,0,0,0,0,0,1,0,0,0,1,0,1,0,0
0,2.0,0,6.90875477931522,18.6,215.0,43.0,302966816.62022287,402493386.7721755,0,0,0,0,0,0,1,0,0,0,0,0,0,0,0,0,0,0,0,0,0,0,0,0,0,1,0,0,0,0,0,0,0,0,0,0,0,1,0,0,0,1,0,0,0,1
0,1.0,0,10.596659732783579,92.0,480.0,402.0,601104320.9759609,660544382.5150387,0,0,0,0,0,0,1,0,0,0,0,0,0,0,0,0,0,0,0,0,0,0,0,0,0,0,0,0,0,0,1,0,0,0,0,0,0,1,0,1,0,0,0,1,0,0
0,3.0,0,7.601402334583733,59.6,381.0,201.0,422770245.98723334,503291583.1412208,0,0,0,0,0,0,1,0,0,0,0,0,0,0,0,0,0,0,0,0,0,0,0,0,0,0,0,0,0,0,0,1,0,0,0,0,0,1,0,0,0,1,0,0,0,1
0,0.0,0,7.013915474810528,59.6,381.0,201.0,481882071.3312895,415174586.9647397,0,0,0,0,0,0,1,0,0,0,0,0,0,0,0,0,0,0,0,0,0,1,0,0,0,0,0,0,0,0,0,0,0,0,0,0,1,0,0,0,0,1,0,0,0,1
0,2.0,0,9.105090961257085,37.2,326.4,134.0,475073127.1372224,395357446.86607397,0,0,0,0,0,0,1,0,0,0,0,0,0,0,0,0,0,0,0,0,0,0,0,0,0,0,1,0,0,0,0,0,0,0,0,0,0,1,0,0,0,1,0,0,0,1
0,3.0,0,9.546884034617925,82.0,420.0,349.0,477843490.6434291,549144586.1997283,0,0,0,0,0,0,1,0,0,0,0,0,0,0,0,0,0,0,0,0,0,0,0,0,0,0,0,0,0,1,0,0,0,0,0,0,0,1,0,0,0,1,0,0,0,1
1,3.0,1,9.90353755128617,92.0,480.0,402.0,489044355.3506355,456846817.2517075,0,0,0,0,0,0,1,0,0,0,0,0,0,0,0,0,0,0,0,0,0,0,0,0,0,0,0,0,0,0,1,0,0,0,0,1,0,0,0,0,1,0,0,1,0,0
0,3.0,0,10.714439990727769,82.0,420.0,349.0,477843490.0797036,549144585.9772911,0,0,0,0,0,0,1,0,0,0,0,0,0,0,0,0,0,0,0,0,0,0,0,0,0,0,0,0,0,1,0,0,0,0,0,0,0,1,0,0,0,1,0,0,0,1
0,3.0,0,10.596659732783579,82.0,420.0,349.0,743255615.5230646,548022730.6097863,0,0,0,0,0,0,1,0,0,0,0,0,0,0,0,0,0,0,0,0,0,0,0,0,0,0,0,0,0,1,0,0,0,0,0,0,0,1,0,0,1,0,0,1,0,0
1,1.0,0,7.601402334583733,18.6,215.0,43.0,302966816.6953027,395068965.0889756,0,0,0,0,0,0,1,0,0,0,0,0,0,0,0,0,0,0,0,0,0,0,0,0,0,1,0,0,0,0,0,0,0,0,0,0,0,1,0,0,0,1,0,0,0,1
0,1.0,1,5.375278407684165,18.6,215.0,43.0,301918893.7448235,393543384.2354873,0,0,0,0,0,0,1,0,0,0,0,0,0,0,0,0,0,0,0,0,0,0,0,0,0,1,0,0,0,0,0,0,0,0,0,0,0,1,0,0,1,0,0,1,0,0
0,0.0,1,0.0,82.0,420.0,349.0,560980362.3093843,617068372.7752901,0,0,0,0,0,0,1,0,0,0,0,0,0,0,0,0,0,0,0,0,0,0,0,0,0,0,0,0,0,1,0,0,0,0,0,0,0,1,0,0,0,1,0,1,0,0
0,1.0,0,10.778977123006351,37.2,326.4,134.0,474216296.68169093,477440428.0106173,0,0,0,0,0,0,1,0,0,0,0,0,0,0,0,0,0,0,0,0,0,0,0,0,0,0,1,0,0,0,0,0,0,0,0,0,0,1,0,0,1,0,0,1,0,0
0,4.0,0,11.51293546492023,59.6,381.0,201.0,422770254.0906816,419826533.6929069,0,0,0,0,0,0,1,0,0,0,0,0,0,0,0,0,0,0,0,0,0,0,0,0,0,0,0,0,0,0,0,1,0,0,0,0,0,1,0,0,0,1,0,0,0,1
0,1.0,1,0.0,37.2,326.4,134.0,473693520.1090228,476655411.7239724,0,0,0,0,0,0,1,0,0,0,0,0,0,0,0,0,0,0,0,0,0,0,0,0,0,0,1,0,0,0,0,0,0,0,0,0,0,1,0,0,1,0,0,1,0,0
0,3.0,0,10.463131911491967,82.0,420.0,349.0,477843490.3248016,549144586.074003,0,0,0,0,0,0,1,0,0,0,0,0,0,0,0,0,0,0,0,0,0,0,0,0,0,0,0,0,0,1,0,0,0,0,0,0,0,1,0,0,0,1,0,0,0,1
0,0.0,1,0.0,82.0,420.0,349.0,564509774.0740901,617572574.4559624,0,0,0,0,0,0,1,0,0,0,0,0,0,0,0,0,0,0,0,0,0,0,0,0,0,0,0,0,0,1,0,0,0,0,0,0,0,1,0,0,0,1,0,1,0,0
0,2.0,0,9.392745258631441,18.6,215.0,43.0,643921832.1268576,400814421.01571786,0,0,0,0,0,0,1,0,0,0,0,0,0,0,0,0,0,0,0,0,0,0,0,0,0,1,0,0,0,0,0,0,0,0,0,0,0,1,0,0,1,0,0,1,0,0
0,1.0,0,9.105090961257085,92.0,480.0,402.0,440606055.47813934,669775140.728714,0,0,0,0,0,0,1,0,0,0,0,0,0,0,0,0,0,0,0,0,0,0,0,0,0,0,0,0,0,0,1,0,0,0,0,0,0,1,0,0,0,1,0,0,0,1
0,3.0,0,11.264476926102367,82.0,420.0,349.0,494049458.8066291,547809964.6523395,0,0,0,0,0,0,1,0,0,0,0,0,0,0,0,0,0,0,0,0,0,0,0,0,0,0,0,0,0,1,0,0,0,0,0,0,0,1,0,0,0,1,0,0,0,1
1,1.0,0,0.0,37.2,326.4,134.0,473598075.42355645,476512089.24840236,0,0,0,0,0,0,1,0,0,0,0,0,0,0,0,0,0,0,0,0,0,0,0,0,0,0,1,0,0,0,0,0,0,0,0,0,0,1,0,0,1,0,0,1,0,0
0,3.0,1,0.0,82.0,420.0,349.0,745895846.3535901,547722924.033384,0,0,0,0,0,0,1,0,0,0,0,0,0,0,0,0,0,0,0,0,0,0,0,0,0,0,0,0,0,1,0,0,0,0,0,1,0,0,0,0,1,0,0,1,0,0
0,1.0,0,9.220389707829185,59.6,381.0,201.0,487654664.1333039,439724554.9417777,0,0,0,0,0,0,1,0,0,0,0,0,0,0,0,0,0,0,0,0,0,0,0,0,0,0,0,1,0,0,0,0,0,0,0,0,0,1,0,0,1,0,0,1,0,0
0,3.0,0,10.596659732783579,82.0,420.0,349.0,477843490.0551938,549144585.96762,0,0,0,0,0,0,1,0,0,0,0,0,0,0,0,0,0,0,0,0,0,0,0,0,0,0,0,0,0,1,0,0,0,0,0,0,0,1,0,0,0,1,0,0,0,1
0,1.0,0,3.828641396489095,82.0,420.0,349.0,482513959.492099,661175667.4697152,0,0,0,0,0,0,1,0,0,0,0,0,0,0,0,0,0,0,0,0,0,0,0,0,0,0,0,0,0,1,0,0,0,0,0,0,0,1,0,0,0,1,0,1,0,0
0,1.0,0,8.517393171418904,37.2,326.4,134.0,473619767.3975261,476544662.5383046,0,0,0,0,0,0,1,0,0,0,0,0,0,0,0,0,0,0,0,0,0,0,0,0,0,0,1,0,0,0,0,0,0,0,0,0,0,1,0,0,1,0,0,1,0,0
0,1.0,0,9.90353755128617,37.2,326.0,136.0,377471376.2341785,571059557.9021262,0,0,0,0,1,0,0,0,0,0,0,0,1,0,0,0,0,0,0,0,0,0,0,0,0,0,0,0,0,0,0,0,0,0,0,0,1,0,0,0,0,1,0,1,0,0
0,1.0,0,10.239995502805316,37.2,326.4,134.0,474747750.0439469,478238473.6132232,0,0,0,0,0,0,1,0,0,0,0,0,0,0,0,0,0,0,0,0,0,0,0,0,0,0,1,0,0,0,0,0,0,0,0,0,1,0,0,0,0,1,0,0,0,1
1,1.0,0,9.680406499268875,75.3,450.0,201.0,509452627.36351424,566666807.5107948,0,0,0,0,0,0,1,0,0,0,0,0,0,0,0,0,0,0,0,0,0,0,0,0,0,0,0,0,1,0,0,0,0,0,0,0,0,1,0,0,0,1,0,0,0,1
0,3.0,0,8.77971129020447,82.0,420.0,349.0,469506755.9703813,549144586.2093995,0,0,0,0,0,0,1,0,0,0,0,0,0,0,0,0,0,0,0,0,0,0,0,0,0,0,0,0,0,1,0,0,0,0,0,0,0,1,0,0,0,1,0,0,0,1
0,3.0,0,9.392745258631441,92.0,480.0,402.0,610577999.3531538,461656023.40302324,0,0,0,0,0,0,1,0,0,0,0,0,0,0,0,0,0,0,0,0,0,0,0,0,0,0,0,0,0,0,1,0,0,0,0,0,0,1,0,0,0,1,0,0,0,1
0,3.0,1,10.518700218288165,82.0,420.0,349.0,747036471.3535901,548005322.4859952,0,0,0,0,0,0,1,0,0,0,0,0,0,0,0,0,0,0,0,0,0,0,0,0,0,0,0,0,0,1,0,0,0,0,0,0,0,1,0,0,1,0,0,1,0,0
1,2.0,0,7.496097345175956,18.6,215.0,43.0,484666533.0259533,401644679.3183009,0,0,0,0,0,0,1,0,0,0,0,0,0,0,0,0,0,0,0,0,0,0,0,0,0,1,0,0,0,0,0,0,0,0,0,0,0,1,0,0,0,1,0,1,0,0
0,0.0,1,0.0,37.2,326.4,134.0,343332508.1112634,357538182.0279763,0,0,0,0,0,0,1,0,0,0,0,0,0,0,0,0,0,0,0,0,0,0,0,0,0,0,1,0,0,0,0,0,0,0,0,0,0,1,0,0,0,1,0,0,0,1
1,1.0,0,9.729193687429403,18.6,215.0,43.0,302041896.9397117,393722454.0029291,0,0,0,0,0,0,1,0,0,0,0,0,0,0,0,0,0,0,0,0,0,0,0,0,0,1,0,0,0,0,0,0,0,0,0,0,0,1,0,1,0,0,0,1,0,0
0,3.0,0,9.472781556562168,92.0,480.0,402.0,573285409.1662612,461656020.80433905,0,0,0,0,0,0,1,0,0,0,0,0,0,0,0,0,0,0,0,0,0,0,0,0,0,0,0,0,0,0,1,0,0,0,0,0,0,1,0,0,0,1,0,0,0,1
0,0.0,0,8.476579508530941,92.0,480.0,402.0,566148052.3530744,841961726.503415,0,0,0,0,0,0,1,0,0,0,0,0,0,0,0,0,0,0,0,0,0,0,0,0,0,0,0,0,0,0,1,0,0,0,0,0,0,1,0,0,0,1,0,0,1,0
0,0.0,1,0.0,59.6,381.0,201.0,400789170.4601357,496992975.5606182,0,0,0,0,0,0,1,0,0,0,0,0,0,0,0,0,0,0,0,0,0,0,0,0,0,0,0,1,0,0,0,0,0,0,0,1,0,0,0,0,1,0,0,1,0,0
0,1.0,1,0.0,37.2,326.0,136.0,475897333.0968872,570523843.6164119,0,0,0,0,0,0,1,0,0,0,0,0,1,0,0,0,0,0,0,0,0,0,0,0,0,0,0,0,0,0,0,0,0,0,1,0,0,0,0,0,0,1,0,1,0,0
1,3.0,1,8.987321812850125,92.0,480.0,402.0,571818382.023404,459899448.83065486,0,0,0,0,0,0,1,0,0,0,0,0,0,0,0,0,0,0,0,0,0,0,0,0,0,0,0,0,0,0,1,0,0,0,0,1,0,0,0,0,1,0,0,1,0,0
0,1.0,0,8.006700845440367,18.6,215.0,43.0,645115068.8418335,394585244.70060354,0,0,0,0,0,0,1,0,0,0,0,0,0,0,0,0,0,0,0,0,0,0,0,0,0,1,0,0,0,0,0,0,0,0,0,0,1,0,0,0,0,1,0,0,0,1
0,2.0,0,9.210440366976517,82.0,420.0,349.0,643466671.1064883,560514363.8896784,0,0,0,0,0,0,1,0,0,0,0,0,0,0,0,0,0,0,0,0,0,0,0,0,0,0,0,0,0,1,0,0,0,0,0,0,0,1,0,0,0,1,0,0,0,1
0,3.0,0,8.45553053102413,59.6,381.0,201.0,688133266.5129766,760626613.2103813,0,0,0,1,0,0,0,0,0,0,0,1,0,0,0,0,0,0,0,0,0,0,0,0,0,0,0,0,0,0,0,0,0,0,0,0,0,0,1,0,0,1,0,0,0,1
0,1.0,1,0.0,59.6,381.0,201.0,484666533.0259533,473805444.1882944,0,0,1,0,0,0,0,0,0,0,0,1,0,0,0,0,0,0,0,0,0,0,0,0,0,0,0,0,0,0,0,0,0,0,0,0,0,1,0,0,1,0,0,1,0,0
0,4.0,0,10.596659732783579,42.0,318.6,147.0,330803869.7021854,421344701.0590959,0,0,0,0,0,0,1,0,0,0,0,0,0,0,0,0,0,0,0,0,0,0,0,0,1,0,0,0,0,0,0,0,0,0,0,0,0,1,0,0,0,1,0,0,0,1
1,2.0,1,0.0,82.0,420.0,349.0,739802096.3535901,552455855.3258485,0,0,0,0,0,0,1,0,0,0,0,0,0,0,0,0,0,0,0,0,0,0,0,0,0,0,0,0,0,1,0,0,0,0,0,0,0,1,0,1,0,0,0,1,0,0
0,1.0,0,8.853808274977197,60.1,450.0,204.0,368712989.7539975,455872833.7209557,0,0,0,0,0,0,1,0,0,0,0,0,0,0,1,0,0,0,0,0,0,0,0,0,0,0,0,0,0,0,0,0,0,0,0,0,0,1,0,0,1,0,0,1,0,0
1,1.0,1,0.0,59.6,381.0,201.0,402244369.81730217,487878666.3872303,0,0,0,0,0,0,1,0,0,0,0,0,0,0,0,0,0,0,0,1,0,0,0,0,0,0,0,0,0,0,0,0,0,0,0,0,0,1,0,0,1,0,0,1,0,0
0,3.0,1,10.518700218288165,82.0,420.0,349.0,745638033.8535901,547659094.2461499,0,0,0,0,0,0,1,0,0,0,0,0,0,0,0,0,0,0,0,0,0,0,0,0,0,0,0,0,0,1,0,0,0,0,0,0,0,1,0,0,1,0,0,1,0,0
1,2.0,0,9.305741456739435,18.6,215.0,43.0,302966815.9333219,402493385.18545955,0,0,0,0,0,0,1,0,0,0,0,0,0,0,0,0,0,0,0,0,0,0,0,0,0,1,0,0,0,0,0,0,0,0,0,1,0,0,0,0,0,1,0,0,0,1
0,2.0,0,11.06665398721974,37.2,326.4,134.0,442654303.48585486,463444424.68396884,0,0,0,0,0,0,1,0,0,0,0,0,0,0,0,0,0,0,0,0,0,0,1,0,0,0,0,0,0,0,0,0,0,0,1,0,0,0,0,0,1,0,0,1,0,0
0,3.0,1,9.90353755128617,92.0,480.0,402.0,565389810.5948327,452202080.4096022,0,0,0,0,0,0,1,0,0,0,0,0,0,0,0,0,0,0,0,0,0,0,0,0,0,0,0,0,0,0,1,0,0,0,0,0,0,1,0,1,0,0,0,1,0,0
0,1.0,0,9.61587214452889,60.1,450.0,204.0,372291932.2803134,460530361.66616124,0,0,0,0,0,0,1,0,0,0,0,0,0,0,1,0,0,0,0,0,0,0,0,0,0,0,0,0,0,0,0,0,0,0,0,0,0,1,0,0,0,1,0,0,0,1
0,4.0,0,10.596659732783579,82.0,420.0,349.0,440166631.8912208,545088077.7101357,0,0,0,0,0,0,1,0,0,0,0,0,0,0,0,0,0,0,0,0,0,0,0,0,0,0,0,0,0,1,0,0,0,0,0,0,0,1,0,0,0,1,0,0,0,1
0,1.0,1,0.0,18.6,215.0,43.0,302009948.05792254,393675942.3750221,0,0,0,0,0,0,1,0,0,0,0,0,0,0,0,0,0,0,0,0,0,0,0,0,0,1,0,0,0,0,0,0,0,0,0,0,0,1,0,0,1,0,0,1,0,0
1,1.0,1,9.093918908958932,18.6,215.0,43.0,302021130.1665487,393692221.4447896,0,0,0,0,0,0,1,0,0,0,0,0,0,0,0,0,0,0,0,0,0,0,0,0,0,1,0,0,0,0,0,0,0,0,0,0,0,1,0,0,1,0,0,1,0,0
0,1.0,0,8.922791623969637,37.2,326.4,134.0,474172912.73375165,477375281.4308128,0,0,0,0,0,0,1,0,0,0,0,0,0,0,0,0,0,0,0,0,0,0,0,0,0,0,1,0,0,0,0,0,0,0,0,0,0,1,0,0,0,1,0,1,0,0
0,1.0,1,0.0,59.6,381.0,201.0,463974291.17381024,463974291.17381024,0,1,0,0,0,0,0,0,0,0,0,0,0,0,0,0,0,0,0,1,0,0,0,0,0,0,0,0,0,0,0,0,0,0,1,0,0,0,0,0,0,0,1,1,0,0
0,2.0,0,9.137877200242468,82.0,420.0,349.0,497681032.8855765,560514361.0439337,0,0,0,0,0,0,1,0,0,0,0,0,0,0,0,0,0,0,0,0,0,0,0,0,0,0,0,0,0,1,0,0,0,0,0,0,0,1,0,0,0,1,0,0,0,1
0,2.0,0,10.203629181337648,82.0,420.0,349.0,745347640.0629419,559243089.3684018,0,0,0,0,0,0,1,0,0,0,0,0,0,0,0,0,0,0,0,0,0,0,0,0,0,0,0,0,0,1,0,0,0,0,1,0,0,0,0,0,0,0,1,1,0,0
0,2.0,0,10.596659732783579,18.6,215.0,43.0,302966816.36463183,402493386.1817695,0,0,0,0,0,0,1,0,0,0,0,0,0,0,0,0,0,0,0,0,0,0,0,0,0,1,0,0,0,0,0,0,0,0,0,0,0,1,0,0,0,1,0,0,0,1
0,1.0,1,0.0,59.6,381.0,201.0,402650279.6823579,442046587.6875404,0,0,0,0,0,0,1,0,0,0,0,0,0,0,0,0,0,0,0,0,0,0,0,0,0,0,0,1,0,0,0,0,0,0,0,0,0,1,0,0,0,1,0,0,0,1
0,3.0,0,8.006700845440367,18.6,215.0,43.0,301385347.41894495,517699062.1051462,0,0,0,0,0,0,1,0,0,0,0,0,0,0,0,0,0,0,0,0,0,0,0,0,0,1,0,0,0,0,0,0,0,0,0,0,0,1,0,1,0,0,0,1,0,0
1,2.0,0,9.90353755128617,18.6,215.0,43.0,302647328.24961585,401755380.4253119,0,0,0,0,0,0,1,0,0,0,0,0,0,0,0,0,0,0,0,0,0,0,0,0,0,1,0,0,0,0,0,0,0,0,0,0,1,0,0,0,0,1,0,0,0,1
1,1.0,1,7.650168700845001,18.6,215.0,43.0,302966815.94290656,395068963.9936268,0,0,0,0,0,0,1,0,0,0,0,0,0,0,0,0,0,0,0,0,0,0,0,0,0,1,0,0,0,0,0,0,0,0,0,1,0,0,0,0,0,1,0,0,0,1
0,1.0,0,10.571342565808699,37.2,326.4,134.0,467761809.3042523,477398082.7337444,0,0,0,0,0,0,1,0,0,0,0,0,0,0,0,0,0,0,0,0,0,0,0,0,0,0,1,0,0,0,0,0,0,0,0,0,0,1,0,0,0,1,0,1,0,0
0,0.0,1,0.0,37.2,326.4,134.0,474107966.9636866,355171482.32052946,0,0,0,0,0,0,1,0,0,0,0,0,0,0,0,0,0,0,0,0,0,0,0,0,0,0,1,0,0,0,0,0,0,0,0,0,1,0,0,0,0,1,0,1,0,0
0,4.0,0,4.61512051684126,59.6,381.0,201.0,613333211.8417758,613333211.8417758,0,0,0,0,1,0,0,0,0,0,0,0,0,0,0,0,0,0,0,1,0,0,0,0,0,0,0,0,0,0,0,0,0,0,1,0,0,0,0,0,0,0,1,1,0,0
0,1.0,0,2.3978952727983707,18.6,215.0,43.0,302966816.6665488,395068965.04711515,0,0,0,0,0,0,1,0,0,0,0,0,0,0,0,0,0,0,0,0,0,0,0,0,0,1,0,0,0,0,0,0,0,0,0,0,0,1,0,0,0,1,0,0,0,1
0,0.0,1,0.0,75.3,450.0,201.0,509452627.05795866,587428491.470271,0,0,0,0,0,0,1,0,0,0,0,0,0,0,0,0,0,0,0,0,0,0,0,0,0,0,0,0,1,0,0,0,0,0,0,0,0,1,0,0,0,1,0,0,0,1
0,1.0,1,1.791759469228055,18.6,215.0,43.0,644598160.629273,394336407.49130124,0,0,0,0,0,0,1,0,0,0,0,0,0,0,0,0,0,0,0,0,0,0,0,0,0,1,0,0,0,0,0,0,0,0,1,0,0,0,0,0,0,0,1,1,0,0
0,3.0,0,10.915106645867503,82.0,420.0,349.0,487157267.1417805,549144586.1242931,0,0,0,0,0,0,1,0,0,0,0,0,0,0,0,0,0,0,0,0,0,0,0,0,0,0,0,0,0,1,0,0,0,0,0,0,0,1,0,0,0,1,0,0,0,1
0,1.0,0,10.819798284210286,37.2,326.4,134.0,474227142.6686758,477456714.6555685,0,0,0,0,0,0,1,0,0,0,0,0,0,0,0,0,0,0,0,0,0,0,0,0,0,0,1,0,0,0,0,0,0,0,0,0,1,0,0,0,0,1,0,0,0,1
0,0.0,1,0.0,82.0,420.0,349.0,461048991.33923274,589580977.8173069,0,0,0,0,0,0,1,0,0,0,0,0,0,0,0,0,0,0,0,0,0,0,0,0,0,0,0,0,0,1,0,0,0,0,0,0,0,1,0,1,0,0,0,0,1,0
0,0.0,1,0.0,59.6,381.0,201.0,634205071.4045794,595060484.5690484,0,0,0,0,1,0,0,0,0,0,0,0,0,0,0,0,0,0,0,1,0,0,0,0,0,0,0,0,0,0,0,0,0,0,0,0,0,1,0,0,0,1,0,0,0,1
1,0.0,1,0.0,59.6,381.0,201.0,769007370.5707573,572257984.784987,0,0,0,0,0,0,1,0,0,0,0,0,0,0,0,0,0,1,0,0,0,0,0,0,0,0,0,0,0,0,0,0,0,0,0,0,0,1,0,0,0,1,0,1,0,0
1,2.0,1,0.0,18.6,215.0,43.0,432604186.5162208,399201874.8902566,0,0,0,0,0,0,1,0,0,0,0,0,0,0,0,0,0,0,0,0,0,0,0,0,0,1,0,0,0,0,0,0,0,0,0,0,0,1,0,0,1,0,0,1,0,0
0,3.0,0,10.645448706505872,18.6,215.0,43.0,302966815.901373,549634522.4277269,0,0,0,0,0,0,1,0,0,0,0,0,0,0,0,0,0,0,0,0,0,0,0,0,0,1,0,0,0,0,0,0,0,0,0,0,0,1,0,0,0,1,0,0,0,1
0,3.0,0,10.404293143019792,92.0,480.0,402.0,573285409.501426,461656021.20565486,0,0,0,0,0,0,1,0,0,0,0,0,0,0,0,0,0,0,0,0,0,0,0,0,0,0,0,0,0,0,1,0,0,0,0,0,0,1,0,0,0,1,0,0,0,1
0,2.0,0,11.002116507732017,37.2,326.4,134.0,475073128.47995555,395357449.47788835,0,0,0,0,0,0,1,0,0,0,0,0,0,0,0,0,0,0,0,0,0,0,0,0,0,0,1,0,0,0,0,0,0,0,0,0,0,1,0,0,0,1,0,0,0,1
1,2.0,0,10.203629181337648,59.6,381.0,201.0,489919124.1746262,454252896.2043107,0,0,0,0,0,0,1,0,0,0,0,0,0,0,0,0,0,0,0,0,0,0,0,0,0,0,0,1,0,0,0,0,0,0,0,0,0,1,0,0,0,1,0,0,0,1
0,3.0,1,10.545367754151743,82.0,420.0,349.0,513354083.1412208,547220022.6794188,0,0,0,0,0,0,1,0,0,0,0,0,0,0,0,0,0,0,0,0,0,0,0,0,0,0,0,0,0,1,0,0,0,0,0,0,0,1,0,1,0,0,0,1,0,0
1,1.0,0,9.210440366976517,75.3,450.0,201.0,488228910.6187832,565255769.4126352,0,0,0,0,0,0,1,0,0,0,0,0,0,0,0,0,0,0,0,0,0,0,0,0,0,0,0,0,1,0,0,0,0,0,1,0,0,0,0,0,0,0,1,1,0,0
1,1.0,0,9.99884318585288,18.6,215.0,43.0,301976401.732044,393627105.1657198,0,0,0,0,0,0,1,0,0,0,0,0,0,0,0,0,0,0,0,0,0,0,0,0,0,1,0,0,0,0,0,0,0,0,0,0,0,1,0,1,0,0,0,1,0,0
0,0.0,0,0.0,18.6,215.0,43.0,644743088.165505,335767775.21932703,0,0,0,0,0,0,1,0,0,0,0,0,0,0,0,0,0,0,0,0,0,0,0,0,0,1,0,0,0,0,0,0,0,0,0,0,1,0,0,0,0,1,0,1,0,0
0,4.0,0,10.933124826700707,42.0,318.6,147.0,608860171.9438559,414052571.6770734,0,0,0,0,0,0,1,0,0,0,0,0,0,0,0,0,0,0,0,0,0,0,0,0,1,0,0,0,0,0,0,0,0,0,0,0,0,1,0,1,0,0,0,1,0,0
0,1.0,1,7.201170883281678,18.6,215.0,43.0,634433909.4215437,389443384.2354873,0,0,0,0,0,0,1,0,0,0,0,0,0,0,0,0,0,0,0,0,0,0,0,0,0,1,0,0,0,0,0,0,0,0,1,0,0,0,0,0,1,0,0,0,1,0
0,2.0,0,9.546884034617925,18.6,215.0,43.0,302639341.02916855,401736930.2408101,0,0,0,0,0,0,0,1,0,0,0,0,0,0,0,0,0,0,0,0,0,0,0,0,0,1,0,0,0,0,0,0,0,0,0,0,1,0,0,0,0,1,0,0,0,1
0,2.0,1,0.0,82.0,420.0,349.0,496681037.75399756,559503727.6662742,0,0,0,0,0,0,1,0,0,0,0,0,0,0,0,0,0,0,0,0,0,0,0,0,0,0,0,0,0,1,0,0,0,0,0,0,1,0,0,0,0,1,0,1,0,0
0,0.0,1,0.0,75.3,450.0,201.0,507137819.86351424,585134921.0390782,0,0,0,0,0,0,1,0,0,0,0,0,0,0,0,0,0,0,0,0,0,0,0,0,0,0,0,0,1,0,0,0,0,0,0,0,1,0,0,0,0,1,0,1,0,0
0,1.0,1,0.0,92.0,480.0,402.0,610578002.704031,669775149.3270046,0,0,0,0,0,0,1,0,0,0,0,0,0,0,0,0,0,0,0,0,0,0,0,0,0,0,0,0,0,0,1,0,0,0,0,0,0,1,0,0,0,1,0,0,0,1
0,1.0,0,10.12667110305036,17.0,150.0,41.0,294160708.4681932,382578307.21297663,0,0,0,0,0,0,1,0,0,0,1,0,0,0,0,0,0,0,0,0,0,0,0,0,0,0,0,0,0,0,0,0,0,0,0,0,0,1,0,0,1,0,0,1,0,0
0,1.0,0,3.044522437723423,18.6,215.0,43.0,302966815.9333219,395068963.9796733,0,0,0,0,0,0,1,0,0,0,0,0,0,0,0,0,0,0,0,0,0,0,0,0,0,1,0,0,0,0,0,0,0,0,0,0,0,1,0,0,0,1,0,0,0,1
0,2.0,0,9.90353755128617,59.6,381.0,201.0,487419126.9432212,450298652.2173826,0,0,0,0,0,0,1,0,0,0,0,0,0,0,0,0,0,0,0,0,0,0,0,0,0,0,0,1,0,0,0,0,0,0,0,0,0,1,0,0,0,1,0,0,0,1
1,1.0,1,0.0,37.2,326.4,134.0,474077468.0482853,477231958.95524275,0,0,0,0,0,0,1,0,0,0,0,0,0,0,0,0,0,0,0,0,0,0,0,0,0,0,1,0,0,0,0,0,0,0,0,0,0,1,0,0,1,0,0,1,0,0
0,1.0,1,0.0,37.2,326.4,134.0,473676166.52984715,476629353.09205055,0,0,0,0,0,0,1,0,0,0,0,0,0,0,0,0,0,0,0,0,0,0,0,0,0,0,1,0,0,0,0,0,0,0,0,0,0,1,0,0,1,0,0,1,0,0
1,1.0,0,9.392745258631441,37.2,326.4,134.0,475073128.7098905,478727071.5448193,0,0,0,0,0,0,1,0,0,0,0,0,0,0,0,0,0,0,0,0,0,0,0,0,0,0,1,0,0,0,0,0,0,0,0,0,0,1,0,0,0,1,0,0,0,1
0,0.0,1,0.0,17.0,150.0,41.0,304545323.85280854,321804920.74292743,0,0,0,0,0,0,1,0,0,0,1,0,0,0,0,0,0,0,0,0,0,0,0,0,0,0,0,0,0,0,0,0,0,0,0,1,0,0,0,0,0,1,0,1,0,0
0,4.0,0,9.90353755128617,82.0,420.0,349.0,474730748.780684,540678360.2031913,0,0,0,0,0,0,1,0,0,0,0,0,0,0,0,0,0,0,0,0,0,0,0,0,0,0,0,0,0,1,0,0,0,0,0,0,0,1,0,0,1,0,0,1,0,0
1,0.0,1,0.0,18.6,215.0,43.0,302559468.8246957,335935372.9846901,0,0,0,0,0,0,1,0,0,0,0,0,0,0,0,0,0,0,0,0,0,0,0,0,0,1,0,0,0,0,0,0,0,0,0,0,1,0,0,0,0,1,0,1,0,0
1,1.0,1,0.0,18.6,215.0,43.0,302966815.8710216,395068963.8889756,0,0,0,0,0,0,1,0,0,0,0,0,0,0,0,0,0,0,0,0,0,0,0,0,0,1,0,0,0,0,0,0,0,0,0,0,0,1,0,0,0,1,0,0,0,1
0,0.0,1,0.0,60.1,450.0,204.0,683575247.2622505,478261617.0490509,0,0,0,0,0,0,1,0,0,0,0,0,0,0,1,0,0,0,0,0,0,0,0,0,0,0,0,0,0,0,0,0,0,0,0,0,0,1,0,0,1,0,0,1,0,0
0,2.0,1,0.0,82.0,420.0,349.0,476519964.4669585,559078195.7513804,0,0,0,0,0,0,1,0,0,0,0,0,0,0,0,0,0,0,0,0,0,0,0,0,0,0,0,0,0,1,0,0,0,0,1,0,0,0,0,0,0,0,1,1,0,0
0,1.0,1,0.0,59.6,381.0,201.0,481882071.3312895,377541663.7662208,0,0,0,0,0,0,1,0,0,0,0,0,0,0,0,0,0,0,0,0,0,1,0,0,0,0,0,0,0,0,0,0,0,0,0,0,0,1,0,1,0,0,0,1,0,0
0,3.0,0,10.308985993422082,92.0,480.0,402.0,573285408.4519753,461656019.9490759,0,0,0,0,0,0,1,0,0,0,0,0,0,0,0,0,0,0,0,0,0,0,0,0,0,0,0,0,0,0,1,0,0,0,0,0,0,1,0,0,0,1,0,0,0,1
0,3.0,0,9.105090961257085,92.0,480.0,402.0,610577996.7654345,461656021.4622338,0,0,0,0,0,0,1,0,0,0,0,0,0,0,0,0,0,0,0,0,0,0,0,0,0,0,0,0,0,0,1,0,0,0,0,0,0,1,0,0,0,1,0,0,0,1
0,3.0,0,11.050905878263567,82.0,420.0,349.0,474730748.780684,547916347.6310629,0,0,0,0,0,0,1,0,0,0,0,0,0,0,0,0,0,0,0,0,0,0,0,0,0,0,0,0,0,1,0,0,0,0,0,0,0,1,0,0,0,1,0,0,0,1
0,3.0,1,10.859614192907483,82.0,420.0,349.0,745132916.1365616,548614606.8186837,0,0,0,0,0,0,1,0,0,0,0,0,0,0,0,0,0,0,0,0,0,0,0,0,0,0,0,0,0,1,0,0,0,0,0,1,0,0,0,0,1,0,0,1,0,0
0,1.0,0,9.90353755128617,75.3,450.0,201.0,626940194.7407442,562617732.6028192,0,0,0,0,0,0,1,0,0,0,0,0,0,0,0,0,0,0,0,0,0,0,0,0,0,0,0,0,1,0,0,0,0,0,0,0,1,0,0,0,0,1,0,1,0,0
0,0.0,1,0.0,60.1,450.0,204.0,368881410.8066291,477802157.58959144,0,0,0,0,0,0,1,0,0,0,0,0,0,0,1,0,0,0,0,0,0,0,0,0,0,0,0,0,0,0,0,0,0,0,0,0,0,1,0,0,0,1,0,1,0,0
0,2.0,1,10.308985993422082,59.6,381.0,201.0,487733176.52999806,450795384.2435264,0,0,0,0,0,0,0,1,0,0,0,0,0,0,0,0,0,0,0,0,0,0,0,0,0,0,0,1,0,0,0,0,0,0,0,0,0,1,0,0,1,0,0,1,0,0
0,0.0,1,0.0,37.2,326.4,134.0,474031914.9029491,354984992.9588273,0,0,0,0,0,0,1,0,0,0,0,0,0,0,0,0,0,0,0,0,0,0,0,0,0,0,1,0,0,0,0,0,0,0,0,0,1,0,0,0,0,1,0,1,0,0
0,1.0,0,9.90353755128617,59.6,381.0,201.0,545157000.2760334,437131334.60279465,0,0,0,0,0,0,1,0,0,0,0,0,0,0,0,0,0,0,0,0,0,0,0,0,0,0,0,1,0,0,0,0,0,0,0,0,0,1,0,1,0,0,0,1,0,0
0,2.0,0,8.853808274977197,82.0,420.0,349.0,497681035.2803134,560514363.4641465,0,0,0,0,0,0,1,0,0,0,0,0,0,0,0,0,0,0,0,0,0,0,0,0,0,0,0,0,0,1,0,0,0,0,0,0,0,1,0,0,0,1,0,0,0,1
0,2.0,0,7.9599745280805365,37.2,326.4,134.0,474489615.5537083,394222430.66354233,0,0,0,0,0,0,1,0,0,0,0,0,0,0,0,0,0,0,0,0,0,0,0,0,0,0,1,0,0,0,0,0,0,0,1,0,0,0,0,0,0,0,1,1,0,0
0,0.0,1,0.0,60.1,450.0,204.0,371949831.85926074,481741346.77878064,0,0,0,0,0,0,1,0,0,0,0,0,0,0,1,0,0,0,0,0,0,0,0,0,0,0,0,0,0,0,0,0,0,0,0,0,1,0,0,0,0,1,0,1,0,0
0,0.0,1,0.0,82.0,420.0,349.0,492423143.01715547,615631397.9853742,0,0,0,0,0,0,1,0,0,0,0,0,0,0,0,0,0,0,0,0,0,0,0,0,0,0,0,0,0,1,0,0,0,0,0,0,0,1,0,0,0,1,0,1,0,0
0,2.0,0,8.699681400989514,18.6,215.0,43.0,302966816.68412066,402493386.9197769,0,0,0,0,0,0,1,0,0,0,0,0,0,0,0,0,0,0,0,0,0,0,0,0,0,1,0,0,0,0,0,0,0,0,0,0,0,1,0,0,0,1,0,0,0,1
0,0.0,1,0.0,18.6,215.0,43.0,301204836.2368363,331197942.81709236,0,0,0,0,0,0,1,0,0,0,0,0,0,0,0,0,0,0,0,0,0,0,0,0,0,1,0,0,0,0,0,0,0,0,0,0,0,1,0,1,0,0,0,1,0,0
0,0.0,0,9.90353755128617,60.1,450.0,204.0,368902463.438208,477829184.6166185,0,0,0,0,0,0,1,0,0,0,0,0,0,0,1,0,0,0,0,0,0,0,0,0,0,0,0,0,0,0,0,0,0,0,0,0,0,0,1,0,0,1,0,1,0,0
0,1.0,1,0.0,37.2,326.4,134.0,341352918.1316716,477147268.4014968,0,0,0,0,0,0,1,0,0,0,0,0,0,0,0,0,0,0,0,0,0,0,0,0,0,0,1,0,0,0,0,0,0,0,0,0,0,1,0,0,0,1,0,1,0,0
0,3.0,0,11.141876276228,82.0,420.0,349.0,487157267.2627996,549144586.1610435,0,0,0,0,0,0,1,0,0,0,0,0,0,0,0,0,0,0,0,0,0,0,0,0,0,0,0,0,0,1,0,0,0,0,0,0,0,1,0,0,0,1,0,0,0,1
0,0.0,1,0.0,92.0,480.0,402.0,555605939.114503,859053815.5955203,0,0,0,0,0,0,1,0,0,0,0,0,0,0,0,0,0,0,0,0,0,0,0,0,0,0,0,0,0,0,1,0,0,0,0,0,0,1,0,0,0,1,0,0,0,1
0,0.0,1,6.85751406254539,37.2,326.4,134.0,474012392.1263764,354937120.61840177,0,0,0,0,0,0,1,0,0,0,0,0,0,0,0,0,0,0,0,0,0,0,0,0,0,0,1,0,0,0,0,0,0,0,0,0,0,1,0,0,1,0,0,1,0,0
0,1.0,1,7.601402334583733,59.6,381.0,201.0,489919125.06718814,442046586.91635394,0,0,0,0,0,0,1,0,0,0,0,0,0,0,0,0,0,0,0,0,0,0,0,0,0,0,0,1,0,0,0,0,0,0,0,0,0,1,0,0,0,1,0,0,0,1
1,1.0,1,0.0,60.1,450.0,204.0,682655892.423541,456167354.26890093,0,0,0,0,0,0,1,0,0,0,0,0,0,0,1,0,0,0,0,0,0,0,0,0,0,0,0,0,0,0,0,0,0,0,0,0,0,1,0,0,1,0,0,1,0,0
0,3.0,1,9.208238163884312,59.6,381.0,201.0,790472110.854961,737627372.3682078,0,0,0,0,0,1,0,0,0,0,0,0,0,0,0,0,0,0,0,0,1,0,0,0,0,0,0,0,0,0,0,0,0,0,0,0,0,1,0,0,0,1,0,0,0,1
0,3.0,1,11.002116507732017,82.0,420.0,349.0,476519964.4669585,548622343.762591,0,0,0,0,0,0,1,0,0,0,0,0,0,0,0,0,0,0,0,0,0,0,0,0,0,0,0,0,0,1,0,0,0,0,1,0,0,0,0,0,0,0,1,1,0,0
0,1.0,0,8.853808274977197,18.6,215.0,43.0,644965310.3877273,394513151.6773477,0,0,0,0,0,0,1,0,0,0,0,0,0,0,0,0,0,0,0,0,0,0,0,0,0,1,0,0,0,0,0,0,0,0,1,0,0,0,0,0,0,0,1,1,0,0
0,0.0,0,9.90353755128617,37.2,326.4,134.0,341414142.6214675,355038184.448189,0,0,0,0,0,0,1,0,0,0,0,0,0,0,0,0,0,0,0,0,0,0,0,0,0,0,1,0,0,0,0,0,0,0,0,0,0,1,0,0,0,1,0,0,0,1
0,1.0,1,0.0,37.2,326.4,134.0,474019246.7901508,477144532.245145,0,0,0,0,0,0,1,0,0,0,0,0,0,0,0,0,0,0,0,0,0,0,0,0,0,0,1,0,0,0,0,0,0,0,0,0,0,1,0,0,0,1,0,1,0,0
0,0.0,1,0.0,75.3,450.0,201.0,484138001.5278741,581602810.9473352,0,0,0,0,0,0,1,0,0,0,0,0,0,0,0,0,0,0,0,0,0,0,0,0,0,0,0,0,1,0,0,0,0,0,0,0,0,1,0,0,0,1,0,1,0,0
0,1.0,1,0.0,37.2,326.4,134.0,473695689.3064198,476658669.0529626,0,0,0,0,0,0,1,0,0,0,0,0,0,0,0,0,0,0,0,0,0,0,0,0,0,0,1,0,0,0,0,0,0,0,0,0,0,1,0,0,1,0,0,1,0,0
0,0.0,1,0.0,59.6,381.0,201.0,402650277.4393023,498657568.138258,0,0,0,0,0,0,1,0,0,0,0,0,0,0,0,0,0,0,0,0,0,0,0,0,0,0,0,1,0,0,0,0,0,0,0,0,0,1,0,0,0,1,0,0,0,1
0,4.0,0,11.19822841866684,59.6,381.0,201.0,440055497.9382944,480060484.56904846,0,0,0,0,0,0,1,0,0,0,0,0,0,0,0,0,0,0,0,1,0,0,0,0,0,0,0,0,0,0,0,0,0,0,0,0,0,1,0,0,0,1,0,0,0,1
1,2.0,1,9.105090961257085,37.2,326.4,134.0,473578552.6469838,392450278.7648082,0,0,0,0,0,0,1,0,0,0,0,0,0,0,0,0,0,0,0,0,0,0,0,0,0,0,1,0,0,0,0,0,0,0,0,1,0,0,0,0,1,0,0,1,0,0
0,3.0,0,11.407576060361786,92.0,480.0,402.0,604788531.5022767,457313922.5148654,0,0,0,0,0,0,1,0,0,0,0,0,0,0,0,0,0,0,0,0,0,0,0,0,0,0,0,0,0,0,1,0,0,0,0,0,0,0,1,1,0,0,0,1,0,0
0,2.0,1,8.517393171418904,59.6,381.0,201.0,488791027.7696675,452468586.85790545,0,0,0,0,0,0,1,0,0,0,0,0,0,0,0,0,0,0,0,0,0,0,0,0,0,0,0,1,0,0,0,0,0,0,1,0,0,0,0,0,0,0,1,1,0,0
1,3.0,1,10.905974329106854,82.0,420.0,349.0,507344180.2341785,549144586.230676,0,0,0,0,0,0,1,0,0,0,0,0,0,0,0,0,0,0,0,0,0,0,0,0,0,0,0,0,0,1,0,0,0,0,0,1,0,0,0,0,0,1,0,0,0,1
0,0.0,1,0.0,37.2,326.4,134.0,474120851.9962246,355203078.0652103,0,0,0,0,0,0,1,0,0,0,0,0,0,0,0,0,0,0,0,0,0,0,0,0,0,0,1,0,0,0,0,0,0,0,0,0,0,1,0,0,0,1,0,1,0,0
0,4.0,1,0.0,82.0,420.0,349.0,483386570.95706713,540976971.3143023,0,0,0,0,0,0,1,0,0,0,0,0,0,0,0,0,0,0,0,0,0,0,0,0,0,0,0,0,0,1,0,0,0,0,0,0,0,1,0,0,1,0,0,1,0,0
0,0.0,1,0.0,75.3,450.0,201.0,501878560.60425496,579923911.8647664,0,0,0,0,0,0,1,0,0,0,0,0,0,0,0,0,0,0,0,0,0,0,0,0,0,0,0,0,1,0,0,0,0,0,0,0,0,1,0,0,1,0,0,1,0,0
0,3.0,1,9.90353755128617,82.0,420.0,349.0,747739596.3535901,548179403.7239063,0,0,0,0,0,0,1,0,0,0,0,0,0,0,0,0,0,0,0,0,0,0,0,0,0,0,0,0,0,1,0,0,0,0,1,0,0,0,0,0,1,0,0,0,1,0
0,1.0,0,10.958043455007317,59.6,381.0,201.0,550864547.4458447,439694893.9248285,0,0,0,0,0,0,1,0,0,0,0,0,0,0,0,0,0,0,0,0,0,0,0,0,0,0,0,1,0,0,0,0,0,0,0,0,1,0,0,0,0,1,0,0,0,1
1,0.0,1,0.0,60.1,450.0,204.0,512115022.0173022,477970198.130132,0,0,0,0,0,0,1,0,0,0,0,0,0,0,1,0,0,0,0,0,0,0,0,0,0,0,0,0,0,0,0,0,0,0,0,0,1,0,0,0,0,1,0,1,0,0
0,0.0,1,0.0,60.1,450.0,204.0,372291933.41715544,482180531.2112131,0,0,0,0,0,0,1,0,0,0,0,0,0,0,1,0,0,0,0,0,0,0,0,0,0,0,0,0,0,0,0,0,0,0,0,1,0,0,0,0,0,1,0,0,0,1
0,1.0,0,3.4339872044851463,18.6,215.0,43.0,302575443.2655903,394499198.18897563,0,0,0,0,0,0,1,0,0,0,0,0,0,0,0,0,0,0,0,0,0,0,0,0,0,1,0,0,0,0,0,0,0,0,0,0,0,1,0,0,0,1,0,1,0,0
0,1.0,0,11.141876276228,37.2,326.4,134.0,343332507.35616136,478727070.87706685,0,0,0,0,0,0,1,0,0,0,0,0,0,0,0,0,0,0,0,0,0,0,0,0,0,0,1,0,0,0,0,0,0,0,0,0,0,1,0,0,0,1,0,0,0,1
0,1.0,0,9.472781556562168,37.2,326.4,134.0,343332508.1765695,478727071.53178996,0,0,0,0,0,0,1,0,0,0,0,0,0,0,0,0,0,0,0,0,0,0,0,0,0,0,1,0,0,0,0,0,0,0,0,0,0,1,0,0,0,1,0,0,0,1
0,0.0,0,0.0,92.0,480.0,402.0,674683824.9553727,854119621.240257,0,0,0,0,0,0,1,0,0,0,0,0,0,0,0,0,0,0,0,0,0,0,0,0,0,0,0,0,0,0,1,0,0,0,0,0,0,1,0,0,1,0,0,1,0,0
0,0.0,1,0.0,59.6,381.0,201.0,374025828.1253666,498657568.1568915,0,0,0,0,0,0,1,0,0,0,0,0,0,0,0,0,0,0,0,0,0,0,0,0,0,0,0,1,0,0,0,0,0,0,0,0,0,1,0,0,0,1,0,0,0,1
0,0.0,1,0.0,59.6,381.0,201.0,753391985.9553727,555341318.1183202,0,0,0,0,0,0,1,0,0,0,0,0,0,0,0,0,0,1,0,0,0,0,0,0,0,0,0,0,0,0,0,0,0,0,0,0,1,0,0,0,0,1,0,1,0,0
0,1.0,1,0.0,82.0,420.0,349.0,474171925.25127226,660988751.5818648,0,0,0,0,0,0,1,0,0,0,0,0,0,0,0,0,0,0,0,0,0,0,0,0,0,0,0,0,0,1,0,0,0,0,0,0,0,1,0,0,1,0,0,1,0,0
0,2.0,0,10.819798284210286,59.6,381.0,201.0,487398465.7861964,450265972.4788205,0,0,0,0,0,0,1,0,0,0,0,0,0,0,0,0,0,0,0,0,0,0,0,0,0,0,0,1,0,0,0,0,0,0,0,0,0,1,0,0,0,1,0,1,0,0
0,0.0,1,0.0,60.1,450.0,204.0,478257443.38519067,482180531.9612131,0,0,0,0,0,0,1,0,0,0,0,0,0,0,1,0,0,0,0,0,0,0,0,0,0,0,0,0,0,0,0,0,0,0,0,0,0,1,0,0,0,1,0,0,0,1
0,3.0,0,10.373522431293592,18.6,215.0,43.0,302966816.13300246,549634527.1051463,0,0,0,0,0,0,1,0,0,0,0,0,0,0,0,0,0,0,0,0,0,0,0,0,0,1,0,0,0,0,0,0,0,0,0,0,0,1,0,0,0,1,0,0,0,1
0,1.0,1,0.0,18.6,215.0,43.0,484666533.0259533,394906174.9331617,0,0,0,0,0,0,1,0,0,0,0,0,0,0,0,0,0,0,0,0,0,0,0,0,0,1,0,0,0,0,0,0,0,0,0,0,1,0,0,0,0,1,0,1,0,0
0,4.0,1,10.985309671896763,59.6,381.0,201.0,458888777.5216277,458888777.5216277,0,0,0,0,0,0,1,0,0,0,0,0,0,0,0,0,0,0,0,1,0,0,0,0,0,0,0,0,0,0,0,0,0,0,0,0,0,1,0,0,0,1,0,0,0,1
1,4.0,1,10.308985993422082,42.0,318.6,147.0,317118944.8391717,410119987.4074105,0,0,0,0,0,0,1,0,0,0,0,0,0,0,0,0,0,0,0,0,0,0,0,0,1,0,0,0,0,0,0,0,0,0,0,0,0,1,0,0,1,0,0,1,0,0
0,1.0,1,0.0,18.6,215.0,43.0,302966816.0515328,395068964.1517663,0,0,0,0,0,0,1,0,0,0,0,0,0,0,0,0,0,0,0,0,0,0,0,0,0,1,0,0,0,0,0,0,0,0,0,0,0,1,0,0,0,1,0,0,0,1
0,2.0,0,9.680406499268875,59.6,381.0,201.0,484666533.0259533,454252891.4330689,0,0,0,0,0,0,1,0,0,0,0,0,0,0,0,0,0,0,0,0,0,0,0,0,0,0,0,1,0,0,0,0,0,0,0,0,0,1,0,0,0,1,0,0,0,1
0,1.0,1,0.0,82.0,420.0,349.0,492690616.701366,659127256.254762,0,0,0,0,0,0,1,0,0,0,0,0,0,0,0,0,0,0,0,0,0,0,0,0,0,0,0,0,0,1,0,0,0,0,0,0,0,1,0,0,0,1,0,1,0,0
0,4.0,0,10.968215530759236,82.0,420.0,349.0,484666533.0259533,541365860.2031913,0,0,0,0,0,0,1,0,0,0,0,0,0,0,0,0,0,0,0,0,0,0,0,0,0,0,0,0,0,1,0,0,0,0,0,0,0,1,0,0,0,1,0,0,0,1
0,0.0,1,0.0,14.7,170.0,27.0,351878897.7503075,348342521.5869051,0,0,0,0,0,0,1,0,0,0,0,0,0,0,0,0,0,0,1,0,0,0,0,0,0,0,0,0,0,0,0,0,0,0,0,0,1,0,0,0,0,1,0,0,1,0
0,0.0,1,0.0,37.2,326.4,134.0,484666533.0259533,357538181.0226571,0,0,0,0,0,0,1,0,0,0,0,0,0,0,0,0,0,0,0,0,0,0,0,0,0,0,1,0,0,0,0,0,0,0,0,1,0,0,0,0,0,1,0,0,0,1
0,3.0,0,8.699681400989514,92.0,480.0,402.0,614298288.4347123,461656020.96881276,0,0,0,0,0,0,1,0,0,0,0,0,0,0,0,0,0,0,0,0,0,0,0,0,0,0,0,0,0,0,1,0,0,0,0,0,0,1,0,0,0,1,0,0,0,1
0,0.0,1,0.0,60.1,450.0,204.0,369012521.3329449,477970475.15715903,0,0,0,0,0,0,1,0,0,0,0,0,0,0,1,0,0,0,0,0,0,0,0,0,0,0,0,0,0,0,0,0,0,0,0,1,0,0,0,0,0,1,0,1,0,0
0,2.0,1,0.0,18.6,215.0,43.0,537222110.854961,484666533.0259533,0,0,0,0,0,0,1,0,0,0,0,0,0,0,0,0,0,0,0,1,0,0,0,0,0,0,0,0,0,0,0,0,0,0,0,0,0,1,0,0,0,1,0,0,0,1
0,1.0,1,0.0,17.0,150.0,41.0,311288906.28870595,415978292.96297663,0,0,0,0,0,0,1,0,0,0,1,0,0,0,0,0,0,0,0,0,0,0,0,0,0,0,0,0,0,0,0,0,0,0,0,1,0,0,0,0,0,1,0,0,0,1
0,1.0,1,0.0,59.6,381.0,201.0,551704170.0873541,440072012.56889635,0,0,0,0,0,0,1,0,0,0,0,0,0,0,0,0,0,0,0,0,0,0,0,0,0,0,0,1,0,0,0,0,0,0,0,0,0,1,0,0,1,0,0,1,0,0
0,2.0,0,9.61587214452889,18.6,215.0,43.0,302632951.2528107,401722170.0932086,0,0,0,0,0,0,1,0,0,0,0,0,0,0,0,0,0,0,0,0,0,0,0,0,0,1,0,0,0,0,0,0,0,0,0,0,1,0,0,0,0,1,0,1,0,0
0,0.0,1,0.0,59.6,381.0,201.0,484666533.0259533,484666533.0259533,0,0,0,0,0,0,1,0,0,0,0,0,0,0,0,0,0,0,0,1,0,0,0,0,0,0,0,0,0,0,0,0,0,0,0,0,1,0,0,0,0,1,0,1,0,0
0,1.0,1,0.0,82.0,420.0,349.0,476765062.5061742,665932676.8155096,0,0,0,0,0,0,1,0,0,0,0,0,0,0,0,0,0,0,0,0,0,0,0,0,0,0,0,0,0,1,0,0,0,0,0,0,1,0,0,0,0,1,0,1,0,0
0,3.0,1,10.691967639914864,82.0,420.0,349.0,742102241.2899358,547659094.2461499,0,0,0,0,0,0,1,0,0,0,0,0,0,0,0,0,0,0,0,0,0,0,0,0,0,0,0,0,0,1,0,0,0,0,0,0,0,1,0,0,1,0,0,1,0,0
0,1.0,0,8.294299608857235,59.6,381.0,201.0,484666533.0259533,442046586.89093024,0,0,0,0,0,0,1,0,0,0,0,0,0,0,0,0,0,0,0,0,0,0,0,0,0,0,0,1,0,0,0,0,0,0,0,0,0,1,0,0,0,1,0,0,0,1
1,3.0,0,10.239995502805316,92.0,480.0,402.0,570565634.7706568,458399448.83065486,0,0,0,0,0,0,1,0,0,0,0,0,0,0,0,0,0,0,0,0,0,0,0,0,0,0,0,0,0,0,1,0,0,0,0,0,0,1,0,0,1,0,0,1,0,0
0,3.0,1,10.545367754151743,82.0,420.0,349.0,487157270.03350025,549144587.0024362,0,0,0,0,0,0,1,0,0,0,0,0,0,0,0,0,0,0,0,0,0,0,0,0,0,0,0,0,0,1,0,0,0,0,0,1,0,0,0,0,0,1,0,0,0,1
1,4.0,0,0.0,18.6,215.0,43.0,298926880.9652708,360317577.7742635,0,0,0,0,0,0,1,0,0,0,0,0,0,0,0,0,0,0,0,0,0,0,0,0,0,1,0,0,0,0,0,0,0,0,0,0,0,0,1,0,0,0,1,0,1,0
0,1.0,0,10.165890277802454,18.6,215.0,43.0,302966815.5179865,395068963.3750221,0,0,0,0,0,0,1,0,0,0,0,0,0,0,0,0,0,0,0,0,0,0,0,0,0,1,0,0,0,0,0,0,0,0,0,0,0,1,0,0,0,1,0,0,0,1
0,2.0,0,9.99884318585288,18.6,215.0,43.0,302618574.25600564,401688959.7611053,0,0,0,0,0,0,1,0,0,0,0,0,0,0,0,0,0,0,0,0,0,0,0,0,0,1,0,0,0,0,0,0,0,0,0,0,1,0,0,0,0,1,0,1,0,0
1,1.0,0,7.8636512654486515,60.1,450.0,204.0,503333211.8417757,455907080.2962982,0,0,0,0,0,0,1,0,0,0,0,0,0,0,1,0,0,0,0,0,0,0,0,0,0,0,0,0,0,0,0,0,0,0,0,1,0,0,0,0,0,1,0,1,0,0
0,1.0,0,11.141876276228,14.7,170.0,27.0,558511022.0173022,466950279.96297663,0,0,0,0,0,0,1,0,0,0,0,0,0,0,0,0,0,0,1,0,0,0,0,0,0,0,0,0,0,0,0,0,0,0,0,0,0,1,0,1,0,0,0,1,0,0
0,3.0,0,10.518700218288165,82.0,420.0,349.0,477843490.93754673,549144586.3157824,0,0,0,0,0,0,1,0,0,0,0,0,0,0,0,0,0,0,0,0,0,0,0,0,0,0,0,0,0,1,0,0,0,0,0,0,0,1,0,0,0,1,0,0,0,1
0,0.0,1,0.0,59.6,381.0,201.0,549685302.1628258,494433969.34943813,0,0,0,0,0,0,1,0,0,0,0,0,0,0,0,0,0,0,0,0,0,0,0,0,0,0,0,1,0,0,0,0,0,0,0,0,0,1,0,0,1,0,0,1,0,0
0,2.0,0,9.305741456739435,82.0,420.0,349.0,487157265.95706713,560514361.2566996,0,0,0,0,0,0,1,0,0,0,0,0,0,0,0,0,0,0,0,0,0,0,0,0,0,0,0,0,0,1,0,0,0,0,0,0,0,1,0,0,0,1,0,0,0,1
0,3.0,0,10.933124826700707,82.0,420.0,349.0,741936597.1181567,547606869.8747766,0,0,0,0,0,0,1,0,0,0,0,0,0,0,0,0,0,0,0,0,0,0,0,0,0,0,0,0,0,1,0,0,0,0,0,0,0,1,0,1,0,0,0,1,0,0
0,3.0,1,0.0,92.0,480.0,402.0,573285407.902525,461656019.2911811,0,0,0,0,0,0,1,0,0,0,0,0,0,0,0,0,0,0,0,0,0,0,0,0,0,0,0,0,0,0,1,0,0,0,0,0,0,1,0,0,0,1,0,0,0,1
0,1.0,1,0.0,75.3,450.0,201.0,483228910.6187832,562218959.5966842,0,0,0,0,0,0,1,0,0,0,0,0,0,0,0,0,0,0,0,0,0,0,0,0,0,0,0,0,1,0,0,0,0,0,0,0,0,1,0,0,0,1,0,1,0,0
0,2.0,1,0.0,92.0,480.0,402.0,571692008.3970305,482285412.6537294,0,0,0,0,0,0,1,0,0,0,0,0,0,0,0,0,0,0,0,0,0,0,0,0,0,0,0,0,0,0,1,0,0,0,1,0,0,0,0,0,0,0,1,1,0,0
0,0.0,1,0.0,18.6,215.0,43.0,644735117.1510122,335758557.34223205,0,0,0,0,0,0,1,0,0,0,0,0,0,0,0,0,0,0,0,0,0,0,0,0,0,1,0,0,0,0,0,0,0,1,0,0,0,0,0,0,0,1,0,1,0,0
1,1.0,0,0.0,18.6,215.0,43.0,302553079.0483379,394466640.04944074,0,0,0,0,0,0,1,0,0,0,0,0,0,0,0,0,0,0,0,0,0,0,0,0,0,1,0,0,0,0,0,0,0,0,1,0,0,0,0,0,0,0,1,1,0,0
0,1.0,1,0.0,18.6,215.0,43.0,302966816.2224593,395068964.40060353,0,0,0,0,0,0,1,0,0,0,0,0,0,0,0,0,0,0,0,0,0,0,0,0,0,1,0,0,0,0,0,0,0,0,0,0,0,1,0,0,0,1,0,0,0,1
1,1.0,0,11.141876276228,75.3,450.0,201.0,625102694.7407442,561715892.1120217,0,0,0,0,0,0,1,0,0,0,0,0,0,0,0,0,0,0,0,0,0,0,0,0,0,0,0,0,1,0,0,0,0,0,0,0,0,1,0,1,0,0,0,1,0,0
0,0.0,1,10.165890277802454,37.2,326.4,134.0,475073128.6903677,357538182.0864869,0,0,0,0,0,0,1,0,0,0,0,0,0,0,0,0,0,0,0,0,0,0,0,0,0,0,1,0,0,0,0,0,0,0,0,0,0,1,0,0,0,1,0,0,0,1
0,1.0,1,8.987321812850125,92.0,480.0,402.0,573285410.3805469,669775144.5748678,0,0,0,0,0,0,1,0,0,0,0,0,0,0,0,0,0,0,0,0,0,0,0,0,0,0,0,0,0,0,1,0,0,0,0,0,0,1,0,0,0,1,0,0,0,1
0,1.0,0,8.853808274977197,37.2,326.4,134.0,474411524.4474176,477733587.61973786,0,0,0,0,0,0,1,0,0,0,0,0,0,0,0,0,0,0,0,0,0,0,0,0,0,0,1,0,0,0,0,0,0,0,1,0,0,0,0,0,0,0,1,1,0,0
0,2.0,0,10.34177474101152,59.6,381.0,201.0,556100391.5024484,454252897.1193434,0,0,0,0,0,0,1,0,0,0,0,0,0,0,0,0,0,0,0,0,0,0,0,0,0,0,0,1,0,0,0,0,0,0,0,0,0,1,0,0,0,1,0,0,0,1
0,2.0,0,10.203629181337648,37.2,326.4,134.0,474162066.74676687,393585299.8618546,0,0,0,0,0,0,1,0,0,0,0,0,0,0,0,0,0,0,0,0,0,0,0,0,0,0,1,0,0,0,0,0,0,0,0,0,1,0,0,0,0,1,0,0,0,1
0,3.0,0,10.596659732783579,82.0,420.0,349.0,542104083.1412208,542595264.458916,0,0,0,0,0,0,1,0,0,0,0,0,0,0,0,0,0,0,0,0,0,0,0,0,0,0,0,0,0,1,0,0,0,0,0,0,0,0,1,0,0,0,1,0,1,0
0,2.0,0,9.105090961257085,59.6,381.0,201.0,489919123.47214687,454252895.0931996,0,0,0,0,0,0,1,0,0,0,0,0,0,0,0,0,0,0,0,0,0,0,0,0,0,0,0,1,0,0,0,0,0,0,0,0,0,1,0,0,0,1,0,0,0,1
0,0.0,1,0.0,37.2,326.4,134.0,474995038.5472007,357346695.0864869,0,0,0,0,0,0,1,0,0,0,0,0,0,0,0,0,0,0,0,0,0,0,0,0,0,0,1,0,0,0,0,0,0,0,0,0,0,1,0,0,0,1,0,1,0,0
0,1.0,0,8.77971129020447,18.6,215.0,43.0,644970141.3056016,394515477.25874305,0,0,0,0,0,0,1,0,0,0,0,0,0,0,0,0,0,0,0,0,0,0,0,0,0,1,0,0,0,0,0,0,0,0,1,0,0,0,0,0,0,0,1,1,0,0
0,4.0,1,0.0,42.0,318.6,147.0,605021462.2664366,412715493.02538806,0,0,0,0,0,0,1,0,0,0,0,0,0,0,0,0,0,0,0,0,0,0,0,0,1,0,0,0,0,0,0,0,0,0,0,0,0,1,0,0,1,0,0,1,0,0
0,0.0,1,0.0,75.3,450.0,201.0,483067294.457167,580630333.883115,0,0,0,0,0,0,1,0,0,0,0,0,0,0,0,0,0,0,0,0,0,0,0,0,0,0,0,0,1,0,0,0,0,0,0,0,0,1,0,0,0,1,0,1,0,0
0,1.0,0,11.002116507732017,59.6,381.0,201.0,398212781.5712468,439338961.7214387,0,0,0,0,0,0,1,0,0,0,0,0,0,0,0,0,0,0,0,0,0,0,0,0,0,0,0,1,0,0,0,0,0,0,0,0,0,1,0,0,0,1,0,0,1,0
0,1.0,0,8.699681400989514,59.6,381.0,201.0,623245662.8557649,437682182.06042176,0,0,0,0,0,0,1,0,0,0,0,0,0,0,0,0,0,0,0,0,0,0,0,0,0,0,0,1,0,0,0,0,0,0,0,0,0,1,0,1,0,0,0,1,0,0
0,2.0,1,11.49273296168228,37.2,326.4,134.0,473773780.4127105,392830025.6002512,0,0,0,0,0,0,1,0,0,0,0,0,0,0,0,0,0,0,0,0,0,0,0,0,0,0,1,0,0,0,0,0,0,0,0,0,0,1,0,0,1,0,0,1,0,0
0,0.0,1,0.0,59.6,381.0,201.0,398205837.1268023,494682416.55440706,0,0,0,0,0,0,1,0,0,0,0,0,0,0,0,0,0,0,0,0,0,0,0,0,0,0,0,1,0,0,0,0,0,0,0,0,0,1,0,0,0,1,0,1,0,0
0,3.0,0,10.859018228147887,82.0,420.0,349.0,497681034.22768176,549144586.180386,0,0,0,0,0,0,1,0,0,0,0,0,0,0,0,0,0,0,0,0,0,0,0,0,0,0,0,0,0,1,0,0,0,0,0,0,0,1,0,0,0,1,0,0,0,1
1,2.0,0,12.062208048765859,59.6,381.0,201.0,434619004.6613952,451050286.2043107,0,0,0,0,0,0,1,0,0,0,0,0,0,0,0,0,0,0,0,0,0,0,0,0,0,0,0,1,0,0,0,0,0,0,0,0,1,0,0,0,0,1,0,1,0,0
0,0.0,1,1.791759469228055,18.6,215.0,43.0,642989464.9770993,333739842.25843316,0,0,0,0,0,0,1,0,0,0,0,0,0,0,0,0,0,0,0,0,0,0,0,0,0,1,0,0,0,0,0,0,0,0,0,0,0,1,0,0,1,0,0,1,0,0
0,1.0,0,9.90353755128617,92.0,480.0,402.0,566197502.902525,658749510.7201669,0,0,0,0,0,0,1,0,0,0,0,0,0,0,0,0,0,0,0,0,0,0,0,0,0,0,0,0,0,0,1,0,0,0,0,0,0,1,0,0,0,1,0,0,1,0
0,2.0,1,10.085850775128717,37.2,326.4,134.0,465094821.627461,375948169.06016684,0,0,0,0,0,0,1,0,0,0,0,0,0,0,0,0,0,0,0,0,0,0,0,0,0,0,1,0,0,0,0,0,0,0,0,0,0,1,0,1,0,0,0,1,0,0
0,0.0,0,6.90875477931522,59.6,381.0,201.0,418177703.2173022,442805444.1882944,0,0,0,0,0,0,1,0,0,0,0,0,0,0,0,0,0,0,0,1,0,0,0,0,0,0,0,0,0,0,0,0,0,0,1,0,0,0,0,0,0,1,0,1,0,0
0,0.0,1,0.0,18.6,215.0,43.0,302208031.1250152,334706322.70536053,0,0,0,0,0,0,1,0,0,0,0,0,0,0,0,0,0,0,0,0,0,0,0,0,0,1,0,0,0,0,0,0,0,0,0,0,0,1,0,0,1,0,0,1,0,0
0,0.0,1,0.0,59.6,381.0,201.0,487189870.7448741,494555211.585463,0,0,0,0,0,0,1,0,0,0,0,0,0,0,0,0,0,0,0,0,0,0,0,0,0,0,0,1,0,0,0,0,0,0,0,0,0,1,0,0,0,1,0,1,0,0
0,1.0,0,8.517393171418904,18.6,215.0,43.0,302966816.3662293,395068964.60990584,0,0,0,0,0,0,1,0,0,0,0,0,0,0,0,0,0,0,0,0,0,0,0,0,0,1,0,0,0,0,0,0,0,0,0,0,0,1,0,0,0,1,0,0,0,1
0,3.0,1,0.0,42.0,318.6,147.0,330803863.26382923,389983486.6629766,0,0,0,0,0,0,1,0,0,0,0,0,0,0,0,0,0,0,0,0,0,0,0,0,1,0,0,0,0,0,0,0,0,0,0,0,0,1,0,0,0,1,0,0,0,1
0,2.0,0,8.294299608857235,92.0,480.0,402.0,373044670.0173022,477948063.256139,0,0,0,0,0,0,1,0,0,0,0,0,0,0,0,0,0,0,0,0,0,0,0,0,0,0,0,0,0,0,1,0,0,0,0,0,0,1,0,1,0,0,0,1,0,0
0,0.0,0,8.987321812850125,37.2,326.4,134.0,473240157.8530575,353043503.5971252,0,0,0,0,0,0,1,0,0,0,0,0,0,0,0,0,0,0,0,0,0,0,0,0,0,0,1,0,0,0,0,0,0,0,0,0,0,1,0,1,0,0,0,1,0,0
0,0.0,0,10.915106645867503,75.3,450.0,201.0,627065194.7407442,581465196.2684361,0,0,0,0,0,0,1,0,0,0,0,0,0,0,0,0,0,0,0,0,0,0,0,0,0,0,0,0,1,0,0,0,0,0,0,0,0,1,0,1,0,0,0,1,0,0
0,1.0,0,7.0909098220799835,59.6,381.0,201.0,551043792.7288636,439775402.3994048,0,0,0,0,0,0,1,0,0,0,0,0,0,0,0,0,0,0,0,0,0,0,0,0,0,0,0,1,0,0,0,0,0,0,0,0,0,1,0,0,0,1,0,0,0,1
0,1.0,1,8.31898612539206,59.6,381.0,201.0,488844746.777932,440944893.9248285,0,0,0,0,0,0,1,0,0,0,0,0,0,0,0,0,0,0,0,0,0,0,0,0,0,0,0,1,0,0,0,0,0,0,1,0,0,0,0,0,0,0,1,1,0,0
0,3.0,1,0.0,82.0,420.0,349.0,742924327.1795063,547918281.8670397,0,0,0,0,0,0,1,0,0,0,0,0,0,0,0,0,0,0,0,0,0,0,0,0,0,0,0,0,0,1,0,0,0,0,0,0,0,1,0,0,1,0,0,1,0,0
0,0.0,1,0.0,18.6,215.0,43.0,302966816.6361974,337359952.4818969,0,0,0,0,0,0,1,0,0,0,0,0,0,0,0,0,0,0,0,0,0,0,0,0,0,1,0,0,0,0,0,0,0,0,0,0,0,1,0,0,0,1,0,0,0,1
0,0.0,1,0.0,37.2,326.4,134.0,473619767.3975261,353974354.660955,0,0,0,0,0,0,1,0,0,0,0,0,0,0,0,0,0,0,0,0,0,0,0,0,0,0,1,0,0,0,0,0,0,0,0,1,0,0,0,0,1,0,0,1,0,0
0,1.0,1,0.0,82.0,420.0,349.0,477843492.74637026,667988749.4229863,0,0,0,0,0,0,1,0,0,0,0,0,0,0,0,0,0,0,0,0,0,0,0,0,0,0,0,0,0,1,0,0,0,0,0,0,0,1,0,0,0,1,0,0,0,1
1,4.0,1,10.819798284210286,82.0,420.0,349.0,474171925.25127226,539886693.5365245,0,0,0,0,0,0,1,0,0,0,0,0,0,0,0,0,0,0,0,0,0,0,0,0,0,0,0,0,0,1,0,0,0,0,0,0,0,1,0,0,1,0,0,1,0,0
0,1.0,1,0.0,18.6,215.0,43.0,302538702.0515328,394445709.8168826,0,0,0,0,0,0,1,0,0,0,0,0,0,0,0,0,0,0,0,0,0,0,0,0,0,1,0,0,0,0,0,0,0,0,0,1,0,0,0,0,1,0,0,1,0,0
0,1.0,1,0.0,60.1,450.0,204.0,424743602.3276564,455263244.6798598,0,0,0,0,0,0,1,0,0,0,0,0,0,0,1,0,0,0,0,0,0,0,0,0,0,0,0,0,0,0,0,0,0,0,0,0,0,1,0,1,0,0,0,1,0,0
0,1.0,0,10.596659732783579,37.2,326.4,134.0,341622305.88677365,477362252.11485183,0,0,0,0,0,0,1,0,0,0,0,0,0,0,0,0,0,0,0,0,0,0,0,0,0,0,1,0,0,0,0,0,0,0,0,0,0,1,0,0,0,1,0,0,0,1
1,4.0,1,10.308985993422082,42.0,318.6,147.0,322598396.8939662,414614369.4298824,0,0,0,0,0,0,1,0,0,0,0,0,0,0,0,0,0,0,0,0,0,0,0,0,1,0,0,0,0,0,0,0,0,0,0,0,0,1,0,0,1,0,0,1,0,0
0,4.0,0,11.608244735642321,59.6,381.0,201.0,422770248.22861266,419826526.6095736,0,0,0,0,0,0,1,0,0,0,0,0,0,0,0,0,0,0,0,0,0,0,0,0,0,0,0,0,0,0,0,1,0,0,0,0,0,1,0,0,0,1,0,0,0,1
0,2.0,0,10.12667110305036,18.6,215.0,43.0,302351801.09306633,401072723.5987437,0,0,0,0,0,0,1,0,0,0,0,0,0,0,0,0,0,0,0,0,0,0,0,0,0,1,0,0,0,0,0,0,0,0,0,0,0,1,0,0,1,0,0,1,0,0
0,0.0,1,0.0,59.6,381.0,201.0,484666533.0259533,484666533.0259533,0,0,0,0,0,0,1,0,0,0,0,0,0,0,0,0,0,0,0,1,0,0,0,0,0,0,0,0,0,0,0,0,0,0,1,0,0,0,0,0,0,0,1,1,0,0
0,0.0,0,0.0,37.2,326.4,134.0,473990700.15240675,354883929.12904,0,0,0,0,0,0,1,0,0,0,0,0,0,0,0,0,0,0,0,0,0,0,0,0,0,0,1,0,0,0,0,0,0,0,0,0,1,0,0,0,0,1,0,0,0,1
0,0.0,1,0.0,75.3,450.0,201.0,502605042.08573645,580643728.3785279,0,0,0,0,0,0,1,0,0,0,0,0,0,0,0,0,0,0,0,0,0,0,0,0,0,0,0,0,1,0,0,0,0,0,0,0,0,1,0,0,0,1,0,1,0,0
0,0.0,1,0.0,59.6,381.0,201.0,752904806.4681932,554813540.3405426,0,0,0,0,0,0,1,0,0,0,0,0,0,0,0,0,0,1,0,0,0,0,0,0,0,0,0,0,0,0,0,0,0,0,0,1,0,0,0,0,0,1,0,1,0,0
0,1.0,0,2.3978952727983707,37.2,326.4,134.0,343332506.3969777,478727070.11159456,0,0,0,0,0,0,1,0,0,0,0,0,0,0,0,0,0,0,0,0,0,0,0,0,0,0,1,0,0,0,0,0,0,0,0,0,0,1,0,0,0,1,0,0,0,1
0,2.0,1,11.289794413577894,59.6,381.0,201.0,486836482.31512207,449377083.5899316,0,0,0,0,0,0,0,1,0,0,0,0,0,0,0,0,0,0,0,0,0,0,0,0,0,0,0,1,0,0,0,0,0,0,0,1,0,0,0,0,1,0,0,0,1,0
0,1.0,0,9.105090961257085,59.6,381.0,201.0,359203709.68108517,374690455.3756809,0,0,0,0,0,0,0,0,1,0,0,0,0,0,0,0,0,0,0,1,0,0,0,0,0,0,0,0,0,0,0,0,0,0,0,0,0,1,0,0,0,1,0,0,0,1
0,1.0,0,10.518700218288165,18.6,215.0,43.0,646119897.5374856,395068964.56106865,0,0,0,0,0,0,1,0,0,0,0,0,0,0,0,0,0,0,0,0,0,0,0,0,0,1,0,0,0,0,0,0,0,0,0,0,0,1,0,0,0,1,0,0,0,1
0,4.0,0,11.097425172408931,18.6,215.0,43.0,302966816.0531302,480746118.9647397,0,0,0,0,0,0,1,0,0,0,0,0,0,0,0,0,0,0,0,0,0,0,0,0,0,1,0,0,0,0,0,0,0,0,0,0,0,1,0,0,0,1,0,0,0,1
0,0.0,1,0.0,59.6,381.0,201.0,514431079.0066547,512218595.4208879,0,0,0,0,0,0,1,0,0,0,0,0,0,1,0,0,0,0,0,0,0,0,0,0,0,0,0,0,0,0,0,0,0,0,0,1,0,0,0,0,0,1,0,1,0,0
0,1.0,0,8.45553053102413,60.1,450.0,204.0,372291930.4434712,460530359.2757503,0,0,0,0,0,0,1,0,0,0,0,0,0,0,1,0,0,0,0,0,0,0,0,0,0,0,0,0,0,0,0,0,0,0,0,0,0,1,0,0,0,1,0,0,0,1
0,0.0,1,0.0,37.2,326.4,134.0,343332508.96840626,357538183.14499754,0,0,0,0,0,0,1,0,0,0,0,0,0,0,0,0,0,0,0,0,0,0,0,0,0,0,1,0,0,0,0,0,0,0,0,1,0,0,0,0,0,1,0,0,0,1
0,3.0,0,11.002116507732017,82.0,420.0,349.0,487128102.3276564,549144586.1900572,0,0,0,0,0,0,1,0,0,0,0,0,0,0,0,0,0,0,0,0,0,0,0,0,0,0,0,0,0,1,0,0,0,0,0,0,0,1,0,0,0,1,0,0,0,1
1,3.0,1,0.0,92.0,480.0,402.0,565598601.8036238,452452080.4096022,0,0,0,0,0,0,1,0,0,0,0,0,0,0,0,0,0,0,0,0,0,0,0,0,0,0,0,0,0,0,1,0,0,0,0,0,0,1,0,1,0,0,0,1,0,0
0,0.0,1,0.0,82.0,420.0,349.0,473519964.4669585,616614591.2626851,0,0,0,0,0,0,1,0,0,0,0,0,0,0,0,0,0,0,0,0,0,0,0,0,0,0,0,0,0,1,0,0,0,0,0,0,1,0,0,0,0,1,0,1,0,0
0,1.0,0,10.434145214930487,59.6,381.0,201.0,345583474.21297663,438656758.33160824,0,0,0,0,0,0,1,0,0,0,0,0,0,0,0,0,0,0,0,0,0,0,0,0,0,0,0,1,0,0,0,0,0,0,0,0,0,1,0,1,0,0,0,1,0,0
0,0.0,0,8.853808274977197,59.6,381.0,201.0,487278631.0754526,494688627.7345313,0,0,0,0,0,0,1,0,0,0,0,0,0,0,0,0,0,0,0,0,0,0,0,0,0,0,0,1,0,0,0,0,0,0,0,0,0,1,0,0,0,1,0,1,0,0
1,1.0,1,8.294299608857235,18.6,215.0,43.0,302966816.0387532,395068964.13316166,0,0,0,0,0,0,1,0,0,0,0,0,0,0,0,0,0,0,0,0,0,0,0,0,0,1,0,0,0,0,0,0,0,0,0,1,0,0,0,0,0,1,0,0,0,1
0,1.0,0,9.208438564686587,37.2,326.4,134.0,475073128.638307,478727071.43732744,0,0,0,0,0,0,1,0,0,0,0,0,0,0,0,0,0,0,0,0,0,0,0,0,0,0,1,0,0,0,0,0,0,0,0,0,0,1,0,0,0,1,0,0,0,1
0,0.0,0,4.61512051684126,18.6,215.0,43.0,302559468.8246957,335935372.9846901,0,0,0,0,0,0,1,0,0,0,0,0,0,0,0,0,0,0,0,0,0,0,0,0,0,1,0,0,0,0,0,0,0,0,0,0,1,0,0,0,0,1,0,0,0,1
0,1.0,1,9.90353755128617,37.2,326.4,134.0,475073128.57106185,478727071.33635026,0,0,0,0,0,0,1,0,0,0,0,0,0,0,0,0,0,0,0,0,0,0,0,0,0,0,1,0,0,0,0,0,0,0,0,1,0,0,0,0,0,1,0,0,0,1
0,2.0,0,10.827766295132466,82.0,420.0,349.0,566128102.3276564,556844153.198189,0,0,0,0,0,0,1,0,0,0,0,0,0,0,0,0,0,0,0,0,0,0,0,0,0,0,0,0,0,1,0,0,0,0,0,0,0,1,0,1,0,0,0,1,0,0
0,1.0,0,9.741027444837728,60.1,450.0,204.0,368739305.5434712,455907080.2962982,0,0,0,0,0,0,1,0,0,0,0,0,0,0,1,0,0,0,0,0,0,0,0,0,0,0,0,0,0,0,0,0,0,0,0,0,1,0,0,0,0,1,0,0,0,1
0,1.0,0,11.06665398721974,37.2,326.4,134.0,475073128.2109751,478727070.7956336,0,0,0,0,0,0,1,0,0,0,0,0,0,0,0,0,0,0,0,0,0,0,0,0,0,0,1,0,0,0,0,0,0,0,0,0,0,1,0,0,0,1,0,0,0,1
0,3.0,0,10.801268021651186,82.0,420.0,349.0,493391564.069787,547568185.1552409,0,0,0,0,0,0,1,0,0,0,0,0,0,0,0,0,0,0,0,0,0,0,0,0,0,0,0,0,0,1,0,0,0,0,0,0,0,1,0,0,0,1,0,0,0,1
0,1.0,1,0.0,37.2,326.4,134.0,473448400.803166,476287333.5480766,0,0,0,0,0,0,1,0,0,0,0,0,0,0,0,0,0,0,0,0,0,0,0,0,0,0,1,0,0,0,0,0,0,0,0,0,0,1,0,0,1,0,0,1,0,0
0,1.0,0,10.308985993422082,60.1,450.0,204.0,681155892.423541,455530367.9675311,0,0,0,0,0,0,1,0,0,0,0,0,0,0,1,0,0,0,0,0,0,0,0,0,0,0,0,0,0,0,0,0,0,0,0,0,0,1,0,1,0,0,0,1,0,0
0,2.0,1,9.305741456739435,18.6,215.0,43.0,301438063.073897,398962022.4917326,0,0,0,0,0,0,1,0,0,0,0,0,0,0,0,0,0,0,0,0,0,0,0,0,0,1,0,0,0,0,0,0,0,0,0,0,0,1,0,0,1,0,0,1,0,0
0,0.0,1,0.0,59.6,381.0,201.0,484666533.0259533,484666533.0259533,0,1,0,0,0,0,0,0,0,0,0,0,0,0,0,0,0,0,0,1,0,0,0,0,0,0,0,0,0,0,0,0,0,0,0,0,1,0,0,0,0,1,0,0,1,0
0,3.0,0,3.4339872044851463,59.6,381.0,201.0,479589640.7891948,500805444.1882944,0,0,1,0,0,0,0,0,0,0,0,0,0,0,0,0,0,0,0,1,0,0,0,0,0,0,0,0,0,0,0,0,0,0,0,0,0,1,0,1,0,0,0,0,1,0
0,3.0,1,0.0,18.6,215.0,43.0,301417296.30073404,518344223.39546883,0,0,0,0,0,0,1,0,0,0,0,0,0,0,0,0,0,0,0,0,0,0,0,0,0,1,0,0,0,0,0,0,0,0,0,0,0,1,0,0,0,0,1,1,0,0
0,3.0,1,11.097425172408931,82.0,420.0,349.0,748122408.8535901,548274181.2867689,0,0,0,0,0,0,1,0,0,0,0,0,0,0,0,0,0,0,0,0,0,0,0,0,0,0,0,0,0,1,0,0,0,0,0,0,0,1,0,0,1,0,0,1,0,0
0,0.0,1,0.0,18.6,215.0,43.0,643095745.1703359,333862747.2863661,0,0,0,0,0,0,1,0,0,0,0,0,0,0,0,0,0,0,0,0,0,0,0,0,0,1,0,0,0,0,0,0,0,0,0,0,0,1,0,0,1,0,0,1,0,0
0,3.0,0,11.156264806643742,60.1,450.0,204.0,370318252.9118923,398982565.592607,0,0,0,0,0,0,1,0,0,0,0,0,0,0,1,0,0,0,0,0,0,0,0,0,0,0,0,0,0,0,0,0,0,0,1,0,0,0,0,0,1,0,0,1,0,0
0,1.0,1,0.0,59.6,381.0,201.0,402129448.2379134,441728792.2299133,0,0,0,0,0,0,1,0,0,0,0,0,0,0,0,0,0,0,0,0,0,0,0,0,0,0,0,1,0,0,0,0,0,0,0,0,0,1,0,0,0,1,0,1,0,0
0,0.0,1,5.7899601708972535,37.2,326.4,134.0,475073128.6990445,357538182.10776347,0,0,0,0,0,0,1,0,0,0,0,0,0,0,0,0,0,0,0,0,0,0,0,0,0,0,1,0,0,0,0,0,0,0,0,0,0,1,0,0,0,1,0,0,0,1
1,3.0,1,10.12667110305036,37.2,326.4,134.0,474574214.2521899,439969819.70466924,0,0,0,0,0,0,1,0,0,0,0,0,0,0,0,0,0,0,0,0,0,0,0,0,0,0,1,0,0,0,0,0,0,0,1,0,0,0,0,0,0,0,1,1,0,0
0,0.0,0,0.0,59.6,381.0,201.0,552524924.8043352,496303534.56682944,0,0,0,0,0,0,1,0,0,0,0,0,0,0,0,0,0,0,0,0,0,0,0,0,0,0,0,1,0,0,0,0,0,0,0,0,0,1,0,0,1,0,0,1,0,0
0,2.0,0,8.77971129020447,59.6,381.0,201.0,677456155.7505018,454252896.4330689,0,0,0,0,0,0,1,0,0,0,0,0,0,0,0,0,0,0,0,0,0,0,0,0,0,0,0,1,0,0,0,0,0,0,0,0,0,1,0,0,0,1,0,0,0,1
0,3.0,1,0.0,92.0,480.0,402.0,571884316.0893381,459978396.1990759,0,0,0,0,0,0,1,0,0,0,0,0,0,0,0,0,0,0,0,0,0,0,0,0,0,0,0,0,0,0,1,0,0,0,1,0,0,0,0,0,0,0,1,1,0,0
0,2.0,1,10.596659732783579,82.0,420.0,349.0,621216680.8564883,555780323.410955,0,0,0,0,0,0,1,0,0,0,0,0,0,0,0,0,0,0,0,0,0,0,0,0,0,0,0,0,0,1,0,0,0,0,0,0,0,1,0,0,1,0,0,1,0,0
0,0.0,1,0.0,59.6,381.0,201.0,363258725.8103813,421497960.6035019,0,0,0,0,0,0,1,0,0,1,0,0,0,0,0,0,0,0,0,0,0,0,0,0,0,0,0,0,0,0,0,0,0,0,0,0,1,0,0,0,0,1,0,1,0,0
0,0.0,1,0.0,18.6,215.0,43.0,644719899.7597078,335740959.5768689,0,0,0,0,0,0,1,0,0,0,0,0,0,0,0,0,0,0,0,0,0,0,0,0,0,1,0,0,0,0,0,0,0,0,0,0,1,0,0,0,0,1,0,1,0,0
0,2.0,0,10.985309671896763,75.3,450.0,201.0,502878560.60425496,398981933.59259635,0,0,0,0,0,0,1,0,0,0,0,0,0,0,0,0,0,0,0,0,0,0,0,0,0,0,0,0,1,0,0,0,0,0,0,0,1,0,0,0,0,1,0,0,0,1
0,3.0,0,10.691967639914864,82.0,420.0,349.0,550236230.6358138,547601067.1668463,0,0,0,0,0,0,1,0,0,0,0,0,0,0,0,0,0,0,0,0,0,0,0,0,0,0,0,0,0,1,0,0,0,0,0,0,0,1,0,1,0,0,0,1,0,0
0,4.0,0,11.002116507732017,82.0,420.0,349.0,749716158.8535901,543379749.0920801,0,0,0,0,0,0,1,0,0,0,0,0,0,0,0,0,0,0,0,0,0,0,0,0,0,0,0,0,0,1,0,0,0,0,1,0,0,0,0,0,0,0,1,1,0,0
0,1.0,0,8.68270762989381,75.3,450.0,201.0,641892430.0083721,561789511.7439235,0,0,0,0,0,0,1,0,0,0,0,0,0,0,0,0,0,0,0,0,0,0,0,0,0,0,0,0,1,0,0,0,0,0,0,0,1,0,0,0,0,1,0,0,0,1
0,1.0,0,1.791759469228055,59.6,381.0,201.0,498722110.8549611,591051179.2507333,0,0,0,0,1,0,0,0,0,0,0,0,0,0,0,0,0,0,0,1,0,0,0,0,0,0,0,0,0,0,0,0,0,0,1,0,0,0,0,0,0,0,1,1,0,0
0,3.0,0,9.210440366976517,59.6,381.0,201.0,487088548.4308245,420583487.6956104,0,0,0,0,0,0,1,0,0,0,0,0,0,0,0,0,0,0,0,0,0,0,0,0,0,0,0,1,0,0,0,0,0,0,0,0,0,1,0,0,1,0,0,1,0,0
0,0.0,1,0.0,82.0,420.0,349.0,484666533.0259533,624026348.9433575,0,0,0,0,0,0,1,0,0,0,0,0,0,0,0,0,0,0,0,0,0,0,0,0,0,0,0,0,0,1,0,0,0,0,0,0,0,1,0,0,0,1,0,0,0,1
0,1.0,0,8.006700845440367,18.6,215.0,43.0,302575443.2655903,394499198.18897563,0,0,0,0,0,0,1,0,0,0,0,0,0,0,0,0,0,0,0,0,0,0,0,0,0,1,0,0,0,0,0,0,0,0,0,0,1,0,0,0,0,1,0,0,0,1
0,1.0,1,0.0,59.6,381.0,201.0,362698725.8103813,453916717.4537208,0,0,0,0,0,0,1,0,0,1,0,0,0,0,0,0,0,0,0,0,0,0,0,0,0,0,0,0,0,0,0,0,0,0,0,1,0,0,0,0,0,1,0,1,0,0
1,4.0,1,0.0,59.6,381.0,201.0,406253023.9182678,399868213.9012403,0,0,0,0,0,0,1,0,0,0,0,0,0,0,0,0,0,0,0,0,0,0,0,0,0,0,0,0,0,0,0,1,0,0,0,0,0,1,0,0,1,0,0,1,0,0
0,4.0,1,0.0,59.6,381.0,201.0,483472110.8549611,485444355.3506355,0,0,0,0,1,0,0,0,0,0,0,0,0,0,0,0,0,0,0,1,0,0,0,0,0,0,0,0,0,0,0,0,0,0,0,1,0,0,0,0,1,0,0,1,0,0
0,3.0,0,10.62135173563291,82.0,420.0,349.0,477843490.1287232,549144585.9966335,0,0,0,0,0,0,1,0,0,0,0,0,0,0,0,0,0,0,0,0,0,0,0,0,0,0,0,0,0,1,0,0,0,0,0,0,0,1,0,0,0,1,0,0,0,1
0,1.0,1,10.043292972227004,59.6,381.0,201.0,484666533.0259533,439461843.07737094,0,0,0,0,0,0,1,0,0,0,0,0,0,0,0,0,0,0,0,0,0,0,0,0,0,0,0,1,0,0,0,0,0,0,0,0,0,1,0,0,1,0,0,1,0,0
0,2.0,0,9.90353755128617,82.0,420.0,349.0,477843489.22186047,560514360.910955,0,0,0,0,0,0,1,0,0,0,0,0,0,0,0,0,0,0,0,0,0,0,0,0,0,0,0,0,0,1,0,0,0,0,0,0,0,1,0,0,0,1,0,0,0,1
0,3.0,0,10.985309671896763,82.0,420.0,349.0,469506750.57038134,549144585.9482776,0,0,0,0,0,0,1,0,0,0,0,0,0,0,0,0,0,0,0,0,0,0,0,0,0,0,0,0,0,1,0,0,0,0,0,0,0,1,0,0,0,1,0,0,0,1
0,1.0,1,0.0,75.3,450.0,201.0,658666623.5567591,564979695.7930033,0,0,0,0,0,0,1,0,0,0,0,0,0,0,0,0,0,0,0,0,0,0,0,0,0,0,0,0,1,0,0,0,0,0,1,0,0,0,0,0,0,0,1,1,0,0
0,0.0,1,0.0,37.2,326.4,134.0,474964669.7836432,357272227.0013805,0,0,0,0,0,0,1,0,0,0,0,0,0,0,0,0,0,0,0,0,0,0,0,0,0,0,1,0,0,0,0,0,0,0,1,0,0,0,0,0,0,1,0,1,0,0
0,3.0,1,10.668978650219241,92.0,480.0,402.0,677478696.7502444,459906027.77802324,0,0,0,0,0,0,1,0,0,0,0,0,0,0,0,0,0,0,0,0,0,0,0,0,0,0,0,0,0,0,1,0,0,0,1,0,0,0,0,0,0,0,1,1,0,0
1,2.0,1,9.472781556562168,82.0,420.0,349.0,490944195.6487344,553705855.3258486,0,0,0,0,0,0,1,0,0,0,0,0,0,0,0,0,0,0,0,0,0,0,0,0,0,0,0,0,0,1,0,0,0,0,0,0,0,1,0,1,0,0,0,1,0,0
0,2.0,0,9.90353755128617,75.3,450.0,201.0,490552135.2349448,408707950.5378018,0,0,0,0,0,0,1,0,0,0,0,0,0,0,0,0,0,0,0,0,0,0,0,0,0,0,0,0,1,0,0,0,0,0,0,0,0,1,0,0,0,1,0,0,0,1
1,2.0,1,0.0,37.2,326.4,134.0,446507188.22867537,395357449.88717103,0,0,0,0,0,0,1,0,0,0,0,0,0,0,0,0,0,0,0,0,0,0,0,0,0,0,1,0,0,0,0,0,0,0,0,0,0,1,0,0,0,1,0,0,0,1
0,1.0,1,0.0,60.1,450.0,204.0,372291933.13294494,460530362.7757503,0,0,0,0,0,0,1,0,0,0,0,0,0,0,1,0,0,0,0,0,0,0,0,0,0,0,0,0,0,0,0,0,0,0,0,0,0,1,0,0,0,1,0,0,0,1
0,3.0,0,9.210440366976517,59.6,381.0,201.0,484666533.0259533,484666533.0259533,0,0,0,0,0,0,0,0,1,0,0,0,0,0,0,0,0,0,0,1,0,0,0,0,0,0,0,0,0,0,0,0,0,0,0,0,0,1,0,1,0,0,0,1,0,0
1,4.0,1,11.002116507732017,42.0,318.6,147.0,322173739.35971963,414266054.82314086,0,0,0,0,0,0,1,0,0,0,0,0,0,0,0,0,0,0,0,0,0,0,0,0,1,0,0,0,0,0,0,0,0,0,0,0,0,1,0,0,1,0,0,0,1,0
0,3.0,0,10.778977123006351,82.0,420.0,349.0,745403658.8535901,547601067.1668463,0,0,0,0,0,0,1,0,0,0,0,0,0,0,0,0,0,0,0,0,0,0,0,0,0,0,0,0,0,1,0,0,0,0,0,0,0,1,0,0,1,0,0,1,0,0
0,3.0,0,10.819798284210286,82.0,420.0,349.0,742580768.8972977,547809964.6523395,0,0,0,0,0,0,1,0,0,0,0,0,0,0,0,0,0,0,0,0,0,0,0,0,0,0,0,0,0,1,0,0,0,0,0,0,0,1,0,0,1,0,0,1,0,0
0,1.0,0,9.852246888342531,18.6,215.0,43.0,302559468.8246957,394475942.3750221,0,0,0,0,0,0,1,0,0,0,0,0,0,0,0,0,0,0,0,0,0,0,0,0,0,1,0,0,0,0,0,0,0,0,0,0,1,0,0,0,0,1,0,0,0,1
0,0.0,1,0.0,82.0,420.0,349.0,743181995.8911628,619051566.0526011,0,0,0,0,0,0,1,0,0,0,0,0,0,0,0,0,0,0,0,0,0,0,0,0,0,0,0,0,0,1,0,0,0,0,0,0,0,1,0,0,1,0,0,1,0,0
0,3.0,0,10.819798284210286,82.0,420.0,349.0,472818984.0748016,547161995.6001152,0,0,0,0,0,0,1,0,0,0,0,0,0,0,0,0,0,0,0,0,0,0,0,0,0,0,0,0,0,1,0,0,0,0,0,0,0,1,0,1,0,0,0,1,0,0
0,1.0,0,8.294299608857235,75.3,450.0,201.0,509452622.17832905,566666804.0752118,0,0,0,0,0,0,1,0,0,0,0,0,0,0,0,0,0,0,0,0,0,0,0,0,0,0,0,0,1,0,0,0,0,0,0,0,0,1,0,0,0,1,0,0,0,1
0,1.0,0,10.239995502805316,59.6,381.0,201.0,487448052.56305593,439512690.53499806,0,0,0,0,0,0,1,0,0,0,0,0,0,0,0,0,0,0,0,0,0,0,0,0,0,0,0,1,0,0,0,0,0,0,0,0,0,1,0,0,1,0,0,1,0,0
0,1.0,0,9.852246888342531,18.6,215.0,43.0,302543494.38380116,394452686.56106865,0,0,0,0,0,0,1,0,0,0,0,0,0,0,0,0,0,0,0,0,0,0,0,0,0,1,0,0,0,0,0,0,0,0,0,0,1,0,0,0,0,1,0,1,0,0
1,1.0,0,7.901377353792616,18.6,215.0,43.0,302966816.0211814,395068964.1075803,0,0,0,0,0,0,1,0,0,0,0,0,0,0,0,0,0,0,0,0,0,0,0,0,0,1,0,0,0,0,0,0,0,0,0,0,0,1,0,0,0,1,0,0,0,1
0,0.0,1,0.0,92.0,480.0,402.0,600060461.326838,843277515.9770992,0,0,0,0,0,0,1,0,0,0,0,0,0,0,0,0,0,0,0,0,0,0,0,0,0,0,0,0,0,0,1,0,0,0,0,0,0,1,0,0,0,1,0,1,0,0
0,2.0,0,10.596659732783579,92.0,480.0,402.0,566911788.6168107,471803484.942886,0,0,0,0,0,0,1,0,0,0,0,0,0,0,0,0,0,0,0,0,0,0,0,0,0,0,0,0,0,0,1,0,0,0,0,0,0,1,0,0,0,1,0,1,0,0
0,3.0,0,10.12667110305036,59.6,381.0,201.0,402650273.0643023,441989699.4143604,0,0,0,0,0,0,1,0,0,0,0,0,0,0,0,0,0,0,0,0,0,0,0,0,0,0,0,1,0,0,0,0,0,0,0,0,0,1,0,0,0,1,0,0,0,1
0,4.0,0,11.350418300109132,59.6,381.0,201.0,415787506.6768885,411389047.2345736,0,0,0,0,0,0,1,0,0,0,0,0,0,0,0,0,0,0,0,0,0,0,0,0,0,0,0,0,0,0,0,1,0,0,1,0,0,0,0,0,0,1,0,1,0,0
0,0.0,1,0.0,60.1,450.0,204.0,368934042.3855765,477869725.15715903,0,0,0,0,0,0,1,0,0,0,0,0,0,0,1,0,0,0,0,0,0,0,0,0,0,0,0,0,0,0,0,0,0,0,0,0,1,0,0,0,0,1,0,1,0,0
0,1.0,1,0.0,18.6,215.0,43.0,302591417.70648485,394522454.0029291,0,0,0,0,0,0,1,0,0,0,0,0,0,0,0,0,0,0,0,0,0,0,0,0,0,1,0,0,0,0,0,0,0,0,0,0,1,0,0,0,0,1,0,1,0,0
0,0.0,0,6.90875477931522,18.6,215.0,43.0,646119898.3732345,337359952.3869248,0,0,0,0,0,0,1,0,0,0,0,0,0,0,0,0,0,0,0,0,0,0,0,0,0,1,0,0,0,0,0,0,0,0,0,0,0,1,0,0,0,1,0,0,0,1
0,0.0,0,6.2166061010848646,59.6,381.0,201.0,550487188.9552786,494961919.6599971,0,0,0,0,0,0,1,0,0,0,0,0,0,0,0,0,0,0,0,0,0,0,0,0,0,0,0,1,0,0,0,0,0,0,0,0,0,1,0,0,0,1,0,0,1,0
0,0.0,1,0.0,60.1,450.0,204.0,368901726.59610283,477828238.67067254,0,0,0,0,0,0,1,0,0,0,0,0,0,0,1,0,0,0,0,0,0,0,0,0,0,0,0,0,0,0,0,0,0,0,0,0,1,0,0,0,0,1,0,1,0,0
0,3.0,1,0.0,92.0,480.0,402.0,569170030.3750525,456728396.1990759,0,0,0,0,0,0,1,0,0,0,0,0,0,0,0,0,0,0,0,0,0,0,0,0,0,0,0,0,0,0,1,0,0,0,0,0,0,1,0,0,1,0,0,1,0,0
0,2.0,0,9.472781556562168,37.2,326.4,134.0,341985571.19289607,393965046.69729763,0,0,0,0,0,0,1,0,0,0,0,0,0,0,0,0,0,0,0,0,0,0,0,0,0,0,1,0,0,0,0,0,0,0,0,0,1,0,0,0,0,1,0,0,0,1
0,1.0,1,0.0,60.1,450.0,204.0,682784924.6816055,456222148.78944886,0,0,0,0,0,0,1,0,0,0,0,0,0,0,1,0,0,0,0,0,0,0,0,0,0,0,0,0,0,0,0,0,0,0,1,0,0,0,0,0,1,0,0,0,1,0
0,0.0,1,0.0,59.6,381.0,201.0,481882071.3312895,402317444.1075968,0,0,0,0,0,0,1,0,0,0,0,0,0,0,0,0,0,0,0,0,0,1,0,0,0,0,0,0,0,0,0,0,0,0,0,0,1,0,0,0,0,1,0,1,0,0
0,3.0,1,10.545367754151743,82.0,420.0,349.0,480794214.26916903,547212285.7355117,0,0,0,0,0,0,1,0,0,0,0,0,0,0,0,0,0,0,0,0,0,0,0,0,0,0,0,0,0,1,0,0,0,0,0,0,0,1,0,0,1,0,0,1,0,0
1,1.0,0,7.601402334583733,59.6,381.0,201.0,403888874.1882944,442046586.2765235,0,0,0,0,0,0,1,0,0,0,0,0,0,0,0,0,0,0,0,0,0,0,0,0,0,0,0,1,0,0,0,0,0,0,0,0,0,1,0,0,0,1,0,0,0,1
0,1.0,1,9.741027444837728,92.0,480.0,402.0,595753443.7829784,655330707.3013636,0,0,0,0,0,0,1,0,0,0,0,0,0,0,0,0,0,0,0,0,0,0,0,0,0,0,0,0,0,0,1,0,0,0,0,0,0,1,0,1,0,0,0,0,1,0
1,1.0,0,10.308985993422082,59.6,381.0,201.0,489919124.4638824,442046586.2977099,0,0,0,0,0,0,1,0,0,0,0,0,0,0,0,0,0,0,0,0,0,0,0,0,0,0,0,1,0,0,0,0,0,0,0,0,0,1,0,0,0,1,0,0,0,1
0,0.0,1,0.0,59.6,381.0,201.0,483435655.86884105,488912230.2190033,0,0,0,0,0,0,1,0,0,0,0,0,0,0,0,0,0,0,0,0,0,0,0,0,0,0,0,1,0,0,0,0,0,0,0,0,0,1,0,1,0,0,0,0,1,0
0,0.0,1,0.0,59.6,381.0,201.0,388141102.1253666,448269836.15521586,1,0,0,0,0,0,0,0,0,0,0,0,0,0,0,0,0,0,0,0,0,0,0,0,0,0,0,0,0,0,0,0,1,0,0,0,0,1,0,0,1,0,0,1,0,0
0,1.0,1,0.0,59.6,381.0,201.0,551996622.9175428,440203368.5010997,0,0,0,0,0,0,1,0,0,0,0,0,0,0,0,0,0,0,0,0,0,0,0,0,0,0,0,1,0,0,0,0,0,0,0,0,0,1,0,0,1,0,0,1,0,0
0,1.0,0,10.308985993422082,18.6,215.0,43.0,302407711.6361973,394255012.142464,0,0,0,0,0,0,1,0,0,0,0,0,0,0,0,0,0,0,0,0,0,0,0,0,0,1,0,0,0,0,0,0,0,0,0,0,1,0,0,0,0,1,0,0,0,1
0,3.0,0,10.62135173563291,82.0,420.0,349.0,476838591.9179389,548748069.1010822,0,0,0,0,0,0,1,0,0,0,0,0,0,0,0,0,0,0,0,0,0,0,0,0,0,0,0,0,0,1,0,0,0,0,1,0,0,0,0,0,0,0,1,1,0,0
0,3.0,0,10.819798284210286,92.0,480.0,402.0,501111022.0173022,458037606.7253917,0,0,0,0,0,0,1,0,0,0,0,0,0,0,0,0,0,0,0,0,0,0,0,0,0,0,0,0,0,0,1,0,0,0,0,0,0,1,0,0,1,0,0,1,0,0
0,0.0,0,8.517393171418904,59.6,381.0,201.0,484666533.0259533,484666533.0259533,0,0,0,0,1,0,0,0,0,0,0,0,0,0,0,0,0,0,0,1,0,0,0,0,0,0,0,0,0,0,0,0,0,0,0,0,0,1,0,1,0,0,0,1,0,0
0,0.0,1,0.0,37.2,326.4,134.0,341508020.1724879,355160524.87372094,0,0,0,0,0,0,1,0,0,0,0,0,0,0,0,0,0,0,0,0,0,0,0,0,0,0,1,0,0,0,0,0,0,0,0,0,0,0,1,0,0,1,0,1,0,0
0,1.0,0,9.852246888342531,59.6,381.0,201.0,487212515.37297326,439271165.11126924,0,0,0,0,0,0,1,0,0,0,0,0,0,0,0,0,0,0,0,0,0,0,0,0,0,0,0,1,0,0,0,0,0,0,0,0,1,0,0,0,0,1,0,1,0,0
0,0.0,1,0.0,75.3,450.0,201.0,487653153.0430256,584795471.4977939,0,0,0,0,0,0,1,0,0,0,0,0,0,0,0,0,0,0,0,0,0,0,0,0,0,0,0,0,1,0,0,0,0,0,1,0,0,0,0,0,0,0,1,1,0,0
0,0.0,0,8.699681400989514,18.6,215.0,43.0,642931493.9626064,333672803.1522879,0,0,0,0,0,0,1,0,0,0,0,0,0,0,0,0,0,0,0,0,0,0,0,0,0,1,0,0,0,0,0,0,0,0,0,0,0,1,0,0,1,0,0,1,0,0
0,2.0,0,8.987321812850125,82.0,420.0,349.0,474088591.9179389,556439897.8790401,0,0,0,0,0,0,1,0,0,0,0,0,0,0,0,0,0,0,0,0,0,0,0,0,0,0,0,0,0,1,0,0,0,0,0,0,0,1,0,0,0,1,0,1,0,0
0,2.0,0,10.87806606028079,75.3,450.0,201.0,490552136.6288842,408707952.42821276,0,0,0,0,0,0,1,0,0,0,0,0,0,0,0,0,0,0,0,0,0,0,0,0,0,0,0,0,1,0,0,0,0,0,0,0,0,1,0,0,0,1,0,0,0,1
0,0.0,1,0.0,59.6,381.0,201.0,484666533.0259533,484666533.0259533,0,0,0,0,0,0,0,0,1,0,0,0,0,0,0,0,0,0,0,1,0,0,0,0,0,0,0,0,0,0,0,0,0,0,0,0,1,0,0,0,0,1,0,0,0,1
0,1.0,1,0.0,82.0,420.0,349.0,484666533.0259533,667988745.5631733,0,0,0,0,0,0,1,0,0,0,0,0,0,0,0,0,0,0,0,0,0,0,0,0,0,0,0,0,0,1,0,0,0,0,0,1,0,0,0,0,0,1,0,0,0,1
1,1.0,0,0.0,37.2,326.4,134.0,343332508.15207976,478727071.512246,0,0,0,0,0,0,1,0,0,0,0,0,0,0,0,0,0,0,0,0,0,0,0,0,0,0,1,0,0,0,0,0,0,0,0,0,0,1,0,0,0,1,0,0,0,1
0,0.0,1,5.351858133476067,18.6,215.0,43.0,302532567.8662293,335841294.77239966,0,0,0,0,0,0,1,0,0,0,0,0,0,0,0,0,0,0,0,0,0,0,0,0,0,1,0,0,0,0,0,0,0,0,0,0,1,0,0,0,0,1,0,1,0,0
0,3.0,0,9.210440366976517,92.0,480.0,402.0,573285408.7267008,461656020.27802324,0,0,0,0,0,0,1,0,0,0,0,0,0,0,0,0,0,0,0,0,0,0,0,0,0,0,0,0,0,0,1,0,0,0,0,0,0,1,0,0,0,1,0,0,0,1
0,1.0,0,10.373522431293592,37.2,326.4,134.0,474628444.18711394,478059320.5187607,0,0,0,0,0,0,1,0,0,0,0,0,0,0,0,0,0,0,0,0,0,0,0,0,0,0,1,0,0,0,0,0,0,0,1,0,0,0,0,0,0,0,1,1,0,0
0,1.0,1,0.0,60.1,450.0,204.0,368786673.96452385,455968724.1319146,0,0,0,0,0,0,1,0,0,0,0,0,0,0,1,0,0,0,0,0,0,0,0,0,0,0,0,0,0,0,0,0,0,0,0,0,1,0,0,0,0,1,0,1,0,0
0,0.0,1,0.0,82.0,420.0,349.0,550205025.4045794,571476095.0185381,0,0,0,0,0,0,1,0,0,0,0,0,0,0,0,0,0,0,0,1,0,0,0,0,0,0,0,0,0,0,0,0,0,0,0,0,0,1,0,0,0,1,0,1,0,0
0,3.0,1,0.0,82.0,420.0,349.0,742899787.3022058,547910544.9231325,0,0,0,0,0,0,1,0,0,0,0,0,0,0,0,0,0,0,0,0,0,0,0,0,0,0,0,0,0,1,0,0,0,0,0,0,0,1,0,0,1,0,0,1,0,0
1,3.0,0,10.896757843893464,18.6,215.0,43.0,301768734.00041455,525440997.5890172,0,0,0,0,0,0,1,0,0,0,0,0,0,0,0,0,0,0,0,0,0,0,0,0,0,1,0,0,0,0,0,0,0,0,0,0,0,1,0,1,0,0,0,1,0,0
0,0.0,1,0.0,59.6,381.0,201.0,487154664.1333039,494502292.3308046,0,0,0,0,0,0,1,0,0,0,0,0,0,0,0,0,0,0,0,0,0,0,0,0,0,0,0,1,0,0,0,0,0,0,0,0,1,0,0,0,0,1,0,1,0,0
0,1.0,0,9.392745258631441,18.6,215.0,43.0,302591417.70648485,394522454.0029291,0,0,0,0,0,0,1,0,0,0,0,0,0,0,0,0,0,0,0,0,0,0,0,0,0,1,0,0,0,0,0,0,0,1,0,0,0,0,0,0,0,1,0,1,0,0
1,1.0,0,9.105090961257085,37.2,326.4,134.0,475073128.6339686,478727071.4308128,0,0,0,0,0,0,1,0,0,0,0,0,0,0,0,0,0,0,0,0,0,0,0,0,0,0,1,0,0,0,0,0,0,0,0,0,0,1,0,0,0,1,0,0,0,1
0,1.0,0,8.294299608857235,60.1,450.0,204.0,645849440.8106377,440537217.28259957,0,0,0,0,0,0,1,0,0,0,0,0,0,0,1,0,0,0,0,0,0,0,0,0,0,0,0,0,0,0,0,0,0,0,0,0,0,0,1,0,0,0,1,0,1,0
0,3.0,1,0.0,82.0,420.0,349.0,487157262.1099334,549144584.5962466,0,0,0,0,0,0,1,0,0,0,0,0,0,0,0,0,0,0,0,0,0,0,0,0,0,0,0,0,0,1,0,0,0,0,0,0,0,0,1,0,0,1,0,0,0,1
1,2.0,1,10.275085591132715,18.6,215.0,43.0,644863861.1123649,401533978.2112898,0,0,0,0,0,0,1,0,0,0,0,0,0,0,0,0,0,0,0,0,0,0,0,0,0,1,0,0,0,0,0,0,0,0,1,0,0,0,0,0,0,0,1,1,0,0
0,1.0,1,10.308985993422082,59.6,381.0,201.0,510515030.0235939,442046587.57313365,0,0,0,0,0,0,1,0,0,0,0,0,0,0,0,0,0,0,0,0,0,0,0,0,0,0,0,1,0,0,0,0,0,0,0,0,0,1,0,0,0,1,0,0,0,1
0,3.0,1,10.896757843893464,82.0,420.0,349.0,450866782.1703813,548243233.5111402,0,0,0,0,0,0,1,0,0,0,0,0,0,0,0,0,0,0,0,0,0,0,0,0,0,0,0,0,0,1,0,0,0,0,0,0,0,1,0,0,1,0,0,1,0,0
0,4.0,1,0.0,82.0,420.0,349.0,743040891.5966842,540817249.0920801,0,0,0,0,0,0,1,0,0,0,0,0,0,0,0,0,0,0,0,0,0,0,0,0,0,0,0,0,0,1,0,0,0,0,0,0,0,1,0,0,1,0,0,1,0,0
0,1.0,0,10.12667110305036,18.6,215.0,43.0,302615379.36782676,394557337.72385937,0,0,0,0,0,0,1,0,0,0,0,0,0,0,0,0,0,0,0,0,0,0,0,0,0,1,0,0,0,0,0,0,0,0,0,0,1,0,0,0,0,1,0,1,0,0
0,4.0,0,8.517393171418904,82.0,420.0,349.0,497681034.09610283,545088077.5990245,0,0,0,0,0,0,1,0,0,0,0,0,0,0,0,0,0,0,0,0,0,0,0,0,0,0,0,0,0,1,0,0,0,0,0,0,0,1,0,0,0,1,0,0,0,1
0,1.0,1,9.04793908261736,37.2,326.4,134.0,351698453.3933111,473821535.502474,0,0,0,0,0,0,1,0,0,0,0,0,0,0,0,0,0,0,0,0,0,0,0,0,0,0,1,0,0,0,0,0,0,0,0,0,0,1,0,1,0,0,0,1,0,0
0,2.0,0,8.517393171418904,18.6,215.0,43.0,302966816.6761334,402493386.9013267,0,0,0,0,0,0,1,0,0,0,0,0,0,0,0,0,0,0,0,0,0,0,0,0,0,1,0,0,0,0,0,0,0,0,0,0,0,1,0,0,0,1,0,0,0,1
1,2.0,0,9.741027444837728,59.6,381.0,201.0,487154664.1333039,449880351.5637877,0,0,0,0,0,0,1,0,0,0,0,0,0,0,0,0,0,0,0,0,0,0,0,0,0,0,0,1,0,0,0,0,0,0,0,0,0,1,0,0,1,0,0,1,0,0
1,1.0,1,0.0,18.6,215.0,43.0,630665793.4795147,387629430.7471152,0,0,0,0,0,0,1,0,0,0,0,0,0,0,0,0,0,0,0,0,0,0,0,0,0,1,0,0,0,0,0,0,0,0,0,0,0,1,0,0,0,0,1,0,1,0
0,0.0,1,0.0,59.6,381.0,201.0,484666533.0259533,496949497.29974866,0,0,0,0,0,0,1,0,0,0,0,0,0,0,0,0,0,0,0,0,0,0,0,0,0,0,0,1,0,0,0,0,0,0,1,0,0,0,0,0,0,0,1,1,0,0
0,3.0,1,10.757924157061597,82.0,420.0,349.0,466205076.5584256,548618475.2906374,0,0,0,0,0,0,1,0,0,0,0,0,0,0,0,0,0,0,0,0,0,0,0,0,0,0,0,0,0,1,0,0,0,0,1,0,0,0,0,0,0,0,1,1,0,0
0,4.0,0,11.002116507732017,82.0,420.0,349.0,743132916.1365616,540921415.7587467,0,0,0,0,0,0,1,0,0,0,0,0,0,0,0,0,0,0,0,0,0,0,0,0,0,0,0,0,0,1,0,0,0,0,0,0,0,1,0,0,1,0,0,1,0,0
0,3.0,1,10.688552802557403,82.0,420.0,349.0,558295079.3682078,549144584.4782583,0,0,0,0,0,0,1,0,0,0,0,0,0,0,0,0,0,0,0,0,0,0,0,0,0,0,0,0,0,1,0,0,0,0,0,0,0,1,0,0,0,1,0,0,0,1
0,0.0,1,0.0,60.1,450.0,204.0,510657022.0173022,477822427.85986173,0,0,0,0,0,0,1,0,0,0,0,0,0,0,1,0,0,0,0,0,0,0,0,0,0,0,0,0,0,0,0,0,0,0,0,0,1,0,0,0,0,1,0,1,0,0
0,1.0,0,10.545367754151743,37.2,326.4,134.0,473771611.2153135,476772675.5676206,0,0,0,0,0,0,1,0,0,0,0,0,0,0,0,0,0,0,0,0,0,0,0,0,0,0,1,0,0,0,0,0,0,0,0,0,0,1,0,0,1,0,0,1,0,0
0,0.0,1,0.0,37.2,326.0,136.0,390342330.6857914,337057471.50926906,0,0,0,0,0,0,1,0,0,0,0,0,1,0,0,0,0,0,0,0,0,0,0,0,0,0,0,0,0,0,0,0,0,0,0,0,0,1,0,0,0,1,0,0,0,1
0,0.0,1,0.0,14.7,170.0,27.0,317537030.18108517,335979126.4537208,0,0,0,0,0,0,1,0,0,0,0,0,0,0,0,0,0,0,0,1,0,0,0,0,0,0,0,0,0,0,0,0,0,1,0,0,0,0,0,0,0,1,0,1,0,0
0,0.0,1,0.0,37.2,326.4,134.0,343332507.9561614,357538181.8258485,0,0,0,0,0,0,1,0,0,0,0,0,0,0,0,0,0,0,0,0,0,0,0,0,0,0,1,0,0,0,0,0,0,0,0,0,0,1,0,0,0,1,0,0,0,1
0,2.0,0,10.404293143019792,37.2,326.4,134.0,475073128.59058464,395357449.6930782,0,0,0,0,0,0,1,0,0,0,0,0,0,0,0,0,0,0,0,0,0,0,0,0,0,0,1,0,0,0,0,0,0,0,0,0,0,1,0,0,0,1,0,0,0,1
0,1.0,1,0.0,18.6,215.0,43.0,644047435.9915919,394071291.21223146,0,0,0,0,0,0,1,0,0,0,0,0,0,0,0,0,0,0,0,0,0,0,0,0,0,1,0,0,0,0,0,0,0,0,0,0,0,1,0,0,1,0,0,1,0,0
0,1.0,0,9.105090961257085,37.2,326.4,134.0,339699856.9071818,475828050.16045445,0,0,0,0,0,0,1,0,0,0,0,0,0,0,0,0,0,0,0,0,0,0,0,0,0,0,1,0,0,0,0,0,0,0,0,0,0,1,0,1,0,0,0,1,0,0
0,2.0,0,8.987321812850125,59.6,381.0,201.0,489919124.1333039,454252896.13895124,0,0,0,0,0,0,1,0,0,0,0,0,0,0,0,0,0,0,0,0,0,0,0,0,0,0,0,1,0,0,0,0,0,0,0,1,0,0,0,0,0,1,0,0,0,1
0,0.0,1,0.0,59.6,381.0,201.0,397754448.2379134,494278689.84633255,0,0,0,0,0,0,1,0,0,0,0,0,0,0,0,0,0,0,0,0,0,0,0,0,0,0,0,1,0,0,0,0,0,0,0,0,0,1,0,0,1,0,0,1,0,0
0,3.0,0,10.596659732783579,18.6,215.0,43.0,301834229.2080824,526763578.2341785,0,0,0,0,0,0,1,0,0,0,0,0,0,0,0,0,0,0,0,0,0,0,0,0,0,1,0,0,0,0,0,0,0,0,0,0,0,1,0,1,0,0,0,1,0,0
0,0.0,1,0.0,75.3,450.0,201.0,626927694.7407442,581364278.8372434,0,0,0,0,0,0,1,0,0,0,0,0,0,0,0,0,0,0,0,0,0,0,0,0,0,0,0,0,1,0,0,0,0,0,1,0,0,0,0,0,0,1,0,1,0,0
0,1.0,1,10.463131911491967,59.6,381.0,201.0,485559622.8109898,437576249.85703194,0,0,0,0,0,0,1,0,0,0,0,0,0,0,0,0,0,0,0,0,0,0,0,0,0,0,0,1,0,0,0,0,0,0,0,0,0,1,0,1,0,0,0,1,0,0
0,1.0,0,10.736418414365376,37.2,326.4,134.0,475073128.2326671,478727070.8282069,0,0,0,0,0,0,1,0,0,0,0,0,0,0,0,0,0,0,0,0,0,0,0,0,0,0,1,0,0,0,0,0,0,0,0,0,0,1,0,0,0,1,0,0,0,1
0,0.0,1,0.0,60.1,450.0,204.0,464416255.2451907,477504454.88688874,0,0,0,0,0,0,1,0,0,0,0,0,0,0,1,0,0,0,0,0,0,0,0,0,0,0,0,0,0,0,0,0,0,0,0,0,0,1,0,0,0,1,0,0,1,0
1,2.0,1,0.0,18.6,215.0,43.0,445229186.5162208,399947262.3441311,0,0,0,0,0,0,1,0,0,0,0,0,0,0,0,0,0,0,0,0,0,0,0,0,0,1,0,0,0,0,0,0,0,0,0,0,0,1,0,0,1,0,0,1,0,0
0,0.0,0,9.90353755128617,75.3,450.0,201.0,482966284.35615695,580538590.763849,0,0,0,0,0,0,1,0,0,0,0,0,0,0,0,0,0,0,0,0,0,0,0,0,0,0,0,0,1,0,0,0,0,0,0,0,1,0,0,0,0,1,0,0,0,1
0,2.0,0,9.658417870888224,82.0,420.0,349.0,481813322.5494238,556051600.0066997,0,0,0,0,0,0,1,0,0,0,0,0,0,0,0,0,0,0,0,0,0,0,0,0,0,0,0,0,0,1,0,0,0,0,0,0,0,1,0,0,0,1,0,0,0,1
0,0.0,1,0.0,59.6,381.0,201.0,412115516.6986046,421345004.67531776,0,0,0,0,0,0,1,0,0,0,0,0,0,0,0,0,0,0,0,0,0,0,0,1,0,0,0,0,0,0,0,0,0,0,0,1,0,0,0,0,0,1,0,1,0,0
0,3.0,0,10.645448706505872,82.0,420.0,349.0,493928406.1750502,547765477.2248733,0,0,0,0,0,0,1,0,0,0,0,0,0,0,0,0,0,0,0,0,0,0,0,0,0,0,0,0,0,1,0,0,0,0,0,0,0,1,0,0,0,1,0,1,0,0
0,0.0,1,0.0,18.6,215.0,43.0,302553079.0483379,335913026.6159751,0,0,0,0,0,0,1,0,0,0,0,0,0,0,0,0,0,0,0,0,0,0,0,0,0,1,0,0,0,0,0,0,0,0,0,0,0,1,0,0,0,1,0,1,0,0
0,0.0,0,9.90353755128617,37.2,326.4,134.0,474096990.82485795,355144567.4269124,0,0,0,0,0,0,1,0,0,0,0,0,0,0,0,0,0,0,0,0,0,0,0,0,0,0,1,0,0,0,0,0,0,0,0,0,0,0,1,0,0,1,0,1,0,0
1,4.0,0,10.518700218288165,82.0,420.0,349.0,495791564.069787,542595026.8698579,0,0,0,0,0,0,1,0,0,0,0,0,0,0,0,0,0,0,0,0,0,0,0,0,0,0,0,0,0,1,0,0,0,0,0,0,0,1,0,0,1,0,0,1,0,0
0,3.0,1,10.308985993422082,82.0,420.0,349.0,725916583.1412208,548283852.4666529,0,0,0,0,0,0,1,0,0,0,0,0,0,0,0,0,0,0,0,0,0,0,0,0,0,0,0,0,0,1,0,0,0,0,0,0,0,1,0,0,1,0,0,1,0,0
0,3.0,0,11.156264806643742,82.0,420.0,349.0,748708346.3535901,548419248.985028,0,0,0,0,0,0,1,0,0,0,0,0,0,0,0,0,0,0,0,0,0,0,0,0,0,0,0,0,0,1,0,0,0,0,0,0,0,1,0,0,1,0,0,1,0,0
0,3.0,0,10.913833131159125,82.0,420.0,349.0,746247408.8535901,547809964.6523395,0,0,0,0,0,0,1,0,0,0,0,0,0,0,0,0,0,0,0,0,0,0,0,0,0,0,0,0,0,1,0,0,0,0,0,0,0,1,0,1,0,0,0,1,0,0
0,0.0,0,9.90353755128617,37.2,326.4,134.0,341479448.74391645,355123290.83116764,0,0,0,0,0,0,1,0,0,0,0,0,0,0,0,0,0,0,0,0,0,0,0,0,0,0,1,0,0,0,0,0,0,0,0,0,1,0,0,0,0,1,0,0,0,1
0,4.0,1,0.0,42.0,318.6,147.0,606408559.0406301,413198639.0928038,0,0,0,0,0,0,1,0,0,0,0,0,0,0,0,0,0,0,0,0,0,0,0,0,1,0,0,0,0,0,0,0,0,0,0,1,0,0,0,0,1,0,0,1,0,0
0,0.0,1,0.0,75.3,450.0,201.0,531592556.0144185,580189966.910638,0,0,0,0,0,0,1,0,0,0,0,0,0,0,0,0,0,0,0,0,0,0,0,0,0,0,0,0,1,0,0,0,0,0,0,0,0,1,0,0,0,1,0,1,0,0
0,1.0,1,9.546884034617925,82.0,420.0,349.0,497681034.6382081,667988746.0491545,0,0,0,0,0,0,1,0,0,0,0,0,0,0,0,0,0,0,0,0,0,0,0,0,0,0,0,0,0,1,0,0,0,0,0,0,0,1,0,0,0,1,0,0,0,1
0,3.0,1,9.99884318585288,92.0,480.0,402.0,606490285.8882415,458590238.30433905,0,0,0,0,0,0,1,0,0,0,0,0,0,0,0,0,0,0,0,0,0,0,0,0,0,0,0,0,0,0,1,0,0,0,0,0,0,1,0,0,1,0,0,1,0,0
0,0.0,1,0.0,59.6,381.0,201.0,513231064.2022897,527592870.713316,0,0,0,0,0,0,1,0,0,0,0,0,0,0,0,0,1,0,0,0,0,0,0,0,0,0,0,0,0,0,0,0,0,0,0,1,0,0,0,0,0,1,0,1,0,0
0,1.0,0,9.61587214452889,92.0,480.0,402.0,566279920.4849426,658877715.8483721,0,0,0,0,0,0,1,0,0,0,0,0,0,0,0,0,0,0,0,0,0,0,0,0,0,0,0,0,0,0,1,0,0,0,0,0,1,0,0,0,0,1,0,0,0,1
1,0.0,1,0.0,59.6,381.0,201.0,521444355.3506355,477969575.47813934,0,0,0,0,0,0,1,0,0,0,0,0,0,0,0,0,0,0,0,1,0,0,0,0,0,0,0,0,0,0,0,0,0,0,0,0,0,1,0,0,1,0,0,1,0,0
0,3.0,1,10.545367754151743,82.0,420.0,349.0,743040891.5966842,547955032.3505987,0,0,0,0,0,0,1,0,0,0,0,0,0,0,0,0,0,0,0,0,0,0,0,0,0,0,0,0,0,1,0,0,0,0,0,0,0,1,0,0,1,0,0,1,0,0
0,3.0,0,11.51293546492023,59.6,381.0,201.0,484666533.0259533,484666533.0259533,0,0,0,0,1,0,0,0,0,0,0,0,0,0,0,0,0,0,0,1,0,0,0,0,0,0,0,0,0,0,0,0,0,0,0,0,0,1,0,1,0,0,0,1,0,0
0,2.0,0,8.412054873292933,37.2,326.4,134.0,474110006.00923973,393484034.0390698,0,0,0,0,0,0,0,1,0,0,0,0,0,0,0,0,0,0,0,0,0,0,0,0,0,0,1,0,0,0,0,0,0,0,0,0,0,1,0,0,1,0,0,1,0,0
1,1.0,0,8.268988209506656,18.6,215.0,43.0,484666533.0259533,395068965.06106865,0,0,0,0,0,0,1,0,0,0,0,0,0,0,0,0,0,0,0,0,0,0,0,0,0,1,0,0,0,0,0,0,0,0,0,0,0,1,0,0,0,1,0,0,0,1
0,3.0,1,11.034905792929415,82.0,420.0,349.0,487157269.7150289,549144586.9057244,0,0,0,0,0,0,1,0,0,0,0,0,0,0,0,0,0,0,0,0,0,0,0,0,0,0,0,0,0,1,0,0,0,0,0,0,0,1,0,0,0,1,0,0,0,1
0,2.0,0,0.0,82.0,420.0,349.0,497681034.3329449,560514362.5066997,0,0,0,0,0,0,1,0,0,0,0,0,0,0,0,0,0,0,0,0,0,0,0,0,0,0,0,0,0,1,0,0,0,0,0,0,0,1,0,0,0,1,0,0,0,1
0,3.0,0,10.778977123006351,82.0,420.0,349.0,743212670.7377887,548009190.9579488,0,0,0,0,0,0,1,0,0,0,0,0,0,0,0,0,0,0,0,0,0,0,0,0,0,0,0,0,0,1,0,0,0,0,0,0,0,1,0,1,0,0,0,1,0,0
0,2.0,0,10.545367754151743,59.6,381.0,201.0,487439788.100246,450331331.9559446,0,0,0,0,0,0,1,0,0,0,0,0,0,0,0,0,0,0,0,0,0,0,0,0,0,0,0,1,0,0,0,0,0,0,0,0,0,1,0,0,0,1,0,1,0,0
0,3.0,0,10.308985993422082,37.2,326.4,134.0,473652305.3584805,434450339.1851887,0,0,0,0,0,0,1,0,0,0,0,0,0,0,0,0,0,0,0,0,0,0,0,0,0,0,1,0,0,0,0,0,0,0,1,0,0,0,0,0,1,0,0,1,0,0
0,1.0,0,9.210440366976517,75.3,450.0,201.0,498977688.68396884,566666809.1058867,0,0,0,0,0,0,1,0,0,0,0,0,0,0,0,0,0,0,0,0,0,0,0,0,0,0,0,0,1,0,0,0,0,0,0,0,0,1,0,0,0,1,0,0,0,1
1,3.0,1,9.680406499268875,92.0,480.0,402.0,540087816.592607,452379711.9885496,0,0,0,0,0,0,1,0,0,0,0,0,0,0,0,0,0,0,0,0,0,0,0,0,0,0,0,0,0,0,1,0,0,0,0,0,0,1,0,1,0,0,0,1,0,0
0,2.0,1,10.308985993422082,82.0,420.0,349.0,475573886.03558594,558051600.0066997,0,0,0,0,0,0,1,0,0,0,0,0,0,0,0,0,0,0,0,0,0,0,0,0,0,0,0,0,0,1,0,0,0,0,0,0,0,1,0,0,1,0,0,1,0,0
0,0.0,0,10.596659732783579,37.2,326.4,134.0,340985571.19289607,354479673.80989116,0,0,0,0,0,0,1,0,0,0,0,0,0,0,0,0,0,0,0,0,0,0,0,0,0,0,1,0,0,0,0,0,0,0,0,0,0,1,0,0,1,0,0,1,0,0
1,3.0,1,8.294299608857235,92.0,480.0,402.0,569560140.2651623,457195501.4622338,0,0,0,0,0,0,1,0,0,0,0,0,0,0,0,0,0,0,0,0,0,0,0,0,0,0,0,0,0,0,1,0,0,0,0,0,0,1,0,0,1,0,0,1,0,0
0,2.0,0,10.191182124909785,37.2,326.4,134.0,343332507.5194267,395357449.22894317,0,0,0,0,0,0,1,0,0,0,0,0,0,0,0,0,0,0,0,0,0,0,0,0,0,0,1,0,0,0,0,0,0,0,0,0,0,1,0,0,0,1,0,0,0,1
0,2.0,1,0.0,59.6,381.0,201.0,484666533.0259533,451494730.64875513,0,0,0,0,0,0,1,0,0,0,0,0,0,0,0,0,0,0,0,0,0,0,0,0,0,0,0,1,0,0,0,0,0,0,0,0,0,1,0,0,1,0,0,1,0,0
0,2.0,1,8.987321812850125,18.6,215.0,43.0,643791397.344249,400714790.01940787,0,0,0,0,0,0,1,0,0,0,0,0,0,0,0,0,0,0,0,0,0,0,0,0,0,1,0,0,0,0,0,0,0,0,0,0,0,1,0,0,1,0,0,1,0,0
0,2.0,1,7.947678571301568,75.3,450.0,201.0,503628560.60425496,400091522.6336922,0,0,0,0,0,0,1,0,0,0,0,0,0,0,0,0,0,0,0,0,0,0,0,0,0,0,0,0,1,0,0,0,0,0,0,0,0,1,0,0,1,0,0,1,0,0
1,1.0,0,8.294299608857235,59.6,381.0,201.0,359203735.5144185,374690488.58996665,0,0,0,0,0,0,0,0,1,0,0,0,0,0,0,0,0,0,0,1,0,0,0,0,0,0,0,0,0,0,0,0,0,0,1,0,0,0,0,0,0,1,0,0,0,1
0,0.0,1,0.0,60.1,450.0,204.0,372291931.9487344,482180529.32607794,0,0,0,0,0,0,1,0,0,0,0,0,0,0,1,0,0,0,0,0,0,0,0,0,0,0,0,0,0,0,0,0,0,0,0,0,0,1,0,0,0,1,0,0,0,1
1,1.0,1,9.680406499268875,75.3,450.0,201.0,452168304.5581771,543353928.9218377,0,0,0,0,0,0,1,0,0,0,0,0,0,0,0,0,0,0,0,0,0,0,0,0,0,0,0,0,1,0,0,0,0,0,0,0,0,1,0,1,0,0,0,0,1,0
0,1.0,1,0.0,18.6,215.0,43.0,302966814.3534497,395068961.6796733,0,0,0,0,0,0,1,0,0,0,0,0,0,0,0,0,0,0,0,0,0,0,0,0,0,1,0,0,0,0,0,0,0,0,0,0,0,1,0,0,0,1,0,0,0,1
0,1.0,1,0.0,18.6,215.0,43.0,301842216.42852956,393431756.3285105,0,0,0,0,0,0,1,0,0,0,0,0,0,0,0,0,0,0,0,0,0,0,0,0,0,1,0,0,0,0,0,0,0,0,0,1,0,0,0,0,1,0,0,1,0,0
0,1.0,1,0.0,60.1,450.0,204.0,372291934.45399755,460530364.49492836,0,0,0,0,0,0,1,0,0,0,0,0,0,0,1,0,0,0,0,0,0,0,0,0,0,0,0,0,0,0,0,0,0,0,0,0,0,1,0,0,0,1,0,0,0,1
0,0.0,1,0.0,60.1,450.0,204.0,681075247.2622505,477214319.7517536,0,0,0,0,0,0,1,0,0,0,0,0,0,0,1,0,0,0,0,0,0,0,0,0,0,0,0,0,0,0,0,0,0,0,0,1,0,0,0,0,1,0,0,1,0,0
0,0.0,1,0.0,59.6,381.0,201.0,487460449.2572708,494961919.6599971,0,0,0,0,0,0,1,0,0,0,0,0,0,0,0,0,0,0,0,0,0,0,0,0,0,0,0,1,0,0,0,0,0,0,0,0,0,1,0,0,0,1,0,1,0,0
0,0.0,0,9.90353755128617,37.2,326.4,134.0,474118682.7988276,355197758.91627413,0,0,0,0,0,0,1,0,0,0,0,0,0,0,0,0,0,0,0,0,0,0,0,0,0,0,1,0,0,0,0,0,0,0,0,0,1,0,0,0,0,1,0,1,0,0
0,0.0,1,0.0,37.2,326.4,134.0,343332506.2949369,357538179.660955,0,0,0,0,0,0,1,0,0,0,0,0,0,0,0,0,0,0,0,0,0,0,0,0,0,0,1,0,0,0,0,0,0,0,0,0,0,1,0,0,0,1,0,0,0,1
0,0.0,1,0.0,18.6,215.0,43.0,484666533.0259533,337359952.4818969,0,0,0,0,0,0,1,0,0,0,0,0,0,0,0,0,0,0,0,0,0,0,0,0,0,1,0,0,0,0,0,0,0,0,0,0,0,1,0,0,0,1,0,0,0,1
0,1.0,1,0.0,59.6,381.0,201.0,397233614.9045801,438741504.09432006,0,0,0,0,0,0,1,0,0,0,0,0,0,0,0,0,0,0,0,0,0,0,0,0,0,0,0,1,0,0,0,0,0,0,0,0,1,0,0,0,0,1,0,0,1,0
0,0.0,1,0.0,18.6,215.0,43.0,645878353.8659881,337080624.3813382,0,0,0,0,0,0,1,0,0,0,0,0,0,0,0,0,0,0,0,0,0,0,0,0,0,1,0,0,0,0,0,0,0,0,0,0,1,0,0,0,0,1,0,1,0,0
0,1.0,0,9.210440366976517,37.2,326.4,134.0,342332509.96840626,477929027.35915154,0,0,0,0,0,0,1,0,0,0,0,0,0,0,0,0,0,0,0,0,0,0,0,0,0,0,1,0,0,0,0,0,0,0,1,0,0,0,0,0,0,0,1,1,0,0
0,1.0,0,11.112462823634855,82.0,420.0,349.0,496338932.49083966,665605574.0117713,0,0,0,0,0,0,1,0,0,0,0,0,0,0,0,0,0,0,0,0,0,0,0,0,0,0,0,0,0,1,0,0,0,0,1,0,0,0,0,0,0,0,1,1,0,0
0,2.0,0,9.90353755128617,59.6,381.0,201.0,539769517.8561358,484666533.0259533,0,0,0,0,0,0,1,0,0,0,0,0,0,0,0,0,1,0,0,0,0,0,0,0,0,0,0,0,0,0,0,0,0,0,0,0,0,1,0,0,0,1,0,0,0,1
0,3.0,0,11.097425172408931,82.0,420.0,349.0,497681034.3066291,549144586.2093995,0,0,0,0,0,0,1,0,0,0,0,0,0,0,0,0,0,0,0,0,0,0,0,0,0,0,0,0,0,1,0,0,0,0,0,0,0,1,0,0,0,1,0,0,0,1
0,1.0,0,7.601402334583733,59.6,381.0,201.0,481882071.3312895,447979083.1412208,0,0,0,0,0,0,1,0,0,0,0,0,0,0,0,0,0,0,0,0,0,1,0,0,0,0,0,0,0,0,0,0,0,0,0,0,0,1,0,0,0,1,0,0,0,1
0,1.0,0,7.8636512654486515,92.0,480.0,402.0,605086777.1163117,664424724.3953806,0,0,0,0,0,0,1,0,0,0,0,0,0,0,0,0,0,0,0,0,0,0,0,0,0,0,0,0,0,0,1,0,0,0,0,0,0,1,0,1,0,0,0,1,0,0
0,2.0,1,10.203629181337648,59.6,381.0,201.0,550298509.7099956,450233292.7402584,0,0,0,0,0,0,1,0,0,0,0,0,0,0,0,0,0,0,0,0,0,0,0,0,0,0,0,1,0,0,0,0,0,0,0,0,0,1,0,0,1,0,0,1,0,0
0,2.0,0,10.757924157061597,82.0,420.0,349.0,482571284.3328633,556684578.730104,0,0,0,0,0,0,1,0,0,0,0,0,0,0,0,0,0,0,0,0,0,0,0,0,0,0,0,0,0,1,0,0,0,0,0,0,0,1,0,1,0,0,0,1,0,0
0,1.0,0,8.517393171418904,59.6,381.0,201.0,484666533.0259533,484666533.0259533,0,0,0,0,0,0,1,0,0,0,0,0,0,0,0,0,0,0,0,1,0,0,0,0,0,0,0,0,0,0,0,0,0,0,0,0,0,1,0,0,0,1,0,1,0,0
0,0.0,1,0.0,59.6,381.0,201.0,463151393.6599575,494520925.87117726,0,0,0,0,0,0,1,0,0,0,0,0,0,0,0,0,0,0,0,0,0,0,0,0,0,0,0,1,0,0,0,0,0,0,0,0,0,1,0,0,1,0,0,0,1,0
0,3.0,1,0.0,82.0,420.0,349.0,715531689.1426966,539281918.2306762,0,0,0,0,0,0,1,0,0,0,0,0,0,0,0,0,0,0,0,0,0,0,0,0,0,0,0,0,0,1,0,0,0,0,0,0,0,1,0,1,0,0,0,0,1,0
0,1.0,0,0.0,75.3,450.0,201.0,632202694.7407442,565200554.6887088,0,0,0,0,0,0,1,0,0,0,0,0,0,0,0,0,0,0,0,0,0,0,0,0,0,0,0,0,1,0,0,0,0,0,1,0,0,0,0,0,0,0,1,1,0,0
0,16.0,1,0.0,59.6,381.0,201.0,484666533.0259533,484666533.0259533,0,0,0,0,1,0,0,0,0,0,0,0,0,0,0,0,0,0,0,1,0,0,0,0,0,0,0,0,0,0,0,0,0,0,0,1,0,0,0,0,1,0,0,1,0,0
0,4.0,0,9.392745258631441,75.3,450.0,201.0,490552134.76019734,436281977.3276564,0,0,0,0,0,0,1,0,0,0,0,0,0,0,0,0,0,0,0,0,0,0,0,0,0,0,0,0,1,0,0,0,0,0,0,0,0,1,0,0,0,1,0,0,0,1
0,0.0,1,0.0,75.3,450.0,201.0,509452627.20610684,587428491.61706,0,0,0,0,0,0,1,0,0,0,0,0,0,0,0,0,0,0,0,0,0,0,0,0,0,0,0,0,1,0,0,0,0,0,0,0,0,1,0,0,0,1,0,0,0,1
0,4.0,0,10.596659732783579,42.0,318.6,147.0,330803869.6336922,421344701.00291616,0,0,0,0,0,0,1,0,0,0,0,0,0,0,0,0,0,0,0,0,0,0,0,0,1,0,0,0,0,0,0,0,0,0,0,0,0,1,0,0,0,1,0,0,0,1
0,4.0,1,11.002116507732017,82.0,420.0,349.0,472436631.1336252,537428360.2031913,0,0,0,0,0,0,1,0,0,0,0,0,0,0,0,0,0,0,0,0,0,0,0,0,0,0,0,0,0,1,0,0,0,0,0,0,0,1,0,1,0,0,0,1,0,0
0,1.0,0,10.799595985047786,59.6,381.0,201.0,552609830.4647126,440478792.2299133,0,0,0,0,0,0,1,0,0,0,0,0,0,0,0,0,0,0,0,0,0,0,0,0,0,0,0,1,0,0,0,0,0,0,0,0,0,1,0,0,1,0,0,1,0,0
0,2.0,1,9.472781556562168,18.6,215.0,43.0,419416686.5162208,398423277.10427874,0,0,0,0,0,0,1,0,0,0,0,0,0,0,0,0,0,0,0,0,0,0,0,0,0,1,0,0,0,0,0,0,0,0,0,0,0,1,0,1,0,0,0,1,0,0
0,2.0,0,10.275085591132715,59.6,381.0,201.0,487072019.5052047,449749632.60953945,0,0,0,0,0,0,1,0,0,0,0,0,0,0,0,0,0,0,0,0,0,0,0,0,0,0,0,1,0,0,0,0,0,0,0,0,0,1,0,0,1,0,0,1,0,0
0,4.0,0,10.87806606028079,82.0,420.0,349.0,494128406.1750502,540400582.4254135,0,0,0,0,0,0,1,0,0,0,0,0,0,0,0,0,0,0,0,0,0,0,0,0,0,0,0,0,0,1,0,0,0,0,0,0,0,1,0,0,0,1,0,1,0,0
0,0.0,1,0.0,37.2,326.4,134.0,340459040.58065116,353793503.5971252,0,0,0,0,0,0,1,0,0,0,0,0,0,0,0,0,0,0,0,0,0,0,0,0,0,0,1,0,0,0,0,0,0,0,0,1,0,0,0,0,1,0,0,1,0,0
0,2.0,0,9.105090961257085,92.0,480.0,402.0,416377924.0173022,485779374.2199944,0,0,0,0,0,0,1,0,0,0,0,0,0,0,0,0,0,0,0,0,0,0,0,0,0,0,0,0,0,0,1,0,0,0,0,0,0,1,0,0,0,1,0,0,0,1
0,2.0,0,11.06665398721974,59.6,381.0,201.0,469618952.1613952,454252895.7794741,0,0,0,0,0,0,1,0,0,0,0,0,0,0,0,0,0,0,0,0,0,0,0,0,0,0,0,1,0,0,0,0,0,0,0,0,0,1,0,0,0,1,0,0,0,1
0,0.0,1,0.0,75.3,450.0,201.0,482930526.7803994,580506113.6996286,0,0,0,0,0,0,1,0,0,0,0,0,0,0,0,0,0,0,0,0,0,0,0,0,0,0,0,0,1,0,0,0,0,0,0,0,1,0,0,0,0,1,0,1,0,0
0,4.0,1,10.373522431293592,82.0,420.0,349.0,474412121.3297036,540226971.3143023,0,0,0,0,0,0,1,0,0,0,0,0,0,0,0,0,0,0,0,0,0,0,0,0,0,0,0,0,0,1,0,0,0,0,0,0,0,1,0,0,1,0,0,1,0,0
1,1.0,1,9.61587214452889,37.2,326.4,134.0,343332508.89493686,478727072.1050799,0,0,0,0,0,0,1,0,0,0,0,0,0,0,0,0,0,0,0,0,0,0,0,0,0,0,1,0,0,0,0,0,0,0,0,0,0,1,0,0,0,1,0,0,0,1
0,0.0,1,0.0,37.2,326.4,134.0,343332507.9479981,357538181.8152102,0,0,0,0,0,0,1,0,0,0,0,0,0,0,0,0,0,0,0,0,0,0,0,0,0,0,1,0,0,0,0,0,0,0,0,0,0,1,0,0,0,1,0,0,0,1
0,2.0,0,5.707110264748875,92.0,480.0,402.0,573285408.0398875,485779373.31637996,0,0,0,0,0,0,1,0,0,0,0,0,0,0,0,0,0,0,0,0,0,0,0,0,0,0,0,0,0,0,1,0,0,0,0,0,0,1,0,0,0,1,0,0,0,1
0,0.0,0,8.699681400989514,92.0,480.0,402.0,673401773.6733214,853461726.503415,0,0,0,0,0,0,1,0,0,0,0,0,0,0,0,0,0,0,0,0,0,0,0,0,0,0,0,0,0,0,1,0,0,0,0,0,0,1,0,0,1,0,0,1,0,0
0,3.0,0,10.275085591132715,82.0,420.0,349.0,751638029.0879651,549144586.2964401,0,0,0,0,0,0,1,0,0,0,0,0,0,0,0,0,0,0,0,0,0,0,0,0,0,0,0,0,0,1,0,0,0,0,0,0,0,1,0,0,0,1,0,0,0,1
0,3.0,0,10.933124826700707,82.0,420.0,349.0,742513033.8535901,546885399.8554343,0,0,0,0,0,0,1,0,0,0,0,0,0,0,0,0,0,0,0,0,0,0,0,0,0,0,0,0,0,1,0,0,0,0,0,0,0,1,0,1,0,0,0,1,0,0
1,2.0,0,8.517393171418904,92.0,480.0,402.0,569768931.4739535,478068545.1838498,0,0,0,0,0,0,1,0,0,0,0,0,0,0,0,0,0,0,0,0,0,0,0,0,0,0,0,0,0,0,1,0,0,0,0,0,0,1,0,1,0,0,0,1,0,0
0,0.0,1,0.0,18.6,215.0,43.0,302516401.732044,335784758.4595505,0,0,0,0,0,0,1,0,0,0,0,0,0,0,0,0,0,0,0,0,0,0,0,0,0,1,0,0,0,0,0,0,0,1,0,0,0,0,0,0,0,1,0,1,0,0
0,0.0,1,0.0,18.6,215.0,43.0,302925283.52118134,337214702.5936287,0,0,0,0,0,0,1,0,0,0,0,0,0,0,0,0,0,0,0,0,0,0,0,0,0,1,0,0,0,0,0,0,0,0,0,0,1,0,0,0,0,1,0,1,0,0
0,0.0,1,0.0,14.7,170.0,27.0,315592585.7366407,333791626.4537208,0,0,0,0,0,0,1,0,0,0,0,0,0,0,0,0,0,0,0,1,0,0,0,0,0,0,0,0,0,0,0,0,0,0,0,0,0,1,0,0,0,1,0,0,1,0
0,2.0,0,9.210440366976517,37.2,326.4,134.0,475073123.27822024,395357439.3597449,0,0,0,0,0,0,1,0,0,0,0,0,0,0,0,0,0,0,0,0,0,0,0,0,0,0,1,0,0,0,0,0,0,0,0,0,0,0,1,0,0,1,0,0,0,1
0,1.0,1,0.0,18.6,215.0,43.0,302966816.6681462,395068965.04944074,0,0,0,0,0,0,1,0,0,0,0,0,0,0,0,0,0,0,0,0,0,0,0,0,0,1,0,0,0,0,0,0,0,0,0,0,0,1,0,0,0,1,0,0,0,1
0,1.0,1,10.491301994830229,37.2,326.4,134.0,473446231.60576904,476284076.2190864,0,0,0,0,0,0,1,0,0,0,0,0,0,0,0,0,0,0,0,0,0,0,0,0,0,0,1,0,0,0,0,0,0,0,0,0,0,1,0,0,1,0,0,1,0,0
0,0.0,1,0.0,92.0,480.0,402.0,599797303.4321012,842882779.1349939,0,0,0,0,0,0,1,0,0,0,0,0,0,0,0,0,0,0,0,0,0,0,0,0,0,0,0,0,0,0,1,0,0,0,0,0,1,0,0,0,0,1,0,1,0,0
0,1.0,1,0.0,75.3,450.0,201.0,626390194.7407442,562347793.9525125,0,0,0,0,0,0,1,0,0,0,0,0,0,0,0,0,0,0,0,0,0,0,0,0,0,0,0,0,1,0,0,0,0,0,0,1,0,0,0,0,1,0,0,1,0,0
0,2.0,0,9.87822102528824,18.6,215.0,43.0,640419416.6679205,398139144.2629503,0,0,0,0,0,0,1,0,0,0,0,0,0,0,0,0,0,0,0,0,0,0,0,0,0,1,0,0,0,0,0,0,0,0,0,0,0,1,0,1,0,0,0,1,0,0
0,3.0,0,8.853808274977197,82.0,420.0,349.0,469506755.1703813,549144586.1707147,0,0,0,0,0,0,1,0,0,0,0,0,0,0,0,0,0,0,0,0,0,0,0,0,0,0,0,0,0,1,0,0,0,0,0,0,0,1,0,0,0,1,0,0,0,1
0,2.0,0,0.0,18.6,215.0,43.0,301736785.11862546,399652059.3921016,0,0,0,0,0,0,1,0,0,0,0,0,0,0,0,0,0,0,0,0,0,0,0,0,0,1,0,0,0,0,0,0,0,0,0,0,0,1,0,1,0,0,0,1,0,0
0,2.0,1,0.0,82.0,420.0,349.0,742611443.7439235,556870748.9428699,0,0,0,0,0,0,1,0,0,0,0,0,0,0,0,0,0,0,0,0,0,0,0,0,0,0,0,0,0,1,0,0,0,0,0,1,0,0,0,0,1,0,0,1,0,0
0,1.0,1,0.0,37.2,326.4,134.0,339989652.8255491,476059320.5187607,0,0,0,0,0,0,1,0,0,0,0,0,0,0,0,0,0,0,0,0,0,0,0,0,0,0,1,0,0,0,0,0,0,0,0,1,0,0,0,0,1,0,0,1,0,0
0,1.0,0,0.0,18.6,215.0,43.0,302559468.8246957,394475942.3750221,0,0,0,0,0,0,1,0,0,0,0,0,0,0,0,0,0,0,0,0,0,0,0,0,0,1,0,0,0,0,0,0,0,0,0,0,1,0,0,0,0,1,0,0,0,1
0,3.0,0,10.70027376785556,82.0,420.0,349.0,493641564.069787,547660061.3641384,0,0,0,0,0,0,1,0,0,0,0,0,0,0,0,0,0,0,0,0,0,0,0,0,0,0,0,0,0,1,0,0,0,0,0,0,0,1,0,0,0,1,0,1,0,0
0,0.0,1,0.0,92.0,480.0,402.0,599437654.3092941,842343305.4507834,0,0,0,0,0,0,1,0,0,0,0,0,0,0,0,0,0,0,0,0,0,0,0,0,0,0,0,0,0,0,1,0,0,0,0,0,1,0,0,0,0,1,0,1,0,0
0,1.0,1,0.0,37.2,326.4,134.0,474107836.8118428,477277561.5611059,0,0,0,0,0,0,1,0,0,0,0,0,0,0,0,0,0,0,0,0,0,0,0,0,0,0,1,0,0,0,0,0,0,0,0,0,1,0,0,0,0,1,0,1,0,0
0,3.0,0,10.043292972227004,82.0,420.0,349.0,749856783.8535901,548703581.673616,0,0,0,0,0,0,1,0,0,0,0,0,0,0,0,0,0,0,0,0,0,0,0,0,0,0,0,0,0,1,0,0,0,0,1,0,0,0,0,0,0,0,1,1,0,0
0,2.0,1,9.852246888342531,18.6,215.0,43.0,643008788.6485968,400117004.04154813,0,0,0,0,0,0,1,0,0,0,0,0,0,0,0,0,0,0,0,0,0,0,0,0,0,1,0,0,0,0,0,0,0,0,0,0,0,1,0,0,1,0,0,1,0,0
0,1.0,0,10.518700218288165,92.0,480.0,402.0,610577994.7478907,669775141.5748678,0,0,0,0,0,0,1,0,0,0,0,0,0,0,0,0,0,0,0,0,0,0,0,0,0,0,0,0,0,0,1,0,0,0,0,0,0,1,0,0,0,1,0,0,0,1
0,3.0,0,10.933124826700707,60.1,450.0,204.0,466677455.2451907,388245723.48734385,0,0,0,0,0,0,1,0,0,0,0,0,0,0,1,0,0,0,0,0,0,0,0,0,0,0,0,0,0,0,0,0,0,0,0,0,0,1,0,1,0,0,0,1,0,0
0,2.0,1,8.665785595466064,18.6,215.0,43.0,484666533.0259533,400888221.75372523,0,0,0,0,0,0,1,0,0,0,0,0,0,0,0,0,0,0,0,0,0,0,0,0,0,1,0,0,0,0,0,0,0,0,0,0,0,1,0,0,1,0,0,1,0,0
0,1.0,0,10.596659732783579,37.2,326.4,134.0,474086144.83787316,477244988.27120364,0,0,0,0,0,0,1,0,0,0,0,0,0,0,0,0,0,0,0,0,0,0,0,0,0,0,1,0,0,0,0,0,0,0,0,0,0,1,0,0,0,1,0,0,1,0
1,0.0,1,0.0,60.1,450.0,204.0,484820410.0199641,477126481.9139158,0,0,0,0,0,0,1,0,0,0,0,0,0,0,1,0,0,0,0,0,0,0,0,0,0,0,0,0,0,0,0,0,0,0,0,0,0,1,0,0,1,0,0,1,0,0
0,3.0,0,9.741027444837728,60.1,450.0,204.0,372291934.6645238,418719383.11892277,0,0,0,0,0,0,1,0,0,0,0,0,0,0,1,0,0,0,0,0,0,0,0,0,0,0,0,0,0,0,0,0,0,0,0,0,0,1,0,0,0,1,0,0,0,1
0,0.0,1,0.0,75.3,450.0,201.0,484666533.0259533,581127774.2500875,0,0,0,0,0,0,1,0,0,0,0,0,0,0,0,0,0,0,0,0,0,0,0,0,0,0,0,0,1,0,0,0,0,0,0,0,1,0,0,0,0,1,0,1,0,0
0,1.0,0,10.165890277802454,18.6,215.0,43.0,302671289.91095763,394638733.07269657,0,0,0,0,0,0,1,0,0,0,0,0,0,0,0,0,0,0,0,0,0,0,0,0,0,1,0,0,0,0,0,0,0,1,0,0,0,0,0,0,0,1,0,1,0,0
0,4.0,1,8.03947991910045,59.6,381.0,201.0,602036962.7921963,633229083.1412208,0,0,0,1,0,0,0,0,0,0,0,1,0,0,0,0,0,0,0,0,0,0,0,0,0,0,0,0,0,0,0,0,0,0,1,0,0,0,0,0,0,0,1,1,0,0
0,5.0,0,9.952325334619427,59.6,381.0,201.0,528148073.9033074,724777688.6839689,0,0,0,0,0,1,0,0,0,0,0,0,0,0,0,0,0,0,0,0,1,0,0,0,0,0,0,0,0,0,0,0,0,0,0,0,0,1,0,1,0,0,0,1,0,0
0,0.0,1,0.0,59.6,381.0,201.0,752622755.1861418,554507984.784987,0,0,0,0,0,0,1,0,0,0,0,0,0,0,0,0,0,1,0,0,0,0,0,0,0,0,0,0,0,0,0,0,0,0,0,1,0,0,0,0,0,1,0,1,0,0
0,0.0,1,0.0,59.6,381.0,201.0,753033011.5963982,554952429.2294316,0,0,0,0,0,0,1,0,0,0,0,0,0,0,0,0,0,1,0,0,0,0,0,0,0,0,0,0,0,0,0,0,0,0,0,1,0,0,0,0,0,1,0,1,0,0
0,1.0,1,0.0,37.2,326.4,134.0,473990700.15240675,477101665.7956336,0,0,0,0,0,0,1,0,0,0,0,0,0,0,0,0,0,0,0,0,0,0,0,0,0,0,1,0,0,0,0,0,0,0,1,0,0,0,0,0,0,0,1,0,1,0
0,2.0,0,8.987321812850125,18.6,215.0,43.0,302966815.87741137,402493385.05630827,0,0,0,0,0,0,1,0,0,0,0,0,0,0,0,0,0,0,0,0,0,0,0,0,0,1,0,0,0,0,0,0,0,0,0,0,0,1,0,0,0,1,0,0,0,1
0,3.0,1,0.0,82.0,420.0,349.0,746583346.3535901,547893136.7993414,0,0,0,0,0,0,1,0,0,0,0,0,0,0,0,0,0,0,0,0,0,0,0,0,0,0,0,0,0,1,0,0,0,0,0,0,0,1,0,0,1,0,0,1,0,0
0,0.0,1,0.0,17.0,150.0,41.0,484666533.0259533,484666533.0259533,0,0,0,0,0,0,1,0,0,0,0,0,0,0,0,0,0,0,0,1,0,0,0,0,0,0,0,0,0,0,0,0,0,0,1,0,0,0,0,0,0,1,0,0,0,1
1,1.0,1,0.0,18.6,215.0,43.0,641868692.0302392,393022454.0029291,0,0,0,0,0,0,1,0,0,0,0,0,0,0,0,0,0,0,0,0,0,0,0,0,0,1,0,0,0,0,0,0,0,0,0,0,0,1,0,1,0,0,0,1,0,0
0,3.0,0,10.668978650219241,82.0,420.0,349.0,483144532.7405066,547926018.8109468,0,0,0,0,0,0,1,0,0,0,0,0,0,0,0,0,0,0,0,0,0,0,0,0,0,0,0,0,0,1,0,0,0,0,0,0,0,1,0,0,0,1,0,1,0,0
0,0.0,0,9.90353755128617,59.6,381.0,201.0,499151393.6599575,499151393.6599575,0,0,0,0,0,0,1,0,0,0,0,0,0,0,0,0,0,0,0,1,0,0,0,0,0,0,0,0,0,0,0,0,0,0,0,1,0,0,0,0,0,1,0,0,0,1
0,0.0,1,0.0,18.6,215.0,43.0,302966815.74482346,337359949.3645784,0,0,0,0,0,0,1,0,0,0,0,0,0,0,0,0,0,0,0,0,0,0,0,0,0,1,0,0,0,0,0,0,0,0,0,0,0,1,0,0,0,1,0,0,0,1
0,2.0,0,9.61587214452889,37.2,326.4,134.0,474324756.55153906,393901755.5580571,0,0,0,0,0,0,1,0,0,0,0,0,0,0,0,0,0,0,0,0,0,0,0,0,0,0,1,0,0,0,0,0,0,0,0,0,1,0,0,0,0,1,0,1,0,0
1,0.0,1,0.0,60.1,450.0,204.0,682784924.6816055,477930535.96796983,0,0,0,0,0,0,1,0,0,0,0,0,0,0,1,0,0,0,0,0,0,0,0,0,0,0,0,0,0,0,0,0,0,0,0,0,0,1,0,0,1,0,0,1,0,0
0,2.0,1,0.0,18.6,215.0,43.0,643419416.6679205,400430657.1780795,0,0,0,0,0,0,1,0,0,0,0,0,0,0,0,0,0,0,0,0,0,0,0,0,0,1,0,0,0,0,0,0,0,0,0,0,0,1,0,0,1,0,0,1,0,0
0,0.0,1,0.0,92.0,480.0,402.0,598578005.1864872,841053831.7665728,0,0,0,0,0,0,1,0,0,0,0,0,0,0,0,0,0,0,0,0,0,0,0,0,0,0,0,0,0,0,1,0,0,0,0,0,0,1,0,0,0,1,0,1,0,0
0,2.0,1,10.463131911491967,92.0,480.0,402.0,484666533.0259533,480550472.8946932,0,0,0,0,0,0,1,0,0,0,0,0,0,0,0,0,0,0,0,0,0,0,0,0,0,0,0,0,0,0,1,0,0,0,0,0,0,1,0,0,1,0,0,1,0,0
0,0.0,0,9.392745258631441,59.6,381.0,201.0,398143337.1268023,494626515.93328905,0,0,0,0,0,0,1,0,0,0,0,0,0,0,0,0,0,0,0,0,0,0,0,0,0,0,0,1,0,0,0,0,0,0,0,0,1,0,0,0,0,1,0,1,0,0
0,1.0,0,0.0,18.6,215.0,43.0,642902508.45536,393520128.42153376,0,0,0,0,0,0,1,0,0,0,0,0,0,0,0,0,0,0,0,0,0,0,0,0,0,1,0,0,0,0,0,0,0,0,0,1,0,0,0,0,1,0,0,1,0,0
0,0.0,1,0.0,92.0,480.0,402.0,501367478.8706977,695238042.2928886,0,0,0,0,0,0,1,0,0,0,0,0,0,0,0,0,0,0,0,0,0,0,0,0,0,0,0,0,0,0,1,0,0,0,0,0,1,0,0,0,0,1,0,1,0,0
0,3.0,0,10.596659732783579,82.0,420.0,349.0,484666533.0259533,547875728.6755503,0,0,0,0,0,0,1,0,0,0,0,0,0,0,0,0,0,0,0,0,0,0,0,0,0,0,0,0,0,1,0,0,0,0,0,0,0,1,0,0,0,1,0,1,0,0
0,2.0,0,9.378732023236639,75.3,450.0,201.0,502415597.64129204,398297002.085747,0,0,0,0,0,0,1,0,0,0,0,0,0,0,0,0,0,0,0,0,0,0,0,0,0,0,0,0,1,0,0,0,0,0,0,0,0,1,0,0,0,1,0,0,0,1
0,2.0,1,0.0,37.2,326.4,134.0,475073129.0396085,395357450.56649595,0,0,0,0,0,0,1,0,0,0,0,0,0,0,0,0,0,0,0,0,0,0,0,0,0,0,1,0,0,0,0,0,0,0,0,0,0,1,0,0,0,1,0,0,0,1
0,2.0,0,9.852246888342531,59.6,381.0,201.0,486923259.1746262,449514338.4918924,0,0,0,0,0,0,1,0,0,0,0,0,0,0,0,0,0,0,0,0,0,0,0,0,0,0,0,1,0,0,0,0,0,0,0,0,0,1,0,1,0,0,0,1,0,0
0,0.0,1,2.3978952727983707,37.2,326.0,136.0,484666533.0259533,327486057.6521262,0,0,0,0,0,0,1,0,0,0,0,0,1,0,0,0,0,0,0,0,0,0,0,0,0,0,0,0,0,0,0,0,0,0,0,1,0,0,0,0,1,0,0,1,0,0
0,0.0,1,0.0,18.6,215.0,43.0,488888842.5216277,405615431.2328238,0,0,0,0,0,0,1,0,0,0,0,0,0,0,0,0,0,0,0,1,0,0,0,0,0,0,0,0,0,0,0,0,0,0,0,0,0,1,0,0,1,0,0,1,0,0
0,1.0,0,8.47345026846832,82.0,420.0,349.0,477843491.62382126,667988747.2827994,0,0,0,0,0,0,1,0,0,0,0,0,0,0,0,0,0,0,0,0,0,0,0,0,0,0,0,0,0,1,0,0,0,0,0,0,0,1,0,0,0,1,0,0,0,1
0,3.0,0,10.968215530759236,82.0,420.0,349.0,497681033.2803134,549144585.8322234,0,0,0,0,0,0,1,0,0,0,0,0,0,0,0,0,0,0,0,0,0,0,0,0,0,0,0,0,0,1,0,0,0,0,0,0,0,1,0,0,0,1,0,0,0,1
0,1.0,1,0.0,82.0,420.0,349.0,499605939.11450297,667988742.0585003,0,0,0,0,0,0,1,0,0,0,0,0,0,0,0,0,0,0,0,0,0,0,0,0,0,0,0,0,0,1,0,0,0,0,0,0,0,1,0,0,0,1,0,0,0,1
0,3.0,1,10.518700218288165,82.0,420.0,349.0,746723971.3535901,547927953.0469236,0,0,0,0,0,0,1,0,0,0,0,0,0,0,0,0,0,0,0,0,0,0,0,0,0,0,0,0,0,1,0,0,0,0,0,0,0,1,0,0,1,0,0,1,0,0
0,3.0,0,10.87806606028079,42.0,318.6,147.0,325365520.18163747,370133534.4129766,0,0,0,0,0,0,1,0,0,0,0,0,0,0,0,0,0,0,0,0,0,0,0,0,1,0,0,0,0,0,0,0,0,0,0,0,1,0,0,0,0,1,0,0,0,1
0,2.0,1,8.824824939175638,18.6,215.0,43.0,488354143.4537208,402493385.2629503,0,0,0,0,0,0,1,0,0,0,0,0,0,0,0,0,0,0,0,0,0,0,0,0,0,1,0,0,0,0,0,0,0,0,0,1,0,0,0,0,0,1,0,0,0,1
0,3.0,0,9.105090961257085,59.6,381.0,201.0,484666533.0259533,895472110.854961,0,0,0,1,0,0,0,0,0,0,0,0,0,0,0,0,0,0,0,1,0,0,0,0,0,0,0,0,0,0,0,0,0,0,0,0,0,1,0,0,0,1,0,0,0,1
0,1.0,0,9.61587214452889,59.6,381.0,201.0,428904718.9471095,439631334.60279465,0,0,0,0,0,0,1,0,0,0,0,0,0,0,0,0,0,0,0,0,0,0,0,0,0,0,0,1,0,0,0,0,0,0,0,0,1,0,0,0,0,1,0,0,0,1
0,0.0,1,0.0,75.3,450.0,201.0,483996587.38645995,581474370.5803627,0,0,0,0,0,0,1,0,0,0,0,0,0,0,0,0,0,0,0,0,0,0,0,0,0,0,0,0,1,0,0,0,0,0,0,0,1,0,0,0,0,1,0,1,0,0
0,3.0,0,8.517393171418904,59.6,381.0,201.0,343458725.8103813,403888891.6882944,0,0,0,0,0,0,1,0,0,1,0,0,0,0,0,0,0,0,0,0,0,0,0,0,0,0,0,0,0,0,0,0,0,0,0,0,0,1,0,1,0,0,0,1,0,0
0,1.0,1,0.0,37.2,326.4,134.0,475073129.00490135,478727071.98781604,0,0,0,0,0,0,1,0,0,0,0,0,0,0,0,0,0,0,0,0,0,0,0,0,0,0,1,0,0,0,0,0,0,0,0,0,0,1,0,0,0,1,0,0,0,1
0,0.0,0,9.90353755128617,75.3,450.0,201.0,483481435.87130845,581006480.6721058,0,0,0,0,0,0,1,0,0,0,0,0,0,0,0,0,0,0,0,0,0,0,0,0,0,0,0,0,1,0,0,0,0,0,0,0,0,1,0,0,0,1,0,1,0,0
0,3.0,1,0.0,82.0,420.0,349.0,745402854.7868683,548699713.2016625,0,0,0,0,0,0,1,0,0,0,0,0,0,0,0,0,0,0,0,0,0,0,0,0,0,0,0,0,0,1,0,0,0,0,1,0,0,0,0,0,0,0,1,1,0,0
0,1.0,0,8.699681400989514,60.1,450.0,204.0,368581410.8066291,455701600.8442434,0,0,0,0,0,0,1,0,0,0,0,0,0,0,1,0,0,0,0,0,0,0,0,0,0,0,0,0,0,0,0,0,0,0,0,0,1,0,0,0,0,1,0,1,0,0
0,2.0,0,9.105090961257085,18.6,215.0,43.0,302966816.68412066,402493386.9197769,0,0,0,0,0,0,1,0,0,0,0,0,0,0,0,0,0,0,0,0,0,0,0,0,0,1,0,0,0,0,0,0,0,0,0,0,0,1,0,0,0,1,0,0,0,1
0,1.0,1,0.0,59.6,381.0,201.0,454811855.01853806,442046586.7977099,0,0,0,0,0,0,1,0,0,0,0,0,0,0,0,0,0,0,0,0,0,0,0,0,0,0,0,1,0,0,0,0,0,0,0,0,0,1,0,0,0,1,0,0,0,1
0,0.0,1,0.0,59.6,381.0,201.0,752923011.5963982,554833262.5627649,0,0,0,0,0,0,1,0,0,0,0,0,0,0,0,0,0,1,0,0,0,0,0,0,0,0,0,0,0,0,0,0,0,0,0,1,0,0,0,0,0,1,0,1,0,0
0,2.0,1,0.0,82.0,420.0,349.0,746716158.8535901,557163302.1343592,0,0,0,0,0,0,1,0,0,0,0,0,0,0,0,0,0,0,0,0,0,0,0,0,0,0,0,0,0,1,0,0,0,0,0,0,0,1,0,0,1,0,0,1,0,0
0,1.0,1,0.0,75.3,450.0,201.0,483804668.1945408,562568652.848218,0,0,0,0,0,0,1,0,0,0,0,0,0,0,0,0,0,0,0,0,0,0,0,0,0,0,0,0,1,0,0,0,0,0,0,0,1,0,0,0,0,1,0,1,0,0
0,3.0,0,10.404293143019792,82.0,420.0,349.0,745280155.4003652,548661028.4821267,0,0,0,0,0,0,1,0,0,0,0,0,0,0,0,0,0,0,0,0,0,0,0,0,0,0,0,0,0,1,0,0,0,0,1,0,0,0,0,0,0,0,1,1,0,0
1,2.0,0,11.289794413577894,18.6,215.0,43.0,302072248.37741137,400426967.1411791,0,0,0,0,0,0,1,0,0,0,0,0,0,0,0,0,0,0,0,0,0,0,0,0,0,1,0,0,0,0,0,0,0,0,0,0,0,1,0,0,1,0,0,1,0,0
0,1.0,1,0.0,60.1,450.0,204.0,680849440.8106377,455400230.9812297,0,0,0,0,0,0,1,0,0,0,0,0,0,0,1,0,0,0,0,0,0,0,0,0,0,0,0,0,0,0,0,0,0,0,0,0,0,1,0,0,1,0,0,1,0,0
0,1.0,0,8.853808274977197,82.0,420.0,349.0,493112616.701366,659876602.0491545,0,0,0,0,0,0,1,0,0,0,0,0,0,0,0,0,0,0,0,0,0,0,0,0,0,0,0,0,0,1,0,0,0,0,0,0,0,1,0,0,0,1,0,1,0,0
0,0.0,1,0.0,82.0,420.0,349.0,474028935.0551938,617487112.2710886,0,0,0,0,0,0,1,0,0,0,0,0,0,0,0,0,0,0,0,0,0,0,0,0,0,0,0,0,0,1,0,0,0,0,0,0,1,0,0,0,0,1,0,1,0,0
0,1.0,1,0.0,75.3,450.0,201.0,503758190.2338846,562893806.2224511,0,0,0,0,0,0,1,0,0,0,0,0,0,0,0,0,0,0,0,0,0,0,0,0,0,0,0,0,1,0,0,0,0,0,0,0,0,1,0,0,1,0,0,1,0,0
0,4.0,0,10.34177474101152,59.6,381.0,201.0,577314740.5699741,605416583.1412208,0,0,1,0,0,0,0,0,0,0,0,1,0,0,0,0,0,0,0,0,0,0,0,0,0,0,0,0,0,0,0,0,0,0,0,0,0,1,0,1,0,0,0,1,0,0
0,0.0,1,0.0,37.2,326.4,134.0,343332508.1765695,357538182.11308265,0,0,0,0,0,0,1,0,0,0,0,0,0,0,0,0,0,0,0,0,0,0,0,0,0,0,1,0,0,0,0,0,0,0,0,0,0,1,0,0,0,1,0,0,0,1
0,2.0,0,8.853808274977197,59.6,381.0,201.0,494242302.75086665,494242302.75086665,0,0,0,0,0,0,1,0,0,0,0,0,0,0,0,0,0,0,0,1,0,0,0,0,0,0,0,0,0,0,0,0,0,0,0,1,0,0,0,0,0,1,0,0,0,1
0,1.0,0,10.691967639914864,82.0,420.0,349.0,494154721.96452385,661727069.3388742,0,0,0,0,0,0,1,0,0,0,0,0,0,0,0,0,0,0,0,0,0,0,0,0,0,0,0,0,0,1,0,0,0,0,0,0,0,1,0,1,0,0,0,1,0,0
0,3.0,1,8.38958706681109,82.0,420.0,349.0,497681036.401366,549144586.9792254,0,0,0,0,0,0,1,0,0,0,0,0,0,0,0,0,0,0,0,0,0,0,0,0,0,0,0,0,0,1,0,0,0,0,0,0,0,1,0,0,0,1,0,0,0,1
0,3.0,1,10.933124826700707,82.0,420.0,349.0,745280155.4003652,548661028.4821267,0,0,0,0,0,0,1,0,0,0,0,0,0,0,0,0,0,0,0,0,0,0,0,0,0,0,0,0,0,1,0,0,0,0,1,0,0,0,0,0,0,0,1,1,0,0
0,0.0,0,10.757924157061597,92.0,480.0,402.0,667504337.7758855,850435410.7139412,0,0,0,0,0,0,1,0,0,0,0,0,0,0,0,0,0,0,0,0,0,0,0,0,0,0,0,0,0,0,1,0,0,0,0,0,0,1,0,0,1,0,0,1,0,0
0,2.0,1,0.0,59.6,381.0,201.0,637666715.4873438,449311724.11280745,0,0,0,0,0,0,1,0,0,0,0,0,0,0,0,0,0,0,0,0,0,0,0,0,0,0,0,1,0,0,0,0,0,0,0,1,0,0,0,0,1,0,0,0,1,0
0,0.0,1,0.0,75.3,450.0,201.0,483946082.3359549,581428499.0207297,0,0,0,0,0,0,1,0,0,0,0,0,0,0,0,0,0,0,0,0,0,0,0,0,0,0,0,0,1,0,0,0,0,0,1,0,0,0,0,0,0,1,0,1,0,0
0,0.0,1,0.0,59.6,381.0,201.0,402650279.6962468,498657570.1568915,0,0,0,0,0,0,1,0,0,0,0,0,0,0,0,0,0,0,0,0,0,0,0,0,0,0,0,1,0,0,0,0,0,0,0,0,0,1,0,0,0,1,0,0,0,1
0,0.0,1,0.0,59.6,381.0,201.0,487117680.6622295,494446702.2686928,0,0,0,0,0,0,1,0,0,0,0,0,0,0,0,0,0,0,0,0,0,0,0,0,0,0,0,1,0,0,0,0,0,0,0,0,0,1,0,0,0,1,0,1,0,0
0,1.0,0,7.244941546337007,18.6,215.0,43.0,302618574.25600564,394561988.88665,0,0,0,0,0,0,1,0,0,0,0,0,0,0,0,0,0,0,0,0,0,0,0,0,0,1,0,0,0,0,0,0,0,0,0,0,1,0,0,0,0,1,0,0,0,1
0,0.0,1,0.0,14.7,170.0,27.0,359154704.2019204,357017521.5869051,0,0,0,0,0,0,1,0,0,0,0,0,0,0,0,0,0,0,1,0,0,0,0,0,0,0,0,0,0,0,0,0,0,0,1,0,0,0,0,0,0,1,0,1,0,0
0,3.0,1,0.0,82.0,420.0,349.0,745255221.3535901,547564316.6832873,0,0,0,0,0,0,1,0,0,0,0,0,0,0,0,0,0,0,0,0,0,0,0,0,0,0,0,0,0,1,0,0,0,0,0,0,0,1,0,1,0,0,0,1,0,0
1,2.0,0,10.203629181337648,18.6,215.0,43.0,302655315.47006315,401773830.6098138,0,0,0,0,0,0,1,0,0,0,0,0,0,0,0,0,0,0,0,0,0,0,0,0,0,1,0,0,0,0,0,0,0,0,0,0,0,1,0,0,0,1,0,1,0,0
0,2.0,0,12.154784614286667,18.6,215.0,43.0,301712823.45728356,399596708.8385961,0,0,0,0,0,0,1,0,0,0,0,0,0,0,0,0,0,0,0,0,0,0,0,0,0,1,0,0,0,0,0,0,0,0,0,0,0,1,0,1,0,0,0,1,0,0
0,1.0,0,6.2166061010848646,75.3,450.0,201.0,490552132.436965,566666805.9770523,0,0,0,0,0,0,1,0,0,0,0,0,0,0,0,0,0,0,0,0,0,0,0,0,0,0,0,0,1,0,0,0,0,0,0,0,0,1,0,0,0,1,0,0,0,1
1,1.0,1,9.90353755128617,18.6,215.0,43.0,302121769.1441845,393838733.07269657,0,0,0,0,0,0,1,0,0,0,0,0,0,0,0,0,0,0,0,0,0,0,0,0,0,1,0,0,0,0,0,0,0,0,0,0,0,1,0,0,1,0,0,1,0,0
0,0.0,1,0.0,37.2,326.4,134.0,471886578.67735255,349724354.660955,0,0,0,0,0,0,1,0,0,0,0,0,0,0,0,0,0,0,0,0,0,0,0,0,0,0,1,0,0,0,0,0,0,0,0,0,0,0,1,1,0,0,0,0,1,0
0,1.0,1,0.0,82.0,420.0,349.0,440606031.75086665,661923331.0211172,0,0,0,0,0,0,1,0,0,0,0,0,0,0,0,0,0,0,0,0,0,0,0,0,0,0,0,0,0,1,0,0,0,0,0,0,0,1,0,0,1,0,0,1,0,0
0,0.0,1,0.0,82.0,420.0,349.0,559803891.721149,616900305.5483994,0,0,0,0,0,0,1,0,0,0,0,0,0,0,0,0,0,0,0,0,0,0,0,0,0,0,0,0,0,1,0,0,0,0,0,0,0,1,0,0,0,1,0,1,0,0
0,3.0,0,11.289794413577894,82.0,420.0,349.0,487157268.0908251,549144586.4124942,0,0,0,0,0,0,1,0,0,0,0,0,0,0,0,0,0,0,0,0,0,0,0,0,0,0,0,0,0,1,0,0,0,0,0,0,0,1,0,0,0,1,0,0,0,1
0,1.0,1,0.0,59.6,381.0,201.0,484666533.0259533,484666533.0259533,0,0,0,0,1,0,0,0,0,0,0,0,0,0,0,0,0,0,0,1,0,0,0,0,0,0,0,0,0,0,0,0,0,0,0,0,0,1,0,0,1,0,0,1,0,0
0,1.0,0,10.736418414365376,18.6,215.0,43.0,301928478.40936023,393557337.72385937,0,0,0,0,0,0,1,0,0,0,0,0,0,0,0,0,0,0,0,0,0,0,0,0,0,1,0,0,0,0,0,0,0,0,0,0,0,1,0,1,0,0,0,1,0,0
0,1.0,1,0.0,18.6,215.0,43.0,640419416.6679205,392324779.5843245,0,0,0,0,0,0,1,0,0,0,0,0,0,0,0,0,0,0,0,0,0,0,0,0,0,1,0,0,0,0,0,0,0,0,0,0,0,1,0,1,0,0,0,1,0,0
0,1.0,1,0.0,37.2,326.4,134.0,423686242.01526666,476723815.6327672,0,0,0,0,0,0,1,0,0,0,0,0,0,0,0,0,0,0,0,0,0,0,0,0,0,0,1,0,0,0,0,0,0,0,0,0,0,1,0,0,1,0,0,1,0,0
0,2.0,1,0.0,92.0,480.0,402.0,650085240.2385938,480490231.9308378,0,0,0,0,0,0,1,0,0,0,0,0,0,0,0,0,0,0,0,0,0,0,0,0,0,0,0,0,0,0,1,0,0,0,0,0,0,1,0,0,1,0,0,1,0,0
0,2.0,1,9.210440366976517,18.6,215.0,43.0,302559468.8246957,401552428.39579165,0,0,0,0,0,0,1,0,0,0,0,0,0,0,0,0,0,0,0,0,0,0,0,0,0,1,0,0,0,0,0,0,0,0,1,0,0,0,0,0,0,0,1,1,0,0
0,0.0,1,0.0,18.6,215.0,43.0,414128256.0968872,337359952.5377627,0,0,0,0,0,0,1,0,0,0,0,0,0,0,0,0,0,0,0,0,0,0,0,0,0,1,0,0,0,0,0,0,0,0,0,0,0,1,0,0,0,1,0,0,0,1
0,3.0,1,0.0,82.0,420.0,349.0,740044283.8535901,546274181.2867689,0,0,0,0,0,0,1,0,0,0,0,0,0,0,0,0,0,0,0,0,0,0,0,0,0,0,0,0,0,1,0,0,0,0,0,0,0,0,1,1,0,0,0,0,1,0
0,1.0,1,8.853808274977197,59.6,381.0,201.0,488617474.05065924,440711843.07737094,0,0,0,0,0,0,1,0,0,0,0,0,0,0,0,0,0,0,0,0,0,0,0,0,0,0,0,1,0,0,0,0,0,0,1,0,0,0,0,0,0,0,1,1,0,0
0,2.0,0,8.94910546953925,92.0,480.0,402.0,566719480.9245028,471381798.19589806,0,0,0,0,0,0,1,0,0,0,0,0,0,0,0,0,0,0,0,0,0,0,0,0,0,0,0,0,0,0,1,0,0,0,0,0,0,1,0,0,0,1,0,0,1,0
0,1.0,1,0.0,92.0,480.0,402.0,650085240.2385938,666023014.9936713,0,0,0,0,0,0,1,0,0,0,0,0,0,0,0,0,0,0,0,0,0,0,0,0,0,0,0,0,0,0,1,0,0,0,0,0,0,1,0,0,1,0,0,1,0,0
0,1.0,1,0.0,18.6,215.0,43.0,1030476095.0185381,393908500.514557,0,0,0,0,0,0,1,0,0,0,0,0,0,0,0,0,0,0,0,0,0,0,0,0,0,1,0,0,0,0,0,0,0,0,1,0,0,0,0,0,0,0,1,0,1,0
0,3.0,0,10.915106645867503,82.0,420.0,349.0,494281037.75399756,547895071.0353183,0,0,0,0,0,0,1,0,0,0,0,0,0,0,0,0,0,0,0,0,0,0,0,0,0,0,0,0,0,1,0,0,0,0,0,0,0,1,0,0,0,1,0,1,0,0
0,2.0,0,8.188966863648876,18.6,215.0,43.0,302966816.6905104,402493386.93453705,0,0,0,0,0,0,1,0,0,0,0,0,0,0,0,0,0,0,0,0,0,0,0,0,0,1,0,0,0,0,0,0,0,0,0,0,0,1,0,0,0,1,0,0,0,1
0,3.0,1,0.0,82.0,420.0,349.0,745175860.9218377,548628146.4705213,0,0,0,0,0,0,1,0,0,0,0,0,0,0,0,0,0,0,0,0,0,0,0,0,0,0,0,0,0,1,0,0,0,0,1,0,0,0,0,0,0,0,1,1,0,0
0,1.0,0,9.546884034617925,59.6,381.0,201.0,403888876.6882944,442046586.4036421,0,0,0,0,0,0,1,0,0,0,0,0,0,0,0,0,0,0,0,0,0,0,0,0,0,0,0,1,0,0,0,0,0,0,0,0,0,1,0,0,0,1,0,0,0,1
0,0.0,0,9.90353755128617,59.6,381.0,201.0,753648396.2117829,555619095.8960981,0,0,0,0,0,0,1,0,0,0,0,0,0,0,0,0,0,1,0,0,0,0,0,0,0,0,0,0,0,0,0,0,0,0,0,0,0,1,0,0,0,1,0,1,0,0
0,1.0,1,0.0,37.2,326.4,134.0,473925624.2304979,477003945.9259268,0,0,0,0,0,0,0,1,0,0,0,0,0,0,0,0,0,0,0,0,0,0,0,0,0,0,1,0,0,0,0,0,0,0,0,0,1,0,0,0,0,1,0,1,0,0
0,0.0,1,0.0,75.3,450.0,201.0,534648111.56997406,580694554.0666013,0,0,0,0,0,0,1,0,0,0,0,0,0,0,0,0,0,0,0,0,0,0,0,0,0,0,0,0,1,0,0,0,0,0,0,0,0,1,0,0,0,1,0,1,0,0
0,3.0,0,0.0,37.2,326.4,134.0,340516183.437794,433995793.7306432,0,0,0,0,0,0,1,0,0,0,0,0,0,0,0,0,0,0,0,0,0,0,0,0,0,0,1,0,0,0,0,0,0,0,0,0,0,1,0,1,0,0,0,1,0,0
0,1.0,1,0.0,18.6,215.0,43.0,302966816.6090408,395068964.9633942,0,0,0,0,0,0,1,0,0,0,0,0,0,0,0,0,0,0,0,0,0,0,0,0,0,1,0,0,0,0,0,0,0,0,0,0,0,1,0,0,0,1,0,0,0,1
0,1.0,1,0.0,60.1,450.0,204.0,684881698.8751538,457112559.748353,0,0,0,0,0,0,1,0,0,0,0,0,0,0,1,0,0,0,0,0,0,0,0,0,0,0,0,0,0,0,0,0,0,0,1,0,0,0,0,0,0,0,1,0,1,0
0,3.0,1,10.859018228147887,82.0,420.0,349.0,740700533.8535901,546436657.1088192,0,0,0,0,0,0,1,0,0,0,0,0,0,0,0,0,0,0,0,0,0,0,0,0,0,0,0,0,0,1,0,0,0,0,0,0,0,1,0,1,0,0,0,1,0,0
0,4.0,0,12.037659911047468,42.0,318.6,147.0,325762780.45561004,417209875.04785997,0,0,0,0,0,0,1,0,0,0,0,0,0,0,0,0,0,0,0,0,0,0,0,0,1,0,0,0,0,0,0,0,0,0,0,0,0,1,0,0,0,1,0,0,0,1
0,2.0,0,10.778977123006351,59.6,381.0,201.0,489919124.4680146,454252896.668363,0,0,0,0,0,0,1,0,0,0,0,0,0,0,0,0,0,0,0,0,0,0,0,0,0,0,0,1,0,0,0,0,0,0,0,0,0,1,0,0,0,1,0,0,0,1
0,0.0,1,0.0,59.6,381.0,201.0,413081033.9399839,422278338.0086511,0,0,0,0,0,0,1,0,0,0,0,0,0,0,0,0,0,0,0,0,0,0,0,1,0,0,0,0,0,0,0,0,0,0,0,0,1,0,0,0,0,1,0,1,0,0
0,3.0,0,10.819798284210286,59.6,381.0,201.0,531860038.1092189,472638868.3549611,0,0,0,0,0,0,1,0,0,0,0,0,0,1,0,0,0,0,0,0,0,0,0,0,0,0,0,0,0,0,0,0,0,0,0,0,0,1,0,0,0,1,0,0,0,1
0,4.0,0,11.002116507732017,59.6,381.0,201.0,478888777.5216277,492444355.3506355,0,0,0,0,1,0,0,0,0,0,0,0,0,0,0,0,0,0,0,1,0,0,0,0,0,0,0,0,0,0,0,0,0,0,0,0,0,1,0,1,0,0,0,1,0,0
0,3.0,0,10.34177474101152,82.0,420.0,349.0,497681035.569787,549144586.673616,0,0,0,0,0,0,1,0,0,0,0,0,0,0,0,0,0,0,0,0,0,0,0,0,0,0,0,0,0,1,0,0,0,0,0,0,0,1,0,0,0,1,0,0,0,1
1,1.0,1,8.853808274977197,18.6,215.0,43.0,642834875.6051185,393487570.2819989,0,0,0,0,0,0,1,0,0,0,0,0,0,0,0,0,0,0,0,0,0,0,0,0,0,1,0,0,0,0,0,0,0,0,0,0,0,1,0,0,1,0,0,1,0,0
0,1.0,0,8.517393171418904,18.6,215.0,43.0,302585027.93012697,394513151.6773477,0,0,0,0,0,0,1,0,0,0,0,0,0,0,0,0,0,0,0,0,0,0,0,0,0,1,0,0,0,0,0,0,0,0,0,0,1,0,0,0,0,1,0,1,0,0
0,4.0,1,10.896757843893464,42.0,318.6,147.0,507222141.1882944,507222141.1882944,0,0,0,0,0,0,1,0,0,0,0,0,0,0,0,0,0,0,0,1,0,0,0,0,0,0,0,0,0,0,0,0,0,0,0,0,0,1,0,0,0,1,0,0,0,1
0,2.0,0,0.0,59.6,381.0,201.0,489919122.7696675,454252893.98208845,0,0,0,0,0,0,1,0,0,0,0,0,0,0,0,0,0,0,0,0,0,0,0,0,0,0,0,1,0,0,0,0,0,0,0,0,0,1,0,0,0,1,0,0,0,1
0,0.0,1,0.0,59.6,381.0,201.0,421253447.73308736,430178338.0086511,0,0,0,0,0,0,1,0,0,0,0,0,0,0,0,0,0,0,0,0,0,0,0,1,0,0,0,0,0,0,0,0,0,0,0,0,0,1,0,0,1,0,0,1,0,0
0,0.0,1,0.0,59.6,381.0,201.0,484340614.546527,490272478.6662083,0,0,0,0,0,0,1,0,0,0,0,0,0,0,0,0,0,0,0,0,0,0,0,0,0,0,0,1,0,0,0,0,0,0,0,0,0,1,0,1,0,0,0,1,0,0
0,0.0,1,0.0,37.2,326.4,134.0,343332508.8990185,357538183.054572,0,0,0,0,0,0,1,0,0,0,0,0,0,0,0,0,0,0,0,0,0,0,0,0,0,0,1,0,0,0,0,0,0,0,0,0,0,1,0,0,0,1,0,0,0,1
0,3.0,0,11.608244735642321,82.0,420.0,349.0,747747408.8535901,548181337.959883,0,0,0,0,0,0,1,0,0,0,0,0,0,0,0,0,0,0,0,0,0,0,0,0,0,0,0,0,0,1,0,0,0,0,0,0,0,1,0,0,1,0,0,1,0,0
0,3.0,0,0.0,60.1,450.0,204.0,372291932.069787,418719357.1715544,0,0,0,0,0,0,1,0,0,0,0,0,0,0,1,0,0,0,0,0,0,0,0,0,0,0,0,0,0,0,0,0,0,0,0,0,0,1,0,0,0,1,0,0,0,1
0,0.0,0,10.645448706505872,59.6,381.0,201.0,416563792.56067353,425645004.67531776,0,0,0,0,0,0,1,0,0,0,0,0,0,0,0,0,0,0,0,0,0,0,0,1,0,0,0,0,0,0,0,0,0,0,0,0,0,1,0,1,0,0,0,1,0,0
0,0.0,1,0.0,59.6,381.0,201.0,436391350.5261908,444811644.04198444,0,0,0,0,0,0,1,0,0,0,0,0,0,0,0,0,0,0,0,0,0,0,0,1,0,0,0,0,0,0,0,0,0,0,0,1,0,0,0,0,0,1,0,0,0,1
0,4.0,0,9.99884318585288,82.0,420.0,349.0,493865248.2803134,540053360.2031913,0,0,0,0,0,0,1,0,0,0,0,0,0,0,0,0,0,0,0,0,0,0,0,0,0,0,0,0,0,1,0,0,0,0,0,0,0,1,0,0,0,1,0,1,0,0
0,1.0,0,9.741027444837728,60.1,450.0,204.0,368928779.22768176,456153655.63876396,0,0,0,0,0,0,1,0,0,0,0,0,0,0,1,0,0,0,0,0,0,0,0,0,0,0,0,0,0,0,0,0,0,0,0,1,0,0,0,0,0,1,0,1,0,0
1,0.0,0,8.716207971151853,59.6,381.0,201.0,487088548.4308245,494402913.448817,0,0,0,0,0,0,1,0,0,0,0,0,0,0,0,0,0,0,0,0,0,0,0,0,0,0,0,1,0,0,0,0,0,0,0,0,0,1,0,0,0,1,0,1,0,0
0,1.0,1,0.0,75.3,450.0,201.0,635190185.6157442,566666807.8788928,0,0,0,0,0,0,1,0,0,0,0,0,0,0,0,0,0,0,0,0,0,0,0,0,0,0,0,0,1,0,0,0,0,0,0,0,0,1,0,0,0,1,0,0,0,1
0,3.0,1,0.0,59.6,381.0,201.0,580925851.6810851,855386613.2103812,0,0,1,0,0,0,0,0,0,0,0,1,0,0,0,0,0,0,0,0,0,0,0,0,0,0,0,0,0,0,0,0,0,0,0,0,0,1,0,0,1,0,0,1,0,0
0,0.0,1,0.0,59.6,381.0,201.0,464605939.11450297,464605939.11450297,0,0,0,0,1,0,0,0,0,0,0,0,0,0,0,0,0,0,0,1,0,0,0,0,0,0,0,0,0,0,0,0,0,0,0,0,1,0,0,0,0,1,0,1,0,0
0,3.0,1,10.463131911491967,82.0,420.0,349.0,497681034.1276818,549144586.1436354,0,0,0,0,0,0,1,0,0,0,0,0,0,0,0,0,0,0,0,0,0,0,0,0,0,0,0,0,0,1,0,0,0,0,0,0,0,1,0,0,0,1,0,0,0,1
1,2.0,0,10.852013114543642,82.0,420.0,349.0,482475742.9315894,556604791.4960613,0,0,0,0,0,0,1,0,0,0,0,0,0,0,0,0,0,0,0,0,0,0,0,0,0,0,0,0,0,1,0,0,0,0,0,0,0,1,0,0,0,1,0,1,0,0
0,1.0,1,0.0,82.0,420.0,349.0,741905922.2715309,660512116.0678462,0,0,0,0,0,0,1,0,0,0,0,0,0,0,0,0,0,0,0,0,0,0,0,0,0,0,0,0,0,1,0,0,0,0,0,0,0,1,0,1,0,0,0,1,0,0
0,1.0,0,8.517393171418904,59.6,381.0,201.0,398483614.9045801,439504215.9587268,0,0,0,0,0,0,1,0,0,0,0,0,0,0,0,0,0,0,0,0,0,0,0,0,0,0,0,1,0,0,0,0,0,0,0,0,1,0,0,0,0,1,0,1,0,0
1,2.0,0,10.596659732783579,37.2,326.4,134.0,474123021.1936215,393509350.494766,0,0,0,0,0,0,1,0,0,0,0,0,0,0,0,0,0,0,0,0,0,0,0,0,0,0,1,0,0,0,0,0,0,0,0,0,0,1,0,0,0,1,0,1,0,0
0,0.0,1,0.0,60.1,450.0,204.0,368718252.9118923,477592698.130132,0,0,0,0,0,0,1,0,0,0,0,0,0,0,1,0,0,0,0,0,0,0,0,0,0,0,0,0,0,0,0,0,0,0,0,1,0,0,0,0,0,1,0,1,0,0
0,3.0,1,10.819798284210286,82.0,420.0,349.0,704979083.1412208,547635883.4144285,0,0,0,0,0,0,1,0,0,0,0,0,0,0,0,0,0,0,0,0,0,0,0,0,0,0,0,0,0,1,0,0,0,0,0,0,0,1,0,0,1,0,0,1,0,0
0,3.0,1,10.434145214930487,82.0,420.0,349.0,746325533.8535901,547829307.0121074,0,0,0,0,0,0,1,0,0,0,0,0,0,0,0,0,0,0,0,0,0,0,0,0,0,0,0,0,0,1,0,0,0,0,0,0,0,1,0,0,1,0,0,1,0,0
0,4.0,1,10.34177474101152,82.0,420.0,349.0,484322876.6895512,541997804.6476357,0,0,0,0,0,0,1,0,0,0,0,0,0,0,0,0,0,0,0,0,0,0,0,0,0,0,0,0,0,1,0,0,0,0,0,0,0,1,0,0,1,0,0,1,0,0
0,2.0,1,9.105090961257085,59.6,381.0,201.0,625511022.0173022,565388777.5216278,0,0,0,0,1,0,0,0,0,0,0,0,0,0,0,0,0,0,0,1,0,0,0,0,0,0,0,0,0,0,0,0,0,0,0,0,0,1,0,1,0,0,0,1,0,0
0,1.0,1,0.0,18.6,215.0,43.0,302966815.9173475,395068963.9564175,0,0,0,0,0,0,1,0,0,0,0,0,0,0,0,0,0,0,0,0,0,0,0,0,0,1,0,0,0,0,0,0,0,0,0,1,0,0,0,0,0,1,0,0,0,1
0,1.0,1,0.0,18.6,215.0,43.0,643148885.2669543,393638733.07269657,0,0,0,0,0,0,1,0,0,0,0,0,0,0,0,0,0,0,0,0,0,0,0,0,0,1,0,0,0,0,0,0,0,0,0,0,0,1,0,0,1,0,0,1,0,0
0,1.0,0,9.90353755128617,18.6,215.0,43.0,302559468.8246957,394475942.3750221,0,0,0,0,0,0,1,0,0,0,0,0,0,0,0,0,0,0,0,0,0,0,0,0,0,1,0,0,0,0,0,0,0,0,0,0,1,0,0,0,0,1,0,1,0,0
0,2.0,1,0.0,82.0,420.0,349.0,628091680.8564883,557243089.3684018,0,0,0,0,0,0,1,0,0,0,0,0,0,0,0,0,0,0,0,0,0,0,0,0,0,0,0,0,0,1,0,0,0,0,0,0,0,1,0,0,1,0,0,1,0,0
0,1.0,1,0.0,18.6,215.0,43.0,301931673.2975392,393561988.88665,0,0,0,0,0,0,1,0,0,0,0,0,0,0,0,0,0,0,0,0,0,0,0,0,0,1,0,0,0,0,0,0,0,0,0,0,0,1,0,0,1,0,0,1,0,0
0,1.0,1,0.0,18.6,215.0,43.0,639361445.6534277,391815477.25874305,0,0,0,0,0,0,1,0,0,0,0,0,0,0,0,0,0,0,0,0,0,0,0,0,0,1,0,0,0,0,0,0,0,0,0,0,0,1,0,1,0,0,0,1,0,0
1,1.0,0,7.601402334583733,18.6,215.0,43.0,302966813.2815647,395068960.1192082,0,0,0,0,0,0,1,0,0,0,0,0,0,0,0,0,0,0,0,0,0,0,0,0,0,1,0,0,0,0,0,0,0,0,0,1,0,0,0,0,0,1,0,0,0,1
1,3.0,0,10.859018228147887,82.0,420.0,349.0,483386570.95706713,547999519.7780648,0,0,0,0,0,0,1,0,0,0,0,0,0,0,0,0,0,0,0,0,0,0,0,0,0,0,0,0,0,1,0,0,0,0,0,0,0,1,0,0,0,1,0,0,0,1
1,1.0,0,10.308985993422082,18.6,215.0,43.0,302569053.4892325,394489895.86339426,0,0,0,0,0,0,1,0,0,0,0,0,0,0,0,0,0,0,0,0,0,0,0,0,0,1,0,0,0,0,0,0,0,0,0,0,1,0,0,0,0,1,0,0,0,1
0,1.0,0,10.668978650219241,92.0,480.0,402.0,667888953.1605009,664305066.2757225,0,0,0,0,0,0,1,0,0,0,0,0,0,0,0,0,0,0,0,0,0,0,0,0,0,0,0,0,0,0,1,0,0,0,0,0,0,1,0,1,0,0,0,1,0,0
0,3.0,0,10.668978650219241,37.2,326.4,134.0,343332507.2541205,442956824.0553186,0,0,0,0,0,0,1,0,0,0,0,0,0,0,0,0,0,0,0,0,0,0,0,0,0,0,1,0,0,0,0,0,0,0,0,0,0,1,0,0,0,1,0,0,0,1
0,1.0,0,10.373522431293592,59.6,381.0,201.0,549873981.4081088,439249978.67059124,0,0,0,0,0,0,1,0,0,0,0,0,0,0,0,0,0,0,0,0,0,0,0,0,0,0,0,1,0,0,0,0,0,0,0,0,0,1,0,1,0,0,0,1,0,0
0,1.0,1,3.332204510175204,18.6,215.0,43.0,427283390.96297663,395068962.6657198,0,0,0,0,0,0,1,0,0,0,0,0,0,0,0,0,0,0,0,0,0,0,0,0,0,1,0,0,0,0,0,0,0,0,0,0,0,1,0,0,0,1,0,0,0,1
0,0.0,1,0.0,60.1,450.0,204.0,372291934.769787,482180532.94769955,0,0,0,0,0,0,1,0,0,0,0,0,0,0,1,0,0,0,0,0,0,0,0,0,0,0,0,0,0,0,0,0,0,0,0,0,0,1,0,0,0,1,0,0,0,1
0,1.0,1,0.0,37.2,326.4,134.0,401098006.72114897,475473001.3005196,0,0,0,0,0,0,1,0,0,0,0,0,0,0,0,0,0,0,0,0,0,0,0,0,0,0,1,0,0,0,0,0,0,0,0,0,0,1,0,0,1,0,0,1,0,0
1,1.0,0,10.02309115218196,18.6,215.0,43.0,302631353.8087213,394580593.5378128,0,0,0,0,0,0,1,0,0,0,0,0,0,0,0,0,0,0,0,0,0,0,0,0,0,1,0,0,0,0,0,0,0,0,0,0,0,1,0,0,0,1,0,1,0,0
0,4.0,0,10.203629181337648,60.1,450.0,204.0,369670884.49083966,451305485.4382944,0,0,0,0,0,0,1,0,0,0,0,0,0,0,1,0,0,0,0,0,0,0,0,0,0,0,0,0,0,0,0,0,0,0,0,0,0,1,0,0,1,0,0,1,0,0
0,0.0,1,0.0,75.3,450.0,201.0,503906338.38203275,581933086.176693,0,0,0,0,0,0,1,0,0,0,0,0,0,0,0,0,0,0,0,0,0,0,0,0,0,0,0,0,1,0,0,0,0,0,0,0,0,1,0,0,1,0,0,1,0,0
0,0.0,1,0.0,37.2,326.4,134.0,341365163.0296308,354974354.660955,0,0,0,0,0,0,1,0,0,0,0,0,0,0,0,0,0,0,0,0,0,0,0,0,0,0,1,0,0,0,0,0,0,0,0,0,1,0,0,0,0,1,0,1,0,0
0,1.0,0,10.239995502805316,37.2,326.4,134.0,474129528.78581244,477310134.85100824,0,0,0,0,0,0,1,0,0,0,0,0,0,0,0,0,0,0,0,0,0,0,0,0,0,0,1,0,0,0,0,0,0,0,0,0,1,0,0,0,0,1,0,0,0,1
0,4.0,0,10.819798284210286,59.6,381.0,201.0,461060484.56904846,461060484.56904846,0,0,0,0,1,0,0,0,0,0,0,0,0,0,0,0,0,0,0,1,0,0,0,0,0,0,0,0,0,0,0,0,0,0,0,0,1,0,0,0,0,1,0,0,0,1
0,1.0,1,0.0,82.0,420.0,349.0,473103297.80029184,658951368.4042947,0,0,0,0,0,0,1,0,0,0,0,0,0,0,0,0,0,0,0,0,0,0,0,0,0,0,0,0,0,1,0,0,0,0,0,0,0,1,0,0,0,1,0,1,0,0
0,2.0,1,10.308985993422082,37.2,326.4,134.0,473407186.0526237,392116945.43147486,0,0,0,0,0,0,1,0,0,0,0,0,0,0,0,0,0,0,0,0,0,0,0,0,0,0,1,0,0,0,0,0,0,0,0,0,0,1,0,0,1,0,0,1,0,0
0,0.0,1,0.0,37.2,326.4,134.0,474088314.0352701,355123290.83116764,0,0,0,0,0,0,1,0,0,0,0,0,0,0,0,0,0,0,0,0,0,0,0,0,0,0,1,0,0,0,0,0,0,0,0,0,1,0,0,0,0,1,0,1,0,0
0,0.0,1,0.0,60.1,450.0,204.0,372291933.7329449,482180531.6166185,0,0,0,0,0,0,1,0,0,0,0,0,0,0,1,0,0,0,0,0,0,0,0,0,0,0,0,0,0,0,0,0,0,0,0,1,0,0,0,0,0,1,0,0,0,1
1,4.0,0,11.002116507732017,42.0,318.6,147.0,327269629.7706785,418445830.1040397,0,0,0,0,0,0,1,0,0,0,0,0,0,0,0,0,0,0,0,0,0,0,0,0,1,0,0,0,0,0,0,0,0,0,1,0,0,0,0,0,0,0,1,1,0,0
0,1.0,0,6.928537818164665,37.2,326.4,134.0,342303938.53983486,477906226.05621994,0,0,0,0,0,0,1,0,0,0,0,0,0,0,0,0,0,0,0,0,0,0,0,0,0,0,1,0,0,0,0,0,0,0,1,0,0,0,0,0,1,0,0,1,0,0
0,1.0,0,11.156264806643742,75.3,450.0,201.0,484666533.0259533,564225094.5660094,0,0,0,0,0,0,1,0,0,0,0,0,0,0,0,0,0,0,0,0,0,0,0,0,0,0,0,0,1,0,0,0,0,0,0,0,0,1,0,0,1,0,0,1,0,0
0,2.0,0,11.407576060361786,37.2,326.4,134.0,343332506.6010593,395357448.2795761,0,0,0,0,0,0,1,0,0,0,0,0,0,0,0,0,0,0,0,0,0,0,0,0,0,0,1,0,0,0,0,0,0,0,0,0,0,1,0,0,0,1,0,0,0,1
1,3.0,1,10.203629181337648,82.0,420.0,349.0,494270511.4382081,547891202.5633646,0,0,0,0,0,0,1,0,0,0,0,0,0,0,0,0,0,0,0,0,0,0,0,0,0,0,0,0,0,1,0,0,0,0,0,0,0,1,0,0,1,0,0,1,0,0
0,1.0,1,0.0,18.6,215.0,43.0,302966816.12182033,395068964.2540919,0,0,0,0,0,0,1,0,0,0,0,0,0,0,0,0,0,0,0,0,0,0,0,0,0,1,0,0,0,0,0,0,0,0,0,0,0,1,0,0,0,1,0,0,0,1
0,1.0,0,9.472781556562168,37.2,326.4,134.0,423412718.2028349,478727071.53178996,0,0,0,0,0,0,1,0,0,0,0,0,0,0,0,0,0,0,0,0,0,0,0,0,0,0,1,0,0,0,0,0,0,0,0,0,0,1,0,0,0,1,0,0,0,1
0,1.0,1,0.0,41.9,318.6,150.0,467051228.5584256,463787757.29632115,0,0,0,0,0,0,1,0,0,0,0,0,0,0,0,0,0,0,0,1,0,0,0,0,0,0,0,0,0,0,0,0,0,0,0,0,0,1,0,0,0,1,0,0,0,1
0,1.0,1,0.0,92.0,480.0,402.0,610577998.1777152,669775144.9167482,0,0,0,0,0,0,1,0,0,0,0,0,0,0,0,0,0,0,0,0,0,0,0,0,0,0,0,0,0,0,1,0,0,0,0,0,0,1,0,0,0,1,0,0,0,1
0,4.0,0,10.518700218288165,59.6,381.0,201.0,425138825.3549611,425138825.3549611,0,0,0,0,0,0,1,0,0,0,0,0,0,0,0,0,0,0,0,1,0,0,0,0,0,0,0,0,0,0,0,0,0,0,0,0,0,1,0,0,0,1,0,1,0,0
1,2.0,1,9.90353755128617,18.6,215.0,43.0,641583667.8756499,399028443.1559392,0,0,0,0,0,0,1,0,0,0,0,0,0,0,0,0,0,0,0,0,0,0,0,0,0,1,0,0,0,0,0,0,0,0,0,0,0,1,0,1,0,0,0,1,0,0
0,0.0,1,0.0,60.1,450.0,204.0,369034042.3855764,477998103.5355374,0,0,0,0,0,0,1,0,0,0,0,0,0,0,1,0,0,0,0,0,0,0,0,0,0,0,0,0,0,0,0,0,0,0,0,0,1,0,0,0,0,1,0,1,0,0
0,2.0,1,0.0,82.0,420.0,349.0,626966680.8564883,557003727.6662742,0,0,0,0,0,0,1,0,0,0,0,0,0,0,0,0,0,0,0,0,0,0,0,0,0,0,0,0,0,1,0,0,0,0,0,0,0,1,0,0,1,0,0,1,0,0
0,1.0,0,9.210440366976517,37.2,326.4,134.0,343332507.92758995,478727071.3330929,0,0,0,0,0,0,1,0,0,0,0,0,0,0,0,0,0,0,0,0,0,0,0,0,0,0,1,0,0,0,0,0,0,0,0,0,0,1,0,0,0,1,0,0,0,1
0,2.0,0,10.596659732783579,37.2,326.4,134.0,343332508.33983487,395357450.0770445,0,0,0,0,0,0,1,0,0,0,0,0,0,0,0,0,0,0,0,0,0,0,0,0,0,0,1,0,0,0,0,0,0,0,0,0,0,1,0,0,0,1,0,0,0,1
0,0.0,1,0.0,59.6,381.0,201.0,402094726.0156912,498160677.42397225,0,0,0,0,0,0,1,0,0,0,0,0,0,0,0,0,0,0,0,0,0,0,0,0,0,0,0,1,0,0,0,0,0,0,0,0,0,1,0,0,0,1,0,1,0,0
0,0.0,1,0.0,60.1,450.0,204.0,680752666.6170893,477079184.6166185,0,0,0,0,0,0,1,0,0,0,0,0,0,0,1,0,0,0,0,0,0,0,0,0,0,0,0,0,0,0,0,0,0,0,0,0,0,1,0,1,0,0,0,1,0,0
0,3.0,1,0.0,82.0,420.0,349.0,487157270.0016531,549144586.9927651,0,0,0,0,0,0,1,0,0,0,0,0,0,0,0,0,0,0,0,0,0,0,0,0,0,0,0,0,0,1,0,0,0,0,0,0,0,1,0,0,0,1,0,0,0,1
0,1.0,1,8.987321812850125,59.6,381.0,201.0,489919125.70768404,442046587.57313365,0,0,0,0,0,0,1,0,0,0,0,0,0,0,0,0,0,0,0,0,0,0,0,0,0,0,0,1,0,0,0,0,0,0,0,0,0,1,0,0,0,1,0,0,0,1
0,1.0,1,0.0,59.6,381.0,201.0,402650279.7031912,442046587.7002523,0,0,0,0,0,0,1,0,0,0,0,0,0,0,0,0,0,0,0,0,0,0,0,0,0,0,0,1,0,0,0,0,0,0,0,0,0,1,0,0,0,1,0,0,0,1
0,2.0,1,10.575640896591837,82.0,420.0,349.0,746723971.3535901,557168621.2832955,0,0,0,0,0,0,1,0,0,0,0,0,0,0,0,0,0,0,0,0,0,0,0,0,0,0,0,0,0,1,0,0,0,0,0,0,0,1,0,0,1,0,0,1,0,0
0,0.0,1,0.0,82.0,420.0,349.0,477843489.81499773,624026349.0021809,0,0,0,0,0,0,1,0,0,0,0,0,0,0,0,0,0,0,0,0,0,0,0,0,0,0,0,0,0,1,0,0,0,0,0,0,0,1,0,0,0,1,0,0,0,1
0,3.0,0,10.308985993422082,82.0,420.0,349.0,477843490.17774284,549144586.0159758,0,0,0,0,0,0,1,0,0,0,0,0,0,0,0,0,0,0,0,0,0,0,0,0,0,0,0,0,0,1,0,0,0,0,0,0,0,1,0,0,0,1,0,0,0,1
0,1.0,1,0.0,75.3,450.0,201.0,626377694.7407442,562341658.9831873,0,0,0,0,0,0,1,0,0,0,0,0,0,0,0,0,0,0,0,0,0,0,0,0,0,0,0,0,1,0,0,0,0,0,0,0,0,1,0,0,1,0,0,1,0,0
0,1.0,1,0.0,37.2,326.0,136.0,390342329.65353334,585309542.0449833,0,0,0,0,0,0,1,0,0,0,0,0,1,0,0,0,0,0,0,0,0,0,0,0,0,0,0,0,0,0,0,0,0,0,0,0,0,1,0,0,0,1,0,0,0,1
0,1.0,0,9.105090961257085,75.3,450.0,201.0,484666533.0259533,562133070.0261321,0,0,0,0,0,0,1,0,0,0,0,0,0,0,0,0,0,0,0,0,0,0,0,0,0,0,0,0,1,0,0,0,0,0,0,0,0,1,0,0,0,1,0,1,0,0
0,1.0,1,0.0,37.2,326.4,134.0,474465754.3823417,477815020.84449357,0,0,0,0,0,0,0,1,0,0,0,0,0,0,0,0,0,0,0,0,0,0,0,0,0,0,1,0,0,0,0,0,0,0,1,0,0,0,0,0,0,0,1,1,0,0
0,5.0,0,9.852246888342531,59.6,381.0,201.0,538981407.2366407,737777688.6839689,0,0,0,0,0,1,0,0,0,0,0,0,0,0,0,0,0,0,0,0,1,0,0,0,0,0,0,0,0,0,0,0,0,0,0,0,0,1,0,0,1,0,0,1,0,0
0,0.0,1,0.0,60.1,450.0,204.0,369028779.22768176,477991346.77878064,0,0,0,0,0,0,1,0,0,0,0,0,0,0,1,0,0,0,0,0,0,0,0,0,0,0,0,0,0,0,0,0,0,0,0,0,0,1,0,0,0,1,0,1,0,0
0,1.0,1,0.0,59.6,381.0,201.0,531860030.5963982,582530242.2390697,0,0,0,0,0,0,1,0,0,0,0,0,0,1,0,0,0,0,0,0,0,0,0,0,0,0,0,0,0,0,0,0,0,0,0,0,0,1,0,0,0,1,0,0,0,1
0,0.0,1,0.0,75.3,450.0,201.0,509452627.45610684,587428491.8647664,0,0,0,0,0,0,1,0,0,0,0,0,0,0,0,0,0,0,0,0,0,0,0,0,0,0,0,0,1,0,0,0,0,0,0,0,0,1,0,0,0,1,0,0,0,1
0,3.0,0,8.895766604056085,37.2,326.4,134.0,473739073.25435907,434969819.70466924,0,0,0,0,0,0,1,0,0,0,0,0,0,0,0,0,0,0,0,0,0,0,0,0,0,0,1,0,0,0,0,0,0,0,0,0,0,1,0,1,0,0,0,1,0,0
0,3.0,0,10.596659732783579,18.6,215.0,43.0,302966815.5818842,549634515.9761139,0,0,0,0,0,0,1,0,0,0,0,0,0,0,0,0,0,0,0,0,0,0,0,0,0,1,0,0,0,0,0,0,0,0,0,0,0,1,0,0,0,1,0,0,0,1
0,2.0,0,9.207235557022704,82.0,420.0,349.0,624716680.8564883,556525004.2620188,0,0,0,0,0,0,1,0,0,0,0,0,0,0,0,0,0,0,0,0,0,0,0,0,0,0,0,0,0,1,0,0,0,0,0,0,0,1,0,1,0,0,0,1,0,0
0,3.0,0,10.571342565808699,92.0,480.0,402.0,494444355.3506355,457379711.9885496,0,0,0,0,0,0,1,0,0,0,0,0,0,0,0,0,0,0,0,0,0,0,0,0,0,0,0,0,0,0,1,0,0,0,0,0,0,1,0,1,0,0,0,1,0,0
0,2.0,0,8.294299608857235,37.2,326.4,134.0,416072525.837371,392699223.9124875,0,0,0,0,0,0,1,0,0,0,0,0,0,0,0,0,0,0,0,0,0,0,0,0,0,0,1,0,0,0,0,0,0,0,0,0,0,1,0,1,0,0,0,1,0,0
0,3.0,1,0.0,92.0,480.0,402.0,569087612.7926348,456629711.9885496,0,0,0,0,0,0,1,0,0,0,0,0,0,0,0,0,0,0,0,0,0,0,0,0,0,0,0,0,0,0,1,0,0,0,0,0,0,1,0,0,1,0,0,1,0,0
0,0.0,1,2.772588722239781,37.2,326.4,134.0,484666533.0259533,357538182.0971252,0,0,0,0,0,0,1,0,0,0,0,0,0,0,0,0,0,0,0,0,0,0,0,0,0,0,1,0,0,0,0,0,0,0,0,0,0,1,0,0,0,1,0,0,0,1
0,1.0,0,8.38958706681109,37.2,326.4,134.0,473543845.4886324,476430656.02364665,0,0,0,0,0,0,1,0,0,0,0,0,0,0,0,0,0,0,0,0,0,0,0,0,0,0,1,0,0,0,0,0,0,0,0,0,0,0,1,0,0,1,0,0,1,0
0,3.0,1,0.0,92.0,480.0,402.0,658683824.9553727,455083659.3569706,0,0,0,0,0,0,1,0,0,0,0,0,0,0,0,0,0,0,0,0,0,0,0,0,0,0,0,0,0,0,1,0,0,0,0,0,0,1,0,0,1,0,0,1,0,0
1,1.0,1,5.303304908059076,18.6,215.0,43.0,643028112.3200943,393580593.5378128,0,0,0,0,0,0,1,0,0,0,0,0,0,0,0,0,0,0,0,0,0,0,0,0,0,1,0,0,0,0,0,0,0,0,0,0,0,1,0,0,1,0,0,1,0,0
0,1.0,1,0.0,82.0,420.0,349.0,487157265.92521995,667988743.2641077,0,0,0,0,0,0,1,0,0,0,0,0,0,0,0,0,0,0,0,0,0,0,0,0,0,0,0,0,0,1,0,0,0,0,0,0,0,1,0,0,0,1,0,0,0,1
1,1.0,0,8.987321812850125,59.6,381.0,201.0,359203738.0144185,374690491.8042523,0,0,0,0,0,0,0,0,1,0,0,0,0,0,0,0,0,0,0,1,0,0,0,0,0,0,0,0,0,0,0,0,0,0,1,0,0,0,0,0,0,1,0,0,0,1
0,0.0,1,9.105090961257085,59.6,381.0,201.0,489919126.70768404,498657571.4798729,0,0,0,0,0,0,1,0,0,0,0,0,0,0,0,0,0,0,0,0,0,0,0,0,0,0,0,1,0,0,0,0,0,0,0,1,0,0,0,0,0,1,0,0,0,1
0,1.0,1,0.0,60.1,450.0,204.0,372291932.7592607,460530362.28944886,0,0,0,0,0,0,1,0,0,0,0,0,0,0,1,0,0,0,0,0,0,0,0,0,0,0,0,0,0,0,0,0,0,0,0,0,0,1,0,0,0,1,0,0,0,1
0,1.0,0,9.61587214452889,18.6,215.0,43.0,302602599.81511104,394538733.07269657,0,0,0,0,0,0,1,0,0,0,0,0,0,0,0,0,0,0,0,0,0,0,0,0,0,1,0,0,0,0,0,0,0,0,0,0,1,0,0,0,0,1,0,0,0,1
0,0.0,1,0.0,60.1,450.0,204.0,369981410.80662906,479214319.7517536,0,0,0,0,0,0,1,0,0,0,0,0,0,0,1,0,0,0,0,0,0,0,0,0,0,0,0,0,0,0,0,0,0,0,0,0,0,1,0,0,1,0,0,1,0,0
1,3.0,1,10.34177474101152,92.0,480.0,402.0,569065634.7706568,456603396.1990759,0,0,0,0,0,0,1,0,0,0,0,0,0,0,0,0,0,0,0,0,0,0,0,0,0,0,0,0,0,0,1,0,0,0,0,0,0,1,0,0,1,0,0,1,0,0
1,2.0,1,9.305741456739435,82.0,420.0,349.0,484666533.0259533,556950536.1769123,0,0,0,0,0,0,1,0,0,0,0,0,0,0,0,0,0,0,0,0,0,0,0,0,0,0,0,0,0,1,0,0,0,0,0,1,0,0,0,0,1,0,0,1,0,0
0,1.0,0,9.741027444837728,18.6,215.0,43.0,302553079.0483379,394466640.04944074,0,0,0,0,0,0,1,0,0,0,0,0,0,0,0,0,0,0,0,0,0,0,0,0,0,1,0,0,0,0,0,0,0,0,0,0,1,0,0,0,0,1,0,0,0,1
0,0.0,1,0.0,37.2,326.4,134.0,474061437.67952174,355057386.5758485,0,0,0,0,0,0,1,0,0,0,0,0,0,0,0,0,0,0,0,0,0,0,0,0,0,0,1,0,0,0,0,0,0,0,0,0,1,0,0,0,0,1,0,1,0,0
0,0.0,1,0.0,17.0,150.0,41.0,304419682.8271675,321660803.0958686,0,0,0,0,0,0,1,0,0,0,1,0,0,0,0,0,0,0,0,0,0,0,0,0,0,0,0,0,0,0,0,0,0,0,0,0,1,0,0,0,0,1,0,1,0,0
1,1.0,0,9.741027444837728,92.0,480.0,402.0,566257942.4629645,658843527.8141841,0,0,0,0,0,0,1,0,0,0,0,0,0,0,0,0,0,0,0,0,0,0,0,0,0,0,0,0,0,0,1,0,0,0,0,0,0,1,0,0,0,1,0,0,1,0
0,0.0,1,0.0,59.6,381.0,201.0,463515030.0235939,463515030.0235939,0,0,0,0,1,0,0,0,0,0,0,0,0,0,0,0,0,0,0,1,0,0,0,0,0,0,0,0,0,0,0,0,0,0,1,0,0,0,0,0,0,0,1,1,0,0
0,3.0,0,10.781536292153415,82.0,420.0,349.0,742918192.2101812,547916347.6310629,0,0,0,0,0,0,1,0,0,0,0,0,0,0,0,0,0,0,0,0,0,0,0,0,0,0,0,0,0,1,0,0,0,0,0,0,0,1,0,0,1,0,0,1,0,0
0,1.0,1,0.0,59.6,381.0,201.0,402650276.78652453,442046585.92059124,0,0,0,0,0,0,1,0,0,0,0,0,0,0,0,0,0,0,0,0,0,0,0,0,0,0,0,1,0,0,0,0,0,0,0,0,0,1,0,0,0,1,0,0,0,1
0,3.0,0,10.308985993422082,75.3,450.0,201.0,501165597.64129204,452416754.0162208,0,0,0,0,0,0,1,0,0,0,0,0,0,0,0,0,0,0,0,0,0,0,0,0,0,0,0,0,1,0,0,0,0,0,0,0,0,1,0,1,0,0,0,1,0,0
0,3.0,0,10.819798284210286,82.0,420.0,349.0,487157266.84878683,549144586.0353183,0,0,0,0,0,0,1,0,0,0,0,0,0,0,0,0,0,0,0,0,0,0,0,0,0,0,0,0,0,1,0,0,0,0,0,0,0,1,0,0,0,1,0,0,0,1
0,0.0,1,0.0,92.0,480.0,402.0,610577999.2391187,859053822.8455203,0,0,0,0,0,0,1,0,0,0,0,0,0,0,0,0,0,0,0,0,0,0,0,0,0,0,0,0,0,0,1,0,0,0,0,0,0,1,0,0,0,1,0,0,0,1
0,1.0,1,0.0,82.0,420.0,349.0,473872905.6434291,660418658.1239209,0,0,0,0,0,0,1,0,0,0,0,0,0,0,0,0,0,0,0,0,0,0,0,0,0,0,0,0,0,1,0,0,0,0,0,0,1,0,0,0,0,1,0,1,0,0
0,3.0,1,0.0,82.0,420.0,349.0,745309908.8535901,547577856.3351249,0,0,0,0,0,0,1,0,0,0,0,0,0,0,0,0,0,0,0,0,0,0,0,0,0,0,0,0,0,1,0,0,0,0,0,0,0,1,0,0,1,0,0,1,0,0
0,1.0,1,8.294299608857235,59.6,381.0,201.0,487241440.992808,439300826.12821835,0,0,0,0,0,0,1,0,0,0,0,0,0,0,0,0,0,0,0,0,0,0,0,0,0,0,0,1,0,0,0,0,0,0,0,0,0,1,0,0,1,0,0,1,0,0
0,1.0,1,0.0,37.2,326.4,134.0,474118899.7185673,477294173.9389561,0,0,0,0,0,0,1,0,0,0,0,0,0,0,0,0,0,0,0,0,0,0,0,0,0,0,1,0,0,0,0,0,0,0,0,0,0,0,1,0,0,1,0,1,0,0
0,2.0,1,9.305741456739435,75.3,450.0,201.0,505387819.86351424,402694262.35971963,0,0,0,0,0,0,1,0,0,0,0,0,0,0,0,0,0,0,0,0,0,0,0,0,0,0,0,0,1,0,0,0,0,0,0,0,0,1,0,0,1,0,0,1,0,0
0,1.0,1,9.472781556562168,59.6,381.0,201.0,484216647.6043782,436199131.2129641,0,0,0,0,0,0,1,0,0,0,0,0,0,0,0,0,0,0,0,0,0,0,0,0,0,0,0,1,0,0,0,0,0,0,0,0,0,1,0,1,0,0,0,1,0,0
0,2.0,0,7.244941546337007,18.6,215.0,43.0,639849368.3587416,397703719.9087068,0,0,0,0,0,0,1,0,0,0,0,0,0,0,0,0,0,0,0,0,0,0,0,0,0,1,0,0,0,0,0,0,0,0,0,0,0,1,0,1,0,0,0,1,0,0
0,4.0,0,10.463131911491967,42.0,318.6,147.0,602860171.943856,411962684.036624,0,0,0,0,0,0,1,0,0,0,0,0,0,0,0,0,0,0,0,0,0,0,0,0,1,0,0,0,0,0,0,0,0,0,0,0,0,1,0,1,0,0,0,1,0,0
0,0.0,1,0.0,59.6,381.0,201.0,412621033.9399839,421833671.34198445,0,0,0,0,0,0,1,0,0,0,0,0,0,0,0,0,0,0,0,0,0,0,0,1,0,0,0,0,0,0,0,0,0,0,0,1,0,0,0,0,0,1,0,1,0,0
0,1.0,0,9.90353755128617,18.6,215.0,43.0,302578638.15376914,394503849.35176635,0,0,0,0,0,0,1,0,0,0,0,0,0,0,0,0,0,0,0,0,0,0,0,0,0,1,0,0,0,0,0,0,0,0,0,0,1,0,0,0,0,1,0,0,0,1
0,2.0,0,10.308985993422082,59.6,381.0,201.0,489919124.19528735,454252896.23699045,0,0,0,0,0,0,1,0,0,0,0,0,0,0,0,0,0,0,0,0,0,0,0,0,0,0,0,1,0,0,0,0,0,0,0,0,0,1,0,0,0,1,0,0,0,1
0,0.0,1,0.0,82.0,420.0,349.0,564392127.0152667,617555767.7332733,0,0,0,0,0,0,1,0,0,0,0,0,0,0,0,0,0,0,0,0,0,0,0,0,0,0,0,0,0,1,0,0,0,0,0,0,1,0,0,0,0,1,0,1,0,0
0,3.0,0,10.859614192907483,82.0,420.0,349.0,524261809.3042523,547877662.9115272,0,0,0,0,0,0,1,0,0,0,0,0,0,0,0,0,0,0,0,0,0,0,0,0,0,0,0,0,0,1,0,0,0,0,0,0,0,1,0,0,1,0,0,1,0,0
0,4.0,0,10.819798284210286,59.6,381.0,201.0,483055444.1882944,485111022.0173022,0,0,0,0,1,0,0,0,0,0,0,0,0,0,0,0,0,0,0,1,0,0,0,0,0,0,0,0,0,0,0,0,0,0,0,0,0,1,0,1,0,0,0,1,0,0
1,2.0,1,0.0,75.3,450.0,201.0,635190183.0407442,408707948.1679388,0,0,0,0,0,0,1,0,0,0,0,0,0,0,0,0,0,0,0,0,0,0,0,0,0,0,0,0,1,0,0,0,0,0,0,0,0,1,0,0,0,1,0,0,0,1
0,1.0,1,9.210440366976517,92.0,480.0,402.0,645503844.8897566,664339254.3099105,0,0,0,0,0,0,1,0,0,0,0,0,0,0,0,0,0,0,0,0,0,0,0,0,0,0,0,0,0,0,1,0,0,0,0,0,0,1,0,0,1,0,0,1,0,0
0,1.0,1,0.0,18.6,215.0,43.0,645003957.7307224,394531756.3285105,0,0,0,0,0,0,1,0,0,0,0,0,0,0,0,0,0,0,0,0,0,0,0,0,0,1,0,0,0,0,0,0,0,0,1,0,0,0,0,0,0,0,1,1,0,0
0,0.0,1,0.0,60.1,450.0,204.0,371739305.5434712,481471076.5085104,0,0,0,0,0,0,1,0,0,0,0,0,0,0,1,0,0,0,0,0,0,0,0,0,0,0,0,0,0,0,0,0,0,0,0,0,0,1,0,0,0,1,0,1,0,0
0,0.0,1,0.0,59.6,381.0,201.0,488865407.9349568,497073720.9022331,0,0,0,0,0,0,1,0,0,0,0,0,0,0,0,0,0,0,0,0,0,0,0,0,0,0,0,1,0,0,0,0,0,0,1,0,0,0,0,0,0,0,1,1,0,0
0,2.0,0,9.90353755128617,82.0,420.0,349.0,493181037.75399756,555966493.6237209,0,0,0,0,0,0,1,0,0,0,0,0,0,0,0,0,0,0,0,0,0,0,0,0,0,0,0,0,0,1,0,0,0,0,0,0,0,1,0,0,0,1,0,0,1,0
0,4.0,0,11.002116507732017,82.0,420.0,349.0,420416707.8287208,540233915.7587467,0,0,0,0,0,0,1,0,0,0,0,0,0,0,0,0,0,0,0,0,0,0,0,0,0,0,0,0,0,1,0,0,0,0,0,0,0,1,0,1,0,0,0,1,0,0
0,1.0,0,6.90875477931522,18.6,215.0,43.0,302966815.82150084,395068963.8168826,0,0,0,0,0,0,1,0,0,0,0,0,0,0,0,0,0,0,0,0,0,0,0,0,0,1,0,0,0,0,0,0,0,0,0,0,0,1,0,0,0,1,0,0,0,1
0,2.0,1,0.0,82.0,420.0,349.0,484513959.492099,558306919.1556358,0,0,0,0,0,0,1,0,0,0,0,0,0,0,0,0,0,0,0,0,0,0,0,0,0,0,0,0,0,1,0,0,0,0,0,0,0,1,0,0,1,0,0,1,0,0
0,2.0,0,11.461642696843066,37.2,326.4,134.0,467066046.42703134,491111066.68396884,0,0,0,0,0,0,1,0,0,0,0,0,0,0,0,0,0,0,0,0,0,0,1,0,0,0,0,0,0,0,0,0,0,0,0,0,0,1,0,0,0,1,0,0,0,1
0,0.0,1,0.0,92.0,480.0,402.0,599656952.5549083,842672252.8192044,0,0,0,0,0,0,1,0,0,0,0,0,0,0,0,0,0,0,0,0,0,0,0,0,0,0,0,0,0,0,1,0,0,0,0,0,1,0,0,0,0,1,0,1,0,0
0,4.0,0,8.517393171418904,37.2,326.4,134.0,340903938.53983486,471666671.8912208,0,0,0,0,0,0,1,0,0,0,0,0,0,0,0,0,0,0,0,0,0,0,0,0,0,0,1,0,0,0,0,0,0,0,0,0,0,1,0,1,0,0,0,1,0,0
1,2.0,1,0.0,37.2,326.4,134.0,474530830.3042506,394302599.43991363,0,0,0,0,0,0,1,0,0,0,0,0,0,0,0,0,0,0,0,0,0,0,0,0,0,0,1,0,0,0,0,0,0,0,1,0,0,0,0,0,0,0,1,1,0,0
0,1.0,1,0.0,60.1,450.0,204.0,368665621.33294487,455811189.8853393,0,0,0,0,0,0,1,0,0,0,0,0,0,0,1,0,0,0,0,0,0,0,0,0,0,0,0,0,0,0,0,0,0,0,0,0,0,1,0,0,0,1,0,1,0,0
0,0.0,1,0.0,59.6,381.0,201.0,401525717.50998205,464841264.7266444,1,0,0,0,0,0,0,0,0,0,0,0,0,0,0,0,0,0,0,0,0,0,0,0,0,0,0,0,0,0,0,0,1,0,0,0,0,1,0,0,1,0,0,1,0,0
0,0.0,1,0.0,92.0,480.0,402.0,484666533.0259533,855645937.0297308,0,0,0,0,0,0,1,0,0,0,0,0,0,0,0,0,0,0,0,0,0,0,0,0,0,0,0,0,0,0,1,0,0,0,0,0,1,0,0,0,0,1,0,1,0,0
0,1.0,1,0.0,18.6,215.0,43.0,302966814.901373,395068962.47734773,0,0,0,0,0,0,1,0,0,0,0,0,0,0,0,0,0,0,0,0,0,0,0,0,0,1,0,0,0,0,0,0,0,0,0,0,0,1,0,0,0,1,0,0,0,1
0,0.0,1,0.0,37.2,326.4,134.0,473706535.2934046,354187120.61840177,0,0,0,0,0,0,1,0,0,0,0,0,0,0,0,0,0,0,0,0,0,0,0,0,0,0,1,0,0,0,0,0,0,0,0,0,0,1,0,0,1,0,0,1,0,0
0,1.0,1,0.0,59.6,381.0,201.0,485687721.98454356,437707605.78923535,0,0,0,0,0,0,1,0,0,0,0,0,0,0,0,0,0,0,0,0,0,0,0,0,0,0,0,1,0,0,0,0,0,0,0,0,0,1,0,1,0,0,0,1,0,0
0,4.0,0,10.545367754151743,37.2,326.4,134.0,343332507.0092226,508854126.5787208,0,0,0,0,0,0,1,0,0,0,0,0,0,0,0,0,0,0,0,0,0,0,0,0,0,0,1,0,0,0,0,0,0,0,0,0,0,1,0,0,0,1,0,0,0,1
0,4.0,0,8.517393171418904,59.6,381.0,201.0,422770258.6596471,419826539.2137403,0,0,0,0,0,0,1,0,0,0,0,0,0,0,0,0,0,0,0,0,0,0,0,0,0,0,0,0,0,0,0,1,0,0,0,0,0,1,0,0,0,1,0,0,0,1
0,0.0,1,0.0,37.2,326.4,134.0,474125190.3910185,355213716.36308265,0,0,0,0,0,0,1,0,0,0,0,0,0,0,0,0,0,0,0,0,0,0,0,0,0,0,1,0,0,0,0,0,0,0,0,0,0,1,0,0,0,1,0,1,0,0
1,0.0,1,0.0,59.6,381.0,201.0,362684725.8103813,420653842.95644313,0,0,0,0,0,0,1,0,0,1,0,0,0,0,0,0,0,0,0,0,0,0,0,0,0,0,0,0,0,0,0,0,0,0,0,1,0,0,0,0,0,1,0,1,0,0
0,0.0,1,0.0,82.0,420.0,349.0,474029768.38852715,617488540.842517,0,0,0,0,0,0,1,0,0,0,0,0,0,0,0,0,0,0,0,0,0,0,0,0,0,0,0,0,0,1,0,0,0,0,0,0,0,1,0,0,0,1,0,1,0,0
0,2.0,0,10.085850775128717,82.0,420.0,349.0,743825533.8535901,555195217.0279763,0,0,0,0,0,0,1,0,0,0,0,0,0,0,0,0,0,0,0,0,0,0,0,0,0,0,0,0,0,1,0,0,0,0,0,0,0,1,0,1,0,0,0,1,0,0
0,0.0,0,10.819798284210286,82.0,420.0,349.0,483080838.4729907,618648204.7080634,0,0,0,0,0,0,1,0,0,0,0,0,0,0,0,0,0,0,0,0,0,0,0,0,0,0,0,0,0,1,0,0,0,0,0,0,0,1,0,1,0,0,0,1,0,0
0,0.0,1,0.0,59.6,381.0,201.0,550445396.5024484,494934404.1320468,0,0,0,0,0,0,1,0,0,0,0,0,0,0,0,0,0,0,0,0,0,0,0,0,0,0,0,1,0,0,0,0,0,0,0,0,0,1,0,0,0,1,0,1,0,0
1,1.0,0,7.601402334583733,18.6,215.0,43.0,302473206.84386504,394350360.9796733,0,0,0,0,0,0,1,0,0,0,0,0,0,0,0,0,0,0,0,0,0,0,0,0,0,1,0,0,0,0,0,0,0,0,0,0,0,1,0,0,0,1,0,1,0,0
1,2.0,1,0.0,18.6,215.0,43.0,300700043.9045679,397257225.4437621,0,0,0,0,0,0,1,0,0,0,0,0,0,0,0,0,0,0,0,0,0,0,0,0,0,1,0,0,0,0,0,0,0,0,0,0,0,1,0,1,0,0,0,1,0,0
0,0.0,0,0.6931471805599453,37.2,326.4,134.0,341303938.53983486,354894567.4269124,0,0,0,0,0,0,1,0,0,0,0,0,0,0,0,0,0,0,0,0,0,0,0,0,0,0,1,0,0,0,0,0,0,0,0,0,1,0,0,0,0,1,0,1,0,0
0,3.0,0,10.34177474101152,92.0,480.0,402.0,573285408.946481,461656020.54118115,0,0,0,0,0,0,1,0,0,0,0,0,0,0,0,0,0,0,0,0,0,0,0,0,0,0,0,0,0,0,1,0,0,0,0,0,0,1,0,0,0,1,0,0,0,1
0,3.0,0,10.933124826700707,82.0,420.0,349.0,745270846.3535901,547568185.1552409,0,0,0,0,0,0,1,0,0,0,0,0,0,0,0,0,0,0,0,0,0,0,0,0,0,0,0,0,0,1,0,0,0,0,0,0,0,1,0,1,0,0,0,1,0,0
0,2.0,1,3.258096538021482,82.0,420.0,349.0,440606011.2054121,551477131.9215933,0,0,0,0,0,0,1,0,0,0,0,0,0,0,0,0,0,0,0,0,0,0,0,0,0,0,0,0,0,1,0,0,0,0,0,0,0,1,0,1,0,0,0,1,0,0
0,0.0,1,0.0,60.1,450.0,204.0,465277455.2451907,477795400.8328347,0,0,0,0,0,0,1,0,0,0,0,0,0,0,1,0,0,0,0,0,0,0,0,0,0,0,0,0,0,0,0,0,0,0,0,0,0,1,0,0,1,0,0,0,1,0
0,2.0,0,9.680406499268875,59.6,381.0,201.0,487295160.00107247,450102573.78601,0,0,0,0,0,0,1,0,0,0,0,0,0,0,0,0,0,0,0,0,0,0,0,0,0,0,0,1,0,0,0,0,0,0,1,0,0,0,0,0,0,1,0,1,0,0
0,1.0,0,10.915106645867503,18.6,215.0,43.0,643197194.4456981,393661988.88665,0,0,0,0,0,0,1,0,0,0,0,0,0,0,0,0,0,0,0,0,0,0,0,0,0,1,0,0,0,0,0,0,0,0,0,0,0,1,0,0,1,0,0,1,0,0
0,0.0,1,0.0,17.0,150.0,41.0,304955580.2630649,322275508.97822154,0,0,0,0,0,0,1,0,0,0,1,0,0,0,0,0,0,0,0,0,0,0,0,0,0,0,0,0,0,0,0,0,0,0,0,1,0,0,0,0,0,1,0,1,0,0
0,1.0,1,0.0,59.6,381.0,201.0,513269525.74075127,484666533.0259533,0,0,0,0,0,0,1,0,0,0,0,0,0,0,0,0,1,0,0,0,0,0,0,0,0,0,0,0,0,0,0,0,0,0,0,0,1,0,0,0,0,1,0,1,0,0
0,0.0,1,0.0,59.6,381.0,201.0,402650276.3212468,498657567.138258,0,0,0,0,0,0,1,0,0,0,0,0,0,0,0,0,0,0,0,0,0,0,0,0,0,0,0,1,0,0,0,0,0,0,0,1,0,0,0,0,0,1,0,0,0,1
0,1.0,0,9.90353755128617,75.3,450.0,201.0,626952694.7407442,562623867.5721444,0,0,0,0,0,0,1,0,0,0,0,0,0,0,0,0,0,0,0,0,0,0,0,0,0,0,0,0,1,0,0,0,0,0,0,0,0,1,0,0,0,1,0,1,0,0
0,0.0,1,0.0,37.2,326.4,134.0,474062283.6665065,355059461.04393363,0,0,0,0,0,0,1,0,0,0,0,0,0,0,0,0,0,0,0,0,0,0,0,0,0,0,1,0,0,0,0,0,0,0,1,0,0,0,0,0,0,1,0,1,0,0
0,1.0,1,8.630700432209832,18.6,215.0,43.0,302966816.1729385,395068964.3285105,0,0,0,0,0,0,1,0,0,0,0,0,0,0,0,0,0,0,0,0,0,0,0,0,0,1,0,0,0,0,0,0,0,0,1,0,0,0,0,0,0,1,0,0,0,1
1,4.0,0,10.239995502805316,42.0,318.6,147.0,431047621.8042523,413928976.17145544,0,0,0,0,0,0,1,0,0,0,0,0,0,0,0,0,0,0,0,0,0,0,0,0,1,0,0,0,0,0,0,0,0,0,0,0,0,1,0,1,0,0,0,1,0,0
1,3.0,1,4.795790545596741,13.4,170.0,26.8,430305444.1882944,484666533.0259533,0,0,0,0,0,0,0,0,1,0,0,0,0,0,0,0,0,0,0,1,0,0,0,0,0,0,0,0,0,0,0,0,0,0,0,0,0,1,0,0,0,1,0,0,0,1
0,0.0,1,0.0,18.6,215.0,43.0,302513142.9461015,335773361.8115058,0,0,0,0,0,0,1,0,0,0,0,0,0,0,0,0,0,0,0,0,0,0,0,0,0,1,0,0,0,0,0,0,0,0,0,0,1,0,0,0,0,1,0,1,0,0
0,1.0,0,10.491301994830229,37.2,326.4,134.0,343332507.3357532,478727070.8607802,0,0,0,0,0,0,1,0,0,0,0,0,0,0,0,0,0,0,0,0,0,0,0,0,0,0,1,0,0,0,0,0,0,0,0,0,0,1,0,0,0,1,0,0,0,1
0,3.0,1,10.933124826700707,82.0,420.0,349.0,746723971.3535901,547927953.0469236,0,0,0,0,0,0,1,0,0,0,0,0,0,0,0,0,0,0,0,0,0,0,0,0,0,0,0,0,0,1,0,0,0,0,0,0,0,1,0,0,1,0,0,1,0,0
0,3.0,0,10.747229096720554,82.0,420.0,349.0,507344180.71804947,549144586.2596896,0,0,0,0,0,0,1,0,0,0,0,0,0,0,0,0,0,0,0,0,0,0,0,0,0,0,0,0,0,1,0,0,0,0,0,0,0,1,0,0,0,1,0,0,0,1
0,2.0,0,0.0,37.2,326.4,134.0,473185927.91813344,391686565.6846394,0,0,0,0,0,0,1,0,0,0,0,0,0,0,0,0,0,0,0,0,0,0,0,0,0,0,1,0,0,0,0,0,0,0,0,0,0,0,1,1,0,0,0,0,1,0
0,1.0,1,0.0,18.6,215.0,43.0,644830044.6872442,394448035.39827794,0,0,0,0,0,0,1,0,0,0,0,0,0,0,0,0,0,0,0,0,0,0,0,0,0,1,0,0,0,0,0,0,0,0,0,1,0,0,0,0,1,0,0,1,0,0
0,1.0,1,0.0,82.0,420.0,349.0,465921617.8976196,659614919.8061639,0,0,0,0,0,0,1,0,0,0,0,0,0,0,0,0,0,0,0,0,0,0,0,0,0,0,0,0,0,1,0,0,0,0,0,0,0,1,0,0,0,1,0,1,0,0
0,2.0,0,9.90353755128617,37.2,326.4,134.0,475073128.80750436,395357450.11501914,0,0,0,0,0,0,1,0,0,0,0,0,0,0,0,0,0,0,0,0,0,0,0,0,0,0,1,0,0,0,0,0,0,0,0,0,0,1,0,0,0,1,0,0,0,1
0,3.0,0,11.156264806643742,82.0,420.0,349.0,494049458.8066291,547809964.6523395,0,0,0,0,0,0,1,0,0,0,0,0,0,0,0,0,0,0,0,0,0,0,0,0,0,0,0,0,0,1,0,0,0,0,0,0,0,1,0,0,0,1,0,0,0,1
0,1.0,1,1.791759469228055,18.6,215.0,43.0,1022190380.7328237,393638733.07269657,0,0,0,0,0,0,1,0,0,0,0,0,0,0,0,0,0,0,0,0,0,0,0,0,0,1,0,0,0,0,0,0,0,0,0,0,0,1,0,0,1,0,0,1,0,0
0,4.0,1,0.0,82.0,420.0,349.0,480794214.26916903,538150582.4254135,0,0,0,0,0,0,1,0,0,0,0,0,0,0,0,0,0,0,0,0,0,0,0,0,0,0,0,0,0,1,0,0,0,0,0,0,0,1,0,0,1,0,0,1,0,0
0,2.0,0,9.61587214452889,18.6,215.0,43.0,302599404.92693216,401644679.3183009,0,0,0,0,0,0,1,0,0,0,0,0,0,0,0,0,0,0,0,0,0,0,0,0,0,1,0,0,0,0,0,0,0,0,0,0,0,1,0,0,0,1,0,1,0,0
0,1.0,0,9.296242800976886,37.2,326.4,134.0,341826387.5194267,477525118.56436324,0,0,0,0,0,0,1,0,0,0,0,0,0,0,0,0,0,0,0,0,0,0,0,0,0,0,1,0,0,0,0,0,0,0,0,0,0,1,0,0,0,1,0,1,0,0
0,4.0,0,10.596659732783579,17.0,150.0,41.0,311288894.6220393,484666533.0259533,0,0,0,0,0,0,1,0,0,0,1,0,0,0,0,0,0,0,0,0,0,0,0,0,0,0,0,0,0,0,0,0,0,0,0,0,0,1,0,0,0,1,0,0,0,1
0,1.0,0,9.61587214452889,75.3,450.0,201.0,440605997.75086665,562562517.8788929,0,0,0,0,0,0,1,0,0,0,0,0,0,0,0,0,0,0,0,0,0,0,0,0,0,0,0,0,1,0,0,0,0,0,0,0,0,1,0,0,0,1,0,1,0,0
0,0.0,1,0.0,18.6,215.0,43.0,393359045.3276564,335851574.1020086,0,0,0,0,0,0,1,0,0,0,0,0,0,0,0,0,0,0,0,0,0,0,0,0,0,1,0,0,0,0,0,0,0,0,1,0,0,0,0,0,0,0,1,1,0,0
0,0.0,1,0.0,18.6,215.0,43.0,301910906.5243762,333667216.56010914,0,0,0,0,0,0,1,0,0,0,0,0,0,0,0,0,0,0,0,0,0,0,0,0,0,1,0,0,0,0,0,0,0,0,0,0,0,1,0,0,1,0,0,1,0,0
0,2.0,0,10.950824090522445,75.3,450.0,201.0,502878560.60425496,398981933.59259635,0,0,0,0,0,0,1,0,0,0,0,0,0,0,0,0,0,0,0,0,0,0,0,0,0,0,0,0,1,0,0,0,0,0,0,0,0,1,0,0,0,1,0,1,0,0
0,1.0,1,0.0,59.6,381.0,201.0,398608614.9045801,439580487.1451675,0,0,0,0,0,0,1,0,0,0,0,0,0,0,0,0,0,0,0,0,0,0,0,0,0,0,0,1,0,0,0,0,0,0,0,0,0,1,0,0,0,1,0,1,0,0
0,1.0,0,9.210440366976517,18.6,215.0,43.0,302184069.46367335,393929430.7471152,0,0,0,0,0,0,1,0,0,0,0,0,0,0,0,0,0,0,0,0,0,0,0,0,0,1,0,0,0,0,0,0,0,0,1,0,0,0,0,0,1,0,0,1,0,0
1,2.0,1,9.852246888342531,59.6,381.0,201.0,397789170.4601357,449677737.1847029,0,0,0,0,0,0,1,0,0,0,0,0,0,0,0,0,0,0,0,0,0,0,0,0,0,0,0,1,0,0,0,0,0,0,0,0,0,1,0,0,1,0,0,1,0,0
0,1.0,1,0.0,18.6,215.0,43.0,302966816.0691047,395068964.1773477,0,0,0,0,0,0,1,0,0,0,0,0,0,0,0,0,0,0,0,0,0,0,0,0,0,1,0,0,0,0,0,0,0,0,0,1,0,0,0,0,0,1,0,0,0,1
0,0.0,1,0.0,18.6,215.0,43.0,646119898.3104326,337359952.3142991,0,0,0,0,0,0,1,0,0,0,0,0,0,0,0,0,0,0,0,0,0,0,0,0,0,1,0,0,0,0,0,0,0,0,0,0,0,1,0,0,0,1,0,0,0,1
0,0.0,1,0.0,60.1,450.0,204.0,465177455.2451907,477761617.0490509,0,0,0,0,0,0,1,0,0,0,0,0,0,0,1,0,0,0,0,0,0,0,0,0,0,0,0,0,0,0,0,0,0,0,0,0,0,1,0,0,0,1,0,1,0,0
0,1.0,0,11.695255355062795,37.2,326.4,134.0,341863122.2133042,477554434.5252753,0,0,0,0,0,0,1,0,0,0,0,0,0,0,0,0,0,0,0,0,0,0,0,0,0,0,1,0,0,0,0,0,0,0,0,0,1,0,0,0,0,1,0,0,0,1
0,2.0,1,7.438971592395862,18.6,215.0,43.0,302966816.27038264,402493385.9640573,0,0,0,0,0,0,1,0,0,0,0,0,0,0,0,0,0,0,0,0,0,0,0,0,0,1,0,0,0,0,0,0,0,0,1,0,0,0,0,0,0,1,0,0,0,1
1,0.0,0,10.736418414365376,59.6,381.0,201.0,411736206.353777,420978338.0086511,0,0,0,0,0,0,1,0,0,0,0,0,0,0,0,0,0,0,0,0,0,0,0,1,0,0,0,0,0,0,0,0,0,0,0,0,0,1,0,1,0,0,0,1,0,0
0,1.0,1,0.0,75.3,450.0,201.0,626940194.7407442,562617732.6028192,0,0,0,0,0,0,1,0,0,0,0,0,0,0,0,0,0,0,0,0,0,0,0,0,0,0,0,0,1,0,0,0,0,0,0,0,0,1,0,0,1,0,0,1,0,0
0,3.0,1,9.210340371976184,59.6,381.0,201.0,737138815.354961,699980340.2505608,0,0,0,0,0,1,0,0,0,0,0,0,0,0,0,0,0,0,0,0,1,0,0,0,0,0,0,0,0,0,0,0,0,0,0,0,0,1,0,0,1,0,0,1,0,0
0,0.0,1,0.0,14.7,170.0,27.0,337362768.71804947,331034829.27921283,0,0,0,0,0,0,1,0,0,0,0,0,0,0,0,0,0,0,1,0,0,0,0,0,0,0,0,0,0,0,0,0,0,0,0,1,0,0,0,0,1,0,0,1,0,0
1,2.0,0,9.61587214452889,18.6,215.0,43.0,302966816.6761334,402493386.9013267,0,0,0,0,0,0,1,0,0,0,0,0,0,0,0,0,0,0,0,0,0,0,0,0,0,1,0,0,0,0,0,0,0,0,0,0,0,1,0,0,0,1,0,0,0,1
0,4.0,1,10.165890277802454,42.0,318.6,147.0,322694287.3049251,414693021.1152757,0,0,0,0,0,0,1,0,0,0,0,0,0,0,0,0,0,0,0,0,0,0,0,0,1,0,0,0,0,0,0,0,0,0,0,0,0,1,0,0,1,0,0,1,0,0
0,3.0,0,10.165890277802454,82.0,420.0,349.0,487157266.4984684,549144585.9289353,0,0,0,0,0,0,1,0,0,0,0,0,0,0,0,0,0,0,0,0,0,0,0,0,0,0,0,0,0,1,0,0,0,0,0,0,0,1,0,0,0,1,0,0,0,1
0,6.0,1,0.0,59.6,381.0,201.0,632904742.8042524,496515030.0235939,0,0,0,0,0,1,0,0,0,0,0,0,0,0,0,0,0,0,0,0,1,0,0,0,0,0,0,0,0,0,0,0,0,0,0,0,0,1,0,0,1,0,0,1,0,0
0,0.0,0,8.006700845440367,59.6,381.0,201.0,487171193.0589237,494527137.0513015,0,0,0,0,0,0,1,0,0,0,0,0,0,0,0,0,0,0,0,0,0,0,0,0,0,0,0,1,0,0,0,0,0,0,1,0,0,0,0,0,0,1,0,1,0,0
0,3.0,0,9.01627006814768,92.0,480.0,402.0,571752447.9574699,459820501.4622338,0,0,0,0,0,0,1,0,0,0,0,0,0,0,0,0,0,0,0,0,0,0,0,0,0,0,0,0,0,0,1,0,0,0,1,0,0,0,0,0,0,0,1,1,0,0
0,1.0,1,0.0,37.2,326.4,134.0,484666533.0259533,478727071.3102916,0,0,0,0,0,0,1,0,0,0,0,0,0,0,0,0,0,0,0,0,0,0,0,0,0,0,1,0,0,0,0,0,0,0,0,0,0,1,0,0,0,1,0,0,0,1
0,1.0,1,0.0,37.2,326.4,134.0,473337771.73592085,476121209.769575,0,0,0,0,0,0,1,0,0,0,0,0,0,0,0,0,0,0,0,0,0,0,0,0,0,0,1,0,0,0,0,0,0,0,0,0,0,1,0,1,0,0,0,1,0,0
0,3.0,0,10.545367754151743,82.0,420.0,349.0,493733669.3329449,547693910.4937321,0,0,0,0,0,0,1,0,0,0,0,0,0,0,0,0,0,0,0,0,0,0,0,0,0,0,0,0,0,1,0,0,0,0,0,0,0,1,0,0,0,1,0,1,0,0
0,3.0,1,0.0,92.0,480.0,402.0,573285406.7541734,461656017.91618115,0,0,0,0,0,0,1,0,0,0,0,0,0,0,0,0,0,0,0,0,0,0,0,0,0,0,0,0,0,0,1,0,0,0,0,0,0,1,0,0,0,1,0,0,0,1
0,1.0,1,0.0,18.6,215.0,43.0,643008788.6485968,393571291.21223146,0,0,0,0,0,0,1,0,0,0,0,0,0,0,0,0,0,0,0,0,0,0,0,0,0,1,0,0,0,0,0,0,0,0,0,0,0,1,0,0,1,0,0,1,0,0
0,1.0,1,9.392745258631441,18.6,215.0,43.0,644912170.2911088,394487570.2819989,0,0,0,0,0,0,1,0,0,0,0,0,0,0,0,0,0,0,0,0,0,0,0,0,0,1,0,0,0,0,0,0,0,0,1,0,0,0,0,0,0,0,1,1,0,0
0,0.0,1,0.0,75.3,450.0,201.0,535202694.74074423,514043177.91981226,0,0,0,0,0,0,1,0,0,0,0,0,0,0,0,0,0,0,0,0,0,0,0,0,0,0,0,0,1,0,0,0,0,0,0,0,0,1,0,1,0,0,0,0,1,0
0,2.0,0,9.071193240566025,37.2,326.4,134.0,474140374.7727972,393543105.7690276,0,0,0,0,0,0,1,0,0,0,0,0,0,0,0,0,0,0,0,0,0,0,0,0,0,0,1,0,0,0,0,0,0,0,0,0,0,1,0,0,0,1,0,1,0,0
0,1.0,1,0.0,37.2,326.0,136.0,388729440.7503075,583523843.6164119,0,0,0,0,0,0,1,0,0,0,0,0,1,0,0,0,0,0,0,0,0,0,0,0,0,0,0,0,0,0,0,0,0,0,1,0,0,0,0,0,0,1,0,1,0,0
0,2.0,0,11.51293546492023,37.2,326.4,134.0,474324756.55153906,393901755.5580571,0,0,0,0,0,0,1,0,0,0,0,0,0,0,0,0,0,0,0,0,0,0,0,0,0,0,1,0,0,0,0,0,0,0,0,0,1,0,0,0,0,1,0,1,0,0
0,3.0,0,10.915106645867503,37.2,326.4,134.0,473556860.67301416,433878910.6137602,0,0,0,0,0,0,1,0,0,0,0,0,0,0,0,0,0,0,0,0,0,0,0,0,0,0,1,0,0,0,0,0,0,0,0,0,0,1,0,1,0,0,0,1,0,0
0,2.0,0,11.373674891823535,37.2,326.4,134.0,440605976.47813934,393800489.7352723,0,0,0,0,0,0,1,0,0,0,0,0,0,0,0,0,0,0,0,0,0,0,0,0,0,0,1,0,0,0,0,0,0,0,0,0,0,1,0,0,0,1,0,1,0,0
0,3.0,1,10.404293143019792,82.0,420.0,349.0,545722110.854961,549144585.9985677,0,0,0,0,0,0,1,0,0,0,0,0,0,0,0,0,0,0,0,0,0,0,0,0,0,0,0,0,0,1,0,0,0,0,0,0,0,1,0,0,0,1,0,0,0,1
0,1.0,1,0.0,59.6,381.0,201.0,753289421.8528086,1127722110.8549612,0,0,0,0,0,0,1,0,0,0,0,0,0,0,0,0,0,1,0,0,0,0,0,0,0,0,0,0,0,0,0,0,0,0,0,1,0,0,0,0,0,1,0,1,0,0
0,0.0,1,0.0,60.1,450.0,204.0,372291934.1750502,482180532.18418604,0,0,0,0,0,0,1,0,0,0,0,0,0,0,1,0,0,0,0,0,0,0,0,0,0,0,0,0,0,0,0,0,0,0,1,0,0,0,0,0,0,1,0,0,0,1
0,2.0,0,10.839600519357369,82.0,420.0,349.0,482475742.9315894,556604791.4960613,0,0,0,0,0,0,1,0,0,0,0,0,0,0,0,0,0,0,0,0,0,0,0,0,0,0,0,0,0,1,0,0,0,0,0,0,0,1,0,0,0,1,0,0,0,1
0,4.0,0,10.859018228147887,82.0,420.0,349.0,440605989.11450297,545088078.5365245,0,0,0,0,0,0,1,0,0,0,0,0,0,0,0,0,0,0,0,0,0,0,0,0,0,0,0,0,0,1,0,0,0,0,0,0,0,1,0,0,0,1,0,0,0,1
0,3.0,0,10.404959567375004,59.6,381.0,201.0,484666533.0259533,441989717.0393604,0,0,0,0,0,0,1,0,0,0,0,0,0,0,0,0,0,0,0,0,0,0,0,0,0,0,0,1,0,0,0,0,0,0,0,0,0,1,0,0,0,1,0,0,0,1
0,0.0,1,0.0,18.6,215.0,43.0,302524325.0547277,335812467.9567572,0,0,0,0,0,0,1,0,0,0,0,0,0,0,0,0,0,0,0,0,0,0,0,0,0,1,0,0,0,0,0,0,0,0,0,0,1,0,0,0,0,1,0,1,0,0
0,1.0,0,9.472781556562168,37.2,326.4,134.0,475073128.0265933,478727070.5187607,0,0,0,0,0,0,1,0,0,0,0,0,0,0,0,0,0,0,0,0,0,0,0,0,0,0,1,0,0,0,0,0,0,0,0,0,0,1,0,0,0,1,0,0,0,1
0,1.0,0,10.308985993422082,75.3,450.0,201.0,484666533.0259533,562617732.6028192,0,0,0,0,0,0,1,0,0,0,0,0,0,0,0,0,0,0,0,0,0,0,0,0,0,0,0,0,1,0,0,0,0,0,0,0,1,0,0,0,0,1,0,1,0,0
0,0.0,0,10.736418414365376,75.3,450.0,201.0,626815194.7407442,581281710.029904,0,0,0,0,0,0,1,0,0,0,0,0,0,0,0,0,0,0,0,0,0,0,0,0,0,0,0,0,1,0,0,0,0,0,0,0,0,1,0,1,0,0,0,1,0,0
0,4.0,1,10.434145214930487,82.0,420.0,349.0,497681035.3908397,545088079.3073579,0,0,0,0,0,0,1,0,0,0,0,0,0,0,0,0,0,0,0,0,0,0,0,0,0,0,0,0,0,1,0,0,0,0,0,0,0,1,0,0,0,1,0,0,0,1
0,2.0,0,10.463131911491967,18.6,215.0,43.0,302966816.0211814,402493385.3884116,0,0,0,0,0,0,1,0,0,0,0,0,0,0,0,0,0,0,0,0,0,0,0,0,0,1,0,0,0,0,0,0,0,0,0,0,0,1,0,0,0,1,0,0,0,1
0,4.0,1,10.819798284210286,42.0,318.6,147.0,403888848.0216277,403888848.0216277,0,0,0,0,0,0,1,0,0,0,0,0,0,0,0,0,0,0,0,1,0,0,0,0,0,0,0,0,0,0,0,0,0,0,0,0,0,1,0,1,0,0,0,1,0,0
0,1.0,0,10.373522431293592,37.2,326.4,134.0,474129528.78581244,477310134.85100824,0,0,0,0,0,0,1,0,0,0,0,0,0,0,0,0,0,0,0,0,0,0,0,0,0,0,1,0,0,0,0,0,0,0,0,0,1,0,0,0,0,1,0,0,0,1
0,1.0,0,10.275085591132715,60.1,450.0,204.0,368818252.9118923,456009820.0223256,0,0,0,0,0,0,1,0,0,0,0,0,0,0,1,0,0,0,0,0,0,0,0,0,0,0,0,0,0,0,0,0,0,0,0,0,1,0,0,0,0,1,0,1,0,0
0,1.0,1,0.0,75.3,450.0,201.0,509452627.45610684,566666807.5721444,0,0,0,0,0,0,1,0,0,0,0,0,0,0,0,0,0,0,0,0,0,0,0,0,0,0,0,0,1,0,0,0,0,0,0,0,0,1,0,0,0,1,0,0,0,1
0,1.0,0,11.06665398721974,59.6,381.0,201.0,550553226.6911277,439555063.41635394,0,0,0,0,0,0,1,0,0,0,0,0,0,0,0,0,0,0,0,0,0,0,0,0,0,0,0,1,0,0,0,0,0,0,0,0,0,1,0,1,0,0,0,1,0,0
0,0.0,1,0.0,59.6,381.0,201.0,484666533.0259533,484666533.0259533,0,0,0,0,1,0,0,0,0,0,0,0,0,0,0,0,0,0,0,1,0,0,0,0,0,0,0,0,0,0,0,0,0,0,0,0,0,1,0,0,1,0,0,1,0,0
0,3.0,1,0.0,82.0,420.0,349.0,372820565.94304097,548664896.9540803,0,0,0,0,0,0,1,0,0,0,0,0,0,0,0,0,0,0,0,0,0,0,0,0,0,0,0,0,0,1,0,0,0,0,0,1,0,0,0,0,1,0,0,1,0,0
0,2.0,0,9.19023970026918,18.6,215.0,43.0,302632951.2528107,401722170.0932086,0,0,0,0,0,0,1,0,0,0,0,0,0,0,0,0,0,0,0,0,0,0,0,0,0,1,0,0,0,0,0,0,0,0,0,0,0,1,0,0,0,1,0,1,0,0
0,0.0,1,0.0,82.0,420.0,349.0,474077905.6434291,617571061.8509204,0,0,0,0,0,0,1,0,0,0,0,0,0,0,0,0,0,0,0,0,0,0,0,0,0,0,0,0,0,1,0,0,0,0,0,0,0,1,0,0,0,1,0,1,0,0
0,1.0,0,10.8213170998263,37.2,326.4,134.0,341679448.74391645,477407854.72071505,0,0,0,0,0,0,1,0,0,0,0,0,0,0,0,0,0,0,0,0,0,0,0,0,0,0,1,0,0,0,0,0,0,0,0,0,1,0,0,0,0,1,0,0,0,1
0,1.0,0,7.8636512654486515,59.6,381.0,201.0,514680566.18614185,552075737.1481606,0,0,0,0,0,0,1,0,0,0,0,0,0,1,0,0,0,0,0,0,0,0,0,0,0,0,0,0,0,0,0,0,0,0,0,0,0,1,0,0,1,0,0,1,0,0
0,3.0,0,9.208238163884312,59.6,381.0,201.0,540925851.6810851,699392104.9564431,0,0,0,0,0,1,0,0,0,0,0,0,0,0,0,0,0,0,0,0,1,0,0,0,0,0,0,0,0,0,0,0,0,0,0,0,0,1,0,1,0,0,0,1,0,0
1,3.0,1,10.703783648613117,82.0,420.0,349.0,742494879.3267456,547782885.3486644,0,0,0,0,0,0,1,0,0,0,0,0,0,0,0,0,0,0,0,0,0,0,0,0,0,0,0,0,0,1,0,0,0,0,0,1,0,0,0,0,1,0,0,1,0,0
0,1.0,0,7.601402334583733,59.6,381.0,201.0,489919123.100246,442046584.8994048,0,0,0,0,0,0,1,0,0,0,0,0,0,0,0,0,0,0,0,0,0,0,0,0,0,0,0,1,0,0,0,0,0,0,0,0,0,1,0,0,0,1,0,0,0,1
0,1.0,1,0.0,18.6,215.0,43.0,302966816.40936023,395068964.6726966,0,0,0,0,0,0,1,0,0,0,0,0,0,0,0,0,0,0,0,0,0,0,0,0,0,1,0,0,0,0,0,0,0,0,0,0,0,1,0,0,0,1,0,0,0,1
0,3.0,0,10.62135173563291,82.0,420.0,349.0,487157266.7659843,549144586.0101732,0,0,0,0,0,0,1,0,0,0,0,0,0,0,0,0,0,0,0,0,0,0,0,0,0,0,0,0,0,1,0,0,0,0,0,0,0,1,0,0,0,1,0,0,0,1
0,0.0,1,0.0,59.6,381.0,201.0,484242302.75086665,484242302.75086665,0,0,0,0,1,0,0,0,0,0,0,0,0,0,0,0,0,0,0,1,0,0,0,0,0,0,0,0,0,0,0,0,0,0,0,1,0,0,0,0,0,1,0,1,0,0
0,1.0,0,9.90353755128617,37.2,326.4,134.0,343332508.1724879,478727071.5285326,0,0,0,0,0,0,1,0,0,0,0,0,0,0,0,0,0,0,0,0,0,0,0,0,0,0,1,0,0,0,0,0,0,0,0,0,0,1,0,0,0,1,0,0,0,1
0,1.0,0,10.308985993422082,59.6,381.0,201.0,550204170.0873541,439398283.755337,0,0,0,0,0,0,1,0,0,0,0,0,0,0,0,0,0,0,0,0,0,0,0,0,0,0,0,1,0,0,0,0,0,0,0,0,0,1,0,0,1,0,0,1,0,0
0,3.0,1,0.0,59.6,381.0,201.0,803783266.5129766,853146613.2103813,0,0,0,1,0,0,0,0,0,0,0,1,0,0,0,0,0,0,0,0,0,0,0,0,0,0,0,0,0,0,0,0,0,0,0,0,0,1,0,0,1,0,0,1,0,0
0,2.0,1,0.0,37.2,326.4,134.0,473457077.5927538,392213991.84497696,0,0,0,0,0,0,1,0,0,0,0,0,0,0,0,0,0,0,0,0,0,0,0,0,0,0,1,0,0,0,0,0,0,0,0,0,0,1,0,0,1,0,0,1,0,0
0,0.0,0,9.90353755128617,18.6,215.0,43.0,302484388.9524912,335672803.1522879,0,0,0,0,0,0,1,0,0,0,0,0,0,0,0,0,0,0,0,0,0,0,0,0,0,1,0,0,0,0,0,0,0,0,1,0,0,0,0,0,0,1,0,1,0,0
0,1.0,0,7.601402334583733,59.6,381.0,201.0,481882071.3312895,435791663.7662208,0,0,0,0,0,0,1,0,0,0,0,0,0,0,0,0,0,0,0,0,0,1,0,0,0,0,0,0,0,0,0,0,0,0,0,0,1,0,0,0,0,1,0,0,0,1
0,2.0,0,2.5649493574615367,82.0,420.0,349.0,437619056.7328238,560514362.5652103,0,0,0,0,0,0,1,0,0,0,0,0,0,0,0,0,0,0,0,0,0,0,0,0,0,0,0,0,0,1,0,0,0,0,0,0,0,1,0,0,0,1,0,0,0,1
0,2.0,0,10.859018228147887,59.6,381.0,201.0,764820410.0199641,484666533.0259533,0,0,0,0,1,0,0,0,0,0,0,0,0,0,0,0,0,0,0,1,0,0,0,0,0,0,0,0,0,0,0,0,0,0,0,0,0,1,0,0,0,1,0,0,0,1
0,2.0,0,9.296518068217235,75.3,450.0,201.0,502610042.08573645,398584673.3186237,0,0,0,0,0,0,1,0,0,0,0,0,0,0,0,0,0,0,0,0,0,0,0,0,0,0,0,0,1,0,0,0,0,0,0,0,0,1,0,0,0,1,0,1,0,0
0,3.0,1,0.0,82.0,420.0,349.0,484666533.0259533,484666533.0259533,0,0,0,0,0,0,1,0,0,0,0,0,0,0,0,0,0,0,0,1,0,0,0,0,0,0,0,0,0,0,0,0,0,0,0,0,0,1,0,0,0,1,0,0,0,1
0,1.0,0,9.105090961257085,59.6,381.0,201.0,440605978.47813934,440605978.47813934,0,0,0,0,1,0,0,0,0,0,0,0,0,0,0,0,0,0,0,1,0,0,0,0,0,0,0,0,0,0,0,0,0,0,0,0,0,1,0,0,0,1,0,0,0,1
0,0.0,1,0.0,18.6,215.0,43.0,644723764.4940073,335745428.85061187,0,0,0,0,0,0,1,0,0,0,0,0,0,0,0,0,0,0,0,0,0,0,0,0,0,1,0,0,0,0,0,0,0,1,0,0,0,0,0,0,0,1,0,1,0,0
0,1.0,1,0.0,60.1,450.0,204.0,372291933.18031335,460530362.83739406,0,0,0,0,0,0,1,0,0,0,0,0,0,0,1,0,0,0,0,0,0,0,0,0,0,0,0,0,0,0,0,0,0,0,0,1,0,0,0,0,0,1,0,0,0,1
0,1.0,1,0.0,37.2,326.4,134.0,474120851.9962246,477297105.5350473,0,0,0,0,0,0,1,0,0,0,0,0,0,0,0,0,0,0,0,0,0,0,0,0,0,0,1,0,0,0,0,0,0,0,1,0,0,0,0,0,0,1,0,1,0,0
0,2.0,0,12.577639650232573,37.2,326.4,134.0,474140374.7727972,393543105.7690276,0,0,0,0,0,0,1,0,0,0,0,0,0,0,0,0,0,0,0,0,0,0,0,0,0,0,1,0,0,0,0,0,0,0,1,0,0,0,0,1,0,0,0,1,0,0
1,1.0,0,10.239995502805316,37.2,326.4,134.0,474151220.759782,477342708.1409105,0,0,0,0,0,0,1,0,0,0,0,0,0,0,0,0,0,0,0,0,0,0,0,0,0,0,1,0,0,0,0,0,0,0,0,0,0,1,0,0,0,1,0,1,0,0
1,2.0,1,9.105090961257085,59.6,381.0,201.0,424205122.3276564,448828063.98208845,0,0,0,0,0,0,1,0,0,0,0,0,0,0,0,0,0,0,0,0,0,0,0,0,0,0,0,1,0,0,0,0,0,0,0,0,0,1,0,0,1,0,0,1,0,0
0,3.0,1,0.0,82.0,420.0,349.0,748341158.8535901,548328339.894119,0,0,0,0,0,0,1,0,0,0,0,0,0,0,0,0,0,0,0,0,0,0,0,0,0,0,0,0,0,1,0,0,0,0,0,0,0,1,0,0,1,0,0,1,0,0
0,3.0,1,5.993961427306569,92.0,480.0,402.0,570966733.6717557,458879711.9885496,0,0,0,0,0,0,1,0,0,0,0,0,0,0,0,0,0,0,0,0,0,0,0,0,0,0,0,0,0,0,1,0,0,0,0,0,0,1,0,0,1,0,0,1,0,0
0,3.0,0,8.517393171418904,37.2,326.4,134.0,431941990.1417188,438606183.3410329,0,0,0,0,0,0,1,0,0,0,0,0,0,0,0,0,0,0,0,0,0,0,0,0,0,0,1,0,0,0,0,0,0,0,1,0,0,0,0,0,1,0,0,1,0,0
0,3.0,1,9.358846580275406,92.0,480.0,402.0,571774425.9794481,459846817.2517075,0,0,0,0,0,0,1,0,0,0,0,0,0,0,0,0,0,0,0,0,0,0,0,0,0,0,0,0,0,0,1,0,0,0,1,0,0,0,0,0,0,0,1,1,0,0
0,1.0,0,10.308985993422082,18.6,215.0,43.0,302573845.82150084,394496872.6075803,0,0,0,0,0,0,1,0,0,0,0,0,0,0,0,0,0,0,0,0,0,0,0,0,0,1,0,0,0,0,0,0,0,0,0,0,0,1,0,0,0,1,0,1,0,0
0,2.0,0,9.305741456739435,82.0,420.0,349.0,493386300.9118923,556173940.4322315,0,0,0,0,0,0,1,0,0,0,0,0,0,0,0,0,0,0,0,0,0,0,0,0,0,0,0,0,0,1,0,0,0,0,0,0,0,1,0,0,0,1,0,1,0,0
1,2.0,1,10.596659732783579,37.2,326.4,134.0,474086144.83787316,393437620.53696007,0,0,0,0,0,0,1,0,0,0,0,0,0,0,0,0,0,0,0,0,0,0,0,0,0,0,1,0,0,0,0,0,0,0,0,0,0,1,0,0,1,0,0,1,0,0
0,1.0,0,8.517393171418904,59.6,381.0,201.0,337037089.1255296,346190514.6613952,0,0,0,0,0,0,0,0,1,0,0,0,0,0,0,0,0,0,0,1,0,0,0,0,0,0,0,0,0,0,0,0,0,0,1,0,0,0,0,0,0,1,0,0,0,1
0,2.0,0,10.968215530759236,37.2,326.4,134.0,474216296.68169093,393690785.0939221,0,0,0,0,0,0,1,0,0,0,0,0,0,0,0,0,0,0,0,0,0,0,0,0,0,0,1,0,0,0,0,0,0,0,0,0,1,0,0,0,0,1,0,1,0,0
0,0.0,0,9.90353755128617,37.2,326.4,134.0,343332508.00105935,357538181.88435924,0,0,0,0,0,0,1,0,0,0,0,0,0,0,0,0,0,0,0,0,0,0,0,0,0,0,1,0,0,0,0,0,0,0,0,0,0,1,0,0,0,1,0,0,0,1
0,3.0,0,10.571342565808699,82.0,420.0,349.0,488408717.13740426,548009190.9579488,0,0,0,0,0,0,1,0,0,0,0,0,0,0,0,0,0,0,0,0,0,0,0,0,0,0,0,0,0,1,0,0,0,0,0,0,1,0,0,0,0,1,0,0,0,1
0,3.0,1,9.90353755128617,82.0,420.0,349.0,532666583.1412208,547817701.5962466,0,0,0,0,0,0,1,0,0,0,0,0,0,0,0,0,0,0,0,0,0,0,0,0,0,0,0,0,0,1,0,0,0,0,0,0,0,1,0,0,1,0,0,1,0,0
0,2.0,0,11.097425172408931,37.2,326.4,134.0,474569875.85739595,394378548.80700225,0,0,0,0,0,0,1,0,0,0,0,0,0,0,0,0,0,0,0,0,0,0,0,0,0,0,1,0,0,0,0,0,0,0,1,0,0,0,0,0,0,0,1,1,0,0
0,1.0,1,0.0,37.2,326.4,134.0,474088183.8834263,477248050.16045445,0,0,0,0,0,0,1,0,0,0,0,0,0,0,0,0,0,0,0,0,0,0,0,0,0,0,1,0,0,0,0,0,0,0,0,0,0,1,0,0,0,1,0,1,0,0
0,1.0,1,10.308952660644293,37.2,326.4,134.0,343332508.96840626,478727072.1637118,0,0,0,0,0,0,1,0,0,0,0,0,0,0,0,0,0,0,0,0,0,0,0,0,0,0,1,0,0,0,0,0,0,0,0,1,0,0,0,0,0,1,0,0,0,1
0,4.0,0,10.308985993422082,82.0,420.0,349.0,393604174.3287208,539914471.3143023,0,0,0,0,0,0,1,0,0,0,0,0,0,0,0,0,0,0,0,0,0,0,0,0,0,0,0,0,0,1,0,0,0,0,0,0,0,1,0,1,0,0,0,1,0,0
0,3.0,0,11.156264806643742,59.6,381.0,201.0,487935655.86884105,426989737.6956104,0,0,0,0,0,0,1,0,0,0,0,0,0,0,0,0,0,0,0,0,0,0,0,0,0,0,0,1,0,0,0,0,0,0,1,0,0,0,0,0,1,0,0,1,0,0
0,0.0,1,0.0,59.6,381.0,201.0,531859973.87844956,543115272.6936151,0,0,0,0,0,0,1,0,0,0,0,0,0,1,0,0,0,0,0,0,0,0,0,0,0,0,0,0,0,0,0,0,0,0,0,0,0,1,0,0,0,1,0,0,0,1
0,0.0,1,0.0,37.2,326.4,134.0,341601897.7235083,355282865.29925287,0,0,0,0,0,0,1,0,0,0,0,0,0,0,0,0,0,0,0,0,0,0,0,0,0,0,1,0,0,0,0,0,0,0,0,0,0,1,0,0,0,1,0,1,0,0
0,3.0,0,9.392745258631441,82.0,420.0,349.0,745402854.7868683,548699713.2016625,0,0,0,0,0,0,1,0,0,0,0,0,0,0,0,0,0,0,0,0,0,0,0,0,0,0,0,0,0,1,0,0,0,0,1,0,0,0,0,0,0,0,1,1,0,0
0,1.0,1,9.169622538697624,37.2,326.4,134.0,475073128.08950007,478727070.6132232,0,0,0,0,0,0,1,0,0,0,0,0,0,0,0,0,0,0,0,0,0,0,0,0,0,0,1,0,0,0,0,0,0,0,0,0,0,1,0,0,0,1,0,0,0,1
0,2.0,0,9.90353755128617,92.0,480.0,402.0,610577996.4145572,485779376.50915104,0,0,0,0,0,0,1,0,0,0,0,0,0,0,0,0,0,0,0,0,0,0,0,0,0,0,0,0,0,0,1,0,0,0,0,0,0,0,1,0,0,1,0,0,0,1
0,0.0,1,0.0,37.2,326.4,134.0,341332509.96840626,354931801.4694656,0,0,0,0,0,0,1,0,0,0,0,0,0,0,0,0,0,0,0,0,0,0,0,0,0,0,1,0,0,0,0,0,0,0,1,0,0,0,0,0,0,1,0,1,0,0
0,0.0,1,0.0,37.2,326.4,134.0,340703938.53983486,354112652.53329533,0,0,0,0,0,0,1,0,0,0,0,0,0,0,0,0,0,0,0,0,0,0,0,0,0,0,1,0,0,0,0,0,0,0,0,0,0,1,0,0,1,0,0,1,0,0
0,0.0,1,0.0,59.6,381.0,201.0,362658725.8103813,420615607.66232544,0,0,0,0,0,0,1,0,0,1,0,0,0,0,0,0,0,0,0,0,0,0,0,0,0,0,0,0,0,0,0,0,0,0,0,1,0,0,0,0,0,1,0,1,0,0
0,1.0,1,0.0,18.6,215.0,43.0,643728595.4118818,393917802.84013844,0,0,0,0,0,0,1,0,0,0,0,0,0,0,0,0,0,0,0,0,0,0,0,0,0,1,0,0,0,0,0,0,0,0,1,0,0,0,0,0,1,0,0,0,1,0
0,0.0,1,0.0,82.0,420.0,349.0,493475774.59610283,617312070.2542819,0,0,0,0,0,0,1,0,0,0,0,0,0,0,0,0,0,0,0,0,0,0,0,0,0,0,0,0,0,1,0,0,0,0,0,0,0,1,0,0,0,1,0,1,0,0
0,1.0,0,10.463131911491967,75.3,450.0,201.0,557892430.0083721,545814051.6212242,0,0,0,0,0,0,1,0,0,0,0,0,0,0,0,0,0,0,0,0,0,0,0,0,0,0,0,0,1,0,0,0,0,0,0,0,0,0,1,0,0,0,1,0,1,0
0,0.0,0,9.90353755128617,75.3,450.0,201.0,497924856.90055126,576006480.6721057,0,0,0,0,0,0,1,0,0,0,0,0,0,0,0,0,0,0,0,0,0,0,0,0,0,0,0,0,1,0,0,0,0,0,0,0,0,1,0,1,0,0,0,1,0,0
0,4.0,1,8.188966863648876,82.0,420.0,349.0,482533067.7723537,540046415.7587467,0,0,0,0,0,0,1,0,0,0,0,0,0,0,0,0,0,0,0,0,0,0,0,0,0,0,0,0,0,1,0,0,0,0,0,1,0,0,0,0,1,0,0,0,1,0
0,2.0,1,0.0,82.0,420.0,349.0,473088591.9179389,555354791.4960613,0,0,0,0,0,0,1,0,0,0,0,0,0,0,0,0,0,0,0,0,0,0,0,0,0,0,0,0,0,1,0,0,0,0,0,0,0,1,0,1,0,0,0,1,0,0
0,1.0,1,0.0,75.3,450.0,201.0,503165597.64129204,562501168.1856413,0,0,0,0,0,0,1,0,0,0,0,0,0,0,0,0,0,0,0,0,0,0,0,0,0,0,0,0,1,0,0,0,0,0,0,1,0,0,0,0,1,0,0,1,0,0
0,1.0,0,0.0,92.0,480.0,402.0,602507829.7478907,661911903.8825601,0,0,0,0,0,0,1,0,0,0,0,0,0,0,0,0,0,0,0,0,0,0,0,0,0,0,0,0,0,0,1,0,0,0,0,0,0,0,1,1,0,0,0,0,1,0
0,2.0,1,9.105090961257085,75.3,450.0,201.0,502341523.56721795,398187413.04465115,0,0,0,0,0,0,1,0,0,0,0,0,0,0,0,0,0,0,0,0,0,0,0,0,0,0,0,0,1,0,0,0,0,0,0,0,0,1,0,0,1,0,0,1,0,0
0,3.0,0,11.225256725762893,37.2,326.4,134.0,343332508.5194267,442956828.0812926,0,0,0,0,0,0,1,0,0,0,0,0,0,0,0,0,0,0,0,0,0,0,0,0,0,0,1,0,0,0,0,0,0,0,0,0,0,1,0,0,0,1,0,0,0,1
0,1.0,0,10.596659732783579,59.6,381.0,201.0,418641089.24075127,394619077.9471095,1,0,0,0,0,0,0,0,0,0,0,0,0,0,0,0,0,0,0,0,0,0,0,0,0,0,0,0,0,0,0,0,1,0,0,0,0,1,0,0,0,1,0,0,0,1
0,1.0,1,0.0,59.6,381.0,201.0,402650279.918469,442046587.83160824,0,0,0,0,0,0,1,0,0,0,0,0,0,0,0,0,0,0,0,0,0,0,0,0,0,0,0,1,0,0,0,0,0,0,0,0,0,1,0,0,0,1,0,0,0,1
1,3.0,1,10.596659732783579,82.0,420.0,349.0,742973406.9341077,547933755.754854,0,0,0,0,0,0,1,0,0,0,0,0,0,0,0,0,0,0,0,0,0,0,0,0,0,0,0,0,0,1,0,0,0,0,0,0,0,1,0,0,1,0,0,1,0,0
0,0.0,1,0.0,37.2,326.0,136.0,390342307.8470817,337057446.22355473,0,0,0,0,0,0,1,0,0,0,0,0,1,0,0,0,0,0,0,0,0,0,0,0,0,0,0,0,0,0,0,0,0,0,0,0,0,0,1,0,0,1,0,0,0,1
0,1.0,0,9.741027444837728,60.1,450.0,204.0,372291933.85926074,460530363.7209557,0,0,0,0,0,0,1,0,0,0,0,0,0,0,1,0,0,0,0,0,0,0,0,0,0,0,0,0,0,0,0,0,0,0,0,1,0,0,0,0,0,1,0,0,0,1
0,0.0,1,0.0,82.0,420.0,349.0,742703468.2838008,618396103.8677272,0,0,0,0,0,0,1,0,0,0,0,0,0,0,0,0,0,0,0,0,0,0,0,0,0,0,0,0,0,1,0,0,0,0,0,1,0,0,0,0,1,0,0,1,0,0
0,3.0,0,10.859018228147887,82.0,420.0,349.0,493965248.2803134,547779016.8767109,0,0,0,0,0,0,1,0,0,0,0,0,0,0,0,0,0,0,0,0,0,0,0,0,0,0,0,0,0,1,0,0,0,0,0,0,0,1,0,0,0,1,0,1,0,0
0,2.0,1,10.308985993422082,82.0,420.0,349.0,518466680.85648835,533918621.2832954,0,0,0,0,0,0,1,0,0,0,0,0,0,0,0,0,0,0,0,0,0,0,0,0,0,0,0,0,0,1,0,0,0,0,0,0,0,1,0,1,0,0,0,1,0,0
0,1.0,0,9.392745258631441,37.2,326.4,134.0,474086144.83787316,477244988.27120364,0,0,0,0,0,0,1,0,0,0,0,0,0,0,0,0,0,0,0,0,0,0,0,0,0,0,1,0,0,0,0,0,0,0,0,0,0,1,0,0,0,1,0,1,0,0
0,3.0,0,9.852246888342531,82.0,420.0,349.0,749997408.8535901,548738397.9211982,0,0,0,0,0,0,1,0,0,0,0,0,0,0,0,0,0,0,0,0,0,0,0,0,0,0,0,0,0,1,0,0,0,0,1,0,0,0,0,0,0,0,1,1,0,0
0,3.0,0,10.915106645867503,82.0,420.0,349.0,445586782.1703813,547987914.3622041,0,0,0,0,0,0,1,0,0,0,0,0,0,0,0,0,0,0,0,0,0,0,0,0,0,0,0,0,0,1,0,0,0,0,0,0,0,1,0,0,1,0,0,1,0,0
0,3.0,0,10.545367754151743,82.0,420.0,349.0,484666533.0259533,547837043.9560145,0,0,0,0,0,0,1,0,0,0,0,0,0,0,0,0,0,0,0,0,0,0,0,0,0,0,0,0,0,1,0,0,0,0,0,0,1,0,0,0,0,1,0,1,0,0
0,1.0,0,10.463131911491967,59.6,381.0,201.0,484666533.0259533,442046587.7680489,0,0,0,0,0,0,1,0,0,0,0,0,0,0,0,0,0,0,0,0,0,0,0,0,0,0,0,1,0,0,0,0,0,0,0,0,0,1,0,0,0,1,0,0,0,1
0,2.0,1,5.117993812416755,92.0,480.0,402.0,569411788.6168107,477285412.6537294,0,0,0,0,0,0,1,0,0,0,0,0,0,0,0,0,0,0,0,0,0,0,0,0,0,0,0,0,0,0,1,0,0,0,0,1,0,0,0,0,1,0,0,1,0,0
0,4.0,1,10.596659732783579,82.0,420.0,349.0,475495454.66303694,541761693.5365245,0,0,0,0,0,0,1,0,0,0,0,0,0,0,0,0,0,0,0,0,0,0,0,0,0,0,0,0,0,1,0,0,0,0,0,0,0,1,0,0,1,0,0,1,0,0
0,1.0,1,7.813187267521416,18.6,215.0,43.0,302966815.10424846,395068962.77269655,0,0,0,0,0,0,1,0,0,0,0,0,0,0,0,0,0,0,0,0,0,0,0,0,0,1,0,0,0,0,0,0,0,0,0,0,0,1,0,0,0,1,0,0,0,1
0,0.0,1,0.0,75.3,450.0,201.0,482622850.0127226,580226664.1583444,0,0,0,0,0,0,1,0,0,0,0,0,0,0,0,0,0,0,0,0,0,0,0,0,0,0,0,0,1,0,0,0,0,0,0,0,1,0,0,0,0,1,0,1,0,0
0,1.0,0,9.210440366976517,92.0,480.0,402.0,610577993.826838,669775140.677432,0,0,0,0,0,0,1,0,0,0,0,0,0,0,0,0,0,0,0,0,0,0,0,0,0,0,0,0,0,0,1,0,0,0,0,0,0,1,0,0,0,1,0,0,0,1
0,1.0,1,0.0,75.3,450.0,201.0,490552139.9218135,566666810.5230646,0,0,0,0,0,0,1,0,0,0,0,0,0,0,0,0,0,0,0,0,0,0,0,0,0,0,0,0,1,0,0,0,0,0,0,0,0,1,0,0,0,1,0,0,0,1
0,1.0,0,8.294299608857235,92.0,480.0,402.0,610577994.9233292,669775141.745808,0,0,0,0,0,0,1,0,0,0,0,0,0,0,0,0,0,0,0,0,0,0,0,0,0,0,0,0,0,0,1,0,0,0,0,0,0,1,0,0,0,1,0,0,0,1
0,0.0,1,0.0,60.1,450.0,204.0,368707726.59610283,477579184.6166185,0,0,0,0,0,0,1,0,0,0,0,0,0,0,1,0,0,0,0,0,0,0,0,0,0,0,0,0,0,0,0,0,0,0,0,1,0,0,0,0,0,1,0,1,0,0
0,3.0,0,10.596659732783579,82.0,420.0,349.0,477843490.1042134,549144585.9869623,0,0,0,0,0,0,1,0,0,0,0,0,0,0,0,0,0,0,0,0,0,0,0,0,0,0,0,0,0,1,0,0,0,0,0,0,0,1,0,0,0,1,0,0,0,1
0,0.0,0,9.90353755128617,60.1,450.0,204.0,372018252.91189224,481829184.6166185,0,0,0,0,0,0,1,0,0,0,0,0,0,0,1,0,0,0,0,0,0,0,0,0,0,0,0,0,0,0,0,0,0,0,0,0,0,1,0,0,0,1,0,1,0,0
1,2.0,0,10.203629181337648,82.0,420.0,349.0,637741680.8564883,559296280.8577635,0,0,0,0,0,0,1,0,0,0,0,0,0,0,0,0,0,0,0,0,0,0,0,0,0,0,0,0,0,1,0,0,0,0,1,0,0,0,0,0,0,0,1,1,0,0
0,0.0,1,0.0,37.2,326.4,134.0,475073127.7749664,357538179.84180605,0,0,0,0,0,0,1,0,0,0,0,0,0,0,0,0,0,0,0,0,0,0,0,0,0,0,1,0,0,0,0,0,0,0,0,0,0,1,0,0,0,1,0,0,0,1
1,1.0,0,4.007333185232471,92.0,480.0,402.0,573285406.9135139,669775139.1817055,0,0,0,0,0,0,1,0,0,0,0,0,0,0,0,0,0,0,0,0,0,0,0,0,0,0,0,0,0,0,1,0,0,0,0,0,0,1,0,0,0,1,0,0,0,1
0,0.0,1,0.0,37.2,326.4,134.0,474489615.5537083,356107333.38435924,0,0,0,0,0,0,1,0,0,0,0,0,0,0,0,0,0,0,0,0,0,0,0,0,0,0,1,0,0,0,0,0,0,0,1,0,0,0,0,0,0,0,1,1,0,0
0,0.0,1,0.0,59.6,381.0,201.0,398448892.6823579,494899807.8587549,0,0,0,0,0,0,1,0,0,0,0,0,0,0,0,0,0,0,0,0,0,0,0,0,0,0,0,1,0,0,0,0,0,0,1,0,0,0,0,0,0,1,0,1,0,0
0,3.0,0,9.305741456739435,37.2,326.4,134.0,474207619.8921031,437775014.5098641,0,0,0,0,0,0,1,0,0,0,0,0,0,0,0,0,0,0,0,0,0,0,0,0,0,0,1,0,0,0,0,0,0,0,0,0,0,1,0,0,0,1,0,1,0,0
0,1.0,0,7.438971592395862,59.6,381.0,201.0,402650277.0920801,442046586.10703194,0,0,0,0,0,0,1,0,0,0,0,0,0,0,0,0,0,0,0,0,0,0,0,0,0,0,0,1,0,0,0,0,0,0,0,0,0,1,0,0,0,1,0,0,0,1
0,2.0,1,3.044522437723423,18.6,215.0,43.0,301081833.04194814,398139144.2629503,0,0,0,0,0,0,1,0,0,0,0,0,0,0,0,0,0,0,0,0,0,0,0,0,0,1,0,0,0,0,0,0,0,0,0,0,0,1,0,1,0,0,0,1,0,0
0,0.0,0,10.596659732783579,92.0,480.0,402.0,570928272.1332941,853409094.9244676,0,0,0,0,0,0,1,0,0,0,0,0,0,0,0,0,0,0,0,0,0,0,0,0,0,0,0,0,0,0,1,0,0,0,0,0,0,1,0,0,1,0,0,1,0,0
0,0.0,1,0.0,59.6,381.0,201.0,484666533.0259533,421845004.67531776,0,0,0,0,0,0,1,0,0,0,0,0,0,0,0,0,0,0,0,0,0,0,0,1,0,0,0,0,0,0,0,0,0,0,0,0,0,1,0,0,0,1,0,1,0,0
0,3.0,0,10.778977123006351,82.0,420.0,349.0,483590392.61311805,548061415.3293221,0,0,0,0,0,0,1,0,0,0,0,0,0,0,0,0,0,0,0,0,0,0,0,0,0,0,0,0,0,1,0,0,0,0,0,0,0,1,0,1,0,0,0,1,0,0
0,0.0,1,6.133398042996649,59.6,381.0,201.0,398323892.6823579,494788006.61651886,0,0,0,0,0,0,1,0,0,0,0,0,0,0,0,0,0,0,0,0,0,0,0,0,0,0,0,1,0,0,0,0,0,0,0,0,1,0,0,0,0,1,0,1,0,0
0,4.0,1,0.0,82.0,420.0,349.0,743139051.1058867,540928360.2031913,0,0,0,0,0,0,1,0,0,0,0,0,0,0,0,0,0,0,0,0,0,0,0,0,0,0,0,0,0,1,0,0,0,0,0,0,0,1,0,0,1,0,0,1,0,0
0,0.0,1,0.0,59.6,381.0,201.0,481882071.3312895,378079348.8695016,0,0,0,0,0,0,1,0,0,0,0,0,0,0,0,0,0,0,0,0,0,1,0,0,0,0,0,0,0,0,0,0,0,0,0,0,0,1,0,0,1,0,0,1,0,0
0,3.0,0,10.571342565808699,82.0,420.0,349.0,493475774.59610283,547599132.9308695,0,0,0,0,0,0,1,0,0,0,0,0,0,0,0,0,0,0,0,0,0,0,0,0,0,0,0,0,0,1,0,0,0,0,0,0,1,0,0,0,0,1,0,0,0,1
0,1.0,0,4.2626798770413155,59.6,381.0,201.0,402650272.78652453,442046583.4799133,0,0,0,0,0,0,1,0,0,0,0,0,0,0,0,0,0,0,0,0,0,0,0,0,0,0,0,1,0,0,0,0,0,0,0,0,0,1,0,0,0,1,0,0,0,1
1,2.0,0,9.61587214452889,82.0,420.0,349.0,481494851.2118442,555785642.5598911,0,0,0,0,0,0,1,0,0,0,0,0,0,0,0,0,0,0,0,0,0,0,0,0,0,0,0,0,0,1,0,0,0,0,0,0,0,1,0,0,0,1,0,1,0,0
0,0.0,1,0.0,60.1,450.0,204.0,436377883.7506355,545472166.4382944,0,0,0,0,0,0,1,0,0,0,0,0,0,0,0,0,0,0,0,1,0,0,0,0,0,0,0,0,0,0,0,0,0,0,0,0,1,0,0,0,0,1,0,1,0,0
0,1.0,1,8.699681400989514,18.6,215.0,43.0,302966815.8710216,395068963.8889756,0,0,0,0,0,0,1,0,0,0,0,0,0,0,0,0,0,0,0,0,0,0,0,0,0,1,0,0,0,0,0,0,0,0,0,1,0,0,0,0,0,1,0,0,0,1
0,3.0,0,10.819798284210286,37.2,326.4,134.0,473739073.25435907,434969819.70466924,0,0,0,0,0,0,1,0,0,0,0,0,0,0,0,0,0,0,0,0,0,0,0,0,0,0,1,0,0,0,0,0,0,0,0,0,0,1,0,1,0,0,0,1,0,0
0,3.0,1,11.156264806643742,37.2,326.4,134.0,473689181.71422887,434671118.40596795,0,0,0,0,0,0,0,1,0,0,0,0,0,0,0,0,0,0,0,0,0,0,0,0,0,0,1,0,0,0,0,0,0,0,0,0,0,1,0,0,1,0,0,1,0,0
1,2.0,0,8.294299608857235,37.2,326.4,134.0,443463810.40258837,395357449.84075755,0,0,0,0,0,0,1,0,0,0,0,0,0,0,0,0,0,0,0,0,0,0,0,0,0,0,1,0,0,0,0,0,0,0,0,0,0,1,0,0,0,1,0,0,0,1
0,1.0,0,10.819798284210286,37.2,326.4,134.0,474172912.73375165,477375281.4308128,0,0,0,0,0,0,1,0,0,0,0,0,0,0,0,0,0,0,0,0,0,0,0,0,0,0,1,0,0,0,0,0,0,0,0,0,1,0,0,0,0,1,0,1,0,0
0,1.0,1,0.0,75.3,450.0,201.0,504059575.47813934,566666808.2040462,0,0,0,0,0,0,1,0,0,0,0,0,0,0,0,0,0,0,0,0,0,0,0,0,0,0,0,0,1,0,0,0,0,0,0,0,0,1,0,0,0,1,0,0,0,1
0,2.0,0,9.210440366976517,92.0,480.0,402.0,610577994.8443818,485779374.3525245,0,0,0,0,0,0,1,0,0,0,0,0,0,0,0,0,0,0,0,0,0,0,0,0,0,0,0,0,0,0,1,0,0,0,0,0,0,1,0,0,0,1,0,0,0,1
0,1.0,1,0.0,59.6,381.0,201.0,548855113.4835806,438792351.5519472,0,0,0,0,0,0,1,0,0,0,0,0,0,0,0,0,0,0,0,0,0,0,0,0,0,0,0,1,0,0,0,0,0,0,0,0,0,1,0,0,1,0,0,1,0,0
0,2.0,0,9.680406499268875,18.6,215.0,43.0,302618574.25600564,401688959.7611053,0,0,0,0,0,0,1,0,0,0,0,0,0,0,0,0,0,0,0,0,0,0,0,0,0,1,0,0,0,0,0,0,0,0,0,0,0,1,0,0,0,1,0,1,0,0
0,2.0,1,0.0,37.2,326.4,134.0,443463807.9678058,395357449.6044706,0,0,0,0,0,0,1,0,0,0,0,0,0,0,0,0,0,0,0,0,0,0,0,0,0,0,1,0,0,0,0,0,0,0,0,0,0,1,0,0,0,1,0,0,0,1
0,1.0,1,0.0,82.0,420.0,349.0,484666533.0259533,667988739.4416779,0,0,0,0,0,0,1,0,0,0,0,0,0,0,0,0,0,0,0,0,0,0,0,0,0,0,0,0,0,1,0,0,0,0,0,0,0,1,0,0,0,1,0,0,0,1
0,1.0,0,4.51085950651685,82.0,420.0,349.0,496654721.96452385,666166321.6753227,0,0,0,0,0,0,1,0,0,0,0,0,0,0,0,0,0,0,0,0,0,0,0,0,0,0,0,0,0,1,0,0,0,0,1,0,0,0,0,0,0,0,1,1,0,0
0,3.0,0,10.819798284210286,82.0,420.0,349.0,520706935.25056076,547908610.6871557,0,0,0,0,0,0,1,0,0,0,0,0,0,0,0,0,0,0,0,0,0,0,0,0,0,0,0,0,0,1,0,0,0,0,0,0,1,0,0,0,0,1,0,1,0,0
0,1.0,1,9.210440366976517,60.1,450.0,204.0,372291934.3382081,460530364.3442434,0,0,0,0,0,0,1,0,0,0,0,0,0,0,1,0,0,0,0,0,0,0,0,0,0,0,0,0,0,0,0,0,0,0,0,0,0,1,0,0,0,1,0,0,0,1
0,0.0,1,0.0,37.2,326.0,136.0,484666533.0259533,337057471.5449833,0,0,0,0,0,0,1,0,0,0,0,0,1,0,0,0,0,0,0,0,0,0,0,0,0,0,0,0,0,0,0,0,0,0,0,0,0,1,0,0,0,1,0,0,0,1
1,2.0,1,0.0,59.6,381.0,201.0,634298294.4347123,448893423.45921266,0,0,0,0,0,0,1,0,0,0,0,0,0,0,0,0,0,0,0,0,0,0,0,0,0,0,0,1,0,0,0,0,0,0,0,0,0,1,0,0,1,0,0,1,0,0
0,0.0,1,0.0,59.6,381.0,201.0,488886069.09198153,497104776.80285424,0,0,0,0,0,0,1,0,0,0,0,0,0,0,0,0,0,0,0,0,0,0,0,0,0,0,0,1,0,0,0,0,0,0,1,0,0,0,0,0,0,0,1,1,0,0
0,3.0,0,11.695255355062795,82.0,420.0,349.0,744543959.0813469,548428920.164912,0,0,0,0,0,0,1,0,0,0,0,0,0,0,0,0,0,0,0,0,0,0,0,0,0,0,0,0,0,1,0,0,0,0,0,0,0,1,0,0,1,0,0,1,0,0
0,1.0,1,0.0,37.2,326.4,134.0,472374648.09166926,474674955.69791377,0,0,0,0,0,0,1,0,0,0,0,0,0,0,0,0,0,0,0,0,0,0,0,0,0,0,1,0,0,0,0,0,0,0,0,0,0,1,0,1,0,0,0,1,0,0
0,3.0,0,10.668978650219241,82.0,420.0,349.0,482220965.8615257,547645554.5943124,0,0,0,0,0,0,1,0,0,0,0,0,0,0,0,0,0,0,0,0,0,0,0,0,0,0,0,0,0,1,0,0,0,0,0,0,0,1,0,1,0,0,0,1,0,0
0,1.0,0,10.308985993422082,59.6,381.0,201.0,550675868.2005616,439610148.1621167,0,0,0,0,0,0,1,0,0,0,0,0,0,0,0,0,0,0,0,0,0,0,0,0,0,0,0,1,0,0,0,0,0,0,0,0,0,1,0,0,0,1,0,1,0,0
0,0.0,0,0.0,75.3,450.0,201.0,627327694.7407442,581657856.8188949,0,0,0,0,0,0,1,0,0,0,0,0,0,0,0,0,0,0,0,0,0,0,0,0,0,0,0,0,1,0,0,0,0,0,0,0,0,1,0,0,1,0,0,1,0,0
0,2.0,1,8.517393171418904,18.6,215.0,43.0,302966816.29753923,402493386.02678794,0,0,0,0,0,0,1,0,0,0,0,0,0,0,0,0,0,0,0,0,0,0,0,0,0,1,0,0,0,0,0,0,0,0,0,0,0,1,0,0,0,1,0,0,0,1
0,4.0,0,10.239995502805316,42.0,318.6,147.0,325338122.9213635,416861560.4411184,0,0,0,0,0,0,1,0,0,0,0,0,0,0,0,0,0,0,0,0,0,0,0,0,1,0,0,0,0,0,0,0,0,0,0,0,1,0,0,0,0,1,0,1,0,0
1,3.0,0,9.741027444837728,92.0,480.0,402.0,571939261.1442832,460044185.6727601,0,0,0,0,0,0,1,0,0,0,0,0,0,0,0,0,0,0,0,0,0,0,0,0,0,0,0,0,0,0,1,0,0,0,1,0,0,0,0,0,0,0,1,1,0,0
0,1.0,0,10.34177474101152,18.6,215.0,43.0,644100576.0882103,394096872.6075803,0,0,0,0,0,0,1,0,0,0,0,0,0,0,0,0,0,0,0,0,0,0,0,0,0,1,0,0,0,0,0,0,0,0,0,0,0,1,0,0,1,0,0,1,0,0
0,2.0,0,9.546884034617925,92.0,480.0,402.0,678812030.0835778,483201075.3043318,0,0,0,0,0,0,1,0,0,0,0,0,0,0,0,0,0,0,0,0,0,0,0,0,0,0,0,0,0,0,1,0,0,0,1,0,0,0,0,0,0,0,1,1,0,0
0,2.0,1,0.0,82.0,420.0,349.0,484666533.0259533,560514361.0439337,0,0,0,0,0,0,1,0,0,0,0,0,0,0,0,0,0,0,0,0,0,0,0,0,0,0,0,0,0,1,0,0,0,0,0,0,0,1,0,0,0,1,0,0,0,1
0,3.0,0,11.608244735642321,59.6,381.0,201.0,403804748.05619884,434541653.1412208,0,0,0,0,0,0,1,0,0,0,0,0,0,0,0,0,0,0,0,0,0,0,0,0,0,0,0,0,0,0,0,1,0,0,0,0,0,1,0,1,0,0,0,1,0,0
0,2.0,1,6.580639137284949,92.0,480.0,402.0,571582118.2871404,482044448.79830766,0,0,0,0,0,0,1,0,0,0,0,0,0,0,0,0,0,0,0,0,0,0,0,0,0,0,0,0,0,0,1,0,0,0,1,0,0,0,0,0,0,0,1,1,0,0
0,0.0,0,10.239995502805316,59.6,381.0,201.0,487109209.5878493,494433969.34943813,0,0,0,0,0,0,1,0,0,0,0,0,0,0,0,0,0,0,0,0,0,0,0,0,0,0,0,1,0,0,0,0,0,0,0,0,0,1,0,1,0,0,0,1,0,0
0,3.0,1,0.0,59.6,381.0,201.0,486658796.36470884,417333487.6956104,0,0,0,0,0,0,1,0,0,0,0,0,0,0,0,0,0,0,0,0,0,0,0,0,0,0,0,1,0,0,0,0,0,0,0,0,0,1,0,0,1,0,0,1,0,0
0,3.0,1,0.0,82.0,420.0,349.0,746403658.8535901,547848649.3718753,0,0,0,0,0,0,1,0,0,0,0,0,0,0,0,0,0,0,0,0,0,0,0,0,0,0,0,0,0,1,0,0,0,0,0,1,0,0,0,0,1,0,0,1,0,0
0,2.0,1,10.819798284210286,37.2,326.4,134.0,424550786.70693624,393522008.72261405,0,0,0,0,0,0,1,0,0,0,0,0,0,0,0,0,0,0,0,0,0,0,0,0,0,0,1,0,0,0,0,0,0,0,0,0,0,1,0,0,1,0,0,1,0,0
0,4.0,1,10.950824090522445,42.0,318.6,147.0,330803866.3734183,421344698.32875884,0,0,0,0,0,0,1,0,0,0,0,0,0,0,0,0,0,0,0,0,0,0,0,0,1,0,0,0,0,0,0,0,0,0,0,1,0,0,0,0,0,1,0,0,0,1
0,3.0,0,10.596659732783579,92.0,480.0,402.0,604613092.9057854,457182343.56749696,0,0,0,0,0,0,1,0,0,0,0,0,0,0,0,0,0,0,0,0,0,0,0,0,0,0,0,0,0,0,1,0,0,0,0,0,0,1,0,1,0,0,0,1,0,0
0,1.0,0,11.264476926102367,75.3,450.0,201.0,627452694.7407442,562869266.3451506,0,0,0,0,0,0,1,0,0,0,0,0,0,0,0,0,0,0,0,0,0,0,0,0,0,0,0,0,1,0,0,0,0,0,0,0,1,0,0,0,0,1,0,1,0,0
1,3.0,0,9.944629495867304,82.0,420.0,349.0,745408989.7561935,548701647.4376394,0,0,0,0,0,0,1,0,0,0,0,0,0,0,0,0,0,0,0,0,0,0,0,0,0,0,0,0,0,1,0,0,0,0,1,0,0,0,0,0,0,0,1,1,0,0
0,3.0,0,7.824445930877619,92.0,480.0,402.0,572049151.2541733,460175764.6201285,0,0,0,0,0,0,1,0,0,0,0,0,0,0,0,0,0,0,0,0,0,0,0,0,0,0,0,0,0,0,1,0,0,0,1,0,0,0,0,0,0,0,1,1,0,0
0,1.0,0,9.702472353294919,18.6,215.0,43.0,302570650.9333219,394492221.4447896,0,0,0,0,0,0,1,0,0,0,0,0,0,0,0,0,0,0,0,0,0,0,0,0,0,1,0,0,0,0,0,0,0,0,1,0,0,0,0,0,0,1,0,1,0,0
0,3.0,0,9.90353755128617,82.0,420.0,349.0,497681034.09610283,549144586.13203,0,0,0,0,0,0,1,0,0,0,0,0,0,0,0,0,0,0,0,0,0,0,0,0,0,0,0,0,0,1,0,0,0,0,0,0,0,1,0,0,0,1,0,0,0,1
0,1.0,1,0.0,37.2,326.0,136.0,571383266.5129766,576738129.3306977,0,0,0,0,0,0,1,0,0,0,0,0,1,0,0,0,0,0,0,0,0,0,0,0,0,0,0,0,0,0,0,0,0,0,1,0,0,0,0,0,0,0,1,1,0,0
1,2.0,1,9.305741456739435,18.6,215.0,43.0,302966816.6090408,402493386.74634516,0,0,0,0,0,0,1,0,0,0,0,0,0,0,0,0,0,0,0,0,0,0,0,0,0,1,0,0,0,0,0,0,0,0,0,0,0,1,0,0,0,1,0,0,0,1
0,2.0,0,9.680406499268875,18.6,215.0,43.0,645081252.4167128,401700029.8718064,0,0,0,0,0,0,1,0,0,0,0,0,0,0,0,0,0,0,0,0,0,0,0,0,0,1,0,0,0,0,0,0,0,0,1,0,0,0,0,0,0,0,1,1,0,0
0,0.0,1,0.0,75.3,450.0,201.0,517177731.0839689,579667031.1308215,0,0,0,0,0,0,1,0,0,0,0,0,0,0,0,0,0,0,0,0,0,0,0,0,0,0,0,0,1,0,0,0,0,0,0,0,0,1,0,0,0,1,0,0,1,0
1,2.0,0,10.043292972227004,37.2,326.4,134.0,473578552.6469838,392450278.7648082,0,0,0,0,0,0,0,1,0,0,0,0,0,0,0,0,0,0,0,0,0,0,0,0,0,0,1,0,0,0,0,0,0,0,0,0,0,1,0,0,1,0,0,1,0,0
0,1.0,0,9.61587214452889,37.2,326.4,134.0,343332507.4173859,478727070.9259268,0,0,0,0,0,0,1,0,0,0,0,0,0,0,0,0,0,0,0,0,0,0,0,0,0,0,1,0,0,0,0,0,0,0,0,0,0,1,0,0,0,1,0,0,0,1
0,1.0,1,0.0,18.6,215.0,43.0,644839706.522993,394452686.56106865,0,0,0,0,0,0,1,0,0,0,0,0,0,0,0,0,0,0,0,0,0,0,0,0,0,1,0,0,0,0,0,0,0,0,0,1,0,0,0,0,1,0,0,1,0,0
0,0.0,1,0.0,17.0,150.0,41.0,311288907.1092188,329540207.419398,0,0,0,0,0,0,1,0,0,0,1,0,0,0,0,0,0,0,0,0,0,0,0,0,0,0,0,0,0,0,0,0,0,0,0,1,0,0,0,0,0,1,0,0,0,1
0,0.0,1,0.0,59.6,381.0,201.0,398254448.2379134,494725894.8152766,0,0,0,0,0,0,1,0,0,0,0,0,0,0,0,0,0,0,0,0,0,0,0,0,0,0,0,1,0,0,0,0,0,0,0,0,1,0,0,0,0,1,0,1,0,0
1,2.0,1,9.392745258631441,82.0,420.0,349.0,482386570.95706713,556530323.410955,0,0,0,0,0,0,1,0,0,0,0,0,0,0,0,0,0,0,0,0,0,0,0,0,0,0,0,0,0,1,0,0,0,0,0,0,0,1,0,0,1,0,0,1,0,0
0,0.0,1,0.0,60.1,450.0,204.0,465377455.2451907,477829184.6166185,0,0,0,0,0,0,1,0,0,0,0,0,0,0,1,0,0,0,0,0,0,0,0,0,0,0,0,0,0,0,0,0,0,0,0,1,0,0,0,0,0,1,0,1,0,0
0,0.0,1,0.0,59.6,381.0,201.0,752871729.5451162,554777707.0072093,0,0,0,0,0,0,1,0,0,0,0,0,0,0,0,0,0,1,0,0,0,0,0,0,0,0,0,0,0,0,0,0,0,0,0,1,0,0,0,0,0,1,0,1,0,0
0,1.0,0,10.596659732783579,37.2,326.4,134.0,475073128.3628189,478727071.02364665,0,0,0,0,0,0,1,0,0,0,0,0,0,0,0,0,0,0,0,0,0,0,0,0,0,0,1,0,0,0,0,0,0,0,0,0,0,1,0,0,0,1,0,0,0,1
0,2.0,0,10.596659732783579,59.6,381.0,201.0,336981533.56997406,476060484.56904846,0,0,0,0,0,0,0,0,1,0,0,0,0,0,0,0,0,0,0,1,0,0,0,0,0,0,0,0,0,0,0,0,0,0,0,0,0,1,0,0,1,0,0,1,0,0
0,1.0,1,0.0,59.6,381.0,201.0,556100389.8043352,442046585.83160824,0,0,0,0,0,0,1,0,0,0,0,0,0,0,0,0,0,0,0,0,0,0,0,0,0,0,0,1,0,0,0,0,0,0,0,1,0,0,0,0,0,1,0,0,0,1
0,3.0,0,10.778977123006351,75.3,450.0,201.0,490552136.2248438,508354212.4537208,0,0,0,0,0,0,1,0,0,0,0,0,0,0,0,0,0,0,0,0,0,0,0,0,0,0,0,0,1,0,0,0,0,0,0,0,0,1,0,0,0,1,0,0,0,1
0,0.0,1,0.0,59.6,381.0,201.0,398539170.4601357,494980553.2003698,0,0,0,0,0,0,1,0,0,0,0,0,0,0,0,0,0,0,0,0,0,0,0,0,0,0,0,1,0,0,0,0,0,0,0,0,0,1,0,0,0,1,0,1,0,0
0,0.0,1,0.0,92.0,480.0,402.0,484666533.0259533,859053827.8192044,0,0,0,0,0,0,1,0,0,0,0,0,0,0,0,0,0,0,0,0,0,0,0,0,0,0,0,0,0,0,1,0,0,0,0,0,0,1,0,0,0,1,0,0,0,1
0,2.0,0,8.517393171418904,92.0,480.0,402.0,573285407.4629645,485779372.0513197,0,0,0,0,0,0,1,0,0,0,0,0,0,0,0,0,0,0,0,0,0,0,0,0,0,0,0,0,0,0,1,0,0,0,0,0,0,1,0,0,0,1,0,0,0,1
0,2.0,0,0.0,60.1,450.0,204.0,682446215.004186,417654546.1947975,0,0,0,0,0,0,1,0,0,0,0,0,0,0,1,0,0,0,0,0,0,0,0,0,0,0,0,0,0,0,0,0,0,0,0,0,0,1,0,0,1,0,0,0,1,0
0,2.0,1,0.0,37.2,326.4,134.0,473619767.3975261,392530447.5411795,0,0,0,0,0,0,1,0,0,0,0,0,0,0,0,0,0,0,0,0,0,0,0,0,0,0,1,0,0,0,0,0,0,0,0,1,0,0,0,0,1,0,0,1,0,0
0,2.0,0,9.210440366976517,37.2,326.4,134.0,475073128.8725803,395357450.2416014,0,0,0,0,0,0,1,0,0,0,0,0,0,0,0,0,0,0,0,0,0,0,0,0,0,0,1,0,0,0,0,0,0,0,0,0,0,1,0,0,0,1,0,0,0,1
0,0.0,1,0.0,59.6,381.0,201.0,440605960.11450297,440605960.11450297,0,0,0,0,1,0,0,0,0,0,0,0,0,0,0,0,0,0,0,1,0,0,0,0,0,0,0,0,0,0,0,0,0,0,0,0,0,1,0,0,0,1,0,0,0,1
1,3.0,1,10.545367754151743,92.0,480.0,402.0,568675524.8805469,456136290.93591803,0,0,0,0,0,0,1,0,0,0,0,0,0,0,0,0,0,0,0,0,0,0,0,0,0,0,0,0,0,0,1,0,0,0,0,0,0,1,0,0,1,0,0,1,0,0
1,1.0,0,9.210440366976517,18.6,215.0,43.0,302966816.66335386,395068965.042464,0,0,0,0,0,0,1,0,0,0,0,0,0,0,0,0,0,0,0,0,0,0,0,0,0,1,0,0,0,0,0,0,0,0,0,0,0,1,0,0,0,1,0,0,0,1
0,1.0,1,0.0,17.0,150.0,41.0,304647887.95537263,403028307.21297663,0,0,0,0,0,0,1,0,0,0,1,0,0,0,0,0,0,0,0,0,0,0,0,0,0,0,0,0,0,0,0,0,0,0,1,0,0,0,0,0,0,0,1,1,0,0
0,2.0,0,0.0,37.2,326.4,134.0,473901763.05913126,393078970.7479305,0,0,0,0,0,0,1,0,0,0,0,0,0,0,0,0,0,0,0,0,0,0,0,0,0,0,1,0,0,0,0,0,0,0,0,0,0,1,0,1,0,0,0,1,0,0
0,3.0,0,10.819798284210286,82.0,420.0,349.0,474461140.93754673,547809964.6523395,0,0,0,0,0,0,1,0,0,0,0,0,0,0,0,0,0,0,0,0,0,0,0,0,0,0,0,0,0,1,0,0,0,0,0,0,0,1,0,0,0,1,0,1,0,0
0,3.0,1,0.0,82.0,420.0,349.0,749325533.8535901,548572053.6271944,0,0,0,0,0,0,1,0,0,0,0,0,0,0,0,0,0,0,0,0,0,0,0,0,0,0,0,0,0,1,0,0,0,0,1,0,0,0,0,0,0,0,1,1,0,0
1,4.0,0,10.819798284210286,82.0,420.0,349.0,742089971.3512855,539740860.2031913,0,0,0,0,0,0,1,0,0,0,0,0,0,0,0,0,0,0,0,0,0,0,0,0,0,0,0,0,0,1,0,0,0,0,0,0,0,1,0,1,0,0,0,1,0,0
0,4.0,1,10.043292972227004,82.0,420.0,349.0,744120646.1979113,542039471.3143023,0,0,0,0,0,0,1,0,0,0,0,0,0,0,0,0,0,0,0,0,0,0,0,0,0,0,0,0,0,1,0,0,0,0,0,0,0,1,0,0,1,0,0,1,0,0
0,3.0,1,11.06665398721974,92.0,480.0,402.0,570675524.8805469,458531027.77802324,0,0,0,0,0,0,1,0,0,0,0,0,0,0,0,0,0,0,0,0,0,0,0,0,0,0,0,0,0,0,1,0,0,0,0,0,0,1,0,0,1,0,0,1,0,0
0,3.0,1,0.0,82.0,420.0,349.0,745065431.4739848,548593330.2229391,0,0,0,0,0,0,1,0,0,0,0,0,0,0,0,0,0,0,0,0,0,0,0,0,0,0,0,0,0,1,0,0,0,0,0,1,0,0,0,0,1,0,0,1,0,0
0,1.0,1,0.0,59.6,381.0,201.0,550138132.351505,439368622.7383879,0,0,0,0,0,0,1,0,0,0,0,0,0,0,0,0,0,0,0,0,0,0,0,0,0,0,0,1,0,0,0,0,0,0,0,0,0,1,0,0,0,1,0,1,0,0
0,2.0,0,5.204006687076795,75.3,450.0,201.0,502323005.04869944,398160015.78437716,0,0,0,0,0,0,1,0,0,0,0,0,0,0,0,0,0,0,0,0,0,0,0,0,0,0,0,0,1,0,0,0,0,0,0,0,0,1,0,0,0,1,0,1,0,0
1,4.0,0,10.404293143019792,59.6,381.0,201.0,410839230.8148195,405409880.5679069,0,0,0,0,0,0,1,0,0,0,0,0,0,0,0,0,0,0,0,0,0,0,0,0,0,0,0,0,0,0,0,1,0,0,0,0,0,1,0,1,0,0,0,1,0,0
0,0.0,0,9.90353755128617,82.0,420.0,349.0,481743258.8551563,616883498.8257104,0,0,0,0,0,0,1,0,0,0,0,0,0,0,0,0,0,0,0,0,0,0,0,0,0,0,0,0,0,1,0,0,0,0,0,0,0,1,0,0,0,1,0,1,0,0
0,1.0,1,8.987321812850125,18.6,215.0,43.0,302966815.9029705,395068963.9354873,0,0,0,0,0,0,1,0,0,0,0,0,0,0,0,0,0,0,0,0,0,0,0,0,0,1,0,0,0,0,0,0,0,0,0,0,0,1,0,0,0,1,0,0,0,1
0,2.0,1,11.264476926102367,37.2,326.4,134.0,473229311.8660727,391770953.8702934,0,0,0,0,0,0,1,0,0,0,0,0,0,0,0,0,0,0,0,0,0,0,0,0,0,0,1,0,0,0,0,0,0,0,0,0,0,1,0,0,1,0,0,1,0,0
0,3.0,0,9.90353755128617,82.0,420.0,349.0,721278658.8535901,541628146.4705213,0,0,0,0,0,0,1,0,0,0,0,0,0,0,0,0,0,0,0,0,0,0,0,0,0,0,0,0,0,1,0,0,0,0,0,0,0,0,1,0,0,0,1,0,1,0
0,1.0,1,0.0,75.3,450.0,201.0,484666533.0259533,566225094.5660094,0,0,0,0,0,0,1,0,0,0,0,0,0,0,0,0,0,0,0,0,0,0,0,0,0,0,0,0,1,0,0,0,0,0,0,0,0,1,0,0,0,1,0,1,0,0
0,2.0,1,10.088763075406442,82.0,420.0,349.0,749278658.8535901,558907982.9854231,0,0,0,0,0,0,1,0,0,0,0,0,0,0,0,0,0,0,0,0,0,0,0,0,0,0,0,0,0,1,0,0,0,0,1,0,0,0,0,0,0,0,1,1,0,0
0,1.0,0,8.68084148294457,59.6,381.0,201.0,402650276.9531912,442046586.0222862,0,0,0,0,0,0,1,0,0,0,0,0,0,0,0,0,0,0,0,0,0,0,0,0,0,0,0,1,0,0,0,0,0,0,0,0,0,1,0,0,0,1,0,0,0,1
0,3.0,0,10.819798284210286,82.0,420.0,349.0,477843489.52578205,549144585.7587224,0,0,0,0,0,0,1,0,0,0,0,0,0,0,0,0,0,0,0,0,0,0,0,0,0,0,0,0,0,1,0,0,0,0,0,0,0,1,0,0,0,1,0,0,0,1
0,4.0,1,0.0,82.0,420.0,349.0,497681036.3329449,545088080.5504135,0,0,0,0,0,0,1,0,0,0,0,0,0,0,0,0,0,0,0,0,0,0,0,0,0,0,0,0,0,1,0,0,0,0,0,0,0,1,0,0,0,1,0,0,0,1
0,3.0,1,10.275085591132715,82.0,420.0,349.0,717985676.8727579,540055612.6213919,0,0,0,0,0,0,1,0,0,0,0,0,0,0,0,0,0,0,0,0,0,0,0,0,0,0,0,0,0,1,0,0,0,0,0,0,0,1,0,1,0,0,0,0,1,0
0,2.0,0,11.2242028513432,37.2,326.4,134.0,444713127.01526666,465777758.0173022,0,0,0,0,0,0,1,0,0,0,0,0,0,0,0,0,0,0,0,0,0,0,1,0,0,0,0,0,0,0,0,0,0,0,0,0,1,0,0,0,0,1,0,1,0,0
1,3.0,0,10.513280297700861,82.0,420.0,349.0,482539437.1991053,547742266.3931519,0,0,0,0,0,0,1,0,0,0,0,0,0,0,0,0,0,0,0,0,0,0,0,0,0,0,0,0,0,1,0,0,0,0,0,0,0,1,0,1,0,0,0,1,0,0
0,2.0,1,9.90353755128617,37.2,326.4,134.0,366711117.68396884,395357447.61290944,0,0,0,0,0,0,1,0,0,0,0,0,0,0,0,0,0,0,0,0,0,0,0,0,0,0,1,0,0,0,0,0,0,0,0,0,0,1,0,0,0,1,0,0,0,1
1,2.0,1,9.105090961257085,18.6,215.0,43.0,302966816.6681462,402493386.8828765,0,0,0,0,0,0,1,0,0,0,0,0,0,0,0,0,0,0,0,0,0,0,0,0,0,1,0,0,0,0,0,0,0,0,0,0,0,1,0,0,0,1,0,0,0,1
0,2.0,1,0.0,75.3,450.0,201.0,653344042.9115978,402680563.72958267,0,0,0,0,0,0,1,0,0,0,0,0,0,0,0,0,0,0,0,0,0,0,0,0,0,0,0,0,1,0,0,0,0,0,0,0,0,1,0,0,1,0,0,1,0,0
0,1.0,0,10.239995502805316,59.6,381.0,201.0,403525472.6481606,425820484.5584256,0,0,0,0,0,0,1,0,0,0,0,0,0,0,0,1,0,0,0,0,0,0,0,0,0,0,0,0,0,0,0,0,0,0,0,0,0,1,0,0,0,1,0,0,0,1
0,1.0,0,8.517393171418904,75.3,450.0,201.0,484491536.88140947,562985830.7623285,0,0,0,0,0,0,1,0,0,0,0,0,0,0,0,0,0,0,0,0,0,0,0,0,0,0,0,0,1,0,0,0,0,0,0,0,0,1,0,0,1,0,0,1,0,0
1,1.0,0,10.801268021651186,18.6,215.0,43.0,302463622.1793283,394336407.49130124,0,0,0,0,0,0,1,0,0,0,0,0,0,0,0,0,0,0,0,0,0,0,0,0,0,1,0,0,0,0,0,0,0,0,0,0,0,1,0,0,0,1,0,1,0,0
1,0.0,0,10.239995502805316,18.6,215.0,43.0,644018450.4843456,334929786.39251137,0,0,0,0,0,0,1,0,0,0,0,0,0,0,0,0,0,0,0,0,0,0,0,0,0,1,0,0,0,0,0,0,0,0,0,0,0,1,0,0,1,0,0,1,0,0
0,1.0,1,0.0,59.6,381.0,201.0,484666533.0259533,484666533.0259533,0,0,0,0,1,0,0,0,0,0,0,0,0,0,0,0,0,0,0,1,0,0,0,0,0,0,0,0,0,0,0,0,0,0,0,1,0,0,0,0,0,1,0,0,0,1
0,0.0,1,0.0,18.6,215.0,43.0,302966816.6953027,337359952.6886008,0,0,0,0,0,0,1,0,0,0,0,0,0,0,0,0,0,0,0,0,0,0,0,0,0,1,0,0,0,0,0,0,0,0,0,0,0,1,0,0,0,1,0,0,0,1
0,3.0,1,10.645448706505872,82.0,420.0,349.0,746606783.8535901,547898939.5072718,0,0,0,0,0,0,1,0,0,0,0,0,0,0,0,0,0,0,0,0,0,0,0,0,0,0,0,0,0,1,0,0,0,0,0,0,0,1,0,0,1,0,0,1,0,0
0,3.0,1,10.404293143019792,92.0,480.0,402.0,573285411.1717557,461656023.20565486,0,0,0,0,0,0,1,0,0,0,0,0,0,0,0,0,0,0,0,0,0,0,0,0,0,0,0,0,0,0,1,0,0,0,0,0,0,1,0,0,0,1,0,0,0,1
0,4.0,0,10.819798284210286,37.2,326.4,134.0,340903938.53983486,471666671.8912208,0,0,0,0,0,0,1,0,0,0,0,0,0,0,0,0,0,0,0,0,0,0,0,0,0,0,1,0,0,0,0,0,0,0,0,0,0,1,0,1,0,0,0,1,0,0
0,4.0,1,9.392745258631441,82.0,420.0,349.0,490312616.701366,535365860.2031912,0,0,0,0,0,0,1,0,0,0,0,0,0,0,0,0,0,0,0,0,0,0,0,0,0,0,0,0,0,1,0,0,0,0,0,0,0,1,0,1,0,0,0,1,0,0
0,1.0,1,0.0,37.2,326.4,134.0,474053606.8769187,477196128.33635026,0,0,0,0,0,0,1,0,0,0,0,0,0,0,0,0,0,0,0,0,0,0,0,0,0,0,1,0,0,0,0,0,0,0,0,0,1,0,0,0,0,1,0,1,0,0
0,1.0,0,0.0,37.2,326.4,134.0,475073129.11119205,478727072.1474252,0,0,0,0,0,0,1,0,0,0,0,0,0,0,0,0,0,0,0,0,0,0,0,0,0,0,1,0,0,0,0,0,0,0,0,0,0,1,0,0,0,1,0,0,0,1
0,1.0,0,9.741027444837728,82.0,420.0,349.0,482195488.1545193,660708377.7500892,0,0,0,0,0,0,1,0,0,0,0,0,0,0,0,0,0,0,0,0,0,0,0,0,0,0,0,0,0,1,0,0,0,0,0,0,1,0,0,0,0,1,0,0,0,1
1,2.0,1,8.699681400989514,18.6,215.0,43.0,302247967.22725165,400832871.2002197,0,0,0,0,0,0,1,0,0,0,0,0,0,0,0,0,0,0,0,0,0,0,0,0,0,1,0,0,0,0,0,0,0,0,0,0,0,1,0,0,1,0,0,1,0,0
0,0.0,1,8.517393171418904,75.3,450.0,201.0,503573005.04869944,581602810.9473352,0,0,0,0,0,0,1,0,0,0,0,0,0,0,0,0,0,0,0,0,0,0,0,0,0,0,0,0,1,0,0,0,0,0,0,0,0,1,0,0,1,0,0,1,0,0
0,3.0,1,0.0,82.0,420.0,349.0,743010216.7500585,547945361.1707147,0,0,0,0,0,0,1,0,0,0,0,0,0,0,0,0,0,0,0,0,0,0,0,0,0,0,0,0,0,1,0,0,0,0,0,0,0,1,0,0,1,0,0,1,0,0
0,1.0,1,0.0,75.3,450.0,201.0,509452631.90981054,566666810.5230646,0,0,0,0,0,0,1,0,0,0,0,0,0,0,0,0,0,0,0,0,0,0,0,0,0,0,0,0,1,0,0,0,0,0,0,0,0,1,0,0,0,1,0,0,0,1
0,0.0,1,0.0,14.7,170.0,27.0,359588567.71804947,357534820.3945974,0,0,0,0,0,0,1,0,0,0,0,0,0,0,0,0,0,0,1,0,0,0,0,0,0,0,0,0,0,0,0,0,0,0,0,0,0,1,0,0,0,1,0,0,0,1
0,0.0,1,0.0,18.6,215.0,43.0,302966816.045143,337359950.41485775,0,0,0,0,0,0,1,0,0,0,0,0,0,0,0,0,0,0,0,0,0,0,0,0,0,1,0,0,0,0,0,0,0,0,0,0,0,1,0,0,0,1,0,0,0,1
0,0.0,1,0.0,37.2,326.4,134.0,475073127.484294,357538179.12904006,0,0,0,0,0,0,1,0,0,0,0,0,0,0,0,0,0,0,0,0,0,0,0,0,0,0,1,0,0,0,0,0,0,0,0,0,0,1,0,0,0,1,0,0,0,1
0,0.0,1,0.0,92.0,480.0,402.0,610577999.9847327,859053823.9639412,0,0,0,0,0,0,1,0,0,0,0,0,0,0,0,0,0,0,0,0,0,0,0,0,0,0,0,0,0,0,1,0,0,0,0,0,0,1,0,0,0,1,0,0,0,1
0,1.0,0,9.105090961257085,37.2,326.4,134.0,473641459.3714957,476577235.8282069,0,0,0,0,0,0,1,0,0,0,0,0,0,0,0,0,0,0,0,0,0,0,0,0,0,0,1,0,0,0,0,0,0,0,0,0,0,1,0,1,0,0,0,1,0,0
0,0.0,1,0.0,37.2,326.4,134.0,341430469.15207976,355059461.04393363,0,0,0,0,0,0,1,0,0,0,0,0,0,0,0,0,0,0,0,0,0,0,0,0,0,0,1,0,0,0,0,0,0,0,0,0,0,1,0,0,0,1,0,1,0,0
0,4.0,0,10.308985993422082,42.0,318.6,147.0,320817574.97615796,413153695.2725791,0,0,0,0,0,0,1,0,0,0,0,0,0,0,0,0,0,0,0,0,0,0,0,0,1,0,0,0,0,0,0,0,0,0,0,0,0,1,0,1,0,0,0,1,0,0
0,3.0,1,10.505094936455558,92.0,480.0,402.0,573285407.8530744,461656019.2319706,0,0,0,0,0,0,1,0,0,0,0,0,0,0,0,0,0,0,0,0,0,0,0,0,0,0,0,0,0,0,1,0,0,0,0,0,0,1,0,0,0,1,0,0,0,1
1,4.0,0,9.210440366976517,18.6,215.0,43.0,302966815.79274684,480746111.2028349,0,0,0,0,0,0,1,0,0,0,0,0,0,0,0,0,0,0,0,0,0,0,0,0,0,1,0,0,0,0,0,0,0,0,0,0,0,1,0,0,0,1,0,0,0,1
0,2.0,0,9.210440366976517,18.6,215.0,43.0,642545020.5326548,399762760.49911267,0,0,0,0,0,0,1,0,0,0,0,0,0,0,0,0,0,0,0,0,0,0,0,0,0,1,0,0,0,0,0,0,0,0,0,0,0,1,0,0,1,0,0,1,0,0
0,1.0,1,0.0,59.6,381.0,201.0,487010036.03413033,439063537.9926252,0,0,0,0,0,0,1,0,0,0,0,0,0,0,0,0,0,0,0,0,0,0,0,0,0,0,0,1,0,0,0,0,0,0,0,1,0,0,0,0,1,0,0,1,0,0
0,0.0,1,0.0,59.6,381.0,201.0,484666533.0259533,484666533.0259533,0,0,0,0,0,0,0,0,1,0,0,0,0,0,0,0,0,0,0,1,0,0,0,0,0,0,0,0,0,0,0,0,0,0,0,0,0,1,0,0,1,0,0,1,0,0
0,0.0,1,0.0,82.0,420.0,349.0,492633669.3329449,615967532.4391558,0,0,0,0,0,0,1,0,0,0,0,0,0,0,0,0,0,0,0,0,0,0,0,0,0,0,0,0,0,1,0,0,0,0,0,0,0,1,0,0,0,1,0,1,0,0
0,1.0,0,11.225256725762893,18.6,215.0,43.0,641433909.4215436,392813151.6773477,0,0,0,0,0,0,1,0,0,0,0,0,0,0,0,0,0,0,0,0,0,0,0,0,0,1,0,0,0,0,0,0,0,0,0,0,0,1,0,1,0,0,0,1,0,0
0,0.0,1,0.0,60.1,450.0,204.0,679752666.6170893,476660265.69769955,0,0,0,0,0,0,1,0,0,0,0,0,0,0,1,0,0,0,0,0,0,0,0,0,0,0,0,0,0,0,0,0,0,0,0,0,0,1,0,1,0,0,0,1,0,0
0,0.0,1,0.0,37.2,326.4,134.0,341475367.1112634,355117971.6822315,0,0,0,0,0,0,1,0,0,0,0,0,0,0,0,0,0,0,0,0,0,0,0,0,0,0,1,0,0,0,0,0,0,0,0,0,1,0,0,0,0,1,0,1,0,0
1,0.0,1,0.0,37.2,326.4,134.0,473990700.15240675,354883929.12904,0,0,0,0,0,0,1,0,0,0,0,0,0,0,0,0,0,0,0,0,0,0,0,0,0,0,1,0,0,0,0,0,0,0,0,0,0,0,1,0,0,1,0,0,1,0
0,0.0,1,9.741027444837728,59.6,381.0,201.0,486704250.9101634,493825273.6972642,0,0,0,0,0,0,1,0,0,0,0,0,0,0,0,0,0,0,0,0,0,0,0,0,0,0,0,1,0,0,0,0,0,0,0,0,0,1,0,0,1,0,0,1,0,0
0,1.0,1,0.0,37.2,326.4,134.0,475073129.59926146,478727072.8803242,0,0,0,0,0,0,1,0,0,0,0,0,0,0,0,0,0,0,0,0,0,0,0,0,0,0,1,0,0,0,0,0,0,0,0,0,0,1,0,0,0,1,0,0,0,1
0,0.0,1,0.0,60.1,450.0,204.0,368901726.59610283,477828238.67067254,0,0,0,0,0,0,1,0,0,0,0,0,0,0,1,0,0,0,0,0,0,0,0,0,0,0,0,0,0,0,0,0,0,0,0,0,0,1,0,0,0,1,0,1,0,0
0,3.0,1,10.308985993422082,82.0,420.0,349.0,474804278.19244874,547945361.1707147,0,0,0,0,0,0,1,0,0,0,0,0,0,0,0,0,0,0,0,0,0,0,0,0,0,0,0,0,0,1,0,0,0,0,0,0,0,1,0,0,1,0,0,1,0,0
0,1.0,0,2.3978952727983707,37.2,326.4,134.0,474526491.9094567,477906226.05621994,0,0,0,0,0,0,1,0,0,0,0,0,0,0,0,0,0,0,0,0,0,0,0,0,0,0,1,0,0,0,0,0,0,0,1,0,0,0,0,0,1,0,0,1,0,0
0,0.0,1,0.0,75.3,450.0,201.0,502137819.86351424,580180792.5987114,0,0,0,0,0,0,1,0,0,0,0,0,0,0,0,0,0,0,0,0,0,0,0,0,0,0,0,0,1,0,0,0,0,0,0,0,0,1,0,0,0,1,0,1,0,0
0,2.0,0,0.0,82.0,420.0,349.0,633716680.8564883,558439897.8790401,0,0,0,0,0,0,1,0,0,0,0,0,0,0,0,0,0,0,0,0,0,0,0,0,0,0,0,0,0,1,0,0,0,0,0,0,0,1,0,0,1,0,0,1,0,0
0,0.0,1,0.0,92.0,480.0,402.0,654596868.1455705,855830147.5560465,0,0,0,0,0,0,1,0,0,0,0,0,0,0,0,0,0,0,0,0,0,0,0,0,0,0,0,0,0,0,1,0,0,0,1,0,0,0,0,0,0,0,1,1,0,0
0,1.0,0,9.210440366976517,59.6,381.0,201.0,515936976.44255215,554303009.8754333,0,0,0,0,0,0,1,0,0,0,0,0,0,1,0,0,0,0,0,0,0,0,0,0,0,0,0,0,0,0,0,0,0,0,0,0,1,0,0,0,0,1,0,0,0,1
1,3.0,0,11.156264806643742,18.6,215.0,43.0,301904516.7480184,528182933.07288814,0,0,0,0,0,0,1,0,0,0,0,0,0,0,0,0,0,0,0,0,0,0,0,0,0,1,0,0,0,0,0,0,0,0,0,0,0,1,0,1,0,0,0,1,0,0
0,0.0,1,0.0,82.0,420.0,349.0,492443300.9118923,615663582.8593239,0,0,0,0,0,0,1,0,0,0,0,0,0,0,0,0,0,0,0,0,0,0,0,0,0,0,0,0,0,1,0,0,0,0,0,0,1,0,0,0,0,1,0,1,0,0
0,0.0,1,0.0,92.0,480.0,402.0,573285407.4794481,859053813.7797308,0,0,0,0,0,0,1,0,0,0,0,0,0,0,0,0,0,0,0,0,0,0,0,0,0,0,0,0,0,0,1,0,0,0,0,0,0,1,0,0,0,1,0,0,0,1
0,4.0,1,9.99884318585288,82.0,420.0,349.0,423041674.3287208,543185304.6476357,0,0,0,0,0,0,1,0,0,0,0,0,0,0,0,0,0,0,0,0,0,0,0,0,0,0,0,0,0,1,0,0,0,0,1,0,0,0,0,0,0,0,1,1,0,0
0,0.0,0,2.3978952727983707,37.2,326.4,134.0,343095775.27452874,357229673.80989116,0,0,0,0,0,0,1,0,0,0,0,0,0,0,0,0,0,0,0,0,0,0,0,0,0,0,1,0,0,0,0,0,0,0,0,0,0,1,0,0,0,1,0,1,0,0
0,0.0,1,0.0,59.6,381.0,201.0,487257969.9184278,494657571.83391017,0,0,0,0,0,0,1,0,0,0,0,0,0,0,0,0,0,0,0,0,0,0,0,0,0,0,0,1,0,0,0,0,0,0,0,0,0,1,0,0,1,0,0,1,0,0
0,1.0,1,0.0,37.2,326.4,134.0,473296556.98537856,476059320.5187607,0,0,0,0,0,0,1,0,0,0,0,0,0,0,0,0,0,0,0,0,0,0,0,0,0,0,1,0,0,0,0,0,0,0,0,1,0,0,0,0,1,0,0,1,0,0
0,1.0,0,10.991274794565404,59.6,381.0,201.0,550723038.0118824,439631334.60279465,0,0,0,0,0,0,1,0,0,0,0,0,0,0,0,0,0,0,0,0,0,0,0,0,0,0,0,1,0,0,0,0,0,0,0,0,0,1,0,0,0,1,0,1,0,0
0,3.0,1,10.896757843893464,82.0,420.0,349.0,748341158.8535901,548328339.894119,0,0,0,0,0,0,1,0,0,0,0,0,0,0,0,0,0,0,0,0,0,0,0,0,0,0,0,0,0,1,0,0,0,0,0,0,0,1,0,0,1,0,0,1,0,0
0,1.0,1,0.0,18.6,215.0,43.0,300987583.84067017,392187570.2819989,0,0,0,0,0,0,1,0,0,0,0,0,0,0,0,0,0,0,0,0,0,0,0,0,0,1,0,0,0,0,0,0,0,0,0,0,0,1,0,1,0,0,0,1,0,0
0,3.0,0,11.034905792929415,82.0,420.0,349.0,483399309.8105703,548003388.2500184,0,0,0,0,0,0,1,0,0,0,0,0,0,0,0,0,0,0,0,0,0,0,0,0,0,0,0,0,0,1,0,0,0,0,0,0,0,1,0,1,0,0,0,1,0,0
0,2.0,1,0.0,82.0,420.0,349.0,493312616.701366,556099472.3471252,0,0,0,0,0,0,1,0,0,0,0,0,0,0,0,0,0,0,0,0,0,0,0,0,0,0,0,0,0,1,0,0,0,0,0,0,0,1,0,0,1,0,0,1,0,0
0,2.0,0,10.34177474101152,59.6,381.0,201.0,398858614.9045801,450684273.1324153,0,0,0,0,0,0,1,0,0,0,0,0,0,0,0,0,0,0,0,0,0,0,0,0,0,0,0,1,0,0,0,0,0,0,0,0,0,1,0,0,0,1,0,1,0,0
0,2.0,0,10.239995502805316,37.2,326.4,134.0,473708704.4908016,392703443.3217702,0,0,0,0,0,0,1,0,0,0,0,0,0,0,0,0,0,0,0,0,0,0,0,0,0,0,1,0,0,0,0,0,0,0,0,0,0,1,0,0,1,0,0,1,0,0
0,3.0,0,10.545367754151743,82.0,420.0,349.0,485086136.492243,547809964.6523395,0,0,0,0,0,0,1,0,0,0,0,0,0,0,0,0,0,0,0,0,0,0,0,0,0,0,0,0,0,1,0,0,0,0,0,0,0,1,0,0,0,1,0,1,0,0
0,3.0,1,0.0,59.6,381.0,201.0,574314740.5699741,850626613.2103813,0,0,1,0,0,0,0,0,0,0,0,1,0,0,0,0,0,0,0,0,0,0,0,0,0,0,0,0,0,0,0,0,0,0,0,0,0,1,0,0,1,0,0,1,0,0
0,4.0,0,10.373522431293592,82.0,420.0,349.0,477843490.59440947,545088077.7726357,0,0,0,0,0,0,1,0,0,0,0,0,0,0,0,0,0,0,0,0,0,0,0,0,0,0,0,0,0,1,0,0,0,0,0,0,0,1,0,0,0,1,0,0,0,1
0,1.0,0,7.601402334583733,37.2,326.4,134.0,343332508.1765695,478727071.53178996,0,0,0,0,0,0,1,0,0,0,0,0,0,0,0,0,0,0,0,0,0,0,0,0,0,0,1,0,0,0,0,0,0,0,0,0,0,1,0,0,0,1,0,0,0,1
0,3.0,0,9.546884034617925,92.0,480.0,402.0,572076623.7816458,460208659.35697055,0,0,0,0,0,0,1,0,0,0,0,0,0,0,0,0,0,0,0,0,0,0,0,0,0,0,0,0,0,0,1,0,0,0,1,0,0,0,0,0,0,0,1,1,0,0
1,2.0,0,9.546884034617925,18.6,215.0,43.0,645013619.5664712,401648369.35520124,0,0,0,0,0,0,1,0,0,0,0,0,0,0,0,0,0,0,0,0,0,0,0,0,0,1,0,0,0,0,0,0,0,0,1,0,0,0,0,0,0,0,1,1,0,0
0,0.0,1,0.0,82.0,420.0,349.0,485501220.63859576,621841482.0189877,0,0,0,0,0,0,1,0,0,0,0,0,0,0,0,0,0,0,0,0,0,0,0,0,0,0,0,0,0,1,0,0,0,0,1,0,0,0,0,0,0,0,1,1,0,0
1,2.0,0,10.308985993422082,59.6,381.0,201.0,489919124.277932,454252896.3677094,0,0,0,0,0,0,1,0,0,0,0,0,0,0,0,0,0,0,0,0,0,0,0,0,0,0,0,1,0,0,0,0,0,0,0,0,0,1,0,0,0,1,0,0,0,1
0,1.0,1,0.0,37.2,326.4,134.0,457741242.451756,452701014.3298356,0,0,0,0,0,0,1,0,0,0,0,0,0,0,0,0,0,0,0,0,0,0,0,0,0,0,1,0,0,0,0,0,0,0,0,0,0,1,0,1,0,0,0,0,1,0
0,1.0,1,0.0,82.0,420.0,349.0,492686300.9118923,659119592.70336,0,0,0,0,0,0,1,0,0,0,0,0,0,0,0,0,0,0,0,0,0,0,0,0,0,0,0,0,0,1,0,0,0,0,0,0,0,1,0,0,0,1,0,1,0,0
0,3.0,0,9.61587214452889,82.0,420.0,349.0,489054721.96452385,545974374.7103666,0,0,0,0,0,0,1,0,0,0,0,0,0,0,0,0,0,0,0,0,0,0,0,0,0,0,0,0,0,1,0,0,0,0,0,0,0,1,0,1,0,0,0,0,1,0
1,2.0,0,11.097425172408931,37.2,326.4,134.0,430897368.0968872,391981924.3344284,0,0,0,0,0,0,1,0,0,0,0,0,0,0,0,0,0,0,0,0,0,0,0,0,0,0,1,0,0,0,0,0,0,0,0,0,0,1,0,1,0,0,0,1,0,0
0,1.0,0,9.210440366976517,18.6,215.0,43.0,302551481.60424846,394464314.4680454,0,0,0,0,0,0,1,0,0,0,0,0,0,0,0,0,0,0,0,0,0,0,0,0,0,1,0,0,0,0,0,0,0,0,1,0,0,0,0,0,0,1,0,1,0,0
0,3.0,0,10.819798284210286,82.0,420.0,349.0,746802096.3535901,547947295.4066916,0,0,0,0,0,0,1,0,0,0,0,0,0,0,0,0,0,0,0,0,0,0,0,0,0,0,0,0,0,1,0,0,0,0,0,0,0,1,0,1,0,0,0,1,0,0
0,4.0,0,10.839600519357369,82.0,420.0,349.0,484666533.0259533,545088078.4045801,0,0,0,0,0,0,1,0,0,0,0,0,0,0,0,0,0,0,0,0,0,0,0,0,0,0,0,0,0,1,0,0,0,0,0,0,0,1,0,0,0,1,0,0,0,1
0,2.0,0,9.472781556562168,37.2,326.4,134.0,475073128.85522676,395357450.20784616,0,0,0,0,0,0,1,0,0,0,0,0,0,0,0,0,0,0,0,0,0,0,0,0,0,0,1,0,0,0,0,0,0,0,0,0,0,1,0,0,0,1,0,0,0,1
0,4.0,0,10.043292972227004,42.0,318.6,147.0,330803869.7706785,421344701.1152757,0,0,0,0,0,0,1,0,0,0,0,0,0,0,0,0,0,0,0,0,0,0,0,0,1,0,0,0,0,0,0,0,0,0,0,0,0,1,0,0,0,1,0,0,0,1
0,4.0,0,11.002116507732017,82.0,420.0,349.0,497681034.1487344,545088077.668469,0,0,0,0,0,0,1,0,0,0,0,0,0,0,0,0,0,0,0,0,0,0,0,0,0,0,0,0,0,1,0,0,0,0,0,0,0,1,0,0,0,1,0,0,0,1
0,0.0,1,0.0,37.2,326.4,134.0,341434550.7847328,355064780.1928698,0,0,0,0,0,0,1,0,0,0,0,0,0,0,0,0,0,0,0,0,0,0,0,0,0,0,1,0,0,0,0,0,0,0,0,0,1,0,0,0,0,1,0,1,0,0
0,3.0,0,10.518700218288165,82.0,420.0,349.0,485851539.1099334,548748069.1010822,0,0,0,0,0,0,1,0,0,0,0,0,0,0,0,0,0,0,0,0,0,0,0,0,0,0,0,0,0,1,0,0,0,0,1,0,0,0,0,0,0,0,1,1,0,0
0,3.0,1,10.165890277802454,82.0,420.0,349.0,482845169.68318176,547835109.7200378,0,0,0,0,0,0,1,0,0,0,0,0,0,0,0,0,0,0,0,0,0,0,0,0,0,0,0,0,0,1,0,0,0,0,0,0,0,1,0,0,1,0,0,1,0,0
0,0.0,1,0.0,59.6,381.0,201.0,402650279.4670801,498657569.9519226,0,0,0,0,0,0,1,0,0,0,0,0,0,0,0,0,0,0,0,0,0,0,0,0,0,0,0,1,0,0,0,0,0,0,0,1,0,0,0,0,0,1,0,0,0,1
0,1.0,0,9.472781556562168,18.6,215.0,43.0,302623366.588274,394568965.63083607,0,0,0,0,0,0,1,0,0,0,0,0,0,0,0,0,0,0,0,0,0,0,0,0,0,1,0,0,0,0,0,0,0,0,1,0,0,0,0,0,0,1,0,1,0,0
0,2.0,0,9.90353755128617,82.0,420.0,349.0,745661471.3535901,556445217.0279763,0,0,0,0,0,0,1,0,0,0,0,0,0,0,0,0,0,0,0,0,0,0,0,0,0,0,0,0,0,1,0,0,0,0,0,0,0,1,0,1,0,0,0,1,0,0
0,0.0,1,0.0,18.6,215.0,43.0,302966815.60424846,337359948.8729583,0,0,0,0,0,0,1,0,0,0,0,0,0,0,0,0,0,0,0,0,0,0,0,0,0,1,0,0,0,0,0,0,0,0,0,0,0,1,0,0,0,1,0,0,0,1
0,2.0,0,10.239995502805316,37.2,326.4,134.0,474172912.73375165,393606396.9082681,0,0,0,0,0,0,1,0,0,0,0,0,0,0,0,0,0,0,0,0,0,0,0,0,0,0,1,0,0,0,0,0,0,0,0,0,1,0,0,0,0,1,0,0,0,1
0,3.0,0,10.819798284210286,82.0,420.0,349.0,477843490.64833105,549144586.2016625,0,0,0,0,0,0,1,0,0,0,0,0,0,0,0,0,0,0,0,0,0,0,0,0,0,0,0,0,0,1,0,0,0,0,0,0,0,1,0,0,0,1,0,0,0,1
0,3.0,1,0.0,82.0,420.0,349.0,745188130.8604879,548632014.9424748,0,0,0,0,0,0,1,0,0,0,0,0,0,0,0,0,0,0,0,0,0,0,0,0,0,0,0,0,0,1,0,0,0,0,0,1,0,0,0,0,1,0,0,1,0,0
1,1.0,0,9.952325334619427,37.2,326.4,134.0,343332508.0092226,478727071.3982395,0,0,0,0,0,0,1,0,0,0,0,0,0,0,0,0,0,0,0,0,0,0,0,0,0,0,1,0,0,0,0,0,0,0,0,0,0,1,0,0,0,1,0,0,0,1
1,1.0,0,10.12667110305036,37.2,326.4,134.0,473448400.803166,476287333.5480766,0,0,0,0,0,0,1,0,0,0,0,0,0,0,0,0,0,0,0,0,0,0,0,0,0,0,1,0,0,0,0,0,0,0,0,0,0,1,0,1,0,0,0,1,0,0
0,1.0,0,10.308985993422082,82.0,420.0,349.0,744298560.3083407,664156975.8809303,0,0,0,0,0,0,1,0,0,0,0,0,0,0,0,0,0,0,0,0,0,0,0,0,0,0,0,0,0,1,0,0,0,0,0,0,0,1,0,0,1,0,0,1,0,0
0,1.0,1,0.0,82.0,420.0,349.0,495312616.701366,663783144.1052291,0,0,0,0,0,0,1,0,0,0,0,0,0,0,0,0,0,0,0,0,0,0,0,0,0,0,0,0,0,1,0,0,0,0,0,0,0,1,0,0,1,0,0,1,0,0
0,0.0,1,0.0,59.6,381.0,201.0,395179563.6638282,456984121.8695016,1,0,0,0,0,0,0,0,0,0,0,0,0,0,0,0,0,0,0,0,0,0,0,0,0,0,0,0,0,0,0,0,1,0,0,0,0,1,0,0,1,0,0,1,0,0
0,1.0,1,0.0,59.6,381.0,201.0,488811688.9266923,440910995.6197438,0,0,0,0,0,0,1,0,0,0,0,0,0,0,0,0,0,0,0,0,0,0,0,0,0,0,0,1,0,0,0,0,0,0,1,0,0,0,0,0,0,0,1,1,0,0
0,2.0,0,6.90875477931522,82.0,420.0,349.0,636591680.8564883,559051600.0066997,0,0,0,0,0,0,1,0,0,0,0,0,0,0,0,0,0,0,0,0,0,0,0,0,0,0,0,0,0,1,0,0,0,0,1,0,0,0,0,0,0,0,1,1,0,0
0,0.0,1,0.0,59.6,381.0,201.0,349102773.9715205,494632727.1134133,0,0,0,0,0,0,1,0,0,0,0,0,0,0,0,0,0,0,0,0,0,0,0,0,0,0,0,1,0,0,0,0,0,0,0,0,0,0,1,0,0,1,0,0,1,0
0,1.0,0,9.90353755128617,82.0,420.0,349.0,739543959.0813469,656913985.2267246,0,0,0,0,0,0,1,0,0,0,0,0,0,0,0,0,0,0,0,0,0,0,0,0,0,0,0,0,0,1,0,0,0,0,0,0,0,1,0,1,0,0,0,1,0,0
0,3.0,1,7.0909098220799835,92.0,480.0,402.0,569878821.5838436,457577080.4096022,0,0,0,0,0,0,1,0,0,0,0,0,0,0,0,0,0,0,0,0,0,0,0,0,0,0,0,0,0,0,1,0,0,0,0,0,0,1,0,0,1,0,0,1,0,0
0,3.0,0,10.308985993422082,37.2,326.4,134.0,340250877.31534505,433151637.8864874,0,0,0,0,0,0,1,0,0,0,0,0,0,0,0,0,0,0,0,0,0,0,0,0,0,0,1,0,0,0,0,0,0,0,0,0,0,1,0,1,0,0,0,1,0,0
0,1.0,0,10.239995502805316,18.6,215.0,43.0,302966816.4205424,395068964.68897563,0,0,0,0,0,0,1,0,0,0,0,0,0,0,0,0,0,0,0,0,0,0,0,0,0,1,0,0,0,0,0,0,0,0,0,0,0,1,0,0,0,1,0,0,0,1
1,2.0,1,8.987321812850125,75.3,450.0,201.0,505248930.97462535,402488782.90766484,0,0,0,0,0,0,1,0,0,0,0,0,0,0,0,0,0,0,0,0,0,0,0,0,0,0,0,0,1,0,0,0,0,0,0,0,0,1,0,0,1,0,0,1,0,0
0,0.0,1,0.0,37.2,326.4,134.0,341495775.27452874,355144567.4269124,0,0,0,0,0,0,1,0,0,0,0,0,0,0,0,0,0,0,0,0,0,0,0,0,0,0,1,0,0,0,0,0,0,0,0,0,0,1,0,0,1,0,0,1,0,0
0,1.0,0,6.68586094706836,59.6,381.0,201.0,402650279.6962468,442046587.696015,0,0,0,0,0,0,1,0,0,0,0,0,0,0,0,0,0,0,0,0,0,0,0,0,0,0,0,1,0,0,0,0,0,0,0,1,0,0,0,0,0,1,0,0,0,1
0,0.0,1,0.0,59.6,381.0,201.0,769033011.5963982,572285762.5627649,0,0,0,0,0,0,1,0,0,0,0,0,0,0,0,0,0,1,0,0,0,0,0,0,0,0,0,0,0,0,0,0,0,0,0,0,1,0,0,0,0,1,0,1,0,0
1,3.0,0,10.308985993422082,92.0,480.0,402.0,508777688.68396884,458794185.6727601,0,0,0,0,0,0,1,0,0,0,0,0,0,0,0,0,0,0,0,0,0,0,0,0,0,0,0,0,0,0,1,0,0,0,0,0,0,1,0,0,1,0,0,1,0,0
0,0.0,1,0.0,59.6,381.0,201.0,398157226.0156912,494638938.2935375,0,0,0,0,0,0,1,0,0,0,0,0,0,0,0,0,0,0,0,0,0,0,0,0,0,0,0,1,0,0,0,0,0,0,0,0,0,0,1,0,0,1,0,1,0,0
0,0.0,0,9.90353755128617,59.6,381.0,201.0,513231064.2022897,527592870.713316,0,0,0,0,0,0,1,0,0,0,0,0,0,0,0,0,1,0,0,0,0,0,0,0,0,0,0,0,0,0,0,0,0,0,0,1,0,0,0,0,0,1,0,0,0,1
0,4.0,0,10.819798284210286,82.0,420.0,349.0,483335615.5430544,540921415.7587467,0,0,0,0,0,0,1,0,0,0,0,0,0,0,0,0,0,0,0,0,0,0,0,0,0,0,0,0,0,1,0,0,0,0,0,0,0,1,0,0,0,1,0,0,0,1
1,1.0,0,8.294299608857235,18.6,215.0,43.0,302966815.68571806,395068963.6192082,0,0,0,0,0,0,1,0,0,0,0,0,0,0,0,0,0,0,0,0,0,0,0,0,0,1,0,0,0,0,0,0,0,0,0,0,0,1,0,0,0,1,0,0,0,1
0,1.0,1,0.0,18.6,215.0,43.0,302966816.69849765,395068965.0936268,0,0,0,0,0,0,1,0,0,0,0,0,0,0,0,0,0,0,0,0,0,0,0,0,0,1,0,0,0,0,0,0,0,0,0,0,0,1,0,0,0,1,0,0,0,1
0,2.0,0,10.463131911491967,18.6,215.0,43.0,302273526.33268297,400891911.7906256,0,0,0,0,0,0,1,0,0,0,0,0,0,0,0,0,0,0,0,0,0,0,0,0,0,1,0,0,0,0,0,0,0,0,0,0,0,1,0,0,1,0,0,1,0,0
0,0.0,1,6.111467339502679,75.3,450.0,201.0,502434116.15981054,580474370.5803627,0,0,0,0,0,0,1,0,0,0,0,0,0,0,0,0,0,0,0,0,0,0,0,0,0,0,0,0,1,0,0,0,0,0,0,0,1,0,0,0,0,1,0,1,0,0
0,1.0,1,0.0,60.1,450.0,204.0,680688150.488057,455331737.83054477,0,0,0,0,0,0,1,0,0,0,0,0,0,0,1,0,0,0,0,0,0,0,0,0,0,0,0,0,0,0,0,0,0,0,0,0,0,1,0,0,1,0,0,1,0,0
1,1.0,0,10.819798284210286,37.2,326.4,134.0,474207619.8921031,477427398.69465643,0,0,0,0,0,0,1,0,0,0,0,0,0,0,0,0,0,0,0,0,0,0,0,0,0,0,1,0,0,0,0,0,0,0,0,0,0,0,1,0,0,1,0,1,0,0
1,2.0,1,8.699681400989514,18.6,215.0,43.0,302546689.27198005,401522908.1005887,0,0,0,0,0,0,0,1,0,0,0,0,0,0,0,0,0,0,0,0,0,0,0,0,0,1,0,0,0,0,0,0,0,0,0,1,0,0,0,0,1,0,0,1,0,0
0,3.0,0,10.896757843893464,82.0,420.0,349.0,745395846.3535901,547599132.9308695,0,0,0,0,0,0,1,0,0,0,0,0,0,0,0,0,0,0,0,0,0,0,0,0,0,0,0,0,0,1,0,0,0,0,0,0,0,1,0,1,0,0,0,1,0,0
0,0.0,0,9.680406499268875,59.6,381.0,201.0,486241440.992808,493129621.52335113,0,0,0,0,0,0,1,0,0,0,0,0,0,0,0,0,0,0,0,0,0,0,0,0,0,0,0,1,0,0,0,0,0,0,0,0,0,1,0,1,0,0,0,1,0,0
0,2.0,0,9.90353755128617,75.3,450.0,201.0,502739671.71536607,398776454.14054155,0,0,0,0,0,0,1,0,0,0,0,0,0,0,0,0,0,0,0,0,0,0,0,0,0,0,0,0,1,0,0,0,0,0,0,0,0,1,0,0,0,1,0,1,0,0
0,3.0,1,8.45553053102413,82.0,420.0,349.0,481870647.39018816,547539171.615589,0,0,0,0,0,0,1,0,0,0,0,0,0,0,0,0,0,0,0,0,0,0,0,0,0,0,0,0,0,1,0,0,0,0,0,0,0,1,0,0,1,0,0,1,0,0
0,3.0,0,10.308985993422082,59.6,381.0,201.0,487791027.7696675,425895987.6956104,0,0,0,0,0,0,1,0,0,0,0,0,0,0,0,0,0,0,0,0,0,0,0,0,0,0,0,1,0,0,0,0,0,0,0,0,0,1,0,1,0,0,0,1,0,0
0,2.0,0,0.0,37.2,326.4,134.0,474272695.814012,393800489.7352723,0,0,0,0,0,0,1,0,0,0,0,0,0,0,0,0,0,0,0,0,0,0,0,0,0,0,1,0,0,0,0,0,0,0,0,0,0,1,0,0,1,0,0,1,0,0
0,2.0,1,0.0,18.6,215.0,43.0,302966816.63779473,402493386.81276584,0,0,0,0,0,0,1,0,0,0,0,0,0,0,0,0,0,0,0,0,0,0,0,0,0,1,0,0,0,0,0,0,0,0,0,0,0,1,0,0,0,1,0,0,0,1
0,0.0,1,0.0,82.0,420.0,349.0,742635983.6212242,618303666.8929373,0,0,0,0,0,0,1,0,0,0,0,0,0,0,0,0,0,0,0,0,0,0,0,0,0,0,0,0,0,1,0,0,0,0,0,0,0,1,0,0,1,0,0,1,0,0
0,2.0,1,0.0,82.0,420.0,349.0,484666533.0259533,559062238.3045721,0,0,0,0,0,0,1,0,0,0,0,0,0,0,0,0,0,0,0,0,0,0,0,0,0,0,0,0,0,1,0,0,0,0,1,0,0,0,0,0,0,0,1,1,0,0
0,1.0,0,0.0,14.7,170.0,27.0,311648141.2921963,484666533.0259533,0,0,0,0,1,0,0,0,0,0,0,0,0,0,0,0,0,0,0,1,0,0,0,0,0,0,0,0,0,0,0,0,0,0,1,0,0,0,0,0,0,0,1,1,0,0
1,1.0,0,0.0,18.6,215.0,43.0,302337424.0962612,394152686.56106865,0,0,0,0,0,0,1,0,0,0,0,0,0,0,0,0,0,0,0,0,0,0,0,0,0,1,0,0,0,0,0,0,0,0,0,0,0,1,0,0,1,0,0,1,0,0
1,4.0,1,10.691967639914864,59.6,381.0,201.0,422770256.1768885,419826536.2137403,0,0,0,0,0,0,1,0,0,0,0,0,0,0,0,0,0,0,0,0,0,0,0,0,0,0,0,0,0,0,0,1,0,0,0,0,0,1,0,0,0,1,0,0,0,1
1,2.0,1,9.392745258631441,18.6,215.0,43.0,643921832.1268576,400814421.01571786,0,0,0,0,0,0,1,0,0,0,0,0,0,0,0,0,0,0,0,0,0,0,0,0,0,1,0,0,0,0,0,0,0,0,0,0,0,1,0,0,1,0,0,1,0,0
0,3.0,0,10.915106645867503,82.0,420.0,349.0,522059876.42703134,547953098.1146219,0,0,0,0,0,0,1,0,0,0,0,0,0,0,0,0,0,0,0,0,0,0,0,0,0,0,0,0,0,1,0,0,0,0,0,0,0,1,0,0,0,1,0,1,0,0
0,2.0,1,9.305741456739435,18.6,215.0,43.0,302966816.00680435,402493385.35520124,0,0,0,0,0,0,1,0,0,0,0,0,0,0,0,0,0,0,0,0,0,0,0,0,0,1,0,0,0,0,0,0,0,0,0,0,0,1,0,0,0,1,0,0,0,1
1,3.0,0,11.082157933374816,92.0,480.0,402.0,572027173.2321953,460149448.83065486,0,0,0,0,0,0,1,0,0,0,0,0,0,0,0,0,0,0,0,0,0,0,0,0,0,0,0,0,0,0,1,0,0,0,1,0,0,0,0,0,0,0,1,1,0,0
0,2.0,1,11.289794413577894,37.2,326.4,134.0,475073127.22615945,395357447.0390698,0,0,0,0,0,0,1,0,0,0,0,0,0,0,0,0,0,0,0,0,0,0,0,0,0,0,1,0,0,0,0,0,0,0,0,0,0,0,1,0,0,1,0,0,0,1
0,3.0,1,0.0,42.0,318.6,147.0,615795655.8148236,368283534.4129766,0,0,0,0,0,0,1,0,0,0,0,0,0,0,0,0,0,0,0,0,0,0,0,0,1,0,0,0,0,0,0,0,0,0,0,0,0,1,0,0,1,0,0,1,0,0
0,3.0,0,10.668978650219241,82.0,420.0,349.0,487828071.976114,547974374.7103666,0,0,0,0,0,0,1,0,0,0,0,0,0,0,0,0,0,0,0,0,0,0,0,0,0,0,0,0,0,1,0,0,0,0,0,0,0,1,0,0,0,1,0,0,0,1
0,4.0,0,11.289794413577894,82.0,420.0,349.0,484666533.0259533,541268637.980969,0,0,0,0,0,0,1,0,0,0,0,0,0,0,0,0,0,0,0,0,0,0,0,0,0,0,0,0,0,1,0,0,0,0,0,0,0,1,0,0,0,1,0,1,0,0
0,1.0,0,11.407576060361786,82.0,420.0,349.0,483431156.94432825,662521461.8622386,0,0,0,0,0,0,1,0,0,0,0,0,0,0,0,0,0,0,0,0,0,0,0,0,0,0,0,0,0,1,0,0,0,0,0,0,0,1,0,0,1,0,0,1,0,0
0,5.0,1,8.343077871169383,59.6,381.0,201.0,484666533.0259533,463151393.6599575,0,0,0,0,1,0,0,0,0,0,0,0,0,0,0,0,0,0,0,1,0,0,0,0,0,0,0,0,0,0,0,0,0,0,0,0,0,1,0,0,1,0,0,1,0,0
0,0.0,1,0.0,17.0,150.0,41.0,303955580.2630649,321128450.1546922,0,0,0,0,0,0,1,0,0,0,1,0,0,0,0,0,0,0,0,0,0,0,0,0,0,0,0,0,0,0,0,0,0,0,0,1,0,0,0,0,0,1,0,1,0,0
0,1.0,0,8.853808274977197,75.3,450.0,201.0,626877694.7407442,562587057.7561935,0,0,0,0,0,0,1,0,0,0,0,0,0,0,0,0,0,0,0,0,0,0,0,0,0,0,0,0,1,0,0,0,0,0,0,0,0,1,0,0,0,1,0,1,0,0
0,4.0,1,10.463131911491967,59.6,381.0,201.0,418287506.6768885,414409880.5679069,0,0,0,0,0,0,1,0,0,0,0,0,0,0,0,0,0,0,0,0,0,0,0,0,0,0,0,0,0,0,0,1,0,0,1,0,0,0,0,0,0,0,1,1,0,0
0,3.0,1,0.0,82.0,420.0,349.0,738520846.3535901,545897005.2712951,0,0,0,0,0,0,1,0,0,0,0,0,0,0,0,0,0,0,0,0,0,0,0,0,0,0,0,0,0,1,0,0,0,0,0,0,0,1,0,1,0,0,0,0,1,0
1,2.0,1,10.308985993422082,59.6,381.0,201.0,488034829.4225601,451272508.4265329,0,0,0,0,0,0,1,0,0,0,0,0,0,0,0,0,0,0,0,0,0,0,0,0,0,0,0,1,0,0,0,0,0,0,0,0,0,1,0,0,1,0,0,1,0,0
0,0.0,0,9.90353755128617,60.1,450.0,204.0,368980568.701366,477929454.88688874,0,0,0,0,0,0,1,0,0,0,0,0,0,0,1,0,0,0,0,0,0,0,0,0,0,0,0,0,0,0,0,0,0,0,0,0,1,0,0,0,0,1,0,0,0,1
0,1.0,1,0.0,59.6,381.0,201.0,486890201.3233865,438940656.63669294,0,0,0,0,0,0,1,0,0,0,0,0,0,0,0,0,0,0,0,0,0,0,0,0,0,0,0,1,0,0,0,0,0,0,0,0,0,1,0,0,1,0,0,1,0,0
1,1.0,1,0.0,82.0,420.0,349.0,492523143.01715547,658829873.077192,0,0,0,0,0,0,1,0,0,0,0,0,0,0,0,0,0,0,0,0,0,0,0,0,0,0,0,0,0,1,0,0,0,0,0,0,0,1,0,0,0,1,0,1,0,0
0,1.0,0,11.002116507732017,37.2,326.4,134.0,459803904.1329137,484666533.0259533,0,0,0,0,0,0,1,0,0,0,0,0,0,0,0,0,0,0,0,0,0,0,1,0,0,0,0,0,0,0,0,0,0,0,1,0,0,0,0,0,0,1,0,1,0,0
0,0.0,1,0.0,75.3,450.0,201.0,482582445.97231853,580189966.910638,0,0,0,0,0,0,1,0,0,0,0,0,0,0,0,0,0,0,0,0,0,0,0,0,0,0,0,0,1,0,0,0,0,0,0,0,0,1,0,0,0,1,0,1,0,0
0,3.0,0,10.757924157061597,82.0,420.0,349.0,391897438.17381024,549144586.1977941,0,0,0,0,0,0,1,0,0,0,0,0,0,0,0,0,0,0,0,0,0,0,0,0,0,0,0,0,0,1,0,0,0,0,0,0,0,1,0,0,0,1,0,0,0,1
0,0.0,1,0.0,59.6,381.0,201.0,398191948.2379134,494669994.1941586,0,0,0,0,0,0,1,0,0,0,0,0,0,0,0,0,0,0,0,0,0,0,0,0,0,0,0,1,0,0,0,0,0,0,0,0,0,1,0,0,0,1,0,1,0,0
0,0.0,1,0.0,92.0,480.0,402.0,667376132.6476803,850369621.240257,0,0,0,0,0,0,1,0,0,0,0,0,0,0,0,0,0,0,0,0,0,0,0,0,0,0,0,0,0,0,1,0,0,0,0,0,0,1,0,0,1,0,0,1,0,0
1,0.0,1,0.0,59.6,381.0,201.0,402650280.5295801,498657570.9022331,0,0,0,0,0,0,1,0,0,0,0,0,0,0,0,0,0,0,0,0,0,0,0,0,0,0,0,1,0,0,0,0,0,0,0,1,0,0,0,0,0,1,0,0,0,1
0,1.0,0,11.002116507732017,60.1,450.0,204.0,369139305.54347116,456427628.24150366,0,0,0,0,0,0,1,0,0,0,0,0,0,0,1,0,0,0,0,0,0,0,0,0,0,0,0,0,0,0,0,0,0,0,0,0,0,1,0,0,1,0,0,1,0,0
0,0.0,1,10.12667110305036,18.6,215.0,43.0,301656912.91415256,332778948.40368456,0,0,0,0,0,0,1,0,0,0,0,0,0,0,0,0,0,0,0,0,0,0,0,0,0,1,0,0,0,0,0,0,0,0,0,0,0,1,0,0,1,0,0,1,0,0
0,1.0,1,0.0,18.6,215.0,43.0,635496711.3539108,389955012.142464,0,0,0,0,0,0,1,0,0,0,0,0,0,0,0,0,0,0,0,0,0,0,0,0,0,1,0,0,0,0,0,0,0,0,1,0,0,0,0,0,1,0,0,0,1,0
0,3.0,1,0.0,82.0,420.0,349.0,744684908.8535901,547423117.4569817,0,0,0,0,0,0,1,0,0,0,0,0,0,0,0,0,0,0,0,0,0,0,0,0,0,0,0,0,0,1,0,0,0,0,0,0,0,1,0,0,1,0,0,1,0,0
0,3.0,0,10.308985993422082,82.0,420.0,349.0,742918192.2101812,547916347.6310629,0,0,0,0,0,0,1,0,0,0,0,0,0,0,0,0,0,0,0,0,0,0,0,0,0,0,0,0,0,1,0,0,0,0,0,0,0,1,0,0,1,0,0,1,0,0
0,2.0,1,0.0,37.2,326.4,134.0,473684843.319435,392657029.8196605,0,0,0,0,0,0,1,0,0,0,0,0,0,0,0,0,0,0,0,0,0,0,0,0,0,0,1,0,0,0,0,0,0,0,0,0,0,1,0,0,1,0,0,1,0,0
0,2.0,0,10.668978650219241,82.0,420.0,349.0,742497408.8535901,554290961.7088274,0,0,0,0,0,0,1,0,0,0,0,0,0,0,0,0,0,0,0,0,0,0,0,0,0,0,0,0,0,1,0,0,0,0,0,0,0,1,0,1,0,0,0,1,0,0
0,0.0,1,0.0,18.6,215.0,43.0,302513142.9461015,335773361.8115058,0,0,0,0,0,0,1,0,0,0,0,0,0,0,0,0,0,0,0,0,0,0,0,0,0,1,0,0,0,0,0,0,0,0,1,0,0,0,0,0,0,0,1,1,0,0
0,0.0,1,0.0,82.0,420.0,349.0,477843488.9816644,624026347.5736096,0,0,0,0,0,0,1,0,0,0,0,0,0,0,0,0,0,0,0,0,0,0,0,0,0,0,0,0,0,1,0,0,0,0,0,0,0,1,0,0,0,1,0,0,0,1
0,0.0,1,0.0,37.2,326.4,134.0,343332507.35616136,357538181.0439337,0,0,0,0,0,0,1,0,0,0,0,0,0,0,0,0,0,0,0,0,0,0,0,0,0,0,1,0,0,0,0,0,0,0,0,0,0,1,0,0,0,1,0,0,0,1
0,0.0,1,0.0,59.6,381.0,201.0,397890559.34902453,494400428.9767673,0,0,0,0,0,0,1,0,0,0,0,0,0,0,0,0,0,0,0,0,0,0,0,0,0,0,0,1,0,0,0,0,0,0,0,0,1,0,0,0,0,1,0,1,0,0
0,2.0,0,11.608244735642321,60.1,450.0,204.0,371186673.96452385,433950842.4910938,0,0,0,0,0,0,1,0,0,0,0,0,0,0,1,0,0,0,0,0,0,0,0,0,0,0,0,0,0,0,0,0,0,0,1,0,0,0,0,0,0,0,1,1,0,0
0,1.0,0,9.90353755128617,18.6,215.0,43.0,302570650.9333219,394492221.4447896,0,0,0,0,0,0,1,0,0,0,0,0,0,0,0,0,0,0,0,0,0,0,0,0,0,1,0,0,0,0,0,0,0,0,0,0,1,0,0,0,0,1,0,0,0,1
0,1.0,0,11.608244735642321,59.6,381.0,201.0,550911717.2571654,439716080.36550653,0,0,0,0,0,0,1,0,0,0,0,0,0,0,0,0,0,0,0,0,0,0,0,0,0,0,0,1,0,0,0,0,0,0,0,0,0,0,1,0,0,1,0,1,0,0
0,2.0,0,11.184435286790631,82.0,420.0,349.0,722955002.0261321,539828195.7513806,0,0,0,0,0,0,1,0,0,0,0,0,0,0,0,0,0,0,0,0,0,0,0,0,0,0,0,0,0,1,0,0,0,0,0,0,0,1,0,1,0,0,0,0,1,0
0,3.0,0,9.210440366976517,92.0,480.0,402.0,573285408.7816458,461656020.34381276,0,0,0,0,0,0,1,0,0,0,0,0,0,0,0,0,0,0,0,0,0,0,0,0,0,0,0,0,0,0,1,0,0,0,0,0,0,1,0,0,0,1,0,0,0,1
1,1.0,0,9.61587214452889,82.0,420.0,349.0,466862794.3682078,659764452.5164443,0,0,0,0,0,0,1,0,0,0,0,0,0,0,0,0,0,0,0,0,0,0,0,0,0,0,0,0,0,1,0,0,0,0,0,0,0,1,0,0,0,1,0,0,0,1
1,2.0,0,8.294299608857235,92.0,480.0,402.0,608893794.6601714,483466135.5452956,0,0,0,0,0,0,1,0,0,0,0,0,0,0,0,0,0,0,0,0,0,0,0,0,0,0,0,0,0,0,1,0,0,0,1,0,0,0,0,0,0,0,1,1,0,0
0,0.0,0,6.186208623900494,59.6,381.0,201.0,487241440.992808,494632727.1134133,0,0,0,0,0,0,1,0,0,0,0,0,0,0,0,0,0,0,0,0,0,0,0,0,0,0,0,1,0,0,0,0,0,0,0,0,1,0,0,0,0,1,0,0,0,1
0,1.0,0,8.294299608857235,60.1,450.0,204.0,372291932.801366,460530362.3442434,0,0,0,0,0,0,1,0,0,0,0,0,0,0,1,0,0,0,0,0,0,0,0,0,0,0,0,0,0,0,0,0,0,0,0,0,0,1,0,0,0,1,0,0,0,1
0,1.0,1,0.0,14.7,170.0,27.0,555111022.0173022,464400279.96297663,0,0,0,0,0,0,1,0,0,0,0,0,0,0,0,0,0,0,1,0,0,0,0,0,0,0,0,0,0,0,0,0,0,0,0,0,0,1,0,1,0,0,0,1,0,0
1,2.0,1,0.0,18.6,215.0,43.0,643844537.4408673,400755380.4253119,0,0,0,0,0,0,1,0,0,0,0,0,0,0,0,0,0,0,0,0,0,0,0,0,0,1,0,0,0,0,0,0,0,0,0,0,0,1,0,0,1,0,0,1,0,0
0,2.0,1,3.9318256327243257,82.0,420.0,349.0,346190530.9471095,553705855.3258486,0,0,0,0,0,0,1,0,0,0,0,0,0,0,0,0,0,0,0,0,0,0,0,0,0,0,0,0,0,1,0,0,0,0,0,0,0,1,0,1,0,0,0,1,0,0
0,1.0,0,9.680406499268875,59.6,381.0,201.0,460388777.5216277,555666563.866118,0,0,0,0,1,0,0,0,0,0,0,0,0,0,0,0,0,0,0,1,0,0,0,0,0,0,0,0,0,0,0,0,0,0,0,0,0,1,0,0,1,0,0,1,0,0
0,1.0,1,0.0,75.3,450.0,201.0,635190186.1782442,566666808.1549665,0,0,0,0,0,0,1,0,0,0,0,0,0,0,0,0,0,0,0,0,0,0,0,0,0,0,0,0,1,0,0,0,0,0,0,0,0,1,0,0,0,1,0,0,0,1
0,1.0,0,1.791759469228055,18.6,215.0,43.0,644385600.2427996,394234081.90990585,0,0,0,0,0,0,1,0,0,0,0,0,0,0,0,0,0,0,0,0,0,0,0,0,0,1,0,0,0,0,0,0,0,0,0,0,0,1,0,0,1,0,0,1,0,0
0,1.0,0,0.0,59.6,381.0,201.0,546987188.9552786,437953368.5010997,0,0,0,0,0,0,1,0,0,0,0,0,0,0,0,0,0,0,0,0,0,0,0,0,0,0,0,1,0,0,0,0,0,0,0,0,0,1,0,1,0,0,0,1,0,0
1,1.0,0,10.12667110305036,37.2,326.4,134.0,473923455.0331009,477000688.5969365,0,0,0,0,0,0,1,0,0,0,0,0,0,0,0,0,0,0,0,0,0,0,0,0,0,0,1,0,0,0,0,0,0,0,0,0,0,1,0,1,0,0,0,1,0,0
0,3.0,0,10.839600519357369,82.0,420.0,349.0,743010216.7500585,547945361.1707147,0,0,0,0,0,0,1,0,0,0,0,0,0,0,0,0,0,0,0,0,0,0,0,0,0,0,0,0,0,1,0,0,0,0,0,0,0,1,0,1,0,0,0,1,0,0
0,2.0,1,9.546884034617925,59.6,381.0,201.0,677456174.9610281,454252898.81868976,0,0,0,0,0,0,1,0,0,0,0,0,0,0,0,0,0,0,0,0,0,0,0,0,0,0,0,1,0,0,0,0,0,0,0,0,0,1,0,0,0,1,0,0,0,1
0,1.0,0,9.741027444837728,37.2,326.0,136.0,280729440.7503075,463952415.0449833,0,0,0,0,0,0,1,0,0,0,0,0,1,0,0,0,0,0,0,0,0,0,0,0,0,0,0,0,0,0,0,0,0,0,0,0,0,1,0,1,0,0,0,0,1,0
0,1.0,0,10.87806606028079,59.6,381.0,201.0,487282763.3068576,439343199.0095743,0,0,0,0,0,0,1,0,0,0,0,0,0,0,0,0,0,0,0,0,0,0,0,0,0,0,0,1,0,0,0,0,0,0,0,0,0,1,0,0,0,1,0,1,0,0
0,4.0,0,10.043292972227004,82.0,420.0,349.0,493865248.2803134,540053360.2031913,0,0,0,0,0,0,1,0,0,0,0,0,0,0,0,0,0,0,0,0,0,0,0,0,0,0,0,0,0,1,0,0,0,0,0,0,0,1,0,0,0,1,0,1,0,0
0,0.0,1,0.0,59.6,381.0,201.0,488906730.24900633,497135832.70347536,0,0,0,0,0,0,1,0,0,0,0,0,0,0,0,0,0,0,0,0,0,0,0,0,0,0,0,1,0,0,0,0,0,0,0,1,0,0,0,0,1,0,0,1,0,0
0,3.0,0,10.085850775128717,92.0,480.0,402.0,610577996.4145572,461656021.1990759,0,0,0,0,0,0,1,0,0,0,0,0,0,0,0,0,0,0,0,0,0,0,0,0,0,0,0,0,0,0,1,0,0,0,0,0,0,1,0,0,0,1,0,0,0,1
0,1.0,1,0.0,37.2,326.0,136.0,390342334.492243,585309547.4021262,0,0,0,0,0,0,1,0,0,0,0,0,1,0,0,0,0,0,0,0,0,0,0,0,0,0,0,0,0,0,0,0,0,0,0,0,0,1,0,0,0,1,0,0,0,1
0,1.0,0,10.404293143019792,37.2,326.4,134.0,475073128.7098905,478727071.5448193,0,0,0,0,0,0,1,0,0,0,0,0,0,0,0,0,0,0,0,0,0,0,0,0,0,0,1,0,0,0,0,0,0,0,0,0,0,1,0,0,0,1,0,0,0,1
0,1.0,0,9.392745258631441,59.6,381.0,201.0,374025826.7022897,442046586.1748285,0,0,0,0,0,0,1,0,0,0,0,0,0,0,0,0,0,0,0,0,0,0,0,0,0,0,0,1,0,0,0,0,0,0,0,0,0,1,0,0,0,1,0,0,0,1
0,0.0,0,11.112462823634855,18.6,215.0,43.0,484666533.0259533,333840400.91765106,0,0,0,0,0,0,1,0,0,0,0,0,0,0,0,0,0,0,0,0,0,0,0,0,0,1,0,0,0,0,0,0,0,0,0,0,0,1,0,1,0,0,0,1,0,0
0,1.0,0,8.962007209588313,75.3,450.0,201.0,502063745.78944016,561771106.8359481,0,0,0,0,0,0,1,0,0,0,0,0,0,0,0,0,0,0,0,0,0,0,0,0,0,0,0,0,1,0,0,0,0,0,0,0,0,1,0,0,0,1,0,0,1,0
1,3.0,0,10.12667110305036,37.2,326.4,134.0,474227142.6686758,437891897.6267472,0,0,0,0,0,0,1,0,0,0,0,0,0,0,0,0,0,0,0,0,0,0,0,0,0,0,1,0,0,0,0,0,0,0,0,0,0,1,0,0,1,0,0,1,0,0
0,1.0,0,11.289794413577894,37.2,326.4,134.0,341703938.53983486,477427398.69465643,0,0,0,0,0,0,1,0,0,0,0,0,0,0,0,0,0,0,0,0,0,0,0,0,0,0,1,0,0,0,0,0,0,0,0,0,0,1,0,0,0,1,0,1,0,0
0,3.0,0,8.517393171418904,59.6,381.0,201.0,399594726.0156912,428239737.6956104,0,0,0,0,0,0,1,0,0,0,0,0,0,0,0,0,0,0,0,0,0,0,0,0,0,0,0,1,0,0,0,0,0,0,1,0,0,0,0,0,1,0,0,1,0,0
0,1.0,1,0.0,18.6,215.0,43.0,302233590.2304465,394001523.77037096,0,0,0,0,0,0,1,0,0,0,0,0,0,0,0,0,0,0,0,0,0,0,0,0,0,1,0,0,0,0,0,0,0,0,0,0,0,1,0,0,1,0,0,1,0,0
0,0.0,1,0.0,82.0,420.0,349.0,473333689.9571546,616295263.5315927,0,0,0,0,0,0,1,0,0,0,0,0,0,0,0,0,0,0,0,0,0,0,0,0,0,0,0,0,0,1,0,0,0,0,0,0,1,0,0,0,0,1,0,1,0,0
0,4.0,1,0.0,42.0,318.6,147.0,607569849.3632108,413603133.4748263,0,0,0,0,0,0,1,0,0,0,0,0,0,0,0,0,0,0,0,0,0,0,0,0,1,0,0,0,0,0,0,0,0,0,0,1,0,0,0,0,1,0,0,1,0,0
0,4.0,1,0.0,82.0,420.0,349.0,497681035.1276818,545088078.9601357,0,0,0,0,0,0,1,0,0,0,0,0,0,0,0,0,0,0,0,0,0,0,0,0,0,0,0,0,0,1,0,0,0,0,0,0,0,1,0,0,0,1,0,0,0,1
0,1.0,1,8.68084148294457,59.6,381.0,201.0,351133474.21297663,439127097.31465906,0,0,0,0,0,0,1,0,0,0,0,0,0,0,0,0,0,0,0,0,0,0,0,0,0,0,0,1,0,0,0,0,0,0,0,0,0,1,0,0,1,0,0,1,0,0
0,3.0,0,2.302585092994046,59.6,381.0,201.0,805183266.5129766,854266613.2103815,0,0,0,1,0,0,0,0,0,0,0,1,0,0,0,0,0,0,0,0,0,0,0,0,0,0,0,0,0,0,0,0,0,0,0,0,0,1,0,1,0,0,0,1,0,0
0,0.0,1,6.111467339502679,60.1,450.0,204.0,368849831.85926074,477761617.0490509,0,0,0,0,0,0,1,0,0,0,0,0,0,0,1,0,0,0,0,0,0,0,0,0,0,0,0,0,0,0,0,0,0,0,0,0,1,0,0,0,0,1,0,1,0,0
0,0.0,1,0.0,82.0,420.0,349.0,470176827.2120566,610883498.8257104,0,0,0,0,0,0,1,0,0,0,0,0,0,0,0,0,0,0,0,0,0,0,0,0,0,0,0,0,0,1,0,0,0,0,0,0,0,1,0,1,0,0,0,0,1,0
0,0.0,1,0.0,59.6,381.0,201.0,489412186.48585486,520000375.3287208,0,0,0,0,0,0,1,0,0,0,0,0,0,0,0,0,0,0,0,1,0,0,0,0,0,0,0,0,0,0,0,0,0,0,0,1,0,0,0,0,0,1,0,1,0,0
1,1.0,0,8.699681400989514,60.1,450.0,204.0,372291933.4118923,460530363.13876396,0,0,0,0,0,0,1,0,0,0,0,0,0,0,1,0,0,0,0,0,0,0,0,0,0,0,0,0,0,0,0,0,0,0,0,1,0,0,0,0,0,1,0,0,0,1
0,2.0,0,7.313886831633462,92.0,480.0,402.0,608446426.2391186,482851677.7139703,0,0,0,0,0,0,1,0,0,0,0,0,0,0,0,0,0,0,0,0,0,0,0,0,0,0,0,0,0,0,1,0,0,0,1,0,0,0,0,0,0,0,1,1,0,0
0,2.0,0,0.0,37.2,326.4,134.0,341148836.4990185,393100067.794344,0,0,0,0,0,0,1,0,0,0,0,0,0,0,0,0,0,0,0,0,0,0,0,0,0,0,1,0,0,0,0,0,0,0,0,0,0,1,0,0,0,0,1,0,1,0
0,0.0,1,0.0,75.3,450.0,201.0,522911064.4173022,580456021.9565095,0,0,0,0,0,0,1,0,0,0,0,0,0,0,0,0,0,0,0,0,0,0,0,0,0,0,0,0,1,0,0,0,0,0,0,0,1,0,0,0,0,1,0,1,0,0
0,4.0,0,8.699681400989514,82.0,420.0,349.0,464104167.5162208,545088077.9462467,0,0,0,0,0,0,1,0,0,0,0,0,0,0,0,0,0,0,0,0,0,0,0,0,0,0,0,0,0,1,0,0,0,0,0,0,0,1,0,0,0,1,0,0,0,1
0,1.0,1,0.0,14.7,170.0,27.0,591977688.6839689,492050279.96297663,0,0,0,0,0,0,1,0,0,0,0,0,0,0,0,0,0,0,1,0,0,0,0,0,0,0,0,0,0,0,0,0,0,0,0,1,0,0,0,0,1,0,0,1,0,0
0,0.0,1,0.0,18.6,215.0,43.0,302489181.28475964,335689562.92882425,0,0,0,0,0,0,1,0,0,0,0,0,0,0,0,0,0,0,0,0,0,0,0,0,0,1,0,0,0,0,0,0,0,0,0,0,1,0,0,0,0,1,0,1,0,0
0,0.0,1,0.0,75.3,450.0,201.0,502045227.27092165,580089049.4794453,0,0,0,0,0,0,1,0,0,0,0,0,0,0,0,0,0,0,0,0,0,0,0,0,0,0,0,0,1,0,0,0,0,0,0,0,0,1,0,0,0,1,0,1,0,0
0,0.0,1,0.0,60.1,450.0,204.0,368349831.85926074,477119725.15715903,0,0,0,0,0,0,1,0,0,0,0,0,0,0,1,0,0,0,0,0,0,0,0,0,0,0,0,0,0,0,0,0,0,0,0,1,0,0,0,0,0,1,0,1,0,0
0,2.0,0,11.289794413577894,37.2,326.4,134.0,341924346.70310014,393901755.5580571,0,0,0,0,0,0,1,0,0,0,0,0,0,0,0,0,0,0,0,0,0,0,0,0,0,0,1,0,0,0,0,0,0,0,0,0,1,0,0,0,0,1,0,0,0,1
0,1.0,1,0.0,59.6,381.0,201.0,362378725.8103813,453416717.4537208,0,0,0,0,0,0,1,0,0,1,0,0,0,0,0,0,0,0,0,0,0,0,0,0,0,0,0,0,0,0,0,0,0,0,0,1,0,0,0,0,0,1,0,1,0,0
0,0.0,1,0.0,82.0,420.0,349.0,473686631.1336252,616900305.5483994,0,0,0,0,0,0,1,0,0,0,0,0,0,0,0,0,0,0,0,0,0,0,0,0,0,0,0,0,0,1,0,0,0,0,0,0,0,1,0,0,0,1,0,1,0,0
0,2.0,1,8.987321812850125,92.0,480.0,402.0,570873327.0783491,480490231.9308378,0,0,0,0,0,0,1,0,0,0,0,0,0,0,0,0,0,0,0,0,0,0,0,0,0,0,0,0,0,0,1,0,0,0,0,0,0,1,0,0,1,0,0,1,0,0
1,4.0,0,10.596659732783579,42.0,318.6,147.0,330803869.5651991,421344700.9467364,0,0,0,0,0,0,1,0,0,0,0,0,0,0,0,0,0,0,0,0,0,0,0,0,1,0,0,0,0,0,0,0,0,0,0,0,0,1,0,0,0,1,0,0,0,1
0,1.0,0,0.0,59.6,381.0,201.0,487708383.14156836,439779639.6875404,0,0,0,0,0,0,1,0,0,0,0,0,0,0,0,0,0,0,0,0,0,0,0,0,0,0,0,1,0,0,0,0,0,0,0,0,0,1,0,0,1,0,0,1,0,0
0,1.0,1,10.463131911491967,37.2,326.4,134.0,343332507.15616137,478727070.7174577,0,0,0,0,0,0,1,0,0,0,0,0,0,0,0,0,0,0,0,0,0,0,0,0,0,0,1,0,0,0,0,0,0,0,0,1,0,0,0,0,0,1,0,0,0,1
0,0.0,1,0.0,59.6,381.0,201.0,510192602.6638282,524666944.7873901,0,0,0,0,0,0,1,0,0,0,0,0,0,0,0,0,1,0,0,0,0,0,0,0,0,0,0,0,0,0,0,0,0,0,0,1,0,0,0,0,0,1,0,1,0,0
0,0.0,1,0.0,60.1,450.0,204.0,688639763.3912828,480383238.67067254,0,0,0,0,0,0,1,0,0,0,0,0,0,0,1,0,0,0,0,0,0,0,0,0,0,0,0,0,0,0,0,0,0,0,1,0,0,0,0,0,0,0,1,1,0,0
0,0.0,1,0.0,59.6,381.0,201.0,436391354.6296391,444811648.0086511,0,0,0,0,0,0,1,0,0,0,0,0,0,0,0,0,0,0,0,0,0,0,0,1,0,0,0,0,0,0,0,0,0,0,0,1,0,0,0,0,0,1,0,0,0,1
0,2.0,0,8.556606193773073,18.6,215.0,43.0,644288981.8853117,401094863.8201459,0,0,0,0,0,0,1,0,0,0,0,0,0,0,0,0,0,0,0,0,0,0,0,0,0,1,0,0,0,0,0,0,0,0,0,0,0,1,0,0,1,0,0,1,0,0
0,1.0,0,8.79497643168877,92.0,480.0,402.0,637527100.7037101,661407630.3782866,0,0,0,0,0,0,1,0,0,0,0,0,0,0,0,0,0,0,0,0,0,0,0,0,0,0,0,0,0,0,1,0,0,0,0,0,0,1,0,1,0,0,0,1,0,0
1,2.0,0,10.12667110305036,18.6,215.0,43.0,302966816.0371558,402493385.4253119,0,0,0,0,0,0,1,0,0,0,0,0,0,0,0,0,0,0,0,0,0,0,0,0,0,1,0,0,0,0,0,0,0,0,0,0,0,1,0,0,0,1,0,0,0,1
0,1.0,0,10.596659732783579,37.2,326.4,134.0,475073128.59058464,478727071.3656662,0,0,0,0,0,0,1,0,0,0,0,0,0,0,0,0,0,0,0,0,0,0,0,0,0,0,1,0,0,0,0,0,0,0,0,0,0,1,0,0,0,1,0,0,0,1
0,1.0,1,0.0,37.2,326.4,134.0,473600244.6209534,476515346.5773926,0,0,0,0,0,0,1,0,0,0,0,0,0,0,0,0,0,0,0,0,0,0,0,0,0,0,1,0,0,0,0,0,0,0,0,1,0,0,0,0,1,0,0,1,0,0
0,3.0,0,10.842908701799137,82.0,420.0,349.0,493812616.701366,547722924.033384,0,0,0,0,0,0,1,0,0,0,0,0,0,0,0,0,0,0,0,0,0,0,0,0,0,0,0,0,0,1,0,0,0,0,0,0,0,1,0,0,0,1,0,1,0,0
0,1.0,0,7.824445930877619,75.3,450.0,201.0,490552136.3258539,566666808.3390156,0,0,0,0,0,0,1,0,0,0,0,0,0,0,0,0,0,0,0,0,0,0,0,0,0,0,0,0,1,0,0,0,0,0,0,0,0,1,0,0,0,1,0,0,0,1
0,1.0,0,8.517393171418904,82.0,420.0,349.0,477843490.93754673,667988745.9743882,0,0,0,0,0,0,1,0,0,0,0,0,0,0,0,0,0,0,0,0,0,0,0,0,0,0,0,0,0,1,0,0,0,0,0,0,0,1,0,0,0,1,0,0,0,1
0,1.0,1,0.0,37.2,326.4,134.0,474021068.91596425,477147268.4014968,0,0,0,0,0,0,1,0,0,0,0,0,0,0,0,0,0,0,0,0,0,0,0,0,0,0,1,0,0,0,0,0,0,0,0,0,0,1,0,0,0,1,0,1,0,0
0,2.0,0,8.006700845440367,18.6,215.0,43.0,302966816.0371558,402493385.4253119,0,0,0,0,0,0,1,0,0,0,0,0,0,0,0,0,0,0,0,0,0,0,0,0,0,1,0,0,0,0,0,0,0,0,0,0,0,1,0,0,0,1,0,0,0,1
0,0.0,1,0.0,82.0,420.0,349.0,477843489.00127226,624026347.607223,0,0,0,0,0,0,1,0,0,0,0,0,0,0,0,0,0,0,0,0,0,0,0,0,0,0,0,0,0,1,0,0,0,0,0,0,0,1,0,0,0,1,0,0,0,1
1,0.0,0,8.476579508530941,92.0,480.0,402.0,610577993.7917502,859053814.6744676,0,0,0,0,0,0,1,0,0,0,0,0,0,0,0,0,0,0,0,0,0,0,0,0,0,0,0,0,0,0,1,0,0,0,0,0,0,1,0,0,0,1,0,0,0,1
0,0.0,1,0.0,37.2,326.4,134.0,474157728.35197294,355293503.5971252,0,0,0,0,0,0,1,0,0,0,0,0,0,0,0,0,0,0,0,0,0,0,0,0,0,0,1,0,0,0,0,0,0,0,0,0,0,1,0,0,1,0,0,1,0,0
0,2.0,0,9.852246888342531,18.6,215.0,43.0,301912503.9684657,400057963.4511422,0,0,0,0,0,0,1,0,0,0,0,0,0,0,0,0,0,0,0,0,0,0,0,0,0,1,0,0,0,0,0,0,0,0,0,0,0,1,0,0,1,0,0,1,0,0
0,0.0,1,0.0,18.6,215.0,43.0,643086083.3345871,333851574.1020086,0,0,0,0,0,0,1,0,0,0,0,0,0,0,0,0,0,0,0,0,0,0,0,0,0,1,0,0,0,0,0,0,0,0,0,0,0,1,0,0,1,0,0,1,0,0
0,2.0,0,11.51293546492023,59.6,381.0,201.0,551524924.8043352,451082965.94287276,0,0,0,0,0,0,1,0,0,0,0,0,0,0,0,0,0,0,0,0,0,0,0,0,0,0,0,1,0,0,0,0,0,0,0,0,0,1,0,0,0,1,0,0,0,1
0,3.0,1,0.0,92.0,480.0,402.0,640735107.0066547,450478396.1990759,0,0,0,0,0,0,1,0,0,0,0,0,0,0,0,0,0,0,0,0,0,0,0,0,0,0,0,0,0,0,1,0,0,0,0,0,0,0,1,0,0,0,1,0,1,0
0,1.0,1,0.0,59.6,381.0,201.0,399719726.0156912,440258453.2468625,0,0,0,0,0,0,1,0,0,0,0,0,0,0,0,0,0,0,0,0,0,0,0,0,0,0,0,1,0,0,0,0,0,0,0,0,0,1,0,0,1,0,0,1,0,0
0,3.0,1,0.0,82.0,420.0,349.0,483972558.2182136,548177469.4879295,0,0,0,0,0,0,1,0,0,0,0,0,0,0,0,0,0,0,0,0,0,0,0,0,0,0,0,0,0,1,0,0,0,0,0,0,0,1,0,0,1,0,0,1,0,0
1,3.0,0,10.043292972227004,37.2,326.4,134.0,474324756.55153906,438476313.21116275,0,0,0,0,0,0,1,0,0,0,0,0,0,0,0,0,0,0,0,0,0,0,0,0,0,0,1,0,0,0,0,0,0,0,0,0,0,1,0,0,1,0,0,1,0,0
0,4.0,0,10.308985993422082,18.6,215.0,43.0,302966815.86942416,480746113.4885492,0,0,0,0,0,0,1,0,0,0,0,0,0,0,0,0,0,0,0,0,0,0,0,0,0,1,0,0,0,0,0,0,0,0,0,0,0,1,0,0,0,1,0,0,0,1
0,2.0,1,8.853808274977197,75.3,450.0,201.0,503758190.2338846,400283303.45561004,0,0,0,0,0,0,1,0,0,0,0,0,0,0,0,0,0,0,0,0,0,0,0,0,0,0,0,0,1,0,0,0,0,0,0,0,0,1,0,0,1,0,0,1,0,0
0,2.0,0,9.90353755128617,37.2,326.4,134.0,343332507.31942666,395357449.0221921,0,0,0,0,0,0,1,0,0,0,0,0,0,0,0,0,0,0,0,0,0,0,0,0,0,0,1,0,0,0,0,0,0,0,0,0,0,1,0,0,0,1,0,0,0,1
0,0.0,1,0.0,59.6,381.0,201.0,362538725.8103813,420439137.0740902,0,0,0,0,0,0,1,0,0,1,0,0,0,0,0,0,0,0,0,0,0,0,0,0,0,0,0,0,0,0,0,0,0,0,0,0,1,0,0,0,0,1,0,1,0,0
0,1.0,1,0.0,75.3,450.0,201.0,647537591.2986946,562863131.3758254,0,0,0,0,0,0,1,0,0,0,0,0,0,0,0,0,0,0,0,0,0,0,0,0,0,0,0,0,1,0,0,0,0,0,0,0,0,1,0,0,1,0,0,1,0,0
0,1.0,0,9.741027444837728,18.6,215.0,43.0,302570650.9333219,394492221.4447896,0,0,0,0,0,0,1,0,0,0,0,0,0,0,0,0,0,0,0,0,0,0,0,0,0,1,0,0,0,0,0,0,0,0,0,0,0,1,0,0,0,1,0,1,0,0
0,1.0,0,1.791759469228055,18.6,215.0,43.0,301664900.13459986,393173616.7936268,0,0,0,0,0,0,1,0,0,0,0,0,0,0,0,0,0,0,0,0,0,0,0,0,0,1,0,0,0,0,0,0,0,0,0,0,0,1,0,0,1,0,0,1,0,0
0,0.0,1,0.0,59.6,381.0,201.0,484666533.0259533,520555552.4382944,0,0,0,0,1,0,0,0,0,0,0,0,0,0,0,0,0,0,0,1,0,0,0,0,0,0,0,0,0,0,0,0,0,0,0,0,0,1,0,0,0,1,0,0,0,1
0,4.0,1,0.0,42.0,318.6,147.0,595763397.7503076,409490773.92426443,0,0,0,0,0,0,1,0,0,0,0,0,0,0,0,0,0,0,0,0,0,0,0,0,1,0,0,0,0,0,0,0,0,0,0,0,0,1,0,1,0,0,0,1,0,0
0,3.0,0,11.314486721293981,82.0,420.0,349.0,494491564.069787,547972440.4743898,0,0,0,0,0,0,1,0,0,0,0,0,0,0,0,0,0,0,0,0,0,0,0,0,0,0,0,0,0,1,0,0,0,0,0,0,1,0,0,0,0,1,0,0,0,1
0,1.0,1,0.0,75.3,450.0,201.0,622376300.9761138,558077855.3022057,0,0,0,0,0,0,1,0,0,0,0,0,0,0,0,0,0,0,0,0,0,0,0,0,0,0,0,0,1,0,0,0,0,0,0,0,0,1,0,1,0,0,0,1,0,0
0,0.0,1,0.0,59.6,381.0,201.0,567878666.3872303,520555702.5216277,0,0,0,0,1,0,0,0,0,0,0,0,0,0,0,0,0,0,0,1,0,0,0,0,0,0,0,0,0,0,0,0,0,0,0,0,0,1,0,0,0,1,0,0,0,1
0,1.0,1,0.0,60.1,450.0,204.0,372291933.89610285,460530363.76890093,0,0,0,0,0,0,1,0,0,0,0,0,0,0,1,0,0,0,0,0,0,0,0,0,0,0,0,0,0,0,0,0,0,0,0,0,0,1,0,0,0,1,0,0,0,1
0,2.0,0,0.0,18.6,215.0,43.0,301608989.5914689,399356856.4400721,0,0,0,0,0,0,1,0,0,0,0,0,0,0,0,0,0,0,0,0,0,0,0,0,0,1,0,0,0,0,0,0,0,0,0,0,0,1,0,1,0,0,0,1,0,0
1,2.0,1,0.0,37.2,326.4,134.0,473253173.0374393,391817367.3724031,0,0,0,0,0,0,1,0,0,0,0,0,0,0,0,0,0,0,0,0,0,0,0,0,0,0,1,0,0,0,0,0,0,0,0,0,0,1,0,0,1,0,0,1,0,0
0,2.0,0,10.373522431293592,37.2,326.4,134.0,473624105.79232,392538886.3597449,0,0,0,0,0,0,1,0,0,0,0,0,0,0,0,0,0,0,0,0,0,0,0,0,0,0,1,0,0,0,0,0,0,0,0,0,0,1,0,1,0,0,0,1,0,0
1,1.0,0,9.852246888342531,18.6,215.0,43.0,302966816.15536666,395068964.3029291,0,0,0,0,0,0,1,0,0,0,0,0,0,0,0,0,0,0,0,0,0,0,0,0,0,1,0,0,0,0,0,0,0,0,0,0,0,1,0,0,0,1,0,0,0,1
0,2.0,1,0.0,37.2,326.4,134.0,474489615.5537083,394222430.66354233,0,0,0,0,0,0,1,0,0,0,0,0,0,0,0,0,0,0,0,0,0,0,0,0,0,0,1,0,0,0,0,0,0,0,1,0,0,0,0,0,0,0,1,1,0,0
0,1.0,1,0.0,92.0,480.0,402.0,565840360.045382,658193955.1646115,0,0,0,0,0,0,1,0,0,0,0,0,0,0,0,0,0,0,0,0,0,0,0,0,0,0,0,0,0,0,1,0,0,0,0,0,0,1,0,0,0,1,0,1,0,0
0,0.0,0,9.90353755128617,59.6,381.0,201.0,576925019.4270314,576925019.4270314,0,0,0,0,0,0,1,0,0,0,0,0,0,0,0,0,0,0,0,1,0,0,0,0,0,0,0,0,0,0,0,0,0,0,0,0,1,0,0,0,0,1,0,0,0,1
0,0.0,1,0.0,59.6,381.0,201.0,398976670.4601357,495371857.5481959,0,0,0,0,0,0,1,0,0,0,0,0,0,0,0,0,0,0,0,0,0,0,0,0,0,0,0,1,0,0,0,0,0,0,0,0,0,1,0,0,0,1,0,1,0,0
0,3.0,0,10.799595985047786,82.0,420.0,349.0,494281037.75399756,547895071.0353183,0,0,0,0,0,0,1,0,0,0,0,0,0,0,0,0,0,0,0,0,0,0,0,0,0,0,0,0,0,1,0,0,0,0,0,0,1,0,0,0,0,1,0,0,0,1
0,2.0,0,9.90353755128617,18.6,215.0,43.0,302648925.6937053,401759070.4622123,0,0,0,0,0,0,1,0,0,0,0,0,0,0,0,0,0,0,0,0,0,0,0,0,0,1,0,0,0,0,0,0,0,0,0,0,0,0,1,0,0,1,0,1,0,0
1,1.0,1,8.853808274977197,18.6,215.0,43.0,644018450.4843456,394057337.72385937,0,0,0,0,0,0,1,0,0,0,0,0,0,0,0,0,0,0,0,0,0,0,0,0,0,1,0,0,0,0,0,0,0,0,0,0,0,1,0,0,1,0,0,1,0,0
0,4.0,1,10.498773802892188,82.0,420.0,349.0,746481783.8535901,540504749.09208,0,0,0,0,0,0,1,0,0,0,0,0,0,0,0,0,0,0,0,0,0,0,0,0,0,0,0,0,0,1,0,0,0,0,0,1,0,0,0,0,1,0,0,1,0,0
0,3.0,0,11.06665398721974,92.0,480.0,402.0,573285409.523404,461656021.2319706,0,0,0,0,0,0,1,0,0,0,0,0,0,0,0,0,0,0,0,0,0,0,0,0,0,0,0,0,0,0,1,0,0,0,0,0,0,1,0,0,0,1,0,0,0,1
0,0.0,1,0.0,18.6,215.0,43.0,302567456.045143,335963305.945584,0,0,0,0,0,0,1,0,0,0,0,0,0,0,0,0,0,0,0,0,0,0,0,0,0,1,0,0,0,0,0,0,0,0,0,0,1,0,0,0,0,1,0,1,0,0
0,2.0,0,10.757924157061597,37.2,326.4,134.0,473706535.2934046,392699223.9124875,0,0,0,0,0,0,1,0,0,0,0,0,0,0,0,0,0,0,0,0,0,0,0,0,0,0,1,0,0,0,0,0,0,0,0,0,0,1,0,1,0,0,0,1,0,0
1,3.0,0,10.590943569100782,82.0,420.0,349.0,741691198.3451506,547529500.4357051,0,0,0,0,0,0,1,0,0,0,0,0,0,0,0,0,0,0,0,0,0,0,0,0,0,0,0,0,0,1,0,0,0,0,0,0,0,1,0,1,0,0,0,1,0,0
0,2.0,0,10.308985993422082,92.0,480.0,402.0,416377924.68396884,485779374.34047633,0,0,0,0,0,0,1,0,0,0,0,0,0,0,0,0,0,0,0,0,0,0,0,0,0,0,0,0,0,0,1,0,0,0,0,0,0,1,0,0,0,1,0,0,0,1
0,3.0,1,10.819798284210286,82.0,420.0,349.0,745157456.0138621,548622343.762591,0,0,0,0,0,0,1,0,0,0,0,0,0,0,0,0,0,0,0,0,0,0,0,0,0,0,0,0,0,1,0,0,0,0,1,0,0,0,0,0,0,0,1,1,0,0
0,3.0,0,10.950824090522445,82.0,420.0,349.0,483303768.4092964,547974374.7103666,0,0,0,0,0,0,1,0,0,0,0,0,0,0,0,0,0,0,0,0,0,0,0,0,0,0,0,0,0,1,0,0,0,0,0,0,0,1,0,0,0,1,0,0,0,1
0,1.0,0,8.853808274977197,75.3,450.0,201.0,626940194.7407442,562617732.6028192,0,0,0,0,0,0,1,0,0,0,0,0,0,0,0,0,0,0,0,0,0,0,0,0,0,0,0,0,1,0,0,0,0,0,0,0,1,0,0,0,0,1,0,0,0,1
0,2.0,1,9.852246888342531,75.3,450.0,201.0,507026708.75240314,405118919.8939662,0,0,0,0,0,0,1,0,0,0,0,0,0,0,0,0,0,0,0,0,0,0,0,0,0,0,0,0,1,0,0,0,0,0,1,0,0,0,0,0,0,0,1,1,0,0
0,0.0,1,0.0,59.6,381.0,201.0,350987389.3561359,494937074.9395002,0,0,0,0,0,0,1,0,0,0,0,0,0,0,0,0,0,0,0,0,0,0,0,0,0,0,0,1,0,0,0,0,0,0,0,0,0,1,0,0,0,1,0,1,0,0
0,3.0,0,10.596659732783579,82.0,420.0,349.0,474338591.9179389,547761608.7529198,0,0,0,0,0,0,1,0,0,0,0,0,0,0,0,0,0,0,0,0,0,0,0,0,0,0,0,0,0,1,0,0,0,0,0,0,0,1,0,0,0,1,0,1,0,0
0,0.0,1,0.0,18.6,215.0,43.0,302508909.7192644,335758557.34223205,0,0,0,0,0,0,1,0,0,0,0,0,0,0,0,0,0,0,0,0,0,0,0,0,0,1,0,0,0,0,0,0,0,1,0,0,0,0,0,0,0,1,0,1,0,0
0,0.0,1,0.0,59.6,381.0,201.0,402011392.6823579,498086143.2624816,0,0,0,0,0,0,1,0,0,0,0,0,0,0,0,0,0,0,0,0,0,0,0,0,0,0,0,1,0,0,0,0,0,0,0,0,0,1,0,0,0,1,0,1,0,0
0,3.0,1,0.0,82.0,420.0,349.0,507344193.1051462,549144587.0024362,0,0,0,0,0,0,1,0,0,0,0,0,0,0,0,0,0,0,0,0,0,0,0,0,0,0,0,0,0,1,0,0,0,0,0,1,0,0,0,0,0,1,0,0,0,1
0,0.0,1,0.0,59.6,381.0,201.0,531860036.2117829,543115383.1936151,0,0,0,0,0,0,1,0,0,0,0,0,0,1,0,0,0,0,0,0,0,0,0,0,0,0,0,0,0,0,0,0,0,0,0,0,0,1,0,0,0,1,0,0,0,1
0,2.0,0,4.394449154672439,82.0,420.0,349.0,745408989.7561935,559296280.8577635,0,0,0,0,0,0,1,0,0,0,0,0,0,0,0,0,0,0,0,0,0,0,0,0,0,0,0,0,0,1,0,0,0,0,1,0,0,0,0,0,0,0,1,1,0,0
0,2.0,1,9.358846580275406,82.0,420.0,349.0,477843487.05029184,560514358.554572,0,0,0,0,0,0,1,0,0,0,0,0,0,0,0,0,0,0,0,0,0,0,0,0,0,0,0,0,0,1,0,0,0,0,0,0,0,1,0,0,0,1,0,0,0,1
0,3.0,0,10.571342565808699,37.2,326.4,134.0,340271285.47861034,433216572.9514225,0,0,0,0,0,0,1,0,0,0,0,0,0,0,0,0,0,0,0,0,0,0,0,0,0,0,1,0,0,0,0,0,0,0,0,0,0,1,0,1,0,0,0,1,0,0
0,1.0,0,10.714439990727769,37.2,326.4,134.0,473804149.1762679,476821535.502474,0,0,0,0,0,0,1,0,0,0,0,0,0,0,0,0,0,0,0,0,0,0,0,0,0,0,1,0,0,0,0,0,0,0,0,0,0,1,0,1,0,0,0,1,0,0
0,1.0,1,9.105090961257085,18.6,215.0,43.0,642801059.1799978,393471291.21223146,0,0,0,0,0,0,1,0,0,0,0,0,0,0,0,0,0,0,0,0,0,0,0,0,0,1,0,0,0,0,0,0,0,0,0,0,0,1,0,0,1,0,0,1,0,0
0,2.0,0,0.0,18.6,215.0,43.0,302966816.6681462,402493386.8828765,0,0,0,0,0,0,1,0,0,0,0,0,0,0,0,0,0,0,0,0,0,0,0,0,0,1,0,0,0,0,0,0,0,0,0,0,0,1,0,0,0,1,0,0,0,1
0,0.0,1,0.0,92.0,480.0,402.0,588633266.5129766,853501200.1876255,0,0,0,0,0,0,1,0,0,0,0,0,0,0,0,0,0,0,0,0,0,0,0,0,0,0,0,0,0,0,1,0,0,0,0,0,0,1,0,0,1,0,0,1,0,0
0,0.0,1,0.0,59.6,381.0,201.0,484666533.0259533,484666533.0259533,0,0,0,0,0,0,1,0,0,0,0,0,0,0,0,0,0,0,0,1,0,0,0,0,0,0,0,0,0,0,0,0,0,0,0,0,1,0,0,0,0,1,0,1,0,0
0,2.0,1,10.308985993422082,92.0,480.0,402.0,569115085.3201075,476634810.2440908,0,0,0,0,0,0,1,0,0,0,0,0,0,0,0,0,0,0,0,0,0,0,0,0,0,0,0,0,0,0,1,0,0,0,0,0,0,1,0,0,1,0,0,1,0,0
0,1.0,1,0.0,60.1,450.0,204.0,372291933.6118923,460530363.3990379,0,0,0,0,0,0,1,0,0,0,0,0,0,0,1,0,0,0,0,0,0,0,0,0,0,0,0,0,0,0,0,0,0,0,0,1,0,0,0,0,0,1,0,0,0,1
0,2.0,1,0.0,18.6,215.0,43.0,301931673.2975392,400102243.89394665,0,0,0,0,0,0,1,0,0,0,0,0,0,0,0,0,0,0,0,0,0,0,0,0,0,1,0,0,0,0,0,0,0,0,0,0,0,1,0,0,1,0,0,1,0,0
0,1.0,0,10.308985993422082,92.0,480.0,402.0,610578000.6689433,669775147.3440986,0,0,0,0,0,0,1,0,0,0,0,0,0,0,0,0,0,0,0,0,0,0,0,0,0,0,0,0,0,0,1,0,0,0,0,0,0,1,0,0,0,1,0,0,0,1
0,0.0,1,0.0,59.6,381.0,201.0,490274539.42703134,520916625.3287208,0,0,0,0,0,0,1,0,0,0,0,0,0,0,0,0,0,0,0,1,0,0,0,0,0,0,0,0,0,0,0,0,0,0,0,1,0,0,0,0,0,1,0,1,0,0
0,0.0,1,0.0,18.6,215.0,43.0,484666533.0259533,337359952.49865663,0,0,0,0,0,0,1,0,0,0,0,0,0,0,0,0,0,0,0,0,0,0,0,0,0,1,0,0,0,0,0,0,0,0,0,0,0,1,0,0,0,1,0,0,0,1
0,0.0,0,8.294299608857235,60.1,450.0,204.0,369002463.4382081,477957562.99499685,0,0,0,0,0,0,1,0,0,0,0,0,0,0,1,0,0,0,0,0,0,0,0,0,0,0,0,0,0,0,0,0,0,0,0,0,1,0,0,0,0,1,0,1,0,0
0,1.0,0,10.308985993422082,37.2,326.4,134.0,474142543.97019416,477329678.82494956,0,0,0,0,0,0,1,0,0,0,0,0,0,0,0,0,0,0,0,0,0,0,0,0,0,0,1,0,0,0,0,0,0,0,0,0,0,1,0,0,0,1,0,1,0,0
0,2.0,1,9.105090961257085,18.6,215.0,43.0,642409754.8321717,399659439.4659023,0,0,0,0,0,0,1,0,0,0,0,0,0,0,0,0,0,0,0,0,0,0,0,0,0,1,0,0,0,0,0,0,0,0,0,0,0,1,0,0,1,0,0,1,0,0
1,2.0,1,11.608244735642321,59.6,381.0,201.0,399497503.793469,451285580.32195777,0,0,0,0,0,0,1,0,0,0,0,0,0,0,0,0,0,0,0,0,0,0,0,0,0,0,0,1,0,0,0,0,0,0,0,0,0,1,0,0,1,0,0,1,0,0
0,4.0,0,11.314486721293981,82.0,420.0,349.0,484666533.0259533,540782526.8698579,0,0,0,0,0,0,1,0,0,0,0,0,0,0,0,0,0,0,0,0,0,0,0,0,0,0,0,0,0,1,0,0,0,0,0,0,0,1,0,0,0,1,0,0,0,1
0,0.0,1,0.0,92.0,480.0,402.0,604078005.1864872,849303831.7665728,0,0,0,0,0,0,1,0,0,0,0,0,0,0,0,0,0,0,0,0,0,0,0,0,0,0,0,0,0,0,1,0,0,0,0,0,0,1,0,0,1,0,0,1,0,0
0,1.0,0,11.289794413577894,37.2,326.0,136.0,553633266.5129766,564059557.9021262,0,0,0,0,0,0,1,0,0,0,0,0,1,0,0,0,0,0,0,0,0,0,0,0,0,0,0,0,0,0,0,0,0,0,0,0,0,1,0,0,1,0,0,1,0,0
1,2.0,0,10.308985993422082,82.0,420.0,349.0,473961140.93754673,556301600.0066997,0,0,0,0,0,0,1,0,0,0,0,0,0,0,0,0,0,0,0,0,0,0,0,0,0,0,0,0,0,1,0,0,0,0,0,0,1,0,0,0,0,1,0,1,0,0
0,1.0,1,0.0,92.0,480.0,402.0,667786389.0579368,664270878.2415345,0,0,0,0,0,0,1,0,0,0,0,0,0,0,0,0,0,0,0,0,0,0,0,0,0,0,0,0,0,0,1,0,0,0,0,0,0,1,0,0,1,0,0,1,0,0
0,1.0,1,0.0,59.6,381.0,201.0,399671114.9045801,440228792.2299133,0,0,0,0,0,0,1,0,0,0,0,0,0,0,0,0,0,0,0,0,0,0,0,0,0,0,0,1,0,0,0,0,0,0,0,0,0,1,0,0,1,0,0,1,0,0
0,0.0,1,0.0,59.6,381.0,201.0,344898725.8103813,394497960.6035019,0,0,0,0,0,0,1,0,0,1,0,0,0,0,0,0,0,0,0,0,0,0,0,0,0,0,0,0,0,0,0,0,0,0,0,1,0,0,0,0,1,0,0,1,0,0
0,3.0,1,11.097425172408931,82.0,420.0,349.0,476618003.6826448,548661028.4821267,0,0,0,0,0,0,1,0,0,0,0,0,0,0,0,0,0,0,0,0,0,0,0,0,0,0,0,0,0,1,0,0,0,0,0,1,0,0,0,0,1,0,0,1,0,0
0,1.0,0,0.0,75.3,450.0,201.0,626565194.7407442,562433683.5230646,0,0,0,0,0,0,1,0,0,0,0,0,0,0,0,0,0,0,0,0,0,0,0,0,0,0,0,0,1,0,0,0,0,0,0,0,0,1,0,1,0,0,0,1,0,0
0,4.0,1,10.714439990727769,82.0,420.0,349.0,494154721.96452385,540435304.6476357,0,0,0,0,0,0,1,0,0,0,0,0,0,0,0,0,0,0,0,0,0,0,0,0,0,0,0,0,0,1,0,0,0,0,0,1,0,0,0,0,1,0,0,1,0,0
0,0.0,1,0.0,59.6,381.0,201.0,515962617.4681932,514933595.4208879,0,0,0,0,0,0,1,0,0,0,0,0,0,1,0,0,0,0,0,0,0,0,0,0,0,0,0,0,0,0,0,0,0,0,0,0,0,1,0,0,0,1,0,1,0,0
0,1.0,1,0.0,75.3,450.0,201.0,473390526.7803994,556243499.4739848,0,0,0,0,0,0,1,0,0,0,0,0,0,0,0,0,0,0,0,0,0,0,0,0,0,0,0,0,1,0,0,0,0,0,0,0,0,1,0,1,0,0,0,0,1,0
0,1.0,1,0.0,59.6,381.0,201.0,397890559.34902453,439142351.5519472,0,0,0,0,0,0,1,0,0,0,0,0,0,0,0,0,0,0,0,0,0,0,0,0,0,0,0,1,0,0,0,0,0,0,0,0,0,1,0,0,0,1,0,1,0,0
0,1.0,1,0.0,59.6,381.0,201.0,516090822.5963983,554575737.1481606,0,0,0,0,0,0,1,0,0,0,0,0,0,1,0,0,0,0,0,0,0,0,0,0,0,0,0,0,0,0,0,0,0,0,0,0,0,1,0,0,1,0,0,1,0,0
0,0.0,0,0.0,60.1,450.0,204.0,358823516.069787,464889995.4274293,0,0,0,0,0,0,1,0,0,0,0,0,0,0,1,0,0,0,0,0,0,0,0,0,0,0,0,0,0,0,0,0,0,0,0,0,0,1,0,1,0,0,0,0,1,0
1,1.0,0,9.680406499268875,92.0,480.0,402.0,484666533.0259533,669775149.779996,0,0,0,0,0,0,1,0,0,0,0,0,0,0,0,0,0,0,0,0,0,0,0,0,0,0,0,0,0,0,1,0,0,0,0,0,0,1,0,0,0,1,0,0,0,1
0,0.0,1,0.0,17.0,150.0,41.0,304647887.95537263,321922567.80175096,0,0,0,0,0,0,1,0,0,0,1,0,0,0,0,0,0,0,0,0,0,0,0,0,0,0,0,0,0,0,0,0,0,0,0,1,0,0,0,0,0,1,0,1,0,0
0,0.0,0,9.90353755128617,59.6,381.0,201.0,549600396.5024484,494378068.7283201,0,0,0,0,0,0,1,0,0,0,0,0,0,0,0,0,0,0,0,0,0,0,0,0,0,0,0,1,0,0,0,0,0,0,0,0,1,0,0,0,0,1,0,0,0,1
0,0.0,1,0.0,60.1,450.0,204.0,465617455.2451907,477910265.69769955,0,0,0,0,0,0,1,0,0,0,0,0,0,0,1,0,0,0,0,0,0,0,0,0,0,0,0,0,0,0,0,0,0,0,0,1,0,0,0,0,0,1,0,1,0,0
0,2.0,0,10.085850775128717,59.6,381.0,201.0,489919124.09198153,454252896.07359165,0,0,0,0,0,0,1,0,0,0,0,0,0,0,0,0,0,0,0,0,0,0,0,0,0,0,0,1,0,0,0,0,0,0,0,0,0,1,0,0,0,1,0,0,0,1
0,0.0,1,0.0,37.2,326.4,134.0,343332506.8337124,357538180.36308265,0,0,0,0,0,0,1,0,0,0,0,0,0,0,0,0,0,0,0,0,0,0,0,0,0,0,1,0,0,0,0,0,0,0,0,0,0,1,0,0,0,1,0,0,0,1
0,4.0,0,11.002116507732017,82.0,420.0,349.0,464104165.3287208,545088077.7031913,0,0,0,0,0,0,1,0,0,0,0,0,0,0,0,0,0,0,0,0,0,0,0,0,0,0,0,0,0,1,0,0,0,0,0,0,0,1,0,0,0,1,0,0,0,1
1,1.0,0,9.741027444837728,92.0,480.0,402.0,495051229.8661179,658963185.9338422,0,0,0,0,0,0,1,0,0,0,0,0,0,0,0,0,0,0,0,0,0,0,0,0,0,0,0,0,0,0,1,0,0,0,0,0,0,1,0,0,0,1,0,1,0,0
0,3.0,1,10.596659732783579,82.0,420.0,349.0,564569563.9691472,548266444.3428618,0,0,0,0,0,0,1,0,0,0,0,0,0,0,0,0,0,0,0,0,0,0,0,0,0,0,0,0,0,1,0,0,0,0,0,0,0,1,0,0,1,0,0,1,0,0
0,0.0,1,0.0,18.6,215.0,43.0,302521130.1665487,335801294.77239966,0,0,0,0,0,0,1,0,0,0,0,0,0,0,0,0,0,0,0,0,0,0,0,0,0,1,0,0,0,0,0,0,0,0,1,0,0,0,0,0,0,1,0,1,0,0
0,0.0,1,0.0,59.6,381.0,201.0,484666533.0259533,484666533.0259533,0,0,0,0,1,0,0,0,0,0,0,0,0,0,0,0,0,0,0,1,0,0,0,0,0,0,0,0,0,0,0,0,0,0,0,0,0,1,0,0,1,0,0,1,0,0
0,4.0,0,0.0,42.0,318.6,147.0,621892430.0083721,418591897.51976997,0,0,0,0,0,0,1,0,0,0,0,0,0,0,0,0,0,0,0,0,0,0,0,0,1,0,0,0,0,0,0,0,0,0,1,0,0,0,0,0,0,0,1,1,0,0
0,3.0,1,8.732465848349879,82.0,420.0,349.0,746684908.8535901,547918281.8670397,0,0,0,0,0,0,1,0,0,0,0,0,0,0,0,0,0,0,0,0,0,0,0,0,0,0,0,0,0,1,0,0,0,0,0,0,0,1,0,0,1,0,0,1,0,0
0,2.0,0,9.137877200242468,82.0,420.0,349.0,476868003.6826448,559455855.3258486,0,0,0,0,0,0,1,0,0,0,0,0,0,0,0,0,0,0,0,0,0,0,0,0,0,0,0,0,0,1,0,0,0,0,1,0,0,0,0,0,0,0,1,1,0,0
0,0.0,1,0.0,60.1,450.0,204.0,484666533.0259533,477676549.48148334,0,0,0,0,0,0,1,0,0,0,0,0,0,0,1,0,0,0,0,0,0,0,0,0,0,0,0,0,0,0,0,0,0,0,0,1,0,0,0,0,0,1,0,1,0,0
0,0.0,0,4.61512051684126,59.6,381.0,201.0,753956088.5194752,555952429.2294315,0,0,0,0,0,0,1,0,0,0,0,0,0,0,0,0,0,1,0,0,0,0,0,0,0,0,0,0,0,0,0,0,0,0,0,1,0,0,0,0,0,1,0,1,0,0
0,0.0,1,0.0,59.6,381.0,201.0,436391353.6641218,444811647.07531774,0,0,0,0,0,0,1,0,0,0,0,0,0,0,0,0,0,0,0,0,0,0,0,1,0,0,0,0,0,0,0,0,0,0,0,1,0,0,0,0,0,1,0,0,0,1
1,1.0,0,9.798182590890704,75.3,450.0,201.0,538481444.9033074,562587057.7561935,0,0,0,0,0,0,1,0,0,0,0,0,0,0,0,0,0,0,0,0,0,0,0,0,0,0,0,0,1,0,0,0,0,0,0,0,0,1,0,0,0,1,0,1,0,0
0,0.0,1,0.0,18.6,215.0,43.0,302966815.47166055,337359948.4092712,0,0,0,0,0,0,1,0,0,0,0,0,0,0,0,0,0,0,0,0,0,0,0,0,0,1,0,0,0,0,0,0,0,0,0,0,0,1,0,0,0,1,0,0,0,1
0,3.0,1,9.741027444837728,37.2,326.4,134.0,471821502.75544363,423489300.22414976,0,0,0,0,0,0,1,0,0,0,0,0,0,0,0,0,0,0,0,0,0,0,0,0,0,0,1,0,0,0,0,0,0,0,0,0,0,1,0,1,0,0,0,1,0,0
0,0.0,1,0.0,37.2,326.4,134.0,341679448.74391645,355383929.12904006,0,0,0,0,0,0,1,0,0,0,0,0,0,0,0,0,0,0,0,0,0,0,0,0,0,0,1,0,0,0,0,0,0,0,0,0,1,0,0,0,0,1,0,1,0,0
0,4.0,0,10.239995502805316,82.0,420.0,349.0,494181037.75399756,540470026.8698579,0,0,0,0,0,0,1,0,0,0,0,0,0,0,0,0,0,0,0,0,0,0,0,0,0,0,0,0,0,1,0,0,0,0,0,0,0,1,0,1,0,0,0,1,0,0
0,1.0,0,8.922791623969637,59.6,381.0,201.0,385583441.76297665,442046586.09008276,0,0,0,0,0,0,1,0,0,0,0,0,0,0,0,0,0,0,0,0,0,0,0,0,0,0,0,1,0,0,0,0,0,0,0,0,0,1,0,0,0,1,0,0,0,1
0,1.0,1,0.0,75.3,450.0,201.0,440605999.6599575,562403008.6764389,0,0,0,0,0,0,1,0,0,0,0,0,0,0,0,0,0,0,0,0,0,0,0,0,0,0,0,0,1,0,0,0,0,0,0,0,0,1,0,0,0,1,0,1,0,0
0,3.0,1,10.491301994830229,82.0,420.0,349.0,743181995.8911628,547999519.7780648,0,0,0,0,0,0,1,0,0,0,0,0,0,0,0,0,0,0,0,0,0,0,0,0,0,0,0,0,0,1,0,0,0,0,0,0,0,1,0,0,1,0,0,1,0,0
0,2.0,0,8.294299608857235,60.1,450.0,204.0,465257455.2451907,417654546.1947975,0,0,0,0,0,0,1,0,0,0,0,0,0,0,1,0,0,0,0,0,0,0,0,0,0,0,0,0,0,0,0,0,0,0,1,0,0,0,0,0,0,0,1,1,0,0
0,1.0,1,0.0,18.6,215.0,43.0,301933270.7416286,393564314.4680454,0,0,0,0,0,0,1,0,0,0,0,0,0,0,0,0,0,0,0,0,0,0,0,0,0,1,0,0,0,0,0,0,0,0,0,0,0,1,0,0,1,0,0,1,0,0
0,2.0,0,7.824445930877619,75.3,450.0,201.0,509452628.33573645,408707951.606295,0,0,0,0,0,0,1,0,0,0,0,0,0,0,0,0,0,0,0,0,0,0,0,0,0,0,0,0,1,0,0,0,0,0,0,0,0,1,0,0,0,1,0,0,0,1
0,0.0,1,0.0,92.0,480.0,402.0,573285407.3365909,859053813.4376255,0,0,0,0,0,0,1,0,0,0,0,0,0,0,0,0,0,0,0,0,0,0,0,0,0,0,0,0,0,0,1,0,0,0,0,0,0,1,0,0,0,1,0,0,0,1
0,0.0,1,0.0,92.0,480.0,402.0,672837671.1092188,853172252.8192044,0,0,0,0,0,0,1,0,0,0,0,0,0,0,0,0,0,0,0,0,0,0,0,0,0,0,0,0,0,0,1,0,0,0,0,0,0,1,0,0,1,0,0,1,0,0
0,3.0,0,10.915106645867503,82.0,420.0,349.0,493365248.2803134,547558513.9753569,0,0,0,0,0,0,1,0,0,0,0,0,0,0,0,0,0,0,0,0,0,0,0,0,0,0,0,0,0,1,0,0,0,0,0,0,0,1,0,0,0,1,0,1,0,0
0,0.0,0,0.0,60.1,450.0,204.0,369023516.069787,477984590.0220239,0,0,0,0,0,0,1,0,0,0,0,0,0,0,1,0,0,0,0,0,0,0,0,0,0,0,0,0,0,0,0,0,0,0,0,0,0,1,0,0,0,1,0,1,0,0
0,3.0,0,10.463131911491967,92.0,480.0,402.0,568367832.5728546,455767869.8832864,0,0,0,0,0,0,1,0,0,0,0,0,0,0,0,0,0,0,0,0,0,0,0,0,0,0,0,0,0,0,1,0,0,0,0,0,0,1,0,0,0,1,0,0,1,0
0,0.0,1,0.0,92.0,480.0,402.0,664606901.8784496,848948568.6086781,0,0,0,0,0,0,1,0,0,0,0,0,0,0,0,0,0,0,0,0,0,0,0,0,0,0,0,0,0,0,1,0,0,0,0,0,0,1,0,0,1,0,0,1,0,0
0,2.0,0,7.087573705557973,18.6,215.0,43.0,302639341.02916855,401736930.2408101,0,0,0,0,0,0,1,0,0,0,0,0,0,0,0,0,0,0,0,0,0,0,0,0,0,1,0,0,0,0,0,0,0,0,1,0,0,0,0,0,0,1,0,1,0,0
1,1.0,1,0.0,18.6,215.0,43.0,302966816.6441845,395068965.014557,0,0,0,0,0,0,1,0,0,0,0,0,0,0,0,0,0,0,0,0,0,0,0,0,0,1,0,0,0,0,0,0,0,0,0,0,0,1,0,0,0,1,0,0,0,1
0,3.0,0,10.596659732783579,82.0,420.0,349.0,493602090.3855765,547645554.5943124,0,0,0,0,0,0,1,0,0,0,0,0,0,0,0,0,0,0,0,0,0,0,0,0,0,0,0,0,0,1,0,0,0,0,0,0,0,1,0,0,0,1,0,1,0,0
0,2.0,0,9.421087402953841,18.6,215.0,43.0,302648925.6937053,401759070.4622123,0,0,0,0,0,0,1,0,0,0,0,0,0,0,0,0,0,0,0,0,0,0,0,0,0,1,0,0,0,0,0,0,0,0,0,0,1,0,0,0,0,1,0,1,0,0
0,0.0,1,0.0,60.1,450.0,204.0,368783165.1961028,477676031.46796983,0,0,0,0,0,0,1,0,0,0,0,0,0,0,1,0,0,0,0,0,0,0,0,0,0,0,0,0,0,0,0,0,0,0,0,0,1,0,0,0,0,1,0,1,0,0
0,3.0,0,11.050905878263567,18.6,215.0,43.0,301960427.2911494,529311965.3309527,0,0,0,0,0,0,1,0,0,0,0,0,0,0,0,0,0,0,0,0,0,0,0,0,0,1,0,0,0,0,0,0,0,0,0,0,0,1,0,1,0,0,0,1,0,0
0,0.0,1,0.0,75.3,450.0,201.0,635190185.7282442,587428492.4060507,0,0,0,0,0,0,1,0,0,0,0,0,0,0,0,0,0,0,0,0,0,0,0,0,0,0,0,0,1,0,0,0,0,0,0,0,0,1,0,0,0,1,0,0,0,1
0,0.0,1,0.0,37.2,326.4,134.0,446917368.0199641,355144567.4269124,0,0,0,0,0,0,1,0,0,0,0,0,0,0,0,0,0,0,0,0,0,0,0,0,0,0,1,0,0,0,0,0,0,0,0,0,0,1,0,0,0,1,0,1,0,0
1,3.0,1,0.0,59.6,381.0,201.0,399323892.6823579,427020987.6956104,0,0,0,0,0,0,1,0,0,0,0,0,0,0,0,0,0,0,0,0,0,0,0,0,0,0,0,1,0,0,0,0,0,0,0,0,0,1,0,0,1,0,0,1,0,0
0,3.0,0,11.0186455364637,59.6,381.0,201.0,403525501.7390697,440605995.93268484,0,0,0,0,1,0,0,0,0,0,0,0,0,0,0,1,0,0,0,0,0,0,0,0,0,0,0,0,0,0,0,0,0,0,0,0,0,1,0,0,0,1,0,0,0,1
0,2.0,1,0.0,82.0,420.0,349.0,477843489.1287232,560514360.8098911,0,0,0,0,0,0,1,0,0,0,0,0,0,0,0,0,0,0,0,0,0,0,0,0,0,0,0,0,0,1,0,0,0,0,0,0,0,1,0,0,0,1,0,0,0,1
1,0.0,0,10.714439990727769,37.2,326.4,134.0,473582891.04177773,353883929.12904006,0,0,0,0,0,0,1,0,0,0,0,0,0,0,0,0,0,0,0,0,0,0,0,0,0,0,1,0,0,0,0,0,0,0,0,0,0,1,0,1,0,0,0,1,0,0
0,4.0,1,8.612685172875459,42.0,318.6,147.0,330803867.3186237,421344699.1040397,0,0,0,0,0,0,1,0,0,0,0,0,0,0,0,0,0,0,0,0,0,0,0,0,1,0,0,0,0,0,0,0,0,0,1,0,0,0,0,0,0,1,0,0,0,1
0,3.0,0,10.645448706505872,82.0,420.0,349.0,573069563.9691472,548661028.4821267,0,0,0,0,0,0,1,0,0,0,0,0,0,0,0,0,0,0,0,0,0,0,0,0,0,0,0,0,0,1,0,0,0,0,1,0,0,0,0,0,0,0,1,1,0,0
1,4.0,1,9.798182590890704,59.6,381.0,201.0,418149575.64240575,414243213.9012403,0,0,0,0,0,0,1,0,0,0,0,0,0,0,0,0,0,0,0,0,0,0,0,0,0,0,0,0,0,0,0,1,0,0,1,0,0,0,0,0,0,0,1,1,0,0
0,1.0,1,0.0,60.1,450.0,204.0,682526860.1654764,456112559.748353,0,0,0,0,0,0,1,0,0,0,0,0,0,0,1,0,0,0,0,0,0,0,0,0,0,0,0,0,0,0,0,0,0,0,0,0,0,1,0,0,1,0,0,1,0,0
0,4.0,0,10.691967639914864,59.6,381.0,201.0,412597851.5044747,407534880.56790704,0,0,0,0,0,0,1,0,0,0,0,0,0,0,0,0,0,0,0,0,0,0,0,0,0,0,0,0,0,0,0,1,0,0,0,0,0,1,0,1,0,0,0,1,0,0
1,2.0,1,7.313886831633462,92.0,480.0,402.0,603656952.554908,476273364.4609583,0,0,0,0,0,0,1,0,0,0,0,0,0,0,0,0,0,0,0,0,0,0,0,0,0,0,0,0,0,0,1,0,0,0,0,0,0,1,0,0,1,0,0,1,0,0
0,1.0,0,9.105090961257085,60.1,450.0,204.0,484666533.0259533,455811189.8853393,0,0,0,0,0,0,1,0,0,0,0,0,0,0,1,0,0,0,0,0,0,0,0,0,0,0,0,0,0,0,0,0,0,0,0,1,0,0,0,0,0,1,0,1,0,0
0,2.0,0,8.630700432209832,59.6,381.0,201.0,489919125.9514857,454252899.0147681,0,0,0,0,0,0,1,0,0,0,0,0,0,0,0,0,0,0,0,0,0,0,0,0,0,0,0,1,0,0,0,0,0,0,0,0,0,1,0,0,0,1,0,0,0,1
0,0.0,1,0.0,60.1,450.0,204.0,368980673.96452385,477929590.0220239,0,0,0,0,0,0,1,0,0,0,0,0,0,0,1,0,0,0,0,0,0,0,0,0,0,0,0,0,0,0,0,0,0,0,0,1,0,0,0,0,0,1,0,1,0,0
0,0.0,1,0.0,59.6,381.0,201.0,488811688.9266923,496992975.5606182,0,0,0,0,0,0,1,0,0,0,0,0,0,0,0,0,0,0,0,0,0,0,0,0,0,0,0,1,0,0,0,0,0,0,1,0,0,0,0,0,0,0,1,1,0,0
0,3.0,1,0.0,92.0,480.0,402.0,569829371.0343931,457517869.8832864,0,0,0,0,0,0,1,0,0,0,0,0,0,0,0,0,0,0,0,0,0,0,0,0,0,0,0,0,0,0,1,0,0,0,0,0,0,1,0,0,1,0,0,1,0,0
0,3.0,1,9.680406499268875,92.0,480.0,402.0,569692008.3970305,457353396.1990759,0,0,0,0,0,0,1,0,0,0,0,0,0,0,0,0,0,0,0,0,0,0,0,0,0,0,0,0,0,0,1,0,0,0,0,0,0,1,0,0,1,0,0,1,0,0
0,3.0,0,10.596659732783579,82.0,420.0,349.0,494470511.4382081,547964703.5304826,0,0,0,0,0,0,1,0,0,0,0,0,0,0,0,0,0,0,0,0,0,0,0,0,0,0,0,0,0,1,0,0,0,0,0,0,0,1,0,1,0,0,0,1,0,0
0,1.0,0,5.0106352940962555,75.3,450.0,201.0,482481435.87130845,561764971.8666229,0,0,0,0,0,0,1,0,0,0,0,0,0,0,0,0,0,0,0,0,0,0,0,0,0,0,0,0,1,0,0,0,0,0,0,0,0,1,0,1,0,0,0,1,0,0
0,3.0,1,0.0,41.9,318.6,150.0,392435895.3276564,484666533.0259533,0,0,0,0,0,0,1,0,0,0,0,0,0,0,0,0,0,0,0,1,0,0,0,0,0,0,0,0,0,0,0,0,0,0,0,0,0,1,0,0,0,0,1,1,0,0
0,1.0,1,7.438971592395862,18.6,215.0,43.0,302524325.0547277,394424779.5843245,0,0,0,0,0,0,1,0,0,0,0,0,0,0,0,0,0,0,0,0,0,0,0,0,0,1,0,0,0,0,0,0,0,0,1,0,0,0,0,0,0,0,1,1,0,0
0,2.0,1,0.0,82.0,420.0,349.0,508666563.8661179,552870748.9428699,0,0,0,0,0,0,1,0,0,0,0,0,0,0,0,0,0,0,0,0,0,0,0,0,0,0,0,0,0,1,0,0,0,0,0,0,0,1,0,1,0,0,0,1,0,0
1,0.0,1,0.0,18.6,215.0,43.0,484666533.0259533,335890680.24726,0,0,0,0,0,0,1,0,0,0,0,0,0,0,0,0,0,0,0,0,0,0,0,0,0,1,0,0,0,0,0,0,0,0,1,0,0,0,0,0,0,1,0,1,0,0
0,2.0,1,0.0,37.2,326.4,134.0,475073126.42355645,395357445.47788835,0,0,0,0,0,0,1,0,0,0,0,0,0,0,0,0,0,0,0,0,0,0,0,0,0,0,1,0,0,0,0,0,0,0,0,0,0,0,1,0,0,1,0,0,0,1
0,1.0,1,0.0,59.6,381.0,201.0,486530697.19115514,438572012.56889635,0,0,0,0,0,0,1,0,0,0,0,0,0,0,0,0,0,0,0,0,0,0,0,0,0,0,0,1,0,0,0,0,0,0,0,0,0,1,0,1,0,0,0,1,0,0
0,0.0,0,9.90353755128617,60.1,450.0,204.0,369134042.3855765,478126481.9139158,0,0,0,0,0,0,1,0,0,0,0,0,0,0,1,0,0,0,0,0,0,0,0,0,0,0,0,0,0,0,0,0,0,0,0,0,0,1,0,0,0,1,0,1,0,0
0,2.0,1,0.0,59.6,381.0,201.0,487212515.37297326,449971854.83176166,0,0,0,0,0,0,1,0,0,0,0,0,0,0,0,0,0,0,0,0,0,0,0,0,0,0,0,1,0,0,0,0,0,0,0,0,0,1,0,0,1,0,0,1,0,0
0,2.0,1,10.043292972227004,59.6,381.0,201.0,489919120.99694026,454252891.1781669,0,0,0,0,0,0,1,0,0,0,0,0,0,0,0,0,0,0,0,0,0,0,0,0,0,0,0,1,0,0,0,0,0,0,0,0,0,1,0,0,0,1,0,0,0,1
1,2.0,0,10.165890277802454,18.6,215.0,43.0,302271928.8885935,400888221.75372523,0,0,0,0,0,0,1,0,0,0,0,0,0,0,0,0,0,0,0,0,0,0,0,0,0,1,0,0,0,0,0,0,0,0,0,0,0,1,0,0,1,0,0,1,0,0
0,4.0,0,11.156264806643742,82.0,420.0,349.0,477843491.158135,545088078.5712467,0,0,0,0,0,0,1,0,0,0,0,0,0,0,0,0,0,0,0,0,0,0,0,0,0,0,0,0,0,1,0,0,0,0,0,0,0,1,0,0,0,1,0,0,0,1
1,3.0,1,10.736418414365376,37.2,326.4,134.0,473708704.4908016,434788001.52285105,0,0,0,0,0,0,1,0,0,0,0,0,0,0,0,0,0,0,0,0,0,0,0,0,0,0,1,0,0,0,0,0,0,0,0,0,0,1,0,0,1,0,0,1,0,0
0,2.0,0,9.87822102528824,18.6,215.0,43.0,302966816.0371558,402493385.4253119,0,0,0,0,0,0,1,0,0,0,0,0,0,0,0,0,0,0,0,0,0,0,0,0,0,1,0,0,0,0,0,0,0,0,0,0,0,1,0,0,0,1,0,0,0,1
1,2.0,1,0.0,18.6,215.0,43.0,295045091.8278906,384194494.81645584,0,0,0,0,0,0,1,0,0,0,0,0,0,0,0,0,0,0,0,0,0,0,0,0,0,1,0,0,0,0,0,0,0,0,0,0,0,1,0,1,0,0,0,0,1,0
0,0.0,1,0.0,59.6,381.0,201.0,409047603.7328238,494678068.7283201,0,0,0,0,0,0,1,0,0,0,0,0,0,0,0,0,0,0,0,0,0,0,0,0,0,0,0,1,0,0,0,0,0,0,0,0,0,1,0,0,0,1,0,1,0,0
0,2.0,1,8.294299608857235,18.6,215.0,43.0,302966816.58987147,402493386.7020647,0,0,0,0,0,0,1,0,0,0,0,0,0,0,0,0,0,0,0,0,0,0,0,0,0,1,0,0,0,0,0,0,0,0,0,0,0,1,0,0,0,1,0,0,0,1
0,2.0,0,12.611541086966115,37.2,326.4,134.0,436771950.5446784,456777758.0173022,0,0,0,0,0,0,1,0,0,0,0,0,0,0,0,0,0,0,0,0,0,0,1,0,0,0,0,0,0,0,0,0,0,0,0,0,0,1,0,0,0,1,0,0,0,1
0,0.0,1,0.0,59.6,381.0,201.0,487171193.0589237,494527137.0513015,0,0,0,0,0,0,1,0,0,0,0,0,0,0,0,0,0,0,0,0,0,0,0,0,0,0,0,1,0,0,0,0,0,0,0,0,0,1,0,0,0,1,0,1,0,0
0,0.0,1,0.0,37.2,326.4,134.0,474083975.64047617,355112652.5332954,0,0,0,0,0,0,1,0,0,0,0,0,0,0,0,0,0,0,0,0,0,0,0,0,0,0,1,0,0,0,0,0,0,0,0,0,0,1,0,0,0,1,0,1,0,0
1,2.0,0,11.156264806643742,75.3,450.0,201.0,490552135.56827813,408707950.9898566,0,0,0,0,0,0,1,0,0,0,0,0,0,0,0,0,0,0,0,0,0,0,0,0,0,0,0,0,1,0,0,0,0,0,0,0,0,1,0,0,0,1,0,0,0,1
0,3.0,0,10.757924157061597,82.0,420.0,349.0,477843490.3493115,549144586.0836741,0,0,0,0,0,0,1,0,0,0,0,0,0,0,0,0,0,0,0,0,0,0,0,0,0,0,0,0,0,1,0,0,0,0,0,0,0,1,0,0,0,1,0,0,0,1
0,1.0,0,9.472781556562168,37.2,326.4,134.0,473923455.0331009,477000688.5969365,0,0,0,0,0,0,1,0,0,0,0,0,0,0,0,0,0,0,0,0,0,0,0,0,0,0,1,0,0,0,0,0,0,0,0,0,0,1,0,1,0,0,0,1,0,0
0,1.0,0,8.630700432209832,18.6,215.0,43.0,302966816.0691047,395068964.1773477,0,0,0,0,0,0,1,0,0,0,0,0,0,0,0,0,0,0,0,0,0,0,0,0,0,1,0,0,0,0,0,0,0,0,0,0,0,1,0,0,0,1,0,0,0,1
0,2.0,0,10.34177474101152,37.2,326.4,134.0,341822305.88677365,393796270.3259896,0,0,0,0,0,0,1,0,0,0,0,0,0,0,0,0,0,0,0,0,0,0,0,0,0,0,1,0,0,0,0,0,0,0,1,0,0,0,0,0,0,1,0,1,0,0
1,5.0,0,8.343077871169383,82.0,420.0,349.0,474078787.99637026,484666533.0259533,0,0,0,0,0,0,1,0,0,0,0,0,0,0,0,0,0,0,0,0,0,0,0,0,0,0,0,0,0,1,0,0,0,0,0,0,0,1,0,0,1,0,0,1,0,0
0,1.0,1,2.3978952727983707,18.6,215.0,43.0,302966815.9796478,395068964.04711515,0,0,0,0,0,0,1,0,0,0,0,0,0,0,0,0,0,0,0,0,0,0,0,0,0,1,0,0,0,0,0,0,0,0,0,1,0,0,0,0,1,0,0,1,0,0
0,2.0,1,10.203629181337648,59.6,381.0,201.0,553845679.5213164,452690809.0801277,0,0,0,0,0,0,1,0,0,0,0,0,0,0,0,0,0,0,0,0,0,0,0,0,0,0,0,1,0,0,0,0,0,0,1,0,0,0,0,0,0,0,1,1,0,0
0,4.0,0,11.51293546492023,18.6,215.0,43.0,476969575.47813934,462889006.34569204,0,0,0,0,0,0,1,0,0,0,0,0,0,0,0,0,0,0,0,0,0,0,0,0,0,1,0,0,0,0,0,0,0,0,0,0,1,0,0,0,0,1,0,0,0,1
0,1.0,0,10.596659732783579,37.2,326.4,134.0,474107836.8118428,477277561.5611059,0,0,0,0,0,0,1,0,0,0,0,0,0,0,0,0,0,0,0,0,0,0,0,0,0,0,1,0,0,0,0,0,0,0,0,0,1,0,0,0,0,1,0,0,0,1
0,1.0,0,3.58351893845611,75.3,450.0,201.0,502054486.5301809,561764971.8666229,0,0,0,0,0,0,1,0,0,0,0,0,0,0,0,0,0,0,0,0,0,0,0,0,0,0,0,0,1,0,0,0,0,0,0,0,0,1,0,0,0,1,0,0,0,1
0,0.0,1,0.0,37.2,326.4,134.0,474118682.7988276,355197758.91627413,0,0,0,0,0,0,1,0,0,0,0,0,0,0,0,0,0,0,0,0,0,0,0,0,0,0,1,0,0,0,0,0,0,0,0,0,0,1,0,0,0,1,0,1,0,0
0,0.0,1,0.0,59.6,381.0,201.0,577787372.3682078,577787372.3682078,0,0,0,0,0,0,1,0,0,0,0,0,0,0,0,0,0,0,0,1,0,0,0,0,0,0,0,0,0,0,0,0,0,0,0,1,0,0,0,0,0,1,0,1,0,0
0,1.0,1,0.0,18.6,215.0,43.0,643134392.513331,393631756.3285105,0,0,0,0,0,0,1,0,0,0,0,0,0,0,0,0,0,0,0,0,0,0,0,0,0,1,0,0,0,0,0,0,0,0,0,0,0,1,0,0,1,0,0,1,0,0
0,1.0,1,0.0,37.2,326.4,134.0,472971177.3758341,475570721.17022645,0,0,0,0,0,0,1,0,0,0,0,0,0,0,0,0,0,0,0,0,0,0,0,0,0,0,1,0,0,0,0,0,0,0,0,0,0,1,0,1,0,0,0,1,0,0
0,0.0,1,0.0,82.0,420.0,349.0,473451337.0159781,616496944.2038616,0,0,0,0,0,0,1,0,0,0,0,0,0,0,0,0,0,0,0,0,0,0,0,0,0,0,0,0,0,1,0,0,0,0,0,0,0,1,0,0,0,1,0,1,0,0
0,1.0,1,0.0,17.0,150.0,41.0,304419682.8271675,402583307.21297663,0,0,0,0,0,0,1,0,0,0,1,0,0,0,0,0,0,0,0,0,0,0,0,0,0,0,0,0,0,0,0,0,0,0,0,1,0,0,0,0,0,1,0,1,0,0
0,0.0,1,0.0,37.2,326.4,134.0,475073128.6990445,357538182.10776347,0,0,0,0,0,0,1,0,0,0,0,0,0,0,0,0,0,0,0,0,0,0,0,0,0,0,1,0,0,0,0,0,0,0,0,0,0,1,0,0,0,1,0,0,0,1
0,0.0,1,0.0,75.3,450.0,201.0,490552130.5278741,587428487.7455003,0,0,0,0,0,0,1,0,0,0,0,0,0,0,0,0,0,0,0,0,0,0,0,0,0,0,0,0,1,0,0,0,0,0,0,0,0,1,0,0,0,1,0,0,0,1
1,1.0,0,10.596659732783579,37.2,326.4,134.0,343332508.27452874,478727071.60996586,0,0,0,0,0,0,1,0,0,0,0,0,0,0,0,0,0,0,0,0,0,0,0,0,0,0,1,0,0,0,0,0,0,0,0,0,0,1,0,0,0,1,0,0,0,1
0,0.0,1,0.0,37.2,326.4,134.0,343128428.3357532,357272227.0013805,0,0,0,0,0,0,1,0,0,0,0,0,0,0,0,0,0,0,0,0,0,0,0,0,0,0,1,0,0,0,0,0,0,0,0,0,0,1,0,0,0,1,0,1,0,0
0,0.0,1,0.0,18.6,215.0,43.0,302549884.160159,335901853.4316175,0,0,0,0,0,0,1,0,0,0,0,0,0,0,0,0,0,0,0,0,0,0,0,0,0,1,0,0,0,0,0,0,0,0,0,1,0,0,0,0,0,1,0,1,0,0
0,0.0,0,0.6931471805599453,82.0,420.0,349.0,474068984.0748016,617555767.7332733,0,0,0,0,0,0,1,0,0,0,0,0,0,0,0,0,0,0,0,0,0,0,0,0,0,0,0,0,0,1,0,0,0,0,0,0,1,0,0,0,0,1,0,0,0,1
0,2.0,0,10.668978650219241,92.0,480.0,402.0,566911788.6168107,471803484.942886,0,0,0,0,0,0,1,0,0,0,0,0,0,0,0,0,0,0,0,0,0,0,0,0,0,0,0,0,0,0,1,0,0,0,0,0,0,1,0,0,0,1,0,0,0,1
0,0.0,1,0.0,14.7,170.0,27.0,330537017.34775186,350604112.0162208,0,0,0,0,0,0,1,0,0,0,0,0,0,0,0,0,0,0,0,1,0,0,0,0,0,0,0,0,0,0,0,0,0,0,0,0,0,1,0,0,0,1,0,0,0,1
0,1.0,0,8.853808274977197,60.1,450.0,204.0,372291933.49083966,460530363.24150366,0,0,0,0,0,0,1,0,0,0,0,0,0,0,1,0,0,0,0,0,0,0,0,0,0,0,0,0,0,0,0,0,0,0,0,1,0,0,0,0,0,1,0,0,0,1
0,2.0,0,10.778977123006351,75.3,450.0,201.0,483531940.9218135,399187413.04465115,0,0,0,0,0,0,1,0,0,0,0,0,0,0,0,0,0,0,0,0,0,0,0,0,0,0,0,0,1,0,0,0,0,0,0,0,0,1,0,0,0,1,0,1,0,0
0,1.0,1,9.392745258631441,18.6,215.0,43.0,642255165.4601909,393208500.514557,0,0,0,0,0,0,1,0,0,0,0,0,0,0,0,0,0,0,0,0,0,0,0,0,0,1,0,0,0,0,0,0,0,0,0,0,0,1,0,1,0,0,0,1,0,0
0,1.0,0,8.517393171418904,60.1,450.0,204.0,372291933.46452385,460530363.2072571,0,0,0,0,0,0,1,0,0,0,0,0,0,0,1,0,0,0,0,0,0,0,0,0,0,0,0,0,0,0,0,0,0,0,0,0,0,1,0,0,0,1,0,0,0,1
0,3.0,0,10.915106645867503,82.0,420.0,349.0,483463004.0780862,548022730.6097863,0,0,0,0,0,0,1,0,0,0,0,0,0,0,0,0,0,0,0,0,0,0,0,0,0,0,0,0,0,1,0,0,0,0,0,0,0,1,0,1,0,0,0,1,0,0
0,1.0,1,6.2166061010848646,82.0,420.0,349.0,473814082.1140173,660306508.5912106,0,0,0,0,0,0,1,0,0,0,0,0,0,0,0,0,0,0,0,0,0,0,0,0,0,0,0,0,0,1,0,0,0,0,0,0,0,1,0,0,0,1,0,1,0,0
0,0.0,1,0.0,82.0,420.0,349.0,477843491.64833105,624026352.1450381,0,0,0,0,0,0,1,0,0,0,0,0,0,0,0,0,0,0,0,0,0,0,0,0,0,0,0,0,0,1,0,0,0,0,0,0,0,1,0,0,0,1,0,0,0,1
1,2.0,0,8.962007209588313,37.2,326.4,134.0,343332508.2133042,395357449.94624275,0,0,0,0,0,0,1,0,0,0,0,0,0,0,0,0,0,0,0,0,0,0,0,0,0,0,1,0,0,0,0,0,0,0,0,0,0,1,0,0,0,1,0,0,0,1
0,1.0,0,11.608244735642321,37.2,326.4,134.0,474227142.6686758,477456714.6555685,0,0,0,0,0,0,1,0,0,0,0,0,0,0,0,0,0,0,0,0,0,0,0,0,0,0,1,0,0,0,0,0,0,0,0,0,0,0,1,0,0,1,0,1,0,0
0,3.0,0,10.571342565808699,82.0,420.0,349.0,728415124.7255186,543343813.7819333,0,0,0,0,0,0,1,0,0,0,0,0,0,0,0,0,0,0,0,0,0,0,0,0,0,0,0,0,0,1,0,0,0,0,0,0,0,0,1,0,0,0,1,0,1,0
1,1.0,1,7.601402334583733,18.6,215.0,43.0,642738257.2476307,393441058.6540919,0,0,0,0,0,0,1,0,0,0,0,0,0,0,0,0,0,0,0,0,0,0,0,0,0,1,0,0,0,0,0,0,0,0,0,1,0,0,0,0,1,0,0,1,0,0
0,3.0,0,8.517393171418904,82.0,420.0,349.0,745163590.9831873,548624277.9985677,0,0,0,0,0,0,1,0,0,0,0,0,0,0,0,0,0,0,0,0,0,0,0,0,0,0,0,0,0,1,0,0,0,0,1,0,0,0,0,0,0,0,1,1,0,0
0,1.0,0,6.580639137284949,75.3,450.0,201.0,626940194.7407442,562617732.6028192,0,0,0,0,0,0,1,0,0,0,0,0,0,0,0,0,0,0,0,0,0,0,0,0,0,0,0,0,1,0,0,0,0,0,0,0,0,1,0,1,0,0,0,1,0,0
0,1.0,1,0.0,59.6,381.0,201.0,484666533.0259533,484666533.0259533,0,1,0,0,0,0,0,0,0,0,0,0,0,0,0,0,0,0,0,1,0,0,0,0,0,0,0,0,0,0,0,0,0,0,0,0,0,1,0,0,1,0,0,1,0,0
0,2.0,0,11.695255355062795,42.0,318.6,147.0,324091547.5788977,484666533.0259533,0,0,0,0,0,0,1,0,0,0,0,0,0,0,0,0,0,0,0,0,0,0,0,0,1,0,0,0,0,0,0,0,0,0,0,0,1,0,0,0,0,1,0,0,0,1
0,3.0,0,11.050905878263567,82.0,420.0,349.0,487157267.9315894,549144586.3641384,0,0,0,0,0,0,1,0,0,0,0,0,0,0,0,0,0,0,0,0,0,0,0,0,0,0,0,0,0,1,0,0,0,0,0,0,0,1,0,0,0,1,0,0,0,1
0,0.0,1,6.398594934535208,92.0,480.0,402.0,440606050.8417757,842409094.9244676,0,0,0,0,0,0,1,0,0,0,0,0,0,0,0,0,0,0,0,0,0,0,0,0,0,0,0,0,0,0,1,0,0,0,0,0,0,1,0,0,0,1,0,1,0,0
0,4.0,0,12.611541086966115,59.6,381.0,201.0,484666533.0259533,484666533.0259533,0,0,0,0,0,0,1,0,0,0,0,0,0,0,0,0,0,0,0,1,0,0,0,0,0,0,0,0,0,0,0,0,0,0,0,0,1,0,0,0,0,1,0,1,0,0
0,1.0,1,0.0,60.1,450.0,204.0,687994602.1009603,458434477.5565722,0,0,0,0,0,0,1,0,0,0,0,0,0,0,1,0,0,0,0,0,0,0,0,0,0,0,0,0,0,0,0,0,0,0,0,1,0,0,0,0,1,0,0,1,0,0
0,1.0,1,0.0,59.6,381.0,201.0,489609209.5878493,441728792.2299133,0,0,0,0,0,0,1,0,0,0,0,0,0,0,0,0,0,0,0,0,0,0,0,0,0,0,0,1,0,0,0,0,0,0,0,0,0,1,0,0,0,1,0,1,0,0
0,3.0,0,11.156264806643742,59.6,381.0,201.0,416994403.22861266,482354153.1412208,0,0,0,0,0,0,1,0,0,0,0,0,0,0,0,0,0,0,0,0,0,0,0,0,0,0,0,0,0,0,0,1,0,0,0,0,1,0,0,0,0,1,0,0,0,1
0,1.0,0,10.463131911491967,75.3,450.0,201.0,509452625.41906977,566666806.2224511,0,0,0,0,0,0,1,0,0,0,0,0,0,0,0,0,0,0,0,0,0,0,0,0,0,0,0,0,1,0,0,0,0,0,0,0,0,1,0,0,0,1,0,0,0,1
0,1.0,1,0.0,59.6,381.0,201.0,374025822.0869051,442046585.66635394,0,0,0,0,0,0,1,0,0,0,0,0,0,0,0,0,0,0,0,0,0,0,0,0,0,0,0,1,0,0,0,0,0,0,0,0,0,1,0,0,0,1,0,0,0,1
0,2.0,1,9.105090961257085,75.3,450.0,201.0,505545227.27092165,402927139.0720484,0,0,0,0,0,0,1,0,0,0,0,0,0,0,0,0,0,0,0,0,0,0,0,0,0,0,0,0,1,0,0,0,0,0,0,0,0,1,0,0,1,0,0,1,0,0
0,0.0,1,0.0,60.1,450.0,204.0,478257442.66519064,482180531.71796983,0,0,0,0,0,0,1,0,0,0,0,0,0,0,1,0,0,0,0,0,0,0,0,0,0,0,0,0,0,0,0,0,0,0,0,1,0,0,0,0,0,1,0,0,0,1
0,0.0,1,0.0,18.6,215.0,43.0,302214420.901373,334728669.07407564,0,0,0,0,0,0,1,0,0,0,0,0,0,0,0,0,0,0,0,0,0,0,0,0,0,1,0,0,0,0,0,0,0,0,0,0,0,1,0,0,1,0,0,1,0,0
0,0.0,1,0.0,59.6,381.0,201.0,398535420.4601357,494977199.1631027,0,0,0,0,0,0,1,0,0,0,0,0,0,0,0,0,0,0,0,0,0,0,0,0,0,0,0,1,0,0,0,0,0,0,0,0,0,1,0,0,0,1,0,1,0,0
0,3.0,1,10.896757843893464,82.0,420.0,349.0,745157456.0138621,548622343.762591,0,0,0,0,0,0,1,0,0,0,0,0,0,0,0,0,0,0,0,0,0,0,0,0,0,0,0,0,0,1,0,0,0,0,1,0,0,0,0,0,0,0,1,1,0,0
0,2.0,0,10.239995502805316,60.1,450.0,204.0,372291933.0224186,441728591.4170197,0,0,0,0,0,0,1,0,0,0,0,0,0,0,1,0,0,0,0,0,0,0,0,0,0,0,0,0,0,0,0,0,0,0,0,0,0,1,0,0,0,1,0,0,0,1
0,4.0,0,8.853808274977197,42.0,318.6,147.0,320187437.9898566,412636841.3399948,0,0,0,0,0,0,1,0,0,0,0,0,0,0,0,0,0,0,0,0,0,0,0,0,1,0,0,0,0,0,0,0,0,0,0,0,0,1,0,1,0,0,0,1,0,0
0,2.0,0,9.61587214452889,59.6,381.0,201.0,489919124.1126427,454252896.1062715,0,0,0,0,0,0,1,0,0,0,0,0,0,0,0,0,0,0,0,0,0,0,0,0,0,0,0,1,0,0,0,0,0,0,0,0,0,1,0,0,0,1,0,0,0,1
0,1.0,1,9.680406499268875,59.6,381.0,201.0,553562660.6533918,440906758.33160824,0,0,0,0,0,0,1,0,0,0,0,0,0,0,0,0,0,0,0,0,0,0,0,0,0,0,0,1,0,0,0,0,0,0,1,0,0,0,0,0,0,0,1,1,0,0
0,3.0,1,0.0,82.0,420.0,349.0,745145186.0752119,548618475.2906374,0,0,0,0,0,0,1,0,0,0,0,0,0,0,0,0,0,0,0,0,0,0,0,0,0,0,0,0,0,1,0,0,0,0,1,0,0,0,0,0,0,0,1,1,0,0
0,0.0,1,0.0,59.6,381.0,201.0,489919124.1126427,498657567.57925177,0,0,0,0,0,0,1,0,0,0,0,0,0,0,0,0,0,0,0,0,0,0,0,0,0,0,0,1,0,0,0,0,0,0,0,0,0,1,0,0,0,1,0,0,0,1
0,3.0,0,10.933124826700707,75.3,450.0,201.0,509452627.82647717,508354207.7662208,0,0,0,0,0,0,1,0,0,0,0,0,0,0,0,0,0,0,0,0,0,0,0,0,0,0,0,0,1,0,0,0,0,0,0,0,0,1,0,0,0,1,0,0,0,1
0,3.0,0,10.043292972227004,37.2,326.4,134.0,343332508.2949369,442956827.3670069,0,0,0,0,0,0,1,0,0,0,0,0,0,0,0,0,0,0,0,0,0,0,0,0,0,0,1,0,0,0,0,0,0,0,0,0,0,1,0,0,0,1,0,0,0,1
0,3.0,1,10.896757843893464,82.0,420.0,349.0,747083346.3535901,548016927.901856,0,0,0,0,0,0,1,0,0,0,0,0,0,0,0,0,0,0,0,0,0,0,0,0,0,0,0,0,0,1,0,0,0,0,0,0,0,1,0,0,1,0,0,1,0,0
0,2.0,0,9.392745258631441,82.0,420.0,349.0,493681037.75399756,556471812.7726572,0,0,0,0,0,0,1,0,0,0,0,0,0,0,0,0,0,0,0,0,0,0,0,0,0,0,0,0,0,1,0,0,0,0,0,0,0,1,0,0,0,1,0,1,0,0
0,0.0,1,0.0,37.2,326.4,134.0,474086274.98971695,355118290.83116776,0,0,0,0,0,0,1,0,0,0,0,0,0,0,0,0,0,0,0,0,0,0,0,0,0,0,1,0,0,0,0,0,0,0,0,0,0,1,0,0,0,1,0,1,0,0
0,1.0,0,11.314486721293981,59.6,381.0,201.0,354025850.8945974,439843199.0095743,0,0,0,0,0,0,1,0,0,0,0,0,0,0,0,0,0,0,0,0,0,0,0,0,0,0,0,1,0,0,0,0,0,0,0,0,0,1,0,0,0,1,0,1,0,0
0,0.0,1,0.0,75.3,450.0,201.0,625327694.7407442,580189966.910638,0,0,0,0,0,0,1,0,0,0,0,0,0,0,0,0,0,0,0,0,0,0,0,0,0,0,0,0,1,0,0,0,0,0,0,0,1,0,0,0,0,1,0,1,0,0
0,4.0,0,10.819798284210286,42.0,318.6,147.0,326844972.23643196,418097515.4972982,0,0,0,0,0,0,1,0,0,0,0,0,0,0,0,0,0,0,0,0,0,0,0,0,1,0,0,0,0,0,0,0,0,0,1,0,0,0,0,0,0,0,1,1,0,0
0,0.0,1,2.3978952727983707,37.2,326.0,136.0,368374602.0406301,312736057.6521262,0,0,0,0,0,0,1,0,0,0,0,0,1,0,0,0,0,0,0,0,0,0,0,0,0,0,0,0,0,0,0,0,0,0,0,1,0,0,0,0,1,0,0,1,0,0
1,1.0,1,0.0,59.6,381.0,201.0,467511022.0173022,474743486.94304097,0,0,0,0,0,0,1,0,0,0,0,0,0,0,0,0,0,0,0,1,0,0,0,0,0,0,0,0,0,0,0,0,0,0,0,0,0,1,0,1,0,0,0,1,0,0
0,3.0,1,5.707110264748875,92.0,480.0,402.0,566746953.4519755,453827080.4096022,0,0,0,0,0,0,1,0,0,0,0,0,0,0,0,0,0,0,0,0,0,0,0,0,0,0,0,0,0,0,1,0,0,0,0,0,0,1,0,1,0,0,0,1,0,0
0,1.0,0,10.308985993422082,18.6,215.0,43.0,645303474.638935,394675942.3750221,0,0,0,0,0,0,1,0,0,0,0,0,0,0,0,0,0,0,0,0,0,0,0,0,0,1,0,0,0,0,0,0,0,0,1,0,0,0,0,0,1,0,0,1,0,0
1,1.0,1,8.853808274977197,18.6,215.0,43.0,643148885.2669543,393638733.07269657,0,0,0,0,0,0,1,0,0,0,0,0,0,0,0,0,0,0,0,0,0,0,0,0,0,1,0,0,0,0,0,0,0,0,0,0,0,1,0,0,1,0,0,1,0,0
0,1.0,0,10.915106645867503,37.2,326.4,134.0,423412719.34569204,478727071.60996586,0,0,0,0,0,0,1,0,0,0,0,0,0,0,0,0,0,0,0,0,0,0,0,0,0,0,1,0,0,0,0,0,0,0,0,0,0,1,0,0,0,1,0,0,0,1
0,1.0,0,10.571342565808699,37.2,326.4,134.0,474118682.7988276,477293848.2060571,0,0,0,0,0,0,1,0,0,0,0,0,0,0,0,0,0,0,0,0,0,0,0,0,0,0,1,0,0,0,0,0,0,0,0,0,1,0,0,0,0,1,0,1,0,0
0,2.0,0,4.820281565605037,18.6,215.0,43.0,302966816.28475964,402493385.99726766,0,0,0,0,0,0,1,0,0,0,0,0,0,0,0,0,0,0,0,0,0,0,0,0,0,1,0,0,0,0,0,0,0,0,0,0,0,1,0,0,0,1,0,0,0,1
0,3.0,0,8.160803920954665,92.0,480.0,402.0,610577997.2917503,461656021.8569706,0,0,0,0,0,0,1,0,0,0,0,0,0,0,0,0,0,0,0,0,0,0,0,0,0,0,0,0,0,0,1,0,0,0,0,0,0,1,0,0,0,1,0,0,0,1
0,1.0,0,10.714439990727769,37.2,326.4,134.0,343332508.3357532,478727071.6588258,0,0,0,0,0,0,1,0,0,0,0,0,0,0,0,0,0,0,0,0,0,0,0,0,0,0,1,0,0,0,0,0,0,0,0,0,0,1,0,0,0,1,0,0,0,1
0,11.0,0,9.472781556562168,59.6,381.0,201.0,397441948.2379134,484666533.0259533,0,0,0,0,0,0,1,0,0,0,0,0,0,0,0,0,0,0,0,0,0,0,0,0,0,0,0,1,0,0,0,0,0,0,0,0,0,1,0,1,0,0,0,1,0,0
0,2.0,0,8.517393171418904,37.2,326.4,134.0,475073126.9094567,395357446.42303604,0,0,0,0,0,0,1,0,0,0,0,0,0,0,0,0,0,0,0,0,0,0,0,0,0,0,1,0,0,0,0,0,0,0,0,0,0,1,0,0,0,1,0,0,0,1
0,1.0,0,10.950824090522445,59.6,381.0,201.0,351718158.5869051,439588961.7214387,0,0,0,0,0,0,1,0,0,0,0,0,0,0,0,0,0,0,0,0,0,0,0,0,0,0,0,1,0,0,0,0,0,0,0,0,1,0,0,0,0,1,0,0,0,1
0,1.0,1,0.0,75.3,450.0,201.0,483612749.0026216,562452088.43104,0,0,0,0,0,0,1,0,0,0,0,0,0,0,0,0,0,0,0,0,0,0,0,0,0,0,0,0,1,0,0,0,0,0,0,0,0,1,0,0,0,1,0,1,0,0
0,3.0,1,0.0,59.6,381.0,201.0,487939788.100246,427020987.6956104,0,0,0,0,0,0,1,0,0,0,0,0,0,0,0,0,0,0,0,0,0,0,0,0,0,0,0,1,0,0,0,0,0,0,0,0,0,1,0,0,1,0,0,1,0,0
0,0.0,0,9.90353755128617,37.2,326.4,134.0,484666533.0259533,355256269.554572,0,0,0,0,0,0,1,0,0,0,0,0,0,0,0,0,0,0,0,0,0,0,0,0,0,0,1,0,0,0,0,0,0,0,0,0,0,1,0,0,0,1,0,1,0,0
0,0.0,0,10.275085591132715,37.2,326.0,136.0,552133266.5129766,314736057.6521262,0,0,0,0,0,0,1,0,0,0,0,0,1,0,0,0,0,0,0,0,0,0,0,0,0,0,0,0,0,0,0,0,0,0,0,0,0,1,0,0,1,0,0,1,0,0
0,3.0,1,11.06665398721974,82.0,420.0,349.0,746638033.8535901,547906676.4511789,0,0,0,0,0,0,1,0,0,0,0,0,0,0,0,0,0,0,0,0,0,0,0,0,0,0,0,0,0,1,0,0,0,0,0,0,0,1,0,0,1,0,0,1,0,0
0,0.0,1,0.0,17.0,150.0,41.0,305006862.31434697,322334332.5076333,0,0,0,0,1,0,0,0,0,0,1,0,0,0,0,0,0,0,0,0,0,0,0,0,0,0,0,0,0,0,0,0,0,0,0,1,0,0,0,0,0,1,0,1,0,0
0,3.0,0,9.99884318585288,82.0,420.0,349.0,748669283.8535901,548409577.8051442,0,0,0,0,0,0,1,0,0,0,0,0,0,0,0,0,0,0,0,0,0,0,0,0,0,0,0,0,0,1,0,0,0,0,0,0,0,1,0,0,1,0,0,1,0,0
0,4.0,0,10.518700218288165,18.6,215.0,43.0,301960427.2911494,450746149.2028349,0,0,0,0,0,0,1,0,0,0,0,0,0,0,0,0,0,0,0,0,0,0,0,0,0,1,0,0,0,0,0,0,0,0,0,0,0,1,0,1,0,0,0,1,0,0
0,2.0,1,0.0,37.2,326.4,134.0,425116004.09824055,393576861.0432892,0,0,0,0,0,0,1,0,0,0,0,0,0,0,0,0,0,0,0,0,0,0,0,0,0,0,1,0,0,0,0,0,0,0,0,0,0,1,0,0,1,0,0,1,0,0
1,1.0,0,10.275085591132715,18.6,215.0,43.0,301864580.645782,393464314.4680454,0,0,0,0,0,0,1,0,0,0,0,0,0,0,0,0,0,0,0,0,0,0,0,0,0,1,0,0,0,0,0,0,0,0,0,0,0,1,0,0,1,0,0,1,0,0
0,1.0,1,0.0,82.0,420.0,349.0,492722248.2803134,659183424.4790611,0,0,0,0,0,0,1,0,0,0,0,0,0,0,0,0,0,0,0,0,0,0,0,0,0,0,0,0,0,1,0,0,0,0,0,0,1,0,0,0,0,1,0,1,0,0
0,0.0,1,0.0,59.6,381.0,201.0,487274498.84404767,494682416.55440706,0,0,0,0,0,0,1,0,0,0,0,0,0,0,0,0,0,0,0,0,0,0,0,0,0,0,0,1,0,0,0,0,0,0,0,0,0,1,0,0,0,1,0,1,0,0
0,3.0,0,9.90353755128617,92.0,480.0,402.0,573285408.2321953,461656019.68591803,0,0,0,0,0,0,1,0,0,0,0,0,0,0,0,0,0,0,0,0,0,0,0,0,0,0,0,0,0,0,1,0,0,0,0,0,0,1,0,0,0,1,0,0,0,1
0,2.0,0,6.90875477931522,82.0,420.0,349.0,637841680.8564883,559317557.4535081,0,0,0,0,0,0,1,0,0,0,0,0,0,0,0,0,0,0,0,0,0,0,0,0,0,0,0,0,0,1,0,0,0,0,1,0,0,0,0,0,0,0,1,1,0,0
0,0.0,1,0.0,59.6,381.0,201.0,753648396.2117829,555619095.8960981,0,0,0,0,0,0,1,0,0,0,0,0,0,0,0,0,0,1,0,0,0,0,0,0,0,0,0,0,0,0,0,0,0,0,0,0,1,0,0,0,0,1,0,1,0,0
1,1.0,0,10.203629181337648,13.4,170.0,26.8,415472180.5216277,440605954.93268484,0,0,0,0,0,0,0,0,1,0,0,0,0,0,0,0,0,0,0,1,0,0,0,0,0,0,0,0,0,0,0,0,0,0,1,0,0,0,0,0,0,1,0,0,0,1
0,2.0,0,10.571342565808699,59.6,381.0,201.0,489919124.33991545,454252896.4657486,0,0,0,0,0,0,1,0,0,0,0,0,0,0,0,0,0,0,0,0,0,0,0,0,0,0,0,1,0,0,0,0,0,0,0,0,0,1,0,0,0,1,0,0,0,1
0,0.0,1,0.0,59.6,381.0,201.0,489919124.05065924,498657567.4860841,0,0,0,0,0,0,1,0,0,0,0,0,0,0,0,0,0,0,0,0,0,0,0,0,0,0,0,1,0,0,0,0,0,0,0,0,0,1,0,0,0,1,0,0,0,1
0,1.0,1,0.0,60.1,450.0,204.0,511333211.8417757,457420778.9264352,0,0,0,0,0,0,1,0,0,0,0,0,0,0,1,0,0,0,0,0,0,0,0,0,0,0,0,0,0,0,0,0,0,0,0,0,0,1,0,0,1,0,0,1,0,0
0,3.0,0,10.596659732783579,37.2,326.4,134.0,340459040.58065116,433813975.5488251,0,0,0,0,0,0,1,0,0,0,0,0,0,0,0,0,0,0,0,0,0,0,0,0,0,0,1,0,0,0,0,0,0,0,0,0,0,1,0,1,0,0,0,1,0,0
0,2.0,0,9.90353755128617,92.0,480.0,402.0,573285411.8310964,485779381.62963295,0,0,0,0,0,0,1,0,0,0,0,0,0,0,0,0,0,0,0,0,0,0,0,0,0,0,0,0,0,0,1,0,0,0,0,0,0,1,0,0,0,1,0,0,0,1
0,2.0,0,10.950824090522445,37.2,326.4,134.0,341744754.86636543,393716101.5496183,0,0,0,0,0,0,1,0,0,0,0,0,0,0,0,0,0,0,0,0,0,0,0,0,0,0,1,0,0,0,0,0,0,0,0,0,1,0,0,0,0,1,0,0,0,1
1,4.0,1,10.463131911491967,59.6,381.0,201.0,409925437.71137124,404305713.9012403,0,0,0,0,0,0,1,0,0,0,0,0,0,0,0,0,0,0,0,0,0,0,0,0,0,0,0,0,0,0,0,1,0,0,0,0,0,1,0,0,1,0,0,1,0,0
0,0.0,1,0.0,37.2,326.4,134.0,341469693.6418757,355110578.0652103,0,0,0,0,0,0,1,0,0,0,0,0,0,0,0,0,0,0,0,0,0,0,0,0,0,0,1,0,0,0,0,0,0,0,0,0,1,0,0,0,0,1,0,1,0,0
0,0.0,1,0.0,59.6,381.0,201.0,398643337.1268023,495073720.9022331,0,0,0,0,0,0,1,0,0,0,0,0,0,0,0,0,0,0,0,0,0,0,0,0,0,0,0,1,0,0,0,0,0,0,0,0,0,1,0,0,0,1,0,1,0,0
0,2.0,0,7.972810784121404,82.0,420.0,349.0,477843488.9816644,560514360.6503167,0,0,0,0,0,0,1,0,0,0,0,0,0,0,0,0,0,0,0,0,0,0,0,0,0,0,0,0,0,1,0,0,0,0,0,0,0,1,0,0,0,1,0,0,0,1
0,1.0,1,0.0,92.0,480.0,402.0,606814847.2917503,666108485.0791414,0,0,0,0,0,0,1,0,0,0,0,0,0,0,0,0,0,0,0,0,0,0,0,0,0,0,0,0,0,0,1,0,0,0,0,0,0,1,0,0,1,0,0,1,0,0
0,3.0,1,11.082157933374816,82.0,420.0,349.0,745249480.5537395,548651357.3022428,0,0,0,0,0,0,1,0,0,0,0,0,0,0,0,0,0,0,0,0,0,0,0,0,0,0,0,0,0,1,0,0,0,0,1,0,0,0,0,0,0,0,1,1,0,0
1,2.0,0,7.438971592395862,37.2,326.4,134.0,340679448.74391645,392614835.72683346,0,0,0,0,0,0,1,0,0,0,0,0,0,0,0,0,0,0,0,0,0,0,0,0,0,0,1,0,0,0,0,0,0,0,0,0,0,1,0,0,1,0,0,1,0,0
0,4.0,0,10.950824090522445,59.6,381.0,201.0,402650276.3281912,455244420.68396884,0,0,0,0,0,0,1,0,0,0,0,0,0,0,0,0,0,0,0,0,0,0,0,0,0,0,0,1,0,0,0,0,0,0,0,0,0,1,0,0,0,1,0,0,0,1
0,3.0,1,7.601402334583733,92.0,480.0,402.0,664350491.6220393,456537606.7253917,0,0,0,0,0,0,1,0,0,0,0,0,0,0,0,0,0,0,0,0,0,0,0,0,0,0,0,0,0,0,1,0,0,0,0,0,0,1,0,0,1,0,0,1,0,0
0,3.0,0,9.392745258631441,82.0,420.0,349.0,746028658.8535901,547755806.0449893,0,0,0,0,0,0,1,0,0,0,0,0,0,0,0,0,0,0,0,0,0,0,0,0,0,0,0,0,0,1,0,0,0,0,0,0,0,1,0,0,1,0,0,1,0,0
0,1.0,0,9.210440366976517,59.6,381.0,201.0,372207346.51179695,372820578.7891948,0,0,0,0,0,0,1,0,0,0,0,0,0,0,0,1,0,0,0,0,0,0,0,0,0,0,0,0,0,0,0,0,0,0,0,1,0,0,0,0,0,1,0,0,1,0
0,4.0,0,11.156264806643742,82.0,420.0,349.0,748395846.3535901,542206137.980969,0,0,0,0,0,0,1,0,0,0,0,0,0,0,0,0,0,0,0,0,0,0,0,0,0,0,0,0,0,1,0,0,0,0,0,0,0,1,0,0,1,0,0,1,0,0
0,0.0,0,9.90353755128617,59.6,381.0,201.0,401886392.6823579,497974342.02024555,0,0,0,0,0,0,1,0,0,0,0,0,0,0,0,0,0,0,0,0,0,0,0,0,0,0,0,1,0,0,0,0,0,0,0,0,0,1,0,0,0,1,0,1,0,0
0,0.0,0,10.703783648613117,60.1,450.0,204.0,368376147.6487344,477153508.9409428,0,0,0,0,0,0,1,0,0,0,0,0,0,0,1,0,0,0,0,0,0,0,0,0,0,0,0,0,0,0,0,0,0,0,0,0,0,1,0,1,0,0,0,1,0,0
0,1.0,0,10.819798284210286,37.2,326.4,134.0,343332506.8459573,478727070.4699007,0,0,0,0,0,0,1,0,0,0,0,0,0,0,0,0,0,0,0,0,0,0,0,0,0,0,1,0,0,0,0,0,0,0,0,0,0,1,0,0,0,1,0,0,0,1
1,1.0,0,9.210440366976517,18.6,215.0,43.0,302607392.1473794,394545709.8168826,0,0,0,0,0,0,1,0,0,0,0,0,0,0,0,0,0,0,0,0,0,0,0,0,0,1,0,0,0,0,0,0,0,1,0,0,0,0,0,0,0,1,0,1,0,0
0,1.0,0,6.2166061010848646,37.2,326.4,134.0,473726058.0699773,476704271.6588258,0,0,0,0,0,0,1,0,0,0,0,0,0,0,0,0,0,0,0,0,0,0,0,0,0,0,1,0,0,0,0,0,0,0,0,0,0,1,0,0,1,0,0,1,0,0
0,0.0,1,0.0,59.6,381.0,201.0,484666533.0259533,484666533.0259533,0,0,0,0,0,0,1,0,0,0,0,0,0,0,0,0,0,0,0,1,0,0,0,0,0,0,0,0,0,0,0,0,0,0,0,0,0,1,0,0,0,1,0,0,0,1
0,0.0,1,0.0,59.6,381.0,201.0,752293011.5963982,554150762.5627649,0,0,0,0,0,0,1,0,0,0,0,0,0,0,0,0,0,1,0,0,0,0,0,0,0,0,0,0,0,0,0,0,0,0,0,1,0,0,0,0,0,1,0,1,0,0
0,0.0,1,0.0,92.0,480.0,402.0,569549151.2541733,850106463.3455203,0,0,0,0,0,0,1,0,0,0,0,0,0,0,0,0,0,0,0,0,0,0,0,0,0,0,0,0,0,0,1,0,0,0,0,0,0,1,0,0,1,0,0,1,0,0
0,0.0,1,0.0,92.0,480.0,402.0,566532667.7376897,842882779.1349939,0,0,0,0,0,0,1,0,0,0,0,0,0,0,0,0,0,0,0,0,0,0,0,0,0,0,0,0,0,0,1,0,0,0,0,0,1,0,0,0,0,1,0,1,0,0
0,3.0,0,10.915106645867503,82.0,420.0,349.0,747067721.3535901,548013059.4299023,0,0,0,0,0,0,1,0,0,0,0,0,0,0,0,0,0,0,0,0,0,0,0,0,0,0,0,0,0,1,0,0,0,0,0,0,0,1,0,1,0,0,0,1,0,0
0,2.0,0,9.210440366976517,59.6,381.0,201.0,487291027.7696675,450096037.8382976,0,0,0,0,0,0,1,0,0,0,0,0,0,0,0,0,0,0,0,0,0,0,0,0,0,0,0,1,0,0,0,0,0,0,0,0,0,1,0,0,1,0,0,1,0,0
0,3.0,0,10.591220100394574,92.0,480.0,402.0,604358706.9408731,456991554.09381276,0,0,0,0,0,0,1,0,0,0,0,0,0,0,0,0,0,0,0,0,0,0,0,0,0,0,0,0,0,0,1,0,0,0,0,0,0,1,0,1,0,0,0,1,0,0
0,1.0,1,8.160803920954665,18.6,215.0,43.0,302966816.631405,395068964.99595237,0,0,0,0,0,0,1,0,0,0,0,0,0,0,0,0,0,0,0,0,0,0,0,0,0,1,0,0,0,0,0,0,0,0,0,1,0,0,0,0,0,1,0,0,0,1
0,1.0,1,0.0,37.2,326.0,136.0,549883266.5129766,561380986.4735547,0,0,0,0,0,0,1,0,0,0,0,0,1,0,0,0,0,0,0,0,0,0,0,0,0,0,0,0,0,0,0,0,0,0,0,1,0,0,0,0,1,0,0,1,0,0
1,0.0,1,0.0,18.6,215.0,43.0,644689464.9770992,335705764.04614264,0,0,0,0,0,0,1,0,0,0,0,0,0,0,0,0,0,0,0,0,0,0,0,0,0,1,0,0,0,0,0,0,0,0,0,0,1,0,0,0,0,1,0,1,0,0
0,2.0,0,8.517393171418904,82.0,420.0,349.0,482666781.65353334,556445217.0279763,0,0,0,0,0,0,1,0,0,0,0,0,0,0,0,0,0,0,0,0,0,0,0,0,0,0,0,0,0,1,0,0,0,0,0,0,0,1,0,1,0,0,0,1,0,0
0,0.0,1,10.596659732783579,37.2,326.4,134.0,473687012.51683193,354139248.2779763,0,0,0,0,0,0,1,0,0,0,0,0,0,0,0,0,0,0,0,0,0,0,0,0,0,0,1,0,0,0,0,0,0,0,0,0,0,1,0,0,1,0,0,1,0,0
0,3.0,1,7.937731775260109,82.0,420.0,349.0,487157268.4857295,549144586.5324168,0,0,0,0,0,0,1,0,0,0,0,0,0,0,0,0,0,0,0,0,0,0,0,0,0,0,0,0,0,1,0,0,0,0,0,0,0,1,0,0,0,1,0,0,0,1
0,1.0,0,10.165890277802454,18.6,215.0,43.0,302631353.8087213,394580593.5378128,0,0,0,0,0,0,1,0,0,0,0,0,0,0,0,0,0,0,0,0,0,0,0,0,0,1,0,0,0,0,0,0,0,0,0,0,1,0,0,0,0,1,0,0,0,1
0,3.0,1,10.571342565808699,92.0,480.0,402.0,495844355.3506355,457517869.8832864,0,0,0,0,0,0,1,0,0,0,0,0,0,0,0,0,0,0,0,0,0,0,0,0,0,0,0,0,0,0,1,0,0,0,0,0,0,1,0,0,1,0,0,1,0,0
1,2.0,1,8.294299608857235,18.6,215.0,43.0,642718933.576133,399895601.827526,0,0,0,0,0,0,1,0,0,0,0,0,0,0,0,0,0,0,0,0,0,0,0,0,0,1,0,0,0,0,0,0,0,0,0,0,0,1,0,0,1,0,0,1,0,0
0,0.0,1,0.0,18.6,215.0,43.0,484666533.0259533,335834814.3254723,0,0,0,0,0,0,1,0,0,0,0,0,0,0,0,0,0,0,0,0,0,0,0,0,0,1,0,0,0,0,0,0,0,0,1,0,0,0,0,0,0,1,0,1,0,0
0,0.0,1,0.0,37.2,326.4,134.0,341581489.560243,355256269.554572,0,0,0,0,0,0,1,0,0,0,0,0,0,0,0,0,0,0,0,0,0,0,0,0,0,0,1,0,0,0,0,0,0,0,0,0,0,1,0,0,0,1,0,1,0,0
0,1.0,0,9.210440366976517,18.6,215.0,43.0,302966816.65217173,395068965.0261849,0,0,0,0,0,0,1,0,0,0,0,0,0,0,0,0,0,0,0,0,0,0,0,0,0,1,0,0,0,0,0,0,0,0,0,0,0,1,0,0,0,1,0,0,0,1
0,4.0,0,11.156264806643742,42.0,318.6,147.0,330803870.1131443,421344701.39617455,0,0,0,0,0,0,1,0,0,0,0,0,0,0,0,0,0,0,0,0,0,0,0,0,1,0,0,0,0,0,0,0,0,0,0,0,0,1,0,0,0,1,0,0,0,1
0,2.0,1,0.0,37.2,326.4,134.0,473546014.6860293,392386987.6255677,0,0,0,0,0,0,1,0,0,0,0,0,0,0,0,0,0,0,0,0,0,0,0,0,0,0,1,0,0,0,0,0,0,0,0,1,0,0,0,0,1,0,0,1,0,0
0,3.0,0,10.915106645867503,82.0,420.0,349.0,493975774.59610283,547782885.3486644,0,0,0,0,0,0,1,0,0,0,0,0,0,0,0,0,0,0,0,0,0,0,0,0,0,0,0,0,0,1,0,0,0,0,0,0,0,1,0,1,0,0,0,1,0,0
0,1.0,0,11.314486721293981,75.3,450.0,201.0,490370324.76019734,566556382.9095677,0,0,0,0,0,0,1,0,0,0,0,0,0,0,0,0,0,0,0,0,0,0,0,0,0,0,0,0,1,0,0,0,0,0,0,0,0,1,0,0,0,1,0,1,0,0
0,1.0,0,0.0,60.1,450.0,204.0,368823516.069787,456016669.33739406,0,0,0,0,0,0,1,0,0,0,0,0,0,0,1,0,0,0,0,0,0,0,0,0,0,0,0,0,0,0,0,0,0,0,0,0,0,1,0,1,0,0,0,1,0,0
0,0.0,0,0.0,59.6,381.0,201.0,576849137.0740901,576849137.0740901,0,0,0,0,0,0,1,0,0,0,0,0,0,0,0,0,0,0,0,1,0,0,0,0,0,0,0,0,0,0,0,0,0,0,0,0,0,1,0,0,0,1,0,1,0,0
0,2.0,1,0.0,18.6,215.0,43.0,302966815.4397117,402493384.04523814,0,0,0,0,0,0,1,0,0,0,0,0,0,0,0,0,0,0,0,0,0,0,0,0,0,1,0,0,0,0,0,0,0,0,0,0,0,1,0,0,0,1,0,0,0,1
0,0.0,0,9.90353755128617,75.3,450.0,201.0,509452627.6875883,587428492.0941241,0,0,0,0,0,0,1,0,0,0,0,0,0,0,0,0,0,0,0,0,0,0,0,0,0,0,0,0,1,0,0,0,0,0,0,0,0,1,0,0,0,1,0,0,0,1
0,0.0,1,0.0,75.3,450.0,201.0,626708444.7407442,581203361.4060508,0,0,0,0,0,0,1,0,0,0,0,0,0,0,0,0,0,0,0,0,0,0,0,0,0,0,0,0,1,0,0,0,0,0,0,0,0,1,0,0,0,1,0,1,0,0
1,2.0,0,11.141876276228,59.6,381.0,201.0,484666533.0259533,450730024.7664022,0,0,0,0,0,0,1,0,0,0,0,0,0,0,0,0,0,0,0,0,0,0,0,0,0,0,0,1,0,0,0,0,0,0,0,0,0,1,0,0,0,1,0,1,0,0
0,2.0,0,11.39640288460621,82.0,420.0,349.0,494891564.069787,557695217.0279763,0,0,0,0,0,0,1,0,0,0,0,0,0,0,0,0,0,0,0,0,0,0,0,0,0,0,0,0,0,1,0,0,0,0,0,0,0,1,0,0,1,0,0,1,0,0
0,0.0,1,0.0,82.0,420.0,349.0,484666533.0259533,618858288.7416768,0,0,0,0,0,0,1,0,0,0,0,0,0,0,0,0,0,0,0,0,0,0,0,0,0,0,0,0,0,1,0,0,0,0,0,0,0,1,0,0,1,0,0,1,0,0
1,3.0,0,10.62135173563291,82.0,420.0,349.0,516824582.3093843,547780951.1126877,0,0,0,0,0,0,1,0,0,0,0,0,0,0,0,0,0,0,0,0,0,0,0,0,0,0,0,0,0,1,0,0,0,0,0,0,0,1,0,0,0,1,0,0,0,1
0,3.0,1,10.736418414365376,82.0,420.0,349.0,439820461.17381024,547955032.3505987,0,0,0,0,0,0,1,0,0,0,0,0,0,0,0,0,0,0,0,0,0,0,0,0,0,0,0,0,0,1,0,0,0,0,0,0,0,1,0,0,1,0,0,1,0,0
1,2.0,0,10.12667110305036,37.2,326.4,134.0,474162066.74676687,393585299.8618546,0,0,0,0,0,0,1,0,0,0,0,0,0,0,0,0,0,0,0,0,0,0,0,0,0,0,1,0,0,0,0,0,0,0,0,0,1,0,0,0,0,1,0,1,0,0
0,0.0,1,0.0,59.6,381.0,201.0,418641054.8561359,486031682.3933111,1,0,0,0,0,0,0,0,0,0,0,0,0,0,0,0,0,0,0,0,0,0,0,0,0,0,0,0,0,0,0,0,1,0,0,0,0,1,0,0,0,1,0,0,0,1
0,2.0,0,10.308985993422082,82.0,420.0,349.0,473735650.7414683,556056919.1556358,0,0,0,0,0,0,1,0,0,0,0,0,0,0,0,0,0,0,0,0,0,0,0,0,0,0,0,0,0,1,0,0,0,0,0,0,0,1,0,0,0,1,0,0,0,1
0,1.0,1,0.0,60.1,450.0,204.0,468397455.2451907,457153655.63876396,0,0,0,0,0,0,1,0,0,0,0,0,0,0,1,0,0,0,0,0,0,0,0,0,0,0,0,0,0,0,0,0,0,0,1,0,0,0,0,0,1,0,0,0,1,0
1,1.0,1,9.210440366976517,37.2,326.4,134.0,341479448.74391645,477248245.60019386,0,0,0,0,0,0,1,0,0,0,0,0,0,0,0,0,0,0,0,0,0,0,0,0,0,0,1,0,0,0,0,0,0,0,0,0,0,1,0,0,1,0,0,1,0,0
0,1.0,1,0.0,37.2,326.4,134.0,474032045.0547929,477163750.48618734,0,0,0,0,0,0,1,0,0,0,0,0,0,0,0,0,0,0,0,0,0,0,0,0,0,0,1,0,0,0,0,0,0,0,0,0,0,1,0,0,0,1,0,1,0,0
0,1.0,1,0.0,37.2,326.4,134.0,474465754.3823417,477815020.84449357,0,0,0,0,0,0,1,0,0,0,0,0,0,0,0,0,0,0,0,0,0,0,0,0,0,0,1,0,0,0,0,0,0,0,1,0,0,0,0,0,0,0,1,1,0,0
0,0.0,1,0.0,18.6,215.0,43.0,302513334.6393922,335774032.2025672,0,0,0,0,0,0,1,0,0,0,0,0,0,0,0,0,0,0,0,0,0,0,0,0,0,1,0,0,0,0,0,0,0,0,0,0,1,0,0,0,0,1,0,1,0,0
0,4.0,0,10.859018228147887,82.0,420.0,349.0,494549458.8066291,540956137.980969,0,0,0,0,0,0,1,0,0,0,0,0,0,0,0,0,0,0,0,0,0,0,0,0,0,0,0,0,0,1,0,0,0,0,0,0,0,1,0,0,0,1,0,1,0,0
0,1.0,0,9.392745258631441,18.6,215.0,43.0,302623366.588274,394568965.63083607,0,0,0,0,0,0,1,0,0,0,0,0,0,0,0,0,0,0,0,0,0,0,0,0,0,1,0,0,0,0,0,0,0,0,0,0,1,0,0,0,0,1,0,1,0,0
0,0.0,1,0.0,82.0,420.0,349.0,484666533.0259533,615160809.7500801,0,0,0,0,0,0,1,0,0,0,0,0,0,0,0,0,0,0,0,0,0,0,0,0,0,0,0,0,0,1,0,0,0,0,0,0,0,1,0,0,0,1,0,1,0,0
0,2.0,0,10.596659732783579,82.0,420.0,349.0,484666533.0259533,558232451.0705296,0,0,0,0,0,0,1,0,0,0,0,0,0,0,0,0,0,0,0,0,0,0,0,0,0,0,0,0,0,1,0,0,0,0,0,0,0,1,0,0,1,0,0,1,0,0
0,1.0,0,9.210440366976517,18.6,215.0,43.0,302537104.60744333,394443384.2354873,0,0,0,0,0,0,1,0,0,0,0,0,0,0,0,0,0,0,0,0,0,0,0,0,0,1,0,0,0,0,0,0,0,0,0,0,1,0,0,0,0,1,0,0,1,0
0,0.0,0,10.819798284210286,92.0,480.0,402.0,644945705.3548728,850369621.240257,0,0,0,0,0,0,1,0,0,0,0,0,0,0,0,0,0,0,0,0,0,0,0,0,0,0,0,0,0,0,1,0,0,0,0,0,0,1,0,1,0,0,0,1,0,0
0,1.0,1,0.0,82.0,420.0,349.0,717985676.8727579,624072863.7313975,0,0,0,0,0,0,1,0,0,0,0,0,0,0,0,0,0,0,0,0,0,0,0,0,0,0,0,0,0,1,0,0,0,0,0,0,0,1,0,1,0,0,0,0,1,0
1,2.0,1,8.699681400989514,18.6,215.0,43.0,301950842.6266127,400146524.33675104,0,0,0,0,0,0,1,0,0,0,0,0,0,0,0,0,0,0,0,0,0,0,0,0,0,1,0,0,0,0,0,0,0,0,0,0,0,1,0,0,1,0,0,1,0,0
1,1.0,0,5.958424693029782,18.6,215.0,43.0,302966815.19849765,395068962.90990585,0,0,0,0,0,0,1,0,0,0,0,0,0,0,0,0,0,0,0,0,0,0,0,0,0,1,0,0,0,0,0,0,0,0,0,0,0,1,0,0,0,1,0,0,0,1
0,1.0,0,0.0,60.1,450.0,204.0,686155892.423541,457653655.63876396,0,0,0,0,0,0,1,0,0,0,0,0,0,0,1,0,0,0,0,0,0,0,0,0,0,0,0,0,0,0,0,0,0,0,0,0,0,1,0,0,1,0,0,1,0,0
0,2.0,0,10.668978650219241,59.6,381.0,201.0,530823882.66232544,484666533.0259533,0,0,0,0,0,0,1,0,0,0,0,0,0,0,0,0,0,0,0,1,0,0,0,0,0,0,0,0,0,0,0,0,0,0,0,0,0,1,0,0,0,1,0,0,0,1
0,1.0,1,0.0,60.1,450.0,204.0,670188150.488057,450872833.7209557,0,0,0,0,0,0,1,0,0,0,0,0,0,0,1,0,0,0,0,0,0,0,0,0,0,0,0,0,0,0,0,0,0,0,0,0,0,1,0,1,0,0,0,1,0,0
0,1.0,0,10.12667110305036,18.6,215.0,43.0,302966815.3742165,395068963.1657198,0,0,0,0,0,0,1,0,0,0,0,0,0,0,0,0,0,0,0,0,0,0,0,0,0,1,0,0,0,0,0,0,0,0,0,0,0,1,0,0,0,1,0,0,0,1
0,1.0,0,9.546884034617925,59.6,381.0,201.0,498333211.8417757,484666533.0259533,0,0,0,0,0,0,1,0,0,0,0,0,0,0,0,0,0,0,0,1,0,0,0,0,0,0,0,0,0,0,0,0,0,0,0,0,0,1,0,0,0,1,0,1,0,0
0,3.0,0,10.87640433434749,82.0,420.0,349.0,474853297.80029184,547964703.5304826,0,0,0,0,0,0,1,0,0,0,0,0,0,0,0,0,0,0,0,0,0,0,0,0,0,0,0,0,0,1,0,0,0,0,0,0,1,0,0,0,0,1,0,0,0,1
0,0.0,1,0.0,14.7,170.0,27.0,351717607.42772686,348150213.8945974,0,0,0,0,0,0,1,0,0,0,0,0,0,0,0,0,0,0,1,0,0,0,0,0,0,0,0,0,0,0,0,0,0,0,0,1,0,0,0,0,0,1,0,1,0,0
0,3.0,0,10.571342565808699,82.0,420.0,349.0,469506750.2103813,549144585.9308695,0,0,0,0,0,0,1,0,0,0,0,0,0,0,0,0,0,0,0,0,0,0,0,0,0,0,0,0,0,1,0,0,0,0,0,0,0,1,0,0,0,1,0,0,0,1
1,1.0,1,0.0,37.2,326.4,134.0,474157728.35197294,477352480.12788117,0,0,0,0,0,0,1,0,0,0,0,0,0,0,0,0,0,0,0,0,0,0,0,0,0,0,1,0,0,0,0,0,0,0,0,0,0,1,0,0,1,0,0,1,0,0
0,1.0,0,11.471123824086465,37.2,326.4,134.0,473860548.308589,476906226.05621994,0,0,0,0,0,0,1,0,0,0,0,0,0,0,0,0,0,0,0,0,0,0,0,0,0,0,1,0,0,0,0,0,0,0,0,0,0,1,0,0,0,1,0,0,0,1
0,4.0,0,9.210440366976517,59.6,381.0,201.0,422770257.6251644,419826537.9637403,0,0,0,0,0,0,1,0,0,0,0,0,0,0,0,0,0,0,0,0,0,0,0,0,0,0,0,0,0,0,0,1,0,0,0,0,0,1,0,0,0,1,0,0,0,1
0,0.0,1,0.0,59.6,381.0,201.0,484666533.0259533,484666533.0259533,0,0,0,0,1,0,0,0,0,0,0,0,0,0,0,0,0,0,0,1,0,0,0,0,0,0,0,0,0,0,0,0,0,0,0,0,0,1,0,0,0,1,0,0,1,0
0,1.0,1,0.0,18.6,215.0,43.0,281833454.71297663,388303849.35176635,0,0,0,0,0,0,1,0,0,0,0,0,0,0,0,0,0,0,0,0,0,0,0,0,0,1,0,0,0,0,0,0,0,0,0,0,0,1,0,1,0,0,0,0,1,0
0,0.0,0,0.0,59.6,381.0,201.0,401910332.8945974,465317455.2028349,1,0,0,0,0,0,0,0,0,0,0,0,0,0,0,0,0,0,0,0,0,0,0,0,0,0,0,0,0,0,0,0,1,0,0,0,0,1,0,0,1,0,0,1,0,0
0,0.0,0,9.90353755128617,75.3,450.0,201.0,440606000.6599575,581024921.0390782,0,0,0,0,0,0,1,0,0,0,0,0,0,0,0,0,0,0,0,0,0,0,0,0,0,0,0,0,1,0,0,0,0,0,0,0,0,1,0,0,0,1,0,1,0,0
0,1.0,1,0.0,59.6,381.0,201.0,484666533.0259533,484666533.0259533,0,0,0,0,0,0,1,0,0,0,0,0,0,0,0,0,0,0,0,1,0,0,0,0,0,0,0,0,0,0,0,0,0,0,0,0,0,1,0,0,0,1,0,1,0,0
0,0.0,1,0.0,60.1,450.0,204.0,688575247.2622505,480356211.6436455,0,0,0,0,0,0,1,0,0,0,0,0,0,0,1,0,0,0,0,0,0,0,0,0,0,0,0,0,0,0,0,0,0,0,1,0,0,0,0,0,0,0,1,1,0,0
0,1.0,0,5.303304908059076,59.6,381.0,201.0,401018337.1268023,441050826.12821835,0,0,0,0,0,0,1,0,0,0,0,0,0,0,0,0,0,0,0,0,0,0,0,0,0,0,0,1,0,0,0,0,0,0,1,0,0,0,0,0,0,0,1,1,0,0
0,0.0,1,0.0,60.1,450.0,204.0,509897333.0968872,479329184.6166185,0,0,0,0,0,0,1,0,0,0,0,0,0,0,1,0,0,0,0,0,0,0,0,0,0,0,0,0,0,0,0,0,0,0,0,0,0,1,0,0,1,0,0,1,0,0
0,3.0,0,10.62135173563291,82.0,420.0,349.0,484666533.0259533,547838978.1919913,0,0,0,0,0,0,1,0,0,0,0,0,0,0,0,0,0,0,0,0,0,0,0,0,0,0,0,0,0,1,0,0,0,0,0,0,1,0,0,0,0,1,0,1,0,0
0,4.0,1,10.309019325088835,59.6,381.0,201.0,601370296.1255296,632479083.1412208,0,0,0,1,0,0,0,0,0,0,0,1,0,0,0,0,0,0,0,0,0,0,0,0,0,0,0,0,0,0,0,0,0,0,1,0,0,0,0,0,0,0,1,1,0,0
0,2.0,1,0.0,60.1,450.0,204.0,372291932.0224186,441728584.3799827,0,0,0,0,0,0,1,0,0,0,0,0,0,0,1,0,0,0,0,0,0,0,0,0,0,0,0,0,0,0,0,0,0,0,0,0,0,1,0,0,0,1,0,0,0,1
0,3.0,0,9.952325334619427,75.3,450.0,201.0,490552129.5177731,508354170.9537208,0,0,0,0,0,0,1,0,0,0,0,0,0,0,0,0,0,0,0,0,0,0,0,0,0,0,0,0,1,0,0,0,0,0,0,0,0,1,0,0,0,1,0,0,0,1
0,0.0,1,0.0,59.6,381.0,201.0,551109830.4647126,495371857.5481959,0,0,0,0,0,0,1,0,0,0,0,0,0,0,0,0,0,0,0,0,0,0,0,0,0,0,0,1,0,0,0,0,0,0,0,0,0,1,0,0,1,0,0,1,0,0
0,0.0,1,0.0,92.0,480.0,402.0,599007829.7478907,841698568.6086781,0,0,0,0,0,0,1,0,0,0,0,0,0,0,0,0,0,0,0,0,0,0,0,0,0,0,0,0,0,0,1,0,0,0,0,0,0,1,0,0,0,1,0,1,0,0
0,1.0,1,0.0,92.0,480.0,402.0,566532667.7376897,659270878.2415345,0,0,0,0,0,0,1,0,0,0,0,0,0,0,0,0,0,0,0,0,0,0,0,0,0,0,0,0,0,0,1,0,0,0,0,0,0,1,0,0,0,1,0,1,0,0
1,0.0,1,0.0,59.6,381.0,201.0,487241440.992808,494632727.1134133,0,0,0,0,0,0,1,0,0,0,0,0,0,0,0,0,0,0,0,0,0,0,0,0,0,0,0,1,0,0,0,0,0,0,1,0,0,0,0,0,0,1,0,1,0,0
0,0.0,1,0.0,75.3,450.0,201.0,635190186.2657442,587428492.8005462,0,0,0,0,0,0,1,0,0,0,0,0,0,0,0,0,0,0,0,0,0,0,0,0,0,0,0,0,1,0,0,0,0,0,0,0,0,1,0,0,0,1,0,0,0,1
1,1.0,1,9.093918908958932,18.6,215.0,43.0,642738257.2476307,393441058.6540919,0,0,0,0,0,0,1,0,0,0,0,0,0,0,0,0,0,0,0,0,0,0,0,0,0,1,0,0,0,0,0,0,0,0,0,1,0,0,0,0,1,0,0,1,0,0
0,1.0,0,9.210440366976517,59.6,381.0,201.0,514167745.67332137,551166646.2390697,0,0,0,0,0,0,1,0,0,0,0,0,0,1,0,0,0,0,0,0,0,0,0,0,0,0,0,0,0,0,0,0,0,0,0,0,0,1,0,0,0,1,0,0,1,0
0,1.0,0,8.987321812850125,18.6,215.0,43.0,302966815.74162865,395068963.70060354,0,0,0,0,0,0,1,0,0,0,0,0,0,0,0,0,0,0,0,0,0,0,0,0,0,1,0,0,0,0,0,0,0,0,0,0,0,1,0,0,0,1,0,0,0,1
0,1.0,1,10.819798284210286,37.2,326.4,134.0,473489615.5537083,476349222.79889095,0,0,0,0,0,0,1,0,0,0,0,0,0,0,0,0,0,0,0,0,0,0,0,0,0,0,1,0,0,0,0,0,0,0,0,1,0,0,0,0,1,0,0,1,0,0
0,1.0,1,0.0,59.6,381.0,201.0,548364547.4458447,438572012.56889635,0,0,0,0,0,0,1,0,0,0,0,0,0,0,0,0,0,0,0,0,0,0,0,0,0,0,0,1,0,0,0,0,0,0,0,0,0,1,0,0,1,0,0,1,0,0
1,1.0,1,9.19023970026918,18.6,215.0,43.0,302966815.9508938,395068964.0052547,0,0,0,0,0,0,1,0,0,0,0,0,0,0,0,0,0,0,0,0,0,0,0,0,0,1,0,0,0,0,0,0,0,0,0,0,0,1,0,0,0,1,0,0,0,1
0,0.0,1,0.0,59.6,381.0,201.0,361228725.8103813,418512666.48585486,0,0,0,0,0,0,1,0,0,1,0,0,0,0,0,0,0,0,0,0,0,0,0,0,0,0,0,0,0,0,0,0,0,0,0,1,0,0,0,0,0,1,0,1,0,0
0,2.0,1,0.0,18.6,215.0,43.0,301896529.52757114,400021063.08213854,0,0,0,0,0,0,1,0,0,0,0,0,0,0,0,0,0,0,0,0,0,0,0,0,0,1,0,0,0,0,0,0,0,0,0,1,0,0,0,0,1,0,0,1,0,0
0,0.0,1,0.0,37.2,326.4,134.0,440595479.95644313,441888815.3549611,0,0,0,0,0,0,1,0,0,0,0,0,0,0,0,0,0,0,0,0,0,0,1,0,0,0,0,0,0,0,0,0,0,0,0,0,0,1,0,0,0,1,0,1,0,0
0,3.0,1,10.87806606028079,82.0,420.0,349.0,743040891.5966842,547955032.3505987,0,0,0,0,0,0,1,0,0,0,0,0,0,0,0,0,0,0,0,0,0,0,0,0,0,0,0,0,0,1,0,0,0,0,0,0,0,1,0,0,1,0,0,1,0,0
0,4.0,1,10.736418414365376,82.0,420.0,349.0,745310830.246991,543386693.5365245,0,0,0,0,0,0,1,0,0,0,0,0,0,0,0,0,0,0,0,0,0,0,0,0,0,0,0,0,0,1,0,0,0,0,1,0,0,0,0,0,0,0,1,1,0,0
0,0.0,1,0.0,82.0,420.0,349.0,474222110.8549611,620370893.7836936,0,0,0,0,0,0,1,0,0,0,0,0,0,0,0,0,0,0,0,0,0,0,0,0,0,0,0,0,0,1,0,0,0,0,0,0,0,1,0,0,1,0,0,1,0,0
0,0.0,1,0.0,59.6,381.0,201.0,484666533.0259533,495017820.2811151,0,0,0,0,0,0,1,0,0,0,0,0,0,0,0,0,0,0,0,0,0,0,0,0,0,0,0,1,0,0,0,0,0,0,0,0,0,1,0,0,0,1,0,1,0,0
0,1.0,0,9.210440366976517,59.6,381.0,201.0,466047647.6613952,516878666.3872303,0,1,0,0,0,0,0,0,0,0,0,0,0,0,0,0,0,0,0,1,0,0,0,0,0,0,0,0,0,0,0,0,0,0,0,0,0,1,0,0,0,1,0,0,0,1
0,0.0,1,0.0,17.0,150.0,41.0,484666533.0259533,329540178.7135157,0,0,0,0,0,0,1,0,0,0,1,0,0,0,0,0,0,0,0,0,0,0,0,0,0,0,0,0,0,0,0,0,0,0,0,0,0,1,0,0,0,1,0,0,0,1
0,4.0,1,10.571342565808699,42.0,318.6,147.0,322187437.9898566,414277290.77819705,0,0,0,0,0,0,1,0,0,0,0,0,0,0,0,0,0,0,0,0,0,0,0,0,1,0,0,0,0,0,0,0,0,0,0,0,0,1,0,0,1,0,0,1,0,0
0,3.0,0,10.545367754151743,82.0,420.0,349.0,497681033.01715547,549144585.7355117,0,0,0,0,0,0,1,0,0,0,0,0,0,0,0,0,0,0,0,0,0,0,0,0,0,0,0,0,0,1,0,0,0,0,0,0,0,1,0,0,0,1,0,0,0,1
0,3.0,0,7.601402334583733,82.0,420.0,349.0,728208346.3535901,543343813.7819333,0,0,0,0,0,0,1,0,0,0,0,0,0,0,0,0,0,0,0,0,0,0,0,0,0,0,0,0,0,1,0,0,0,0,0,0,0,0,1,0,0,0,1,0,1,0
0,0.0,0,9.90353755128617,37.2,326.0,136.0,573133266.5129766,329736057.6521262,0,0,0,0,0,0,1,0,0,0,0,0,1,0,0,0,0,0,0,0,0,0,0,0,0,0,0,0,0,0,0,0,0,0,1,0,0,0,0,0,0,0,1,1,0,0
0,1.0,1,0.0,14.7,170.0,27.0,484666533.0259533,492900279.96297663,0,0,0,0,0,0,1,0,0,0,0,0,0,0,0,0,0,0,1,0,0,0,0,0,0,0,0,0,0,0,0,0,0,0,1,0,0,0,0,0,0,0,1,1,0,0
0,1.0,1,10.043292972227004,82.0,420.0,349.0,497681035.08557653,667988746.8435471,0,0,0,0,0,0,1,0,0,0,0,0,0,0,0,0,0,0,0,0,0,0,0,0,0,0,0,0,0,1,0,0,0,0,0,0,0,1,0,0,0,1,0,0,0,1
0,0.0,0,10.985309671896763,18.6,215.0,43.0,496515030.0235939,333253808.7388801,0,0,0,0,0,0,1,0,0,0,0,0,0,0,0,0,0,0,0,0,0,0,0,0,0,1,0,0,0,0,0,0,0,0,0,0,0,1,0,1,0,0,0,1,0,0
0,3.0,0,10.714439990727769,82.0,420.0,349.0,484615870.32012445,548372827.3215852,0,0,0,0,0,0,1,0,0,0,0,0,0,0,0,0,0,0,0,0,0,0,0,0,0,0,0,0,0,1,0,0,0,0,0,0,0,1,0,0,1,0,0,1,0,0
0,4.0,1,10.596659732783579,82.0,420.0,349.0,458240552.7022526,517317249.0920801,0,0,0,0,0,0,1,0,0,0,0,0,0,0,0,0,0,0,0,0,0,0,0,0,0,0,0,0,0,1,0,0,0,0,0,0,0,1,0,1,0,0,0,0,1,0
0,3.0,0,10.757924157061597,82.0,420.0,349.0,493365248.2803134,547558513.9753569,0,0,0,0,0,0,1,0,0,0,0,0,0,0,0,0,0,0,0,0,0,0,0,0,0,0,0,0,0,1,0,0,0,0,0,0,0,1,0,0,0,1,0,1,0,0
0,2.0,0,8.294299608857235,92.0,480.0,402.0,573285411.4739536,485779380.84650046,0,0,0,0,0,0,1,0,0,0,0,0,0,0,0,0,0,0,0,0,0,0,0,0,0,0,0,0,0,0,1,0,0,0,0,1,0,0,0,0,0,1,0,0,0,1
0,0.0,1,0.0,18.6,215.0,43.0,302966816.27038264,337359951.2025672,0,0,0,0,0,0,1,0,0,0,0,0,0,0,0,0,0,0,0,0,0,0,0,0,0,1,0,0,0,0,0,0,0,0,0,0,0,1,0,0,0,1,0,0,0,1
0,2.0,1,0.0,37.2,326.4,134.0,475073128.57106185,395357449.6551035,0,0,0,0,0,0,1,0,0,0,0,0,0,0,0,0,0,0,0,0,0,0,0,0,0,0,1,0,0,0,0,0,0,0,0,0,0,1,0,0,0,1,0,0,0,1
0,0.0,1,0.0,60.1,450.0,204.0,368704621.3329449,477575198.130132,0,0,0,0,0,0,1,0,0,0,0,0,0,0,1,0,0,0,0,0,0,0,0,0,0,0,0,0,0,0,0,0,0,0,0,0,0,1,0,0,0,1,0,1,0,0
0,0.0,1,0.0,60.1,450.0,204.0,368828779.22768176,477734590.0220239,0,0,0,0,0,0,1,0,0,0,0,0,0,0,1,0,0,0,0,0,0,0,0,0,0,0,0,0,0,0,0,0,0,0,0,0,0,1,0,0,0,1,0,1,0,0
0,2.0,0,11.289794413577894,18.6,215.0,43.0,302870970.4221398,402271985.5913636,0,0,0,0,0,0,1,0,0,0,0,0,0,0,0,0,0,0,0,0,0,0,0,0,0,1,0,0,0,0,0,0,0,0,0,0,0,1,0,0,0,1,0,0,0,1
0,1.0,0,9.90353755128617,18.6,215.0,43.0,302567456.045143,394487570.2819989,0,0,0,0,0,0,1,0,0,0,0,0,0,0,0,0,0,0,0,0,0,0,0,0,0,1,0,0,0,0,0,0,0,0,0,0,1,0,0,0,0,1,0,1,0,0
0,3.0,0,11.58989576532275,82.0,420.0,349.0,477843490.7953899,549144586.2596896,0,0,0,0,0,0,1,0,0,0,0,0,0,0,0,0,0,0,0,0,0,0,0,0,0,0,0,0,0,1,0,0,0,0,0,0,0,1,0,0,0,1,0,0,0,1
0,2.0,0,10.546551232928087,37.2,326.4,134.0,474207619.8921031,393673907.4567913,0,0,0,0,0,0,1,0,0,0,0,0,0,0,0,0,0,0,0,0,0,0,0,0,0,0,1,0,0,0,0,0,0,0,0,0,1,0,0,0,0,1,0,0,0,1
0,0.0,1,0.0,59.6,381.0,201.0,398483614.9045801,494930863.759376,0,0,0,0,0,0,1,0,0,0,0,0,0,0,0,0,0,0,0,0,0,0,0,0,0,0,0,1,0,0,0,0,0,0,0,0,0,1,0,0,0,1,0,1,0,0
0,1.0,0,9.680406499268875,82.0,420.0,349.0,742648253.5598744,661642957.1893414,0,0,0,0,0,0,1,0,0,0,0,0,0,0,0,0,0,0,0,0,0,0,0,0,0,0,0,0,0,1,0,0,0,0,0,0,0,1,0,0,1,0,0,1,0,0
0,0.0,1,0.0,17.0,150.0,41.0,311288907.2374239,329540207.56645685,0,0,0,0,0,0,1,0,0,0,1,0,0,0,0,0,0,0,0,0,0,0,0,0,0,0,0,0,0,0,0,0,0,0,0,1,0,0,0,0,0,1,0,0,0,1
0,0.0,1,0.0,18.6,215.0,43.0,302534069.46367335,335846546.1690477,0,0,0,0,0,0,1,0,0,0,0,0,0,0,0,0,0,0,0,0,0,0,0,0,0,1,0,0,0,0,0,0,0,0,0,0,1,0,0,0,0,1,0,1,0,0
0,1.0,0,8.81001204797317,75.3,450.0,201.0,503248930.97462535,562556382.9095677,0,0,0,0,0,0,1,0,0,0,0,0,0,0,0,0,0,0,0,0,0,0,0,0,0,0,0,0,1,0,0,0,0,0,0,0,0,1,0,1,0,0,0,1,0,0
0,4.0,0,11.082157933374816,82.0,420.0,349.0,493628406.1750502,539740860.2031913,0,0,0,0,0,0,1,0,0,0,0,0,0,0,0,0,0,0,0,0,0,0,0,0,0,0,0,0,0,1,0,0,0,0,0,0,0,1,0,0,0,1,0,0,1,0
0,3.0,0,7.824445930877619,82.0,420.0,349.0,497681035.46452385,549144586.6349313,0,0,0,0,0,0,1,0,0,0,0,0,0,0,0,0,0,0,0,0,0,0,0,0,0,0,0,0,0,1,0,0,0,0,0,0,0,1,0,0,0,1,0,0,0,1
0,1.0,1,0.0,60.1,450.0,204.0,372291935.7118923,460530366.1319146,0,0,0,0,0,0,1,0,0,0,0,0,0,0,1,0,0,0,0,0,0,0,0,0,0,0,0,0,0,0,0,0,0,0,0,1,0,0,0,0,0,1,0,0,0,1
0,0.0,1,0.0,75.3,450.0,201.0,480966284.35615695,578722077.0023811,0,0,0,0,0,0,1,0,0,0,0,0,0,0,0,0,0,0,0,0,0,0,0,0,0,0,0,0,1,0,0,0,0,0,0,0,0,1,0,0,0,1,0,1,0,0
0,2.0,0,0.0,37.2,326.4,134.0,338761081.3969777,390631713.3639643,0,0,0,0,0,0,1,0,0,0,0,0,0,0,0,0,0,0,0,0,0,0,0,0,0,0,1,0,0,0,0,0,0,0,0,0,0,1,0,1,0,0,0,1,0,0
1,3.0,1,10.839600519357369,82.0,420.0,349.0,474510160.5453899,547829307.0121074,0,0,0,0,0,0,1,0,0,0,0,0,0,0,0,0,0,0,0,0,0,0,0,0,0,0,0,0,0,1,0,0,0,0,0,0,0,1,0,0,0,1,0,1,0,0
0,0.0,1,0.0,37.2,326.4,134.0,475073127.84221154,357538180.0066997,0,0,0,0,0,0,1,0,0,0,0,0,0,0,0,0,0,0,0,0,0,0,0,0,0,0,1,0,0,0,0,0,0,0,0,0,0,1,0,0,0,1,0,0,0,1
0,0.0,1,0.0,37.2,326.4,134.0,341410060.9888144,355032865.29925287,0,0,0,0,0,0,1,0,0,0,0,0,0,0,0,0,0,0,0,0,0,0,0,0,0,0,1,0,0,0,0,0,0,0,0,0,0,1,0,0,0,1,0,1,0,0
0,2.0,1,9.90353755128617,59.6,381.0,201.0,487253837.68702286,450037214.3088859,0,0,0,0,0,0,1,0,0,0,0,0,0,0,0,0,0,0,0,0,0,0,0,0,0,0,0,1,0,0,0,0,0,0,0,0,0,1,0,0,1,0,0,1,0,0
1,1.0,0,10.239995502805316,92.0,480.0,402.0,566499700.7047228,659219596.1902524,0,0,0,0,0,0,1,0,0,0,0,0,0,0,0,0,0,0,0,0,0,0,0,0,0,0,0,0,0,0,1,0,0,0,0,0,0,1,0,0,0,1,0,0,1,0
0,1.0,0,6.90875477931522,18.6,215.0,43.0,301784708.44130915,393348035.39827794,0,0,0,0,0,0,1,0,0,0,0,0,0,0,0,0,0,0,0,0,0,0,0,0,0,1,0,0,0,0,0,0,0,0,0,0,0,1,0,1,0,0,0,1,0,0
1,3.0,0,8.517393171418904,59.6,381.0,201.0,414994403.22861266,475104153.1412208,0,0,0,0,0,0,1,0,0,0,0,0,0,0,0,0,0,0,0,0,0,0,0,0,0,0,0,0,0,0,0,1,0,0,0,0,0,1,0,0,1,0,0,1,0,0
0,1.0,1,0.0,60.1,450.0,204.0,368981410.8066291,456222148.78944886,0,0,0,0,0,0,1,0,0,0,0,0,0,0,1,0,0,0,0,0,0,0,0,0,0,0,0,0,0,0,0,0,0,0,0,0,1,0,0,0,0,1,0,1,0,0
0,1.0,0,7.601402334583733,18.6,215.0,43.0,644047435.9915919,394071291.21223146,0,0,0,0,0,0,1,0,0,0,0,0,0,0,0,0,0,0,0,0,0,0,0,0,0,1,0,0,0,0,0,0,0,0,0,0,0,1,0,0,1,0,0,1,0,0
0,1.0,1,0.0,60.1,450.0,204.0,372291934.4961028,460530364.54972285,0,0,0,0,0,0,1,0,0,0,0,0,0,0,1,0,0,0,0,0,0,0,0,0,0,0,0,0,0,0,0,0,0,0,1,0,0,0,0,0,0,1,0,0,0,1
1,0.0,1,0.0,18.6,215.0,43.0,302551928.8885935,335909004.26960635,0,0,0,0,0,0,1,0,0,0,0,0,0,0,0,0,0,0,0,0,0,0,0,0,0,1,0,0,0,0,0,0,0,0,0,0,1,0,0,0,0,1,0,1,0,0
0,3.0,1,0.0,82.0,420.0,349.0,745163590.9831873,548624277.9985677,0,0,0,0,0,0,1,0,0,0,0,0,0,0,0,0,0,0,0,0,0,0,0,0,0,0,0,0,0,1,0,0,0,0,1,0,0,0,0,0,0,0,1,1,0,0
0,2.0,0,10.085850775128717,37.2,326.4,134.0,475073127.9940554,395357448.53274065,0,0,0,0,0,0,1,0,0,0,0,0,0,0,0,0,0,0,0,0,0,0,0,0,0,0,1,0,0,0,0,0,0,0,0,0,0,1,0,0,0,1,0,0,0,1
0,0.0,1,0.0,59.6,381.0,201.0,484666533.0259533,525741018.8614642,0,0,0,0,0,0,1,0,0,0,0,0,0,0,0,0,1,0,0,0,0,0,0,0,0,0,0,0,0,0,0,0,0,0,0,0,0,1,0,0,0,1,0,1,0,0
0,1.0,1,0.0,60.1,450.0,204.0,368044568.701366,455002970.7072571,0,0,0,0,0,0,1,0,0,0,0,0,0,0,1,0,0,0,0,0,0,0,0,0,0,0,0,0,0,0,0,0,0,0,0,0,0,1,0,1,0,0,0,1,0,0
0,4.0,1,11.002116507732017,42.0,318.6,147.0,621053720.3309526,418299762.6883093,0,0,0,0,0,0,1,0,0,0,0,0,0,0,0,0,0,0,0,0,0,0,0,0,1,0,0,0,0,0,0,0,0,0,1,0,0,0,0,0,0,0,1,1,0,0
0,2.0,0,9.852246888342531,18.6,215.0,43.0,302966816.3806063,402493386.2186699,0,0,0,0,0,0,1,0,0,0,0,0,0,0,0,0,0,0,0,0,0,0,0,0,0,1,0,0,0,0,0,0,0,0,0,0,0,1,0,0,0,1,0,0,0,1
0,0.0,0,10.757924157061597,59.6,381.0,201.0,487439788.100246,494930863.759376,0,0,0,0,0,0,1,0,0,0,0,0,0,0,0,0,0,0,0,0,0,0,0,0,0,0,0,1,0,0,0,0,0,0,0,0,0,1,0,1,0,0,0,1,0,0
1,2.0,0,7.726212650507529,59.6,381.0,201.0,543836245.5590522,445756168.5572519,0,0,0,0,0,0,1,0,0,0,0,0,0,0,0,0,0,0,0,0,0,0,0,0,0,0,0,1,0,0,0,0,0,0,0,0,0,1,0,1,0,0,0,1,0,0
0,1.0,0,9.798182590890704,18.6,215.0,43.0,302601002.3710216,394536407.49130124,0,0,0,0,0,0,1,0,0,0,0,0,0,0,0,0,0,0,0,0,0,0,0,0,0,1,0,0,0,0,0,0,0,0,0,0,1,0,0,0,0,1,0,1,0,0
0,3.0,0,10.819798284210286,82.0,420.0,349.0,742826167.670304,547887334.0914111,0,0,0,0,0,0,1,0,0,0,0,0,0,0,0,0,0,0,0,0,0,0,0,0,0,0,0,0,0,1,0,0,0,0,0,0,0,1,0,1,0,0,0,1,0,0
0,1.0,0,0.0,92.0,480.0,402.0,573285407.1058216,669775139.4808507,0,0,0,0,0,0,1,0,0,0,0,0,0,0,0,0,0,0,0,0,0,0,0,0,0,0,0,0,0,0,1,0,0,0,0,0,0,1,0,0,0,1,0,0,0,1
0,4.0,0,10.571342565808699,42.0,318.6,147.0,330803869.5651991,421344700.9467364,0,0,0,0,0,0,1,0,0,0,0,0,0,0,0,0,0,0,0,0,0,0,0,0,1,0,0,0,0,0,0,0,0,0,0,0,0,1,0,0,0,1,0,0,0,1
1,1.0,0,9.210440366976517,18.6,215.0,43.0,302543494.38380116,394452686.56106865,0,0,0,0,0,0,1,0,0,0,0,0,0,0,0,0,0,0,0,0,0,0,0,0,0,1,0,0,0,0,0,0,0,0,0,0,1,0,0,0,0,1,0,0,0,1
0,2.0,0,9.210440366976517,59.6,381.0,201.0,402650278.34208,454252897.54418,0,0,0,0,0,0,1,0,0,0,0,0,0,0,0,0,0,0,0,0,0,0,0,0,0,0,0,1,0,0,0,0,0,0,0,0,0,1,0,0,0,1,0,0,0,1
0,0.0,1,0.0,18.6,215.0,43.0,302966815.99881715,337359950.2528466,0,0,0,0,0,0,1,0,0,0,0,0,0,0,0,0,0,0,0,0,0,0,0,0,0,1,0,0,0,0,0,0,0,0,0,0,0,1,0,0,0,1,0,0,0,1
1,2.0,1,10.373522431293592,37.2,326.4,134.0,474118682.7988276,393500911.67620057,0,0,0,0,0,0,1,0,0,0,0,0,0,0,0,0,0,0,0,0,0,0,0,0,0,0,1,0,0,0,0,0,0,0,0,0,0,1,0,0,1,0,0,1,0,0
0,0.0,1,9.472781556562168,18.6,215.0,43.0,301883749.9748554,333572244.49307007,0,0,0,0,0,0,1,0,0,0,0,0,0,0,0,0,0,0,0,0,0,0,0,0,0,1,0,0,0,0,0,0,0,0,0,0,0,1,0,0,1,0,0,1,0,0
0,4.0,0,10.819798284210286,82.0,420.0,349.0,494312616.701366,540643637.980969,0,0,0,0,0,0,1,0,0,0,0,0,0,0,0,0,0,0,0,0,0,0,0,0,0,0,0,0,0,1,0,0,0,0,0,0,0,1,0,0,0,1,0,1,0,0
0,2.0,1,10.87806606028079,37.2,326.4,134.0,473554691.4756172,392403865.2626985,0,0,0,0,0,0,1,0,0,0,0,0,0,0,0,0,0,0,0,0,0,0,0,0,0,0,1,0,0,0,0,0,0,0,0,0,0,1,0,0,1,0,0,1,0,0
0,0.0,1,0.0,37.2,326.4,134.0,340769244.66228384,354197758.91627413,0,0,0,0,0,0,1,0,0,0,0,0,0,0,0,0,0,0,0,0,0,0,0,0,0,0,1,0,0,0,0,0,0,0,0,0,0,1,0,0,1,0,0,1,0,0
0,4.0,0,11.266039786711017,82.0,420.0,349.0,742948867.0568069,540713082.4254135,0,0,0,0,0,0,1,0,0,0,0,0,0,0,0,0,0,0,0,0,0,0,0,0,0,0,0,0,0,1,0,0,0,0,0,0,0,1,0,1,0,0,0,1,0,0
0,1.0,0,10.933124826700707,37.2,326.4,134.0,474183758.7207365,477391568.07576394,0,0,0,0,0,0,1,0,0,0,0,0,0,0,0,0,0,0,0,0,0,0,0,0,0,0,1,0,0,0,0,0,0,0,1,0,0,0,0,0,0,1,0,1,0,0
0,2.0,0,10.62135173563291,75.3,450.0,201.0,483501637.8915105,399146317.1542402,0,0,0,0,0,0,1,0,0,0,0,0,0,0,0,0,0,0,0,0,0,0,0,0,0,0,0,0,1,0,0,0,0,0,0,0,0,1,0,0,0,1,0,1,0,0
1,2.0,0,11.082157933374816,75.3,450.0,201.0,635190186.4907442,408707951.94876075,0,0,0,0,0,0,1,0,0,0,0,0,0,0,0,0,0,0,0,0,0,0,0,0,0,0,0,0,1,0,0,0,0,0,0,0,0,1,0,0,0,1,0,0,0,1
0,0.0,1,0.0,18.6,215.0,43.0,302556273.9365168,335924199.8003326,0,0,0,0,0,0,1,0,0,0,0,0,0,0,0,0,0,0,0,0,0,0,0,0,0,1,0,0,0,0,0,0,0,0,0,0,0,1,0,0,0,1,0,1,0,0
0,1.0,0,9.798182590890704,60.1,450.0,204.0,689623634.3590248,459126258.37849,0,0,0,0,0,0,1,0,0,0,0,0,0,0,1,0,0,0,0,0,0,0,0,0,0,0,0,0,0,0,0,0,0,0,1,0,0,0,0,0,0,0,1,1,0,0
0,3.0,0,10.819798284210286,37.2,326.4,134.0,484666533.0259533,442956826.6527212,0,0,0,0,0,0,1,0,0,0,0,0,0,0,0,0,0,0,0,0,0,0,0,0,0,0,1,0,0,0,0,0,0,0,0,0,0,1,0,0,0,1,0,0,0,1
0,0.0,1,0.0,82.0,420.0,349.0,485564914.9061117,621925515.632433,0,0,0,0,0,0,1,0,0,0,0,0,0,0,0,0,0,0,0,0,0,0,0,0,0,0,0,0,0,1,0,0,0,0,0,1,0,0,0,0,1,0,0,1,0,0
0,2.0,0,9.870809390145546,37.2,326.4,134.0,474511307.5276779,394264624.75636935,0,0,0,0,0,0,1,0,0,0,0,0,0,0,0,0,0,0,0,0,0,0,0,0,0,0,1,0,0,0,0,0,0,0,1,0,0,0,0,0,0,0,1,1,0,0
0,0.0,1,0.0,82.0,420.0,349.0,565098009.3682078,617656608.0694078,0,0,0,0,0,0,1,0,0,0,0,0,0,0,0,0,0,0,0,0,0,0,0,0,0,0,0,0,0,1,0,0,0,0,0,0,0,1,0,0,0,1,0,1,0,0
0,2.0,0,9.305741456739435,75.3,450.0,201.0,500100782.82647717,394872344.55150044,0,0,0,0,0,0,1,0,0,0,0,0,0,0,0,0,0,0,0,0,0,0,0,0,0,0,0,0,1,0,0,0,0,0,0,0,0,1,0,1,0,0,0,1,0,0
0,1.0,0,8.517393171418904,18.6,215.0,43.0,302553079.0483379,394466640.04944074,0,0,0,0,0,0,1,0,0,0,0,0,0,0,0,0,0,0,0,0,0,0,0,0,0,1,0,0,0,0,0,0,0,0,1,0,0,0,0,0,0,1,0,1,0,0
0,0.0,1,0.0,18.6,215.0,43.0,302279916.1090408,334957719.35340524,0,0,0,0,0,0,1,0,0,0,0,0,0,0,0,0,0,0,0,0,0,0,0,0,0,1,0,0,0,0,0,0,0,0,0,0,0,1,0,0,1,0,0,1,0,0
0,0.0,0,10.239995502805316,59.6,381.0,201.0,409794948.27921283,475079359.9647397,1,0,0,0,0,0,0,0,0,0,0,0,0,0,0,0,0,0,0,0,0,0,0,0,0,0,0,0,0,0,0,0,1,0,1,0,0,0,0,0,0,0,1,1,0,0
0,4.0,1,10.518700218288165,82.0,420.0,349.0,495370511.4382081,542039471.3143023,0,0,0,0,0,0,1,0,0,0,0,0,0,0,0,0,0,0,0,0,0,0,0,0,0,0,0,0,0,1,0,0,0,0,0,0,0,1,0,0,1,0,0,1,0,0
1,1.0,0,10.596659732783579,37.2,326.4,134.0,474194604.7077213,477407854.72071505,0,0,0,0,0,0,1,0,0,0,0,0,0,0,0,0,0,0,0,0,0,0,0,0,0,0,1,0,0,0,0,0,0,0,1,0,0,0,0,0,0,1,0,1,0,0
0,1.0,0,10.691967639914864,59.6,381.0,201.0,398448892.6823579,439483029.5180489,0,0,0,0,0,0,1,0,0,0,0,0,0,0,0,0,0,0,0,0,0,0,0,0,0,0,0,1,0,0,0,0,0,0,0,0,0,1,0,0,0,1,0,1,0,0
0,0.0,1,0.0,82.0,420.0,349.0,567051179.2507333,587118952.1613952,0,0,0,0,0,0,1,0,0,0,0,0,0,0,0,0,0,0,0,1,0,0,0,0,0,0,0,0,0,0,0,0,0,0,0,0,0,1,0,0,0,1,0,1,0,0
0,3.0,0,0.0,59.6,381.0,201.0,510706207.2117829,403888917.9382944,0,0,0,0,0,0,1,0,0,0,0,0,0,1,0,0,0,0,0,0,0,0,0,0,0,0,0,0,0,0,0,0,0,0,0,0,0,1,0,1,0,0,0,1,0,0
0,0.0,1,6.111467339502679,60.1,450.0,204.0,465177455.2451907,477761617.0490509,0,0,0,0,0,0,1,0,0,0,0,0,0,0,1,0,0,0,0,0,0,0,0,0,0,0,0,0,0,0,0,0,0,0,0,0,0,1,0,0,0,1,0,1,0,0
0,1.0,1,0.0,59.6,381.0,201.0,402650278.043469,442046586.6875404,0,0,0,0,0,0,1,0,0,0,0,0,0,0,0,0,0,0,0,0,0,0,0,0,0,0,0,1,0,0,0,0,0,0,0,0,0,1,0,0,0,1,0,0,0,1
0,4.0,1,9.392745258631441,82.0,420.0,349.0,399666674.3287208,540588082.4254135,0,0,0,0,0,0,1,0,0,0,0,0,0,0,0,0,0,0,0,0,0,0,0,0,0,0,0,0,0,1,0,0,0,0,0,0,0,1,0,0,1,0,0,1,0,0
0,1.0,0,8.699681400989514,60.1,450.0,204.0,368739305.5434712,455907080.2962982,0,0,0,0,0,0,1,0,0,0,0,0,0,0,1,0,0,0,0,0,0,0,0,0,0,0,0,0,0,0,0,0,0,0,0,0,1,0,0,0,0,1,0,0,0,1
0,1.0,0,10.545367754151743,18.6,215.0,43.0,302966815.3758139,395068963.1680454,0,0,0,0,0,0,1,0,0,0,0,0,0,0,0,0,0,0,0,0,0,0,0,0,0,1,0,0,0,0,0,0,0,0,0,0,0,1,0,0,0,1,0,0,0,1
0,0.0,1,0.0,82.0,420.0,349.0,484666533.0259533,582261809.3042524,0,0,0,0,0,0,1,0,0,0,0,0,0,0,0,0,0,0,0,1,0,0,0,0,0,0,0,0,0,0,0,0,0,0,0,0,0,1,0,0,0,1,0,1,0,0
0,1.0,0,0.0,82.0,420.0,349.0,482826061.402927,661633611.3949488,0,0,0,0,0,0,1,0,0,0,0,0,0,0,0,0,0,0,0,0,0,0,0,0,0,0,0,0,0,1,0,0,0,0,0,0,0,1,0,1,0,0,0,1,0,0
0,2.0,0,10.085850775128717,82.0,420.0,349.0,474461140.93754673,556844153.198189,0,0,0,0,0,0,1,0,0,0,0,0,0,0,0,0,0,0,0,0,0,0,0,0,0,0,0,0,0,1,0,0,0,0,0,0,1,0,0,0,0,1,0,0,0,1
0,1.0,1,0.0,92.0,480.0,402.0,654480589.075803,667638399.6090559,0,0,0,0,0,0,1,0,0,0,0,0,0,0,0,0,0,0,0,0,0,0,0,0,0,0,0,0,0,0,1,0,0,0,1,0,0,0,0,0,0,0,1,1,0,0
0,3.0,1,0.0,59.6,381.0,201.0,484666533.0259533,484666533.0259533,0,0,0,0,1,0,0,0,0,0,0,0,0,0,0,0,0,0,0,1,0,0,0,0,0,0,0,0,0,0,0,0,0,0,0,0,0,1,0,0,1,0,0,1,0,0
0,1.0,1,0.0,18.6,215.0,43.0,302535507.1633539,394441058.6540919,0,0,0,0,0,0,1,0,0,0,0,0,0,0,0,0,0,0,0,0,0,0,0,0,0,1,0,0,0,0,0,0,0,0,1,0,0,0,0,0,0,0,1,1,0,0
0,2.0,0,8.699681400989514,18.6,215.0,43.0,301645730.8055264,399441727.28878057,0,0,0,0,0,0,1,0,0,0,0,0,0,0,0,0,0,0,0,0,0,0,0,0,0,1,0,0,0,0,0,0,0,0,0,0,0,1,0,0,1,0,0,1,0,0
0,2.0,0,10.308985993422082,82.0,420.0,349.0,477843490.30029184,560514362.0811677,0,0,0,0,0,0,1,0,0,0,0,0,0,0,0,0,0,0,0,0,0,0,0,0,0,0,0,0,0,1,0,0,0,0,0,0,0,1,0,0,0,1,0,0,0,1
0,1.0,1,0.0,75.3,450.0,201.0,484666533.0259533,566666807.658034,0,0,0,0,0,0,1,0,0,0,0,0,0,0,0,0,0,0,0,0,0,0,0,0,0,0,0,0,1,0,0,0,0,0,0,0,0,1,0,0,0,1,0,0,0,1
0,0.0,1,0.0,75.3,450.0,201.0,483612749.0026216,581125746.7271518,0,0,0,0,0,0,1,0,0,0,0,0,0,0,0,0,0,0,0,0,0,0,0,0,0,0,0,0,1,0,0,0,0,0,0,0,1,0,0,0,0,1,0,1,0,0
0,0.0,1,0.0,37.2,326.4,134.0,427420251.01128405,355203078.0652103,0,0,0,0,0,0,1,0,0,0,0,0,0,0,0,0,0,0,0,0,0,0,0,0,0,0,1,0,0,0,0,0,0,0,0,0,0,1,0,0,0,1,0,1,0,0
0,3.0,1,9.680406499268875,92.0,480.0,402.0,646294542.5641751,457695501.4622338,0,0,0,0,0,0,1,0,0,0,0,0,0,0,0,0,0,0,0,0,0,0,0,0,0,0,0,0,0,0,1,0,0,0,0,0,0,1,0,0,1,0,0,1,0,0
0,1.0,1,9.392745258631441,37.2,326.4,134.0,343332508.08269197,478727071.4568714,0,0,0,0,0,0,1,0,0,0,0,0,0,0,0,0,0,0,0,0,0,0,0,0,0,0,1,0,0,0,0,0,0,0,0,0,0,1,0,0,0,1,0,0,0,1
0,2.0,0,11.002116507732017,37.2,326.4,134.0,474209789.08950007,393678126.86607397,0,0,0,0,0,0,1,0,0,0,0,0,0,0,0,0,0,0,0,0,0,0,0,0,0,0,1,0,0,0,0,0,0,0,0,0,1,0,0,0,0,1,0,0,0,1
0,1.0,1,0.0,82.0,420.0,349.0,497681031.6961028,667988740.8248554,0,0,0,0,0,0,1,0,0,0,0,0,0,0,0,0,0,0,0,0,0,0,0,0,0,0,0,0,0,1,0,0,0,0,0,0,0,1,0,0,0,1,0,0,0,1
0,4.0,0,12.100717685412471,82.0,420.0,349.0,477843491.4767624,545088079.0226357,0,0,0,0,0,0,1,0,0,0,0,0,0,0,0,0,0,0,0,0,0,0,0,0,0,0,0,0,0,1,0,0,0,0,0,0,0,1,0,0,0,1,0,0,0,1
0,3.0,0,10.645448706505872,82.0,420.0,349.0,739574633.9279727,546862189.0237128,0,0,0,0,0,0,1,0,0,0,0,0,0,0,0,0,0,0,0,0,0,0,0,0,0,0,0,0,0,1,0,0,0,0,0,0,0,1,0,1,0,0,0,1,0,0
0,1.0,1,0.0,37.2,326.4,134.0,338475367.1112634,474850851.46338606,0,0,0,0,0,0,1,0,0,0,0,0,0,0,0,0,0,0,0,0,0,0,0,0,0,0,1,0,0,0,0,0,0,0,0,0,0,1,0,1,0,0,0,1,0,0
0,2.0,1,0.0,18.6,215.0,43.0,643148885.2669543,400224015.1116588,0,0,0,0,0,0,1,0,0,0,0,0,0,0,0,0,0,0,0,0,0,0,0,0,0,1,0,0,0,0,0,0,0,0,0,0,0,1,0,0,1,0,0,1,0,0
0,0.0,1,0.0,60.1,450.0,204.0,372291933.75399756,482180531.6436455,0,0,0,0,0,0,1,0,0,0,0,0,0,0,1,0,0,0,0,0,0,0,0,0,0,0,0,0,0,0,0,0,0,0,0,0,0,1,0,0,0,1,0,0,0,1
0,2.0,1,9.105090961257085,92.0,480.0,402.0,569906294.1113161,478369750.0031269,0,0,0,0,0,0,1,0,0,0,0,0,0,0,0,0,0,0,0,0,0,0,0,0,0,0,0,0,0,0,1,0,0,0,0,0,0,1,0,0,1,0,0,1,0,0
0,0.0,1,0.0,82.0,420.0,349.0,477769964.4669585,623900305.5483994,0,0,0,0,0,0,1,0,0,0,0,0,0,0,0,0,0,0,0,0,0,0,0,0,0,0,0,0,0,1,0,0,0,0,0,0,1,0,0,0,0,1,0,1,0,0
0,1.0,1,0.0,60.1,450.0,204.0,368901726.59610283,456118450.1593119,0,0,0,0,0,0,1,0,0,0,0,0,0,0,1,0,0,0,0,0,0,0,0,0,0,0,0,0,0,0,0,0,0,0,0,1,0,0,0,0,0,1,0,1,0,0
0,2.0,0,8.006700845440367,18.6,215.0,43.0,300970011.95568615,397880841.6799245,0,0,0,0,0,0,1,0,0,0,0,0,0,0,0,0,0,0,0,0,0,0,0,0,0,1,0,0,0,0,0,0,0,0,0,0,0,1,0,1,0,0,0,1,0,0
0,2.0,0,10.308985993422082,18.6,215.0,43.0,302966816.732044,402493387.030478,0,0,0,0,0,0,1,0,0,0,0,0,0,0,0,0,0,0,0,0,0,0,0,0,0,1,0,0,0,0,0,0,0,0,0,0,0,1,0,0,0,1,0,0,0,1
0,1.0,1,0.0,18.6,215.0,43.0,302966815.9508938,395068964.0052547,0,0,0,0,0,0,1,0,0,0,0,0,0,0,0,0,0,0,0,0,0,0,0,0,0,1,0,0,0,0,0,0,0,0,0,1,0,0,0,0,0,1,0,0,0,1
0,1.0,0,6.3818160174060985,18.6,215.0,43.0,302538702.0515328,394445709.8168826,0,0,0,0,0,0,1,0,0,0,0,0,0,0,0,0,0,0,0,0,0,0,0,0,0,1,0,0,0,0,0,0,0,0,0,0,1,0,0,0,0,1,0,1,0,0
0,0.0,1,0.0,60.1,450.0,204.0,368923516.069787,477856211.6436455,0,0,0,0,0,0,1,0,0,0,0,0,0,0,1,0,0,0,0,0,0,0,0,0,0,0,0,0,0,0,0,0,0,0,0,0,0,1,0,0,1,0,0,1,0,0
0,4.0,0,11.002116507732017,82.0,420.0,349.0,484666533.0259533,540838082.4254135,0,0,0,0,0,0,1,0,0,0,0,0,0,0,0,0,0,0,0,0,0,0,0,0,0,0,0,0,0,1,0,0,0,0,0,0,1,0,0,0,0,1,0,0,0,1
0,1.0,0,8.294299608857235,18.6,215.0,43.0,302966816.6617564,395068965.0401384,0,0,0,0,0,0,1,0,0,0,0,0,0,0,0,0,0,0,0,0,0,0,0,0,0,1,0,0,0,0,0,0,0,0,0,0,0,1,0,0,0,1,0,0,0,1
1,1.0,1,9.741027444837728,92.0,480.0,402.0,573285412.4080194,669775147.728714,0,0,0,0,0,0,1,0,0,0,0,0,0,0,0,0,0,0,0,0,0,0,0,0,0,0,0,0,0,0,1,0,0,0,0,0,0,1,0,0,0,1,0,0,0,1
0,4.0,0,10.463131911491967,42.0,318.6,147.0,608827913.8793397,414041335.7220173,0,0,0,0,0,0,1,0,0,0,0,0,0,0,0,0,0,0,0,0,0,0,0,0,1,0,0,0,0,0,0,0,0,0,0,0,0,1,0,1,0,0,0,1,0,0
0,0.0,1,0.0,60.1,450.0,204.0,466057455.2451907,478058914.3463482,0,0,0,0,0,0,1,0,0,0,0,0,0,0,1,0,0,0,0,0,0,0,0,0,0,0,0,0,0,0,0,0,0,0,0,0,0,1,0,0,0,1,0,1,0,0
0,2.0,1,0.0,92.0,480.0,402.0,644364310.0060357,477526376.50915104,0,0,0,0,0,0,1,0,0,0,0,0,0,0,0,0,0,0,0,0,0,0,0,0,0,0,0,0,0,0,1,0,0,0,0,1,0,0,0,0,1,0,0,1,0,0
0,1.0,0,8.94910546953925,82.0,420.0,349.0,742838437.6089542,661932676.8155097,0,0,0,0,0,0,1,0,0,0,0,0,0,0,0,0,0,0,0,0,0,0,0,0,0,0,0,0,0,1,0,0,0,0,0,0,0,1,0,0,1,0,0,1,0,0
0,1.0,1,0.0,18.6,215.0,43.0,290188861.7959417,376466640.04944074,0,0,0,0,0,0,1,0,0,0,0,0,0,0,0,0,0,0,0,0,0,0,0,0,0,1,0,0,0,0,0,0,0,0,0,0,0,1,0,1,0,0,0,0,1,0
0,1.0,1,9.546812608597396,82.0,420.0,349.0,497681036.2487344,667988748.9089676,0,0,0,0,0,0,1,0,0,0,0,0,0,0,0,0,0,0,0,0,0,0,0,0,0,0,0,0,0,1,0,0,0,0,0,0,0,1,0,0,0,1,0,0,0,1
1,1.0,1,8.517393171418904,18.6,215.0,43.0,302966816.6361974,395068965.0029291,0,0,0,0,0,0,1,0,0,0,0,0,0,0,0,0,0,0,0,0,0,0,0,0,0,1,0,0,0,0,0,0,0,0,0,0,0,1,0,0,0,1,0,0,0,1
0,1.0,0,7.601402334583733,18.6,215.0,43.0,642124730.6775823,393145709.8168826,0,0,0,0,0,0,1,0,0,0,0,0,0,0,0,0,0,0,0,0,0,0,0,0,0,1,0,0,0,0,0,0,0,0,0,0,0,1,0,1,0,0,0,1,0,0
0,1.0,1,0.0,37.2,326.4,134.0,474409355.2500207,477730330.29074764,0,0,0,0,0,0,1,0,0,0,0,0,0,0,0,0,0,0,0,0,0,0,0,0,0,0,1,0,0,0,0,0,0,0,0,1,0,0,0,0,1,0,0,1,0,0
0,3.0,0,9.680406499268875,82.0,420.0,349.0,742918192.2101812,547916347.6310629,0,0,0,0,0,0,1,0,0,0,0,0,0,0,0,0,0,0,0,0,0,0,0,0,0,0,0,0,0,1,0,0,0,0,0,0,0,1,0,0,1,0,0,1,0,0
0,3.0,0,10.778977123006351,82.0,420.0,349.0,494102090.3855765,547829307.0121074,0,0,0,0,0,0,1,0,0,0,0,0,0,0,0,0,0,0,0,0,0,0,0,0,0,0,0,0,0,1,0,0,0,0,0,0,0,1,0,0,0,1,0,1,0,0
0,3.0,0,10.491301994830229,92.0,480.0,402.0,568230469.935492,455603396.1990759,0,0,0,0,0,0,1,0,0,0,0,0,0,0,0,0,0,0,0,0,0,0,0,0,0,0,0,0,0,0,1,0,0,0,0,0,0,1,0,1,0,0,0,1,0,0
0,3.0,0,11.951186847493476,37.2,326.4,134.0,474407186.0526237,438969819.70466924,0,0,0,0,0,0,1,0,0,0,0,0,0,0,0,0,0,0,0,0,0,0,0,0,0,0,1,0,0,0,0,0,0,0,0,0,1,0,0,0,0,1,0,1,0,0
0,3.0,1,0.0,82.0,420.0,349.0,748052096.3535901,548256773.1629778,0,0,0,0,0,0,1,0,0,0,0,0,0,0,0,0,0,0,0,0,0,0,0,0,0,0,0,0,0,1,0,0,0,0,1,0,0,0,0,0,0,0,1,0,1,0
0,2.0,0,9.90353755128617,82.0,420.0,349.0,493365248.2803134,556152663.8364869,0,0,0,0,0,0,1,0,0,0,0,0,0,0,0,0,0,0,0,0,0,0,0,0,0,0,0,0,0,1,0,0,0,0,0,0,1,0,0,0,0,1,0,1,0,0
0,1.0,1,8.94910546953925,82.0,420.0,349.0,742040891.5966843,660717723.5444816,0,0,0,0,0,0,1,0,0,0,0,0,0,0,0,0,0,0,0,0,0,0,0,0,0,0,0,0,0,1,0,0,0,0,0,0,0,1,0,0,1,0,0,1,0,0
0,1.0,1,0.0,75.3,450.0,201.0,537925889.3477519,562525708.062942,0,0,0,0,0,0,1,0,0,0,0,0,0,0,0,0,0,0,0,0,0,0,0,0,0,0,0,0,1,0,0,0,0,0,0,0,0,1,0,0,0,1,0,0,1,0
0,1.0,0,4.61512051684126,18.6,215.0,43.0,302554676.49242735,394468965.63083607,0,0,0,0,0,0,1,0,0,0,0,0,0,0,0,0,0,0,0,0,0,0,0,0,0,1,0,0,0,0,0,0,0,0,0,0,1,0,0,0,0,1,0,0,0,1
0,1.0,1,0.0,59.6,381.0,201.0,542185302.1628258,435796588.84008276,0,0,0,0,0,0,1,0,0,0,0,0,0,0,0,0,0,0,0,0,0,0,0,0,0,0,0,1,0,0,0,0,0,0,0,0,0,1,0,1,0,0,0,1,0,0
0,0.0,1,0.0,18.6,215.0,43.0,302509948.05792254,335762188.6271483,0,0,0,0,0,0,1,0,0,0,0,0,0,0,0,0,0,0,0,0,0,0,0,0,0,1,0,0,0,0,0,0,0,0,0,0,1,0,0,0,0,1,0,1,0,0
1,1.0,0,0.0,18.6,215.0,43.0,302966815.9652708,395068964.0261849,0,0,0,0,0,0,1,0,0,0,0,0,0,0,0,0,0,0,0,0,0,0,0,0,0,1,0,0,0,0,0,0,0,0,0,0,0,1,0,0,0,1,0,0,0,1
0,2.0,0,9.852246888342531,37.2,326.4,134.0,343332507.2949369,395357448.9968757,0,0,0,0,0,0,1,0,0,0,0,0,0,0,0,0,0,0,0,0,0,0,0,0,0,0,1,0,0,0,0,0,0,0,0,0,0,1,0,0,0,1,0,0,0,1
0,1.0,0,0.6931471805599453,60.1,450.0,204.0,368665621.33294487,455811189.8853393,0,0,0,0,0,0,1,0,0,0,0,0,0,0,1,0,0,0,0,0,0,0,0,0,0,0,0,0,0,0,0,0,0,0,0,0,1,0,0,0,0,1,0,0,0,1
0,0.0,1,0.0,59.6,381.0,201.0,484666533.0259533,484666533.0259533,0,0,0,0,0,0,1,0,0,0,0,0,0,0,0,0,0,0,0,1,0,0,0,0,0,0,0,0,0,0,0,0,0,0,0,0,0,1,0,0,0,1,0,0,0,1
0,2.0,0,10.085850775128717,37.2,326.4,134.0,473229311.8660727,391770953.8702934,0,0,0,0,0,0,1,0,0,0,0,0,0,0,0,0,0,0,0,0,0,0,0,0,0,0,1,0,0,0,0,0,0,0,0,0,0,1,0,1,0,0,0,1,0,0
0,1.0,0,6.90875477931522,18.6,215.0,43.0,644979803.1413504,394520128.42153376,0,0,0,0,0,0,1,0,0,0,0,0,0,0,0,0,0,0,0,0,0,0,0,0,0,1,0,0,0,0,0,0,0,0,1,0,0,0,0,0,0,0,1,1,0,0
0,2.0,1,0.0,59.6,381.0,201.0,487419126.9432212,450298652.2173826,0,0,0,0,0,0,1,0,0,0,0,0,0,0,0,0,0,0,0,0,0,0,0,0,0,0,0,1,0,0,0,0,0,0,0,0,0,1,0,0,1,0,0,1,0,0
0,2.0,0,0.0,18.6,215.0,43.0,302966815.9253347,402493385.16700935,0,0,0,0,0,0,1,0,0,0,0,0,0,0,0,0,0,0,0,0,0,0,0,0,0,1,0,0,0,0,0,0,0,0,0,0,0,1,0,0,0,1,0,0,0,1
0,0.0,0,10.463131911491967,59.6,381.0,201.0,548836245.5590522,493874963.138258,0,0,0,0,0,0,1,0,0,0,0,0,0,0,0,0,0,0,0,0,0,0,0,0,0,0,0,1,0,0,0,0,0,0,0,0,0,1,0,1,0,0,0,1,0,0
0,2.0,0,11.462852478335789,37.2,326.4,134.0,341822305.88677365,393796270.3259896,0,0,0,0,0,0,1,0,0,0,0,0,0,0,0,0,0,0,0,0,0,0,0,0,0,0,1,0,0,0,0,0,0,0,0,0,1,0,0,0,0,1,0,0,0,1
0,1.0,1,0.0,59.6,381.0,201.0,402650276.9462467,442046586.0180489,0,0,0,0,0,0,1,0,0,0,0,0,0,0,0,0,0,0,0,0,0,0,0,0,0,0,0,1,0,0,0,0,0,0,0,0,0,1,0,0,0,1,0,0,0,1
0,0.0,1,0.0,82.0,420.0,349.0,484666533.0259533,622085179.4979793,0,0,0,0,0,0,1,0,0,0,0,0,0,0,0,0,0,0,0,0,0,0,0,0,0,0,0,0,0,1,0,0,0,0,1,0,0,0,0,0,0,0,1,1,0,0
0,0.0,1,8.987321812850125,18.6,215.0,43.0,301866178.08987147,333510791.97910357,0,0,0,0,0,0,1,0,0,0,0,0,0,0,0,0,0,0,0,0,0,0,0,0,0,1,0,0,0,0,0,0,0,0,0,0,0,1,0,0,1,0,0,1,0,0
0,1.0,0,9.61587214452889,37.2,326.4,134.0,341699856.9071818,477424141.3656662,0,0,0,0,0,0,1,0,0,0,0,0,0,0,0,0,0,0,0,0,0,0,0,0,0,0,1,0,0,0,0,0,0,0,0,0,0,1,0,0,0,1,0,1,0,0
0,2.0,1,0.0,18.6,215.0,43.0,302570650.9333219,401578258.6540942,0,0,0,0,0,0,1,0,0,0,0,0,0,0,0,0,0,0,0,0,0,0,0,0,0,1,0,0,0,0,0,0,0,0,0,1,0,0,0,0,1,0,0,1,0,0
0,4.0,0,10.799595985047786,82.0,420.0,349.0,741997946.8114082,539636693.5365245,0,0,0,0,0,0,1,0,0,0,0,0,0,0,0,0,0,0,0,0,0,0,0,0,0,0,0,0,0,1,0,0,0,0,0,0,0,1,0,1,0,0,0,1,0,0
0,1.0,0,10.87806606028079,59.6,381.0,201.0,487088548.4308245,439144046.4672014,0,0,0,0,0,0,1,0,0,0,0,0,0,0,0,0,0,0,0,0,0,0,0,0,0,0,0,1,0,0,0,0,0,0,0,0,0,1,0,1,0,0,0,1,0,0
0,2.0,1,0.0,18.6,215.0,43.0,302966816.59785867,402493386.7205149,0,0,0,0,0,0,1,0,0,0,0,0,0,0,0,0,0,0,0,0,0,0,0,0,0,1,0,0,0,0,0,0,0,0,0,0,0,1,0,0,0,1,0,0,0,1
0,0.0,1,0.0,59.6,381.0,201.0,398330837.1268023,494794217.7966431,0,0,0,0,0,0,1,0,0,0,0,0,0,0,0,0,0,0,0,0,0,0,0,0,0,0,0,1,0,0,0,0,0,0,0,0,1,0,0,0,0,1,0,1,0,0
0,2.0,0,10.87806606028079,75.3,450.0,201.0,627377694.7407442,400146317.1542402,0,0,0,0,0,0,1,0,0,0,0,0,0,0,0,0,0,0,0,0,0,0,0,0,0,0,0,0,1,0,0,0,0,0,0,0,0,1,0,0,0,1,0,0,0,1
0,1.0,1,0.0,37.2,326.4,134.0,475073127.74893606,478727070.10182256,0,0,0,0,0,0,1,0,0,0,0,0,0,0,0,0,0,0,0,0,0,0,0,0,0,0,1,0,0,0,0,0,0,0,0,0,0,1,0,0,0,1,0,0,0,1
1,2.0,0,6.156978985585555,82.0,420.0,349.0,493286300.9118923,556072876.6024443,0,0,0,0,0,0,1,0,0,0,0,0,0,0,0,0,0,0,0,0,0,0,0,0,0,0,0,0,0,1,0,0,0,0,0,0,0,1,0,1,0,0,0,1,0,0
0,2.0,0,10.596659732783579,75.3,450.0,201.0,508878666.3872303,408707949.346021,0,0,0,0,0,0,1,0,0,0,0,0,0,0,0,0,0,0,0,0,0,0,0,0,0,0,0,0,1,0,0,0,0,0,0,0,0,1,0,0,0,1,0,0,0,1
0,2.0,0,8.987321812850125,75.3,450.0,201.0,627065194.7407442,399803851.40081555,0,0,0,0,0,0,1,0,0,0,0,0,0,0,0,0,0,0,0,0,0,0,0,0,0,0,0,0,1,0,0,0,0,0,0,0,0,1,0,0,0,1,0,0,1,0
0,4.0,0,11.849404844423074,59.6,381.0,201.0,481882071.3312895,484666533.0259533,0,0,0,0,0,0,1,0,0,0,0,0,0,0,0,0,0,0,0,0,0,1,0,0,0,0,0,0,0,0,0,0,0,0,1,0,0,0,0,0,1,0,0,1,0,0
1,2.0,1,9.90353755128617,37.2,326.4,134.0,473554691.4756172,392403865.2626985,0,0,0,0,0,0,1,0,0,0,0,0,0,0,0,0,0,0,0,0,0,0,0,0,0,0,1,0,0,0,0,0,0,0,0,1,0,0,0,0,1,0,0,1,0,0
0,3.0,0,10.275085591132715,37.2,326.4,134.0,474270526.616615,438151637.8864874,0,0,0,0,0,0,1,0,0,0,0,0,0,0,0,0,0,0,0,0,0,0,0,0,0,0,1,0,0,0,0,0,0,0,0,0,1,0,0,0,0,1,0,0,0,1
0,0.0,1,0.0,60.1,450.0,204.0,372291933.101366,482180530.8058077,0,0,0,0,0,0,1,0,0,0,0,0,0,0,1,0,0,0,0,0,0,0,0,0,0,0,0,0,0,0,0,0,0,0,0,0,0,1,0,0,0,1,0,0,0,1
0,3.0,1,0.0,82.0,420.0,349.0,744022486.6887088,548264510.106885,0,0,0,0,0,0,1,0,0,0,0,0,0,0,0,0,0,0,0,0,0,0,0,0,0,0,0,0,0,1,0,0,0,0,0,0,0,1,0,0,1,0,0,1,0,0
0,0.0,0,9.90353755128617,59.6,381.0,201.0,550911717.2571654,495241422.7655872,0,0,0,0,0,0,1,0,0,0,0,0,0,0,0,0,0,0,0,0,0,0,0,0,0,0,0,1,0,0,0,0,0,0,0,0,1,0,0,0,0,1,0,1,0,0
0,1.0,1,0.0,82.0,420.0,349.0,471818984.0748016,656502770.2734535,0,0,0,0,0,0,1,0,0,0,0,0,0,0,0,0,0,0,0,0,0,0,0,0,0,0,0,0,0,1,0,0,0,0,0,0,0,1,0,0,0,1,0,1,0,0
0,0.0,1,0.0,59.6,381.0,201.0,402650279.7656912,498657570.2190033,0,0,0,0,0,0,1,0,0,0,0,0,0,0,0,0,0,0,0,0,0,0,0,0,0,0,0,1,0,0,0,0,0,0,0,0,0,1,0,0,0,1,0,0,0,1
0,0.0,1,0.0,59.6,381.0,201.0,402650277.4531912,498657568.15068036,0,0,0,0,0,0,1,0,0,0,0,0,0,0,0,0,0,0,0,0,0,0,0,0,0,0,0,1,0,0,0,0,0,0,0,0,0,1,0,0,0,1,0,0,0,1
0,0.0,1,0.0,37.2,326.4,134.0,341367652.8255491,354977599.34180605,0,0,0,0,0,0,1,0,0,0,0,0,0,0,0,0,0,0,0,0,0,0,0,0,0,0,1,0,0,0,0,0,0,0,0,0,1,0,0,0,0,1,0,1,0,0
1,3.0,1,9.18840146445743,92.0,480.0,402.0,606876250.8005222,458879711.9885496,0,0,0,0,0,0,1,0,0,0,0,0,0,0,0,0,0,0,0,0,0,0,0,0,0,0,0,0,0,0,1,0,0,0,0,0,0,1,0,0,1,0,0,1,0,0
0,0.0,1,0.0,14.7,170.0,27.0,351459542.91159785,347842521.5869051,0,0,0,0,0,0,1,0,0,0,0,0,0,0,0,0,0,0,1,0,0,0,0,0,0,0,0,0,0,0,0,0,0,0,0,0,1,0,0,0,0,1,0,1,0,0
0,2.0,0,9.392745258631441,82.0,420.0,349.0,725598971.3535901,542785642.5598911,0,0,0,0,0,0,1,0,0,0,0,0,0,0,0,0,0,0,0,0,0,0,0,0,0,0,0,0,0,1,0,0,0,0,0,0,0,1,0,1,0,0,0,0,1,0
0,2.0,1,0.0,59.6,381.0,201.0,626929873.3820807,447978390.7794741,0,0,0,0,0,0,1,0,0,0,0,0,0,0,0,0,0,0,0,0,0,0,0,0,0,0,0,1,0,0,0,0,0,0,0,0,0,1,0,1,0,0,0,1,0,0
0,3.0,1,10.463131911491967,82.0,420.0,349.0,743016351.7193837,547947295.4066916,0,0,0,0,0,0,1,0,0,0,0,0,0,0,0,0,0,0,0,0,0,0,0,0,0,0,0,0,0,1,0,0,0,0,0,0,0,1,0,0,1,0,0,1,0,0
0,4.0,0,10.968215530759236,82.0,420.0,349.0,484666533.0259533,539636693.5365245,0,0,0,0,0,0,1,0,0,0,0,0,0,0,0,0,0,0,0,0,0,0,0,0,0,0,0,0,0,1,0,0,0,0,0,0,0,1,0,0,0,1,0,1,0,0
0,2.0,1,11.472113887062386,37.2,326.4,134.0,475073128.505986,395357449.52852124,0,0,0,0,0,0,1,0,0,0,0,0,0,0,0,0,0,0,0,0,0,0,0,0,0,0,1,0,0,0,0,0,0,0,0,0,0,1,0,0,0,1,0,0,0,1
0,0.0,1,0.0,59.6,381.0,201.0,481882071.3312895,370936491.7266444,0,0,0,0,0,0,1,0,0,0,0,0,0,0,0,0,0,0,0,0,0,1,0,0,0,0,0,0,0,0,0,0,0,0,0,0,0,1,0,1,0,0,0,1,0,0
0,0.0,1,0.0,59.6,381.0,201.0,490294539.42703134,520937875.3287208,0,0,0,0,0,0,1,0,0,0,0,0,0,0,0,0,0,0,0,1,0,0,0,0,0,0,0,0,0,0,0,0,0,0,0,0,1,0,0,0,0,1,0,1,0,0
0,3.0,0,10.239995502805316,82.0,420.0,349.0,497681033.85926074,549144586.0449893,0,0,0,0,0,0,1,0,0,0,0,0,0,0,0,0,0,0,0,0,0,0,0,0,0,0,0,0,0,1,0,0,0,0,0,0,0,1,0,0,0,1,0,0,0,1
0,3.0,1,8.497194544909547,82.0,420.0,349.0,744040891.5966842,548270312.8148153,0,0,0,0,0,0,1,0,0,0,0,0,0,0,0,0,0,0,0,0,0,0,0,0,0,0,0,0,0,1,0,0,0,0,0,0,0,1,0,0,1,0,0,1,0,0
0,2.0,0,12.04355959836804,37.2,326.4,134.0,366711162.8839689,395357450.47366893,0,0,0,0,0,0,1,0,0,0,0,0,0,0,0,0,0,0,0,0,0,0,0,0,0,0,1,0,0,0,0,0,0,0,0,0,0,1,0,0,0,1,0,0,0,1
0,0.0,1,0.0,82.0,420.0,349.0,481870647.39018816,617051566.052601,0,0,0,0,0,0,1,0,0,0,0,0,0,0,0,0,0,0,0,0,0,0,0,0,0,0,0,0,0,1,0,0,0,0,0,0,0,1,0,0,0,1,0,1,0,0
0,5.0,1,9.952325334619427,59.6,381.0,201.0,549314740.5699741,750177688.6839689,0,0,0,0,0,1,0,0,0,0,0,0,0,0,0,0,0,0,0,0,1,0,0,0,0,0,0,0,0,0,0,0,0,0,1,0,0,0,0,0,0,0,1,0,1,0
0,1.0,0,0.0,18.6,215.0,43.0,302966816.00680435,395068964.0866501,0,0,0,0,0,0,1,0,0,0,0,0,0,0,0,0,0,0,0,0,0,0,0,0,0,1,0,0,0,0,0,0,0,0,0,1,0,0,0,0,0,1,0,0,0,1
0,0.0,1,0.0,18.6,215.0,43.0,302966815.87741137,337359949.82826555,0,0,0,0,0,0,1,0,0,0,0,0,0,0,0,0,0,0,0,0,0,0,0,0,0,1,0,0,0,0,0,0,0,0,0,1,0,0,0,0,0,1,0,0,0,1
0,1.0,0,10.518700218288165,18.6,215.0,43.0,301886944.86303437,393496872.6075803,0,0,0,0,0,0,1,0,0,0,0,0,0,0,0,0,0,0,0,0,0,0,0,0,0,1,0,0,0,0,0,0,0,0,0,0,0,1,0,1,0,0,0,1,0,0
0,1.0,1,0.0,92.0,480.0,402.0,568333266.5129766,662698228.6688849,0,0,0,0,0,0,1,0,0,0,0,0,0,0,0,0,0,0,0,0,0,0,0,0,0,0,0,0,0,0,1,0,0,0,0,0,0,1,0,0,1,0,0,1,0,0
0,2.0,1,0.0,92.0,480.0,402.0,610577994.2215749,485779373.49710286,0,0,0,0,0,0,1,0,0,0,0,0,0,0,0,0,0,0,0,0,0,0,0,0,0,0,0,0,0,0,1,0,0,0,0,0,0,1,0,0,0,1,0,0,0,1
0,1.0,0,9.798182590890704,60.1,450.0,204.0,501969575.47813934,455804340.5702708,0,0,0,0,0,0,1,0,0,0,0,0,0,0,1,0,0,0,0,0,0,0,0,0,0,0,0,0,0,0,0,0,0,0,0,1,0,0,0,0,0,1,0,1,0,0
0,3.0,0,10.824268189683135,82.0,420.0,349.0,480851539.1099334,547229693.8593028,0,0,0,0,0,0,1,0,0,0,0,0,0,0,0,0,0,0,0,0,0,0,0,0,0,0,0,0,0,1,0,0,0,0,0,0,0,1,0,1,0,0,0,1,0,0
0,1.0,1,0.0,92.0,480.0,402.0,575833266.5129766,663980279.9509362,0,0,0,0,0,0,1,0,0,0,0,0,0,0,0,0,0,0,0,0,0,0,0,0,0,0,0,0,0,0,1,0,0,0,0,0,0,1,0,0,1,0,0,1,0,0
0,1.0,0,0.0,18.6,215.0,43.0,302966816.7512133,395068965.170371,0,0,0,0,0,0,1,0,0,0,0,0,0,0,0,0,0,0,0,0,0,0,0,0,0,1,0,0,0,0,0,0,0,0,0,0,0,1,0,0,0,1,0,0,0,1
0,4.0,0,11.127277689932466,82.0,420.0,349.0,494281037.75399756,540601971.3143023,0,0,0,0,0,0,1,0,0,0,0,0,0,0,0,0,0,0,0,0,0,0,0,0,0,0,0,0,0,1,0,0,0,0,0,0,1,0,0,0,0,1,0,0,0,1
0,1.0,1,0.0,18.6,215.0,43.0,644888015.7017369,394475942.3750221,0,0,0,0,0,0,1,0,0,0,0,0,0,0,0,0,0,0,0,0,0,0,0,0,0,1,0,0,0,0,0,0,0,0,1,0,0,0,0,0,0,0,1,1,0,0
0,3.0,1,10.645448706505872,82.0,420.0,349.0,452064082.1140173,538972440.4743898,0,0,0,0,0,0,1,0,0,0,0,0,0,0,0,0,0,0,0,0,0,0,0,0,0,0,0,0,0,1,0,0,0,0,0,0,0,1,0,1,0,0,0,0,1,0
0,0.0,1,0.0,37.2,326.4,134.0,343332508.11534506,357538182.03329533,0,0,0,0,0,0,1,0,0,0,0,0,0,0,0,0,0,0,0,0,0,0,0,0,0,0,1,0,0,0,0,0,0,0,0,0,0,1,0,0,0,1,0,0,0,1
0,1.0,0,11.06665398721974,92.0,480.0,402.0,647713147.215338,665151220.1218764,0,0,0,0,0,0,1,0,0,0,0,0,0,0,0,0,0,0,0,0,0,0,0,0,0,0,0,0,0,0,1,0,0,0,0,0,0,1,0,1,0,0,0,1,0,0
0,0.0,1,0.0,18.6,215.0,43.0,646119898.4070508,337359952.42603093,0,0,0,0,0,0,1,0,0,0,0,0,0,0,0,0,0,0,0,0,0,0,0,0,0,1,0,0,0,0,0,0,0,0,0,0,0,1,0,0,0,1,0,0,0,1
1,1.0,0,10.819798284210286,59.6,381.0,201.0,487047226.1167749,439101673.5858455,0,0,0,0,0,0,1,0,0,0,0,0,0,0,0,0,0,0,0,0,0,0,0,0,0,0,0,1,0,0,0,0,0,0,0,0,0,1,0,0,1,0,0,1,0,0
0,0.0,1,0.0,82.0,420.0,349.0,478246443.5685321,612270053.4475591,0,0,0,0,0,0,1,0,0,0,0,0,0,0,0,0,0,0,0,0,0,0,0,0,0,0,0,0,0,1,0,0,0,0,0,0,0,1,0,1,0,0,0,1,0,0
0,0.0,1,0.0,18.6,215.0,43.0,644694778.9867611,335711909.2975393,0,0,0,0,0,0,1,0,0,0,0,0,0,0,0,0,0,0,0,0,0,0,0,0,0,1,0,0,0,0,0,0,0,0,0,0,1,0,0,0,0,1,0,1,0,0
0,4.0,0,10.668978650219241,59.6,381.0,201.0,484666533.0259533,484666533.0259533,0,0,0,0,1,0,0,0,0,0,0,0,0,0,0,0,0,0,0,1,0,0,0,0,0,0,0,0,0,0,0,0,0,0,0,0,0,1,0,0,0,1,0,0,0,1
0,3.0,0,11.002116507732017,82.0,420.0,349.0,493733669.3329449,547693910.4937321,0,0,0,0,0,0,1,0,0,0,0,0,0,0,0,0,0,0,0,0,0,0,0,0,0,0,0,0,0,1,0,0,0,0,0,0,0,1,0,0,0,1,0,1,0,0
0,5.0,0,10.46296047312364,59.6,381.0,201.0,424333314.2328238,556844355.3506355,0,0,0,0,0,1,0,0,0,0,0,0,0,0,0,0,0,0,0,0,1,0,0,0,0,0,0,0,0,0,0,0,0,0,0,0,0,0,1,0,0,1,0,0,0,1
0,3.0,0,10.203629181337648,18.6,215.0,43.0,302966816.29274684,549634530.3309526,0,0,0,0,0,0,1,0,0,0,0,0,0,0,0,0,0,0,0,0,0,0,0,0,0,1,0,0,0,0,0,0,0,0,0,0,0,1,0,0,0,1,0,0,0,1
0,1.0,0,10.62135173563291,37.2,326.4,134.0,474162066.74676687,477358994.7858616,0,0,0,0,0,0,1,0,0,0,0,0,0,0,0,0,0,0,0,0,0,0,0,0,0,0,1,0,0,0,0,0,0,0,0,0,0,0,1,0,0,1,0,0,1,0
1,2.0,0,9.61587214452889,18.6,215.0,43.0,301784708.44130915,399762760.49911267,0,0,0,0,0,0,1,0,0,0,0,0,0,0,0,0,0,0,0,0,0,0,0,0,0,1,0,0,0,0,0,0,0,0,0,0,0,1,0,1,0,0,0,1,0,0
1,0.0,1,0.0,75.3,450.0,201.0,490552136.1238337,587428492.828069,0,0,0,0,0,0,1,0,0,0,0,0,0,0,0,0,0,0,0,0,0,0,0,0,0,0,0,0,1,0,0,0,0,0,0,0,0,1,0,0,0,1,0,0,0,1
0,0.0,1,0.0,60.1,450.0,204.0,484666533.0259533,477829184.6166185,0,0,0,0,0,0,1,0,0,0,0,0,0,0,1,0,0,0,0,0,0,0,0,0,0,0,0,0,0,0,0,0,0,0,0,1,0,0,0,0,0,1,0,1,0,0
0,1.0,0,9.90353755128617,18.6,215.0,43.0,301960427.2911494,393603849.35176635,0,0,0,0,0,0,1,0,0,0,0,0,0,0,0,0,0,0,0,0,0,0,0,0,0,1,0,0,0,0,0,0,0,0,0,0,0,1,0,0,1,0,0,1,0,0
0,1.0,1,0.0,59.6,381.0,201.0,486658796.36470884,438703368.5010997,0,0,0,0,0,0,1,0,0,0,0,0,0,0,0,0,0,0,0,0,0,0,0,0,0,0,0,1,0,0,0,0,0,0,0,0,0,1,0,0,1,0,0,1,0,0
0,1.0,0,0.0,37.2,326.4,134.0,475073128.1784371,478727070.74677366,0,0,0,0,0,0,1,0,0,0,0,0,0,0,0,0,0,0,0,0,0,0,0,0,0,0,1,0,0,0,0,0,0,0,0,0,0,1,0,0,0,1,0,0,0,1
0,2.0,0,9.210440366976517,18.6,215.0,43.0,302966815.3901909,402493383.930847,0,0,0,0,0,0,1,0,0,0,0,0,0,0,0,0,0,0,0,0,0,0,0,0,0,1,0,0,0,0,0,0,0,0,0,0,0,1,0,0,0,1,0,0,0,1
0,0.0,1,0.0,59.6,381.0,201.0,416311036.48396885,440472110.7716277,0,0,0,0,0,0,1,0,0,0,0,0,0,0,0,0,0,0,0,1,0,0,0,0,0,0,0,0,0,0,0,0,0,0,0,0,1,0,0,0,0,1,0,1,0,0
0,3.0,0,10.239995502805316,92.0,480.0,402.0,573285408.0398875,461656019.45565486,0,0,0,0,0,0,1,0,0,0,0,0,0,0,0,0,0,0,0,0,0,0,0,0,0,0,0,0,0,0,1,0,0,0,0,0,0,1,0,0,0,1,0,0,0,1
0,0.0,1,0.0,37.2,326.4,134.0,417550685.79389274,353995631.25669956,0,0,0,0,0,0,1,0,0,0,0,0,0,0,0,0,0,0,0,0,0,0,0,0,0,0,1,0,0,0,0,0,0,0,0,1,0,0,0,0,0,1,0,1,0,0
0,1.0,1,0.0,82.0,420.0,349.0,473451337.0159781,659614919.8061639,0,0,0,0,0,0,1,0,0,0,0,0,0,0,0,0,0,0,0,0,0,0,0,0,0,0,0,0,0,1,0,0,0,0,0,0,0,1,0,0,0,1,0,1,0,0
0,1.0,1,0.0,18.6,215.0,43.0,642718933.576133,393431756.3285105,0,0,0,0,0,0,1,0,0,0,0,0,0,0,0,0,0,0,0,0,0,0,0,0,0,1,0,0,0,0,0,0,0,0,0,1,0,0,0,0,1,0,0,1,0,0
1,1.0,0,10.12667110305036,59.6,381.0,201.0,487315821.15809727,439377097.31465906,0,0,0,0,0,0,1,0,0,0,0,0,0,0,0,0,0,0,0,0,0,0,0,0,0,0,0,1,0,0,0,0,0,0,0,0,0,1,0,0,0,1,0,0,1,0
0,2.0,0,11.289794413577894,59.6,381.0,201.0,487613341.8192543,450605841.75986624,0,0,0,0,0,0,1,0,0,0,0,0,0,0,0,0,0,0,0,0,0,0,0,0,0,0,0,1,0,0,0,0,0,0,0,0,1,0,0,0,0,1,0,0,0,1
0,0.0,1,0.0,60.1,450.0,204.0,478257442.3651907,482180531.6166185,0,0,0,0,0,0,1,0,0,0,0,0,0,0,1,0,0,0,0,0,0,0,0,0,0,0,0,0,0,0,0,0,0,0,0,1,0,0,0,0,0,1,0,0,0,1
0,0.0,1,0.0,60.1,450.0,204.0,508990355.3506355,477653508.9409428,0,0,0,0,0,0,1,0,0,0,0,0,0,0,1,0,0,0,0,0,0,0,0,0,0,0,0,0,0,0,0,0,0,0,0,1,0,0,0,0,0,1,0,1,0,0
0,1.0,0,8.853808274977197,75.3,450.0,201.0,627440194.7407442,562863131.3758254,0,0,0,0,0,0,1,0,0,0,0,0,0,0,0,0,0,0,0,0,0,0,0,0,0,0,0,0,1,0,0,0,0,0,0,0,0,1,0,1,0,0,0,1,0,0
0,3.0,0,9.20833836930551,59.6,381.0,201.0,457222148.6882944,502392104.95644313,0,0,0,0,0,1,0,0,0,0,0,0,0,0,0,0,0,0,0,0,1,0,0,0,0,0,0,0,0,0,0,0,0,0,0,0,1,0,0,0,0,1,0,0,0,1
0,0.0,1,0.0,75.3,450.0,201.0,490552140.2248438,587428496.5528398,0,0,0,0,0,0,1,0,0,0,0,0,0,0,0,0,0,0,0,0,0,0,0,0,0,0,0,0,1,0,0,0,0,0,1,0,0,0,0,0,0,1,0,0,0,1
0,1.0,1,0.0,18.6,215.0,43.0,301545091.82789063,392999198.18897563,0,0,0,0,0,0,1,0,0,0,0,0,0,0,0,0,0,0,0,0,0,0,0,0,0,1,0,0,0,0,0,0,0,0,0,0,0,1,0,0,1,0,0,1,0,0
0,3.0,0,9.741027444837728,59.6,381.0,201.0,440605954.11450297,484666533.0259533,0,0,0,0,0,0,0,0,1,0,0,0,0,0,0,0,0,0,0,1,0,0,0,0,0,0,0,0,0,0,0,0,0,0,0,0,0,1,0,1,0,0,0,1,0,0
0,0.0,1,0.0,59.6,381.0,201.0,373025528.32997876,536968095.0185381,0,0,0,0,0,0,1,0,0,0,0,0,0,0,0,1,0,0,0,0,0,0,0,0,0,0,0,0,0,0,0,0,0,0,0,0,1,0,0,0,0,1,0,1,0,0
1,1.0,1,10.596659732783579,37.2,326.4,134.0,475073128.0135781,478727070.4992167,0,0,0,0,0,0,1,0,0,0,0,0,0,0,0,0,0,0,0,0,0,0,0,0,0,0,1,0,0,0,0,0,0,0,0,1,0,0,0,0,0,1,0,0,0,1
0,4.0,1,10.859018228147887,82.0,420.0,349.0,745298560.3083407,543372804.6476357,0,0,0,0,0,0,1,0,0,0,0,0,0,0,0,0,0,0,0,0,0,0,0,0,0,0,0,0,0,1,0,0,0,0,0,1,0,0,0,0,1,0,0,1,0,0
1,2.0,1,10.069001991013701,37.2,326.4,134.0,475073128.759782,395357450.0221921,0,0,0,0,0,0,1,0,0,0,0,0,0,0,0,0,0,0,0,0,0,0,0,0,0,0,1,0,0,0,0,0,0,0,0,0,0,1,0,0,0,1,0,0,0,1
1,2.0,0,7.118826249062078,18.6,215.0,43.0,302569053.4892325,401574568.6171939,0,0,0,0,0,0,1,0,0,0,0,0,0,0,0,0,0,0,0,0,0,0,0,0,0,1,0,0,0,0,0,0,0,0,0,0,1,0,0,0,0,1,0,1,0,0
0,0.0,1,0.0,59.6,381.0,201.0,400657226.0156912,496874963.138258,0,0,0,0,0,0,1,0,0,0,0,0,0,0,0,0,0,0,0,0,0,0,0,0,0,0,0,1,0,0,0,0,0,0,1,0,0,0,0,0,0,0,1,1,0,0
0,1.0,0,9.798182590890704,75.3,450.0,201.0,538759222.6810851,562617732.6028192,0,0,0,0,0,0,1,0,0,0,0,0,0,0,0,0,0,0,0,0,0,0,0,0,0,0,0,0,1,0,0,0,0,0,0,0,0,1,0,0,0,1,0,0,0,1
1,2.0,1,8.294299608857235,59.6,381.0,201.0,418235782.5389575,484666533.0259533,0,0,0,0,0,0,1,0,0,0,0,0,0,0,0,0,0,0,0,0,0,0,0,0,0,0,0,0,0,0,0,1,0,0,1,0,0,0,0,0,0,0,1,1,0,0
0,4.0,0,12.062208048765859,42.0,318.6,147.0,325735383.19533604,417187403.1377476,0,0,0,0,0,0,1,0,0,0,0,0,0,0,0,0,0,0,0,0,0,0,0,0,1,0,0,0,0,0,0,0,0,0,1,0,0,0,0,0,0,1,0,1,0,0
1,2.0,1,9.61587214452889,37.2,326.4,134.0,340891693.6418757,392834245.0095339,0,0,0,0,0,0,1,0,0,0,0,0,0,0,0,0,0,0,0,0,0,0,0,0,0,0,1,0,0,0,0,0,0,0,0,0,0,1,0,0,1,0,0,1,0,0
0,3.0,0,8.699681400989514,92.0,480.0,402.0,604832391.1513995,457346817.2517075,0,0,0,0,0,0,1,0,0,0,0,0,0,0,0,0,0,0,0,0,0,0,0,0,0,0,0,0,0,0,1,0,0,0,0,0,0,1,0,0,1,0,0,1,0,0
0,1.0,0,11.23850177707664,59.6,381.0,201.0,548128698.3892409,438466080.36550653,0,0,0,0,0,0,1,0,0,0,0,0,0,0,0,0,0,0,0,0,0,0,0,0,0,0,0,1,0,0,0,0,0,0,0,0,0,1,0,1,0,0,0,1,0,0
0,1.0,0,3.4339872044851463,18.6,215.0,43.0,302620171.70009506,394564314.4680454,0,0,0,0,0,0,1,0,0,0,0,0,0,0,0,0,0,0,0,0,0,0,0,0,0,1,0,0,0,0,0,0,0,0,0,0,1,0,0,0,0,1,0,1,0,0
0,0.0,1,0.0,59.6,381.0,201.0,513423371.8945974,527778055.8985012,0,0,0,0,0,0,1,0,0,0,0,0,0,0,0,0,1,0,0,0,0,0,0,0,0,0,0,0,0,0,0,0,0,0,0,1,0,0,0,0,0,1,0,1,0,0
0,4.0,0,10.239995502805316,18.6,215.0,43.0,302966816.3087213,480746126.58378726,0,0,0,0,0,0,1,0,0,0,0,0,0,0,0,0,0,0,0,0,0,0,0,0,0,1,0,0,0,0,0,0,0,0,0,0,0,1,0,0,0,1,0,0,0,1
0,1.0,1,0.0,18.6,215.0,43.0,302546689.27198005,394457337.72385937,0,0,0,0,0,0,1,0,0,0,0,0,0,0,0,0,0,0,0,0,0,0,0,0,0,1,0,0,0,0,0,0,0,0,1,0,0,0,0,0,0,0,1,1,0,0
0,1.0,0,9.61587214452889,59.6,381.0,201.0,347058725.8103813,429479217.4537208,0,0,0,0,0,0,1,0,0,1,0,0,0,0,0,0,0,0,0,0,0,0,0,0,0,0,0,0,0,0,0,0,0,0,0,0,0,1,0,0,1,0,0,1,0,0
0,1.0,0,9.392745258631441,92.0,480.0,402.0,440606056.29632115,669775140.8056371,0,0,0,0,0,0,1,0,0,0,0,0,0,0,0,0,0,0,0,0,0,0,0,0,0,0,0,0,0,0,1,0,0,0,0,0,0,1,0,0,0,1,0,0,0,1
0,0.0,1,0.0,75.3,450.0,201.0,658892430.008372,584969783.4243994,0,0,0,0,0,0,1,0,0,0,0,0,0,0,0,0,0,0,0,0,0,0,0,0,0,0,0,0,1,0,0,0,0,0,1,0,0,0,0,0,0,0,1,1,0,0
0,1.0,0,9.595670797663967,18.6,215.0,43.0,302567456.045143,394487570.2819989,0,0,0,0,0,0,1,0,0,0,0,0,0,0,0,0,0,0,0,0,0,0,0,0,0,1,0,0,0,0,0,0,0,1,0,0,0,0,0,0,0,1,0,1,0,0
0,3.0,0,10.308985993422082,92.0,480.0,402.0,582692040.2742065,440741554.09381276,0,0,0,0,0,0,1,0,0,0,0,0,0,0,0,0,0,0,0,0,0,0,0,0,0,0,0,0,0,0,1,0,0,0,0,0,0,0,1,1,0,0,0,0,1,0
0,3.0,0,8.517393171418904,18.6,215.0,43.0,302176082.24322605,533666804.0406301,0,0,0,0,0,0,1,0,0,0,0,0,0,0,0,0,0,0,0,0,0,0,0,0,0,1,0,0,0,0,0,0,0,0,1,0,0,0,0,0,1,0,0,1,0,0
0,3.0,0,10.085850775128717,82.0,420.0,349.0,749770846.3535901,548682305.0778714,0,0,0,0,0,0,1,0,0,0,0,0,0,0,0,0,0,0,0,0,0,0,0,0,0,0,0,0,0,1,0,0,0,0,1,0,0,0,0,0,0,0,1,1,0,0
0,0.0,1,0.0,59.6,381.0,201.0,489919123.8481799,498657567.18173623,0,0,0,0,0,0,1,0,0,0,0,0,0,0,0,0,0,0,0,0,0,0,0,0,0,0,0,1,0,0,0,0,0,0,0,0,0,1,0,0,0,1,0,0,0,1
1,1.0,1,0.0,60.1,450.0,204.0,680462344.0364442,455235847.4195859,0,0,0,0,0,0,1,0,0,0,0,0,0,0,1,0,0,0,0,0,0,0,0,0,0,0,0,0,0,0,0,0,0,0,0,0,0,1,0,0,1,0,0,1,0,0
1,4.0,1,11.156264806643742,59.6,381.0,201.0,397339230.8148195,389097380.5679069,0,0,0,0,0,0,1,0,0,0,0,0,0,0,0,0,0,0,0,0,0,0,0,0,0,0,0,0,0,0,0,1,0,0,0,0,0,1,0,1,0,0,0,1,0,0
0,2.0,0,9.90353755128617,37.2,326.4,134.0,343332508.8745287,395357450.6297871,0,0,0,0,0,0,1,0,0,0,0,0,0,0,0,0,0,0,0,0,0,0,0,0,0,0,1,0,0,0,0,0,0,0,0,0,0,1,0,0,0,1,0,0,0,1
1,1.0,0,10.491301994830229,37.2,326.4,134.0,473608921.41054124,476528375.89335346,0,0,0,0,0,0,1,0,0,0,0,0,0,0,0,0,0,0,0,0,0,0,0,0,0,0,1,0,0,0,0,0,0,0,0,0,0,1,0,0,1,0,0,1,0,0
0,0.0,1,0.0,59.6,381.0,201.0,511692602.6638282,526111389.23183453,0,0,0,0,0,0,1,0,0,0,0,0,0,0,0,0,1,0,0,0,0,0,0,0,0,0,0,0,0,0,0,0,0,0,0,1,0,0,0,0,0,1,0,1,0,0
0,0.0,1,0.0,59.6,381.0,201.0,484666533.0259533,484666533.0259533,0,0,0,0,0,0,0,0,1,0,0,0,0,0,0,0,0,0,0,1,0,0,0,0,0,0,0,0,0,0,0,0,0,0,1,0,0,0,0,0,0,1,0,0,0,1
0,1.0,0,9.90353755128617,18.6,215.0,43.0,302567456.045143,394487570.2819989,0,0,0,0,0,0,1,0,0,0,0,0,0,0,0,0,0,0,0,0,0,0,0,0,0,1,0,0,0,0,0,0,0,0,0,0,1,0,0,0,0,1,0,1,0,0
0,1.0,1,0.0,18.6,215.0,43.0,301008350.6138331,392217802.84013844,0,0,0,0,0,0,1,0,0,0,0,0,0,0,0,0,0,0,0,0,0,0,0,0,0,1,0,0,0,0,0,0,0,0,0,0,0,1,0,1,0,0,0,1,0,0
0,0.0,1,0.0,92.0,480.0,402.0,610577994.4057854,859053815.5955203,0,0,0,0,0,0,1,0,0,0,0,0,0,0,0,0,0,0,0,0,0,0,0,0,0,0,0,0,0,0,1,0,0,0,0,0,0,1,0,0,0,1,0,0,0,1
0,2.0,0,11.51293546492023,37.2,326.4,134.0,473923455.0331009,393121164.84075755,0,0,0,0,0,0,1,0,0,0,0,0,0,0,0,0,0,0,0,0,0,0,0,0,0,0,1,0,0,0,0,0,0,0,0,0,0,1,0,1,0,0,0,1,0,0
0,1.0,1,9.210440366976517,18.6,215.0,43.0,644776904.5906259,394422454.0029291,0,0,0,0,0,0,1,0,0,0,0,0,0,0,0,0,0,0,0,0,0,0,0,0,0,1,0,0,0,0,0,0,0,0,1,0,0,0,0,0,0,0,1,1,0,0
1,2.0,0,8.517393171418904,18.6,215.0,43.0,301912503.9684657,400057963.4511422,0,0,0,0,0,0,1,0,0,0,0,0,0,0,0,0,0,0,0,0,0,0,0,0,0,1,0,0,0,0,0,0,0,0,0,0,0,1,0,0,1,0,0,1,0,0
1,2.0,0,9.392745258631441,18.6,215.0,43.0,645008788.6485968,401644679.3183009,0,0,0,0,0,0,1,0,0,0,0,0,0,0,0,0,0,0,0,0,0,0,0,0,0,1,0,0,0,0,0,0,0,0,1,0,0,0,0,0,0,0,1,1,0,0
0,1.0,0,10.085850775128717,17.0,150.0,41.0,462051179.2507333,395078307.21297663,0,0,0,0,0,0,1,0,0,0,1,0,0,0,0,0,0,0,0,0,0,0,0,0,0,0,0,0,0,0,0,0,0,0,0,0,0,1,0,0,1,0,0,1,0,0
0,3.0,0,10.819798284210286,82.0,420.0,349.0,745065431.4739848,548593330.2229391,0,0,0,0,0,0,1,0,0,0,0,0,0,0,0,0,0,0,0,0,0,0,0,0,0,0,0,0,0,1,0,0,0,0,1,0,0,0,0,0,0,0,1,1,0,0
0,2.0,1,0.0,60.1,450.0,204.0,478257438.2451907,441728588.7873901,0,0,0,0,0,0,1,0,0,0,0,0,0,0,1,0,0,0,0,0,0,0,0,0,0,0,0,0,0,0,0,0,0,0,0,0,0,1,0,0,0,1,0,0,0,1
0,1.0,1,0.0,37.2,326.4,134.0,473608921.41054124,476528375.89335346,0,0,0,0,0,0,1,0,0,0,0,0,0,0,0,0,0,0,0,0,0,0,0,0,0,0,1,0,0,0,0,0,0,0,0,0,0,1,0,0,1,0,0,1,0,0
0,3.0,0,9.90353755128617,92.0,480.0,402.0,610577996.6338556,461656021.3635496,0,0,0,0,0,0,1,0,0,0,0,0,0,0,0,0,0,0,0,0,0,0,0,0,0,0,0,0,0,0,1,0,0,0,0,0,0,1,0,0,0,1,0,0,0,1
0,3.0,1,0.0,59.6,381.0,201.0,1230743486.943041,853805444.1882944,0,0,1,0,0,0,0,0,0,0,0,0,0,0,0,0,0,0,0,1,0,0,0,0,0,0,0,0,0,0,0,0,0,0,0,0,0,1,0,0,0,0,1,0,1,0
0,3.0,0,10.877311072607851,92.0,480.0,402.0,605499057.8180661,457846817.2517075,0,0,0,0,0,0,1,0,0,0,0,0,0,0,0,0,0,0,0,0,0,0,0,0,0,0,0,0,0,0,1,0,0,0,0,0,0,1,0,1,0,0,0,1,0,0
0,3.0,0,10.668978650219241,82.0,420.0,349.0,483303768.4092964,547974374.7103666,0,0,0,0,0,0,1,0,0,0,0,0,0,0,0,0,0,0,0,0,0,0,0,0,0,0,0,0,0,1,0,0,0,0,0,0,1,0,0,0,0,1,0,0,0,1
0,1.0,0,9.680406499268875,75.3,450.0,201.0,490552131.17433876,566666805.2101814,0,0,0,0,0,0,1,0,0,0,0,0,0,0,0,0,0,0,0,0,0,0,0,0,0,0,0,0,1,0,0,0,0,0,0,0,0,1,0,0,0,1,0,0,0,1
0,0.0,1,0.0,82.0,420.0,349.0,473833052.7022526,617151313.9517608,0,0,0,0,0,0,1,0,0,0,0,0,0,0,0,0,0,0,0,0,0,0,0,0,0,0,0,0,0,1,0,0,0,0,0,0,1,0,0,0,0,1,0,1,0,0
0,2.0,0,0.0,18.6,215.0,43.0,302112184.4796478,400519218.06368834,0,0,0,0,0,0,1,0,0,0,0,0,0,0,0,0,0,0,0,0,0,0,0,0,0,1,0,0,0,0,0,0,0,0,0,0,0,1,0,0,1,0,0,1,0,0
0,2.0,0,8.294299608857235,92.0,480.0,402.0,573285408.479448,485779374.2802354,0,0,0,0,0,0,1,0,0,0,0,0,0,0,0,0,0,0,0,0,0,0,0,0,0,0,0,0,0,0,1,0,0,0,0,0,0,1,0,0,0,1,0,0,0,1
0,2.0,0,9.210440366976517,60.1,450.0,204.0,372291933.701366,441728596.1947975,0,0,0,0,0,0,1,0,0,0,0,0,0,0,1,0,0,0,0,0,0,0,0,0,0,0,0,0,0,0,0,0,0,0,0,0,0,1,0,0,0,1,0,0,0,1
0,4.0,0,10.933124826700707,60.1,450.0,204.0,372291934.51715547,492805444.1882944,0,0,0,0,0,0,1,0,0,0,0,0,0,0,1,0,0,0,0,0,0,0,0,0,0,0,0,0,0,0,0,0,0,0,0,0,0,1,0,0,0,1,0,0,0,1
0,2.0,0,11.51293546492023,37.2,326.4,134.0,473576383.4495868,392446059.3555255,0,0,0,0,0,0,1,0,0,0,0,0,0,0,0,0,0,0,0,0,0,0,0,0,0,0,1,0,0,0,0,0,0,0,0,0,0,1,0,1,0,0,0,1,0,0
0,0.0,1,0.0,59.6,381.0,201.0,578513254.721149,578513254.721149,0,0,0,0,0,0,1,0,0,0,0,0,0,0,0,0,0,0,0,1,0,0,0,0,0,0,0,0,0,0,0,0,0,0,0,0,1,0,0,0,0,1,0,1,0,0
0,4.0,1,10.757924157061597,82.0,420.0,349.0,424666674.3287208,543365860.2031913,0,0,0,0,0,0,1,0,0,0,0,0,0,0,0,0,0,0,0,0,0,0,0,0,0,0,0,0,0,1,0,0,0,0,0,1,0,0,0,0,1,0,0,1,0,0
0,4.0,0,11.418625774449598,59.6,381.0,201.0,416046127.36654365,411701547.2345736,0,0,0,0,0,0,1,0,0,0,0,0,0,0,0,0,0,0,0,0,0,0,0,0,0,0,0,0,0,0,0,1,0,0,0,0,0,1,0,0,0,1,0,1,0,0
0,0.0,1,0.0,18.6,215.0,43.0,442972110.8549611,335913026.6159751,0,0,0,0,0,0,1,0,0,0,0,0,0,0,0,0,0,0,0,0,0,0,0,0,0,1,0,0,0,0,0,0,0,0,0,0,0,1,0,0,0,1,0,1,0,0
0,2.0,0,9.99884318585288,92.0,480.0,402.0,484666533.0259533,481743243.97903055,0,0,0,0,0,0,1,0,0,0,0,0,0,0,0,0,0,0,0,0,0,0,0,0,0,0,0,0,0,0,1,0,0,0,1,0,0,0,0,0,1,0,0,1,0,0
0,2.0,1,0.0,82.0,420.0,349.0,572281948.4815025,557269685.1130826,0,0,0,0,0,0,1,0,0,0,0,0,0,0,0,0,0,0,0,0,0,0,0,0,0,0,0,0,0,1,0,0,0,0,0,0,0,1,0,0,1,0,0,1,0,0
0,2.0,1,9.105090961257085,18.6,215.0,43.0,301656912.91415256,399467557.54708314,0,0,0,0,0,0,1,0,0,0,0,0,0,0,0,0,0,0,0,0,0,0,0,0,0,1,0,0,0,0,0,0,0,0,0,0,0,1,0,0,1,0,0,1,0,0
1,1.0,0,5.017279836814924,37.2,326.4,134.0,340071285.47861034,476124467.0985652,0,0,0,0,0,0,1,0,0,0,0,0,0,0,0,0,0,0,0,0,0,0,0,0,0,0,1,0,0,0,0,0,0,0,0,0,0,1,0,1,0,0,0,1,0,0
0,1.0,0,4.394449154672439,18.6,215.0,43.0,302279916.1090408,394068965.63083607,0,0,0,0,0,0,1,0,0,0,0,0,0,0,0,0,0,0,0,0,0,0,0,0,0,1,0,0,0,0,0,0,0,0,0,0,0,1,0,0,1,0,0,1,0,0
0,1.0,0,11.127277689932466,37.2,326.4,134.0,473804149.1762679,476821535.502474,0,0,0,0,0,0,1,0,0,0,0,0,0,0,0,0,0,0,0,0,0,0,0,0,0,0,1,0,0,0,0,0,0,0,0,0,0,1,0,1,0,0,0,1,0,0
0,2.0,1,9.210440366976517,37.2,326.4,134.0,474541676.2912354,394323696.4863272,0,0,0,0,0,0,1,0,0,0,0,0,0,0,0,0,0,0,0,0,0,0,0,0,0,0,1,0,0,0,0,0,0,0,0,1,0,0,0,0,1,0,0,1,0,0
0,1.0,1,9.392745258631441,18.6,215.0,43.0,302966816.2224593,395068964.40060353,0,0,0,0,0,0,1,0,0,0,0,0,0,0,0,0,0,0,0,0,0,0,0,0,0,1,0,0,0,0,0,0,0,0,0,0,0,1,0,0,0,1,0,0,0,1
0,2.0,0,10.434145214930487,82.0,420.0,349.0,483150652.62127525,556525004.2620188,0,0,0,0,0,0,1,0,0,0,0,0,0,0,0,0,0,0,0,0,0,0,0,0,0,0,0,0,0,1,0,0,0,0,0,0,0,1,0,0,0,1,0,1,0,0
0,1.0,0,9.90353755128617,37.2,326.4,134.0,402222262.91712064,477277561.5611059,0,0,0,0,0,0,1,0,0,0,0,0,0,0,0,0,0,0,0,0,0,0,0,0,0,0,1,0,0,0,0,0,0,0,0,0,0,1,0,0,0,1,0,1,0,0
0,1.0,1,0.0,75.3,450.0,201.0,483259213.64908624,562237364.5046598,0,0,0,0,0,0,1,0,0,0,0,0,0,0,0,0,0,0,0,0,0,0,0,0,0,0,0,0,1,0,0,0,0,0,0,0,0,1,0,0,0,1,0,1,0,0
0,1.0,1,9.472781556562168,37.2,326.4,134.0,401793691.4885492,477248245.60019386,0,0,0,0,0,0,1,0,0,0,0,0,0,0,0,0,0,0,0,0,0,0,0,0,0,0,1,0,0,0,0,0,0,0,0,0,0,1,0,0,1,0,0,1,0,0
0,0.0,1,0.0,59.6,381.0,201.0,402650278.105969,498657568.7345313,0,0,0,0,0,0,1,0,0,0,0,0,0,0,0,0,0,0,0,0,0,0,0,0,0,0,0,1,0,0,0,0,0,0,1,0,0,0,0,0,0,1,0,0,0,1
0,1.0,1,0.0,37.2,326.0,136.0,390342329.3309527,585309541.6878405,0,0,0,0,0,0,1,0,0,0,0,0,1,0,0,0,0,0,0,0,0,0,0,0,0,0,0,0,0,0,0,0,0,0,0,0,0,1,0,0,0,1,0,0,0,1
0,1.0,0,10.466896138710247,37.2,326.4,134.0,475073127.3758341,478727069.54156196,0,0,0,0,0,0,1,0,0,0,0,0,0,0,0,0,0,0,0,0,0,0,0,0,0,0,1,0,0,0,0,0,0,0,0,0,0,1,0,0,0,1,0,0,0,1
0,1.0,1,0.0,37.2,326.4,134.0,336801897.7235083,473515346.5773926,0,0,0,0,0,0,1,0,0,0,0,0,0,0,0,0,0,0,0,0,0,0,0,0,0,0,1,0,0,0,0,0,0,0,0,0,0,0,1,0,0,0,1,0,1,0
0,3.0,1,0.0,82.0,420.0,349.0,507344172.9438559,549144585.7935387,0,0,0,0,0,0,1,0,0,0,0,0,0,0,0,0,0,0,0,0,0,0,0,0,0,0,0,0,0,1,0,0,0,0,0,0,0,1,0,0,0,1,0,0,0,1
1,2.0,0,9.741027444837728,37.2,326.4,134.0,343332508.46228385,395357450.20362675,0,0,0,0,0,0,1,0,0,0,0,0,0,0,0,0,0,0,0,0,0,0,0,0,0,0,1,0,0,0,0,0,0,0,0,0,0,1,0,0,0,1,0,0,0,1
0,2.0,0,9.798182590890704,37.2,326.4,134.0,468372478.89427227,382323696.4863272,0,0,0,0,0,0,1,0,0,0,0,0,0,0,0,0,0,0,0,0,0,0,0,0,0,0,1,0,0,0,0,0,0,0,0,0,0,0,1,1,0,0,0,0,1,0
0,1.0,1,0.0,92.0,480.0,402.0,565318382.023404,657381989.3526456,0,0,0,0,0,0,1,0,0,0,0,0,0,0,0,0,0,0,0,0,0,0,0,0,0,0,0,0,0,0,1,0,0,0,0,0,0,1,0,0,0,1,0,1,0,0
1,2.0,1,0.0,37.2,326.4,134.0,473209789.08950007,391732979.1867491,0,0,0,0,0,0,1,0,0,0,0,0,0,0,0,0,0,0,0,0,0,0,0,0,0,0,1,0,0,0,0,0,0,0,0,0,0,1,0,0,1,0,0,0,1,0
0,2.0,0,9.90353755128617,18.6,215.0,43.0,302623366.588274,401700029.8718064,0,0,0,0,0,0,1,0,0,0,0,0,0,0,0,0,0,0,0,0,0,0,0,0,0,1,0,0,0,0,0,0,0,0,0,0,1,0,0,0,0,1,0,0,0,1
0,0.0,1,0.0,92.0,480.0,402.0,551983266.5129766,843856463.3455203,0,0,0,0,0,0,1,0,0,0,0,0,0,0,0,0,0,0,0,0,0,0,0,0,0,0,0,0,0,0,1,0,0,0,0,0,0,1,0,1,0,0,0,1,0,0
0,1.0,0,10.463131911491967,37.2,326.4,134.0,475073128.4604328,478727071.17022645,0,0,0,0,0,0,1,0,0,0,0,0,0,0,0,0,0,0,0,0,0,0,0,0,0,0,1,0,0,0,0,0,0,0,0,0,0,1,0,0,0,1,0,0,0,1
1,1.0,0,9.90353755128617,37.2,326.4,134.0,474164235.9441638,477362252.11485183,0,0,0,0,0,0,1,0,0,0,0,0,0,0,0,0,0,0,0,0,0,0,0,0,0,0,1,0,0,0,0,0,0,0,0,0,1,0,0,0,0,1,0,1,0,0
1,3.0,1,0.0,92.0,480.0,402.0,604007829.7478907,456728396.1990759,0,0,0,0,0,0,1,0,0,0,0,0,0,0,0,0,0,0,0,0,0,0,0,0,0,0,0,0,0,0,1,0,0,0,0,0,0,1,0,0,1,0,0,1,0,0
0,2.0,0,6.90875477931522,92.0,480.0,402.0,573285411.7541732,485779381.4609583,0,0,0,0,0,0,1,0,0,0,0,0,0,0,0,0,0,0,0,0,0,0,0,0,0,0,0,0,0,0,1,0,0,0,0,0,0,1,0,0,0,1,0,0,0,1
0,3.0,0,12.154784614286667,82.0,420.0,349.0,493075774.59610283,547452130.9966335,0,0,0,0,0,0,1,0,0,0,0,0,0,0,0,0,0,0,0,0,0,0,0,0,0,0,0,0,0,1,0,0,0,0,0,0,0,1,0,1,0,0,0,1,0,0
0,3.0,0,10.736418414365376,92.0,480.0,402.0,567735964.4409865,455011290.93591803,0,0,0,0,0,0,1,0,0,0,0,0,0,0,0,0,0,0,0,0,0,0,0,0,0,0,0,0,0,0,1,0,0,0,0,0,0,1,0,0,0,1,0,1,0,0
0,4.0,0,11.156264806643742,42.0,318.6,147.0,330803870.18163747,421344701.4523544,0,0,0,0,0,0,1,0,0,0,0,0,0,0,0,0,0,0,0,0,0,0,0,0,1,0,0,0,0,0,0,0,0,0,0,0,0,1,0,0,0,1,0,0,0,1
0,4.0,0,10.239995502805316,42.0,318.6,147.0,484666533.0259533,484666533.0259533,0,0,0,0,1,0,0,0,0,0,0,0,0,0,0,0,0,0,0,1,0,0,0,0,0,0,0,0,0,0,0,0,0,0,0,0,0,1,0,0,0,1,0,0,0,1
0,1.0,1,0.0,18.6,215.0,43.0,642931493.9626064,393534081.90990585,0,0,0,0,0,0,1,0,0,0,0,0,0,0,0,0,0,0,0,0,0,0,0,0,0,1,0,0,0,0,0,0,0,0,0,0,0,1,0,0,1,0,0,1,0,0
0,3.0,0,10.464331157823805,82.0,420.0,349.0,746880221.3535901,547966637.7664595,0,0,0,0,0,0,1,0,0,0,0,0,0,0,0,0,0,0,0,0,0,0,0,0,0,0,0,0,0,1,0,0,0,0,0,0,0,1,0,1,0,0,0,1,0,0
0,1.0,1,0.0,82.0,420.0,349.0,491722110.8549611,665885947.8435471,0,0,0,0,0,0,1,0,0,0,0,0,0,0,0,0,0,0,0,0,0,0,0,0,0,0,0,0,0,1,0,0,0,0,1,0,0,0,0,0,0,0,1,1,0,0
0,1.0,0,0.0,37.2,326.4,134.0,339777407.92758995,475889939.4112688,0,0,0,0,0,0,1,0,0,0,0,0,0,0,0,0,0,0,0,0,0,0,0,0,0,0,1,0,0,0,0,0,0,0,0,0,0,1,0,1,0,0,0,1,0,0
1,2.0,0,9.90353755128617,75.3,450.0,201.0,503341523.56721795,399666865.09944564,0,0,0,0,0,0,1,0,0,0,0,0,0,0,0,0,0,0,0,0,0,0,0,0,0,0,0,0,1,0,0,0,0,0,0,0,0,1,0,0,1,0,0,1,0,0
1,1.0,0,8.412054873292933,18.6,215.0,43.0,302966816.3806063,395068964.63083607,0,0,0,0,0,0,1,0,0,0,0,0,0,0,0,0,0,0,0,0,0,0,0,0,0,1,0,0,0,0,0,0,0,0,0,0,0,1,0,0,0,1,0,0,0,1
0,3.0,1,0.0,42.0,318.6,147.0,616182752.5890172,368883534.4129766,0,0,0,0,0,0,1,0,0,0,0,0,0,0,0,0,0,0,0,0,0,0,0,0,1,0,0,0,0,0,0,0,0,0,0,0,0,1,0,0,1,0,0,1,0,0
0,1.0,0,11.156264806643742,92.0,480.0,402.0,668145363.4169111,664390536.3611926,0,0,0,0,0,0,1,0,0,0,0,0,0,0,0,0,0,0,0,0,0,0,0,0,0,0,0,0,0,0,1,0,0,0,0,0,0,1,0,1,0,0,0,1,0,0
0,0.0,1,0.0,82.0,420.0,349.0,484666533.0259533,617496944.2038615,0,0,0,0,0,0,1,0,0,0,0,0,0,0,0,0,0,0,0,0,0,0,0,0,0,0,0,0,0,1,0,0,0,0,0,0,1,0,0,0,0,1,0,1,0,0
0,3.0,0,9.210440366976517,37.2,326.4,134.0,341948836.4990185,438554235.28908485,0,0,0,0,0,0,1,0,0,0,0,0,0,0,0,0,0,0,0,0,0,0,0,0,0,0,1,0,0,0,0,0,0,0,0,0,1,0,0,0,0,1,0,1,0,0
0,3.0,0,10.918392092130752,75.3,450.0,201.0,483491536.88140947,464666754.0162208,0,0,0,0,0,0,1,0,0,0,0,0,0,0,0,0,0,0,0,0,0,0,0,0,0,0,0,0,1,0,0,0,0,0,0,0,0,1,0,1,0,0,0,1,0,0
0,3.0,0,0.0,82.0,420.0,349.0,726645846.3535901,542956966.5865755,0,0,0,0,0,0,1,0,0,0,0,0,0,0,0,0,0,0,0,0,0,0,0,0,0,0,0,0,0,1,0,0,0,0,0,0,0,0,1,1,0,0,0,0,1,0
0,4.0,0,10.799595985047786,42.0,318.6,147.0,325749081.82547307,417198639.0928038,0,0,0,0,0,0,1,0,0,0,0,0,0,0,0,0,0,0,0,0,0,0,0,0,1,0,0,0,0,0,0,0,0,0,0,0,1,0,0,0,0,1,0,1,0,0
0,0.0,1,0.0,60.1,450.0,204.0,370949831.85926074,480457562.99499685,0,0,0,0,0,0,1,0,0,0,0,0,0,0,1,0,0,0,0,0,0,0,0,0,0,0,0,0,0,0,0,0,0,0,1,0,0,0,0,0,0,0,1,1,0,0
0,0.0,1,0.0,18.6,215.0,43.0,302564261.15696406,335952132.76122636,0,0,0,0,0,0,1,0,0,0,0,0,0,0,0,0,0,0,0,0,0,0,0,0,0,1,0,0,0,0,0,0,0,0,0,0,1,0,0,0,0,1,0,1,0,0
0,3.0,1,10.691967639914864,82.0,420.0,349.0,534354083.1412208,547869925.96762,0,0,0,0,0,0,1,0,0,0,0,0,0,0,0,0,0,0,0,0,0,0,0,0,0,0,0,0,0,1,0,0,0,0,0,0,0,1,0,0,1,0,0,1,0,0
0,2.0,1,0.0,82.0,420.0,349.0,487157266.1290416,560514361.4003167,0,0,0,0,0,0,1,0,0,0,0,0,0,0,0,0,0,0,0,0,0,0,0,0,0,0,0,0,0,1,0,0,0,0,0,0,0,1,0,0,0,1,0,0,0,1
0,1.0,1,0.0,18.6,215.0,43.0,484666533.0259533,394366640.04944074,0,0,0,0,0,0,1,0,0,0,0,0,0,0,0,0,0,0,0,0,0,0,0,0,0,1,0,0,0,0,0,0,0,0,0,0,1,0,0,0,0,1,0,1,0,0
0,3.0,0,10.571342565808699,82.0,420.0,349.0,743102241.2899358,547974374.7103666,0,0,0,0,0,0,1,0,0,0,0,0,0,0,0,0,0,0,0,0,0,0,0,0,0,0,0,0,0,1,0,0,0,0,0,0,0,1,0,1,0,0,0,1,0,0
1,1.0,1,8.853808274977197,92.0,480.0,402.0,654364310.0060357,667595664.5663208,0,0,0,0,0,0,1,0,0,0,0,0,0,0,0,0,0,0,0,0,0,0,0,0,0,0,0,0,0,0,1,0,0,0,1,0,0,0,0,0,0,0,1,1,0,0
0,2.0,0,10.668769330855273,37.2,326.4,134.0,474185927.91813344,393631713.3639643,0,0,0,0,0,0,1,0,0,0,0,0,0,0,0,0,0,0,0,0,0,0,0,0,0,0,1,0,0,0,0,0,0,0,0,0,0,1,0,0,0,1,0,0,0,1
0,3.0,1,8.037543185118697,82.0,420.0,349.0,744224940.6764389,548328339.894119,0,0,0,0,0,0,1,0,0,0,0,0,0,0,0,0,0,0,0,0,0,0,0,0,0,0,0,0,0,1,0,0,0,0,0,0,0,1,0,0,1,0,0,1,0,0
0,0.0,1,0.0,75.3,450.0,201.0,635190185.9532442,587428492.5711884,0,0,0,0,0,0,1,0,0,0,0,0,0,0,0,0,0,0,0,0,0,0,0,0,0,0,0,0,1,0,0,0,0,0,0,0,0,1,0,0,0,1,0,0,0,1
1,1.0,1,10.714439990727769,37.2,326.4,134.0,412412739.1075968,477974629.96501476,0,0,0,0,0,0,1,0,0,0,0,0,0,0,0,0,0,0,0,0,0,0,0,0,0,0,1,0,0,0,0,0,0,0,1,0,0,0,0,0,0,0,1,1,0,0
1,1.0,0,9.90353755128617,18.6,215.0,43.0,427283442.21297663,395068965.04944074,0,0,0,0,0,0,1,0,0,0,0,0,0,0,0,0,0,0,0,0,0,0,0,0,0,1,0,0,0,0,0,0,0,0,0,0,0,1,0,0,0,1,0,0,0,1
0,2.0,0,8.699681400989514,59.6,381.0,201.0,470614083.9083965,428566626.07359177,0,0,0,0,0,0,1,0,0,0,0,0,0,0,0,0,0,0,0,0,0,0,0,0,0,0,0,1,0,0,0,0,0,0,0,0,0,1,0,1,0,0,0,0,1,0
0,2.0,0,0.0,82.0,420.0,349.0,493123143.01715547,555907982.9854231,0,0,0,0,0,0,1,0,0,0,0,0,0,0,0,0,0,0,0,0,0,0,0,0,0,0,0,0,0,1,0,0,0,0,0,0,0,1,0,0,0,1,0,1,0,0
0,1.0,0,8.294299608857235,18.6,215.0,43.0,302966816.6282101,395068964.99130124,0,0,0,0,0,0,1,0,0,0,0,0,0,0,0,0,0,0,0,0,0,0,0,0,0,1,0,0,0,0,0,0,0,0,0,0,0,1,0,0,0,1,0,0,0,1
0,1.0,0,10.545367754151743,92.0,480.0,402.0,571733266.5129766,663279425.2500815,0,0,0,0,0,0,1,0,0,0,0,0,0,0,0,0,0,0,0,0,0,0,0,0,0,0,0,0,0,0,1,0,0,0,0,0,0,1,0,1,0,0,0,1,0,0
0,0.0,1,0.0,59.6,381.0,201.0,753263780.8271675,555202429.2294316,0,0,0,0,0,0,1,0,0,0,0,0,0,0,0,0,0,1,0,0,0,0,0,0,0,0,0,0,0,0,0,0,0,0,0,1,0,0,0,0,0,1,0,1,0,0
1,1.0,1,7.601402334583733,60.1,450.0,204.0,368723516.069787,455886532.3510927,0,0,0,0,0,0,1,0,0,0,0,0,0,0,1,0,0,0,0,0,0,0,0,0,0,0,0,0,0,0,0,0,0,0,0,0,0,1,0,0,1,0,0,1,0,0
0,2.0,1,11.51293546492023,37.2,326.4,134.0,474487446.3563113,394218211.25425965,0,0,0,0,0,0,1,0,0,0,0,0,0,0,0,0,0,0,0,0,0,0,0,0,0,0,1,0,0,0,0,0,0,0,1,0,0,0,0,0,0,0,1,1,0,0
0,1.0,0,10.434145214930487,60.1,450.0,204.0,679946215.004186,455016669.33739406,0,0,0,0,0,0,1,0,0,0,0,0,0,0,1,0,0,0,0,0,0,0,0,0,0,0,0,0,0,0,0,0,0,0,0,0,0,1,0,1,0,0,0,1,0,0
0,2.0,0,8.111928063310739,18.6,215.0,43.0,302589820.2623954,401622539.0968987,0,0,0,0,0,0,1,0,0,0,0,0,0,0,0,0,0,0,0,0,0,0,0,0,0,1,0,0,0,0,0,0,0,0,0,0,1,0,0,0,0,1,0,0,1,0
0,1.0,1,1.791759469228055,18.6,215.0,43.0,632598160.6292732,388559663.3052547,0,0,0,0,0,0,1,0,0,0,0,0,0,0,0,0,0,0,0,0,0,0,0,0,0,1,0,0,0,0,0,0,0,0,0,0,0,1,0,1,0,0,0,0,1,0
0,2.0,1,0.0,82.0,420.0,349.0,626466680.8564883,556897344.6875508,0,0,0,0,0,0,1,0,0,0,0,0,0,0,0,0,0,0,0,0,0,0,0,0,0,0,0,0,0,1,0,0,0,0,0,0,0,1,0,0,1,0,0,1,0,0
0,3.0,1,11.082157933374816,82.0,420.0,349.0,494628406.1750502,548022730.6097863,0,0,0,0,0,0,1,0,0,0,0,0,0,0,0,0,0,0,0,0,0,0,0,0,0,0,0,0,0,1,0,0,0,0,0,0,0,1,0,0,1,0,0,1,0,0
0,2.0,0,8.160803920954665,18.6,215.0,43.0,302966816.0770919,402493385.51756287,0,0,0,0,0,0,1,0,0,0,0,0,0,0,0,0,0,0,0,0,0,0,0,0,0,1,0,0,0,0,0,0,0,0,0,0,0,1,0,0,0,1,0,0,0,1
0,1.0,0,7.601402334583733,18.6,215.0,43.0,302136146.1409896,393859663.3052547,0,0,0,0,0,0,1,0,0,0,0,0,0,0,0,0,0,0,0,0,0,0,0,0,0,1,0,0,0,0,0,0,0,0,1,0,0,0,0,0,1,0,0,1,0,0
0,1.0,0,8.006700845440367,59.6,381.0,201.0,402650277.3698579,442046586.2765235,0,0,0,0,0,0,1,0,0,0,0,0,0,0,0,0,0,0,0,0,0,0,0,0,0,0,0,1,0,0,0,0,0,0,0,0,0,1,0,0,0,1,0,0,0,1
0,2.0,0,2.772588722239781,82.0,420.0,349.0,745372179.9402425,559264365.9641465,0,0,0,0,0,0,1,0,0,0,0,0,0,0,0,0,0,0,0,0,0,0,0,0,0,0,0,0,0,1,0,0,0,0,1,0,0,0,0,0,0,0,1,1,0,0
0,1.0,0,8.517393171418904,92.0,480.0,402.0,655965876.2374239,660330707.3013636,0,0,0,0,0,0,1,0,0,0,0,0,0,0,0,0,0,0,0,0,0,0,0,0,0,0,0,0,0,0,1,0,0,0,0,0,0,1,0,0,0,1,0,0,1,0
0,0.0,1,0.0,14.7,170.0,27.0,338943413.87933975,332919444.6638282,0,0,0,0,0,0,1,0,0,0,0,0,0,0,0,0,0,0,1,0,0,0,0,0,0,0,0,0,0,0,0,0,0,0,0,0,0,1,0,0,1,0,0,1,0,0
0,4.0,0,12.154784614286667,18.6,215.0,43.0,302144133.36143696,456222339.67902535,0,0,0,0,0,0,1,0,0,0,0,0,0,0,0,0,0,0,0,0,0,0,0,0,0,1,0,0,0,0,0,0,0,0,1,0,0,0,0,0,1,0,0,1,0,0
0,0.0,1,0.0,82.0,420.0,349.0,474122905.6434291,617648204.7080634,0,0,0,0,0,0,1,0,0,0,0,0,0,0,0,0,0,0,0,0,0,0,0,0,0,0,0,0,0,1,0,0,0,0,0,0,0,1,0,0,0,1,0,0,1,0
0,2.0,1,10.778977123006351,59.6,381.0,201.0,485993507.1085105,448043750.2565983,0,0,0,0,0,0,0,1,0,0,0,0,0,0,0,0,0,0,0,0,0,0,0,0,0,0,0,1,0,0,0,0,0,0,0,0,0,1,0,1,0,0,0,1,0,0
1,2.0,0,10.308985993422082,18.6,215.0,43.0,302551481.60424846,401533978.2112898,0,0,0,0,0,0,1,0,0,0,0,0,0,0,0,0,0,0,0,0,0,0,0,0,0,1,0,0,0,0,0,0,0,0,0,0,0,1,0,0,0,1,0,1,0,0
0,2.0,0,9.358846580275406,82.0,420.0,349.0,518627435.25056076,560514360.0864869,0,0,0,0,0,0,1,0,0,0,0,0,0,0,0,0,0,0,0,0,0,0,0,0,0,0,0,0,0,1,0,0,0,0,0,0,0,1,0,0,0,1,0,0,0,1
0,1.0,1,0.0,82.0,420.0,349.0,742918192.2101812,662054172.1426125,0,0,0,0,0,0,1,0,0,0,0,0,0,0,0,0,0,0,0,0,0,0,0,0,0,0,0,0,0,1,0,0,0,0,0,0,0,1,0,0,1,0,0,1,0,0
0,0.0,1,0.0,92.0,480.0,402.0,610578002.8268379,859053828.2270992,0,0,0,0,0,0,1,0,0,0,0,0,0,0,0,0,0,0,0,0,0,0,0,0,0,0,0,0,0,0,1,0,0,0,1,0,0,0,0,0,0,1,0,0,0,1
0,1.0,0,8.853808274977197,75.3,450.0,201.0,626865194.7407442,562580922.7868683,0,0,0,0,0,0,1,0,0,0,0,0,0,0,0,0,0,0,0,0,0,0,0,0,0,0,0,0,1,0,0,0,0,0,0,0,0,1,0,0,0,1,0,0,0,1
0,1.0,0,10.12667110305036,82.0,420.0,349.0,492838932.49083966,659390620.7407433,0,0,0,0,0,0,1,0,0,0,0,0,0,0,0,0,0,0,0,0,0,0,0,0,0,0,0,0,0,1,0,0,0,0,0,0,0,1,0,0,0,1,0,1,0,0
1,3.0,0,10.491301994830229,82.0,420.0,349.0,484763555.8470817,547790622.2925717,0,0,0,0,0,0,1,0,0,0,0,0,0,0,0,0,0,0,0,0,0,0,0,0,0,0,0,0,0,1,0,0,0,0,0,0,0,1,0,0,0,1,0,0,0,1
0,0.0,1,0.0,37.2,326.4,134.0,474155559.15457594,355288184.448189,0,0,0,0,0,0,1,0,0,0,0,0,0,0,0,0,0,0,0,0,0,0,0,0,0,0,1,0,0,0,0,0,0,0,1,0,0,0,0,0,0,1,0,1,0,0
0,1.0,1,0.0,37.2,326.4,134.0,340581489.560243,476531633.22234374,0,0,0,0,0,0,1,0,0,0,0,0,0,0,0,0,0,0,0,0,0,0,0,0,0,0,1,0,0,0,0,0,0,0,0,0,0,1,0,0,1,0,0,1,0,0
0,1.0,0,10.308985993422082,59.6,381.0,201.0,385583450.21297663,442046586.8061845,0,0,0,0,0,0,1,0,0,0,0,0,0,0,0,0,0,0,0,0,0,0,0,0,0,0,0,1,0,0,0,0,0,0,0,0,0,1,0,0,0,1,0,0,0,1
0,3.0,0,9.472781556562168,82.0,420.0,349.0,745415124.7255186,548703581.673616,0,0,0,0,0,0,1,0,0,0,0,0,0,0,0,0,0,0,0,0,0,0,0,0,0,0,0,0,0,1,0,0,0,0,1,0,0,0,0,0,0,0,1,1,0,0
0,1.0,1,9.305741456739435,18.6,215.0,43.0,302966816.63779473,395068965.0052547,0,0,0,0,0,0,1,0,0,0,0,0,0,0,0,0,0,0,0,0,0,0,0,0,0,1,0,0,0,0,0,0,0,0,0,0,0,1,0,0,0,1,0,0,0,1
0,0.0,1,0.0,37.2,326.4,134.0,474083129.6534914,355110578.0652103,0,0,0,0,0,0,1,0,0,0,0,0,0,0,0,0,0,0,0,0,0,0,0,0,0,0,1,0,0,0,0,0,0,0,0,0,0,1,0,0,0,1,0,1,0,0
0,3.0,1,0.0,82.0,420.0,349.0,474755258.5846056,547926018.8109468,0,0,0,0,0,0,1,0,0,0,0,0,0,0,0,0,0,0,0,0,0,0,0,0,0,0,0,0,0,1,0,0,0,0,0,0,0,1,0,0,1,0,0,1,0,0
0,4.0,0,10.968215530759236,82.0,420.0,349.0,494544195.6487344,540949193.5365245,0,0,0,0,0,0,1,0,0,0,0,0,0,0,0,0,0,0,0,0,0,0,0,0,0,0,0,0,0,1,0,0,0,0,0,0,1,0,0,0,0,1,0,0,0,1
0,1.0,0,10.545367754151743,37.2,326.4,134.0,387698453.3933111,476284076.2190864,0,0,0,0,0,0,1,0,0,0,0,0,0,0,0,0,0,0,0,0,0,0,0,0,0,0,1,0,0,0,0,0,0,0,0,0,0,1,0,1,0,0,0,1,0,0
0,1.0,0,10.819798284210286,37.2,326.4,134.0,430463729.2721536,477525118.56436324,0,0,0,0,0,0,1,0,0,0,0,0,0,0,0,0,0,0,0,0,0,0,0,0,0,0,1,0,0,0,0,0,0,0,0,0,1,0,0,0,0,1,0,1,0,0
0,0.0,1,0.0,37.2,326.4,134.0,343271285.47861034,357458397.2141465,0,0,0,0,0,0,1,0,0,0,0,0,0,0,0,0,0,0,0,0,0,0,0,0,0,0,1,0,0,0,0,0,0,0,0,0,1,0,0,0,0,1,0,1,0,0
0,1.0,0,9.741027444837728,60.1,450.0,204.0,372291930.3908397,460530359.2072571,0,0,0,0,0,0,1,0,0,0,0,0,0,0,1,0,0,0,0,0,0,0,0,0,0,0,0,0,0,0,0,0,0,0,0,0,0,1,0,0,0,1,0,0,0,1
0,0.0,1,0.0,82.0,420.0,349.0,742302096.3535901,613984339.1618448,0,0,0,0,0,0,1,0,0,0,0,0,0,0,0,0,0,0,0,0,0,0,0,0,0,0,0,0,0,1,0,0,0,0,0,0,0,1,0,1,0,0,0,1,0,0
0,0.0,1,0.0,82.0,420.0,349.0,484666533.0259533,624026347.6660465,0,0,0,0,0,0,1,0,0,0,0,0,0,0,0,0,0,0,0,0,0,0,0,0,0,0,0,0,0,1,0,0,0,0,0,0,0,1,0,0,0,1,0,0,0,1
0,2.0,1,10.203629181337648,82.0,420.0,349.0,484163641.0207614,558014365.9641464,0,0,0,0,0,0,1,0,0,0,0,0,0,0,0,0,0,0,0,0,0,0,0,0,0,0,0,0,0,1,0,0,0,0,0,0,0,1,0,0,1,0,0,1,0,0
0,1.0,0,9.105090961257085,59.6,381.0,201.0,554166434.2382975,441177944.7722862,0,0,0,0,0,0,1,0,0,0,0,0,0,0,0,0,0,0,0,0,0,0,0,0,0,0,0,1,0,0,0,0,0,0,1,0,0,0,0,0,0,0,1,1,0,0
0,3.0,1,10.165890277802454,82.0,420.0,349.0,483845169.68318176,548138784.7683936,0,0,0,0,0,0,1,0,0,0,0,0,0,0,0,0,0,0,0,0,0,0,0,0,0,0,0,0,0,1,0,0,0,0,0,0,0,1,0,0,1,0,0,1,0,0
0,3.0,1,10.571342565808699,82.0,420.0,349.0,507743486.94304097,547496618.4240997,0,0,0,0,0,0,1,0,0,0,0,0,0,0,0,0,0,0,0,0,0,0,0,0,0,0,0,0,0,1,0,0,0,0,0,0,0,1,0,1,0,0,0,1,0,0
0,1.0,1,0.0,18.6,215.0,43.0,644081252.4167128,394087570.2819989,0,0,0,0,0,0,1,0,0,0,0,0,0,0,0,0,0,0,0,0,0,0,0,0,0,1,0,0,0,0,0,0,0,0,0,0,0,1,0,0,1,0,0,1,0,0
0,2.0,0,10.308985993422082,75.3,450.0,201.0,484666533.0259533,408707950.19533604,0,0,0,0,0,0,1,0,0,0,0,0,0,0,0,0,0,0,0,0,0,0,0,0,0,0,0,0,1,0,0,0,0,0,0,0,0,1,0,0,0,1,0,0,0,1
0,0.0,1,0.0,17.0,150.0,41.0,304750452.0579367,322040214.8605745,0,0,0,0,0,0,1,0,0,0,1,0,0,0,0,0,0,0,0,0,0,0,0,0,0,0,0,0,0,0,0,0,0,0,0,0,1,0,0,0,0,1,0,1,0,0
1,3.0,0,10.518700218288165,82.0,420.0,349.0,497681034.1961028,549144586.1687806,0,0,0,0,0,0,1,0,0,0,0,0,0,0,0,0,0,0,0,0,0,0,0,0,0,0,0,0,0,1,0,0,0,0,0,0,0,1,0,0,0,1,0,0,0,1
0,0.0,1,0.0,59.6,381.0,201.0,484666533.0259533,484666533.0259533,0,0,0,0,1,0,0,0,0,0,0,0,0,0,0,0,0,0,0,1,0,0,0,0,0,0,0,0,0,0,0,0,0,0,0,0,0,1,0,0,0,1,0,0,0,1
0,3.0,0,10.757924157061597,82.0,420.0,349.0,441051230.40457946,547985980.1262273,0,0,0,0,0,0,1,0,0,0,0,0,0,0,0,0,0,0,0,0,0,0,0,0,0,0,0,0,0,1,0,0,0,0,0,0,1,0,0,0,0,1,0,1,0,0
0,2.0,0,10.275085591132715,92.0,480.0,402.0,566697502.902525,471333605.4248137,0,0,0,0,0,0,1,0,0,0,0,0,0,0,0,0,0,0,0,0,0,0,0,0,0,0,0,0,0,0,1,0,0,0,0,0,0,1,0,0,0,1,0,0,0,1
1,2.0,0,9.392745258631441,18.6,215.0,43.0,302966816.6761334,402493386.9013267,0,0,0,0,0,0,1,0,0,0,0,0,0,0,0,0,0,0,0,0,0,0,0,0,0,1,0,0,0,0,0,0,0,0,0,0,0,1,0,0,0,1,0,0,0,1
0,0.0,1,0.0,75.3,450.0,201.0,483622850.0127226,581134921.0390784,0,0,0,0,0,0,1,0,0,0,0,0,0,0,0,0,0,0,0,0,0,0,0,0,0,0,0,0,1,0,0,0,0,0,0,0,1,0,0,0,0,1,0,1,0,0
0,1.0,1,0.0,75.3,450.0,201.0,507323005.04869944,565255769.4126352,0,0,0,0,0,0,1,0,0,0,0,0,0,0,0,0,0,0,0,0,0,0,0,0,0,0,0,0,1,0,0,0,0,0,1,0,0,0,0,0,0,0,1,1,0,0
0,1.0,1,0.0,60.1,450.0,204.0,371097200.2803134,458975573.4469831,0,0,0,0,0,0,1,0,0,0,0,0,0,0,1,0,0,0,0,0,0,0,0,0,0,0,0,0,0,0,0,0,0,0,0,1,0,0,0,0,1,0,0,1,0,0
0,4.0,1,9.210440366976517,42.0,318.6,147.0,327132643.4693087,418333470.55347794,0,0,0,0,0,0,1,0,0,0,0,0,0,0,0,0,0,0,0,0,0,0,0,0,1,0,0,0,0,0,0,0,0,0,1,0,0,0,0,0,0,0,1,1,0,0
1,0.0,1,0.0,18.6,215.0,43.0,484666533.0259533,335913026.6159751,0,0,0,0,0,0,1,0,0,0,0,0,0,0,0,0,0,0,0,0,0,0,0,0,0,1,0,0,0,0,0,0,0,0,0,0,1,0,0,0,0,1,0,1,0,0
0,1.0,0,4.61512051684126,18.6,215.0,43.0,302966816.7240567,395068965.13083607,0,0,0,0,0,0,1,0,0,0,0,0,0,0,0,0,0,0,0,0,0,0,0,0,0,1,0,0,0,0,0,0,0,0,0,0,0,1,0,0,0,1,0,0,0,1
0,2.0,1,0.0,59.6,381.0,201.0,397316948.2379134,449233292.7402584,0,0,0,0,0,0,1,0,0,0,0,0,0,0,0,0,0,0,0,0,0,0,0,0,0,0,0,1,0,0,0,0,0,0,0,0,0,1,0,0,1,0,0,1,0,0
0,1.0,1,0.0,59.6,381.0,201.0,556100390.5024484,442046586.1451675,0,0,0,0,0,0,1,0,0,0,0,0,0,0,0,0,0,0,0,0,0,0,0,0,0,0,0,1,0,0,0,0,0,0,0,0,0,1,0,0,0,1,0,0,0,1
1,2.0,1,8.517393171418904,18.6,215.0,43.0,643081252.4167126,400172354.5950536,0,0,0,0,0,0,1,0,0,0,0,0,0,0,0,0,0,0,0,0,0,0,0,0,0,1,0,0,0,0,0,0,0,0,1,0,0,0,0,0,1,0,0,0,1,0
0,0.0,1,0.0,59.6,381.0,201.0,398518337.1268023,494961919.6599971,0,0,0,0,0,0,1,0,0,0,0,0,0,0,0,0,0,0,0,0,0,0,0,0,0,0,0,1,0,0,0,0,0,0,0,0,0,1,0,0,0,1,0,1,0,0
0,0.0,1,0.0,92.0,480.0,402.0,565049151.2541733,839330147.5560465,0,0,0,0,0,0,1,0,0,0,0,0,0,0,0,0,0,0,0,0,0,0,0,0,0,0,0,0,0,0,1,0,0,0,0,0,0,1,0,0,0,1,0,1,0,0
0,0.0,1,0.0,59.6,381.0,201.0,398622503.793469,495055087.36186045,0,0,0,0,0,0,1,0,0,0,0,0,0,0,0,0,0,0,0,0,0,0,0,0,0,0,0,1,0,0,0,0,0,0,1,0,0,0,0,0,0,1,0,1,0,0
0,1.0,0,1.791759469228055,18.6,215.0,43.0,641337291.0640558,392766640.04944074,0,0,0,0,0,0,1,0,0,0,0,0,0,0,0,0,0,0,0,0,0,0,0,0,0,1,0,0,0,0,0,0,0,0,0,0,0,1,0,1,0,0,0,1,0,0
0,1.0,1,0.0,59.6,381.0,201.0,634128148.3276564,478743486.94304097,0,0,0,0,1,0,0,0,0,0,0,0,0,0,0,0,0,0,0,1,0,0,0,0,0,0,0,0,0,0,0,0,0,0,0,0,1,0,0,0,0,1,0,0,0,1
0,4.0,0,10.085850775128717,18.6,215.0,43.0,484666533.0259533,480746124.91712064,0,0,0,0,0,0,1,0,0,0,0,0,0,0,0,0,0,0,0,0,0,0,0,0,0,1,0,0,0,0,0,0,0,0,0,0,0,1,0,0,0,1,0,0,0,1
0,3.0,0,10.819798284210286,82.0,420.0,349.0,483240074.1417805,547955032.3505987,0,0,0,0,0,0,1,0,0,0,0,0,0,0,0,0,0,0,0,0,0,0,0,0,0,0,0,0,0,1,0,0,0,0,0,0,1,0,0,0,0,1,0,0,0,1
0,3.0,0,11.429554725537322,37.2,326.4,134.0,342679448.74391645,440878910.6137602,0,0,0,0,0,0,1,0,0,0,0,0,0,0,0,0,0,0,0,0,0,0,0,0,0,0,1,0,0,0,0,0,0,0,0,0,0,0,1,0,0,1,0,1,0,0
0,1.0,1,2.9444389791664403,18.6,215.0,43.0,302535507.1633539,394441058.6540919,0,0,0,0,0,0,1,0,0,0,0,0,0,0,0,0,0,0,0,0,0,0,0,0,0,1,0,0,0,0,0,0,0,0,1,0,0,0,0,0,0,0,1,1,0,0
0,1.0,1,9.472781556562168,18.6,215.0,43.0,644984634.0592247,394522454.0029291,0,0,0,0,0,0,1,0,0,0,0,0,0,0,0,0,0,0,0,0,0,0,0,0,0,1,0,0,0,0,0,0,0,0,1,0,0,0,0,0,0,0,1,1,0,0
0,0.0,1,0.0,59.6,381.0,201.0,512115679.5869051,526518796.63924193,0,0,0,0,0,0,1,0,0,0,0,0,0,0,0,0,1,0,0,0,0,0,0,0,0,0,0,0,0,0,0,0,0,0,0,0,1,0,0,0,0,1,0,1,0,0
0,2.0,0,10.12667110305036,59.6,381.0,201.0,489919124.09198153,454252896.07359165,0,0,0,0,0,0,1,0,0,0,0,0,0,0,0,0,0,0,0,0,0,0,0,0,0,0,0,1,0,0,0,0,0,0,0,0,0,1,0,0,0,1,0,0,0,1
0,1.0,0,10.34177474101152,60.1,450.0,204.0,372291934.8329449,460530364.988079,0,0,0,0,0,0,1,0,0,0,0,0,0,0,1,0,0,0,0,0,0,0,0,0,0,0,0,0,0,0,0,0,0,0,0,0,0,1,0,0,0,1,0,0,0,1
0,2.0,0,9.852246888342531,82.0,420.0,349.0,482953449.93795884,557003727.6662742,0,0,0,0,0,0,1,0,0,0,0,0,0,0,0,0,0,0,0,0,0,0,0,0,0,0,0,0,0,1,0,0,0,0,0,0,0,1,0,0,1,0,0,1,0,0
1,1.0,0,9.210440366976517,75.3,450.0,201.0,490552136.3258539,566666808.3390156,0,0,0,0,0,0,1,0,0,0,0,0,0,0,0,0,0,0,0,0,0,0,0,0,0,0,0,0,1,0,0,0,0,0,0,0,0,1,0,0,0,1,0,0,0,1
0,0.0,1,0.0,60.1,450.0,204.0,501878666.3872303,477680535.96796983,0,0,0,0,0,0,1,0,0,0,0,0,0,0,1,0,0,0,0,0,0,0,0,0,0,0,0,0,0,0,0,0,0,0,0,0,0,1,0,0,0,1,0,1,0,0
0,0.0,1,0.0,60.1,450.0,204.0,464277455.2451907,477457562.99499685,0,0,0,0,0,0,1,0,0,0,0,0,0,0,1,0,0,0,0,0,0,0,0,0,0,0,0,0,0,0,0,0,0,0,0,0,0,1,0,0,0,1,0,1,0,0
0,3.0,0,11.034905792929415,82.0,420.0,349.0,742709603.253126,547850583.6078521,0,0,0,0,0,0,1,0,0,0,0,0,0,0,0,0,0,0,0,0,0,0,0,0,0,0,0,0,0,1,0,0,0,0,0,0,0,1,0,1,0,0,0,1,0,0
1,4.0,0,10.819798284210286,59.6,381.0,201.0,400512829.48150253,473333211.8417757,0,0,0,0,0,0,1,0,0,0,0,0,0,0,0,0,0,0,0,1,0,0,0,0,0,0,0,0,0,0,0,0,0,0,0,0,1,0,0,0,0,1,0,1,0,0
0,2.0,0,10.571342565808699,37.2,326.4,134.0,475073127.9832094,395357448.5116436,0,0,0,0,0,0,1,0,0,0,0,0,0,0,0,0,0,0,0,0,0,0,0,0,0,0,1,0,0,0,0,0,0,0,0,0,0,1,0,0,0,1,0,0,0,1
0,4.0,0,11.289794413577894,59.6,381.0,201.0,416046127.36654365,411701547.2345736,0,0,0,0,0,0,1,0,0,0,0,0,0,0,0,0,0,0,0,0,0,0,0,0,0,0,0,0,0,0,0,1,0,0,0,0,1,0,0,0,0,1,0,1,0,0
0,4.0,0,8.517393171418904,82.0,420.0,349.0,475686631.1336252,542032526.8698579,0,0,0,0,0,0,1,0,0,0,0,0,0,0,0,0,0,0,0,0,0,0,0,0,0,0,0,0,0,1,0,0,0,0,0,0,0,1,0,0,1,0,0,1,0,0
1,2.0,0,9.421087402953841,18.6,215.0,43.0,484666533.0259533,401762760.49911267,0,0,0,0,0,0,1,0,0,0,0,0,0,0,0,0,0,0,0,0,0,0,0,0,0,1,0,0,0,0,0,0,0,0,0,0,1,0,0,0,0,1,0,0,0,1
1,1.0,0,10.596659732783579,59.6,381.0,201.0,550675868.2005616,439610148.1621167,0,0,0,0,0,0,1,0,0,0,0,0,0,0,0,0,0,0,0,0,0,0,0,0,0,0,0,1,0,0,0,0,0,0,0,0,0,1,0,0,0,1,0,1,0,0
0,1.0,1,0.0,37.2,326.4,134.0,341549571.19289607,477304206.512246,0,0,0,0,0,0,1,0,0,0,0,0,0,0,0,0,0,0,0,0,0,0,0,0,0,0,1,0,0,0,0,0,0,0,0,0,0,1,0,0,0,1,0,1,0,0
0,2.0,0,8.909370405197466,18.6,215.0,43.0,484666533.0259533,401578258.6540942,0,0,0,0,0,0,1,0,0,0,0,0,0,0,0,0,0,0,0,0,0,0,0,0,0,1,0,0,0,0,0,0,0,0,0,0,1,0,0,0,0,1,0,1,0,0
0,2.0,1,0.0,59.6,381.0,201.0,486745573.22421294,449233292.7402584,0,0,0,0,0,0,1,0,0,0,0,0,0,0,0,0,0,0,0,0,0,0,0,0,0,0,0,1,0,0,0,0,0,0,0,0,0,1,0,0,1,0,0,1,0,0
0,0.0,1,0.0,18.6,215.0,43.0,449301277.5216277,426544002.6613952,0,0,0,0,0,0,1,0,0,0,0,0,0,0,0,0,0,0,0,1,0,0,0,0,0,0,0,0,0,0,0,0,0,1,0,0,0,0,0,0,0,1,0,1,0,0
0,0.0,1,0.0,18.6,215.0,43.0,302966816.62022287,337359952.42603093,0,0,0,0,0,0,1,0,0,0,0,0,0,0,0,0,0,0,0,0,0,0,0,0,0,1,0,0,0,0,0,0,0,0,0,0,0,1,0,0,0,1,0,0,0,1
0,0.0,1,0.0,37.2,326.4,134.0,475073128.1263764,357538180.7035082,0,0,0,0,0,0,1,0,0,0,0,0,0,0,0,0,0,0,0,0,0,0,0,0,0,0,1,0,0,0,0,0,0,0,0,1,0,0,0,0,0,1,0,0,0,1
0,1.0,1,0.0,37.2,326.4,134.0,459862681.48585486,478727071.23863035,0,0,0,0,0,0,1,0,0,0,0,0,0,0,0,0,0,0,0,0,0,0,0,0,0,0,1,0,0,0,0,0,0,0,0,0,0,1,0,0,0,1,0,0,0,1
0,0.0,1,0.0,82.0,420.0,349.0,473686140.93754673,616899465.212265,0,0,0,0,0,0,1,0,0,0,0,0,0,0,0,0,0,0,0,0,0,0,0,0,0,0,0,0,0,1,0,0,0,0,0,0,1,0,0,0,0,1,0,1,0,0
0,0.0,1,0.0,18.6,215.0,43.0,302966816.64098966,337359952.49865663,0,0,0,0,0,0,1,0,0,0,0,0,0,0,0,0,0,0,0,0,0,0,0,0,0,1,0,0,0,0,0,0,0,0,0,0,0,1,0,0,0,1,0,0,0,1
0,1.0,0,11.184435286790631,37.2,326.4,134.0,473663151.34546536,476609809.11810917,0,0,0,0,0,0,1,0,0,0,0,0,0,0,0,0,0,0,0,0,0,0,0,0,0,0,1,0,0,0,0,0,0,0,0,0,0,1,0,1,0,0,0,1,0,0
0,2.0,0,10.778977123006351,75.3,450.0,201.0,502785968.01166236,398844947.2912265,0,0,0,0,0,0,1,0,0,0,0,0,0,0,0,0,0,0,0,0,0,0,0,0,0,0,0,0,1,0,0,0,0,0,0,0,1,0,0,0,0,1,0,0,0,1
0,3.0,1,10.275085591132715,92.0,480.0,402.0,571906294.1113161,460004711.9885496,0,0,0,0,0,0,1,0,0,0,0,0,0,0,0,0,0,0,0,0,0,0,0,0,0,0,0,0,0,0,1,0,0,0,1,0,0,0,0,0,0,0,1,1,0,0
0,4.0,1,10.373522431293592,59.6,381.0,201.0,518472110.8549611,513444355.3506355,0,0,0,0,1,0,0,0,0,0,0,0,0,0,0,0,0,0,0,1,0,0,0,0,0,0,0,0,0,0,0,0,0,0,1,0,0,0,0,0,0,0,1,1,0,0
0,0.0,1,0.0,92.0,480.0,402.0,610578001.1075398,859053825.6481518,0,0,0,0,0,0,1,0,0,0,0,0,0,0,0,0,0,0,0,0,0,0,0,0,0,0,0,0,0,0,1,0,0,0,1,0,0,0,0,0,0,1,0,0,0,1
0,4.0,0,10.757924157061597,42.0,318.6,147.0,431119050.3756809,413940212.12651163,0,0,0,0,0,0,1,0,0,0,0,0,0,0,0,0,0,0,0,0,0,0,0,0,1,0,0,0,0,0,0,0,0,0,0,0,0,1,0,0,1,0,0,1,0,0
0,2.0,1,10.518700218288165,59.6,381.0,201.0,484092680.6622295,445037214.3088859,0,0,0,0,0,0,1,0,0,0,0,0,0,0,0,0,0,0,0,0,0,0,0,0,0,0,0,1,0,0,0,0,0,0,0,0,0,1,0,1,0,0,0,1,0,0
0,2.0,0,9.741027444837728,18.6,215.0,43.0,302648925.6937053,401759070.4622123,0,0,0,0,0,0,1,0,0,0,0,0,0,0,0,0,0,0,0,0,0,0,0,0,0,1,0,0,0,0,0,0,0,0,0,0,0,1,0,0,0,1,0,1,0,0
0,1.0,1,0.0,18.6,215.0,43.0,494761809.3042523,376466640.04944074,0,0,0,0,0,0,1,0,0,0,0,0,0,0,0,0,0,0,0,0,0,0,0,0,0,1,0,0,0,0,0,0,0,0,0,0,0,1,0,1,0,0,0,0,1,0
0,0.0,1,0.0,60.1,450.0,204.0,368586673.96452385,477423779.2112131,0,0,0,0,0,0,1,0,0,0,0,0,0,0,1,0,0,0,0,0,0,0,0,0,0,0,0,0,0,0,0,0,0,0,0,0,0,1,0,0,0,1,0,1,0,0
0,2.0,0,0.0,18.6,215.0,43.0,302966816.7192644,402493387.0009577,0,0,0,0,0,0,1,0,0,0,0,0,0,0,0,0,0,0,0,0,0,0,0,0,0,1,0,0,0,0,0,0,0,0,0,0,0,1,0,0,0,1,0,0,0,1
0,0.0,1,0.0,18.6,215.0,43.0,643139223.4312055,333913026.6159751,0,0,0,0,0,0,1,0,0,0,0,0,0,0,0,0,0,0,0,0,0,0,0,0,0,1,0,0,0,0,0,0,0,0,0,0,0,1,0,0,1,0,0,1,0,0
0,0.0,1,0.0,75.3,450.0,201.0,483703658.09353065,581208315.5344912,0,0,0,0,0,0,1,0,0,0,0,0,0,0,0,0,0,0,0,0,0,0,0,0,0,0,0,0,1,0,0,0,0,0,0,0,1,0,0,0,0,1,0,1,0,0
0,1.0,1,0.0,37.2,326.4,134.0,474530830.3042506,477912740.7142004,0,0,0,0,0,0,1,0,0,0,0,0,0,0,0,0,0,0,0,0,0,0,0,0,0,0,1,0,0,0,0,0,0,0,1,0,0,0,0,0,0,0,1,1,0,0
0,0.0,1,0.0,59.6,381.0,201.0,667118972.1613952,484666533.0259533,0,0,0,0,0,1,0,0,0,0,0,0,0,0,0,0,0,0,0,0,1,0,0,0,0,0,0,0,0,0,0,0,0,0,0,0,0,1,0,0,0,1,0,0,0,1
0,0.0,1,0.0,17.0,150.0,41.0,304391477.6989624,321628450.1546922,0,0,0,0,0,0,1,0,0,0,1,0,0,0,0,0,0,0,0,0,0,0,0,0,0,0,0,0,0,0,0,0,0,0,0,1,0,0,0,0,0,1,0,0,1,0
0,2.0,0,11.112462823634855,18.6,215.0,43.0,302966815.9652708,402493385.2592603,0,0,0,0,0,0,1,0,0,0,0,0,0,0,0,0,0,0,0,0,0,0,0,0,0,1,0,0,0,0,0,0,0,0,0,0,0,1,0,0,0,1,0,0,0,1
0,2.0,0,8.81001204797317,60.1,450.0,204.0,401057455.2451907,298765657.3059086,0,0,0,0,0,0,1,0,0,0,0,0,0,0,1,0,0,0,0,0,0,0,0,0,0,0,0,0,0,0,0,0,0,0,0,0,0,1,0,1,0,0,0,0,1,0
0,0.0,1,0.0,18.6,215.0,43.0,300712823.45728356,329477272.42603093,0,0,0,0,0,0,1,0,0,0,0,0,0,0,0,0,0,0,0,0,0,0,0,0,0,1,0,0,0,0,0,0,0,0,0,0,0,1,0,1,0,0,0,1,0,0
0,3.0,1,11.082157933374816,82.0,420.0,349.0,743040891.5966842,547955032.3505987,0,0,0,0,0,0,1,0,0,0,0,0,0,0,0,0,0,0,0,0,0,0,0,0,0,0,0,0,0,1,0,0,0,0,0,0,0,1,0,0,1,0,0,1,0,0
0,3.0,0,9.952325334619427,92.0,480.0,402.0,573285412.6882391,461656025.0214443,0,0,0,0,0,0,1,0,0,0,0,0,0,0,0,0,0,0,0,0,0,0,0,0,0,0,0,0,0,0,1,0,0,0,0,0,0,1,0,0,0,1,0,0,0,1
0,2.0,0,10.596659732783579,75.3,450.0,201.0,502785968.01166236,398844947.2912265,0,0,0,0,0,0,1,0,0,0,0,0,0,0,0,0,0,0,0,0,0,0,0,0,0,0,0,0,1,0,0,0,0,0,0,0,0,1,0,0,0,1,0,1,0,0
0,0.0,1,0.0,82.0,420.0,349.0,492575774.59610283,615875095.4643658,0,0,0,0,0,0,1,0,0,0,0,0,0,0,0,0,0,0,0,0,0,0,0,0,0,0,0,0,0,1,0,0,0,0,0,0,1,0,0,0,0,1,0,1,0,0
0,3.0,0,10.596659732783579,59.6,381.0,201.0,402650275.28652453,441989709.4143604,0,0,0,0,0,0,1,0,0,0,0,0,0,0,0,0,0,0,0,0,0,0,0,0,0,0,0,1,0,0,0,0,0,0,0,0,0,1,0,0,0,1,0,0,0,1
0,4.0,0,9.546884034617925,14.7,170.0,27.0,330537001.2921963,484666533.0259533,0,0,0,0,0,0,1,0,0,0,0,0,0,0,0,0,0,0,0,1,0,0,0,0,0,0,0,0,0,0,0,0,0,0,0,0,0,1,0,0,0,1,0,0,0,1
0,3.0,1,9.90353755128617,92.0,480.0,402.0,569604096.3091184,457248133.04118115,0,0,0,0,0,0,1,0,0,0,0,0,0,0,0,0,0,0,0,0,0,0,0,0,0,0,0,0,0,0,1,0,0,0,0,1,0,0,0,0,1,0,0,1,0,0
0,1.0,0,10.624055328672066,92.0,480.0,402.0,663401773.6733214,662809339.779996,0,0,0,0,0,0,1,0,0,0,0,0,0,0,0,0,0,0,0,0,0,0,0,0,0,0,0,0,0,0,1,0,0,0,0,0,0,1,0,1,0,0,0,1,0,0
1,2.0,1,6.90875477931522,18.6,215.0,43.0,302529117.3869961,401482317.6946846,0,0,0,0,0,0,1,0,0,0,0,0,0,0,0,0,0,0,0,0,0,0,0,0,0,1,0,0,0,0,0,0,0,0,1,0,0,0,0,0,0,0,1,1,0,0
0,0.0,1,0.0,59.6,381.0,201.0,484666533.0259533,484666533.0259533,0,0,0,0,0,0,1,0,0,0,0,0,0,0,0,0,0,0,0,1,0,0,0,0,0,0,0,0,0,0,0,0,0,0,0,1,0,0,0,0,0,1,0,1,0,0
0,1.0,1,9.798182590890704,92.0,480.0,402.0,654061984.4246403,667484553.4552097,0,0,0,0,0,0,1,0,0,0,0,0,0,0,0,0,0,0,0,0,0,0,0,0,0,0,0,0,0,0,1,0,0,0,1,0,0,0,0,0,0,0,1,1,0,0
0,2.0,0,10.12667110305036,37.2,326.4,134.0,474172912.73375165,393606396.9082681,0,0,0,0,0,0,1,0,0,0,0,0,0,0,0,0,0,0,0,0,0,0,0,0,0,0,1,0,0,0,0,0,0,0,0,0,1,0,0,0,0,1,0,1,0,0
0,1.0,1,0.0,37.2,326.4,134.0,473611090.60793823,476531633.22234374,0,0,0,0,0,0,1,0,0,0,0,0,0,0,0,0,0,0,0,0,0,0,0,0,0,0,1,0,0,0,0,0,0,0,0,0,0,1,0,0,1,0,0,1,0,0
0,0.0,1,0.0,18.6,215.0,43.0,302966816.34226763,337359951.4539639,0,0,0,0,0,0,1,0,0,0,0,0,0,0,0,0,0,0,0,0,0,0,0,0,0,1,0,0,0,0,0,0,0,0,0,0,0,1,0,0,0,1,0,0,0,1
1,1.0,1,11.050905878263567,37.2,326.4,134.0,475073128.5775695,478727071.3461222,0,0,0,0,0,0,1,0,0,0,0,0,0,0,0,0,0,0,0,0,0,0,0,0,0,0,1,0,0,0,0,0,0,0,0,0,0,1,0,0,0,1,0,0,0,1
0,3.0,0,8.517393171418904,59.6,381.0,201.0,481882071.3312895,462222194.1049611,0,0,0,0,0,0,1,0,0,0,0,0,0,0,0,0,0,0,0,0,0,1,0,0,0,0,0,0,0,0,0,0,0,0,0,0,0,1,0,0,0,1,0,0,0,1
0,3.0,0,11.034905792929415,82.0,420.0,349.0,494365248.2803134,547926018.8109468,0,0,0,0,0,0,1,0,0,0,0,0,0,0,0,0,0,0,0,0,0,0,0,0,0,0,0,0,0,1,0,0,0,0,0,0,0,1,0,0,0,1,0,1,0,0
0,0.0,1,0.0,59.6,381.0,201.0,398490559.34902453,494937074.9395002,0,0,0,0,0,0,1,0,0,0,0,0,0,0,0,0,0,0,0,0,0,0,0,0,0,0,0,1,0,0,0,0,0,0,0,0,0,1,0,0,0,1,0,1,0,0
1,4.0,1,9.546884034617925,82.0,420.0,349.0,483150902.1672582,540720026.8698579,0,0,0,0,0,0,1,0,0,0,0,0,0,0,0,0,0,0,0,0,0,0,0,0,0,0,0,0,0,1,0,0,0,0,0,0,0,1,0,0,1,0,0,1,0,0
0,1.0,0,9.741027444837728,59.6,381.0,201.0,497878666.3872303,484666533.0259533,0,0,0,0,0,0,0,0,1,0,0,0,0,0,0,0,0,0,0,1,0,0,0,0,0,0,0,0,0,0,0,0,0,0,1,0,0,0,0,0,0,1,0,0,0,1
1,1.0,1,0.0,92.0,480.0,402.0,569994206.1992282,664655493.6261499,0,0,0,0,0,0,1,0,0,0,0,0,0,0,0,0,0,0,0,0,0,0,0,0,0,0,0,0,0,0,1,0,0,0,0,0,0,1,0,0,1,0,0,1,0,0
0,3.0,0,10.12667110305036,92.0,480.0,402.0,573285411.0618656,461656023.0740759,0,0,0,0,0,0,1,0,0,0,0,0,0,0,0,0,0,0,0,0,0,0,0,0,0,0,0,0,0,0,1,0,0,0,0,0,0,1,0,0,0,1,0,0,0,1
0,3.0,0,10.915106645867503,60.1,450.0,204.0,679704279.520315,375561512.96102804,0,0,0,0,0,0,1,0,0,0,0,0,0,0,1,0,0,0,0,0,0,0,0,0,0,0,0,0,0,0,0,0,0,0,0,0,0,1,0,1,0,0,0,1,0,0
0,2.0,0,9.90353755128617,18.6,215.0,43.0,643462894.92879,400463867.5101828,0,0,0,0,0,0,1,0,0,0,0,0,0,0,0,0,0,0,0,0,0,0,0,0,0,1,0,0,0,0,0,0,0,0,0,0,0,1,0,0,1,0,0,1,0,0
0,0.0,1,0.0,60.1,450.0,204.0,440605997.6599575,477829184.6166185,0,0,0,0,0,0,1,0,0,0,0,0,0,0,1,0,0,0,0,0,0,0,0,0,0,0,0,0,0,0,0,0,0,0,0,1,0,0,0,0,0,1,0,1,0,0
1,2.0,0,10.62135173563291,37.2,326.4,134.0,343332505.2337124,395357446.86607397,0,0,0,0,0,0,1,0,0,0,0,0,0,0,0,0,0,0,0,0,0,0,0,0,0,0,1,0,0,0,0,0,0,0,0,0,0,1,0,0,0,1,0,0,0,1
0,4.0,1,0.0,82.0,420.0,349.0,474755258.5846056,540713082.4254135,0,0,0,0,0,0,1,0,0,0,0,0,0,0,0,0,0,0,0,0,0,0,0,0,0,0,0,0,0,1,0,0,0,0,0,0,0,1,0,0,1,0,0,1,0,0
0,2.0,1,10.308985993422082,59.6,381.0,201.0,486840614.546527,449383619.537644,0,0,0,0,0,0,0,1,0,0,0,0,0,0,0,0,0,0,0,0,0,0,0,0,0,0,0,1,0,0,0,0,0,0,0,0,0,1,0,0,1,0,0,1,0,0
0,2.0,1,8.839421607620602,92.0,480.0,402.0,569746953.4519755,478020352.4127655,0,0,0,0,0,0,1,0,0,0,0,0,0,0,0,0,0,0,0,0,0,0,0,0,0,0,0,0,0,0,1,0,0,0,0,0,0,1,0,0,1,0,0,1,0,0
0,0.0,1,0.0,18.6,215.0,43.0,302567456.045143,335963305.945584,0,0,0,0,0,0,1,0,0,0,0,0,0,0,0,0,0,0,0,0,0,0,0,0,0,1,0,0,0,0,0,0,0,0,0,0,1,0,0,0,0,1,0,1,0,0
0,0.0,1,0.0,37.2,326.4,134.0,341401897.7235083,355022227.0013805,0,0,0,0,0,0,1,0,0,0,0,0,0,0,0,0,0,0,0,0,0,0,0,0,0,0,1,0,0,0,0,0,0,0,0,0,1,0,0,0,0,1,0,1,0,0
0,3.0,1,10.819798284210286,82.0,420.0,349.0,749708346.3535901,548666831.1900572,0,0,0,0,0,0,1,0,0,0,0,0,0,0,0,0,0,0,0,0,0,0,0,0,0,0,0,0,0,1,0,0,0,0,0,1,0,0,0,0,1,0,0,1,0,0
0,2.0,0,9.105090961257085,59.6,381.0,201.0,605511022.0173022,540388777.5216278,0,0,0,0,1,0,0,0,0,0,0,0,0,0,0,0,0,0,0,1,0,0,0,0,0,0,0,0,0,0,0,0,0,0,0,0,0,1,0,0,0,1,0,1,0,0
0,0.0,1,0.0,18.6,215.0,43.0,302966816.64258707,337359952.5042432,0,0,0,0,0,0,1,0,0,0,0,0,0,0,0,0,0,0,0,0,0,0,0,0,0,1,0,0,0,0,0,0,0,0,0,0,0,1,0,0,0,1,0,0,0,1
0,2.0,0,8.517393171418904,75.3,450.0,201.0,509452626.71536607,408707949.2090347,0,0,0,0,0,0,1,0,0,0,0,0,0,0,0,0,0,0,0,0,0,0,0,0,0,0,0,0,1,0,0,0,0,0,0,0,0,1,0,0,0,1,0,0,0,1
0,1.0,1,0.0,82.0,420.0,349.0,474706238.9767624,662007443.1706499,0,0,0,0,0,0,1,0,0,0,0,0,0,0,0,0,0,0,0,0,0,0,0,0,0,0,0,0,0,1,0,0,0,0,0,0,0,1,0,0,1,0,0,1,0,0
0,0.0,1,0.0,59.6,381.0,201.0,481882071.3312895,385460301.25045395,0,0,0,0,0,0,1,0,0,0,0,0,0,0,0,0,0,0,0,0,0,1,0,0,0,0,0,0,0,0,0,0,0,0,0,0,1,0,0,0,0,1,0,1,0,0
0,0.0,1,0.0,59.6,381.0,201.0,556100390.7949013,498657568.0761462,0,0,0,0,0,0,1,0,0,0,0,0,0,0,0,0,0,0,0,0,0,0,0,0,0,0,0,1,0,0,0,0,0,0,0,0,0,1,0,0,0,1,0,0,0,1
1,2.0,1,8.006700845440367,59.6,381.0,201.0,397865559.34902453,449749632.60953945,0,0,0,0,0,0,1,0,0,0,0,0,0,0,0,0,0,0,0,0,0,0,0,0,0,0,0,1,0,0,0,0,0,0,0,0,0,1,0,0,1,0,0,1,0,0
0,1.0,1,0.0,92.0,480.0,402.0,576632542.9040906,633886262.8569192,0,0,0,0,0,0,1,0,0,0,0,0,0,0,0,0,0,0,0,0,0,0,0,0,0,0,0,0,0,0,1,0,0,0,0,0,0,0,1,1,0,0,0,0,1,0
0,1.0,0,10.308985993422082,18.6,215.0,43.0,642545020.5326548,393348035.39827794,0,0,0,0,0,0,1,0,0,0,0,0,0,0,0,0,0,0,0,0,0,0,0,0,0,1,0,0,0,0,0,0,0,0,0,0,0,1,0,1,0,0,0,1,0,0
0,1.0,0,10.975961183594542,59.6,381.0,201.0,550675868.2005616,439610148.1621167,0,0,0,0,0,0,1,0,0,0,0,0,0,0,0,0,0,0,0,0,0,0,0,0,0,0,0,1,0,0,0,0,0,0,0,0,0,1,0,1,0,0,0,1,0,0
0,0.0,1,0.0,92.0,480.0,402.0,610577992.0373644,859053812.0428886,0,0,0,0,0,0,1,0,0,0,0,0,0,0,0,0,0,0,0,0,0,0,0,0,0,0,0,0,0,0,1,0,0,0,0,0,0,1,0,0,0,1,0,0,0,1
0,1.0,0,9.741027444837728,59.6,381.0,201.0,514295950.8015265,551393918.9663424,0,0,0,0,0,0,1,0,0,0,0,0,0,1,0,0,0,0,0,0,0,0,0,0,0,0,0,0,0,0,0,0,0,0,0,0,1,0,0,0,0,1,0,0,0,1
0,2.0,1,8.294299608857235,92.0,480.0,402.0,573285411.7376897,485779381.4248137,0,0,0,0,0,0,1,0,0,0,0,0,0,0,0,0,0,0,0,0,0,0,0,0,0,0,0,0,0,0,1,0,0,0,0,0,0,1,0,0,0,1,0,0,0,1
0,2.0,0,9.305741456739435,82.0,420.0,349.0,477843490.0061742,560514361.7620187,0,0,0,0,0,0,1,0,0,0,0,0,0,0,0,0,0,0,0,0,0,0,0,0,0,0,0,0,0,1,0,0,0,0,0,0,0,0,1,0,0,1,0,0,0,1
0,0.0,1,0.0,18.6,215.0,43.0,644815551.9336209,335851574.1020086,0,0,0,0,0,0,1,0,0,0,0,0,0,0,0,0,0,0,0,0,0,0,0,0,0,1,0,0,0,0,0,0,0,0,0,0,0,1,0,0,0,1,0,1,0,0
0,4.0,0,9.90353755128617,42.0,318.6,147.0,330803869.42821276,421344700.83437675,0,0,0,0,0,0,1,0,0,0,0,0,0,0,0,0,0,0,0,0,0,0,0,0,1,0,0,0,0,0,0,0,0,0,0,0,0,1,0,0,0,1,0,0,0,1
0,4.0,1,8.216358332386156,42.0,318.6,147.0,322310725.6610895,414378414.37370265,0,0,0,0,0,0,1,0,0,0,0,0,0,0,0,0,0,0,0,0,0,0,0,0,1,0,0,0,0,0,0,0,0,0,0,0,0,1,0,0,1,0,0,1,0,0
0,3.0,0,11.170449240431308,82.0,420.0,349.0,477843491.0846056,549144586.3738096,0,0,0,0,0,0,1,0,0,0,0,0,0,0,0,0,0,0,0,0,0,0,0,0,0,0,0,0,0,1,0,0,0,0,0,0,0,1,0,0,0,1,0,0,0,1
0,2.0,1,11.156264806643742,59.6,381.0,201.0,398622503.793469,450462050.910193,0,0,0,0,0,0,1,0,0,0,0,0,0,0,0,0,0,0,0,0,0,0,0,0,0,0,0,1,0,0,0,0,0,0,0,0,0,1,0,0,1,0,0,1,0,0
0,1.0,0,9.169622538697624,75.3,450.0,201.0,487905678.2955509,565059450.3942302,0,0,0,0,0,0,1,0,0,0,0,0,0,0,0,0,0,0,0,0,0,0,0,0,0,0,0,0,1,0,0,0,0,0,1,0,0,0,0,0,0,0,1,1,0,0
0,3.0,0,10.819798284210286,92.0,480.0,402.0,610577999.1777151,461656023.2714443,0,0,0,0,0,0,1,0,0,0,0,0,0,0,0,0,0,0,0,0,0,0,0,0,0,0,0,0,0,0,1,0,0,0,0,0,0,1,0,0,0,1,0,0,0,1
0,1.0,0,9.210440366976517,18.6,215.0,43.0,301960427.2911494,393603849.35176635,0,0,0,0,0,0,1,0,0,0,0,0,0,0,0,0,0,0,0,0,0,0,0,0,0,1,0,0,0,0,0,0,0,0,0,0,0,1,0,1,0,0,0,1,0,0
0,0.0,0,0.0,82.0,420.0,349.0,482634978.6003792,618059969.4139457,0,0,0,0,0,0,1,0,0,0,0,0,0,0,0,0,0,0,0,0,0,0,0,0,0,0,0,0,0,1,0,0,0,0,0,0,0,1,0,1,0,0,0,1,0,0
0,0.0,1,0.0,59.6,381.0,201.0,550204170.0873541,494775584.2562704,0,0,0,0,0,0,1,0,0,0,0,0,0,0,0,0,0,0,0,0,0,0,0,0,0,0,0,1,0,0,0,0,0,0,0,0,1,0,0,0,0,1,0,1,0,0
0,3.0,1,9.680406499268875,92.0,480.0,402.0,604656952.554908,457215238.30433905,0,0,0,0,0,0,1,0,0,0,0,0,0,0,0,0,0,0,0,0,0,0,0,0,0,0,0,0,0,0,1,0,0,0,0,0,0,1,0,0,1,0,0,1,0,0
0,2.0,0,10.34177474101152,82.0,420.0,349.0,482896125.0971945,556955855.3258485,0,0,0,0,0,0,1,0,0,0,0,0,0,0,0,0,0,0,0,0,0,0,0,0,0,0,0,0,0,1,0,0,0,0,0,0,0,1,0,1,0,0,0,1,0,0
0,1.0,1,1.791759469228055,18.6,215.0,43.0,639549851.4505292,391906174.9331617,0,0,0,0,0,0,1,0,0,0,0,0,0,0,0,0,0,0,0,0,0,0,0,0,0,1,0,0,0,0,0,0,0,0,0,0,0,1,0,1,0,0,0,1,0,0
0,3.0,0,8.006700845440367,82.0,420.0,349.0,744427394.664169,548392169.6813531,0,0,0,0,0,0,1,0,0,0,0,0,0,0,0,0,0,0,0,0,0,0,0,0,0,0,0,0,0,1,0,0,0,0,0,0,0,1,0,0,1,0,0,1,0,0
0,1.0,1,9.741027444837728,37.2,326.4,134.0,444098006.72114897,477854108.7923763,0,0,0,0,0,0,1,0,0,0,0,0,0,0,0,0,0,0,0,0,0,0,0,0,0,0,1,0,0,0,0,0,0,0,1,0,0,0,0,0,0,0,1,1,0,0
0,2.0,1,7.8636512654486515,37.2,326.4,134.0,323111183.2173022,392597958.08970267,0,0,0,0,0,0,1,0,0,0,0,0,0,0,0,0,0,0,0,0,0,0,0,0,0,0,1,0,0,0,0,0,0,0,0,0,0,1,0,0,1,0,0,1,0,0
0,4.0,0,8.987321812850125,42.0,318.6,147.0,330803869.2227333,421344700.66583747,0,0,0,0,0,0,1,0,0,0,0,0,0,0,0,0,0,0,0,0,0,0,0,0,1,0,0,0,0,0,0,0,0,0,0,0,0,1,0,0,0,1,0,0,0,1
0,1.0,0,11.775297421715827,18.6,215.0,43.0,302966816.516389,395068964.8285105,0,0,0,0,0,0,1,0,0,0,0,0,0,0,0,0,0,0,0,0,0,0,0,0,0,1,0,0,0,0,0,0,0,0,0,0,0,1,0,0,0,1,0,0,0,1
0,3.0,0,10.571342565808699,42.0,318.6,147.0,330803860.59259635,389983476.9129766,0,0,0,0,0,0,1,0,0,0,0,0,0,0,0,0,0,0,0,0,0,0,0,0,1,0,0,0,0,0,0,0,0,0,0,0,0,1,0,0,0,1,0,0,0,1
0,1.0,0,4.61512051684126,75.3,450.0,201.0,483996587.38645995,562685217.2653959,0,0,0,0,0,0,1,0,0,0,0,0,0,0,0,0,0,0,0,0,0,0,0,0,0,0,0,0,1,0,0,0,0,0,0,0,0,1,0,0,0,1,0,0,0,1
0,3.0,1,0.0,82.0,420.0,349.0,740194265.8298131,547057546.8573685,0,0,0,0,0,0,1,0,0,0,0,0,0,0,0,0,0,0,0,0,0,0,0,0,0,0,0,0,0,1,0,0,0,0,0,0,0,1,0,1,0,0,0,1,0,0
0,1.0,0,10.239995502805316,18.6,215.0,43.0,302639341.02916855,394592221.4447896,0,0,0,0,0,0,1,0,0,0,0,0,0,0,0,0,0,0,0,0,0,0,0,0,0,1,0,0,0,0,0,0,0,0,0,0,0,1,0,0,0,1,0,1,0,0
0,4.0,0,10.203629181337648,59.6,381.0,201.0,415097851.5044747,410555713.9012403,0,0,0,0,0,0,1,0,0,0,0,0,0,0,0,0,0,0,0,0,0,0,0,0,0,0,0,0,0,0,0,1,0,0,0,0,1,0,0,0,0,1,0,1,0,0
0,0.0,1,0.0,37.2,326.4,134.0,474131697.9832094,355229673.80989116,0,0,0,0,0,0,1,0,0,0,0,0,0,0,0,0,0,0,0,0,0,0,0,0,0,0,1,0,0,0,0,0,0,0,0,0,0,1,0,0,1,0,0,1,0,0
1,1.0,0,9.210440366976517,37.2,326.4,134.0,475073128.86173433,478727071.77283233,0,0,0,0,0,0,1,0,0,0,0,0,0,0,0,0,0,0,0,0,0,0,0,0,0,0,1,0,0,0,0,0,0,0,1,0,0,0,0,0,0,1,0,0,0,1
0,1.0,0,0.0,60.1,450.0,204.0,688268795.6493474,458550915.91273654,0,0,0,0,0,0,1,0,0,0,0,0,0,0,1,0,0,0,0,0,0,0,0,0,0,0,0,0,0,0,0,0,0,0,1,0,0,0,0,0,0,0,1,1,0,0
0,0.0,1,0.0,59.6,381.0,201.0,484666533.0259533,484666533.0259533,0,0,0,0,0,0,0,0,1,0,0,0,0,0,0,0,0,0,0,1,0,0,0,0,0,0,0,0,0,0,0,0,0,0,0,1,0,0,0,0,0,1,0,0,0,1
0,0.0,1,0.0,82.0,420.0,349.0,473059180.15323305,615824675.2962986,0,0,0,0,0,0,1,0,0,0,0,0,0,0,0,0,0,0,0,0,0,0,0,0,0,0,0,0,0,1,0,0,0,0,0,0,1,0,0,0,0,1,0,1,0,0
0,0.0,1,0.0,82.0,420.0,349.0,473931729.1728409,617320473.6156263,0,0,0,0,0,0,1,0,0,0,0,0,0,0,0,0,0,0,0,0,0,0,0,0,0,0,0,0,0,1,0,0,0,0,0,0,0,1,0,0,0,1,0,1,0,0
0,4.0,1,0.0,42.0,318.6,147.0,320324424.2912265,412749200.8905566,0,0,0,0,0,0,1,0,0,0,0,0,0,0,0,0,0,0,0,0,0,0,0,0,1,0,0,0,0,0,0,0,0,0,0,0,0,1,0,0,1,0,0,1,0,0
0,1.0,1,0.0,59.6,381.0,201.0,489919123.88123775,442046585.7002523,0,0,0,0,0,0,1,0,0,0,0,0,0,0,0,0,0,0,0,0,0,0,0,0,0,0,0,1,0,0,0,0,0,0,0,0,0,1,0,0,0,1,0,0,0,1
0,3.0,1,0.0,82.0,420.0,349.0,747739596.3535901,548179403.7239063,0,0,0,0,0,0,1,0,0,0,0,0,0,0,0,0,0,0,0,0,0,0,0,0,0,0,0,0,0,1,0,0,0,0,1,0,0,0,0,0,0,0,1,0,1,0
0,2.0,0,10.12667110305036,59.6,381.0,201.0,552138132.351505,451507802.54417986,0,0,0,0,0,0,1,0,0,0,0,0,0,0,0,0,0,0,0,0,0,0,0,0,0,0,0,1,0,0,0,0,0,0,0,0,0,1,0,0,1,0,0,1,0,0
0,2.0,0,10.085850775128717,18.6,215.0,43.0,302966816.3246957,402493386.0895186,0,0,0,0,0,0,1,0,0,0,0,0,0,0,0,0,0,0,0,0,0,0,0,0,0,1,0,0,0,0,0,0,0,0,0,0,0,1,0,0,0,1,0,0,0,1
0,2.0,1,0.0,82.0,420.0,349.0,482265551.84878683,556429259.5811677,0,0,0,0,0,0,1,0,0,0,0,0,0,0,0,0,0,0,0,0,0,0,0,0,0,0,0,0,0,1,0,0,0,0,0,0,0,1,0,0,1,0,0,1,0,0
0,1.0,1,1.791759469228055,18.6,215.0,43.0,642979803.1413504,393557337.72385937,0,0,0,0,0,0,1,0,0,0,0,0,0,0,0,0,0,0,0,0,0,0,0,0,0,1,0,0,0,0,0,0,0,0,0,0,0,1,0,0,1,0,0,1,0,0
0,0.0,1,0.0,18.6,215.0,43.0,484666533.0259533,335851574.1020086,0,0,0,0,0,0,1,0,0,0,0,0,0,0,0,0,0,0,0,0,0,0,0,0,0,1,0,0,0,0,0,0,0,0,0,0,1,0,0,0,0,1,0,1,0,0
0,4.0,0,10.645448706505872,82.0,420.0,349.0,747145846.3535901,541095026.8698579,0,0,0,0,0,0,1,0,0,0,0,0,0,0,0,0,0,0,0,0,0,0,0,0,0,0,0,0,0,1,0,0,0,0,0,0,0,1,0,1,0,0,0,1,0,0
0,0.0,1,0.0,60.1,450.0,204.0,368712989.7539975,477585941.37337524,0,0,0,0,0,0,1,0,0,0,0,0,0,0,1,0,0,0,0,0,0,0,0,0,0,0,0,0,0,0,0,0,0,0,0,0,0,1,0,0,0,1,0,1,0,0
0,0.0,1,9.137877200242468,18.6,215.0,43.0,302966816.12022287,337359950.6774276,0,0,0,0,0,0,1,0,0,0,0,0,0,0,0,0,0,0,0,0,0,0,0,0,0,1,0,0,0,0,0,0,0,0,0,0,0,1,0,0,0,1,0,0,0,1
1,1.0,0,10.819798284210286,18.6,215.0,43.0,642834875.6051185,393487570.2819989,0,0,0,0,0,0,1,0,0,0,0,0,0,0,0,0,0,0,0,0,0,0,0,0,0,1,0,0,0,0,0,0,0,0,0,0,0,1,0,1,0,0,0,1,0,0
0,0.0,1,0.0,18.6,215.0,43.0,428563800.1049611,335923417.6774276,0,0,0,0,0,0,1,0,0,0,0,0,0,0,0,0,0,0,0,0,0,0,0,0,0,1,0,0,0,0,0,0,0,0,0,0,1,0,0,0,0,1,0,1,0,0
1,2.0,0,9.105090961257085,18.6,215.0,43.0,641844537.4408673,399227705.14855915,0,0,0,0,0,0,1,0,0,0,0,0,0,0,0,0,0,0,0,0,0,0,0,0,0,1,0,0,0,0,0,0,0,0,0,0,0,1,0,1,0,0,0,1,0,0
0,1.0,0,8.517393171418904,60.1,450.0,204.0,372286842.3855764,460523737.83054477,0,0,0,0,0,0,1,0,0,0,0,0,0,0,1,0,0,0,0,0,0,0,0,0,0,0,0,0,0,0,0,0,0,0,0,0,1,0,0,0,0,1,0,1,0,0
0,0.0,1,0.0,18.6,215.0,43.0,302514740.3901909,335778948.40368456,0,0,0,0,0,0,1,0,0,0,0,0,0,0,0,0,0,0,0,0,0,0,0,0,0,1,0,0,0,0,0,0,0,0,0,0,1,0,0,0,0,1,0,1,0,0
0,1.0,0,10.915106645867503,59.6,381.0,201.0,487522432.7283452,439588961.7214387,0,0,0,0,0,0,1,0,0,0,0,0,0,0,0,0,0,0,0,0,0,0,0,0,0,0,0,1,0,0,0,0,0,0,0,0,0,1,0,1,0,0,0,1,0,0
0,1.0,1,0.0,37.2,326.4,134.0,473708704.4908016,476678213.026904,0,0,0,0,0,0,1,0,0,0,0,0,0,0,0,0,0,0,0,0,0,0,0,0,0,0,1,0,0,0,0,0,0,0,0,0,0,1,0,0,1,0,0,1,0,0
0,3.0,1,0.0,82.0,420.0,349.0,750083346.3535901,548759674.516943,0,0,0,0,0,0,1,0,0,0,0,0,0,0,0,0,0,0,0,0,0,0,0,0,0,0,0,0,0,1,0,0,0,0,1,0,0,0,0,0,0,0,1,0,1,0
1,3.0,0,7.355001921105257,92.0,480.0,402.0,571823876.5288986,459906027.77802324,0,0,0,0,0,0,1,0,0,0,0,0,0,0,0,0,0,0,0,0,0,0,0,0,0,0,0,0,0,0,1,0,0,0,1,0,0,0,0,0,0,0,1,1,0,0
0,2.0,1,0.0,18.6,215.0,43.0,302966816.67134106,402493386.8902566,0,0,0,0,0,0,1,0,0,0,0,0,0,0,0,0,0,0,0,0,0,0,0,0,0,1,0,0,0,0,0,0,0,0,0,0,0,1,0,0,0,1,0,0,0,1
0,1.0,1,0.0,18.6,215.0,43.0,302303877.77038264,394103849.35176635,0,0,0,0,0,0,1,0,0,0,0,0,0,0,0,0,0,0,0,0,0,0,0,0,0,1,0,0,0,0,0,0,0,0,0,0,0,1,0,0,1,0,0,1,0,0
0,0.0,1,0.0,59.6,381.0,201.0,488927391.40603113,497166888.6040965,0,0,0,0,0,0,1,0,0,0,0,0,0,0,0,0,0,0,0,0,0,0,0,0,0,0,0,1,0,0,0,0,0,0,1,0,0,0,0,0,0,0,1,1,0,0
0,1.0,0,0.0,59.6,381.0,201.0,432051214.2507333,432051214.2507333,0,1,0,0,0,0,0,0,0,0,0,0,0,0,0,0,0,0,0,1,0,0,0,0,0,0,0,0,0,0,0,0,0,0,0,0,0,1,0,0,1,0,0,1,0,0
0,1.0,1,0.0,59.6,381.0,201.0,397316948.2379134,438792351.5519472,0,0,0,0,0,0,1,0,0,0,0,0,0,0,0,0,0,0,0,0,0,0,0,0,0,0,0,1,0,0,0,0,0,0,0,0,0,1,0,0,1,0,0,1,0,0
0,4.0,0,10.819798284210286,82.0,420.0,349.0,743930462.1488314,541824193.5365245,0,0,0,0,0,0,1,0,0,0,0,0,0,0,0,0,0,0,0,0,0,0,0,0,0,0,0,0,0,1,0,0,0,0,0,0,0,1,0,1,0,0,0,1,0,0
0,2.0,0,10.985309671896763,75.3,450.0,201.0,484666533.0259533,398981933.59259635,0,0,0,0,0,0,1,0,0,0,0,0,0,0,0,0,0,0,0,0,0,0,0,0,0,0,0,0,1,0,0,0,0,0,0,0,0,1,0,0,0,1,0,1,0,0
0,0.0,0,9.90353755128617,18.6,215.0,43.0,644839706.522993,335879507.06290245,0,0,0,0,0,0,1,0,0,0,0,0,0,0,0,0,0,0,0,0,0,0,0,0,0,1,0,0,0,0,0,0,0,1,0,0,0,0,0,0,0,1,0,1,0,0
0,3.0,1,10.085850775128717,82.0,420.0,349.0,522291583.1412208,547496618.4240997,0,0,0,0,0,0,1,0,0,0,0,0,0,0,0,0,0,0,0,0,0,0,0,0,0,0,0,0,0,1,0,0,0,0,0,0,0,1,0,1,0,0,0,1,0,0
0,3.0,1,10.404293143019792,82.0,420.0,349.0,748231783.8535901,548301260.590444,0,0,0,0,0,0,1,0,0,0,0,0,0,0,0,0,0,0,0,0,0,0,0,0,0,0,0,0,0,1,0,0,0,0,0,0,0,1,0,0,1,0,0,1,0,0
0,0.0,1,7.824445930877619,14.7,170.0,27.0,352491800.976114,349073290.81767434,0,0,0,0,0,0,1,0,0,0,0,0,0,0,0,0,0,0,1,0,0,0,0,0,0,0,0,0,0,0,0,0,0,0,0,0,1,0,0,0,0,1,0,1,0,0
0,1.0,1,0.0,37.2,326.4,134.0,343332508.0949369,478727071.4666434,0,0,0,0,0,0,1,0,0,0,0,0,0,0,0,0,0,0,0,0,0,0,0,0,0,0,1,0,0,0,0,0,0,0,0,0,0,1,0,0,0,1,0,0,0,1
0,2.0,0,9.546884034617925,18.6,215.0,43.0,302602599.81511104,401652059.3921016,0,0,0,0,0,0,1,0,0,0,0,0,0,0,0,0,0,0,0,0,0,0,0,0,0,1,0,0,0,0,0,0,0,0,0,0,0,1,0,0,0,1,0,0,0,1
0,1.0,1,0.0,59.6,381.0,201.0,374025793.6253666,442046582.53076077,0,0,0,0,0,0,1,0,0,0,0,0,0,0,0,0,0,0,0,0,0,0,0,0,0,0,0,1,0,0,0,0,0,0,0,0,0,0,1,0,0,1,0,0,0,1
0,3.0,1,9.680406499268875,92.0,480.0,402.0,600902566.589996,454399448.83065486,0,0,0,0,0,0,1,0,0,0,0,0,0,0,0,0,0,0,0,0,0,0,0,0,0,0,0,0,0,0,1,0,0,0,0,0,0,1,0,1,0,0,0,1,0,0
0,1.0,1,9.210440366976517,59.6,381.0,201.0,374025820.7022897,442046585.5138116,0,0,0,0,0,0,1,0,0,0,0,0,0,0,0,0,0,0,0,0,0,0,0,0,0,0,0,1,0,0,0,0,0,0,0,0,0,1,0,0,0,1,0,0,0,1
0,3.0,0,10.778977123006351,82.0,420.0,349.0,488247426.8148236,547999519.7780648,0,0,0,0,0,0,1,0,0,0,0,0,0,0,0,0,0,0,0,0,0,0,0,0,0,0,0,0,0,1,0,0,0,0,0,0,0,1,0,0,0,1,0,0,0,1
0,3.0,0,10.404293143019792,82.0,420.0,349.0,484666533.0259533,549144585.1745832,0,0,0,0,0,0,1,0,0,0,0,0,0,0,0,0,0,0,0,0,0,0,0,0,0,0,0,0,0,1,0,0,0,0,0,0,0,1,0,0,0,1,0,0,0,1
0,3.0,0,12.100717685412471,37.2,326.4,134.0,342169244.66228384,439255533.99038357,0,0,0,0,0,0,1,0,0,0,0,0,0,0,0,0,0,0,0,0,0,0,0,0,0,0,1,0,0,0,0,0,0,0,0,0,1,0,0,0,0,1,0,0,0,1
0,0.0,1,0.0,59.6,381.0,201.0,489823951.19173723,520437875.3287208,0,0,0,0,0,0,1,0,0,0,0,0,0,0,0,0,0,0,0,1,0,0,0,0,0,0,0,0,0,0,0,0,0,0,0,1,0,0,0,0,0,1,0,1,0,0
0,4.0,1,9.472781556562168,42.0,318.6,147.0,330803872.88026756,421344703.66583747,0,0,0,0,0,0,1,0,0,0,0,0,0,0,0,0,0,0,0,0,0,0,0,0,1,0,0,0,0,0,0,0,0,0,0,0,0,1,0,0,0,1,0,0,0,1
0,1.0,0,4.394449154672439,18.6,215.0,43.0,302966815.70648485,395068963.64944077,0,0,0,0,0,0,1,0,0,0,0,0,0,0,0,0,0,0,0,0,0,0,0,0,0,1,0,0,0,0,0,0,0,0,0,0,0,1,0,0,0,1,0,0,0,1
0,1.0,0,9.392745258631441,18.6,215.0,43.0,642907339.3732345,393522454.0029291,0,0,0,0,0,0,1,0,0,0,0,0,0,0,0,0,0,0,0,0,0,0,0,0,0,1,0,0,0,0,0,0,0,0,0,0,0,1,0,0,1,0,0,1,0,0
0,3.0,0,9.99884318585288,82.0,420.0,349.0,475662121.3297036,548283852.4666529,0,0,0,0,0,0,1,0,0,0,0,0,0,0,0,0,0,0,0,0,0,0,0,0,0,0,0,0,0,1,0,0,0,0,0,0,0,1,0,0,1,0,0,1,0,0
1,0.0,1,0.0,59.6,381.0,201.0,462696848.2054121,462696848.2054121,0,0,0,0,0,0,1,0,0,0,0,0,0,0,0,0,0,0,0,1,0,0,0,0,0,0,0,0,0,0,0,0,0,0,0,0,1,0,0,0,0,1,0,1,0,0
0,4.0,1,0.0,42.0,318.6,147.0,322187437.9898566,414277290.77819705,0,0,0,0,0,0,1,0,0,0,0,0,0,0,0,0,0,0,0,0,0,0,0,0,1,0,0,0,0,0,0,0,0,0,0,0,0,1,0,0,1,0,0,1,0,0
0,0.0,0,7.3783837129967145,59.6,381.0,201.0,487253837.68702286,494651360.65378594,0,0,0,0,0,0,1,0,0,0,0,0,0,0,0,0,0,0,0,0,0,0,0,0,0,0,0,1,0,0,0,0,0,0,0,0,1,0,0,0,0,1,0,0,0,1
0,1.0,0,7.601402334583733,82.0,420.0,349.0,471519964.4669585,655932676.8155096,0,0,0,0,0,0,1,0,0,0,0,0,0,0,0,0,0,0,0,0,0,0,0,0,0,0,0,0,0,1,0,0,0,0,0,0,0,1,0,1,0,0,0,1,0,0
0,3.0,0,4.382026634673881,59.6,381.0,201.0,723358871.5584257,764888777.5216278,0,0,0,1,0,0,0,0,0,0,0,0,0,0,0,0,0,0,0,1,0,0,0,0,0,0,0,0,0,0,0,0,0,0,0,0,0,1,0,1,0,0,0,1,0,0
0,2.0,0,9.332646496360152,18.6,215.0,43.0,302966816.5483379,402493386.60612375,0,0,0,0,0,0,1,0,0,0,0,0,0,0,0,0,0,0,0,0,0,0,0,0,0,1,0,0,0,0,0,0,0,0,0,0,0,1,0,0,0,1,0,0,0,1
0,3.0,0,11.0186455364637,82.0,420.0,349.0,748708346.3535901,548419248.985028,0,0,0,0,0,0,1,0,0,0,0,0,0,0,0,0,0,0,0,0,0,0,0,0,0,0,0,0,0,1,0,0,0,0,0,0,0,1,0,0,1,0,0,1,0,0
0,2.0,0,9.210440366976517,18.6,215.0,43.0,302660107.8023315,401784900.7205149,0,0,0,0,0,0,1,0,0,0,0,0,0,0,0,0,0,0,0,0,0,0,0,0,0,1,0,0,0,0,0,0,0,0,0,0,1,0,0,0,0,1,0,0,0,1
0,3.0,0,11.082157933374816,82.0,420.0,349.0,493628406.1750502,547655225.7741964,0,0,0,0,0,0,1,0,0,0,0,0,0,0,0,0,0,0,0,0,0,0,0,0,0,0,0,0,0,1,0,0,0,0,0,0,0,1,0,0,0,1,0,1,0,0
1,2.0,0,10.596659732783579,37.2,326.4,134.0,440606043.2054121,393673907.4567913,0,0,0,0,0,0,1,0,0,0,0,0,0,0,0,0,0,0,0,0,0,0,0,0,0,0,1,0,0,0,0,0,0,0,0,0,0,1,0,0,0,1,0,0,1,0
0,1.0,1,0.0,59.6,381.0,201.0,484666533.0259533,440605988.93268484,0,0,0,0,0,0,1,0,0,0,0,0,0,0,0,0,0,0,0,0,0,0,0,1,0,0,0,0,0,0,0,0,0,0,0,0,0,1,0,0,0,1,0,0,0,1
0,1.0,1,0.0,59.6,381.0,201.0,397761392.6823579,439063537.9926252,0,0,0,0,0,0,1,0,0,0,0,0,0,0,0,0,0,0,0,0,0,0,0,0,0,0,0,1,0,0,0,0,0,0,0,1,0,0,0,0,1,0,0,1,0,0
0,2.0,0,9.61587214452889,13.4,170.0,26.8,440605954.93268484,427805444.1882944,0,0,0,0,0,0,0,0,1,0,0,0,0,0,0,0,0,0,0,1,0,0,0,0,0,0,0,0,0,0,0,0,0,0,0,0,1,0,0,0,0,1,0,0,0,1
0,0.0,1,0.0,18.6,215.0,43.0,302547104.60744333,335892132.7612265,0,0,0,0,0,0,1,0,0,0,0,0,0,0,0,0,0,0,0,0,0,0,0,0,0,1,0,0,0,0,0,0,0,0,0,0,1,0,0,0,0,1,0,1,0,0
0,3.0,0,0.0,18.6,215.0,43.0,298493973.617028,459311965.3309527,0,0,0,0,0,0,1,0,0,0,0,0,0,0,0,0,0,0,0,0,0,0,0,0,0,1,0,0,0,0,0,0,0,0,0,0,0,1,0,1,0,0,0,0,1,0
0,3.0,1,0.0,82.0,420.0,349.0,746169283.8535901,547790622.2925717,0,0,0,0,0,0,1,0,0,0,0,0,0,0,0,0,0,0,0,0,0,0,0,0,0,0,0,0,0,1,0,0,0,0,0,1,0,0,0,0,1,0,0,1,0,0
0,2.0,1,10.691967639914864,18.6,215.0,43.0,295460427.2911494,385153904.4105518,0,0,0,0,0,0,1,0,0,0,0,0,0,0,0,0,0,0,0,0,0,0,0,0,0,1,0,0,0,0,0,0,0,0,0,0,0,1,0,1,0,0,0,0,1,0
0,0.0,1,0.0,18.6,215.0,43.0,302553079.0483379,335913026.6159751,0,0,0,0,0,0,1,0,0,0,0,0,0,0,0,0,0,0,0,0,0,0,0,0,0,1,0,0,0,0,0,0,0,0,1,0,0,0,0,0,0,0,1,1,0,0
0,2.0,0,8.699681400989514,18.6,215.0,43.0,484666533.0259533,402493386.8644263,0,0,0,0,0,0,1,0,0,0,0,0,0,0,0,0,0,0,0,0,0,0,0,0,0,1,0,0,0,0,0,0,0,0,0,0,0,1,0,0,0,1,0,0,0,1
0,3.0,0,9.358846580275406,92.0,480.0,402.0,573285408.6827446,461656020.22539157,0,0,0,0,0,0,1,0,0,0,0,0,0,0,0,0,0,0,0,0,0,0,0,0,0,0,0,0,0,0,1,0,0,0,0,0,0,1,0,0,0,1,0,0,0,1
0,4.0,0,11.418625774449598,75.3,450.0,201.0,490552139.1541367,436282010.7891948,0,0,0,0,0,0,1,0,0,0,0,0,0,0,0,0,0,0,0,0,0,0,0,0,0,0,0,0,1,0,0,0,0,0,0,0,0,1,0,0,0,1,0,0,0,1
0,1.0,0,9.546884034617925,18.6,215.0,43.0,302966815.9413091,395068963.99130124,0,0,0,0,0,0,1,0,0,0,0,0,0,0,0,0,0,0,0,0,0,0,0,0,0,1,0,0,0,0,0,0,0,0,0,1,0,0,0,0,0,1,0,0,0,1
0,0.0,1,0.0,18.6,215.0,43.0,449992110.8549611,337359952.47631025,0,0,0,0,0,0,1,0,0,0,0,0,0,0,0,0,0,0,0,0,0,0,0,0,0,1,0,0,0,0,0,0,0,0,0,0,0,1,0,0,0,1,0,0,0,1
0,4.0,1,10.434145214930487,82.0,420.0,349.0,743445799.5721445,541275582.4254135,0,0,0,0,0,0,1,0,0,0,0,0,0,0,0,0,0,0,0,0,0,0,0,0,0,0,0,0,0,1,0,0,0,0,1,0,0,0,0,0,1,0,0,0,1,0
0,3.0,1,0.0,37.2,326.4,134.0,473619767.3975261,434255533.99038357,0,0,0,0,0,0,1,0,0,0,0,0,0,0,0,0,0,0,0,0,0,0,0,0,0,0,1,0,0,0,0,0,0,0,0,1,0,0,0,0,1,0,0,1,0,0
0,1.0,0,9.798182590890704,75.3,450.0,201.0,626502694.7407442,562403008.6764389,0,0,0,0,0,0,1,0,0,0,0,0,0,0,0,0,0,0,0,0,0,0,0,0,0,0,0,0,1,0,0,0,0,0,0,1,0,0,0,0,1,0,0,1,0,0
0,2.0,0,9.392745258631441,37.2,326.4,134.0,473500461.5406931,392298380.03063095,0,0,0,0,0,0,1,0,0,0,0,0,0,0,0,0,0,0,0,0,0,0,0,0,0,0,1,0,0,0,0,0,0,0,0,0,0,1,0,1,0,0,0,1,0,0
0,1.0,1,0.0,37.2,326.4,134.0,341389652.8255491,477176584.3624089,0,0,0,0,0,0,1,0,0,0,0,0,0,0,0,0,0,0,0,0,0,0,0,0,0,0,1,0,0,0,0,0,0,0,0,0,0,1,0,0,0,1,0,1,0,0
0,0.0,1,0.0,82.0,420.0,349.0,473784670.3493115,617068372.7752901,0,0,0,0,0,0,1,0,0,0,0,0,0,0,0,0,0,0,0,0,0,0,0,0,0,0,0,0,0,1,0,0,0,0,0,0,0,1,0,0,0,1,0,1,0,0
0,0.0,1,0.0,37.2,326.4,134.0,473925624.2304979,354724354.660955,0,0,0,0,0,0,1,0,0,0,0,0,0,0,0,0,0,0,0,0,0,0,0,0,0,0,1,0,0,0,0,0,0,0,0,0,1,0,0,0,0,1,0,1,0,0
0,2.0,0,11.156264806643742,59.6,381.0,201.0,440605999.56904846,440605999.56904846,0,0,0,0,0,0,1,0,0,0,0,0,0,0,0,0,0,0,0,1,0,0,0,0,0,0,0,0,0,0,0,0,0,0,0,0,1,0,0,0,0,1,0,0,0,1
0,2.0,1,0.0,82.0,420.0,349.0,742703468.2838008,556950536.1769123,0,0,0,0,0,0,1,0,0,0,0,0,0,0,0,0,0,0,0,0,0,0,0,0,0,0,0,0,0,1,0,0,0,0,0,1,0,0,0,0,1,0,0,1,0,0
0,4.0,1,0.0,82.0,420.0,349.0,741053161.5353346,538567249.0920801,0,0,0,0,0,0,1,0,0,0,0,0,0,0,0,0,0,0,0,0,0,0,0,0,0,0,0,0,0,1,0,0,0,0,0,0,0,1,0,1,0,0,0,1,0,0
0,1.0,0,9.546884034617925,75.3,450.0,201.0,648827913.8793398,563108530.1488315,0,0,0,0,0,0,1,0,0,0,0,0,0,0,0,0,0,0,0,0,0,0,0,0,0,0,0,0,1,0,0,0,0,0,0,0,0,1,0,0,1,0,0,1,0,0
0,2.0,0,9.798182590890704,82.0,420.0,349.0,746247408.8535901,556844153.198189,0,0,0,0,0,0,1,0,0,0,0,0,0,0,0,0,0,0,0,0,0,0,0,0,0,0,0,0,0,1,0,0,0,0,0,1,0,0,0,0,1,0,0,1,0,0
0,1.0,0,10.645448706505872,37.2,326.4,134.0,473405016.85522676,476222186.96827203,0,0,0,0,0,0,1,0,0,0,0,0,0,0,0,0,0,0,0,0,0,0,0,0,0,0,1,0,0,0,0,0,0,0,0,0,0,1,0,1,0,0,0,1,0,0
0,3.0,0,9.210340371976184,59.6,381.0,201.0,534259185.0144185,692333281.4270314,0,0,0,0,0,1,0,0,0,0,0,0,0,0,0,0,0,0,0,0,1,0,0,0,0,0,0,0,0,0,0,0,0,0,0,0,0,1,0,1,0,0,0,1,0,0
0,3.0,0,9.741027444837728,59.6,381.0,201.0,479696848.2054121,744666613.2103813,0,0,0,0,1,0,0,0,0,0,0,1,0,0,0,0,0,0,0,0,0,0,0,0,0,0,0,0,0,0,0,0,0,0,0,0,0,1,0,0,0,1,0,0,1,0
0,3.0,0,10.757924157061597,92.0,480.0,402.0,643201519.3083612,456820501.4622338,0,0,0,0,0,0,1,0,0,0,0,0,0,0,0,0,0,0,0,0,0,0,0,0,0,0,0,0,0,0,1,0,0,0,0,0,0,1,0,1,0,0,0,1,0,0
0,1.0,1,0.0,37.2,326.4,134.0,474086144.83787316,477244988.27120364,0,0,0,0,0,0,1,0,0,0,0,0,0,0,0,0,0,0,0,0,0,0,0,0,0,0,1,0,0,0,0,0,0,0,0,0,0,1,0,0,1,0,0,1,0,0
0,1.0,0,8.853808274977197,59.6,381.0,201.0,487237308.761403,439296588.84008276,0,0,0,0,0,0,1,0,0,0,0,0,0,0,0,0,0,0,0,0,0,0,0,0,0,0,0,1,0,0,0,0,0,0,0,0,0,1,0,0,0,1,0,0,1,0
0,0.0,1,0.0,59.6,381.0,201.0,484666533.0259533,484666533.0259533,0,0,0,0,1,0,0,0,0,0,0,0,0,0,0,0,0,0,0,1,0,0,0,0,0,0,0,0,0,0,0,0,0,0,0,1,0,0,0,0,1,0,0,1,0,0
0,1.0,0,9.741027444837728,18.6,215.0,43.0,302567456.045143,394487570.2819989,0,0,0,0,0,0,1,0,0,0,0,0,0,0,0,0,0,0,0,0,0,0,0,0,0,1,0,0,0,0,0,0,0,0,0,0,1,0,0,0,0,1,0,0,0,1
0,1.0,1,0.0,37.2,326.4,134.0,474480938.76412046,477837822.1474252,0,0,0,0,0,0,1,0,0,0,0,0,0,0,0,0,0,0,0,0,0,0,0,0,0,0,1,0,0,0,0,0,0,0,1,0,0,0,0,0,0,0,1,1,0,0
0,4.0,0,11.002116507732017,42.0,318.6,147.0,330803869.5651991,421344700.9467364,0,0,0,0,0,0,1,0,0,0,0,0,0,0,0,0,0,0,0,0,0,0,0,0,1,0,0,0,0,0,0,0,0,0,0,0,0,1,0,0,0,1,0,0,0,1
1,1.0,0,9.472781556562168,18.6,215.0,43.0,302554676.49242735,394468965.63083607,0,0,0,0,0,0,1,0,0,0,0,0,0,0,0,0,0,0,0,0,0,0,0,0,0,1,0,0,0,0,0,0,0,0,0,0,1,0,0,0,0,1,0,1,0,0
0,0.0,1,0.0,59.6,381.0,201.0,555157000.2760334,498036453.8214878,0,0,0,0,0,0,1,0,0,0,0,0,0,0,0,0,0,0,0,0,0,0,0,0,0,0,0,1,0,0,0,0,0,0,0,0,0,1,0,0,0,1,0,1,0,0
0,2.0,0,9.210440366976517,17.0,150.0,41.0,484666533.0259533,484666533.0259533,0,0,0,0,0,0,1,0,0,0,0,0,0,0,0,0,0,0,0,1,0,0,0,0,0,0,0,0,0,0,0,0,0,0,0,0,0,1,0,0,0,1,0,0,0,1
0,3.0,1,10.757924157061597,82.0,420.0,349.0,742488744.3574204,547780951.1126877,0,0,0,0,0,0,1,0,0,0,0,0,0,0,0,0,0,0,0,0,0,0,0,0,0,0,0,0,0,1,0,0,0,0,0,1,0,0,0,0,1,0,0,1,0,0
0,0.0,1,0.0,59.6,381.0,201.0,406119091.9471095,484666533.0259533,0,1,0,0,0,0,0,0,0,0,0,0,0,0,0,0,0,0,0,1,0,0,0,0,0,0,0,0,0,0,0,0,0,0,0,0,0,1,0,0,0,1,0,0,1,0
1,1.0,0,10.714439990727769,37.2,326.4,134.0,473665320.5428623,476613066.44709945,0,0,0,0,0,0,1,0,0,0,0,0,0,0,0,0,0,0,0,0,0,0,0,0,0,0,1,0,0,0,0,0,0,0,0,0,0,1,0,1,0,0,0,1,0,0
0,3.0,0,10.933124826700707,59.6,381.0,201.0,373058701.01038134,465555506.6882944,0,0,0,0,0,0,1,0,0,1,0,0,0,0,0,0,0,0,0,0,0,0,0,0,0,0,0,0,0,0,0,0,0,0,0,0,0,1,0,0,0,1,0,0,0,1
0,0.0,1,0.0,37.2,326.4,134.0,343332509.4092226,357538183.71946555,0,0,0,0,0,0,1,0,0,0,0,0,0,0,0,0,0,0,0,0,0,0,0,0,0,0,1,0,0,0,0,0,0,0,0,0,0,1,0,0,0,1,0,0,0,1
1,1.0,0,9.105090961257085,37.2,326.4,134.0,475073128.6122766,478727071.3982395,0,0,0,0,0,0,1,0,0,0,0,0,0,0,0,0,0,0,0,0,0,0,0,0,0,0,1,0,0,0,0,0,0,0,0,0,0,1,0,0,0,1,0,0,0,1
0,6.0,1,0.0,82.0,420.0,349.0,472318984.0748016,484666533.0259533,0,0,0,0,0,0,1,0,0,0,0,0,0,0,0,0,0,0,0,0,0,0,0,0,0,0,0,0,0,1,0,0,0,0,0,0,0,1,0,1,0,0,0,1,0,0
0,1.0,1,0.0,18.6,215.0,43.0,427283441.51297665,395068965.0168826,0,0,0,0,0,0,1,0,0,0,0,0,0,0,0,0,0,0,0,0,0,0,0,0,0,1,0,0,0,0,0,0,0,0,0,0,0,1,0,0,0,1,0,0,0,1
0,1.0,0,8.853808274977197,59.6,381.0,201.0,550449453.106222,439508453.2468625,0,0,0,0,0,0,1,0,0,0,0,0,0,0,0,0,0,0,0,0,0,0,0,0,0,0,0,1,0,0,0,0,0,0,0,0,0,1,0,0,1,0,0,1,0,0
0,1.0,0,8.006700845440367,37.2,326.4,134.0,475073128.2109751,478727070.7956336,0,0,0,0,0,0,1,0,0,0,0,0,0,0,0,0,0,0,0,0,0,0,0,0,0,0,1,0,0,0,0,0,0,0,0,0,0,1,0,0,0,1,0,0,0,1
0,1.0,1,0.0,59.6,381.0,201.0,477522432.7283452,429334724.4333031,0,0,0,0,0,0,1,0,0,0,0,0,0,0,0,0,0,0,0,0,0,0,0,0,0,0,0,1,0,0,0,0,0,0,0,0,0,0,1,1,0,0,0,0,1,0
0,2.0,0,9.61587214452889,92.0,480.0,402.0,566746953.4519755,471442039.15975344,0,0,0,0,0,0,1,0,0,0,0,0,0,0,0,0,0,0,0,0,0,0,0,0,0,0,0,0,0,0,1,0,0,0,0,0,0,1,0,0,0,1,0,0,1,0
0,1.0,1,0.0,37.2,326.0,136.0,374890731.07288814,568202415.0449833,0,0,0,0,0,0,1,0,0,0,0,0,1,0,0,0,0,0,0,0,0,0,0,0,0,0,0,0,0,0,0,0,0,0,0,0,0,1,0,0,1,0,0,1,0,0
1,1.0,0,0.0,18.6,215.0,43.0,302966816.6761334,395068965.06106865,0,0,0,0,0,0,1,0,0,0,0,0,0,0,0,0,0,0,0,0,0,0,0,0,0,1,0,0,0,0,0,0,0,0,0,0,0,1,0,0,0,1,0,0,0,1
0,0.0,0,5.991464547107982,59.6,381.0,201.0,550487188.9552786,494961919.6599971,0,0,0,0,0,0,1,0,0,0,0,0,0,0,0,0,0,0,0,0,0,0,0,0,0,0,0,1,0,0,0,0,0,0,0,0,0,1,0,1,0,0,0,1,0,0
0,3.0,0,10.373522431293592,82.0,420.0,349.0,745347640.0629419,548682305.0778714,0,0,0,0,0,0,1,0,0,0,0,0,0,0,0,0,0,0,0,0,0,0,0,0,0,0,0,0,0,1,0,0,0,0,1,0,0,0,0,0,0,0,1,1,0,0
0,3.0,0,10.591220100394574,82.0,420.0,349.0,741813897.7316537,547568185.1552409,0,0,0,0,0,0,1,0,0,0,0,0,0,0,0,0,0,0,0,0,0,0,0,0,0,0,0,0,0,1,0,0,0,0,0,0,0,1,0,1,0,0,0,1,0,0
0,2.0,0,8.294299608857235,92.0,480.0,402.0,568895305.1003271,476152882.5332474,0,0,0,0,0,0,1,0,0,0,0,0,0,0,0,0,0,0,0,0,0,0,0,0,0,0,0,0,0,0,1,0,0,0,0,0,0,1,0,1,0,0,0,1,0,0
0,0.0,1,0.0,18.6,215.0,43.0,301546689.27198005,332393473.5433494,0,0,0,0,0,0,1,0,0,0,0,0,0,0,0,0,0,0,0,0,0,0,0,0,0,1,0,0,0,0,0,0,0,0,0,0,0,1,0,0,1,0,0,1,0,0
0,1.0,0,9.105090961257085,18.6,215.0,43.0,301608989.5914689,393092221.4447896,0,0,0,0,0,0,1,0,0,0,0,0,0,0,0,0,0,0,0,0,0,0,0,0,0,1,0,0,0,0,0,0,0,0,0,0,0,1,0,1,0,0,0,1,0,0
0,0.0,1,0.0,82.0,420.0,349.0,471907219.3689193,613849885.3803321,0,0,0,0,0,0,0,1,0,0,0,0,0,0,0,0,0,0,0,0,0,0,0,0,0,0,0,0,0,1,0,0,0,0,0,0,0,1,0,0,0,1,0,0,0,1
1,4.0,1,9.99884318585288,59.6,381.0,201.0,414684058.4010264,410055713.9012403,0,0,0,0,0,0,1,0,0,0,0,0,0,0,0,0,0,0,0,0,0,0,0,0,0,0,0,0,0,0,0,1,0,0,0,0,0,1,0,0,1,0,0,1,0,0
0,1.0,0,8.294299608857235,60.1,450.0,204.0,480044511.81730217,440606006.3872303,0,0,0,0,0,0,1,0,0,0,0,0,0,0,0,0,0,0,0,1,0,0,0,0,0,0,0,0,0,0,0,0,0,0,0,0,0,1,0,0,0,1,0,0,0,1
0,1.0,0,8.006700845440367,60.1,450.0,204.0,368607726.5961028,455735847.4195859,0,0,0,0,0,0,1,0,0,0,0,0,0,0,1,0,0,0,0,0,0,0,0,0,0,0,0,0,0,0,0,0,0,0,0,0,1,0,0,0,0,1,0,1,0,0
0,0.0,1,0.0,37.2,326.4,134.0,474086144.83787316,355117971.6822315,0,0,0,0,0,0,1,0,0,0,0,0,0,0,0,0,0,0,0,0,0,0,0,0,0,0,1,0,0,0,0,0,0,0,0,0,0,1,0,0,1,0,0,1,0,0
0,1.0,1,0.0,92.0,480.0,402.0,565675524.8805469,657937544.9082012,0,0,0,0,0,0,1,0,0,0,0,0,0,0,0,0,0,0,0,0,0,0,0,0,0,0,0,0,0,0,1,0,0,0,0,0,0,1,0,0,0,1,0,1,0,0
0,1.0,1,0.0,37.2,326.0,136.0,573433266.5129766,578202415.0449833,0,0,0,0,0,0,1,0,0,0,0,0,1,0,0,0,0,0,0,0,0,0,0,0,0,0,0,0,0,0,0,0,0,0,1,0,0,0,0,0,0,0,1,0,1,0
0,1.0,1,0.0,37.2,326.0,136.0,484666533.0259533,560166700.759269,0,0,0,0,0,0,1,0,0,0,0,0,1,0,0,0,0,0,0,0,0,0,0,0,0,0,0,0,0,0,0,0,0,0,0,0,0,1,0,0,1,0,0,1,0,0
0,3.0,0,9.90353755128617,92.0,480.0,402.0,610577995.1864871,461656020.27802324,0,0,0,0,0,0,1,0,0,0,0,0,0,0,0,0,0,0,0,0,0,0,0,0,0,0,0,0,0,0,1,0,0,0,0,0,0,1,0,0,0,1,0,0,0,1
0,3.0,1,10.596659732783579,82.0,420.0,349.0,555854083.1412208,548535303.1436354,0,0,0,0,0,0,1,0,0,0,0,0,0,0,0,0,0,0,0,0,0,0,0,0,0,0,0,0,0,1,0,0,0,0,1,0,0,0,0,0,0,0,1,1,0,0
0,1.0,0,10.596659732783579,37.2,326.4,134.0,474563368.265205,477961600.6490538,0,0,0,0,0,0,1,0,0,0,0,0,0,0,0,0,0,0,0,0,0,0,0,0,0,0,1,0,0,0,0,0,0,0,1,0,0,0,0,0,0,0,1,1,0,0
0,0.0,1,0.0,37.2,326.4,134.0,484666533.0259533,441388815.3549611,0,0,0,0,0,0,1,0,0,0,0,0,0,0,0,0,0,0,0,0,0,0,1,0,0,0,0,0,0,0,0,0,0,0,0,0,1,0,0,0,0,1,0,1,0,0
0,0.0,1,0.0,37.2,326.4,134.0,343332508.9071818,357538183.0652103,0,0,0,0,0,0,1,0,0,0,0,0,0,0,0,0,0,0,0,0,0,0,0,0,0,0,1,0,0,0,0,0,0,0,0,0,0,1,0,0,0,1,0,0,0,1
0,3.0,1,8.517393171418904,82.0,420.0,349.0,751638022.9707776,549144584.7819333,0,0,0,0,0,0,1,0,0,0,0,0,0,0,0,0,0,0,0,0,0,0,0,0,0,0,0,0,0,1,0,0,0,0,0,0,0,1,0,0,0,1,0,0,0,1
0,3.0,0,11.050905878263567,82.0,420.0,349.0,494333669.3329449,547914413.3950862,0,0,0,0,0,0,1,0,0,0,0,0,0,0,0,0,0,0,0,0,0,0,0,0,0,0,0,0,0,1,0,0,0,0,0,0,1,0,0,0,0,1,0,0,0,1
0,1.0,0,9.210440366976517,82.0,420.0,349.0,474024866.42774284,660708377.7500892,0,0,0,0,0,0,1,0,0,0,0,0,0,0,0,0,0,0,0,0,0,0,0,0,0,0,0,0,0,1,0,0,0,0,0,0,1,0,0,0,0,1,0,0,0,1
0,1.0,0,10.308985993422082,59.6,381.0,201.0,398553059.34902453,439546588.84008276,0,0,0,0,0,0,1,0,0,0,0,0,0,0,0,0,0,0,0,0,0,0,0,0,0,0,0,1,0,0,0,0,0,0,0,0,0,1,0,0,0,1,0,0,0,1
0,1.0,0,8.517393171418904,75.3,450.0,201.0,484666533.0259533,562587057.7561935,0,0,0,0,0,0,1,0,0,0,0,0,0,0,0,0,0,0,0,0,0,0,0,0,0,0,0,0,1,0,0,0,0,0,0,0,0,1,0,0,0,1,0,1,0,0
0,0.0,1,0.0,60.1,450.0,204.0,371860358.1750502,481626481.9139158,0,0,0,0,0,0,1,0,0,0,0,0,0,0,1,0,0,0,0,0,0,0,0,0,0,0,0,0,0,0,0,0,0,0,0,0,0,1,0,0,0,1,0,1,0,0
0,2.0,0,9.90353755128617,59.6,381.0,201.0,487377804.6291716,450233292.7402584,0,0,0,0,0,0,1,0,0,0,0,0,0,0,0,0,0,0,0,0,0,0,0,0,0,0,0,1,0,0,0,0,0,0,0,0,0,1,0,0,0,1,0,1,0,0
0,1.0,1,0.0,59.6,381.0,201.0,549496622.9175428,439080487.1451675,0,0,0,0,0,0,1,0,0,0,0,0,0,0,0,0,0,0,0,0,0,0,0,0,0,0,0,1,0,0,0,0,0,0,0,1,0,0,0,0,1,0,0,1,0,0
0,3.0,1,7.438971592395862,42.0,318.6,147.0,330803867.04465115,389983500.46297663,0,0,0,0,0,0,1,0,0,0,0,0,0,0,0,0,0,0,0,0,0,0,0,0,1,0,0,0,0,0,0,0,0,0,0,0,0,1,0,0,0,1,0,0,0,1
1,1.0,0,8.294299608857235,18.6,215.0,43.0,644931493.9626064,394496872.6075803,0,0,0,0,0,0,1,0,0,0,0,0,0,0,0,0,0,0,0,0,0,0,0,0,0,1,0,0,0,0,0,0,0,0,1,0,0,0,0,0,0,0,1,1,0,0
0,1.0,1,0.0,92.0,480.0,402.0,642852682.0990589,663364895.3355516,0,0,0,0,0,0,1,0,0,0,0,0,0,0,0,0,0,0,0,0,0,0,0,0,0,0,0,0,0,0,1,0,0,0,0,0,0,1,0,0,1,0,0,1,0,0
0,2.0,0,9.392745258631441,18.6,215.0,43.0,643095745.1703359,400183424.70575476,0,0,0,0,0,0,1,0,0,0,0,0,0,0,0,0,0,0,0,0,0,0,0,0,0,1,0,0,0,0,0,0,0,0,0,0,0,1,0,0,1,0,0,1,0,0
1,1.0,1,10.434145214930487,59.6,381.0,201.0,487332350.0837171,439394046.4672014,0,0,0,0,0,0,1,0,0,0,0,0,0,0,0,0,0,0,0,0,0,0,0,0,0,0,0,1,0,0,0,0,0,0,0,0,0,1,0,0,1,0,0,1,0,0
0,4.0,0,10.463131911491967,42.0,318.6,147.0,609150494.5245011,414153695.27257895,0,0,0,0,0,0,1,0,0,0,0,0,0,0,0,0,0,0,0,0,0,0,0,0,1,0,0,0,0,0,0,0,0,0,0,0,0,1,0,1,0,0,0,1,0,0
1,1.0,0,9.210440366976517,18.6,215.0,43.0,302966816.35664463,395068964.5959524,0,0,0,0,0,0,1,0,0,0,0,0,0,0,0,0,0,0,0,0,0,0,0,0,0,1,0,0,0,0,0,0,0,0,0,0,0,1,0,0,0,1,0,0,0,1
0,1.0,0,9.305741456739435,18.6,215.0,43.0,302567456.045143,394487570.2819989,0,0,0,0,0,0,1,0,0,0,0,0,0,0,0,0,0,0,0,0,0,0,0,0,0,1,0,0,0,0,0,0,0,0,0,0,0,1,0,0,0,1,0,1,0,0
0,2.0,0,9.305741456739435,75.3,450.0,201.0,509452626.76166236,408707949.27752787,0,0,0,0,0,0,1,0,0,0,0,0,0,0,0,0,0,0,0,0,0,0,0,0,0,0,0,0,1,0,0,0,0,0,0,0,0,1,0,0,0,1,0,0,0,1
0,1.0,0,10.968215530759236,18.6,215.0,43.0,643293812.8031862,393708500.514557,0,0,0,0,0,0,1,0,0,0,0,0,0,0,0,0,0,0,0,0,0,0,0,0,0,1,0,0,0,0,0,0,0,0,0,0,0,1,0,1,0,0,0,1,0,0
0,1.0,1,0.0,37.2,326.4,134.0,340822305.88677365,476723815.6327672,0,0,0,0,0,0,1,0,0,0,0,0,0,0,0,0,0,0,0,0,0,0,0,0,0,0,1,0,0,0,0,0,0,0,0,0,0,1,0,0,1,0,0,1,0,0
0,2.0,0,0.0,82.0,420.0,349.0,625716680.8564883,556737770.2194656,0,0,0,0,0,0,1,0,0,0,0,0,0,0,0,0,0,0,0,0,0,0,0,0,0,0,0,0,0,1,0,0,0,0,0,0,0,1,0,1,0,0,0,1,0,0
0,0.0,1,0.0,59.6,381.0,201.0,484666533.0259533,484666533.0259533,0,0,0,0,1,0,0,0,0,0,0,0,0,0,0,0,0,0,0,1,0,0,0,0,0,0,0,0,0,0,0,0,0,0,0,0,0,1,0,0,0,1,0,0,0,1
0,2.0,0,10.308985993422082,37.2,326.4,134.0,475073127.9203026,395357448.38928074,0,0,0,0,0,0,1,0,0,0,0,0,0,0,0,0,0,0,0,0,0,0,0,0,0,0,1,0,0,0,0,0,0,0,0,0,0,1,0,0,0,1,0,0,0,1
0,2.0,1,0.0,82.0,420.0,349.0,495291564.069787,558099472.3471252,0,0,0,0,0,0,1,0,0,0,0,0,0,0,0,0,0,0,0,0,0,0,0,0,0,0,0,0,0,1,0,0,0,0,0,0,0,1,0,0,1,0,0,1,0,0
0,3.0,0,10.373522431293592,82.0,420.0,349.0,497681033.6750502,549144585.9772911,0,0,0,0,0,0,1,0,0,0,0,0,0,0,0,0,0,0,0,0,0,0,0,0,0,0,0,0,0,1,0,0,0,0,0,0,0,1,0,0,0,1,0,0,0,1
0,1.0,0,10.12667110305036,18.6,215.0,43.0,302966816.37261903,395068964.6192082,0,0,0,0,0,0,1,0,0,0,0,0,0,0,0,0,0,0,0,0,0,0,0,0,0,1,0,0,0,0,0,0,0,0,0,0,0,1,0,0,0,1,0,0,0,1
0,2.0,1,9.635673464721814,82.0,420.0,349.0,628091680.8564883,557243089.3684018,0,0,0,0,0,0,1,0,0,0,0,0,0,0,0,0,0,0,0,0,0,0,0,0,0,0,0,0,0,1,0,0,0,0,0,0,0,1,0,0,1,0,0,1,0,0
0,1.0,0,9.105090961257085,92.0,480.0,402.0,573285412.5508766,669775147.9509362,0,0,0,0,0,0,1,0,0,0,0,0,0,0,0,0,0,0,0,0,0,0,0,0,0,0,0,0,0,0,1,0,0,0,0,0,0,1,0,0,0,1,0,0,0,1
0,3.0,0,12.206077645517674,37.2,326.4,134.0,475073128.9376562,442956828.40596795,0,0,0,0,0,0,1,0,0,0,0,0,0,0,0,0,0,0,0,0,0,0,0,0,0,0,1,0,0,0,0,0,0,0,0,0,0,1,0,0,0,1,0,0,0,1
0,2.0,1,8.853808274977197,92.0,480.0,402.0,569829371.0343931,478201075.3043318,0,0,0,0,0,0,1,0,0,0,0,0,0,0,0,0,0,0,0,0,0,0,0,0,0,0,0,0,0,0,1,0,0,0,0,0,0,1,0,0,1,0,0,1,0,0
0,4.0,0,0.0,82.0,420.0,349.0,495496827.22768176,542206137.980969,0,0,0,0,0,0,1,0,0,0,0,0,0,0,0,0,0,0,0,0,0,0,0,0,0,0,0,0,0,1,0,0,0,0,0,0,0,1,0,0,1,0,0,1,0,0
0,2.0,0,10.165890277802454,59.6,381.0,201.0,487324085.6209072,450148325.419997,0,0,0,0,0,0,1,0,0,0,0,0,0,0,0,0,0,0,0,0,0,0,0,0,0,0,0,1,0,0,0,0,0,0,0,0,0,1,0,0,0,1,0,1,0,0
0,2.0,0,9.210440366976517,18.6,215.0,43.0,302586625.3742165,401615159.02309793,0,0,0,0,0,0,1,0,0,0,0,0,0,0,0,0,0,0,0,0,0,0,0,0,0,1,0,0,0,0,0,0,0,0,0,0,1,0,0,0,0,1,0,0,0,1
0,0.0,1,0.0,92.0,480.0,402.0,599797303.4321012,842882779.1349939,0,0,0,0,0,0,1,0,0,0,0,0,0,0,0,0,0,0,0,0,0,0,0,0,0,0,0,0,0,0,1,0,0,0,0,0,0,1,0,0,0,1,0,1,0,0
0,1.0,1,0.0,59.6,381.0,201.0,346948927.81767434,439063537.9926252,0,0,0,0,0,0,1,0,0,0,0,0,0,0,0,0,0,0,0,0,0,0,0,0,0,0,0,1,0,0,0,0,0,0,0,1,0,0,0,0,1,0,0,1,0,0
0,0.0,1,0.0,60.1,450.0,204.0,476857455.2451907,481707562.99499685,0,0,0,0,0,0,1,0,0,0,0,0,0,0,1,0,0,0,0,0,0,0,0,0,0,0,0,0,0,0,0,0,0,0,0,1,0,0,0,0,0,1,0,1,0,0
0,1.0,1,9.210440366976517,75.3,450.0,201.0,509452632.53944016,566666810.9402425,0,0,0,0,0,0,1,0,0,0,0,0,0,0,0,0,0,0,0,0,0,0,0,0,0,0,0,0,1,0,0,0,0,0,0,0,0,1,0,0,0,1,0,0,0,1
0,1.0,1,11.002116507732017,37.2,326.4,134.0,484666533.0259533,478727070.7174577,0,0,0,0,0,0,1,0,0,0,0,0,0,0,0,0,0,0,0,0,0,0,0,0,0,0,1,0,0,0,0,0,0,0,0,0,0,1,0,0,0,1,0,0,0,1
1,1.0,1,7.280008252884188,59.6,381.0,201.0,550345679.5213164,439461843.07737094,0,0,0,0,0,0,1,0,0,0,0,0,0,0,0,0,0,0,0,0,0,0,0,0,0,0,0,1,0,0,0,0,0,0,0,0,0,1,0,0,1,0,0,1,0,0
0,3.0,0,8.751949058058614,82.0,420.0,349.0,743752548.0384021,548179403.7239063,0,0,0,0,0,0,1,0,0,0,0,0,0,0,0,0,0,0,0,0,0,0,0,0,0,0,0,0,0,1,0,0,0,0,0,0,0,1,0,1,0,0,0,1,0,0
0,4.0,0,8.764209507142004,59.6,381.0,201.0,422770258.6596471,419826539.2137403,0,0,0,0,0,0,1,0,0,0,0,0,0,0,0,0,0,0,0,0,0,0,0,0,0,0,0,0,0,0,0,1,0,0,0,0,0,1,0,0,0,1,0,0,0,1
0,0.0,1,0.0,37.2,326.4,134.0,343332508.7969777,357538182.9215933,0,0,0,0,0,0,1,0,0,0,0,0,0,0,0,0,0,0,0,0,0,0,0,0,0,0,1,0,0,0,0,0,0,0,0,0,0,1,0,0,0,1,0,0,0,1
0,4.0,0,11.51293546492023,42.0,318.6,147.0,330803870.2501306,421344701.50853413,0,0,0,0,0,0,1,0,0,0,0,0,0,0,0,0,0,0,0,0,0,0,0,0,1,0,0,0,0,0,0,0,0,0,0,0,0,1,0,0,0,1,0,0,0,1
0,3.0,0,8.987321812850125,82.0,420.0,349.0,751638030.4551526,549144586.6349313,0,0,0,0,0,0,1,0,0,0,0,0,0,0,0,0,0,0,0,0,0,0,0,0,0,0,0,0,0,1,0,0,0,0,0,0,0,1,0,0,0,1,0,0,0,1
1,1.0,0,9.741027444837728,18.6,215.0,43.0,302377360.19849765,394210826.0959524,0,0,0,0,0,0,1,0,0,0,0,0,0,0,0,0,0,0,0,0,0,0,0,0,0,1,0,0,0,0,0,0,0,0,0,0,0,1,0,0,0,1,0,1,0,0
1,3.0,0,9.90353755128617,92.0,480.0,402.0,610577996.1513995,461656021.0017075,0,0,0,0,0,0,1,0,0,0,0,0,0,0,0,0,0,0,0,0,0,0,0,0,0,0,0,0,0,0,1,0,0,0,0,0,0,1,0,0,0,1,0,0,0,1
0,0.0,1,0.0,60.1,450.0,204.0,372291933.8118923,482180531.71796983,0,0,0,0,0,0,1,0,0,0,0,0,0,0,1,0,0,0,0,0,0,0,0,0,0,0,0,0,0,0,0,0,0,0,0,1,0,0,0,0,0,1,0,0,0,1
0,0.0,1,0.0,37.2,326.4,134.0,341389652.8255491,355006269.554572,0,0,0,0,0,0,1,0,0,0,0,0,0,0,0,0,0,0,0,0,0,0,0,0,0,0,1,0,0,0,0,0,0,0,0,0,1,0,0,0,0,1,0,1,0,0
0,1.0,1,8.497194544909547,18.6,215.0,43.0,302966816.0962612,395068964.2168826,0,0,0,0,0,0,1,0,0,0,0,0,0,0,0,0,0,0,0,0,0,0,0,0,0,1,0,0,0,0,0,0,0,0,0,0,0,1,0,0,0,1,0,0,0,1
1,0.0,1,0.0,60.1,450.0,204.0,518308777.5216277,482180531.31256443,0,0,0,0,1,0,0,0,0,0,0,0,0,0,1,0,0,0,0,0,0,0,0,0,0,0,0,0,0,0,0,0,0,0,0,1,0,0,0,0,0,1,0,0,0,1
0,1.0,1,0.0,18.6,215.0,43.0,640057097.8273407,392150360.9796733,0,0,0,0,0,0,1,0,0,0,0,0,0,0,0,0,0,0,0,0,0,0,0,0,0,1,0,0,0,0,0,0,0,0,0,0,0,1,0,1,0,0,0,1,0,0
0,2.0,1,10.085850775128717,18.6,215.0,43.0,302966816.0387532,402493385.429002,0,0,0,0,0,0,1,0,0,0,0,0,0,0,0,0,0,0,0,0,0,0,0,0,0,1,0,0,0,0,0,0,0,0,0,1,0,0,0,0,0,1,0,0,0,1
0,1.0,1,10.043292972227004,37.2,326.4,134.0,475073128.25652826,478727070.8640375,0,0,0,0,0,0,1,0,0,0,0,0,0,0,0,0,0,0,0,0,0,0,0,0,0,0,1,0,0,0,0,0,0,0,0,1,0,0,0,0,0,1,0,0,0,1
0,0.0,1,0.0,37.2,326.4,134.0,343046795.682692,357165844.0226571,0,0,0,0,0,0,1,0,0,0,0,0,0,0,0,0,0,0,0,0,0,0,0,0,0,0,1,0,0,0,0,0,0,0,0,0,0,1,0,0,0,1,0,1,0,0
0,2.0,1,0.0,82.0,420.0,349.0,484666533.0259533,559157982.9854231,0,0,0,0,0,0,1,0,0,0,0,0,0,0,0,0,0,0,0,0,0,0,0,0,0,0,0,0,0,1,0,0,0,0,1,0,0,0,0,0,0,0,1,1,0,0
0,1.0,1,0.0,37.2,326.4,134.0,474572045.0547929,477974629.96501476,0,0,0,0,0,0,1,0,0,0,0,0,0,0,0,0,0,0,0,0,0,0,0,0,0,0,1,0,0,0,0,0,0,0,1,0,0,0,0,0,0,0,1,1,0,0
1,2.0,0,10.778977123006351,59.6,381.0,201.0,481882071.3312895,484666533.0259533,0,0,0,0,0,0,1,0,0,0,0,0,0,0,0,0,0,0,0,0,0,1,0,0,0,0,0,0,0,0,0,0,0,0,0,0,1,0,0,0,0,1,0,0,0,1
1,2.0,1,0.0,82.0,420.0,349.0,482985297.0717168,557030323.410955,0,0,0,0,0,0,1,0,0,0,0,0,0,0,0,0,0,0,0,0,0,0,0,0,0,0,0,0,0,1,0,0,0,0,0,0,0,1,0,0,1,0,0,1,0,0
0,0.0,0,9.392745258631441,18.6,215.0,43.0,302655315.47006315,336270568.5154164,0,0,0,0,0,0,1,0,0,0,0,0,0,0,0,0,0,0,0,0,0,0,0,0,0,1,0,0,0,0,0,0,0,0,0,0,1,0,0,0,0,1,0,0,0,1
0,0.0,0,9.90353755128617,59.6,381.0,201.0,487241440.992808,494632727.1134133,0,0,0,0,0,0,1,0,0,0,0,0,0,0,0,0,0,0,0,0,0,0,0,0,0,0,0,1,0,0,0,0,0,0,0,0,0,1,0,0,0,1,0,1,0,0
0,0.0,1,0.0,75.3,450.0,201.0,503489671.71536607,581520242.1399957,0,0,0,0,0,0,1,0,0,0,0,0,0,0,0,0,0,0,0,0,0,0,0,0,0,0,0,0,1,0,0,0,0,0,0,0,0,1,0,0,1,0,0,1,0,0
0,0.0,1,0.0,17.0,150.0,41.0,304570964.87844956,321834332.5076333,0,0,0,0,0,0,1,0,0,0,1,0,0,0,0,0,0,0,0,0,0,0,0,0,0,0,0,0,0,0,0,0,0,0,0,1,0,0,0,0,0,1,0,1,0,0
0,0.0,1,0.0,75.3,450.0,201.0,490552134.6692883,587428491.5069683,0,0,0,0,0,0,1,0,0,0,0,0,0,0,0,0,0,0,0,0,0,0,0,0,0,0,0,0,1,0,0,0,0,0,0,1,0,0,0,0,0,1,0,0,0,1
0,1.0,1,8.853808274977197,18.6,215.0,43.0,300620171.70009506,391652686.56106865,0,0,0,0,0,0,1,0,0,0,0,0,0,0,0,0,0,0,0,0,0,0,0,0,0,1,0,0,0,0,0,0,0,0,0,0,0,0,1,1,0,0,0,0,1,0
0,2.0,0,8.987321812850125,82.0,420.0,349.0,507344186.976114,560514363.6503166,0,0,0,0,0,0,1,0,0,0,0,0,0,0,0,0,0,0,0,0,0,0,0,0,0,0,0,0,0,1,0,0,0,0,0,0,0,1,0,0,0,1,0,0,0,1
0,1.0,1,0.0,37.2,326.4,134.0,475073128.5537083,478727071.3102916,0,0,0,0,0,0,1,0,0,0,0,0,0,0,0,0,0,0,0,0,0,0,0,0,0,0,1,0,0,0,0,0,0,0,0,0,0,1,0,0,0,1,0,0,0,1
0,2.0,1,0.0,92.0,480.0,402.0,606200812.204031,479767340.3645727,0,0,0,0,0,0,1,0,0,0,0,0,0,0,0,0,0,0,0,0,0,0,0,0,0,0,0,0,0,0,1,0,0,0,1,0,0,0,0,0,0,0,1,0,1,0
0,1.0,1,0.0,17.0,150.0,41.0,295135067.44255215,384478307.21297663,0,0,0,0,0,0,1,0,0,0,1,0,0,0,0,0,0,0,0,0,0,0,0,0,0,0,0,0,0,0,0,0,0,0,0,0,0,1,0,0,1,0,0,1,0,0
0,1.0,1,0.0,59.6,381.0,201.0,576878666.3872303,470104173.4537208,0,0,0,0,0,0,1,0,0,1,0,0,0,0,0,0,0,0,0,0,0,0,0,0,0,0,0,0,0,0,0,0,0,0,0,1,0,0,0,0,0,1,0,0,0,1
0,3.0,1,8.101980731853192,82.0,420.0,349.0,744022486.6887088,548264510.106885,0,0,0,0,0,0,1,0,0,0,0,0,0,0,0,0,0,0,0,0,0,0,0,0,0,0,0,0,0,1,0,0,0,0,0,0,0,1,0,0,1,0,0,1,0,0
0,1.0,1,0.0,59.6,381.0,201.0,551644401.3506355,595060484.5690484,0,0,0,0,0,0,1,0,0,0,0,0,0,0,0,0,0,0,0,1,0,0,0,0,0,0,0,0,0,0,0,0,0,0,0,0,0,1,0,0,0,1,0,1,0,0
0,4.0,1,9.546884034617925,42.0,318.6,147.0,324776479.085747,416400886.283815,0,0,0,0,0,0,1,0,0,0,0,0,0,0,0,0,0,0,0,0,0,0,0,0,1,0,0,0,0,0,0,0,0,0,0,0,0,1,0,0,1,0,0,1,0,0
0,2.0,1,9.472781556562168,18.6,215.0,43.0,302252759.55951995,400843941.3109208,0,0,0,0,0,0,1,0,0,0,0,0,0,0,0,0,0,0,0,0,0,0,0,0,0,1,0,0,0,0,0,0,0,0,0,0,0,1,0,0,1,0,0,1,0,0
0,0.0,0,9.741027444837728,18.6,215.0,43.0,639941155.7983552,330214702.5936287,0,0,0,0,0,0,1,0,0,0,0,0,0,0,0,0,0,0,0,0,0,0,0,0,0,1,0,0,0,0,0,0,0,0,0,0,0,1,0,1,0,0,0,1,0,0
0,0.0,1,0.0,18.6,215.0,43.0,302545091.82789063,335885093.6550812,0,0,0,0,0,0,1,0,0,0,0,0,0,0,0,0,0,0,0,0,0,0,0,0,0,1,0,0,0,0,0,0,0,0,1,0,0,0,0,0,0,0,1,1,0,0
0,3.0,1,10.12667110305036,82.0,420.0,349.0,485482112.358341,548635883.4144285,0,0,0,0,0,0,1,0,0,0,0,0,0,0,0,0,0,0,0,0,0,0,0,0,0,0,0,0,0,1,0,0,0,0,1,0,0,0,0,0,0,0,1,1,0,0
0,2.0,0,9.90353755128617,37.2,326.4,134.0,343332508.24187565,395357449.97577864,0,0,0,0,0,0,1,0,0,0,0,0,0,0,0,0,0,0,0,0,0,0,0,0,0,0,1,0,0,0,0,0,0,0,0,0,0,1,0,0,0,1,0,0,0,1
0,1.0,1,0.0,59.6,381.0,201.0,350756620.1253666,439483029.5180489,0,0,0,0,0,0,1,0,0,0,0,0,0,0,0,0,0,0,0,0,0,0,0,0,0,0,0,1,0,0,0,0,0,0,0,0,0,1,0,0,0,1,0,1,0,0
0,0.0,1,0.0,59.6,381.0,201.0,450388777.5216277,450388777.5216277,0,1,0,0,0,0,0,0,0,0,0,0,0,0,0,0,0,0,0,1,0,0,0,0,0,0,0,0,0,0,0,0,0,0,0,0,0,1,0,0,0,1,0,1,0,0
0,0.0,1,0.0,82.0,420.0,349.0,477843489.780684,624026348.9433575,0,0,0,0,0,0,1,0,0,0,0,0,0,0,0,0,0,0,0,0,0,0,0,0,0,0,0,0,0,1,0,0,0,0,0,0,0,1,0,0,0,1,0,0,0,1
0,0.0,1,0.0,82.0,420.0,349.0,609686195.8976196,624026349.0021809,0,0,0,0,0,0,1,0,0,0,0,0,0,0,0,0,0,0,0,0,0,0,0,0,0,0,0,0,0,1,0,0,0,0,0,0,0,1,0,0,0,1,0,0,0,1
0,1.0,0,3.044522437723423,18.6,215.0,43.0,302966816.6761334,395068965.06106865,0,0,0,0,0,0,1,0,0,0,0,0,0,0,0,0,0,0,0,0,0,0,0,0,0,1,0,0,0,0,0,0,0,0,0,0,0,1,0,0,0,1,0,0,0,1
0,4.0,1,10.080126326194584,82.0,420.0,349.0,727106783.8535901,523282526.8698579,0,0,0,0,0,0,1,0,0,0,0,0,0,0,0,0,0,0,0,0,0,0,0,0,0,0,0,0,0,1,0,0,0,0,0,0,0,0,1,1,0,0,0,0,1,0
0,1.0,1,0.0,60.1,450.0,204.0,484666533.0259533,460530362.99492836,0,0,0,0,0,0,1,0,0,0,0,0,0,0,1,0,0,0,0,0,0,0,0,0,0,0,0,0,0,0,0,0,0,0,0,1,0,0,0,0,0,1,0,0,0,1
0,3.0,0,11.127277689932466,59.6,381.0,201.0,403525499.9208879,440605992.29632115,0,0,0,0,0,0,1,0,0,0,0,0,0,0,0,1,0,0,0,0,0,0,0,0,0,0,0,0,0,0,0,0,0,0,0,0,0,1,0,0,0,1,0,0,0,1
0,0.0,1,0.0,82.0,420.0,349.0,483119055.03350025,618698624.8761306,0,0,0,0,0,0,1,0,0,0,0,0,0,0,0,0,0,0,0,0,0,0,0,0,0,0,0,0,0,1,0,0,0,0,0,0,0,1,0,0,1,0,0,1,0,0
0,0.0,0,11.418625774449598,60.1,450.0,204.0,686720408.5525732,479579184.6166185,0,0,0,0,0,0,1,0,0,0,0,0,0,0,1,0,0,0,0,0,0,0,0,0,0,0,0,0,0,0,0,0,0,0,0,0,0,1,0,0,1,0,0,1,0,0
0,2.0,1,0.0,37.2,326.4,134.0,473739073.25435907,392762515.051728,0,0,0,0,0,0,1,0,0,0,0,0,0,0,0,0,0,0,0,0,0,0,0,0,0,0,1,0,0,0,0,0,0,0,0,0,0,1,0,0,1,0,0,1,0,0
0,1.0,1,0.0,18.6,215.0,43.0,302966814.6729385,395068962.1447896,0,0,0,0,0,0,1,0,0,0,0,0,0,0,0,0,0,0,0,0,0,0,0,0,0,1,0,0,0,0,0,0,0,0,0,0,0,1,0,0,0,1,0,0,0,1
0,4.0,0,10.634724999843208,82.0,420.0,349.0,451729207.8287208,543713082.4254135,0,0,0,0,0,0,1,0,0,0,0,0,0,0,0,0,0,0,0,0,0,0,0,0,0,0,0,0,0,1,0,0,0,0,1,0,0,0,0,0,0,0,1,1,0,0
0,0.0,1,0.0,75.3,450.0,201.0,483733961.1238337,581235838.4702709,0,0,0,0,0,0,1,0,0,0,0,0,0,0,0,0,0,0,0,0,0,0,0,0,0,0,0,0,1,0,0,0,0,0,0,0,0,1,0,0,0,1,0,1,0,0
0,1.0,1,0.0,60.1,450.0,204.0,688897827.9074119,458818039.2004078,0,0,0,0,0,0,1,0,0,0,0,0,0,0,1,0,0,0,0,0,0,0,0,0,0,0,0,0,0,0,0,0,0,0,1,0,0,0,0,0,0,0,1,1,0,0
0,2.0,0,9.210440366976517,59.6,381.0,201.0,435883318.01853806,452520874.4396048,0,0,0,0,0,0,1,0,0,0,0,0,0,0,0,0,0,0,0,0,0,0,0,0,0,0,0,1,0,0,0,0,0,0,1,0,0,0,0,0,0,0,1,1,0,0
0,1.0,1,0.0,92.0,480.0,402.0,600490285.8882415,659946091.9167482,0,0,0,0,0,0,1,0,0,0,0,0,0,0,0,0,0,0,0,0,0,0,0,0,0,0,0,0,0,0,1,0,0,0,0,0,1,0,0,0,0,1,0,1,0,0
0,1.0,1,0.0,82.0,420.0,349.0,482889755.67044294,661727069.3388742,0,0,0,0,0,0,1,0,0,0,0,0,0,0,0,0,0,0,0,0,0,0,0,0,0,0,0,0,0,1,0,0,0,0,0,1,0,0,0,0,1,0,0,1,0,0
0,1.0,0,9.741027444837728,37.2,326.4,134.0,342332509.96840626,477929027.35915154,0,0,0,0,0,0,1,0,0,0,0,0,0,0,0,0,0,0,0,0,0,0,0,0,0,0,1,0,0,0,0,0,0,0,1,0,0,0,0,0,0,0,1,1,0,0
0,0.0,1,0.0,59.6,381.0,201.0,512692602.6638282,527074352.1947975,0,0,0,0,0,0,1,0,0,0,0,0,0,0,0,0,1,0,0,0,0,0,0,0,0,0,0,0,0,0,0,0,0,0,0,1,0,0,0,0,0,1,0,1,0,0
0,0.0,1,0.0,59.6,381.0,201.0,753520191.0835778,555480207.0072093,0,0,0,0,0,0,1,0,0,0,0,0,0,0,0,0,0,1,0,0,0,0,0,0,0,0,0,0,0,0,0,0,0,0,0,1,0,0,0,0,0,1,0,1,0,0
1,2.0,1,0.0,18.6,215.0,43.0,302966815.10424846,402493383.27033037,0,0,0,0,0,0,1,0,0,0,0,0,0,0,0,0,0,0,0,0,0,0,0,0,0,1,0,0,0,0,0,0,0,0,0,0,0,1,0,0,0,1,0,0,0,1
0,1.0,1,9.741027444837728,37.2,326.4,134.0,474389832.473448,477701014.3298356,0,0,0,0,0,0,1,0,0,0,0,0,0,0,0,0,0,0,0,0,0,0,0,0,0,0,1,0,0,0,0,0,0,0,1,0,0,0,0,0,0,0,1,1,0,0
0,0.0,1,0.0,59.6,381.0,201.0,410883318.01853806,494837696.05751264,0,0,0,0,0,0,1,0,0,0,0,0,0,0,0,0,0,0,0,0,0,0,0,0,0,0,0,1,0,0,0,0,0,0,0,0,0,1,0,0,1,0,0,1,0,0
0,2.0,1,9.105090961257085,92.0,480.0,402.0,366444670.0173022,476755292.1718016,0,0,0,0,0,0,1,0,0,0,0,0,0,0,0,0,0,0,0,0,0,0,0,0,0,0,0,0,0,0,1,0,0,0,0,0,0,1,0,0,1,0,0,1,0,0
0,2.0,0,1.791759469228055,82.0,420.0,349.0,627466680.8564883,557110110.6449975,0,0,0,0,0,0,1,0,0,0,0,0,0,0,0,0,0,0,0,0,0,0,0,0,0,0,0,0,0,1,0,0,0,0,0,0,0,1,0,1,0,0,0,1,0,0
0,3.0,1,10.896757843893464,82.0,420.0,349.0,749708346.3535901,548666831.1900572,0,0,0,0,0,0,1,0,0,0,0,0,0,0,0,0,0,0,0,0,0,0,0,0,0,0,0,0,0,1,0,0,0,0,1,0,0,0,0,0,0,0,1,1,0,0
0,2.0,1,0.0,37.2,326.4,134.0,440606011.8417757,392559983.4061584,0,0,0,0,0,0,1,0,0,0,0,0,0,0,0,0,0,0,0,0,0,0,0,0,0,0,1,0,0,0,0,0,0,0,0,0,0,1,0,0,1,0,0,1,0,0
1,4.0,1,11.002116507732017,82.0,420.0,349.0,376666707.8287208,535372804.6476357,0,0,0,0,0,0,1,0,0,0,0,0,0,0,0,0,0,0,0,0,0,0,0,0,0,0,0,0,0,1,0,0,0,0,0,0,0,1,0,1,0,0,0,1,0,0
0,1.0,1,0.0,75.3,450.0,201.0,537314778.2366407,562458223.4003652,0,0,0,0,0,0,1,0,0,0,0,0,0,0,0,0,0,0,0,0,0,0,0,0,0,0,0,0,1,0,0,0,0,0,0,0,0,1,0,0,0,1,0,1,0,0
1,4.0,0,10.819798284210286,42.0,318.6,147.0,325475109.2227333,416973919.9916802,0,0,0,0,0,0,1,0,0,0,0,0,0,0,0,0,0,0,0,0,0,0,0,0,1,0,0,0,0,0,0,0,0,0,0,0,0,1,0,0,0,1,0,1,0,0
0,5.0,0,9.952325334619427,59.6,381.0,201.0,403525351.102706,484666533.0259533,0,0,0,0,0,0,1,0,0,0,0,0,0,0,0,1,0,0,0,0,0,0,0,0,0,0,0,0,0,0,0,0,0,0,0,0,0,0,1,0,0,1,0,0,0,1
0,3.0,1,11.002116507732017,82.0,420.0,349.0,524361230.6358139,546399906.6252602,0,0,0,0,0,0,1,0,0,0,0,0,0,0,0,0,0,0,0,0,0,0,0,0,0,0,0,0,0,1,0,0,0,0,0,0,0,1,0,1,0,0,0,1,0,0
0,3.0,0,10.859018228147887,82.0,420.0,349.0,477843490.59440947,549144586.180386,0,0,0,0,0,0,1,0,0,0,0,0,0,0,0,0,0,0,0,0,0,0,0,0,0,0,0,0,0,1,0,0,0,0,0,0,0,1,0,0,0,1,0,0,0,1
0,1.0,1,0.0,18.6,215.0,43.0,301739980.00680435,393282919.1192082,0,0,0,0,0,0,1,0,0,0,0,0,0,0,0,0,0,0,0,0,0,0,0,0,0,1,0,0,0,0,0,0,0,0,0,0,0,1,0,0,1,0,0,1,0,0
0,5.0,0,10.043292972227004,59.6,381.0,201.0,379386392.6823579,484666533.0259533,0,0,0,0,0,0,1,0,0,0,0,0,0,0,0,0,0,0,0,0,0,0,0,0,0,0,0,1,0,0,0,0,0,0,0,0,0,0,1,0,0,0,1,0,1,0
0,1.0,0,9.798182590890704,60.1,450.0,204.0,372291933.67505014,460530363.4812297,0,0,0,0,0,0,1,0,0,0,0,0,0,0,1,0,0,0,0,0,0,0,0,0,0,0,0,0,0,0,0,0,0,0,0,0,0,1,0,0,0,1,0,0,0,1
0,0.0,1,0.0,59.6,381.0,201.0,402650277.2656912,498657567.98297846,0,0,0,0,0,0,1,0,0,0,0,0,0,0,0,0,0,0,0,0,0,0,0,0,0,0,0,1,0,0,0,0,0,0,0,0,0,1,0,0,0,1,0,0,0,1
0,1.0,0,9.90353755128617,59.6,381.0,201.0,484666533.0259533,439127563.41635394,0,0,0,0,0,0,1,0,0,0,0,0,0,0,0,0,0,0,0,0,0,0,0,0,0,0,0,1,0,0,0,0,0,0,0,0,1,0,0,0,0,1,0,0,0,1
0,3.0,1,0.0,59.6,381.0,201.0,825833266.5129766,870786613.2103813,0,0,0,1,0,0,0,0,0,0,0,1,0,0,0,0,0,0,0,0,0,0,0,0,0,0,0,0,0,0,0,0,0,0,1,0,0,0,0,0,0,0,1,1,0,0
0,2.0,0,11.314486721293981,59.6,381.0,201.0,487584416.19941956,450560090.12587935,0,0,0,0,0,0,1,0,0,0,0,0,0,0,0,0,0,0,0,0,0,0,0,0,0,0,0,1,0,0,0,0,0,0,0,0,0,1,0,0,0,1,0,1,0,0
0,1.0,1,5.375278407684165,18.6,215.0,43.0,302966816.58987147,395068964.9354873,0,0,0,0,0,0,1,0,0,0,0,0,0,0,0,0,0,0,0,0,0,0,0,0,0,1,0,0,0,0,0,0,0,0,0,0,0,1,0,0,0,1,0,0,0,1
0,3.0,1,10.239995502805316,92.0,480.0,402.0,569939261.144283,457649448.83065486,0,0,0,0,0,0,1,0,0,0,0,0,0,0,0,0,0,0,0,0,0,0,0,0,0,0,0,0,0,0,1,0,0,0,0,0,0,1,0,0,1,0,0,1,0,0
0,2.0,1,0.0,92.0,480.0,402.0,654736403.0292915,482899870.4850547,0,0,0,0,0,0,1,0,0,0,0,0,0,0,0,0,0,0,0,0,0,0,0,0,0,0,0,0,0,0,1,0,0,0,1,0,0,0,0,0,0,0,1,1,0,0
0,2.0,1,9.463508636396089,37.2,326.4,134.0,472049268.48212475,389475595.2205044,0,0,0,0,0,0,1,0,0,0,0,0,0,0,0,0,0,0,0,0,0,0,0,0,0,0,1,0,0,0,0,0,0,0,0,0,0,1,0,1,0,0,0,1,0,0
0,0.0,1,0.0,75.3,450.0,201.0,483722511.1238337,581225438.9289864,0,0,0,0,0,0,1,0,0,0,0,0,0,0,0,0,0,0,0,0,0,0,0,0,0,0,0,0,1,0,0,0,0,0,0,0,0,1,0,0,0,1,0,1,0,0
0,1.0,0,9.90353755128617,18.6,215.0,43.0,642545020.5326548,393348035.39827794,0,0,0,0,0,0,1,0,0,0,0,0,0,0,0,0,0,0,0,0,0,0,0,0,0,1,0,0,0,0,0,0,0,0,0,0,0,1,0,1,0,0,0,1,0,0
0,1.0,0,10.043292972227004,37.2,326.4,134.0,467047523.58996665,477365509.4438421,0,0,0,0,0,0,1,0,0,0,0,0,0,0,0,0,0,0,0,0,0,0,0,0,0,0,1,0,0,0,0,0,0,0,0,0,0,1,0,0,0,1,0,1,0,0
0,1.0,0,8.853808274977197,60.1,450.0,204.0,372291935.62241864,460530366.0154763,0,0,0,0,0,0,1,0,0,0,0,0,0,0,1,0,0,0,0,0,0,0,0,0,0,0,0,0,0,0,0,0,0,0,0,0,0,1,0,0,0,1,0,0,0,1
0,1.0,1,0.0,92.0,480.0,402.0,673529978.8015264,666185408.1560644,0,0,0,0,0,0,1,0,0,0,0,0,0,0,0,0,0,0,0,0,0,0,0,0,0,0,0,0,0,0,1,0,0,0,0,0,0,1,0,0,1,0,0,1,0,0
0,1.0,0,7.937731775260109,17.0,150.0,41.0,304237631.54511625,402228307.21297663,0,0,0,0,0,0,1,0,0,0,1,0,0,0,0,0,0,0,0,0,0,0,0,0,0,0,0,0,0,0,0,0,0,0,0,1,0,0,0,0,0,1,0,1,0,0
0,0.0,1,0.0,59.6,381.0,201.0,397997503.793469,494496081.15068036,0,0,0,0,0,0,1,0,0,0,0,0,0,0,0,0,0,0,0,0,0,0,0,0,0,0,0,1,0,0,0,0,0,0,0,0,0,1,0,0,1,0,0,1,0,0
0,1.0,0,10.434145214930487,37.2,326.4,134.0,404412739.1075968,477427398.69465643,0,0,0,0,0,0,1,0,0,0,0,0,0,0,0,0,0,0,0,0,0,0,0,0,0,0,1,0,0,0,0,0,0,0,0,0,0,1,0,0,1,0,0,1,0,0
0,2.0,0,9.210440366976517,18.6,215.0,43.0,302966816.74961585,402493387.0710684,0,0,0,0,0,0,1,0,0,0,0,0,0,0,0,0,0,0,0,0,0,0,0,0,0,1,0,0,0,0,0,0,0,0,0,0,0,1,0,0,0,1,0,0,0,1
0,1.0,1,0.0,59.6,381.0,201.0,612177688.6839689,503805444.1882944,0,0,0,0,1,0,0,0,0,0,0,0,0,0,0,0,0,0,0,1,0,0,0,0,0,0,0,0,0,0,0,0,0,0,0,0,0,1,0,1,0,0,0,1,0,0
0,2.0,0,8.45553053102413,92.0,480.0,402.0,590550356.5176636,449646858.4368619,0,0,0,0,0,0,1,0,0,0,0,0,0,0,0,0,0,0,0,0,0,0,0,0,0,0,0,0,0,0,1,0,0,0,0,0,0,0,1,0,0,0,1,0,1,0
0,2.0,1,10.203629181337648,18.6,215.0,43.0,302966816.088274,402493385.54339314,0,0,0,0,0,0,1,0,0,0,0,0,0,0,0,0,0,0,0,0,0,0,0,0,0,1,0,0,0,0,0,0,0,0,0,0,0,1,0,0,0,1,0,0,0,1
0,4.0,0,11.002116507732017,82.0,420.0,349.0,742672793.437175,540400582.4254135,0,0,0,0,0,0,1,0,0,0,0,0,0,0,0,0,0,0,0,0,0,0,0,0,0,0,0,0,0,1,0,0,0,0,0,0,0,1,0,1,0,0,0,1,0,0
0,3.0,0,0.0,37.2,326.4,134.0,475073127.49513996,442956819.7696043,0,0,0,0,0,0,1,0,0,0,0,0,0,0,0,0,0,0,0,0,0,0,0,0,0,0,1,0,0,0,0,0,0,0,0,0,0,1,0,0,0,1,0,0,0,1
0,1.0,1,9.472781556562168,37.2,326.4,134.0,475073125.96802497,478727067.42755544,0,0,0,0,0,0,1,0,0,0,0,0,0,0,0,0,0,0,0,0,0,0,0,0,0,0,1,0,0,0,0,0,0,0,0,0,0,1,0,0,0,1,0,0,0,1
1,1.0,1,0.0,37.2,326.4,134.0,474487446.3563113,477847594.13439584,0,0,0,0,0,0,1,0,0,0,0,0,0,0,0,0,0,0,0,0,0,0,0,0,0,0,1,0,0,0,0,0,0,0,1,0,0,0,0,0,0,0,1,1,0,0
0,0.0,1,0.0,37.2,326.4,134.0,341495775.27452874,355144567.4269124,0,0,0,0,0,0,1,0,0,0,0,0,0,0,0,0,0,0,0,0,0,0,0,0,0,0,1,0,0,0,0,0,0,0,0,0,1,0,0,0,0,1,0,1,0,0
0,1.0,0,10.596659732783579,82.0,420.0,349.0,484615870.32012445,664259779.619248,0,0,0,0,0,0,1,0,0,0,0,0,0,0,0,0,0,0,0,0,0,0,0,0,0,0,0,0,0,1,0,0,0,0,0,0,0,1,0,0,1,0,0,1,0,0
0,1.0,0,9.90353755128617,14.7,170.0,27.0,529444355.3506355,445150279.96297663,0,0,0,0,1,0,0,0,0,0,0,0,0,0,0,0,0,0,1,0,0,0,0,0,0,0,0,0,0,0,0,0,0,0,0,0,0,1,0,1,0,0,0,1,0,0
0,1.0,1,8.45553053102413,37.2,326.4,134.0,475073128.18060637,478727070.750031,0,0,0,0,0,0,1,0,0,0,0,0,0,0,0,0,0,0,0,0,0,0,0,0,0,0,1,0,0,0,0,0,0,0,0,0,0,1,0,0,0,1,0,0,0,1
0,1.0,0,9.546884034617925,75.3,450.0,201.0,482582445.97231853,561826321.5598744,0,0,0,0,0,0,1,0,0,0,0,0,0,0,0,0,0,0,0,0,0,0,0,0,0,0,0,0,1,0,0,0,0,0,0,0,1,0,0,0,0,1,0,1,0,0
0,0.0,1,0.0,92.0,480.0,402.0,600051689.3970134,843264358.0823623,0,0,0,0,0,0,1,0,0,0,0,0,0,0,0,0,0,0,0,0,0,0,0,0,0,0,0,0,0,0,1,0,0,0,0,0,0,1,0,0,0,1,0,1,0,0
0,0.0,0,11.289794413577894,59.6,381.0,201.0,487729044.2985931,495365646.3680717,0,0,0,0,0,0,1,0,0,0,0,0,0,0,0,0,0,0,0,0,0,0,0,0,0,0,0,1,0,0,0,0,0,0,0,0,0,1,0,0,1,0,0,1,0,0
0,3.0,1,10.12667110305036,82.0,420.0,349.0,746638033.8535901,547906676.4511789,0,0,0,0,0,0,1,0,0,0,0,0,0,0,0,0,0,0,0,0,0,0,0,0,0,0,0,0,0,1,0,0,0,0,0,0,0,1,0,0,1,0,0,1,0,0
0,1.0,1,9.17771386914909,18.6,215.0,43.0,302966816.60744333,395068964.96106863,0,0,0,0,0,0,1,0,0,0,0,0,0,0,0,0,0,0,0,0,0,0,0,0,0,1,0,0,0,0,0,0,0,0,0,0,0,1,0,0,0,1,0,0,0,1
0,3.0,0,8.594339400592892,82.0,420.0,349.0,477843490.5551938,549144586.164912,0,0,0,0,0,0,1,0,0,0,0,0,0,0,0,0,0,0,0,0,0,0,0,0,0,0,0,0,0,1,0,0,0,0,0,0,0,1,0,0,0,1,0,0,0,1
0,1.0,1,0.0,37.2,326.4,134.0,341536591.6010593,477293848.2060571,0,0,0,0,0,0,1,0,0,0,0,0,0,0,0,0,0,0,0,0,0,0,0,0,0,0,1,0,0,0,0,0,0,0,0,0,0,1,0,0,0,1,0,1,0,0
0,0.0,0,11.184435286790631,59.6,381.0,201.0,393641102.1253666,455079359.9647397,1,0,0,0,0,0,0,0,0,0,0,0,0,0,0,0,0,0,0,0,0,0,0,0,0,0,0,0,0,0,0,0,1,0,0,0,0,1,0,1,0,0,0,1,0,0
0,3.0,1,8.294299608857235,59.6,381.0,201.0,803383266.5129766,852826613.2103815,0,0,0,1,0,0,0,0,0,0,0,1,0,0,0,0,0,0,0,0,0,0,0,0,0,0,0,0,0,0,0,0,0,0,0,1,0,0,0,0,1,0,0,1,0,0
0,1.0,0,8.517393171418904,18.6,215.0,43.0,302537104.60744333,394443384.2354873,0,0,0,0,0,0,1,0,0,0,0,0,0,0,0,0,0,0,0,0,0,0,0,0,0,1,0,0,0,0,0,0,0,0,0,0,1,0,0,0,0,1,0,0,0,1
0,1.0,1,0.0,18.6,215.0,43.0,442055444.1882944,394441058.6540919,0,0,0,0,0,0,1,0,0,0,0,0,0,0,0,0,0,0,0,0,0,0,0,0,0,1,0,0,0,0,0,0,0,0,0,0,1,0,0,0,0,1,0,1,0,0
0,0.0,1,0.0,60.1,450.0,204.0,369006989.75399756,477963373.8058077,0,0,0,0,0,0,1,0,0,0,0,0,0,0,1,0,0,0,0,0,0,0,0,0,0,0,0,0,0,0,0,0,0,0,0,0,1,0,0,0,0,1,0,1,0,0
0,4.0,0,10.819798284210286,42.0,318.6,147.0,330803860.45561004,421344693.4748263,0,0,0,0,0,0,1,0,0,0,0,0,0,0,0,0,0,0,0,0,0,0,0,0,1,0,0,0,0,0,0,0,0,0,0,0,0,1,0,0,0,1,0,0,0,1
0,1.0,0,9.472781556562168,18.6,215.0,43.0,638631977.0543939,391464314.4680454,0,0,0,0,0,0,1,0,0,0,0,0,0,0,0,0,0,0,0,0,0,0,0,0,0,1,0,0,0,0,0,0,0,0,0,0,0,1,0,1,0,0,0,0,1,0
0,2.0,1,9.441531454869693,82.0,420.0,349.0,742955002.0261321,557168621.2832955,0,0,0,0,0,0,1,0,0,0,0,0,0,0,0,0,0,0,0,0,0,0,0,0,0,0,0,0,0,1,0,0,0,0,0,0,0,1,0,0,1,0,0,0,1,0
0,0.0,1,0.0,75.3,450.0,201.0,482380526.7803994,580006572.4152249,0,0,0,0,0,0,1,0,0,0,0,0,0,0,0,0,0,0,0,0,0,0,0,0,0,0,0,0,1,0,0,0,0,0,0,0,0,1,0,0,0,1,0,1,0,0
0,3.0,0,10.819798284210286,92.0,480.0,402.0,544743537.5584257,457583659.35697055,0,0,0,0,0,0,1,0,0,0,0,0,0,0,0,0,0,0,0,0,0,0,0,0,0,0,0,0,0,0,1,0,0,0,0,0,0,1,0,1,0,0,0,1,0,0
1,4.0,0,10.819798284210286,59.6,381.0,201.0,422770254.0906816,419826533.6929069,0,0,0,0,0,0,1,0,0,0,0,0,0,0,0,0,0,0,0,0,0,0,0,0,0,0,0,0,0,0,0,1,0,0,0,0,0,1,0,0,0,1,0,0,0,1
1,1.0,0,10.165890277802454,60.1,450.0,204.0,368581410.8066291,455701600.8442434,0,0,0,0,0,0,1,0,0,0,0,0,0,0,1,0,0,0,0,0,0,0,0,0,0,0,0,0,0,0,0,0,0,0,0,0,1,0,0,0,0,1,0,0,0,1
0,1.0,0,9.105090961257085,37.2,326.4,134.0,475073126.31509656,478727067.9487281,0,0,0,0,0,0,1,0,0,0,0,0,0,0,0,0,0,0,0,0,0,0,0,0,0,0,1,0,0,0,0,0,0,0,0,0,0,1,0,0,0,1,0,0,0,1
0,1.0,0,8.699681400989514,18.6,215.0,43.0,301321449.65536666,392673616.7936268,0,0,0,0,0,0,0,1,0,0,0,0,0,0,0,0,0,0,0,0,0,0,0,0,0,1,0,0,0,0,0,0,0,0,0,0,0,1,0,1,0,0,0,1,0,0
0,0.0,1,0.0,60.1,450.0,204.0,682526860.1654764,477822427.85986173,0,0,0,0,0,0,1,0,0,0,0,0,0,0,1,0,0,0,0,0,0,0,0,0,0,0,0,0,0,0,0,0,0,0,0,0,0,1,0,0,1,0,0,1,0,0
0,0.0,1,0.0,18.6,215.0,43.0,302551481.60424846,335907440.0237962,0,0,0,0,0,0,1,0,0,0,0,0,0,0,0,0,0,0,0,0,0,0,0,0,0,1,0,0,0,0,0,0,0,0,0,0,1,0,0,0,0,1,0,1,0,0
0,0.0,1,0.0,14.7,170.0,27.0,330537017.34775186,350604112.0162208,0,0,0,0,1,0,0,0,0,0,0,0,0,0,0,0,0,0,0,1,0,0,0,0,0,0,0,0,0,0,0,0,0,0,0,0,0,1,0,0,0,1,0,0,0,1
0,0.0,1,0.0,37.2,326.0,136.0,390342328.5245011,337057469.11641186,0,0,0,0,0,0,1,0,0,0,0,0,1,0,0,0,0,0,0,0,0,0,0,0,0,0,0,0,0,0,0,0,0,0,0,0,0,1,0,0,0,1,0,0,0,1
0,0.0,0,11.51293546492023,59.6,381.0,201.0,398641102.1253666,461269836.15521586,1,0,0,0,0,0,0,0,0,0,0,0,0,0,0,0,0,0,0,0,0,0,0,0,0,0,0,0,0,0,0,0,1,0,0,0,0,1,0,0,1,0,0,1,0,0
0,1.0,1,0.0,18.6,215.0,43.0,641293812.803186,392745709.8168826,0,0,0,0,0,0,1,0,0,0,0,0,0,0,0,0,0,0,0,0,0,0,0,0,0,1,0,0,0,0,0,0,0,0,0,0,0,1,0,0,1,0,0,1,0,0
0,2.0,0,10.714395546283317,82.0,420.0,349.0,493112616.701366,555897344.6875508,0,0,0,0,0,0,1,0,0,0,0,0,0,0,0,0,0,0,0,0,0,0,0,0,0,0,0,0,0,1,0,0,0,0,0,0,0,1,0,0,0,1,0,1,0,0
0,4.0,1,11.127277689932466,42.0,318.6,147.0,605150494.5245011,412760436.84561276,0,0,0,0,0,0,1,0,0,0,0,0,0,0,0,0,0,0,0,0,0,0,0,0,1,0,0,0,0,0,0,0,0,0,0,0,0,1,0,0,1,0,0,1,0,0
0,3.0,0,10.896757843893464,82.0,420.0,349.0,493628406.1750502,547655225.7741964,0,0,0,0,0,0,0,1,0,0,0,0,0,0,0,0,0,0,0,0,0,0,0,0,0,0,0,0,0,1,0,0,0,0,0,0,0,1,0,0,0,1,0,1,0,0
0,4.0,0,10.491301994830229,82.0,420.0,349.0,477843490.6189193,545088077.8073579,0,0,0,0,0,0,1,0,0,0,0,0,0,0,0,0,0,0,0,0,0,0,0,0,0,0,0,0,0,1,0,0,0,0,0,0,0,1,0,0,0,1,0,0,0,1
0,3.0,0,9.210440366976517,59.6,381.0,201.0,488315821.15809727,429864737.6956104,0,0,0,0,0,0,1,0,0,0,0,0,0,0,0,0,0,0,0,0,0,0,0,0,0,0,0,1,0,0,0,0,0,0,0,0,0,1,0,0,1,0,0,1,0,0
1,0.0,1,0.0,82.0,420.0,349.0,473828787.99637026,617144003.0273911,0,0,0,0,0,0,1,0,0,0,0,0,0,0,0,0,0,0,0,0,0,0,0,0,0,0,0,0,0,1,0,0,0,0,0,0,0,1,0,0,0,1,0,1,0,0
0,0.0,1,0.0,37.2,326.4,134.0,341540673.2337124,355203078.0652103,0,0,0,0,0,0,1,0,0,0,0,0,0,0,0,0,0,0,0,0,0,0,0,0,0,0,1,0,0,0,0,0,0,0,0,0,1,0,0,0,0,1,0,1,0,0
0,4.0,0,10.596659732783579,59.6,381.0,201.0,415356472.1941299,410868213.9012403,0,0,0,0,0,0,1,0,0,0,0,0,0,0,0,0,0,0,0,0,0,0,0,0,0,0,0,0,0,0,0,1,0,0,0,0,0,1,0,0,1,0,0,1,0,0
0,1.0,1,0.0,18.6,215.0,43.0,484666533.0259533,394034081.90990585,0,0,0,0,0,0,1,0,0,0,0,0,0,0,0,0,0,0,0,0,0,0,0,0,0,1,0,0,0,0,0,0,0,0,0,0,0,1,0,0,1,0,0,1,0,0
0,1.0,0,10.373522431293592,75.3,450.0,201.0,627002694.7407442,562648407.449445,0,0,0,0,0,0,1,0,0,0,0,0,0,0,0,0,0,0,0,0,0,0,0,0,0,0,0,0,1,0,0,0,0,0,0,0,0,1,0,0,0,1,0,0,0,1
0,1.0,1,6.398594934535208,59.6,381.0,201.0,489919123.8192543,442046585.63669294,0,0,0,0,0,0,1,0,0,0,0,0,0,0,0,0,0,0,0,0,0,0,0,0,0,0,0,1,0,0,0,0,0,0,0,1,0,0,0,0,0,1,0,0,0,1
0,3.0,0,10.434145214930487,59.6,381.0,201.0,435972144.1049611,484666533.0259533,0,0,0,0,0,0,0,0,1,0,0,0,0,0,0,0,0,0,0,1,0,0,0,0,0,0,0,0,0,0,0,0,0,0,0,0,0,1,0,0,0,1,0,0,0,1
1,1.0,1,9.105090961257085,75.3,450.0,201.0,619702694.7407442,559065585.3635554,0,0,0,0,0,0,1,0,0,0,0,0,0,0,0,0,0,0,0,0,0,0,0,0,0,0,0,0,1,0,0,0,0,0,0,0,0,1,0,1,0,0,0,1,0,0
0,4.0,1,10.819798284210286,59.6,381.0,201.0,484666533.0259533,484666533.0259533,0,0,0,0,0,0,1,0,0,0,0,0,0,0,0,0,0,0,0,1,0,0,0,0,0,0,0,0,0,0,0,0,0,0,0,1,0,0,0,0,1,0,0,1,0,0
0,2.0,1,0.0,82.0,420.0,349.0,481361093.25006074,555673940.4322315,0,0,0,0,0,0,1,0,0,0,0,0,0,0,0,0,0,0,0,0,0,0,0,0,0,0,0,0,0,1,0,0,0,0,0,0,0,1,0,1,0,0,0,1,0,0
0,3.0,0,8.294299608857235,59.6,381.0,201.0,812083266.5129766,859786613.2103815,0,0,0,1,0,0,0,0,0,0,0,1,0,0,0,0,0,0,0,0,0,0,0,0,0,0,0,0,0,0,0,0,0,0,0,0,0,1,0,1,0,0,0,1,0,0
0,1.0,0,9.90353755128617,59.6,381.0,201.0,550062660.6533918,439334724.4333031,0,0,0,0,0,0,1,0,0,0,0,0,0,0,0,0,0,0,0,0,0,0,0,0,0,0,0,1,0,0,0,0,0,0,0,0,0,1,0,0,1,0,0,1,0,0
0,3.0,1,0.0,82.0,420.0,349.0,713598971.3535901,539726792.5053376,0,0,0,0,0,0,1,0,0,0,0,0,0,0,0,0,0,0,0,0,0,0,0,0,0,0,0,0,0,1,0,0,0,0,0,0,0,1,0,1,0,0,0,0,1,0
0,4.0,1,10.839600519357369,82.0,420.0,349.0,494628406.1750502,541060304.6476357,0,0,0,0,0,0,1,0,0,0,0,0,0,0,0,0,0,0,0,0,0,0,0,0,0,0,0,0,0,1,0,0,0,0,0,0,0,1,0,0,1,0,0,1,0,0
0,3.0,1,0.0,82.0,420.0,349.0,482870647.39018816,547842846.663945,0,0,0,0,0,0,1,0,0,0,0,0,0,0,0,0,0,0,0,0,0,0,0,0,0,0,0,0,0,1,0,0,0,0,0,0,0,1,0,0,1,0,0,1,0,0
0,0.0,1,1.791759469228055,18.6,215.0,43.0,643148885.2669543,333924199.8003326,0,0,0,0,0,0,1,0,0,0,0,0,0,0,0,0,0,0,0,0,0,0,0,0,0,1,0,0,0,0,0,0,0,0,0,0,0,1,0,0,1,0,0,1,0,0
0,0.0,1,0.0,59.6,381.0,201.0,481882071.3312895,403269825.05997777,0,0,0,0,0,0,1,0,0,0,0,0,0,0,0,0,0,0,0,0,0,1,0,0,0,0,0,0,0,0,0,0,0,0,1,0,0,0,0,0,0,0,1,1,0,0
0,2.0,0,10.165890277802454,82.0,420.0,349.0,518333211.8417757,556317557.4535081,0,0,0,0,0,0,1,0,0,0,0,0,0,0,0,0,0,0,0,0,0,0,0,0,0,0,0,0,0,1,0,0,0,0,0,0,0,1,0,1,0,0,0,1,0,0
0,4.0,1,10.308985993422082,42.0,318.6,147.0,322173739.35971963,414266054.82314086,0,0,0,0,0,0,1,0,0,0,0,0,0,0,0,0,0,0,0,0,0,0,0,0,1,0,0,0,0,0,0,0,0,0,0,0,0,1,0,0,1,0,0,1,0,0
0,1.0,0,9.105090961257085,18.6,215.0,43.0,302966815.9812452,395068964.04944074,0,0,0,0,0,0,1,0,0,0,0,0,0,0,0,0,0,0,0,0,0,0,0,0,0,1,0,0,0,0,0,0,0,0,0,0,0,1,0,0,0,1,0,0,0,1
1,1.0,0,10.203629181337648,13.4,170.0,26.8,455060484.56904846,456787757.29632115,0,0,0,0,0,0,0,0,1,0,0,0,0,0,0,0,0,0,0,1,0,0,0,0,0,0,0,0,0,0,0,0,0,0,1,0,0,0,0,0,0,1,0,0,0,1
0,1.0,1,9.741027444837728,92.0,480.0,402.0,650201519.3083612,666065750.0364063,0,0,0,0,0,0,1,0,0,0,0,0,0,0,0,0,0,0,0,0,0,0,0,0,0,0,0,0,0,0,1,0,0,0,0,0,0,1,0,0,1,0,0,1,0,0
0,0.0,0,10.819798284210286,18.6,215.0,43.0,643124730.6775824,333896266.83943874,0,0,0,0,0,0,1,0,0,0,0,0,0,0,0,0,0,0,0,0,0,0,0,0,0,1,0,0,0,0,0,0,0,0,0,0,0,1,0,0,1,0,0,1,0,0
0,3.0,0,10.596659732783579,82.0,420.0,349.0,746888033.8535901,547968572.0024362,0,0,0,0,0,0,1,0,0,0,0,0,0,0,0,0,0,0,0,0,0,0,0,0,0,0,0,0,0,1,0,0,0,0,0,0,0,1,0,0,1,0,0,1,0,0
0,3.0,1,10.956108257353245,82.0,420.0,349.0,746638033.8535901,547906676.4511789,0,0,0,0,0,0,1,0,0,0,0,0,0,0,0,0,0,0,0,0,0,0,0,0,0,0,0,0,0,1,0,0,0,0,0,0,0,1,0,0,1,0,0,1,0,0
0,4.0,0,8.665785595466064,59.6,381.0,201.0,415097851.5044747,410555713.9012403,0,0,0,0,0,0,1,0,0,0,0,0,0,0,0,0,0,0,0,0,0,0,0,0,0,0,0,0,0,0,0,1,0,0,0,0,1,0,0,0,0,1,0,0,0,1
0,2.0,1,11.51293546492023,37.2,326.4,134.0,341540673.2337124,393505131.08548325,0,0,0,0,0,0,1,0,0,0,0,0,0,0,0,0,0,0,0,0,0,0,0,0,0,0,1,0,0,0,0,0,0,0,0,0,0,1,0,0,1,0,0,1,0,0
0,0.0,1,0.0,18.6,215.0,43.0,302519532.7224593,335795708.1802209,0,0,0,0,0,0,1,0,0,0,0,0,0,0,0,0,0,0,0,0,0,0,0,0,0,1,0,0,0,0,0,0,0,0,0,0,1,0,0,0,0,1,0,1,0,0
0,1.0,1,0.0,18.6,215.0,43.0,301754357.0036095,393303849.35176635,0,0,0,0,0,0,1,0,0,0,0,0,0,0,0,0,0,0,0,0,0,0,0,0,0,1,0,0,0,0,0,0,0,0,0,0,0,1,0,0,1,0,0,1,0,0
0,0.0,1,2.70805020110221,37.2,326.4,134.0,474151393.6599575,357538182.2620188,0,0,0,0,0,0,1,0,0,0,0,0,0,0,0,0,0,0,0,0,0,0,0,0,0,0,1,0,0,0,0,0,0,0,0,0,0,1,0,0,0,1,0,0,0,1
0,1.0,0,11.170449240431308,18.6,215.0,43.0,643651300.7258915,393880593.5378128,0,0,0,0,0,0,1,0,0,0,0,0,0,0,0,0,0,0,0,0,0,0,0,0,0,1,0,0,0,0,0,0,0,0,0,0,0,1,0,1,0,0,0,1,0,0
0,1.0,0,9.392745258631441,92.0,480.0,402.0,599262215.712803,658749510.7201669,0,0,0,0,0,0,1,0,0,0,0,0,0,0,0,0,0,0,0,0,0,0,0,0,0,0,0,0,0,0,1,0,0,0,0,0,0,1,0,1,0,0,0,1,0,0
0,1.0,0,2.3978952727983707,18.6,215.0,43.0,302966815.631405,395068963.5401384,0,0,0,0,0,0,1,0,0,0,0,0,0,0,0,0,0,0,0,0,0,0,0,0,0,1,0,0,0,0,0,0,0,0,0,0,0,1,0,0,0,1,0,0,0,1
0,1.0,1,0.0,92.0,480.0,402.0,610577992.0373644,669775138.9338422,0,0,0,0,0,0,1,0,0,0,0,0,0,0,0,0,0,0,0,0,0,0,0,0,0,0,0,0,0,0,1,0,0,0,0,0,0,1,0,0,0,1,0,0,0,1
0,0.0,0,9.90353755128617,59.6,381.0,201.0,514936976.44255215,513115413.602706,0,0,0,0,0,0,1,0,0,0,0,0,0,1,0,0,0,0,0,0,0,0,0,0,0,0,0,0,0,0,0,0,0,0,0,0,1,0,0,0,0,1,0,1,0,0
0,2.0,0,10.518700218288165,59.6,381.0,201.0,488931523.6374361,452690809.0801277,0,0,0,0,0,0,1,0,0,0,0,0,0,0,0,0,0,0,0,0,0,0,0,0,0,0,0,1,0,0,0,0,0,0,1,0,0,0,0,0,0,0,1,1,0,0
0,1.0,0,9.105090961257085,37.2,326.4,134.0,473565537.462602,476463229.3135489,0,0,0,0,0,0,1,0,0,0,0,0,0,0,0,0,0,0,0,0,0,0,0,0,0,0,1,0,0,0,0,0,0,0,0,0,0,1,0,0,1,0,0,1,0,0
0,1.0,0,9.392745258631441,37.2,326.4,134.0,474053606.8769187,477196128.33635026,0,0,0,0,0,0,0,1,0,0,0,0,0,0,0,0,0,0,0,0,0,0,0,0,0,0,1,0,0,0,0,0,0,0,0,0,1,0,0,0,0,1,0,1,0,0
1,1.0,1,9.105090961257085,18.6,215.0,43.0,642883184.7838625,393510826.0959524,0,0,0,0,0,0,1,0,0,0,0,0,0,0,0,0,0,0,0,0,0,0,0,0,0,1,0,0,0,0,0,0,0,0,0,1,0,0,0,0,1,0,0,1,0,0
0,0.0,1,0.0,18.6,215.0,43.0,644844537.4408673,335885093.6550812,0,0,0,0,0,0,1,0,0,0,0,0,0,0,0,0,0,0,0,0,0,0,0,0,0,1,0,0,0,0,0,0,0,0,1,0,0,0,0,0,0,0,1,1,0,0
0,3.0,0,10.736418414365376,82.0,420.0,349.0,482698672.8678951,547790622.2925717,0,0,0,0,0,0,1,0,0,0,0,0,0,0,0,0,0,0,0,0,0,0,0,0,0,0,0,0,0,1,0,0,0,0,0,0,0,1,0,0,0,1,0,0,0,1
0,2.0,0,9.741027444837728,37.2,326.4,134.0,475073129.2890662,395357451.051728,0,0,0,0,0,0,1,0,0,0,0,0,0,0,0,0,0,0,0,0,0,0,0,0,0,0,1,0,0,0,0,0,0,0,1,0,0,0,0,0,0,1,0,0,0,1
1,2.0,1,8.517393171418904,18.6,215.0,43.0,302573845.82150084,401585638.72789496,0,0,0,0,0,0,1,0,0,0,0,0,0,0,0,0,0,0,0,0,0,0,0,0,0,1,0,0,0,0,0,0,0,0,0,1,0,0,0,0,1,0,0,1,0,0
0,2.0,0,8.987321812850125,18.6,215.0,43.0,644535358.6969059,401283055.7020647,0,0,0,0,0,0,1,0,0,0,0,0,0,0,0,0,0,0,0,0,0,0,0,0,0,1,0,0,0,0,0,0,0,0,0,0,0,1,0,0,1,0,0,1,0,0
0,0.0,0,9.90353755128617,14.7,170.0,27.0,352136962.2664365,348650213.8945974,0,0,0,0,0,0,1,0,0,0,0,0,0,0,0,0,0,0,1,0,0,0,0,0,0,0,0,0,0,0,0,0,0,0,0,0,1,0,0,0,0,1,0,0,0,1
0,3.0,1,0.0,82.0,420.0,349.0,552205025.4045794,548614606.8186837,0,0,0,0,0,0,1,0,0,0,0,0,0,0,0,0,0,0,0,0,0,0,0,0,0,0,0,0,0,1,0,0,0,0,1,0,0,0,0,0,0,0,1,1,0,0
0,1.0,1,8.630700432209832,18.6,215.0,43.0,646119896.8949735,395068964.2517663,0,0,0,0,0,0,1,0,0,0,0,0,0,0,0,0,0,0,0,0,0,0,0,0,0,1,0,0,0,0,0,0,0,0,0,0,0,1,0,0,0,1,0,0,0,1
0,2.0,1,0.0,18.6,215.0,43.0,302489181.28475964,401390066.77217543,0,0,0,0,0,0,1,0,0,0,0,0,0,0,0,0,0,0,0,0,0,0,0,0,0,1,0,0,0,0,0,0,0,0,0,0,0,1,0,0,0,1,0,1,0,0
0,0.0,1,0.0,59.6,381.0,201.0,488175325.2903287,496036453.8214878,0,0,0,0,0,0,1,0,0,0,0,0,0,0,0,0,0,0,0,0,0,0,0,0,0,0,0,1,0,0,0,0,0,0,0,0,0,1,0,0,1,0,0,1,0,0
0,2.0,0,7.601402334583733,37.2,326.4,134.0,473817164.3606497,392914413.78590524,0,0,0,0,0,0,1,0,0,0,0,0,0,0,0,0,0,0,0,0,0,0,0,0,0,0,1,0,0,0,0,0,0,0,0,0,0,1,0,1,0,0,0,1,0,0
1,1.0,0,0.0,18.6,215.0,43.0,302521130.1665487,394420128.42153376,0,0,0,0,0,0,1,0,0,0,0,0,0,0,0,0,0,0,0,0,0,0,0,0,0,1,0,0,0,0,0,0,0,0,1,0,0,0,0,0,0,0,1,1,0,0
0,2.0,0,9.90353755128617,37.2,326.4,134.0,460512752.71227175,393606396.9082681,0,0,0,0,0,0,0,1,0,0,0,0,0,0,0,0,0,0,0,0,0,0,0,0,0,0,1,0,0,0,0,0,0,0,0,0,0,1,0,0,1,0,0,1,0,0
0,2.0,0,2.4849066497880004,60.1,450.0,204.0,372291936.01715547,441728612.4910938,0,0,0,0,0,0,1,0,0,0,0,0,0,0,1,0,0,0,0,0,0,0,0,0,0,0,0,0,0,0,0,0,0,0,0,0,0,1,0,0,0,1,0,0,0,1
0,2.0,0,10.239995502805316,59.6,381.0,201.0,484666533.0259533,484666533.0259533,0,0,0,0,0,0,1,0,0,0,0,0,0,0,0,0,0,0,0,1,0,0,0,0,0,0,0,0,0,0,0,0,0,0,0,0,0,1,0,0,1,0,0,1,0,0
0,1.0,1,0.0,37.2,326.4,134.0,474107966.9636866,477277757.0008454,0,0,0,0,0,0,1,0,0,0,0,0,0,0,0,0,0,0,0,0,0,0,0,0,0,0,1,0,0,0,0,0,0,0,0,0,0,1,0,0,0,1,0,1,0,0
0,3.0,0,10.714439990727769,82.0,420.0,349.0,572569563.9691472,548637817.6504053,0,0,0,0,0,0,1,0,0,0,0,0,0,0,0,0,0,0,0,0,0,0,0,0,0,0,0,0,0,1,0,0,0,0,1,0,0,0,0,0,0,0,1,1,0,0
0,3.0,1,10.491301994830229,82.0,420.0,349.0,534916583.1412208,547887334.0914111,0,0,0,0,0,0,1,0,0,0,0,0,0,0,0,0,0,0,0,0,0,0,0,0,0,0,0,0,0,1,0,0,0,0,0,0,0,1,0,0,1,0,0,1,0,0
0,0.0,1,0.0,37.2,326.4,134.0,341475612.0092226,355118290.83116776,0,0,0,0,0,0,1,0,0,0,0,0,0,0,0,0,0,0,0,0,0,0,0,0,0,0,1,0,0,0,0,0,0,0,0,0,0,1,0,0,0,1,0,1,0,0
0,1.0,0,11.141876276228,75.3,450.0,201.0,648344042.9115978,563016505.6089541,0,0,0,0,0,0,1,0,0,0,0,0,0,0,0,0,0,0,0,0,0,0,0,0,0,0,0,0,1,0,0,0,0,0,0,0,0,1,0,1,0,0,0,1,0,0
0,1.0,0,1.791759469228055,75.3,450.0,201.0,659279526.7825656,565096260.2101814,0,0,0,0,0,0,1,0,0,0,0,0,0,0,0,0,0,0,0,0,0,0,0,0,0,0,0,0,1,0,0,0,0,0,1,0,0,0,0,0,0,0,1,1,0,0
0,2.0,0,8.987321812850125,18.6,215.0,43.0,302966816.70009506,402493386.95667726,0,0,0,0,0,0,1,0,0,0,0,0,0,0,0,0,0,0,0,0,0,0,0,0,0,1,0,0,0,0,0,0,0,0,0,0,0,1,0,0,0,1,0,0,0,1
0,2.0,0,11.918397239722838,18.6,215.0,43.0,302607392.1473794,401663129.5028027,0,0,0,0,0,0,0,1,0,0,0,0,0,0,0,0,0,0,0,0,0,0,0,0,0,1,0,0,0,0,0,0,0,0,0,0,1,0,0,0,0,1,0,1,0,0
0,0.0,1,0.0,37.2,326.4,134.0,475073128.6838601,357538182.07052946,0,0,0,0,0,0,1,0,0,0,0,0,0,0,0,0,0,0,0,0,0,0,0,0,0,0,1,0,0,0,0,0,0,0,0,0,0,1,0,0,0,1,0,0,0,1
0,0.0,1,0.0,82.0,420.0,349.0,482259182.4220353,617564171.0946178,0,0,0,0,0,0,1,0,0,0,0,0,0,0,0,0,0,0,0,0,0,0,0,0,0,0,0,0,0,1,0,0,0,0,0,1,0,0,0,0,1,0,0,1,0,0
0,1.0,0,0.0,59.6,381.0,201.0,548647566.3137692,438699131.2129641,0,0,0,0,0,0,1,0,0,0,0,0,0,0,0,0,0,0,0,0,0,0,0,0,0,0,0,1,0,0,0,0,0,0,0,0,0,1,0,1,0,0,0,1,0,0
0,0.0,1,0.0,60.1,450.0,204.0,368955095.01715547,477896752.18418604,0,0,0,0,0,0,1,0,0,0,0,0,0,0,1,0,0,0,0,0,0,0,0,0,0,0,0,0,0,0,0,0,0,0,0,1,0,0,0,0,0,1,0,1,0,0
0,1.0,1,0.0,18.6,215.0,43.0,302966816.6282101,395068964.99130124,0,0,0,0,0,0,1,0,0,0,0,0,0,0,0,0,0,0,0,0,0,0,0,0,0,1,0,0,0,0,0,0,0,0,0,0,0,1,0,0,0,1,0,0,0,1
0,3.0,0,0.0,37.2,326.4,134.0,343332507.19289607,442956823.8605134,0,0,0,0,0,0,1,0,0,0,0,0,0,0,0,0,0,0,0,0,0,0,0,0,0,0,1,0,0,0,0,0,0,0,0,0,0,1,0,0,0,1,0,0,0,1
0,2.0,0,11.002116507732017,37.2,326.4,134.0,343332507.2133042,395357448.9124875,0,0,0,0,0,0,1,0,0,0,0,0,0,0,0,0,0,0,0,0,0,0,0,0,0,0,1,0,0,0,0,0,0,0,0,0,0,1,0,0,0,1,0,0,0,1
0,1.0,0,9.852246888342531,18.6,215.0,43.0,302966816.6681462,395068965.04944074,0,0,0,0,0,0,1,0,0,0,0,0,0,0,0,0,0,0,0,0,0,0,0,0,0,1,0,0,0,0,0,0,0,0,0,0,0,1,0,0,0,1,0,0,0,1
0,1.0,1,0.0,75.3,450.0,201.0,490552134.87130845,566666807.45558,0,0,0,0,0,0,1,0,0,0,0,0,0,0,0,0,0,0,0,0,0,0,0,0,0,0,0,0,1,0,0,0,0,0,0,0,0,1,0,0,0,1,0,0,0,1
0,0.0,0,9.90353755128617,59.6,381.0,201.0,554111068.0173022,458888835.0216277,0,0,0,0,0,0,1,0,0,0,0,0,0,0,0,0,0,0,0,1,0,0,0,0,0,0,0,0,0,0,0,0,0,0,0,0,1,0,0,0,0,1,0,0,0,1
0,0.0,1,0.0,37.2,326.4,134.0,475073128.60793823,357538181.88435924,0,0,0,0,0,0,1,0,0,0,0,0,0,0,0,0,0,0,0,0,0,0,0,0,0,0,1,0,0,0,0,0,0,0,0,0,0,1,0,0,0,1,0,0,0,1
0,1.0,1,0.0,92.0,480.0,402.0,610577992.2478907,669775139.1389704,0,0,0,0,0,0,1,0,0,0,0,0,0,0,0,0,0,0,0,0,0,0,0,0,0,0,0,0,0,0,1,0,0,0,0,0,0,1,0,0,0,1,0,0,0,1
1,2.0,0,9.392745258631441,37.2,326.4,134.0,475073128.6665065,395357449.84075755,0,0,0,0,0,0,1,0,0,0,0,0,0,0,0,0,0,0,0,0,0,0,0,0,0,0,1,0,0,0,0,0,0,0,0,0,0,1,0,0,0,1,0,0,0,1
0,0.0,1,0.0,37.2,326.4,134.0,473988530.9550098,354878609.9801039,0,0,0,0,0,0,1,0,0,0,0,0,0,0,0,0,0,0,0,0,0,0,0,0,0,0,1,0,0,0,0,0,0,0,0,0,0,1,0,0,0,1,0,1,0,0
0,3.0,0,11.082157933374816,82.0,420.0,349.0,444306782.1703813,547926018.8109468,0,0,0,0,0,0,1,0,0,0,0,0,0,0,0,0,0,0,0,0,0,0,0,0,0,0,0,0,0,1,0,0,0,0,0,0,0,1,0,1,0,0,0,1,0,0
0,3.0,0,9.90353755128617,18.6,215.0,43.0,302551481.60424846,541247449.2019204,0,0,0,0,0,0,0,1,0,0,0,0,0,0,0,0,0,0,0,0,0,0,0,0,0,1,0,0,0,0,0,0,0,0,0,0,1,0,0,0,0,1,0,0,0,1
0,2.0,1,0.0,37.2,326.4,134.0,343332506.82963073,395357448.515863,0,0,0,0,0,0,1,0,0,0,0,0,0,0,0,0,0,0,0,0,0,0,0,0,0,0,1,0,0,0,0,0,0,0,0,1,0,0,0,0,0,1,0,0,0,1
0,1.0,1,9.305741456739435,59.6,381.0,201.0,484666533.0259533,442046587.86126924,0,0,0,0,0,0,1,0,0,0,0,0,0,0,0,0,0,0,0,0,0,0,0,0,0,0,0,1,0,0,0,0,0,0,0,0,0,1,0,0,0,1,0,0,0,1
0,2.0,1,4.394449154672439,75.3,450.0,201.0,506841523.56721795,404844947.2912265,0,0,0,0,0,0,1,0,0,0,0,0,0,0,0,0,0,0,0,0,0,0,0,0,0,0,0,0,1,0,0,0,0,0,1,0,0,0,0,0,0,0,1,1,0,0
0,3.0,0,10.714439990727769,37.2,326.4,134.0,343332506.2255491,442956820.78259134,0,0,0,0,0,0,1,0,0,0,0,0,0,0,0,0,0,0,0,0,0,0,0,0,0,0,1,0,0,0,0,0,0,0,0,0,0,1,0,0,0,1,0,0,0,1
0,1.0,1,9.90353755128617,59.6,381.0,201.0,487373672.3977667,439436419.34855735,0,0,0,0,0,0,1,0,0,0,0,0,0,0,0,0,0,0,0,0,0,0,0,0,0,0,0,1,0,0,0,0,0,0,0,0,0,1,0,0,1,0,0,1,0,0
0,3.0,0,8.657476736863293,59.6,381.0,201.0,484666533.0259533,484666533.0259533,0,0,0,0,0,0,0,0,1,0,0,0,0,0,0,0,0,0,0,1,0,0,0,0,0,0,0,0,0,0,0,0,0,0,0,0,0,1,0,1,0,0,0,0,1,0
0,3.0,0,8.476579508530941,18.6,215.0,43.0,302966815.3023315,549634510.3309526,0,0,0,0,0,0,1,0,0,0,0,0,0,0,0,0,0,0,0,0,0,0,0,0,0,1,0,0,0,0,0,0,0,0,0,0,0,1,0,0,0,1,0,0,0,1
0,3.0,0,6.398594934535208,92.0,480.0,402.0,573285408.4574699,461656019.95565486,0,0,0,0,0,0,1,0,0,0,0,0,0,0,0,0,0,0,0,0,0,0,0,0,0,0,0,0,0,0,1,0,0,0,0,0,0,1,0,0,0,1,0,0,0,1
0,1.0,1,0.0,18.6,215.0,43.0,302966815.81351364,395068963.8052547,0,0,0,0,0,0,1,0,0,0,0,0,0,0,0,0,0,0,0,0,0,0,0,0,0,1,0,0,0,0,0,0,0,0,0,0,0,1,0,0,0,1,0,0,0,1
0,1.0,1,0.0,59.6,381.0,201.0,484666533.0259533,484666533.0259533,0,1,0,0,0,0,0,0,0,0,0,0,0,0,0,0,0,0,0,1,0,0,0,0,0,0,0,0,0,0,0,0,0,0,0,0,0,1,0,0,0,1,0,0,0,1
0,2.0,0,8.517393171418904,82.0,420.0,349.0,473627807.6042134,555939897.8790401,0,0,0,0,0,0,1,0,0,0,0,0,0,0,0,0,0,0,0,0,0,0,0,0,0,0,0,0,0,1,0,0,0,0,0,0,0,1,0,1,0,0,0,1,0,0
0,0.0,1,0.0,37.2,326.4,134.0,341367652.8255491,354977599.34180605,0,0,0,0,0,0,1,0,0,0,0,0,0,0,0,0,0,0,0,0,0,0,0,0,0,0,1,0,0,0,0,0,0,0,0,0,1,0,0,0,0,1,0,1,0,0
0,4.0,0,10.308985993422082,82.0,420.0,349.0,477843490.8395075,545088078.1198579,0,0,0,0,0,0,1,0,0,0,0,0,0,0,0,0,0,0,0,0,0,0,0,0,0,0,0,0,0,1,0,0,0,0,0,0,0,1,0,0,0,1,0,0,0,1
0,0.0,0,0.0,18.6,215.0,43.0,302966815.95728356,337359950.1075952,0,0,0,0,0,0,1,0,0,0,0,0,0,0,0,0,0,0,0,0,0,0,0,0,0,1,0,0,0,0,0,0,0,0,0,1,0,0,0,0,0,1,0,0,0,1
0,0.0,1,0.0,18.6,215.0,43.0,646119896.4312055,337359950.1411147,0,0,0,0,0,0,1,0,0,0,0,0,0,0,0,0,0,0,0,0,0,0,0,0,0,1,0,0,0,0,0,0,0,0,0,1,0,0,0,0,0,1,0,0,0,1
0,1.0,1,0.0,59.6,381.0,201.0,406119091.9471095,440605959.11450297,0,1,0,0,0,0,0,0,0,0,0,0,0,0,0,0,0,0,0,1,0,0,0,0,0,0,0,0,0,0,0,0,0,0,0,0,0,1,0,0,0,1,0,0,0,1
0,0.0,1,0.0,37.2,326.4,134.0,341418224.2541205,355043503.5971252,0,0,0,0,0,0,1,0,0,0,0,0,0,0,0,0,0,0,0,0,0,0,0,0,0,0,1,0,0,0,0,0,0,0,1,0,0,0,0,0,0,1,0,1,0,0
0,1.0,0,9.99884318585288,59.6,381.0,201.0,487253837.68702286,439313537.9926252,0,0,0,0,0,0,1,0,0,0,0,0,0,0,0,0,0,0,0,0,0,0,0,0,0,0,0,1,0,0,0,0,0,0,0,0,0,1,0,0,0,1,0,1,0,0
0,0.0,1,0.0,37.2,326.4,134.0,341536836.4990185,355198078.0652102,0,0,0,0,0,0,1,0,0,0,0,0,0,0,0,0,0,0,0,0,0,0,0,0,0,0,1,0,0,0,0,0,0,0,0,0,0,1,0,0,0,1,0,1,0,0
0,1.0,0,9.90353755128617,59.6,381.0,201.0,402650276.3768023,442046585.67059124,0,0,0,0,0,0,1,0,0,0,0,0,0,0,0,0,0,0,0,0,0,0,0,0,0,0,0,1,0,0,0,0,0,0,0,1,0,0,0,0,0,1,0,0,0,1
0,1.0,1,0.0,18.6,215.0,43.0,302966816.63459986,395068965.00060356,0,0,0,0,0,0,1,0,0,0,0,0,0,0,0,0,0,0,0,0,0,0,0,0,0,1,0,0,0,0,0,0,0,0,0,0,0,1,0,0,0,1,0,0,0,1
0,1.0,1,0.0,18.6,215.0,43.0,302080235.5978587,393778267.9564175,0,0,0,0,0,0,1,0,0,0,0,0,0,0,0,0,0,0,0,0,0,0,0,0,0,1,0,0,0,0,0,0,0,0,0,0,0,1,0,0,1,0,0,1,0,0
0,1.0,0,9.90353755128617,75.3,450.0,201.0,626565194.7407442,562433683.5230646,0,0,0,0,0,0,1,0,0,0,0,0,0,0,0,0,0,0,0,0,0,0,0,0,0,0,0,0,1,0,0,0,0,0,0,0,0,1,0,0,0,1,0,1,0,0
0,3.0,1,10.12667110305036,37.2,326.4,134.0,484666533.0259533,421411378.1462277,0,0,0,0,0,0,1,0,0,0,0,0,0,0,0,0,0,0,0,0,0,0,0,0,0,0,1,0,0,0,0,0,0,0,0,0,0,1,0,1,0,0,0,0,1,0
0,2.0,0,11.849404844423074,37.2,326.4,134.0,341903938.53983486,393880658.5116436,0,0,0,0,0,0,1,0,0,0,0,0,0,0,0,0,0,0,0,0,0,0,0,0,0,0,1,0,0,0,0,0,0,0,0,0,0,1,0,0,0,1,0,0,0,1
0,2.0,1,9.975668669496136,37.2,326.4,134.0,475073128.505986,395357449.52852124,0,0,0,0,0,0,1,0,0,0,0,0,0,0,0,0,0,0,0,0,0,0,0,0,0,0,1,0,0,0,0,0,0,0,0,0,0,1,0,0,0,1,0,0,0,1
0,0.0,1,0.0,82.0,420.0,349.0,492653827.22768176,615999717.3131052,0,0,0,0,0,0,1,0,0,0,0,0,0,0,0,0,0,0,0,0,0,0,0,0,0,0,0,0,0,1,0,0,0,0,0,0,1,0,0,0,0,1,0,1,0,0
0,1.0,0,10.463131911491967,18.6,215.0,43.0,484666533.0259533,395068964.97502214,0,0,0,0,0,0,1,0,0,0,0,0,0,0,0,0,0,0,0,0,0,0,0,0,0,1,0,0,0,0,0,0,0,0,0,0,0,1,0,0,0,1,0,0,0,1
0,0.0,1,0.0,59.6,381.0,201.0,487237308.761403,494626515.93328905,0,0,0,0,0,0,1,0,0,0,0,0,0,0,0,0,0,0,0,0,0,0,0,0,0,0,0,1,0,0,0,0,0,0,0,0,0,1,0,0,0,1,0,1,0,0
0,2.0,1,0.0,18.6,215.0,43.0,302966816.6649513,402493386.87549645,0,0,0,0,0,0,1,0,0,0,0,0,0,0,0,0,0,0,0,0,0,0,0,0,0,1,0,0,0,0,0,0,0,0,0,0,0,1,0,0,0,1,0,0,0,1
0,0.0,0,9.210440366976517,18.6,215.0,43.0,302655315.47006315,336270568.5154164,0,0,0,0,0,0,1,0,0,0,0,0,0,0,0,0,0,0,0,0,0,0,0,0,0,1,0,0,0,0,0,0,0,0,0,0,1,0,0,0,0,1,0,0,0,1
0,1.0,1,0.0,82.0,420.0,349.0,477843492.56499773,667988749.077192,0,0,0,0,0,0,1,0,0,0,0,0,0,0,0,0,0,0,0,0,0,0,0,0,0,0,0,0,0,1,0,0,0,0,0,1,0,0,0,0,0,1,0,0,0,1
0,2.0,1,0.0,92.0,480.0,402.0,645992216.9827799,478369750.0031269,0,0,0,0,0,0,1,0,0,0,0,0,0,0,0,0,0,0,0,0,0,0,0,0,0,0,0,0,0,0,1,0,0,0,0,0,0,1,0,0,1,0,0,1,0,0
0,0.0,1,0.0,37.2,326.4,134.0,475073128.6665065,357538182.0279763,0,0,0,0,0,0,1,0,0,0,0,0,0,0,0,0,0,0,0,0,0,0,0,0,0,0,1,0,0,0,0,0,0,0,0,0,0,1,0,0,0,1,0,0,0,1
0,3.0,1,10.34177474101152,82.0,420.0,349.0,741053161.5353346,547328339.894119,0,0,0,0,0,0,1,0,0,0,0,0,0,0,0,0,0,0,0,0,0,0,0,0,0,0,0,0,0,1,0,0,0,0,0,0,0,1,0,1,0,0,0,1,0,0
0,0.0,1,0.0,37.2,326.4,134.0,340912101.805141,354383929.12904006,0,0,0,0,0,0,1,0,0,0,0,0,0,0,0,0,0,0,0,0,0,0,0,0,0,0,1,0,0,0,0,0,0,0,0,0,0,1,0,0,1,0,0,1,0,0
0,3.0,0,10.463131911491967,92.0,480.0,402.0,573285409.0838436,461656020.70565486,0,0,0,0,0,0,1,0,0,0,0,0,0,0,0,0,0,0,0,0,0,0,0,0,0,0,0,0,0,0,1,0,0,0,0,0,0,1,0,0,0,1,0,0,0,1
0,1.0,1,0.0,82.0,420.0,349.0,497681032.7592607,667988742.712706,0,0,0,0,0,0,1,0,0,0,0,0,0,0,0,0,0,0,0,0,0,0,0,0,0,0,0,0,0,1,0,0,0,0,0,0,0,1,0,0,0,1,0,0,0,1
0,1.0,1,0.0,18.6,215.0,43.0,644598160.629273,394336407.49130124,0,0,0,0,0,0,1,0,0,0,0,0,0,0,0,0,0,0,0,0,0,0,0,0,0,1,0,0,0,0,0,0,0,0,1,0,0,0,0,0,0,0,1,1,0,0
0,0.0,1,0.0,18.6,215.0,43.0,302533909.7192644,335845987.5098298,0,0,0,0,0,0,1,0,0,0,0,0,0,0,0,0,0,0,0,0,0,0,0,0,0,1,0,0,0,0,0,0,0,0,0,0,0,0,1,0,0,1,0,1,0,0
0,2.0,0,9.392745258631441,18.6,215.0,43.0,302616976.8119162,401685269.72420496,0,0,0,0,0,0,1,0,0,0,0,0,0,0,0,0,0,0,0,0,0,0,0,0,0,1,0,0,0,0,0,0,0,0,0,0,1,0,0,0,0,1,0,1,0,0
0,1.0,1,0.0,59.6,381.0,201.0,487278631.0754526,439338961.7214387,0,0,0,0,0,0,1,0,0,0,0,0,0,0,0,0,0,0,0,0,0,0,0,0,0,0,0,1,0,0,0,0,0,0,0,0,0,1,0,0,1,0,0,0,1,0
0,1.0,1,0.0,17.0,150.0,41.0,311288900.0322957,415978280.76297665,0,0,0,0,0,0,1,0,0,0,1,0,0,0,0,0,0,0,0,0,0,0,0,0,0,0,0,0,0,0,0,0,0,0,0,0,0,1,0,0,0,1,0,0,0,1
0,2.0,0,11.289794413577894,59.6,381.0,201.0,488989374.87710553,452782312.34810156,0,0,0,0,0,0,1,0,0,0,0,0,0,0,0,0,0,0,0,0,0,0,0,0,0,0,0,1,0,0,0,0,0,0,1,0,0,0,0,0,0,0,1,1,0,0
0,4.0,0,9.105090961257085,59.6,381.0,201.0,773633266.5129766,568291583.1412208,0,0,0,1,0,0,0,0,0,0,0,1,0,0,0,0,0,0,0,0,0,0,0,0,0,0,0,0,0,0,0,0,0,0,0,0,0,1,0,1,0,0,0,1,0,0
0,4.0,0,10.085850775128717,42.0,318.6,147.0,325529903.74328125,417018863.8119049,0,0,0,0,0,0,1,0,0,0,0,0,0,0,0,0,0,0,0,0,0,0,0,0,1,0,0,0,0,0,0,0,0,0,0,0,0,1,0,0,1,0,0,1,0,0
0,0.0,1,0.0,14.7,170.0,27.0,358620833.2341785,356380983.1253666,0,0,0,0,0,0,1,0,0,0,0,0,0,0,0,0,0,0,1,0,0,0,0,0,0,0,0,0,0,0,0,0,0,0,1,0,0,0,0,0,0,1,0,1,0,0
0,3.0,0,11.141876276228,82.0,420.0,349.0,493738932.49083966,547695844.7297089,0,0,0,0,0,0,1,0,0,0,0,0,0,0,0,0,0,0,0,0,0,0,0,0,0,0,0,0,0,1,0,0,0,0,0,0,1,0,0,0,0,1,0,0,0,1
0,1.0,0,9.90353755128617,37.2,326.4,134.0,333010060.9888144,470489287.94547075,0,0,0,0,0,0,1,0,0,0,0,0,0,0,0,0,0,0,0,0,0,0,0,0,0,0,1,0,0,0,0,0,0,0,0,0,0,0,1,0,0,0,1,0,1,0
0,3.0,0,10.778977123006351,82.0,420.0,349.0,742893652.3328806,547908610.6871557,0,0,0,0,0,0,1,0,0,0,0,0,0,0,0,0,0,0,0,0,0,0,0,0,0,0,0,0,0,1,0,0,0,0,0,0,0,1,0,1,0,0,0,1,0,0
0,0.0,1,0.0,59.6,381.0,201.0,417179563.6638282,484222217.1075968,1,0,0,0,0,0,0,0,0,0,0,0,0,0,0,0,0,0,0,0,0,0,0,0,0,0,0,0,0,0,0,0,1,0,1,0,0,0,0,0,0,1,0,0,0,1
0,1.0,1,0.0,82.0,420.0,349.0,743237210.615089,662540153.4510236,0,0,0,0,0,0,1,0,0,0,0,0,0,0,0,0,0,0,0,0,0,0,0,0,0,0,0,0,0,1,0,0,0,0,0,0,0,1,0,0,1,0,0,1,0,0
1,2.0,0,8.824824939175638,18.6,215.0,43.0,301928478.40936023,400094863.8201459,0,0,0,0,0,0,1,0,0,0,0,0,0,0,0,0,0,0,0,0,0,0,0,0,0,1,0,0,0,0,0,0,0,0,0,0,0,1,0,1,0,0,0,1,0,0
0,2.0,0,10.085850775128717,82.0,420.0,349.0,626391680.8564883,556881387.2407422,0,0,0,0,0,0,1,0,0,0,0,0,0,0,0,0,0,0,0,0,0,0,0,0,0,0,0,0,0,1,0,0,0,0,0,0,0,1,0,0,0,1,0,0,0,1
0,0.0,0,3.828641396489095,14.7,170.0,27.0,317759252.4033074,336229126.4537208,0,0,0,0,1,0,0,0,0,0,0,0,0,0,0,0,0,0,0,1,0,0,0,0,0,0,0,0,0,0,0,0,0,0,0,0,1,0,0,0,0,1,0,1,0,0
0,1.0,0,9.105090961257085,92.0,480.0,402.0,566202997.4080194,658758057.728714,0,0,0,0,0,0,1,0,0,0,0,0,0,0,0,0,0,0,0,0,0,0,0,0,0,0,0,0,0,0,1,0,0,0,0,0,0,1,0,0,0,1,0,0,1,0
0,1.0,0,11.082157933374816,37.2,326.4,134.0,426072525.837371,477424141.3656662,0,0,0,0,0,0,1,0,0,0,0,0,0,0,0,0,0,0,0,0,0,0,0,0,0,0,1,0,0,0,0,0,0,0,0,0,0,1,0,0,0,1,0,0,0,1
0,4.0,1,0.0,42.0,318.6,147.0,440404764.6613952,415400886.2838149,0,0,0,0,0,0,1,0,0,0,0,0,0,0,0,0,0,0,0,0,0,0,0,0,1,0,0,0,0,0,0,0,0,0,0,0,0,1,0,0,1,0,0,1,0,0
0,6.0,1,0.0,59.6,381.0,201.0,623190457.0899667,484151393.6599575,0,0,0,0,0,1,0,0,0,0,0,0,0,0,0,0,0,0,0,0,1,0,0,0,0,0,0,0,0,0,0,0,0,0,0,0,0,1,0,0,1,0,0,1,0,0
0,1.0,0,11.277215789596893,37.2,326.4,134.0,473695689.3064198,476658669.0529626,0,0,0,0,0,0,1,0,0,0,0,0,0,0,0,0,0,0,0,0,0,0,0,0,0,0,1,0,0,0,0,0,0,0,0,0,0,1,0,0,1,0,0,1,0,0
0,1.0,0,11.06665398721974,18.6,215.0,43.0,302966816.045143,395068964.142464,0,0,0,0,0,0,1,0,0,0,0,0,0,0,0,0,0,0,0,0,0,0,0,0,0,1,0,0,0,0,0,0,0,0,0,0,0,1,0,0,0,1,0,0,0,1
0,3.0,0,10.239995502805316,82.0,420.0,349.0,442306782.1703813,547829307.0121074,0,0,0,0,0,0,1,0,0,0,0,0,0,0,0,0,0,0,0,0,0,0,0,0,0,0,0,0,0,1,0,0,0,0,0,0,0,1,0,1,0,0,0,1,0,0
0,1.0,0,10.021315031649332,59.6,381.0,201.0,489919125.2944609,442046587.1494048,0,0,0,0,0,0,1,0,0,0,0,0,0,0,0,0,0,0,0,0,0,0,0,0,0,0,0,1,0,0,0,0,0,0,0,0,0,1,0,0,0,1,0,0,0,1
0,1.0,1,6.440946540632921,92.0,480.0,402.0,599797303.4321012,659270878.2415345,0,0,0,0,0,0,1,0,0,0,0,0,0,0,0,0,0,0,0,0,0,0,0,0,0,0,0,0,0,0,1,0,0,0,0,0,0,1,0,0,0,1,0,1,0,0
0,3.0,1,10.691967639914864,82.0,420.0,349.0,475652317.408135,548279983.9946992,0,0,0,0,0,0,1,0,0,0,0,0,0,0,0,0,0,0,0,0,0,0,0,0,0,0,0,0,0,1,0,0,0,0,0,0,0,1,0,0,1,0,0,1,0,0
0,3.0,1,10.308985993422082,82.0,420.0,349.0,471475846.8198997,546632014.9424748,0,0,0,0,0,0,1,0,0,0,0,0,0,0,0,0,0,0,0,0,0,0,0,0,0,0,0,0,0,1,0,0,0,0,0,0,0,1,0,1,0,0,0,1,0,0
0,3.0,1,0.0,82.0,420.0,349.0,523476095.01853806,547856386.3157824,0,0,0,0,0,0,1,0,0,0,0,0,0,0,0,0,0,0,0,0,0,0,0,0,0,0,0,0,0,1,0,0,0,0,0,0,0,1,0,0,1,0,0,1,0,0
0,2.0,1,10.571342565808699,92.0,480.0,402.0,574783266.5129766,477357701.81035584,0,0,0,0,0,0,1,0,0,0,0,0,0,0,0,0,0,0,0,0,0,0,0,0,0,0,0,0,0,0,1,0,0,0,0,1,0,0,0,0,1,0,0,1,0,0
0,1.0,1,0.0,82.0,420.0,349.0,485412048.66407347,665428003.9183134,0,0,0,0,0,0,1,0,0,0,0,0,0,0,0,0,0,0,0,0,0,0,0,0,0,0,0,0,0,1,0,0,0,0,1,0,0,0,0,0,0,0,1,1,0,0
0,0.0,1,0.0,37.2,326.4,134.0,474513476.7250749,356165844.0226571,0,0,0,0,0,0,1,0,0,0,0,0,0,0,0,0,0,0,0,0,0,0,0,0,0,0,1,0,0,0,0,0,0,0,1,0,0,0,0,0,0,0,1,1,0,0
0,1.0,1,5.14166355650266,59.6,381.0,201.0,400218025.2022897,360404816.1613952,1,0,0,0,0,0,0,0,0,0,0,0,0,0,0,0,0,0,0,0,0,0,0,0,0,0,0,0,0,0,0,0,1,0,0,0,0,1,0,0,1,0,0,1,0,0
0,2.0,0,8.294299608857235,18.6,215.0,43.0,631921832.1268576,391648369.35520124,0,0,0,0,0,0,1,0,0,0,0,0,0,0,0,0,0,0,0,0,0,0,0,0,0,1,0,0,0,0,0,0,0,0,0,0,0,0,1,0,0,0,1,0,1,0
1,2.0,0,9.105090961257085,18.6,215.0,43.0,301960427.2911494,400168664.5581533,0,0,0,0,0,0,0,1,0,0,0,0,0,0,0,0,0,0,0,0,0,0,0,0,0,1,0,0,0,0,0,0,0,0,0,0,0,1,0,0,1,0,0,1,0,0
0,3.0,1,9.210440366976517,59.6,381.0,201.0,562314740.5699741,722039163.7799726,0,0,0,0,0,1,0,0,0,0,0,0,0,0,0,0,0,0,0,0,1,0,0,0,0,0,0,0,0,0,0,0,0,0,0,1,0,0,0,0,1,0,0,1,0,0
0,2.0,1,10.571342565808699,82.0,420.0,349.0,497681035.0803133,560514363.2620188,0,0,0,0,0,0,1,0,0,0,0,0,0,0,0,0,0,0,0,0,0,0,0,0,0,0,0,0,0,1,0,0,0,0,0,0,0,1,0,0,0,1,0,0,0,1
0,2.0,1,10.34177474101152,59.6,381.0,201.0,484964581.4886758,446416299.27620614,0,0,0,0,0,0,0,1,0,0,0,0,0,0,0,0,0,0,0,0,0,0,0,0,0,0,0,1,0,0,0,0,0,0,0,0,0,1,0,1,0,0,0,1,0,0
0,1.0,1,0.0,92.0,480.0,402.0,592358871.5584257,669775146.1218764,0,0,0,0,0,0,1,0,0,0,0,0,0,0,0,0,0,0,0,0,0,0,0,0,0,0,0,0,0,0,1,0,0,0,0,1,0,0,0,0,0,1,0,0,0,1
0,0.0,1,0.0,59.6,381.0,201.0,486840614.546527,494030242.64136356,0,0,0,0,0,0,1,0,0,0,0,0,0,0,0,0,0,0,0,0,0,0,0,0,0,0,0,1,0,0,0,0,0,0,0,0,0,0,1,0,0,1,0,0,1,0
0,1.0,1,0.0,37.2,326.4,134.0,343332508.7969777,478727072.026904,0,0,0,0,0,0,1,0,0,0,0,0,0,0,0,0,0,0,0,0,0,0,0,0,0,0,1,0,0,0,0,0,0,0,0,0,0,1,0,0,0,1,0,0,0,1
0,2.0,0,9.741027444837728,75.3,450.0,201.0,490552136.67938924,408707952.49670595,0,0,0,0,0,0,1,0,0,0,0,0,0,0,0,0,0,0,0,0,0,0,0,0,0,0,0,0,1,0,0,0,0,0,0,1,0,0,0,0,0,1,0,0,0,1
0,1.0,1,0.0,92.0,480.0,402.0,654550356.5176636,667664040.6346968,0,0,0,0,0,0,1,0,0,0,0,0,0,0,0,0,0,0,0,0,0,0,0,0,0,0,0,0,0,0,1,0,0,0,0,1,0,0,0,0,1,0,0,1,0,0
0,0.0,1,0.0,59.6,381.0,201.0,484666533.0259533,484666533.0259533,0,0,0,0,0,0,1,0,0,0,0,0,0,0,0,0,0,0,0,1,0,0,0,0,0,0,0,0,0,0,0,0,0,0,0,0,0,1,0,0,0,1,0,1,0,0
0,1.0,1,0.0,18.6,215.0,43.0,302966816.6537692,395068965.0285105,0,0,0,0,0,0,1,0,0,0,0,0,0,0,0,0,0,0,0,0,0,0,0,0,0,1,0,0,0,0,0,0,0,0,0,0,0,1,0,0,0,1,0,0,0,1
0,2.0,1,2.0794415416798357,82.0,420.0,349.0,624241680.8564883,556423940.4322315,0,0,0,0,0,0,1,0,0,0,0,0,0,0,0,0,0,0,0,0,0,0,0,0,0,0,0,0,0,1,0,0,0,0,0,1,0,0,0,0,1,0,0,1,0,0
0,0.0,1,0.0,92.0,480.0,402.0,563950250.1552721,836698568.6086781,0,0,0,0,0,0,1,0,0,0,0,0,0,0,0,0,0,0,0,0,0,0,0,0,0,0,0,0,0,0,1,0,0,0,0,0,0,1,0,0,0,1,0,1,0,0
0,3.0,0,9.680406499268875,59.6,381.0,201.0,481882071.3312895,462222185.4382944,0,0,0,0,0,0,1,0,0,0,0,0,0,0,0,0,0,0,0,0,0,1,0,0,0,0,0,0,0,0,0,0,0,0,0,0,0,1,0,0,0,1,0,0,0,1
0,1.0,1,8.853808274977197,92.0,480.0,402.0,571856843.5618656,667552929.5235858,0,0,0,0,0,0,1,0,0,0,0,0,0,0,0,0,0,0,0,0,0,0,0,0,0,0,0,0,0,0,1,0,0,0,1,0,0,0,0,0,0,0,1,1,0,0
0,0.0,1,0.0,92.0,480.0,402.0,610577992.967189,859053813.4376255,0,0,0,0,0,0,1,0,0,0,0,0,0,0,0,0,0,0,0,0,0,0,0,0,0,0,0,0,0,0,1,0,0,0,0,0,0,1,0,0,0,1,0,0,0,1
0,2.0,1,9.392745258631441,82.0,420.0,349.0,474078787.99637026,556429259.5811677,0,0,0,0,0,0,1,0,0,0,0,0,0,0,0,0,0,0,0,0,0,0,0,0,0,0,0,0,0,1,0,0,0,0,0,0,0,1,0,0,1,0,0,1,0,0
0,0.0,1,0.0,59.6,381.0,201.0,436391353.4227425,444811646.84198445,0,0,0,0,0,0,1,0,0,0,0,0,0,0,0,0,0,0,0,0,0,0,0,1,0,0,0,0,0,0,0,0,0,0,0,1,0,0,0,0,0,1,0,0,0,1
0,0.0,1,0.0,59.6,381.0,201.0,484666533.0259533,484666533.0259533,0,0,0,0,0,0,1,0,0,0,0,0,0,0,0,0,0,0,0,1,0,0,0,0,0,0,0,0,0,0,0,0,0,0,0,0,1,0,0,0,0,1,0,1,0,0
0,2.0,0,9.952325334619427,75.3,450.0,201.0,635190192.3032442,408707958.3186237,0,0,0,0,0,0,1,0,0,0,0,0,0,0,0,0,0,0,0,0,0,0,0,0,0,0,0,0,1,0,0,0,0,0,0,0,0,1,0,0,0,1,0,0,0,1
0,1.0,0,2.6390573296152584,59.6,381.0,201.0,486286895.53826255,438322012.56889635,0,0,0,0,0,0,1,0,0,0,0,0,0,0,0,0,0,0,0,0,0,0,0,0,0,0,0,1,0,0,0,0,0,0,0,0,0,1,0,1,0,0,0,1,0,0
1,3.0,0,9.741027444837728,37.2,326.4,134.0,475073128.8725803,442956828.01635754,0,0,0,0,0,0,1,0,0,0,0,0,0,0,0,0,0,0,0,0,0,0,0,0,0,0,1,0,0,0,0,0,0,0,0,0,0,1,0,0,0,1,0,0,0,1
0,0.0,1,0.0,37.2,326.4,134.0,444159381.4460667,357250950.4056358,0,0,0,0,0,0,1,0,0,0,0,0,0,0,0,0,0,0,0,0,0,0,0,0,0,0,1,0,0,0,0,0,0,0,0,0,0,1,0,0,0,1,0,1,0,0
0,1.0,0,9.852246888342531,18.6,215.0,43.0,302535507.1633539,394441058.6540919,0,0,0,0,0,0,1,0,0,0,0,0,0,0,0,0,0,0,0,0,0,0,0,0,0,1,0,0,0,0,0,0,0,1,0,0,0,0,0,0,0,1,0,1,0,0
0,2.0,0,9.358846580275406,82.0,420.0,349.0,484666533.0259533,548599472.3471252,0,0,0,0,0,0,1,0,0,0,0,0,0,0,0,0,0,0,0,0,0,0,0,0,0,0,0,0,0,1,0,0,0,0,0,0,0,1,0,0,1,0,0,0,1,0
1,3.0,0,11.082157933374816,92.0,480.0,402.0,573285409.5508766,461656021.2648654,0,0,0,0,0,0,1,0,0,0,0,0,0,0,0,0,0,0,0,0,0,0,0,0,0,0,0,0,0,0,1,0,0,0,0,0,0,1,0,0,0,1,0,0,0,1
0,2.0,0,8.962007209588313,13.4,170.0,26.8,484666533.0259533,428722110.8549611,0,0,0,0,0,0,0,0,1,0,0,0,0,0,0,0,0,0,0,1,0,0,0,0,0,0,0,0,0,0,0,0,0,0,0,0,1,0,0,0,0,1,0,0,0,1
0,4.0,0,11.51293546492023,82.0,420.0,349.0,742151321.0445371,539810304.6476357,0,0,0,0,0,0,1,0,0,0,0,0,0,0,0,0,0,0,0,0,0,0,0,0,0,0,0,0,0,1,0,0,0,0,0,0,0,1,0,1,0,0,0,1,0,0
1,1.0,0,6.803505257608338,75.3,450.0,201.0,440606011.75086665,566666809.9341075,0,0,0,0,0,0,1,0,0,0,0,0,0,0,0,0,0,0,0,0,0,0,0,0,0,0,0,0,1,0,0,0,0,0,0,0,0,1,0,0,0,1,0,0,0,1
0,2.0,0,0.0,18.6,215.0,43.0,301720810.67773086,399615159.02309793,0,0,0,0,0,0,1,0,0,0,0,0,0,0,0,0,0,0,0,0,0,0,0,0,0,1,0,0,0,0,0,0,0,0,0,0,0,1,0,1,0,0,0,1,0,0
0,4.0,1,10.308985993422082,82.0,420.0,349.0,742703468.2838008,540435304.6476357,0,0,0,0,0,0,1,0,0,0,0,0,0,0,0,0,0,0,0,0,0,0,0,0,0,0,0,0,0,1,0,0,0,0,0,1,0,0,0,0,1,0,0,1,0,0
0,4.0,0,11.112462823634855,82.0,420.0,349.0,494338932.49083966,540678360.2031913,0,0,0,0,0,0,1,0,0,0,0,0,0,0,0,0,0,0,0,0,0,0,0,0,0,0,0,0,0,1,0,0,0,0,0,0,0,1,0,0,0,1,0,0,0,1
0,3.0,1,9.472781556562168,92.0,480.0,402.0,569087612.7926348,456629711.9885496,0,0,0,0,0,0,1,0,0,0,0,0,0,0,0,0,0,0,0,0,0,0,0,0,0,0,0,0,0,0,1,0,0,0,0,0,0,1,0,0,1,0,0,1,0,0
0,0.0,1,0.0,37.2,326.0,136.0,390342330.71804947,337057471.5449833,0,0,0,0,0,0,1,0,0,0,0,0,1,0,0,0,0,0,0,0,0,0,0,0,0,0,0,0,0,0,0,0,0,0,0,0,0,1,0,0,0,1,0,0,0,1
0,1.0,1,0.0,59.6,381.0,201.0,481882071.3312895,403979163.7662208,0,0,0,0,0,0,1,0,0,0,0,0,0,0,0,0,0,0,0,0,0,1,0,0,0,0,0,0,0,0,0,0,0,0,0,0,0,1,0,0,1,0,0,1,0,0
0,1.0,0,9.90353755128617,37.2,326.4,134.0,474120851.9962246,477297105.5350473,0,0,0,0,0,0,1,0,0,0,0,0,0,0,0,0,0,0,0,0,0,0,0,0,0,0,1,0,0,0,0,0,0,0,0,0,1,0,0,0,0,1,0,0,0,1
0,1.0,1,0.0,60.1,450.0,204.0,682607505.3267667,456146806.3236955,0,0,0,0,0,0,1,0,0,0,0,0,0,0,1,0,0,0,0,0,0,0,0,0,0,0,0,0,0,0,0,0,0,0,0,0,0,1,0,0,1,0,0,1,0,0
0,0.0,1,0.0,14.7,170.0,27.0,352395026.7825656,348957906.2022897,0,0,0,0,0,0,1,0,0,0,0,0,0,0,0,0,0,0,1,0,0,0,0,0,0,0,0,0,0,0,0,0,0,0,1,0,0,0,0,0,0,1,0,1,0,0
1,1.0,0,9.210440366976517,18.6,215.0,43.0,302966816.6761334,395068965.06106865,0,0,0,0,0,0,1,0,0,0,0,0,0,0,0,0,0,0,0,0,0,0,0,0,0,1,0,0,0,0,0,0,0,0,0,0,0,1,0,0,0,1,0,0,0,1
0,3.0,1,0.0,82.0,420.0,349.0,745473971.3535901,547618475.2906374,0,0,0,0,0,0,1,0,0,0,0,0,0,0,0,0,0,0,0,0,0,0,0,0,0,0,0,0,0,1,0,0,0,0,0,0,0,1,0,0,1,0,0,1,0,0
1,0.0,0,6.90875477931522,18.6,215.0,43.0,644743088.165505,335767775.21932703,0,0,0,0,0,0,1,0,0,0,0,0,0,0,0,0,0,0,0,0,0,0,0,0,0,1,0,0,0,0,0,0,0,0,0,0,1,0,0,0,0,1,0,0,0,1
0,1.0,0,9.546884034617925,18.6,215.0,43.0,302966816.68571806,395068965.07502216,0,0,0,0,0,0,1,0,0,0,0,0,0,0,0,0,0,0,0,0,0,0,0,0,0,1,0,0,0,0,0,0,0,0,0,0,0,1,0,0,0,1,0,0,0,1
1,3.0,0,8.824824939175638,82.0,420.0,349.0,742212670.7377886,547693910.4937321,0,0,0,0,0,0,1,0,0,0,0,0,0,0,0,0,0,0,0,0,0,0,0,0,0,0,0,0,0,1,0,0,0,0,0,0,0,1,0,0,1,0,0,1,0,0
0,1.0,0,10.463131911491967,18.6,215.0,43.0,302543494.38380116,394452686.56106865,0,0,0,0,0,0,1,0,0,0,0,0,0,0,0,0,0,0,0,0,0,0,0,0,0,1,0,0,0,0,0,0,0,0,1,0,0,0,0,0,0,1,0,1,0,0
1,4.0,0,9.210440366976517,59.6,381.0,201.0,402442679.0906816,395264047.23457366,0,0,0,0,0,0,1,0,0,0,0,0,0,0,0,0,0,0,0,0,0,0,0,0,0,0,0,0,0,0,0,1,0,0,0,0,0,1,0,1,0,0,0,1,0,0
1,4.0,0,9.90353755128617,59.6,381.0,201.0,416408196.33206093,412139047.2345736,0,0,0,0,0,0,1,0,0,0,0,0,0,0,0,0,0,0,0,0,0,0,0,0,0,0,0,0,0,0,0,1,0,0,0,0,1,0,0,0,0,1,0,1,0,0
0,3.0,1,11.289794413577894,82.0,420.0,349.0,531819563.9691472,546746134.8651055,0,0,0,0,0,0,1,0,0,0,0,0,0,0,0,0,0,0,0,0,0,0,0,0,0,0,0,0,0,1,0,0,0,0,0,0,0,1,0,1,0,0,0,1,0,0
0,3.0,0,9.392745258631441,82.0,420.0,349.0,497681034.49083966,549144586.2770977,0,0,0,0,0,0,1,0,0,0,0,0,0,0,0,0,0,0,0,0,0,0,0,0,0,0,0,0,0,1,0,0,0,0,0,0,0,1,0,0,0,1,0,0,0,1
0,3.0,0,7.601402334583733,82.0,420.0,349.0,474412121.3297036,547790622.2925717,0,0,0,0,0,0,1,0,0,0,0,0,0,0,0,0,0,0,0,0,0,0,0,0,0,0,0,0,0,1,0,0,0,0,0,0,1,0,0,0,0,1,0,1,0,0
0,3.0,1,10.985309671896763,82.0,420.0,349.0,528761809.3042523,547999519.7780648,0,0,0,0,0,0,1,0,0,0,0,0,0,0,0,0,0,0,0,0,0,0,0,0,0,0,0,0,0,1,0,0,0,0,0,0,0,1,0,0,1,0,0,1,0,0
0,0.0,1,0.0,18.6,215.0,43.0,393589814.5584256,335868333.8785449,0,0,0,0,0,0,1,0,0,0,0,0,0,0,0,0,0,0,0,0,0,0,0,0,0,1,0,0,0,0,0,0,0,0,0,0,0,1,0,0,0,1,0,1,0,0
0,1.0,0,1.791759469228055,18.6,215.0,43.0,643076421.4988383,393603849.35176635,0,0,0,0,0,0,1,0,0,0,0,0,0,0,0,0,0,0,0,0,0,0,0,0,0,1,0,0,0,0,0,0,0,0,0,0,0,1,0,1,0,0,0,1,0,0
0,4.0,0,10.799595985047786,82.0,420.0,349.0,516358871.5584256,539949193.5365245,0,0,0,0,0,0,1,0,0,0,0,0,0,0,0,0,0,0,0,0,0,0,0,0,0,0,0,0,0,1,0,0,0,0,0,0,1,0,0,0,0,1,0,0,0,1
0,2.0,0,9.99884318585288,13.4,170.0,26.8,418722180.5216277,429472110.8549611,0,0,0,0,0,0,0,0,1,0,0,0,0,0,0,0,0,0,0,1,0,0,0,0,0,0,0,0,0,0,0,0,0,0,0,0,1,0,0,0,0,1,0,0,0,1
0,0.0,1,0.0,18.6,215.0,43.0,644912170.2911088,335963305.945584,0,0,0,0,0,0,1,0,0,0,0,0,0,0,0,0,0,0,0,0,0,0,0,0,0,1,0,0,0,0,0,0,0,0,1,0,0,0,0,0,0,0,1,1,0,0
0,0.0,1,0.0,59.6,381.0,201.0,445151393.6599575,445151393.6599575,0,0,0,0,0,0,1,0,0,0,0,0,0,0,0,0,0,0,0,1,0,0,0,0,0,0,0,0,0,0,0,0,0,0,0,0,1,0,0,0,0,1,0,1,0,0
0,1.0,0,11.034905792929415,37.2,326.4,134.0,473621936.594923,476547919.86729485,0,0,0,0,0,0,1,0,0,0,0,0,0,0,0,0,0,0,0,0,0,0,0,0,0,0,1,0,0,0,0,0,0,0,0,0,0,1,0,1,0,0,0,1,0,0
0,1.0,0,0.0,75.3,450.0,201.0,630702694.7407442,564464358.3696904,0,0,0,0,0,0,1,0,0,0,0,0,0,0,0,0,0,0,0,0,0,0,0,0,0,0,0,0,1,0,0,0,0,0,0,0,0,1,0,0,1,0,0,1,0,0
0,3.0,1,0.0,82.0,420.0,349.0,487157265.3328633,549144585.57497,0,0,0,0,0,0,1,0,0,0,0,0,0,0,0,0,0,0,0,0,0,0,0,0,0,0,0,0,0,1,0,0,0,0,0,0,0,1,0,0,0,1,0,0,0,1
0,2.0,0,2.3978952727983707,37.2,326.4,134.0,473207619.8921031,391728759.7774664,0,0,0,0,0,0,1,0,0,0,0,0,0,0,0,0,0,0,0,0,0,0,0,0,0,0,1,0,0,0,0,0,0,0,0,0,0,1,0,1,0,0,0,1,0,0
1,4.0,1,0.0,59.6,381.0,201.0,408115092.88378507,402118213.9012403,0,0,0,0,0,0,1,0,0,0,0,0,0,0,0,0,0,0,0,0,0,0,0,0,0,0,0,0,0,0,0,1,0,0,0,0,0,1,0,0,1,0,0,1,0,0
0,0.0,1,0.0,60.1,450.0,204.0,688897827.9074119,480491346.77878064,0,0,0,0,0,0,1,0,0,0,0,0,0,0,1,0,0,0,0,0,0,0,0,0,0,0,0,0,0,0,0,0,0,0,1,0,0,0,0,0,0,0,1,1,0,0
0,1.0,0,2.8903717578961645,18.6,215.0,43.0,301768734.00041455,393324779.5843245,0,0,0,0,0,0,1,0,0,0,0,0,0,0,0,0,0,0,0,0,0,0,0,0,0,1,0,0,0,0,0,0,0,0,0,0,0,1,0,1,0,0,0,1,0,0
0,2.0,1,8.517393171418904,59.6,381.0,201.0,488786895.53826255,452462050.910193,0,0,0,0,0,0,1,0,0,0,0,0,0,0,0,0,0,0,0,0,0,0,0,0,0,0,0,1,0,0,0,0,0,0,1,0,0,0,0,0,0,0,1,1,0,0
0,0.0,1,0.0,37.2,326.4,134.0,475073127.7250749,357538179.7194656,0,0,0,0,0,0,1,0,0,0,0,0,0,0,0,0,0,0,0,0,0,0,0,0,0,0,1,0,0,0,0,0,0,0,0,0,0,1,0,0,0,1,0,0,0,1
0,3.0,0,8.853808274977197,82.0,420.0,349.0,749880221.3535901,548709384.3815465,0,0,0,0,0,0,1,0,0,0,0,0,0,0,0,0,0,0,0,0,0,0,0,0,0,0,0,0,0,1,0,0,0,0,1,0,0,0,0,0,0,0,1,1,0,0
0,1.0,1,0.0,60.1,450.0,204.0,372291934.21715546,460530364.18670917,0,0,0,0,0,0,1,0,0,0,0,0,0,0,1,0,0,0,0,0,0,0,0,0,0,0,0,0,0,0,0,0,0,0,1,0,0,0,0,0,0,1,0,0,0,1
0,1.0,0,9.741027444837728,59.6,381.0,201.0,514270309.77588546,551348464.4208878,0,0,0,0,0,0,1,0,0,0,0,0,0,1,0,0,0,0,0,0,0,0,0,0,0,0,0,0,0,0,0,0,0,0,0,0,1,0,0,0,0,1,0,0,0,1
0,0.0,0,5.25227342804663,59.6,381.0,201.0,484666533.0259533,484666533.0259533,0,0,0,0,1,0,0,0,0,0,0,0,0,0,0,0,0,0,0,1,0,0,0,0,0,0,0,0,0,0,0,0,0,0,0,0,1,0,0,0,0,1,0,0,0,1
0,0.0,1,0.0,60.1,450.0,204.0,462808834.9382944,477680535.96796983,0,0,0,0,0,0,1,0,0,0,0,0,0,0,1,0,0,0,0,0,0,0,0,0,0,0,0,0,0,0,0,0,0,0,0,0,1,0,0,0,0,1,0,1,0,0
0,1.0,0,11.184435286790631,59.6,381.0,201.0,397129448.2379134,438677944.7722862,0,0,0,0,0,0,1,0,0,0,0,0,0,0,0,0,0,0,0,0,0,0,0,0,0,0,0,1,0,0,0,0,0,0,0,0,0,1,0,1,0,0,0,1,0,0
0,1.0,0,9.472781556562168,75.3,450.0,201.0,509452627.82647717,566666807.817543,0,0,0,0,0,0,1,0,0,0,0,0,0,0,0,0,0,0,0,0,0,0,0,0,0,0,0,0,1,0,0,0,0,0,0,0,0,1,0,0,0,1,0,0,0,1
0,1.0,1,0.0,14.7,170.0,27.0,351524059.0406301,491900279.96297663,0,0,0,0,0,0,1,0,0,0,0,0,0,0,0,0,0,0,1,0,0,0,0,0,0,0,0,0,0,0,0,0,0,0,1,0,0,0,0,0,0,0,1,1,0,0
0,1.0,1,6.478509642208569,92.0,480.0,402.0,638573612.331617,661792245.762902,0,0,0,0,0,0,1,0,0,0,0,0,0,0,0,0,0,0,0,0,0,0,0,0,0,0,0,0,0,0,1,0,0,0,0,0,0,1,0,1,0,0,0,1,0,0
0,1.0,1,0.0,59.6,381.0,201.0,399768337.1268023,440288114.2638116,0,0,0,0,0,0,1,0,0,0,0,0,0,0,0,0,0,0,0,0,0,0,0,0,0,0,0,1,0,0,0,0,0,0,0,0,0,1,0,0,1,0,0,1,0,0
0,1.0,0,2.5649493574615367,60.1,450.0,204.0,368349827.91715544,455400225.8510927,0,0,0,0,0,0,1,0,0,0,0,0,0,0,1,0,0,0,0,0,0,0,0,0,0,0,0,0,0,0,0,0,0,0,0,0,1,0,0,0,0,1,0,1,0,0
0,2.0,1,8.006700845440367,37.2,326.4,134.0,474157728.35197294,393576861.0432892,0,0,0,0,0,0,1,0,0,0,0,0,0,0,0,0,0,0,0,0,0,0,0,0,0,0,1,0,0,0,0,0,0,0,0,0,0,1,0,0,1,0,0,1,0,0
0,0.0,1,0.0,18.6,215.0,43.0,644767242.7548771,335795708.1802209,0,0,0,0,0,0,1,0,0,0,0,0,0,0,0,0,0,0,0,0,0,0,0,0,0,1,0,0,0,0,0,0,0,0,0,0,1,0,0,0,0,1,0,1,0,0
1,0.0,1,0.0,75.3,450.0,201.0,490552136.08342963,587428492.791372,0,0,0,0,0,0,1,0,0,0,0,0,0,0,0,0,0,0,0,0,0,0,0,0,0,0,0,0,1,0,0,0,0,0,0,0,0,1,0,0,0,1,0,0,0,1
0,1.0,0,7.496097345175956,60.1,450.0,204.0,372291933.78031325,460530363.618216,0,0,0,0,0,0,1,0,0,0,0,0,0,0,1,0,0,0,0,0,0,0,0,0,0,0,0,0,0,0,0,0,0,0,0,1,0,0,0,0,0,1,0,0,0,1
0,0.0,1,0.0,18.6,215.0,43.0,302966816.6937053,337359952.68301415,0,0,0,0,0,0,1,0,0,0,0,0,0,0,0,0,0,0,0,0,0,0,0,0,0,1,0,0,0,0,0,0,0,0,0,0,0,1,0,0,0,1,0,0,0,1
0,2.0,0,10.62135173563291,92.0,480.0,402.0,416377926.68396884,485779374.7019221,0,0,0,0,0,0,1,0,0,0,0,0,0,0,0,0,0,0,0,0,0,0,0,0,0,0,0,0,0,0,1,0,0,0,0,0,0,1,0,0,0,1,0,0,0,1
0,0.0,1,0.0,37.2,326.4,134.0,474062283.6665065,355059461.04393363,0,0,0,0,0,0,1,0,0,0,0,0,0,0,0,0,0,0,0,0,0,0,0,0,0,0,1,0,0,0,0,0,0,0,0,0,1,0,0,0,0,1,0,1,0,0
0,1.0,1,0.0,92.0,480.0,402.0,663786389.0579368,662937544.9082012,0,0,0,0,0,0,1,0,0,0,0,0,0,0,0,0,0,0,0,0,0,0,0,0,0,0,0,0,0,0,1,0,0,0,0,0,0,1,0,0,1,0,0,1,0,0
0,2.0,0,9.105090961257085,37.2,326.0,136.0,383245569.7825656,474305541.6049611,0,0,0,0,0,0,1,0,0,0,0,0,1,0,0,0,0,0,0,0,0,0,0,0,0,0,0,0,0,0,0,0,0,0,1,0,0,0,0,0,0,0,1,1,0,0
0,3.0,0,10.819798284210286,59.6,381.0,201.0,374025823.3945974,441989715.3518604,0,0,0,0,0,0,1,0,0,0,0,0,0,0,0,0,0,0,0,0,0,0,0,0,0,0,0,1,0,0,0,0,0,0,0,0,0,1,0,0,0,1,0,0,0,1
0,0.0,1,0.0,82.0,420.0,349.0,484666533.0259533,615631397.9853742,0,0,0,0,0,0,1,0,0,0,0,0,0,0,0,0,0,0,0,0,0,0,0,0,0,0,0,0,0,1,0,0,0,0,0,0,0,1,0,0,0,1,0,1,0,0
0,1.0,0,9.90353755128617,60.1,450.0,204.0,368697200.2803134,455852285.7757503,0,0,0,0,0,0,1,0,0,0,0,0,0,0,1,0,0,0,0,0,0,0,0,0,0,0,0,0,0,0,0,0,0,0,0,0,1,0,0,0,0,1,0,0,0,1
0,0.0,1,0.0,18.6,215.0,43.0,301081833.04194814,330767775.21932703,0,0,0,0,0,0,1,0,0,0,0,0,0,0,0,0,0,0,0,0,0,0,0,0,0,1,0,0,0,0,0,0,0,0,0,0,0,1,0,1,0,0,0,1,0,0
0,1.0,1,0.0,59.6,381.0,201.0,403525504.2845242,425820538.0968872,0,0,0,0,0,0,1,0,0,0,0,0,0,0,0,1,0,0,0,0,0,0,0,0,0,0,0,0,0,0,0,0,0,0,0,0,0,1,0,0,0,1,0,0,0,1
0,2.0,1,0.0,18.6,215.0,43.0,301840618.9844401,399891911.7906256,0,0,0,0,0,0,1,0,0,0,0,0,0,0,0,0,0,0,0,0,0,0,0,0,0,1,0,0,0,0,0,0,0,0,0,1,0,0,0,0,1,0,0,1,0,0
0,1.0,1,0.0,37.2,326.4,134.0,473598075.42355645,476512089.24840236,0,0,0,0,0,0,1,0,0,0,0,0,0,0,0,0,0,0,0,0,0,0,0,0,0,0,1,0,0,0,0,0,0,0,0,0,0,1,0,0,1,0,0,1,0,0
0,2.0,0,9.164401140034737,18.6,215.0,43.0,484666533.0259533,401770140.5729134,0,0,0,0,0,0,1,0,0,0,0,0,0,0,0,0,0,0,0,0,0,0,0,0,0,1,0,0,0,0,0,0,0,0,0,0,1,0,0,0,0,1,0,1,0,0
0,3.0,0,10.799595985047786,82.0,420.0,349.0,744451934.5414696,548399906.6252602,0,0,0,0,0,0,1,0,0,0,0,0,0,0,0,0,0,0,0,0,0,0,0,0,0,0,0,0,0,1,0,0,0,0,0,0,0,1,0,0,1,0,0,1,0,0
1,1.0,0,8.45553053102413,18.6,215.0,43.0,302966816.73523885,395068965.1471152,0,0,0,0,0,0,1,0,0,0,0,0,0,0,0,0,0,0,0,0,0,0,0,0,0,1,0,0,0,0,0,0,0,0,0,0,0,1,0,0,0,1,0,0,0,1
1,1.0,1,8.987321812850125,18.6,215.0,43.0,643081252.4167126,393606174.9331617,0,0,0,0,0,0,1,0,0,0,0,0,0,0,0,0,0,0,0,0,0,0,0,0,0,1,0,0,0,0,0,0,0,0,0,0,0,1,0,0,1,0,0,1,0,0
0,1.0,0,10.596659732783579,59.6,381.0,201.0,550864547.4458447,439694893.9248285,0,0,0,0,0,0,1,0,0,0,0,0,0,0,0,0,0,0,0,0,0,0,0,0,0,0,0,1,0,0,0,0,0,0,0,0,1,0,0,0,0,1,0,0,0,1
0,1.0,1,0.0,59.6,381.0,201.0,483205025.40457946,483205025.40457946,0,1,0,0,0,0,0,0,0,0,0,0,0,0,0,0,0,0,0,1,0,0,0,0,0,0,0,0,0,0,0,0,0,0,0,0,0,1,0,0,0,1,0,0,0,1
0,0.0,1,0.0,60.1,450.0,204.0,368980673.96452385,477929590.0220239,0,0,0,0,0,0,1,0,0,0,0,0,0,0,1,0,0,0,0,0,0,0,0,0,0,0,0,0,0,0,0,0,0,0,0,0,1,0,0,0,0,1,0,1,0,0
0,3.0,0,11.127277689932466,82.0,420.0,349.0,742826167.670304,547887334.0914111,0,0,0,0,0,0,1,0,0,0,0,0,0,0,0,0,0,0,0,0,0,0,0,0,0,0,0,0,0,1,0,0,0,0,0,0,0,1,0,1,0,0,0,1,0,0
0,0.0,1,0.0,59.6,381.0,201.0,416525717.50998205,483412693.298073,1,0,0,0,0,0,0,0,0,0,0,0,0,0,0,0,0,0,0,0,0,0,0,0,0,0,0,0,0,0,0,0,1,1,0,0,0,0,0,0,0,1,0,0,0,1
1,2.0,1,2.772588722239781,82.0,420.0,349.0,627741680.8564883,557168621.2832955,0,0,0,0,0,0,1,0,0,0,0,0,0,0,0,0,0,0,0,0,0,0,0,0,0,0,0,0,0,1,0,0,0,0,0,0,0,1,0,0,1,0,0,1,0,0
0,1.0,1,0.0,75.3,450.0,201.0,520111064.4173022,561746566.9586475,0,0,0,0,0,0,1,0,0,0,0,0,0,0,0,0,0,0,0,0,0,0,0,0,0,0,0,0,1,0,0,0,0,0,0,0,0,1,0,0,0,1,0,1,0,0
1,1.0,1,9.90353755128617,82.0,420.0,349.0,470397415.4473507,653792489.8996218,0,0,0,0,0,0,1,0,0,0,0,0,0,0,0,0,0,0,0,0,0,0,0,0,0,0,0,0,0,1,0,0,0,0,0,0,0,1,0,1,0,0,0,0,1,0
0,0.0,1,0.0,37.2,326.4,134.0,427376772.79389274,355197758.9215933,0,0,0,0,0,0,1,0,0,0,0,0,0,0,0,0,0,0,0,0,0,0,0,0,0,0,1,0,0,0,0,0,0,0,0,0,0,1,0,0,0,1,0,1,0,0
0,1.0,1,0.0,75.3,450.0,201.0,503156338.38203275,562495033.2163162,0,0,0,0,0,0,1,0,0,0,0,0,0,0,0,0,0,0,0,0,0,0,0,0,0,0,0,0,1,0,0,0,0,0,0,0,0,1,0,0,1,0,0,1,0,0
0,2.0,0,6.2166061010848646,82.0,420.0,349.0,496633669.3329449,559455855.3258486,0,0,0,0,0,0,1,0,0,0,0,0,0,0,0,0,0,0,0,0,0,0,0,0,0,0,0,0,0,1,0,0,0,0,1,0,0,0,0,0,0,0,1,1,0,0
0,0.0,1,0.0,59.6,381.0,201.0,550651905.9364107,495070366.8649661,0,0,0,0,0,0,1,0,0,0,0,0,0,0,0,0,0,0,0,0,0,0,0,0,0,0,0,1,0,0,0,0,0,0,0,0,0,1,0,0,0,1,0,1,0,0
0,0.0,0,10.545367754151743,37.2,326.4,134.0,474216296.68169093,355437120.61840177,0,0,0,0,0,0,1,0,0,0,0,0,0,0,0,0,0,0,0,0,0,0,0,0,0,0,1,0,0,0,0,0,0,0,0,0,0,1,0,0,1,0,0,1,0,0
0,3.0,0,9.210440366976517,92.0,480.0,402.0,566746953.4519755,453827080.4096022,0,0,0,0,0,0,1,0,0,0,0,0,0,0,0,0,0,0,0,0,0,0,0,0,0,0,0,0,0,0,1,0,0,0,0,0,0,1,0,1,0,0,0,1,0,0
0,2.0,0,9.90353755128617,37.2,326.4,134.0,475073127.9398254,395357448.42725545,0,0,0,0,0,0,1,0,0,0,0,0,0,0,0,0,0,0,0,0,0,0,0,0,0,0,1,0,0,0,0,0,0,0,0,0,0,1,0,0,0,1,0,0,0,1
1,1.0,0,9.305741456739435,18.6,215.0,43.0,302575443.2655903,394499198.18897563,0,0,0,0,0,0,1,0,0,0,0,0,0,0,0,0,0,0,0,0,0,0,0,0,0,1,0,0,0,0,0,0,0,0,0,0,1,0,0,0,0,1,0,1,0,0
0,0.0,1,0.0,82.0,420.0,349.0,477843489.8934291,624026349.1366347,0,0,0,0,0,0,1,0,0,0,0,0,0,0,0,0,0,0,0,0,0,0,0,0,0,0,0,0,0,1,0,0,0,0,0,0,0,1,0,0,0,1,0,0,0,1
0,1.0,1,0.0,82.0,420.0,349.0,477843491.65323305,667988747.3388742,0,0,0,0,0,0,1,0,0,0,0,0,0,0,0,0,0,0,0,0,0,0,0,0,0,0,0,0,0,1,0,0,0,0,0,0,0,1,0,0,0,1,0,0,0,1
0,0.0,1,0.0,60.1,450.0,204.0,368786673.96452385,477680535.96796983,0,0,0,0,0,0,1,0,0,0,0,0,0,0,1,0,0,0,0,0,0,0,0,0,0,0,0,0,0,0,0,0,0,0,0,0,0,1,0,0,0,1,0,1,0,0
0,1.0,0,9.210440366976517,59.6,381.0,201.0,484666533.0259533,434541663.7662208,0,0,0,0,0,0,1,0,0,0,0,0,0,0,0,0,0,0,0,0,0,1,0,0,0,0,0,0,0,0,0,0,0,0,0,0,1,0,0,0,0,1,0,0,0,1
0,2.0,1,8.216358332386156,59.6,381.0,201.0,486840614.546527,449383619.537644,0,0,0,0,0,0,1,0,0,0,0,0,0,0,0,0,0,0,0,0,0,0,0,0,0,0,0,1,0,0,0,0,0,0,0,0,0,1,0,0,1,0,0,1,0,0
0,1.0,0,9.680406499268875,59.6,381.0,201.0,487241440.992808,439300826.12821835,0,0,0,0,0,0,1,0,0,0,0,0,0,0,0,0,0,0,0,0,0,0,0,0,0,0,0,1,0,0,0,0,0,0,0,0,1,0,0,0,0,1,0,0,0,1
0,3.0,0,10.596684731846114,82.0,420.0,349.0,748372408.8535901,548336076.8380262,0,0,0,0,0,0,1,0,0,0,0,0,0,0,0,0,0,0,0,0,0,0,0,0,0,0,0,0,0,1,0,0,0,0,0,0,0,1,0,0,1,0,0,1,0,0
0,1.0,0,8.517393171418904,37.2,326.4,134.0,474541676.2912354,477929027.35915154,0,0,0,0,0,0,1,0,0,0,0,0,0,0,0,0,0,0,0,0,0,0,0,0,0,0,1,0,0,0,0,0,0,0,1,0,0,0,0,0,0,0,1,1,0,0
0,0.0,1,0.0,60.1,450.0,204.0,464177455.2451907,477423779.2112131,0,0,0,0,0,0,1,0,0,0,0,0,0,0,1,0,0,0,0,0,0,0,0,0,0,0,0,0,0,0,0,0,0,0,0,1,0,0,0,0,0,1,0,1,0,0
0,3.0,0,9.472781556562168,59.6,381.0,201.0,402650278.2379134,441989722.6956104,0,0,0,0,0,0,1,0,0,0,0,0,0,0,0,0,0,0,0,0,0,0,0,0,0,0,0,1,0,0,0,0,0,0,0,0,0,1,0,0,0,1,0,0,0,1
0,0.0,1,0.0,75.3,450.0,201.0,509452627.82647717,587428492.2317389,0,0,0,0,0,0,1,0,0,0,0,0,0,0,0,0,0,0,0,0,0,0,0,0,0,0,0,0,1,0,0,0,0,0,0,0,0,1,0,0,0,1,0,0,0,1
0,1.0,1,0.0,92.0,480.0,402.0,637061984.4246403,661236690.2073464,0,0,0,0,0,0,1,0,0,0,0,0,0,0,0,0,0,0,0,0,0,0,0,0,0,0,0,0,0,0,1,0,0,0,0,0,0,1,0,1,0,0,0,1,0,0
0,2.0,0,11.472113887062386,37.2,326.4,134.0,343332507.74391645,395357449.4610107,0,0,0,0,0,0,1,0,0,0,0,0,0,0,0,0,0,0,0,0,0,0,0,0,0,0,1,0,0,0,0,0,0,0,0,0,0,1,0,0,0,1,0,0,0,1
0,3.0,0,10.308985993422082,82.0,420.0,349.0,477843490.2022526,549144586.025647,0,0,0,0,0,0,1,0,0,0,0,0,0,0,0,0,0,0,0,0,0,0,0,0,0,0,0,0,0,1,0,0,0,0,0,0,0,1,0,0,0,1,0,0,0,1
0,0.0,1,0.0,59.6,381.0,201.0,514936976.44255215,513115413.602706,0,0,0,0,0,0,1,0,0,0,0,0,0,1,0,0,0,0,0,0,0,0,0,0,0,0,0,0,0,0,0,0,0,0,0,1,0,0,0,0,0,1,0,1,0,0
0,2.0,0,9.770013301136158,60.1,450.0,204.0,368791937.12241864,417098990.63924193,0,0,0,0,0,0,1,0,0,0,0,0,0,0,1,0,0,0,0,0,0,0,0,0,0,0,0,0,0,0,0,0,0,0,0,0,0,1,0,0,1,0,0,1,0,0
0,2.0,0,11.618284980627555,18.6,215.0,43.0,643028112.3200943,400131764.18914956,0,0,0,0,0,0,1,0,0,0,0,0,0,0,0,0,0,0,0,0,0,0,0,0,0,1,0,0,0,0,0,0,0,0,0,0,0,1,0,1,0,0,0,1,0,0
0,1.0,0,10.308985993422082,37.2,326.4,134.0,474183758.7207365,477391568.07576394,0,0,0,0,0,0,1,0,0,0,0,0,0,0,0,0,0,0,0,0,0,0,0,0,0,0,1,0,0,0,0,0,0,0,0,0,0,1,0,0,1,0,0,1,0,0
0,2.0,1,0.0,59.6,381.0,201.0,487113341.8192543,449814992.08666366,0,0,0,0,0,0,1,0,0,0,0,0,0,0,0,0,0,0,0,0,0,0,0,0,0,0,0,1,0,0,0,0,0,0,0,1,0,0,0,0,1,0,0,1,0,0
0,0.0,1,0.0,59.6,381.0,201.0,750853524.4169111,552591318.1183203,0,0,0,0,0,0,1,0,0,0,0,0,0,0,0,0,0,1,0,0,0,0,0,0,0,0,0,0,0,0,0,0,0,0,0,0,0,1,0,0,1,0,0,1,0,0
0,3.0,1,10.54970034590686,82.0,420.0,349.0,481878666.3872303,547811898.8883163,0,0,0,0,0,0,1,0,0,0,0,0,0,0,0,0,0,0,0,0,0,0,0,0,0,0,0,0,0,1,0,0,0,0,0,1,0,0,0,0,1,0,0,1,0,0
0,2.0,0,10.275085591132715,59.6,381.0,201.0,488183589.7531386,451507802.54417986,0,0,0,0,0,0,1,0,0,0,0,0,0,0,0,0,0,0,0,0,0,0,0,0,0,0,0,1,0,0,0,0,0,0,0,0,0,1,0,0,1,0,0,1,0,0
0,2.0,0,8.294299608857235,92.0,480.0,402.0,573285412.1058216,485779382.2320426,0,0,0,0,0,0,1,0,0,0,0,0,0,0,0,0,0,0,0,0,0,0,0,0,0,0,0,0,0,0,1,0,0,0,0,0,0,1,0,0,0,1,0,0,0,1
0,1.0,1,0.0,59.6,381.0,201.0,509444355.3506355,523128102.3276564,0,0,0,0,0,0,1,0,0,0,0,0,0,0,0,0,0,0,0,1,0,0,0,0,0,0,0,0,0,0,0,0,0,0,0,0,0,1,0,0,1,0,0,1,0,0
0,1.0,0,0.0,60.1,450.0,204.0,372291934.7276817,460530364.8510927,0,0,0,0,0,0,1,0,0,0,0,0,0,0,1,0,0,0,0,0,0,0,0,0,0,0,0,0,0,0,0,0,0,0,0,0,0,1,0,0,0,1,0,0,0,1
0,3.0,0,10.819798284210286,82.0,420.0,349.0,477843490.88852715,549144586.2964401,0,0,0,0,0,0,1,0,0,0,0,0,0,0,0,0,0,0,0,0,0,0,0,0,0,0,0,0,0,1,0,0,0,0,0,0,0,1,0,0,0,1,0,0,0,1
0,0.0,1,0.0,59.6,381.0,201.0,487303424.4638824,494725894.8152766,0,0,0,0,0,0,1,0,0,0,0,0,0,0,0,0,0,0,0,0,0,0,0,0,0,0,0,1,0,0,0,0,0,0,0,0,1,0,0,0,0,1,0,1,0,0
0,4.0,1,10.491301994830229,82.0,420.0,349.0,484666533.0259533,545088077.5365245,0,0,0,0,0,0,1,0,0,0,0,0,0,0,0,0,0,0,0,0,0,0,0,0,0,0,0,0,0,1,0,0,0,0,0,1,0,0,0,0,0,1,0,0,0,1
0,2.0,0,0.0,82.0,420.0,349.0,747114596.3535901,557434578.7301039,0,0,0,0,0,0,1,0,0,0,0,0,0,0,0,0,0,0,0,0,0,0,0,0,0,0,0,0,0,1,0,0,0,0,0,0,0,1,0,0,1,0,0,1,0,0
0,3.0,0,8.517393171418904,92.0,480.0,402.0,671863312.1348598,458465238.30433905,0,0,0,0,0,0,1,0,0,0,0,0,0,0,0,0,0,0,0,0,0,0,0,0,0,0,0,0,0,0,1,0,0,0,1,0,0,0,0,0,1,0,0,1,0,0
0,2.0,0,11.289794413577894,60.1,450.0,204.0,478257447.7451907,441728606.3799827,0,0,0,0,0,0,1,0,0,0,0,0,0,0,1,0,0,0,0,0,0,0,0,0,0,0,0,0,0,0,0,0,0,0,0,0,0,1,0,0,0,1,0,0,0,1
0,0.0,1,0.0,59.6,381.0,201.0,454811843.7328238,498657567.8587549,0,0,0,0,0,0,1,0,0,0,0,0,0,0,0,0,0,0,0,0,0,0,0,0,0,0,0,1,0,0,0,0,0,0,0,0,0,1,0,0,0,1,0,0,0,1
0,0.0,1,0.0,59.6,381.0,201.0,374025827.8561359,498657568.1134133,0,0,0,0,0,0,1,0,0,0,0,0,0,0,0,0,0,0,0,0,0,0,0,0,0,0,0,1,0,0,0,0,0,0,0,0,0,1,0,0,0,1,0,0,0,1
0,4.0,1,0.0,82.0,420.0,349.0,473750356.62382126,539289471.3143023,0,0,0,0,0,0,1,0,0,0,0,0,0,0,0,0,0,0,0,0,0,0,0,0,0,0,0,0,0,1,0,0,0,0,0,0,0,1,0,0,0,1,0,1,0,0
0,1.0,0,0.0,59.6,381.0,201.0,488906730.24900633,441008453.2468625,0,0,0,0,0,0,1,0,0,0,0,0,0,0,0,0,0,0,0,0,0,0,0,0,0,0,0,1,0,0,0,0,0,0,1,0,0,0,0,0,0,0,1,1,0,0
0,1.0,1,0.0,75.3,450.0,201.0,623077694.7407442,560722027.0813469,0,0,0,0,0,0,1,0,0,0,0,0,0,0,0,0,0,0,0,0,0,0,0,0,0,0,0,0,1,0,0,0,0,0,0,0,0,1,0,1,0,0,0,1,0,0
1,2.0,0,10.545367754151743,59.6,381.0,201.0,487448052.56305593,450344403.8513695,0,0,0,0,0,0,1,0,0,0,0,0,0,0,0,0,0,0,0,0,0,0,0,0,0,0,0,1,0,0,0,0,0,0,0,0,0,1,0,0,0,1,0,1,0,0
0,1.0,0,10.463131911491967,92.0,480.0,402.0,610577994.8356099,669775141.6603379,0,0,0,0,0,0,1,0,0,0,0,0,0,0,0,0,0,0,0,0,0,0,0,0,0,0,0,0,0,0,1,0,0,0,0,0,0,1,0,0,0,1,0,0,0,1
0,1.0,0,11.002116507732017,37.2,326.4,134.0,472253173.0374393,474492545.274461,0,0,0,0,0,0,1,0,0,0,0,0,0,0,0,0,0,0,0,0,0,0,0,0,0,0,1,0,0,0,0,0,0,0,0,0,0,1,0,1,0,0,0,1,0,0
0,0.0,1,0.0,37.2,326.4,134.0,474096990.82485795,355144567.4269124,0,0,0,0,0,0,0,1,0,0,0,0,0,0,0,0,0,0,0,0,0,0,0,0,0,0,1,0,0,0,0,0,0,0,0,0,0,1,0,0,0,1,0,1,0,0
0,0.0,1,0.0,60.1,450.0,204.0,368497200.2803134,477308914.3463482,0,0,0,0,0,0,1,0,0,0,0,0,0,0,1,0,0,0,0,0,0,0,0,0,0,0,0,0,0,0,0,0,0,0,0,0,1,0,0,0,0,1,0,1,0,0
0,2.0,0,7.3783837129967145,18.6,215.0,43.0,302623366.588274,401700029.8718064,0,0,0,0,0,0,1,0,0,0,0,0,0,0,0,0,0,0,0,0,0,0,0,0,0,1,0,0,0,0,0,0,0,0,0,0,0,1,0,0,0,1,0,1,0,0
0,3.0,0,2.3978952727983707,82.0,420.0,349.0,487157270.1927359,549144587.0507921,0,0,0,0,0,0,1,0,0,0,0,0,0,0,0,0,0,0,0,0,0,0,0,0,0,0,0,0,0,1,0,0,0,0,0,0,0,1,0,0,0,1,0,0,0,1
0,0.0,1,0.0,59.6,381.0,201.0,550572094.615656,495017820.2811151,0,0,0,0,0,0,1,0,0,0,0,0,0,0,0,0,0,0,0,0,0,0,0,0,0,0,0,1,0,0,0,0,0,0,0,0,1,0,0,0,0,1,0,1,0,0
0,3.0,0,10.973202986493744,82.0,420.0,349.0,746559908.8535901,547887334.0914111,0,0,0,0,0,0,1,0,0,0,0,0,0,0,0,0,0,0,0,0,0,0,0,0,0,0,0,0,0,1,0,0,0,0,0,0,0,1,0,0,1,0,0,1,0,0
0,2.0,0,9.90353755128617,75.3,450.0,201.0,484666533.0259533,408707952.1542402,0,0,0,0,0,0,1,0,0,0,0,0,0,0,0,0,0,0,0,0,0,0,0,0,0,0,0,0,1,0,0,0,0,0,0,0,0,1,0,0,0,1,0,0,0,1
0,0.0,1,0.0,18.6,215.0,43.0,302949245.1825232,337298501.47631025,0,0,0,0,0,0,1,0,0,0,0,0,0,0,0,0,0,0,0,0,0,0,0,0,0,1,0,0,0,0,0,0,0,0,0,0,1,0,0,0,0,1,0,1,0,0
0,2.0,1,0.0,59.6,381.0,201.0,553921151.2194296,452743096.661827,0,0,0,0,0,0,1,0,0,0,0,0,0,0,0,0,0,0,0,0,0,0,0,0,0,0,0,1,0,0,0,0,0,0,1,0,0,0,0,0,0,0,1,1,0,0
0,0.0,1,0.0,59.6,381.0,201.0,484666533.0259533,484666533.0259533,0,0,0,0,0,0,0,0,1,0,0,0,0,0,0,0,0,0,0,1,0,0,0,0,0,0,0,0,0,0,0,0,0,0,1,0,0,0,0,0,0,1,0,0,0,1
1,1.0,0,8.987321812850125,59.6,381.0,201.0,487233176.52999806,439292351.5519472,0,0,0,0,0,0,1,0,0,0,0,0,0,0,0,0,0,0,0,0,0,0,0,0,0,0,0,1,0,0,0,0,0,0,0,0,0,1,0,0,0,1,0,1,0,0
1,3.0,1,10.819798284210286,82.0,420.0,349.0,497681035.3645239,549144586.5981809,0,0,0,0,0,0,1,0,0,0,0,0,0,0,0,0,0,0,0,0,0,0,0,0,0,0,0,0,0,1,0,0,0,0,0,0,0,1,0,0,0,1,0,0,0,1
0,2.0,0,10.819798284210286,18.6,215.0,43.0,301057871.3806063,398083793.70944476,0,0,0,0,0,0,1,0,0,0,0,0,0,0,0,0,0,0,0,0,0,0,0,0,0,1,0,0,0,0,0,0,0,0,0,0,0,1,0,1,0,0,0,1,0,0
1,1.0,0,7.313886831633462,92.0,480.0,402.0,603604320.9759609,662980279.9509362,0,0,0,0,0,0,1,0,0,0,0,0,0,0,0,0,0,0,0,0,0,0,0,0,0,0,0,0,0,0,1,0,0,0,0,0,0,1,0,0,1,0,0,1,0,0
1,1.0,0,6.255750041753367,37.2,326.4,134.0,465476095.01853806,477293848.2060571,0,0,0,0,0,0,1,0,0,0,0,0,0,0,0,0,0,0,0,0,0,0,0,0,0,0,1,0,0,0,0,0,0,0,0,0,0,1,0,0,0,1,0,1,0,0
0,0.0,0,9.210440366976517,37.2,326.4,134.0,343083530.3765695,357213716.36308265,0,0,0,0,0,0,1,0,0,0,0,0,0,0,0,0,0,0,0,0,0,0,0,0,0,0,1,0,0,0,0,0,0,0,0,0,1,0,0,0,0,1,0,0,0,1
0,2.0,0,11.703554089007538,37.2,326.4,134.0,474259680.6296302,393775173.2795761,0,0,0,0,0,0,1,0,0,0,0,0,0,0,0,0,0,0,0,0,0,0,0,0,0,0,1,0,0,0,0,0,0,0,1,0,0,0,0,0,0,1,0,1,0,0
0,1.0,0,10.275085591132715,59.6,381.0,201.0,373058697.01038134,470104172.4537208,0,0,0,0,0,0,1,0,0,1,0,0,0,0,0,0,0,0,0,0,0,0,0,0,0,0,0,0,0,0,0,0,0,0,0,0,0,1,0,0,0,1,0,0,0,1
1,3.0,0,7.601402334583733,37.2,326.4,134.0,475073126.8660727,442956816.0033706,0,0,0,0,0,0,1,0,0,0,0,0,0,0,0,0,0,0,0,0,0,0,0,0,0,0,1,0,0,0,0,0,0,0,0,0,0,1,0,0,0,1,0,0,0,1
0,2.0,0,0.0,82.0,420.0,349.0,742918192.2101812,557136706.3896784,0,0,0,0,0,0,1,0,0,0,0,0,0,0,0,0,0,0,0,0,0,0,0,0,0,0,0,0,0,1,0,0,0,0,0,0,0,1,0,0,1,0,0,1,0,0
0,2.0,0,8.987321812850125,75.3,450.0,201.0,490552130.2652478,408707943.7980758,0,0,0,0,0,0,1,0,0,0,0,0,0,0,0,0,0,0,0,0,0,0,0,0,0,0,0,0,1,0,0,0,0,0,0,0,0,1,0,0,0,1,0,0,0,1
0,4.0,0,10.968215530759236,82.0,420.0,349.0,482418418.0908251,539921415.7587467,0,0,0,0,0,0,1,0,0,0,0,0,0,0,0,0,0,0,0,0,0,0,0,0,0,0,0,0,0,1,0,0,0,0,0,0,0,1,0,1,0,0,0,1,0,0
1,2.0,1,0.0,82.0,420.0,349.0,637216680.8564883,559184578.730104,0,0,0,0,0,0,1,0,0,0,0,0,0,0,0,0,0,0,0,0,0,0,0,0,0,0,0,0,0,1,0,0,0,0,1,0,0,0,0,0,0,0,1,1,0,0
0,0.0,1,0.0,75.3,450.0,201.0,541259222.6810851,581786297.1858673,0,0,0,0,0,0,1,0,0,0,0,0,0,0,0,0,0,0,0,0,0,0,0,0,0,0,0,0,1,0,0,0,0,0,0,0,0,1,0,0,1,0,0,1,0,0
0,2.0,0,3.6109179126442243,37.2,326.4,134.0,343332507.0092226,395357448.70151705,0,0,0,0,0,0,1,0,0,0,0,0,0,0,0,0,0,0,0,0,0,0,0,0,0,0,1,0,0,0,0,0,0,0,0,0,0,1,0,0,0,1,0,0,0,1
0,2.0,0,11.982935344196433,18.6,215.0,43.0,302295890.5499353,400943572.3072308,0,0,0,0,0,0,1,0,0,0,0,0,0,0,0,0,0,0,0,0,0,0,0,0,0,1,0,0,0,0,0,0,0,0,0,0,0,1,0,0,1,0,0,1,0,0
0,1.0,1,0.0,14.7,170.0,27.0,351524059.0406301,491900279.96297663,0,0,0,0,0,0,1,0,0,0,0,0,0,0,0,0,0,0,1,0,0,0,0,0,0,0,0,0,0,0,0,0,0,0,0,1,0,0,0,0,0,1,0,0,1,0
0,0.0,0,0.0,59.6,381.0,201.0,516090822.5963983,515160868.1481606,0,0,0,0,0,0,1,0,0,0,0,0,0,1,0,0,0,0,0,0,0,0,0,0,0,0,0,0,0,0,0,0,0,0,0,0,0,1,0,1,0,0,0,1,0,0
0,1.0,1,0.0,60.1,450.0,204.0,686317182.7461215,457722148.78944886,0,0,0,0,0,0,1,0,0,0,0,0,0,0,1,0,0,0,0,0,0,0,0,0,0,0,0,0,0,0,0,0,0,0,0,0,0,1,0,0,1,0,0,1,0,0
1,2.0,0,8.294299608857235,37.2,326.4,134.0,492435794.6353487,395357449.84075755,0,0,0,0,0,0,1,0,0,0,0,0,0,0,0,0,0,0,0,0,0,0,0,0,0,0,1,0,0,0,0,0,0,0,0,0,0,1,0,0,0,1,0,0,0,1
0,0.0,1,8.517393171418904,75.3,450.0,201.0,509452628.71536607,587428493.1124728,0,0,0,0,0,0,1,0,0,0,0,0,0,0,0,0,0,0,0,0,0,0,0,0,0,0,0,0,1,0,0,0,0,0,0,1,0,0,0,0,0,1,0,0,0,1
0,1.0,0,10.12667110305036,60.1,450.0,204.0,470477455.2451907,457865984.40588725,0,0,0,0,1,0,0,0,0,0,0,0,0,0,1,0,0,0,0,0,0,0,0,0,0,0,0,0,0,0,0,0,0,0,0,0,0,1,0,0,1,0,0,1,0,0
0,0.0,1,0.0,82.0,420.0,349.0,477843490.72186047,624026350.5568029,0,0,0,0,0,0,1,0,0,0,0,0,0,0,0,0,0,0,0,0,0,0,0,0,0,0,0,0,0,1,0,0,0,0,0,1,0,0,0,0,0,1,0,0,0,1
0,2.0,0,11.170449240431308,37.2,326.4,134.0,341944754.86636543,393922852.6044706,0,0,0,0,0,0,1,0,0,0,0,0,0,0,0,0,0,0,0,0,0,0,0,0,0,0,1,0,0,0,0,0,0,0,0,0,1,0,0,0,0,1,0,1,0,0
0,0.0,1,0.0,60.1,450.0,204.0,368981410.8066291,477930535.96796983,0,0,0,0,0,0,1,0,0,0,0,0,0,0,1,0,0,0,0,0,0,0,0,0,0,0,0,0,0,0,0,0,0,0,0,0,1,0,0,0,0,1,0,1,0,0
0,3.0,0,10.915106645867503,37.2,326.4,134.0,474227142.6686758,437891897.6267472,0,0,0,0,0,0,1,0,0,0,0,0,0,0,0,0,0,0,0,0,0,0,0,0,0,0,1,0,0,0,0,0,0,0,0,0,1,0,0,0,0,1,0,0,0,1
0,3.0,0,10.596659732783579,82.0,420.0,349.0,742157456.0138621,547676502.369941,0,0,0,0,0,0,1,0,0,0,0,0,0,0,0,0,0,0,0,0,0,0,0,0,0,0,0,0,0,1,0,0,0,0,0,0,0,1,0,1,0,0,0,1,0,0
0,2.0,0,9.210440366976517,18.6,215.0,43.0,301952440.07070214,400150214.37365144,0,0,0,0,0,0,1,0,0,0,0,0,0,0,0,0,0,0,0,0,0,0,0,0,0,1,0,0,0,0,0,0,0,0,0,0,0,1,0,0,1,0,0,1,0,0
0,0.0,1,0.0,60.1,450.0,204.0,368897200.2803134,477822427.85986173,0,0,0,0,0,0,1,0,0,0,0,0,0,0,1,0,0,0,0,0,0,0,0,0,0,0,0,0,0,0,0,0,0,0,0,1,0,0,0,0,0,1,0,1,0,0
0,3.0,1,10.203629181337648,37.2,326.4,134.0,474572045.0547929,439956832.6916822,0,0,0,0,0,0,1,0,0,0,0,0,0,0,0,0,0,0,0,0,0,0,0,0,0,0,1,0,0,0,0,0,0,0,1,0,0,0,0,0,0,0,1,1,0,0
0,1.0,0,9.680406499268875,59.6,381.0,201.0,440055520.8549611,484666533.0259533,0,0,0,0,0,0,1,0,0,0,0,0,0,0,0,0,0,0,0,1,0,0,0,0,0,0,0,0,0,0,0,0,0,0,0,0,0,1,0,0,0,1,0,0,0,1
0,2.0,1,0.0,75.3,450.0,201.0,505378560.60425496,402680563.72958267,0,0,0,0,0,0,1,0,0,0,0,0,0,0,0,0,0,0,0,0,0,0,0,0,0,0,0,0,1,0,0,0,0,0,0,0,0,1,0,0,1,0,0,1,0,0
0,0.0,1,0.0,59.6,381.0,201.0,753276601.339988,555216318.1183203,0,0,0,0,0,0,1,0,0,0,0,0,0,0,0,0,0,1,0,0,0,0,0,0,0,0,0,0,0,0,0,0,0,0,0,1,0,0,0,0,0,1,0,1,0,0
0,1.0,0,2.3978952727983707,18.6,215.0,43.0,302618574.25600564,394561988.88665,0,0,0,0,0,0,1,0,0,0,0,0,0,0,0,0,0,0,0,0,0,0,0,0,0,1,0,0,0,0,0,0,0,0,0,0,1,0,0,0,0,1,0,0,0,1
0,0.0,1,0.0,92.0,480.0,402.0,564510360.045382,838039884.3981518,0,0,0,0,0,0,1,0,0,0,0,0,0,0,0,0,0,0,0,0,0,0,0,0,0,0,0,0,0,0,1,0,0,0,0,0,1,0,0,0,0,1,0,1,0,0
0,1.0,0,10.085850775128717,82.0,420.0,349.0,467451029.66232544,659857910.4603695,0,0,0,0,0,0,1,0,0,0,0,0,0,0,0,0,0,0,0,0,0,0,0,0,0,0,0,0,0,1,0,0,0,0,0,0,0,1,0,0,0,1,0,1,0,0
0,2.0,0,9.305741456739435,37.2,326.4,134.0,474335602.5385239,393922852.6044706,0,0,0,0,0,0,1,0,0,0,0,0,0,0,0,0,0,0,0,0,0,0,0,0,0,0,1,0,0,0,0,0,0,0,0,0,0,1,0,0,1,0,0,1,0,0
0,2.0,1,10.085850775128717,18.6,215.0,43.0,470729186.5162208,401452797.3994817,0,0,0,0,0,0,1,0,0,0,0,0,0,0,0,0,0,0,0,0,0,0,0,0,0,1,0,0,0,0,0,0,0,0,0,1,0,0,0,0,1,0,0,1,0,0
0,2.0,1,0.0,59.6,381.0,201.0,487319953.3895022,450141789.47228456,0,0,0,0,0,0,1,0,0,0,0,0,0,0,0,0,0,0,0,0,0,0,0,0,0,0,0,1,0,0,0,0,0,0,0,0,0,1,0,0,1,0,0,1,0,0
0,0.0,1,0.0,75.3,450.0,201.0,483228910.6187832,580777122.8739407,0,0,0,0,0,0,1,0,0,0,0,0,0,0,0,0,0,0,0,0,0,0,0,0,0,0,0,0,1,0,0,0,0,0,0,0,1,0,0,0,0,1,0,1,0,0
0,0.0,1,0.0,59.6,381.0,201.0,455151393.6599575,455151393.6599575,0,0,0,0,1,0,0,0,0,0,0,0,0,0,0,0,0,0,0,1,0,0,0,0,0,0,0,0,0,0,0,0,0,0,0,1,0,0,0,0,0,1,0,1,0,0
0,1.0,1,0.0,59.6,381.0,201.0,418641044.4715205,394618994.8042523,1,0,0,0,0,0,0,0,0,0,0,0,0,0,0,0,0,0,0,0,0,0,0,0,0,0,0,0,0,0,0,0,1,0,0,0,0,1,0,0,0,1,0,0,0,1
0,1.0,1,0.0,59.6,381.0,201.0,550534358.7665994,439546588.84008276,0,0,0,0,0,0,1,0,0,0,0,0,0,0,0,0,0,0,0,0,0,0,0,0,0,0,0,1,0,0,0,0,0,0,0,0,0,1,0,0,1,0,0,1,0,0
1,2.0,0,9.99884318585288,75.3,450.0,201.0,507461893.9375883,405762755.5104046,0,0,0,0,0,0,1,0,0,0,0,0,0,0,0,0,0,0,0,0,0,0,0,0,0,0,0,0,1,0,0,0,0,0,1,0,0,0,0,0,0,0,1,1,0,0
0,1.0,0,11.849404844423074,59.6,381.0,201.0,553185302.1628258,440737266.8061845,0,0,0,0,0,0,1,0,0,0,0,0,0,0,0,0,0,0,0,0,0,0,0,0,0,0,0,1,0,0,0,0,0,0,0,0,0,1,0,0,1,0,0,1,0,0
0,1.0,1,0.0,37.2,326.4,134.0,473396340.0656389,476209157.65231115,0,0,0,0,0,0,1,0,0,0,0,0,0,0,0,0,0,0,0,0,0,0,0,0,0,0,1,0,0,0,0,0,0,0,0,0,0,1,0,0,1,0,0,1,0,0
0,0.0,1,0.0,18.6,215.0,43.0,411897353.0199641,337359952.5265896,0,0,0,0,0,0,1,0,0,0,0,0,0,0,0,0,0,0,0,0,0,0,0,0,0,1,0,0,0,0,0,0,0,0,0,0,0,1,0,0,0,1,0,0,0,1
0,4.0,0,11.034905792929415,59.6,381.0,201.0,422770251.52171606,419826530.5887403,0,0,0,0,0,0,1,0,0,0,0,0,0,0,0,0,0,0,0,0,0,0,0,0,0,0,0,0,0,0,0,1,0,0,0,0,0,0,1,0,0,1,0,0,0,1
0,1.0,0,7.601402334583733,82.0,420.0,349.0,492681037.75399756,659110246.9089676,0,0,0,0,0,0,1,0,0,0,0,0,0,0,0,0,0,0,0,0,0,0,0,0,0,0,0,0,0,1,0,0,0,0,0,0,0,1,0,0,0,1,0,1,0,0
0,3.0,0,11.097425172408931,82.0,420.0,349.0,496681037.75399756,548777082.6407341,0,0,0,0,0,0,1,0,0,0,0,0,0,0,0,0,0,0,0,0,0,0,0,0,0,0,0,0,0,1,0,0,0,0,0,0,1,0,0,0,0,1,0,0,0,1
0,1.0,0,5.976350909297934,82.0,420.0,349.0,484666533.0259533,660792489.8996218,0,0,0,0,0,0,1,0,0,0,0,0,0,0,0,0,0,0,0,0,0,0,0,0,0,0,0,0,0,1,0,0,0,0,0,0,0,1,0,1,0,0,0,1,0,0
0,1.0,1,0.0,92.0,480.0,402.0,654922449.5409194,667800792.7714491,0,0,0,0,0,0,1,0,0,0,0,0,0,0,0,0,0,0,0,0,0,0,0,0,0,0,0,0,0,0,1,0,0,0,1,0,0,0,0,0,0,0,1,1,0,0
0,0.0,1,0.0,37.2,326.4,134.0,475073127.803166,357538179.9109549,0,0,0,0,0,0,1,0,0,0,0,0,0,0,0,0,0,0,0,0,0,0,0,0,0,0,1,0,0,0,0,0,0,0,0,0,0,1,0,0,0,1,0,0,0,1
0,2.0,0,11.695255355062795,37.2,326.4,134.0,342067203.8459573,394049434.8829516,0,0,0,0,0,0,1,0,0,0,0,0,0,0,0,0,0,0,0,0,0,0,0,0,0,0,1,0,0,0,0,0,0,0,0,0,1,0,0,0,0,1,0,0,0,1
0,0.0,0,9.90353755128617,59.6,381.0,201.0,398483614.9045801,494930863.759376,0,0,0,0,0,0,1,0,0,0,0,0,0,0,0,0,0,0,0,0,0,0,0,0,0,0,0,1,0,0,0,0,0,0,0,0,0,1,0,0,0,1,0,1,0,0
0,0.0,1,0.0,37.2,326.0,136.0,377376537.5245011,322702486.22355473,0,0,0,0,0,0,1,0,0,0,0,0,1,0,0,0,0,0,0,0,0,0,0,0,0,0,0,0,0,0,0,0,0,0,0,0,1,0,0,0,0,1,0,1,0,0
0,4.0,1,0.0,82.0,420.0,349.0,743948867.0568069,541845026.8698579,0,0,0,0,0,0,1,0,0,0,0,0,0,0,0,0,0,0,0,0,0,0,0,0,0,0,0,0,0,1,0,0,0,0,0,0,0,1,0,0,1,0,0,1,0,0
0,4.0,0,10.596659732783579,42.0,318.6,147.0,325187437.9898566,416737964.9355004,0,0,0,0,0,0,1,0,0,0,0,0,0,0,0,0,0,0,0,0,0,0,0,0,1,0,0,0,0,0,0,0,0,0,0,0,0,1,0,0,1,0,0,1,0,0
0,1.0,0,5.420534999272286,37.2,326.4,134.0,474214127.484294,477437170.6816271,0,0,0,0,0,0,1,0,0,0,0,0,0,0,0,0,0,0,0,0,0,0,0,0,0,0,1,0,0,0,0,0,0,0,1,0,0,0,0,0,0,1,0,1,0,0
0,1.0,1,0.0,37.2,326.4,134.0,343332503.31126344,478727067.6490538,0,0,0,0,0,0,1,0,0,0,0,0,0,0,0,0,0,0,0,0,0,0,0,0,0,0,1,0,0,0,0,0,0,0,0,0,0,1,0,0,0,1,0,0,0,1
0,2.0,1,0.0,59.6,381.0,201.0,484666533.0259533,1091722110.8549612,0,0,0,1,0,0,0,0,0,0,0,0,0,0,0,0,0,0,0,1,0,0,0,0,0,0,0,0,0,0,0,0,0,0,1,0,0,0,0,0,0,0,1,1,0,0
0,1.0,0,3.9318256327243257,59.6,381.0,201.0,484666533.0259533,484666533.0259533,0,0,0,1,0,0,0,0,0,0,0,0,0,0,0,0,0,0,0,1,0,0,0,0,0,0,0,0,0,0,0,0,0,0,0,0,0,1,0,0,0,1,0,0,1,0
0,0.0,1,0.0,18.6,215.0,43.0,301949245.1825232,333801294.77239966,0,0,0,0,0,0,1,0,0,0,0,0,0,0,0,0,0,0,0,0,0,0,0,0,0,1,0,0,0,0,0,0,0,0,0,0,0,1,0,0,1,0,0,1,0,0
0,1.0,1,0.0,59.6,381.0,201.0,487233176.52999806,439292351.5519472,0,0,0,0,0,0,1,0,0,0,0,0,0,0,0,0,0,0,0,0,0,0,0,0,0,0,0,1,0,0,0,0,0,0,0,0,0,1,0,0,1,0,0,1,0,0
0,2.0,0,9.686139673818495,59.6,381.0,201.0,484666533.0259533,484666533.0259533,0,0,0,0,0,1,0,0,0,0,0,0,0,0,0,0,0,0,0,1,0,0,0,0,0,0,0,0,0,0,0,0,0,0,0,0,1,0,0,0,0,1,0,0,0,1
0,2.0,0,8.987321812850125,18.6,215.0,43.0,302966815.95728356,402493385.2408101,0,0,0,0,0,0,1,0,0,0,0,0,0,0,0,0,0,0,0,0,0,0,0,0,0,1,0,0,0,0,0,0,0,0,0,0,0,1,0,0,0,1,0,0,0,1
0,2.0,0,8.556606193773073,59.6,381.0,201.0,487448052.56305593,450344403.8513695,0,0,0,0,0,0,1,0,0,0,0,0,0,0,0,0,0,0,0,0,0,0,0,0,0,0,0,1,0,0,0,0,0,0,0,0,0,1,0,0,0,1,0,0,1,0
0,4.0,1,0.0,42.0,318.6,147.0,616182752.5890172,416603133.4748263,0,0,0,0,0,0,1,0,0,0,0,0,0,0,0,0,0,0,0,0,0,0,0,0,1,0,0,0,0,0,0,0,0,0,0,0,0,1,0,0,1,0,0,1,0,0
0,0.0,1,0.0,59.6,381.0,201.0,484666533.0259533,484666533.0259533,0,0,0,0,1,0,0,0,0,0,0,0,0,0,0,0,0,0,0,1,0,0,0,0,0,0,0,0,0,0,0,0,0,0,0,1,0,0,0,0,0,1,0,1,0,0
0,0.0,1,0.0,82.0,420.0,349.0,477843489.7267624,624026348.8509204,0,0,0,0,0,0,1,0,0,0,0,0,0,0,0,0,0,0,0,0,0,0,0,0,0,0,0,0,0,1,0,0,0,0,0,0,0,1,0,0,0,1,0,0,0,1
0,2.0,1,0.0,37.2,326.4,134.0,473788964.7944892,392859561.4652301,0,0,0,0,0,0,1,0,0,0,0,0,0,0,0,0,0,0,0,0,0,0,0,0,0,0,1,0,0,0,0,0,0,0,0,0,0,1,0,0,1,0,0,1,0,0
0,2.0,0,10.596659732783579,37.2,326.4,134.0,475073127.9832094,395357448.5116436,0,0,0,0,0,0,1,0,0,0,0,0,0,0,0,0,0,0,0,0,0,0,0,0,0,0,1,0,0,0,0,0,0,0,0,0,0,1,0,0,0,1,0,0,0,1
0,2.0,0,0.0,18.6,215.0,43.0,302575443.2655903,401589328.76479536,0,0,0,0,0,0,1,0,0,0,0,0,0,0,0,0,0,0,0,0,0,0,0,0,0,1,0,0,0,0,0,0,0,0,1,0,0,0,0,0,0,0,1,1,0,0
0,3.0,1,10.596659732783579,82.0,420.0,349.0,548069563.9691472,547500486.8960532,0,0,0,0,0,0,1,0,0,0,0,0,0,0,0,0,0,0,0,0,0,0,0,0,0,0,0,0,0,1,0,0,0,0,0,0,0,1,0,0,1,0,0,1,0,0
0,1.0,1,0.0,59.6,381.0,201.0,487869540.16636175,439944893.9248285,0,0,0,0,0,0,1,0,0,0,0,0,0,0,0,0,0,0,0,0,0,0,0,0,0,0,0,1,0,0,0,0,0,0,1,0,0,0,0,0,1,0,0,0,1,0
0,0.0,1,0.0,59.6,381.0,201.0,486824085.6209072,494005397.92086667,0,0,0,0,0,0,1,0,0,0,0,0,0,0,0,0,0,0,0,0,0,0,0,0,0,0,0,1,0,0,0,0,0,0,0,0,0,1,0,0,0,1,0,1,0,0
0,3.0,1,10.799595985047786,82.0,420.0,349.0,494559985.12241864,547997585.542088,0,0,0,0,0,0,1,0,0,0,0,0,0,0,0,0,0,0,0,0,0,0,0,0,0,0,0,0,0,1,0,0,0,0,0,0,0,1,0,0,1,0,0,1,0,0
0,3.0,1,0.0,82.0,420.0,349.0,744224940.6764389,548328339.894119,0,0,0,0,0,0,1,0,0,0,0,0,0,0,0,0,0,0,0,0,0,0,0,0,0,0,0,0,0,1,0,0,0,0,0,0,0,1,0,0,1,0,0,1,0,0
0,1.0,1,0.0,18.6,215.0,43.0,302966815.8933858,395068963.92153376,0,0,0,0,0,0,1,0,0,0,0,0,0,0,0,0,0,0,0,0,0,0,0,0,0,1,0,0,0,0,0,0,0,0,0,1,0,0,0,0,0,1,0,0,0,1
0,0.0,1,0.0,41.9,318.6,150.0,467051230.6353487,484666533.0259533,0,0,0,0,0,0,1,0,0,0,0,0,0,0,0,0,0,0,0,1,0,0,0,0,0,0,0,0,0,0,0,0,0,0,0,0,0,1,0,0,0,1,0,0,0,1
0,3.0,0,11.0186455364637,82.0,420.0,349.0,487157267.8678951,549144586.344796,0,0,0,0,0,0,1,0,0,0,0,0,0,0,0,0,0,0,0,0,0,0,0,0,0,0,0,0,0,1,0,0,0,0,0,0,0,1,0,0,0,1,0,0,0,1
0,3.0,0,11.050905878263567,82.0,420.0,349.0,494123143.01715547,547837043.9560145,0,0,0,0,0,0,1,0,0,0,0,0,0,0,0,0,0,0,0,0,0,0,0,0,0,0,0,0,0,1,0,0,0,0,0,0,1,0,0,0,0,1,0,0,0,1
0,1.0,1,0.0,82.0,420.0,349.0,742997946.8114082,662175667.4697151,0,0,0,0,0,0,1,0,0,0,0,0,0,0,0,0,0,0,0,0,0,0,0,0,0,0,0,0,0,1,0,0,0,0,0,0,0,1,0,0,1,0,0,1,0,0
0,1.0,0,0.0,37.2,326.4,134.0,473901763.05913126,476968115.30703425,0,0,0,0,0,0,1,0,0,0,0,0,0,0,0,0,0,0,0,0,0,0,0,0,0,0,1,0,0,0,0,0,0,0,0,0,0,1,0,1,0,0,0,1,0,0
0,1.0,1,0.0,37.2,326.4,134.0,473808487.57106185,476828050.16045445,0,0,0,0,0,0,1,0,0,0,0,0,0,0,0,0,0,0,0,0,0,0,0,0,0,0,1,0,0,0,0,0,0,0,0,0,0,1,0,0,1,0,0,1,0,0
0,4.0,0,10.373522431293592,82.0,420.0,349.0,440166625.5787208,545088077.0087467,0,0,0,0,0,0,1,0,0,0,0,0,0,0,0,0,0,0,0,0,0,0,0,0,0,0,0,0,0,1,0,0,0,0,0,0,0,1,0,0,0,1,0,0,0,1
0,1.0,1,8.294299608857235,37.2,326.4,134.0,473413693.64481455,476235216.284233,0,0,0,0,0,0,0,1,0,0,0,0,0,0,0,0,0,0,0,0,0,0,0,0,0,0,1,0,0,0,0,0,0,0,0,0,0,1,0,0,1,0,0,1,0,0
0,4.0,0,10.611474083292713,82.0,420.0,349.0,493875774.59610283,540067249.0920801,0,0,0,0,0,0,1,0,0,0,0,0,0,0,0,0,0,0,0,0,0,0,0,0,0,0,0,0,0,1,0,0,0,0,0,0,0,1,0,0,0,1,0,1,0,0
0,1.0,0,10.434145214930487,59.6,381.0,201.0,556100391.2665994,442046586.4883879,0,0,0,0,0,0,1,0,0,0,0,0,0,0,0,0,0,0,0,0,0,0,0,0,0,0,0,1,0,0,0,0,0,0,0,0,0,1,0,0,0,1,0,0,0,1
1,1.0,1,9.210440366976517,92.0,480.0,402.0,641689891.4013845,662937544.9082012,0,0,0,0,0,0,1,0,0,0,0,0,0,0,0,0,0,0,0,0,0,0,0,0,0,0,0,0,0,0,1,0,0,0,0,0,0,1,0,1,0,0,0,1,0,0
0,2.0,0,9.852246888342531,82.0,420.0,349.0,477843490.25127226,560514362.0279763,0,0,0,0,0,0,1,0,0,0,0,0,0,0,0,0,0,0,0,0,0,0,0,0,0,0,0,0,0,1,0,0,0,0,0,0,0,1,0,0,0,1,0,0,0,1
0,3.0,0,9.210440366976517,42.0,318.6,147.0,593989204.2019205,334483534.4129766,0,0,0,0,0,0,1,0,0,0,0,0,0,0,0,0,0,0,0,0,0,0,0,0,1,0,0,0,0,0,0,0,0,0,0,0,0,1,0,1,0,0,0,1,0,0
0,2.0,0,9.852246888342531,18.6,215.0,43.0,301642535.9173475,399434347.2149798,0,0,0,0,0,0,0,1,0,0,0,0,0,0,0,0,0,0,0,0,0,0,0,0,0,1,0,0,0,0,0,0,0,0,0,0,0,1,0,1,0,0,0,1,0,0
0,1.0,0,10.239995502805316,37.2,326.4,134.0,474144713.16759115,477332936.1539398,0,0,0,0,0,0,1,0,0,0,0,0,0,0,0,0,0,0,0,0,0,0,0,0,0,0,1,0,0,0,0,0,0,0,0,0,0,1,0,0,0,1,0,0,0,1
0,1.0,0,10.043292972227004,37.2,326.4,134.0,474166405.1415608,477365509.4438421,0,0,0,0,0,0,1,0,0,0,0,0,0,0,0,0,0,0,0,0,0,0,0,0,0,0,1,0,0,0,0,0,0,0,0,0,0,1,0,0,1,0,0,1,0,0
0,0.0,1,0.0,18.6,215.0,43.0,404464685.1613952,335672803.1522879,0,0,0,0,0,0,1,0,0,0,0,0,0,0,0,0,0,0,0,0,0,0,0,0,0,1,0,0,0,0,0,0,0,0,0,0,1,0,0,0,0,1,0,1,0,0
1,3.0,1,0.0,82.0,420.0,349.0,746833346.3535901,547955032.3505987,0,0,0,0,0,0,1,0,0,0,0,0,0,0,0,0,0,0,0,0,0,0,0,0,0,0,0,0,0,1,0,0,0,0,0,0,0,1,0,0,1,0,0,1,0,0
0,1.0,0,9.798182590890704,59.6,381.0,201.0,489919124.4680146,442046586.3019472,0,0,0,0,0,0,1,0,0,0,0,0,0,0,0,0,0,0,0,0,0,0,0,0,0,0,0,1,0,0,0,0,0,0,0,0,0,1,0,0,0,1,0,0,0,1
0,3.0,1,0.0,82.0,420.0,349.0,749411471.3535901,548593330.2229391,0,0,0,0,0,0,1,0,0,0,0,0,0,0,0,0,0,0,0,0,0,0,0,0,0,0,0,0,0,1,0,0,0,0,0,1,0,0,0,0,1,0,0,1,0,0
0,0.0,1,0.0,92.0,480.0,402.0,573257942.4629645,858988042.2928886,0,0,0,0,0,0,1,0,0,0,0,0,0,0,0,0,0,0,0,0,0,0,0,0,0,0,0,0,0,0,1,0,0,0,0,0,1,0,0,0,0,1,0,1,0,0
0,1.0,0,8.556606193773073,37.2,326.4,134.0,343332504.7479981,478727068.7956336,0,0,0,0,0,0,1,0,0,0,0,0,0,0,0,0,0,0,0,0,0,0,0,0,0,0,1,0,0,0,0,0,0,0,0,0,0,1,0,0,0,1,0,0,0,1
0,0.0,1,0.0,59.6,381.0,201.0,487290407.9349568,494706329.5978853,0,0,0,0,0,0,1,0,0,0,0,0,0,0,0,0,0,0,0,0,0,0,0,0,0,0,0,1,0,0,0,0,0,0,0,0,0,1,0,0,0,1,0,1,0,0
1,1.0,0,10.87806606028079,37.2,326.4,134.0,474207619.8921031,477427398.69465643,0,0,0,0,0,0,1,0,0,0,0,0,0,0,0,0,0,0,0,0,0,0,0,0,0,0,1,0,0,0,0,0,0,0,0,0,1,0,0,0,0,1,0,1,0,0
0,1.0,1,0.0,92.0,480.0,402.0,650178263.4944078,666057203.0278593,0,0,0,0,0,0,1,0,0,0,0,0,0,0,0,0,0,0,0,0,0,0,0,0,0,0,0,0,0,0,1,0,0,0,0,0,0,1,0,0,1,0,0,1,0,0
0,0.0,1,0.0,37.2,326.4,134.0,341303938.53983486,354894567.4269124,0,0,0,0,0,0,1,0,0,0,0,0,0,0,0,0,0,0,0,0,0,0,0,0,0,0,1,0,0,0,0,0,0,0,0,0,1,0,0,0,0,1,0,1,0,0
0,0.0,1,0.0,92.0,480.0,402.0,566724975.4299976,843343305.4507834,0,0,0,0,0,0,1,0,0,0,0,0,0,0,0,0,0,0,0,0,0,0,0,0,0,0,0,0,0,0,1,0,0,0,0,0,1,0,0,0,0,1,0,1,0,0
0,1.0,1,0.0,18.6,215.0,43.0,646119896.1606741,395068963.89827794,0,0,0,0,0,0,1,0,0,0,0,0,0,0,0,0,0,0,0,0,0,0,0,0,0,1,0,0,0,0,0,0,0,0,0,1,0,0,0,0,0,1,0,0,0,1
0,1.0,0,9.305741456739435,18.6,215.0,43.0,302966816.2767724,395068964.4796733,0,0,0,0,0,0,1,0,0,0,0,0,0,0,0,0,0,0,0,0,0,0,0,0,0,1,0,0,0,0,0,0,0,0,0,0,0,1,0,0,0,1,0,0,0,1
0,4.0,0,10.915106645867503,42.0,318.6,147.0,330803863.1268429,421344695.66583747,0,0,0,0,0,0,1,0,0,0,0,0,0,0,0,0,0,0,0,0,0,0,0,0,1,0,0,0,0,0,0,0,0,0,0,0,0,1,0,0,0,1,0,0,0,1
0,2.0,0,8.665785595466064,75.3,450.0,201.0,484666533.0259533,408707950.78437716,0,0,0,0,0,0,1,0,0,0,0,0,0,0,0,0,0,0,0,0,0,0,0,0,0,0,0,0,1,0,0,0,0,0,0,0,0,1,0,0,0,1,0,0,0,1
0,3.0,0,10.596659732783579,82.0,420.0,349.0,744997408.8535901,547500486.8960532,0,0,0,0,0,0,1,0,0,0,0,0,0,0,0,0,0,0,0,0,0,0,0,0,0,0,0,0,0,1,0,0,0,0,0,0,0,1,0,1,0,0,0,1,0,0
0,1.0,0,10.571342565808699,59.6,381.0,201.0,489919124.33991545,442046586.17059124,0,0,0,0,0,0,1,0,0,0,0,0,0,0,0,0,0,0,0,0,0,0,0,0,0,0,0,1,0,0,0,0,0,0,0,0,0,1,0,0,0,1,0,0,0,1
0,1.0,1,7.601402334583733,82.0,420.0,349.0,474412121.3297036,661446695.5070984,0,0,0,0,0,0,1,0,0,0,0,0,0,0,0,0,0,0,0,0,0,0,0,0,0,0,0,0,0,1,0,0,0,0,0,0,0,1,0,0,1,0,0,1,0,0
0,1.0,1,0.0,37.2,326.4,134.0,342332509.96840626,477929027.35915154,0,0,0,0,0,0,1,0,0,0,0,0,0,0,0,0,0,0,0,0,0,0,0,0,0,0,1,0,0,0,0,0,0,0,0,1,0,0,0,0,1,0,0,1,0,0
0,2.0,0,9.90353755128617,18.6,215.0,43.0,302650523.13779473,401762760.49911267,0,0,0,0,0,0,1,0,0,0,0,0,0,0,0,0,0,0,0,0,0,0,0,0,0,1,0,0,0,0,0,0,0,0,1,0,0,0,0,0,0,1,0,1,0,0
0,1.0,1,0.0,37.2,326.4,134.0,343332508.96840626,478727072.1637118,0,0,0,0,0,0,1,0,0,0,0,0,0,0,0,0,0,0,0,0,0,0,0,0,0,0,1,0,0,0,0,0,0,0,0,0,0,1,0,0,0,1,0,0,0,1
0,2.0,1,10.043292972227004,37.2,326.4,134.0,475073129.0699773,395357450.6255677,0,0,0,0,0,0,1,0,0,0,0,0,0,0,0,0,0,0,0,0,0,0,0,0,0,0,1,0,0,0,0,0,0,0,0,0,0,1,0,0,0,1,0,0,0,1
0,1.0,1,0.0,37.2,326.4,134.0,473641459.3714957,476577235.8282069,0,0,0,0,0,0,1,0,0,0,0,0,0,0,0,0,0,0,0,0,0,0,0,0,0,0,1,0,0,0,0,0,0,0,0,0,0,1,0,0,1,0,0,1,0,0
1,0.0,1,0.0,59.6,381.0,201.0,398400351.0156912,494856391.7096866,0,0,0,0,0,0,1,0,0,0,0,0,0,0,0,0,0,0,0,0,0,0,0,0,0,0,0,1,0,0,0,0,0,0,0,0,0,0,1,0,0,1,0,1,0,0
0,3.0,0,8.131824785007195,92.0,480.0,402.0,610577995.9759609,461656020.8701285,0,0,0,0,0,0,1,0,0,0,0,0,0,0,0,0,0,0,0,0,0,0,0,0,0,0,0,0,0,0,1,0,0,0,0,0,0,1,0,0,0,1,0,0,0,1
0,2.0,0,10.203629181337648,59.6,381.0,201.0,403525483.32997876,484666533.0259533,0,0,0,0,0,0,1,0,0,0,0,0,0,0,0,1,0,0,0,0,0,0,0,0,0,0,0,0,0,0,0,0,0,0,0,0,0,1,0,0,0,1,0,0,0,1
0,1.0,1,0.0,59.6,381.0,201.0,551770207.8232032,440101673.5858455,0,0,0,0,0,0,1,0,0,0,0,0,0,0,0,0,0,0,0,0,0,0,0,0,0,0,0,1,0,0,0,0,0,0,1,0,0,0,0,0,0,0,1,0,1,0
0,0.0,1,0.0,59.6,381.0,201.0,373212437.4208879,537261809.3042524,0,0,0,0,0,0,1,0,0,0,0,0,0,0,0,1,0,0,0,0,0,0,0,0,0,0,0,0,0,0,0,0,0,0,0,1,0,0,0,0,0,1,0,1,0,0
0,0.0,1,0.0,82.0,420.0,349.0,477843488.8836252,624026347.4055424,0,0,0,0,0,0,1,0,0,0,0,0,0,0,0,0,0,0,0,0,0,0,0,0,0,0,0,0,0,1,0,0,0,0,0,0,0,1,0,0,0,1,0,0,0,1
0,0.0,1,0.0,18.6,215.0,43.0,302966814.84226763,337359946.20815384,0,0,0,0,0,0,1,0,0,0,0,0,0,0,0,0,0,0,0,0,0,0,0,0,0,1,0,0,0,0,0,0,0,0,0,0,0,1,0,0,0,1,0,0,0,1
0,0.0,1,0.0,59.6,381.0,201.0,552044401.3506355,456305501.6882944,0,0,0,0,0,0,1,0,0,0,0,0,0,0,0,0,0,0,0,1,0,0,0,0,0,0,0,0,0,0,0,0,0,0,0,0,1,0,0,0,0,1,0,1,0,0
0,0.0,1,0.0,14.7,170.0,27.0,345427284.8470817,340650213.8945974,0,0,0,0,0,0,1,0,0,0,0,0,0,0,0,0,0,0,1,0,0,0,0,0,0,0,0,0,0,0,0,0,0,0,0,0,0,1,0,0,1,0,0,1,0,0
0,4.0,1,10.691967639914864,59.6,381.0,201.0,437638825.3549611,437638825.3549611,0,0,0,0,0,0,1,0,0,0,0,0,0,0,0,0,0,0,0,1,0,0,0,0,0,0,0,0,0,0,0,0,0,0,1,0,0,0,0,0,0,0,1,1,0,0
0,2.0,0,10.203629181337648,37.2,326.4,134.0,343332508.0092226,395357449.7352723,0,0,0,0,0,0,1,0,0,0,0,0,0,0,0,0,0,0,0,0,0,0,0,0,0,0,1,0,0,0,0,0,0,0,0,0,0,1,0,0,0,1,0,0,0,1
0,1.0,1,0.0,75.3,450.0,201.0,500202634.67832905,560537978.0015923,0,0,0,0,0,0,1,0,0,0,0,0,0,0,0,0,0,0,0,0,0,0,0,0,0,0,0,0,1,0,0,0,0,0,0,0,0,1,0,0,1,0,0,1,0,0
0,4.0,0,10.275085591132715,37.2,326.4,134.0,484666533.0259533,461354171.8912208,0,0,0,0,0,0,1,0,0,0,0,0,0,0,0,0,0,0,0,0,0,0,0,0,0,0,1,0,0,0,0,0,0,0,0,0,0,1,0,1,0,0,0,1,0,0
0,1.0,1,0.0,18.6,215.0,43.0,643825213.7693698,393964314.4680454,0,0,0,0,0,0,1,0,0,0,0,0,0,0,0,0,0,0,0,0,0,0,0,0,0,1,0,0,0,0,0,0,0,0,0,0,0,1,0,0,1,0,0,1,0,0
0,1.0,0,7.601402334583733,18.6,215.0,43.0,302543494.38380116,394452686.56106865,0,0,0,0,0,0,1,0,0,0,0,0,0,0,0,0,0,0,0,0,0,0,0,0,0,1,0,0,0,0,0,0,0,0,0,0,0,1,0,0,0,1,0,1,0,0
1,1.0,1,8.853808274977197,18.6,215.0,43.0,643926663.0447321,394013151.6773477,0,0,0,0,0,0,1,0,0,0,0,0,0,0,0,0,0,0,0,0,0,0,0,0,0,1,0,0,0,0,0,0,0,0,0,0,0,1,0,0,1,0,0,1,0,0
1,4.0,1,0.0,59.6,381.0,201.0,397994403.22861266,389889047.2345736,0,0,0,0,0,0,1,0,0,0,0,0,0,0,0,0,0,0,0,0,0,0,0,0,0,0,0,0,0,0,0,1,0,0,0,0,0,1,0,1,0,0,0,1,0,0
0,1.0,0,7.170888478512505,60.1,450.0,204.0,431974371.5584256,455907080.2962982,0,0,0,0,0,0,1,0,0,0,0,0,0,0,1,0,0,0,0,0,0,0,0,0,0,0,0,0,0,0,0,0,0,0,0,1,0,0,0,0,0,1,0,1,0,0
0,1.0,0,11.512925464970229,59.6,381.0,201.0,398275281.5712468,439377097.31465906,0,0,0,0,0,0,1,0,0,0,0,0,0,0,0,0,0,0,0,0,0,0,0,0,0,0,0,1,0,0,0,0,0,0,0,0,0,1,0,0,0,1,0,1,0,0
0,3.0,0,8.517393171418904,82.0,420.0,349.0,497681036.46452385,549144587.0024362,0,0,0,0,0,0,1,0,0,0,0,0,0,0,0,0,0,0,0,0,0,0,0,0,0,0,0,0,0,1,0,0,0,0,0,0,0,1,0,0,0,1,0,0,0,1
0,1.0,1,0.0,37.2,326.4,134.0,473680504.9246411,476635867.750031,0,0,0,0,0,0,1,0,0,0,0,0,0,0,0,0,0,0,0,0,0,0,0,0,0,0,1,0,0,0,0,0,0,0,0,0,0,1,0,0,1,0,0,1,0,0
1,1.0,0,10.645448706505872,18.6,215.0,43.0,643173039.8563262,393650360.9796733,0,0,0,0,0,0,1,0,0,0,0,0,0,0,0,0,0,0,0,0,0,0,0,0,0,1,0,0,0,0,0,0,0,0,0,0,0,1,0,1,0,0,0,1,0,0
0,3.0,0,11.034905792929415,82.0,420.0,349.0,745372179.9402425,548690042.0217786,0,0,0,0,0,0,1,0,0,0,0,0,0,0,0,0,0,0,0,0,0,0,0,0,0,0,0,0,0,1,0,0,0,0,1,0,0,0,0,0,0,0,1,1,0,0
0,4.0,1,10.308985993422082,82.0,420.0,349.0,483271921.27553844,540851971.3143023,0,0,0,0,0,0,1,0,0,0,0,0,0,0,0,0,0,0,0,0,0,0,0,0,0,0,0,0,0,1,0,0,0,0,0,0,0,1,0,0,1,0,0,1,0,0
0,2.0,0,9.451873788401983,82.0,420.0,349.0,493049458.8066291,555833514.9003167,0,0,0,0,0,0,1,0,0,0,0,0,0,0,0,0,0,0,0,0,0,0,0,0,0,0,0,0,0,1,0,0,0,0,0,0,1,0,0,0,0,1,0,0,0,1
0,1.0,1,0.0,18.6,215.0,43.0,302966815.4397117,395068963.26106864,0,0,0,0,0,0,1,0,0,0,0,0,0,0,0,0,0,0,0,0,0,0,0,0,0,1,0,0,0,0,0,0,0,0,0,0,0,1,0,0,0,1,0,0,0,1
0,0.0,1,0.0,59.6,381.0,201.0,436391354.49170804,444811647.87531775,0,0,0,0,0,0,1,0,0,0,0,0,0,0,0,0,0,0,0,0,0,0,0,1,0,0,0,0,0,0,0,0,0,0,0,1,0,0,0,0,0,1,0,0,0,1
1,0.0,1,12.206077645517674,37.2,326.4,134.0,475073127.7272441,357538179.7247848,0,0,0,0,0,0,1,0,0,0,0,0,0,0,0,0,0,0,0,0,0,0,0,0,0,0,1,0,0,0,0,0,0,0,0,0,0,1,0,0,0,1,0,0,0,1
1,3.0,1,8.294299608857235,92.0,480.0,402.0,569516184.2212062,457142869.8832864,0,0,0,0,0,0,1,0,0,0,0,0,0,0,0,0,0,0,0,0,0,0,0,0,0,0,0,0,0,0,1,0,0,0,0,0,0,1,0,0,1,0,0,1,0,0
0,3.0,0,10.434145214930487,82.0,420.0,349.0,474632709.56499773,547877662.9115272,0,0,0,0,0,0,1,0,0,0,0,0,0,0,0,0,0,0,0,0,0,0,0,0,0,0,0,0,0,1,0,0,0,0,0,0,0,1,0,0,1,0,0,1,0,0
0,1.0,0,0.0,60.1,450.0,204.0,372291930.96452385,460530359.95383245,0,0,0,0,0,0,1,0,0,0,0,0,0,0,1,0,0,0,0,0,0,0,0,0,0,0,0,0,0,0,0,0,0,0,0,0,0,1,0,0,0,1,0,0,0,1
0,4.0,1,0.0,42.0,318.6,147.0,610698881.6212753,414693021.1152757,0,0,0,0,0,0,1,0,0,0,0,0,0,0,0,0,0,0,0,0,0,0,0,0,1,0,0,0,0,0,0,0,0,0,0,0,0,1,0,0,1,0,0,1,0,0
0,4.0,0,9.546884034617925,37.2,326.4,134.0,343332507.1316716,508854128.4537208,0,0,0,0,0,0,1,0,0,0,0,0,0,0,0,0,0,0,0,0,0,0,0,0,0,0,1,0,0,0,0,0,0,0,0,0,0,1,0,0,0,1,0,0,0,1
0,1.0,0,8.517393171418904,18.6,215.0,43.0,302966816.7080823,395068965.1075803,0,0,0,0,0,0,1,0,0,0,0,0,0,0,0,0,0,0,0,0,0,0,0,0,0,1,0,0,0,0,0,0,0,0,0,0,0,1,0,0,0,1,0,0,0,1
0,4.0,0,9.798182590890704,59.6,381.0,201.0,422770257.9699919,419826538.3804069,0,0,0,0,0,0,1,0,0,0,0,0,0,0,0,0,0,0,0,0,0,0,0,0,0,0,0,0,0,0,0,1,0,0,0,0,0,1,0,0,0,1,0,0,0,1
0,1.0,0,11.289794413577894,59.6,381.0,201.0,487481110.4142956,439546588.84008276,0,0,0,0,0,0,1,0,0,0,0,0,0,0,0,0,0,0,0,0,0,0,0,0,0,0,0,1,0,0,0,0,0,0,0,0,0,1,0,0,0,1,0,1,0,0
1,3.0,1,9.952325334619427,92.0,480.0,402.0,571840360.045382,459925764.6201285,0,0,0,0,0,0,1,0,0,0,0,0,0,0,0,0,0,0,0,0,0,0,0,0,0,0,0,0,0,0,1,0,0,0,1,0,0,0,0,0,0,0,1,1,0,0
0,3.0,1,10.308985993422082,92.0,480.0,402.0,645992216.9827799,457609975.1464443,0,0,0,0,0,0,1,0,0,0,0,0,0,0,0,0,0,0,0,0,0,0,0,0,0,0,0,0,0,0,1,0,0,0,0,0,0,1,0,0,1,0,0,1,0,0
0,1.0,1,0.0,18.6,215.0,43.0,302577040.7096797,394501523.77037096,0,0,0,0,0,0,1,0,0,0,0,0,0,0,0,0,0,0,0,0,0,0,0,0,0,1,0,0,0,0,0,0,0,0,0,0,1,0,0,0,0,1,0,1,0,0
0,4.0,0,11.618293980596055,42.0,318.6,147.0,325118944.8391717,416681785.1602195,0,0,0,0,0,0,1,0,0,0,0,0,0,0,0,0,0,0,0,0,0,0,0,0,1,0,0,0,0,0,0,0,0,0,0,0,1,0,0,0,0,1,0,0,0,1
0,0.0,0,8.517393171418904,17.0,150.0,41.0,304545323.85280854,321804920.74292743,0,0,0,0,1,0,0,0,0,0,1,0,0,0,0,0,0,0,0,0,0,0,0,0,0,0,0,0,0,0,0,0,0,0,0,0,1,0,0,0,0,1,0,0,0,1
0,1.0,1,0.0,59.6,381.0,201.0,410987255.9715205,380404816.1613952,1,0,0,0,0,0,0,0,0,0,0,0,0,0,0,0,0,0,0,0,0,0,0,0,0,0,0,0,0,0,0,0,1,0,1,0,0,0,0,0,0,1,0,0,0,1
0,0.0,1,10.992588080831641,82.0,420.0,349.0,507344178.87933975,624026350.2038616,0,0,0,0,0,0,1,0,0,0,0,0,0,0,0,0,0,0,0,0,0,0,0,0,0,0,0,0,0,1,0,0,0,0,0,0,0,1,0,0,0,1,0,0,0,1
0,0.0,0,8.517393171418904,59.6,381.0,201.0,487402598.0176014,494874963.138258,0,0,0,0,0,0,1,0,0,0,0,0,0,0,0,0,0,0,0,0,0,0,0,0,0,0,0,1,0,0,0,0,0,0,0,0,0,1,0,0,1,0,0,1,0,0
0,1.0,1,0.0,37.2,326.4,134.0,473142543.97019416,475828050.16045445,0,0,0,0,0,0,1,0,0,0,0,0,0,0,0,0,0,0,0,0,0,0,0,0,0,0,1,0,0,0,0,0,0,0,0,0,0,1,0,0,1,0,0,1,0,0
0,0.0,1,0.0,37.2,326.4,134.0,341393734.4582022,355011588.7035082,0,0,0,0,0,0,1,0,0,0,0,0,0,0,0,0,0,0,0,0,0,0,0,0,0,0,1,0,0,0,0,0,0,0,0,0,0,1,0,0,0,1,0,1,0,0
0,1.0,0,9.210440366976517,60.1,450.0,204.0,372291932.62241864,460530362.1113667,0,0,0,0,0,0,1,0,0,0,0,0,0,0,1,0,0,0,0,0,0,0,0,0,0,0,0,0,0,0,0,0,0,0,0,0,0,1,0,0,0,1,0,0,0,1
1,0.0,1,0.0,59.6,381.0,201.0,440605992.75086665,484666533.0259533,0,0,0,0,0,0,1,0,0,0,0,0,0,0,0,0,0,0,0,1,0,0,0,0,0,0,0,0,0,0,0,0,0,0,0,0,0,1,0,1,0,0,0,1,0,0
0,1.0,0,8.987321812850125,59.6,381.0,201.0,484666533.0259533,484666533.0259533,0,0,0,0,0,0,1,0,0,0,0,0,0,0,0,0,0,0,0,1,0,0,0,0,0,0,0,0,0,0,0,0,0,0,0,0,0,1,0,0,0,1,0,1,0,0
0,2.0,1,0.0,82.0,420.0,349.0,746833346.3535901,557243089.3684018,0,0,0,0,0,0,1,0,0,0,0,0,0,0,0,0,0,0,0,0,0,0,0,0,0,0,0,0,0,1,0,0,0,0,0,0,0,1,0,0,1,0,0,1,0,0
0,1.0,1,0.0,37.2,326.4,134.0,471474431.17192954,473323164.1669691,0,0,0,0,0,0,1,0,0,0,0,0,0,0,0,0,0,0,0,0,0,0,0,0,0,0,1,0,0,0,0,0,0,0,0,0,0,1,0,1,0,0,0,0,1,0
0,1.0,0,9.852246888342531,37.2,326.4,134.0,474530830.3042506,477912740.7142004,0,0,0,0,0,0,1,0,0,0,0,0,0,0,0,0,0,0,0,0,0,0,0,0,0,0,1,0,0,0,0,0,0,0,1,0,0,0,0,0,0,0,1,1,0,0
0,1.0,1,0.0,92.0,480.0,402.0,653620123.959524,667322160.2928165,0,0,0,0,0,0,1,0,0,0,0,0,0,0,0,0,0,0,0,0,0,0,0,0,0,0,0,0,0,0,1,0,0,0,1,0,0,0,0,0,0,0,1,1,0,0
1,2.0,0,9.210440366976517,18.6,215.0,43.0,302966816.7240567,402493387.0120278,0,0,0,0,0,0,1,0,0,0,0,0,0,0,0,0,0,0,0,0,0,0,0,0,0,1,0,0,0,0,0,0,0,0,0,0,0,1,0,0,0,1,0,0,0,1
1,1.0,0,9.90353755128617,18.6,215.0,43.0,302553079.0483379,394466640.04944074,0,0,0,0,0,0,1,0,0,0,0,0,0,0,0,0,0,0,0,0,0,0,0,0,0,1,0,0,0,0,0,0,0,0,0,0,1,0,0,0,0,1,0,0,0,1
0,4.0,0,11.51293546492023,42.0,318.6,147.0,327392917.4419114,418546953.6995454,0,0,0,0,0,0,1,0,0,0,0,0,0,0,0,0,0,0,0,0,0,0,0,0,1,0,0,0,0,0,0,0,0,0,1,0,0,0,0,0,0,0,1,1,0,0
1,4.0,0,1.791759469228055,82.0,420.0,349.0,749770846.3535901,543428360.2031913,0,0,0,0,0,0,1,0,0,0,0,0,0,0,0,0,0,0,0,0,0,0,0,0,0,0,0,0,0,1,0,0,0,0,1,0,0,0,0,0,0,0,1,1,0,0
0,0.0,0,0.0,82.0,420.0,349.0,748216158.8535901,620345683.69966,0,0,0,0,0,0,1,0,0,0,0,0,0,0,0,0,0,0,0,0,0,0,0,0,0,0,0,0,0,1,0,0,0,0,0,0,0,1,0,0,1,0,0,1,0,0
0,3.0,1,0.0,82.0,420.0,349.0,740678928.4065002,547210351.4995348,0,0,0,0,0,0,1,0,0,0,0,0,0,0,0,0,0,0,0,0,0,0,0,0,0,0,0,0,0,1,0,0,0,0,0,0,0,1,0,1,0,0,0,1,0,0
0,2.0,0,9.210440366976517,60.1,450.0,204.0,372291935.9382081,441728611.93553823,0,0,0,0,0,0,1,0,0,0,0,0,0,0,1,0,0,0,0,0,0,0,0,0,0,0,0,0,0,0,0,0,0,0,0,0,0,1,0,0,0,1,0,0,0,1
0,1.0,0,8.987321812850125,59.6,381.0,201.0,489919124.3192543,442046586.1494048,0,0,0,0,0,0,1,0,0,0,0,0,0,0,0,0,0,0,0,0,0,0,0,0,0,0,0,1,0,0,0,0,0,0,0,0,0,1,0,0,0,1,0,0,0,1
0,1.0,0,5.278114659230517,75.3,450.0,201.0,502054486.5301809,561764971.8666229,0,0,0,0,0,0,1,0,0,0,0,0,0,0,0,0,0,0,0,0,0,0,0,0,0,0,0,0,1,0,0,0,0,0,0,0,0,1,0,0,0,1,0,1,0,0
0,2.0,0,11.141876276228,82.0,420.0,349.0,751638029.4395276,560514362.9588274,0,0,0,0,0,0,1,0,0,0,0,0,0,0,0,0,0,0,0,0,0,0,0,0,0,0,0,0,0,1,0,0,0,0,0,0,0,1,0,0,0,1,0,0,0,1
0,1.0,0,8.006700845440367,59.6,381.0,201.0,489919124.277932,442046586.10703194,0,0,0,0,0,0,1,0,0,0,0,0,0,0,0,0,0,0,0,0,0,0,0,0,0,0,0,1,0,0,0,0,0,0,0,0,0,1,0,0,0,1,0,0,0,1
0,1.0,1,0.0,60.1,450.0,204.0,368809884.49083966,455998929.6113667,0,0,0,0,0,0,1,0,0,0,0,0,0,0,1,0,0,0,0,0,0,0,0,0,0,0,0,0,0,0,0,0,0,0,0,0,1,0,0,0,0,1,0,1,0,0
0,3.0,0,7.244941546337007,92.0,480.0,402.0,403888930.2716277,461656020.34381276,0,0,0,0,0,0,1,0,0,0,0,0,0,0,0,0,0,0,0,0,0,0,0,0,0,0,0,0,0,0,1,0,0,0,0,0,0,1,0,0,0,1,0,0,0,1
0,1.0,1,0.0,59.6,381.0,201.0,576878666.3872303,576878666.3872303,0,0,0,0,1,0,0,0,0,0,0,0,0,0,0,0,0,0,0,1,0,0,0,0,0,0,0,0,0,0,0,0,0,0,0,0,0,1,0,0,0,1,0,0,0,1
1,1.0,0,9.210440366976517,18.6,215.0,43.0,427283441.71297663,395068965.0261849,0,0,0,0,0,0,1,0,0,0,0,0,0,0,0,0,0,0,0,0,0,0,0,0,0,1,0,0,0,0,0,0,0,0,0,0,0,1,0,0,0,1,0,0,0,1
0,2.0,0,10.308985993422082,82.0,420.0,349.0,746333346.3535901,556902663.8364869,0,0,0,0,0,0,1,0,0,0,0,0,0,0,0,0,0,0,0,0,0,0,0,0,0,0,0,0,0,1,0,0,0,0,0,0,0,1,0,0,1,0,0,1,0,0
0,3.0,1,0.0,59.6,381.0,201.0,430897386.5584256,440606002.29632115,0,0,0,0,0,0,1,0,0,0,0,0,0,0,0,0,0,0,0,1,0,0,0,0,0,0,0,0,0,0,0,0,0,0,0,0,0,1,0,0,0,1,0,0,0,1
0,1.0,0,9.305741456739435,60.1,450.0,204.0,689220408.5525732,458955025.50177765,0,0,0,0,0,0,1,0,0,0,0,0,0,0,1,0,0,0,0,0,0,0,0,0,0,0,0,0,0,0,0,0,0,0,1,0,0,0,0,0,0,0,1,1,0,0
1,2.0,0,3.6375861597263857,18.6,215.0,43.0,302620171.70009506,401692649.7980057,0,0,0,0,0,0,1,0,0,0,0,0,0,0,0,0,0,0,0,0,0,0,0,0,0,1,0,0,0,0,0,0,0,0,0,0,1,0,0,0,0,1,0,1,0,0
1,1.0,1,9.546884034617925,18.6,215.0,43.0,302966816.6361974,395068965.0029291,0,0,0,0,0,0,1,0,0,0,0,0,0,0,0,0,0,0,0,0,0,0,0,0,0,1,0,0,0,0,0,0,0,0,0,0,0,1,0,0,0,1,0,0,0,1
0,3.0,0,4.61512051684126,92.0,480.0,402.0,570098601.8036238,457840238.30433905,0,0,0,0,0,0,1,0,0,0,0,0,0,0,0,0,0,0,0,0,0,0,0,0,0,0,0,0,0,0,1,0,0,0,0,0,0,1,0,1,0,0,0,1,0,0
0,3.0,1,0.0,82.0,420.0,349.0,494333669.3329449,547914413.3950862,0,0,0,0,0,0,1,0,0,0,0,0,0,0,0,0,0,0,0,0,0,0,0,0,0,0,0,0,0,1,0,0,0,0,0,0,0,1,0,0,1,0,0,1,0,0
0,2.0,0,11.002116507732017,82.0,420.0,349.0,627966680.8564883,557216493.6237209,0,0,0,0,0,0,1,0,0,0,0,0,0,0,0,0,0,0,0,0,0,0,0,0,0,0,0,0,0,1,0,0,0,0,0,0,0,1,0,1,0,0,0,1,0,0
1,1.0,0,11.599112335481124,59.6,381.0,201.0,487646399.67049396,439716080.36550653,0,0,0,0,0,0,1,0,0,0,0,0,0,0,0,0,0,0,0,0,0,0,0,0,0,0,0,1,0,0,0,0,0,0,0,0,0,1,0,0,0,1,0,1,0,0
0,3.0,0,10.819798284210286,82.0,420.0,349.0,477843490.39833105,549144586.1030165,0,0,0,0,0,0,1,0,0,0,0,0,0,0,0,0,0,0,0,0,0,0,0,0,0,0,0,0,0,1,0,0,0,0,0,0,0,1,0,0,0,1,0,0,0,1
1,1.0,1,0.0,59.6,381.0,201.0,489919124.0961138,442046585.92059124,0,0,0,0,0,0,1,0,0,0,0,0,0,0,0,0,0,0,0,0,0,0,0,0,0,0,0,1,0,0,0,0,0,0,0,1,0,0,0,0,0,1,0,0,0,1
0,0.0,0,10.757924157061597,59.6,381.0,201.0,436391364.2848115,444811657.34198445,0,0,0,0,0,0,1,0,0,0,0,0,0,0,0,0,0,0,0,0,0,0,0,1,0,0,0,0,0,0,0,0,0,0,0,0,0,1,0,0,0,1,0,0,0,1
0,2.0,0,0.0,37.2,326.4,134.0,366711158.5506355,395357450.19940734,0,0,0,0,0,0,1,0,0,0,0,0,0,0,0,0,0,0,0,0,0,0,0,0,0,0,1,0,0,0,0,0,0,0,0,0,0,1,0,0,0,1,0,0,0,1
0,0.0,1,0.0,18.6,215.0,43.0,607477387.6824132,292672803.1522879,0,0,0,0,0,0,1,0,0,0,0,0,0,0,0,0,0,0,0,0,0,0,0,0,0,1,0,0,0,0,0,0,0,0,0,0,0,1,0,1,0,0,0,0,1,0
0,3.0,1,7.438971592395862,59.6,381.0,201.0,410873713.5734402,460166653.1412208,0,0,0,0,0,0,1,0,0,0,0,0,0,0,0,0,0,0,0,0,0,0,0,0,0,0,0,0,0,0,0,1,0,0,0,1,0,0,0,0,1,0,0,1,0,0
0,3.0,0,10.12667110305036,82.0,420.0,349.0,487157270.0653474,549144587.0121074,0,0,0,0,0,0,1,0,0,0,0,0,0,0,0,0,0,0,0,0,0,0,0,0,0,0,0,0,0,1,0,0,0,0,0,0,0,1,0,0,0,1,0,0,0,1
0,0.0,1,0.0,18.6,215.0,43.0,637912170.2911088,327868333.8785448,0,0,0,0,0,0,1,0,0,0,0,0,0,0,0,0,0,0,0,0,0,0,0,0,0,1,0,0,0,0,0,0,0,0,0,0,0,1,0,1,0,0,0,0,1,0
0,1.0,1,0.0,92.0,480.0,402.0,565823876.5288986,658168314.1389704,0,0,0,0,0,0,1,0,0,0,0,0,0,0,0,0,0,0,0,0,0,0,0,0,0,0,0,0,0,0,1,0,0,0,0,0,0,1,0,0,0,1,0,1,0,0
0,0.0,1,5.981414211254481,59.6,381.0,201.0,479722110.8549611,479722110.8549611,0,1,0,0,0,0,0,0,0,0,0,0,0,0,0,0,0,0,0,1,0,0,0,0,0,0,0,0,0,0,0,0,0,0,0,0,0,0,1,0,0,1,0,0,0,1
0,0.0,0,9.90353755128617,75.3,450.0,201.0,483531940.9218135,581052352.2317389,0,0,0,0,0,0,1,0,0,0,0,0,0,0,0,0,0,0,0,0,0,0,0,0,0,0,0,0,1,0,0,0,0,0,0,0,0,1,0,0,0,1,0,1,0,0
0,4.0,0,7.8636512654486515,75.3,450.0,201.0,505147079.12277347,400512808.8661179,0,0,0,0,0,0,1,0,0,0,0,0,0,0,0,0,0,0,0,0,0,0,0,0,0,0,0,0,1,0,0,0,0,0,0,0,0,1,0,0,1,0,0,1,0,0
0,1.0,1,0.0,75.3,450.0,201.0,483228910.6187832,562218959.5966842,0,0,0,0,0,0,1,0,0,0,0,0,0,0,0,0,0,0,0,0,0,0,0,0,0,0,0,0,1,0,0,0,0,0,0,0,0,1,0,0,0,1,0,1,0,0
0,2.0,0,11.429554725537322,18.6,215.0,43.0,302359788.31351364,401091173.7832455,0,0,0,0,0,0,1,0,0,0,0,0,0,0,0,0,0,0,0,0,0,0,0,0,0,1,0,0,0,0,0,0,0,0,0,0,0,1,0,0,1,0,0,1,0,0
0,1.0,0,9.17771386914909,18.6,215.0,43.0,302966815.5179865,395068963.3750221,0,0,0,0,0,0,1,0,0,0,0,0,0,0,0,0,0,0,0,0,0,0,0,0,0,1,0,0,0,0,0,0,0,0,0,0,0,1,0,0,0,1,0,0,0,1
1,1.0,0,9.90353755128617,18.6,215.0,43.0,302575443.2655903,394499198.18897563,0,0,0,0,0,0,1,0,0,0,0,0,0,0,0,0,0,0,0,0,0,0,0,0,0,1,0,0,0,0,0,0,0,0,0,0,0,1,0,0,0,1,0,1,0,0
0,3.0,1,9.210340371976184,59.6,381.0,201.0,539259185.0144185,697627399.0740901,0,0,0,0,0,1,0,0,0,0,0,0,0,0,0,0,0,0,0,0,1,0,0,0,0,0,0,0,0,0,0,0,0,0,0,0,0,1,0,0,1,0,0,1,0,0
0,1.0,0,9.105090961257085,92.0,480.0,402.0,566252447.95747,658834980.8056371,0,0,0,0,0,0,1,0,0,0,0,0,0,0,0,0,0,0,0,0,0,0,0,0,0,0,0,0,0,0,1,0,0,0,0,0,0,1,0,0,0,1,0,0,1,0
0,1.0,1,0.0,75.3,450.0,201.0,502934116.15981054,562347793.9525125,0,0,0,0,0,0,1,0,0,0,0,0,0,0,0,0,0,0,0,0,0,0,0,0,0,0,0,0,1,0,0,0,0,0,0,1,0,0,0,0,1,0,0,1,0,0
0,2.0,0,9.61587214452889,37.2,326.4,134.0,338352918.1316716,390209772.4356943,0,0,0,0,0,0,1,0,0,0,0,0,0,0,0,0,0,0,0,0,0,0,0,0,0,0,1,0,0,0,0,0,0,0,0,0,0,1,0,1,0,0,0,1,0,0
0,1.0,0,8.006700845440367,60.1,450.0,204.0,682204279.520315,455975573.4469831,0,0,0,0,0,0,1,0,0,0,0,0,0,0,1,0,0,0,0,0,0,0,0,0,0,0,0,0,0,0,0,0,0,0,0,0,0,1,0,0,1,0,0,1,0,0
0,1.0,1,0.0,18.6,215.0,43.0,302966815.73204404,395068963.68665004,0,0,0,0,0,0,1,0,0,0,0,0,0,0,0,0,0,0,0,0,0,0,0,0,0,1,0,0,0,0,0,0,0,0,0,0,0,1,0,0,0,1,0,0,0,1
1,1.0,1,0.0,82.0,420.0,349.0,481966188.791462,660371929.1519583,0,0,0,0,0,0,1,0,0,0,0,0,0,0,0,0,0,0,0,0,0,0,0,0,0,0,0,0,0,1,0,0,0,0,0,0,0,1,0,0,0,1,0,1,0,0
0,2.0,1,0.0,59.6,381.0,201.0,676177688.6839689,628722110.854961,0,0,0,0,1,0,0,0,0,0,0,0,0,0,0,0,0,0,0,1,0,0,0,0,0,0,0,0,0,0,0,0,0,0,0,0,0,1,0,0,1,0,0,1,0,0
0,0.0,1,0.0,59.6,381.0,201.0,449722110.8549611,449722110.8549611,0,1,0,0,0,0,0,0,0,0,0,0,0,0,0,0,0,0,0,1,0,0,0,0,0,0,0,0,0,0,0,0,0,0,0,0,0,1,0,0,0,1,0,0,0,1
0,3.0,0,0.0,92.0,480.0,402.0,570867832.5728546,458761290.93591803,0,0,0,0,0,0,1,0,0,0,0,0,0,0,0,0,0,0,0,0,0,0,0,0,0,0,0,0,0,0,1,0,0,0,0,0,0,1,0,0,1,0,0,1,0,0
0,2.0,0,10.491301994830229,37.2,326.4,134.0,443463819.7504145,395357450.7479305,0,0,0,0,0,0,1,0,0,0,0,0,0,0,0,0,0,0,0,0,0,0,0,0,0,0,1,0,0,0,0,0,0,0,0,0,0,1,0,0,0,1,0,0,0,1
1,0.0,1,0.0,18.6,215.0,43.0,302966816.3406702,337359951.4483773,0,0,0,0,0,0,1,0,0,0,0,0,0,0,0,0,0,0,0,0,0,0,0,0,0,1,0,0,0,0,0,0,0,0,0,0,0,1,0,0,0,1,0,0,0,1
0,4.0,0,11.112462823634855,82.0,420.0,349.0,440605990.0235939,545088078.605969,0,0,0,0,0,0,1,0,0,0,0,0,0,0,0,0,0,0,0,0,0,0,0,0,0,0,0,0,0,1,0,0,0,0,0,0,0,1,0,0,0,1,0,0,0,1
0,3.0,0,10.915106645867503,82.0,420.0,349.0,493549458.8066291,547626212.2345445,0,0,0,0,0,0,1,0,0,0,0,0,0,0,0,0,0,0,0,0,0,0,0,0,0,0,0,0,0,1,0,0,0,0,0,0,0,1,0,0,0,1,0,1,0,0
1,1.0,0,9.741027444837728,60.1,450.0,204.0,483897393.48150253,460530363.0702708,0,0,0,0,0,0,1,0,0,0,0,0,0,0,1,0,0,0,0,0,0,0,0,0,0,0,0,0,0,0,0,0,0,0,0,1,0,0,0,0,0,1,0,0,0,1
0,1.0,0,10.819798284210286,18.6,215.0,43.0,642936324.8804809,393536407.49130124,0,0,0,0,0,0,1,0,0,0,0,0,0,0,0,0,0,0,0,0,0,0,0,0,0,1,0,0,0,0,0,0,0,0,0,0,0,1,0,1,0,0,0,1,0,0
0,3.0,1,10.819798284210286,82.0,420.0,349.0,503242302.75086665,548266444.3428618,0,0,0,0,0,0,1,0,0,0,0,0,0,0,0,0,0,0,0,0,0,0,0,0,0,0,0,0,0,1,0,0,0,0,0,0,0,1,0,0,1,0,0,1,0,0
0,1.0,1,0.0,60.1,450.0,204.0,481878666.3872303,455201600.8442434,0,0,0,0,0,0,1,0,0,0,0,0,0,0,1,0,0,0,0,0,0,0,0,0,0,0,0,0,0,0,0,0,0,0,0,0,0,1,0,0,1,0,0,1,0,0
0,0.0,1,0.0,75.3,450.0,201.0,502508190.2338846,580547765.0757754,0,0,0,0,0,0,1,0,0,0,0,0,0,0,0,0,0,0,0,0,0,0,0,0,0,0,0,0,1,0,0,0,0,0,0,0,0,1,0,0,0,1,0,1,0,0
0,0.0,0,10.819798284210286,60.1,450.0,204.0,368712989.7539975,477585941.37337524,0,0,0,0,0,0,1,0,0,0,0,0,0,0,1,0,0,0,0,0,0,0,0,0,0,0,0,0,0,0,0,0,0,0,0,0,0,1,0,1,0,0,0,1,0,0
0,2.0,0,10.491301994830229,82.0,420.0,349.0,518627463.19173723,560514362.6130826,0,0,0,0,0,0,1,0,0,0,0,0,0,0,0,0,0,0,0,0,0,0,0,0,0,0,0,0,0,1,0,0,0,0,0,0,0,1,0,0,0,1,0,0,0,1
0,2.0,1,0.0,82.0,420.0,349.0,635916680.8564883,558907982.9854231,0,0,0,0,0,0,1,0,0,0,0,0,0,0,0,0,0,0,0,0,0,0,0,0,0,0,0,0,0,1,0,0,0,0,1,0,0,0,0,0,0,0,1,1,0,0
0,3.0,0,8.517393171418904,92.0,480.0,402.0,569411788.6168107,457017869.8832864,0,0,0,0,0,0,1,0,0,0,0,0,0,0,0,0,0,0,0,0,0,0,0,0,0,0,0,0,0,0,1,0,0,0,0,0,0,1,0,0,1,0,0,1,0,0
0,0.0,1,0.0,82.0,420.0,349.0,567974256.1738102,587976095.0185381,0,0,0,0,0,0,1,0,0,0,0,0,0,0,0,0,0,0,0,1,0,0,0,0,0,0,0,0,0,0,0,0,0,0,0,0,0,1,0,0,0,1,0,1,0,0
0,4.0,0,11.002116507732017,82.0,420.0,349.0,477843491.7708801,545088079.4393023,0,0,0,0,0,0,1,0,0,0,0,0,0,0,0,0,0,0,0,0,0,0,0,0,0,0,0,0,0,1,0,0,0,0,0,0,0,1,0,0,0,1,0,0,0,1
0,4.0,0,10.714439990727769,59.6,381.0,201.0,466047610.1613952,484666533.0259533,0,1,0,0,0,0,0,0,0,0,0,0,0,0,0,0,0,0,0,1,0,0,0,0,0,0,0,0,0,0,0,0,0,0,0,0,0,1,0,0,0,1,0,0,0,1
0,1.0,0,10.463131911491967,37.2,326.4,134.0,424627418.48585486,476775932.8966108,0,0,0,0,0,0,1,0,0,0,0,0,0,0,0,0,0,0,0,0,0,0,0,0,0,0,1,0,0,0,0,0,0,0,0,0,0,1,0,0,1,0,0,1,0,0
0,4.0,0,10.498773802892188,60.1,450.0,204.0,369297200.2803134,445388818.7716277,0,0,0,0,0,0,1,0,0,0,0,0,0,0,1,0,0,0,0,0,0,0,0,0,0,0,0,0,0,0,0,0,0,0,0,0,0,1,0,1,0,0,0,1,0,0
0,3.0,0,11.050905878263567,82.0,420.0,349.0,494386300.9118923,547933755.754854,0,0,0,0,0,0,1,0,0,0,0,0,0,0,0,0,0,0,0,0,0,0,0,0,0,0,0,0,0,1,0,0,0,0,0,0,1,0,0,0,0,1,0,0,0,1
0,1.0,1,0.0,75.3,450.0,201.0,625090194.7407442,561709757.1426965,0,0,0,0,0,0,1,0,0,0,0,0,0,0,0,0,0,0,0,0,0,0,0,0,0,0,0,0,1,0,0,0,0,0,0,0,0,1,0,0,1,0,0,1,0,0
1,2.0,1,0.0,37.2,326.4,134.0,343332507.1724879,395357448.8702934,0,0,0,0,0,0,1,0,0,0,0,0,0,0,0,0,0,0,0,0,0,0,0,0,0,0,1,0,0,0,0,0,0,0,0,0,0,1,0,0,0,1,0,0,0,1
0,3.0,0,8.556606193773073,82.0,420.0,349.0,742427394.664169,547761608.7529198,0,0,0,0,0,0,1,0,0,0,0,0,0,0,0,0,0,0,0,0,0,0,0,0,0,0,0,0,0,1,0,0,0,0,0,0,0,1,0,1,0,0,0,1,0,0
0,1.0,1,0.0,59.6,381.0,201.0,553524924.8043352,440889809.1790658,0,0,0,0,0,0,1,0,0,0,0,0,0,0,0,0,0,0,0,0,0,0,0,0,0,0,0,1,0,0,0,0,0,0,1,0,0,0,0,0,0,0,1,1,0,0
0,0.0,1,0.0,60.1,450.0,204.0,499151393.6599575,482180531.6166185,0,0,0,0,0,0,1,0,0,0,0,0,0,0,1,0,0,0,0,0,0,0,0,0,0,0,0,0,0,0,0,0,0,0,0,1,0,0,0,0,0,1,0,0,0,1
0,2.0,0,9.741027444837728,92.0,480.0,402.0,610577994.8356099,485779374.34047633,0,0,0,0,0,0,1,0,0,0,0,0,0,0,0,0,0,0,0,0,0,0,0,0,0,0,0,0,0,0,1,0,0,0,0,0,0,1,0,0,0,1,0,0,0,1
0,2.0,1,9.210440366976517,18.6,215.0,43.0,302966816.36463183,402493386.1817695,0,0,0,0,0,0,1,0,0,0,0,0,0,0,0,0,0,0,0,0,0,0,0,0,0,1,0,0,0,0,0,0,0,0,0,0,0,1,0,0,0,1,0,0,0,1
0,0.0,1,0.0,37.2,326.4,134.0,484666533.0259533,355511588.7035082,0,0,0,0,0,0,1,0,0,0,0,0,0,0,0,0,0,0,0,0,0,0,0,0,0,0,1,0,0,0,0,0,0,0,1,0,0,0,0,0,0,1,0,1,0,0
0,3.0,0,10.373522431293592,37.2,326.4,134.0,473663151.34546536,434515274.2501238,0,0,0,0,0,0,0,1,0,0,0,0,0,0,0,0,0,0,0,0,0,0,0,0,0,0,1,0,0,0,0,0,0,0,0,0,0,1,0,1,0,0,0,1,0,0
0,0.0,1,0.0,59.6,381.0,201.0,440605960.11450297,440605960.11450297,0,0,0,0,0,0,1,0,0,0,0,0,0,0,0,0,0,0,0,1,0,0,0,0,0,0,0,0,0,0,0,0,0,0,1,0,0,0,0,0,0,1,0,1,0,0
1,3.0,1,0.0,82.0,420.0,349.0,742494879.3267456,547782885.3486644,0,0,0,0,0,0,1,0,0,0,0,0,0,0,0,0,0,0,0,0,0,0,0,0,0,0,0,0,0,1,0,0,0,0,0,0,0,1,0,0,1,0,0,1,0,0
0,3.0,1,10.819798284210286,59.6,381.0,201.0,484666533.0259533,417958487.6956104,0,0,0,0,0,0,1,0,0,0,0,0,0,0,0,0,0,0,0,0,0,0,0,0,0,0,0,1,0,0,0,0,0,0,0,1,0,0,0,0,1,0,0,1,0,0
0,0.0,1,0.0,59.6,381.0,201.0,484666533.0259533,484666533.0259533,0,0,0,0,0,0,1,0,0,0,0,0,0,0,0,0,0,0,0,1,0,0,0,0,0,0,0,0,0,0,0,0,0,0,0,0,0,1,0,0,0,1,0,1,0,0
0,2.0,1,0.0,37.2,326.4,134.0,431550786.70693624,394201333.61712885,0,0,0,0,0,0,1,0,0,0,0,0,0,0,0,0,0,0,0,0,0,0,0,0,0,0,1,0,0,0,0,0,0,0,1,0,0,0,0,0,0,0,1,1,0,0
1,1.0,1,0.0,59.6,381.0,201.0,488142267.439089,440224554.9417777,0,0,0,0,0,0,1,0,0,0,0,0,0,0,0,0,0,0,0,0,0,0,0,0,0,0,0,1,0,0,0,0,0,0,0,0,0,1,0,0,1,0,0,1,0,0
0,0.0,1,0.0,18.6,215.0,43.0,411897353.2507333,337359952.5433494,0,0,0,0,0,0,1,0,0,0,0,0,0,0,0,0,0,0,0,0,0,0,0,0,0,1,0,0,0,0,0,0,0,0,0,0,0,1,0,0,0,1,0,0,0,1
0,1.0,1,0.0,37.2,326.4,134.0,473788964.7944892,476798734.1995424,0,0,0,0,0,0,1,0,0,0,0,0,0,0,0,0,0,0,0,0,0,0,0,0,0,0,1,0,0,0,0,0,0,0,0,0,0,1,0,0,1,0,0,1,0,0
1,4.0,1,9.90353755128617,59.6,381.0,201.0,417942679.0906816,413993213.9012403,0,0,0,0,0,0,1,0,0,0,0,0,0,0,0,0,0,0,0,0,0,0,0,0,0,0,0,0,0,0,0,1,0,0,1,0,0,0,0,0,0,0,1,1,0,0
1,2.0,1,10.463131911491967,92.0,480.0,402.0,606551689.3970134,480249268.0754161,0,0,0,0,0,0,1,0,0,0,0,0,0,0,0,0,0,0,0,0,0,0,0,0,0,0,0,0,0,0,1,0,0,0,1,0,0,0,0,0,0,0,1,0,1,0
0,0.0,1,0.0,59.6,381.0,201.0,515347232.85280854,513842686.32997876,0,0,0,0,0,0,0,1,0,0,0,0,0,1,0,0,0,0,0,0,0,0,0,0,0,0,0,0,0,0,0,0,0,0,0,0,1,0,0,0,0,1,0,1,0,0
0,2.0,1,0.0,18.6,215.0,43.0,644912170.2911088,401570878.5802935,0,0,0,0,0,0,1,0,0,0,0,0,0,0,0,0,0,0,0,0,0,0,0,0,0,1,0,0,0,0,0,0,0,0,1,0,0,0,0,0,0,0,1,1,0,0
0,2.0,1,0.0,37.2,326.4,134.0,409855134.5330232,392095848.3850613,0,0,0,0,0,0,1,0,0,0,0,0,0,0,0,0,0,0,0,0,0,0,0,0,0,0,1,0,0,0,0,0,0,0,0,0,0,1,0,0,1,0,0,1,0,0
0,3.0,0,10.463131911491967,82.0,420.0,349.0,471716042.89833105,546726792.5053376,0,0,0,0,0,0,1,0,0,0,0,0,0,0,0,0,0,0,0,0,0,0,0,0,0,0,0,0,0,1,0,0,0,0,0,0,0,1,0,1,0,0,0,1,0,0
0,4.0,0,9.852246888342531,82.0,420.0,349.0,494207353.5434712,540504749.09208,0,0,0,0,0,0,1,0,0,0,0,0,0,0,0,0,0,0,0,0,0,0,0,0,0,0,0,0,0,1,0,0,0,0,0,0,0,1,0,0,0,1,0,0,0,1
0,2.0,0,8.81001204797317,18.6,215.0,43.0,644888015.7017369,401552428.39579165,0,0,0,0,0,0,1,0,0,0,0,0,0,0,0,0,0,0,0,0,0,0,0,0,0,1,0,0,0,0,0,0,0,0,1,0,0,0,0,0,0,0,1,1,0,0
1,2.0,1,8.987321812850125,18.6,215.0,43.0,301962024.73523885,400172354.5950536,0,0,0,0,0,0,1,0,0,0,0,0,0,0,0,0,0,0,0,0,0,0,0,0,0,1,0,0,0,0,0,0,0,0,0,0,0,1,0,0,1,0,0,1,0,0
0,2.0,1,9.105090961257085,18.6,215.0,43.0,642718933.576133,399895601.827526,0,0,0,0,0,0,1,0,0,0,0,0,0,0,0,0,0,0,0,0,0,0,0,0,0,1,0,0,0,0,0,0,0,0,0,0,0,1,0,0,1,0,0,1,0,0
0,1.0,1,0.0,59.6,381.0,201.0,484666533.0259533,484666533.0259533,0,0,0,0,1,0,0,0,0,0,0,0,0,0,0,0,0,0,0,1,0,0,0,0,0,0,0,0,0,0,0,0,0,0,0,0,1,0,0,0,0,1,0,0,0,1
0,2.0,0,11.141876276228,37.2,326.4,134.0,474129528.78581244,393522008.72261405,0,0,0,0,0,0,1,0,0,0,0,0,0,0,0,0,0,0,0,0,0,0,0,0,0,0,1,0,0,0,0,0,0,0,0,0,1,0,0,0,0,1,0,1,0,0
0,2.0,1,0.0,59.6,381.0,201.0,876128102.3276564,481222110.8549611,0,0,0,1,0,0,0,0,0,0,0,0,0,0,0,0,0,0,0,1,0,0,0,0,0,0,0,0,0,0,0,0,0,0,0,0,0,1,0,1,0,0,0,0,1,0
0,0.0,1,0.0,37.9,410.0,67.0,484666533.0259533,484666533.0259533,0,0,0,0,0,0,0,0,1,0,0,0,0,0,0,0,0,0,0,1,0,0,0,0,0,0,0,0,0,0,0,0,0,0,1,0,0,0,0,0,0,1,0,0,0,1
0,0.0,1,0.0,92.0,480.0,402.0,599795724.4847326,842880410.7139412,0,0,0,0,0,0,1,0,0,0,0,0,0,0,0,0,0,0,0,0,0,0,0,0,0,0,0,0,0,0,1,0,0,0,0,0,1,0,0,0,0,1,0,1,0,0
0,0.0,1,0.0,75.3,450.0,201.0,635279526.7825656,578254187.0941242,0,0,0,0,0,0,1,0,0,0,0,0,0,0,0,0,0,0,0,0,0,0,0,0,0,0,0,0,1,0,0,0,0,0,0,0,0,1,0,1,0,0,0,1,0,0
0,1.0,1,0.0,59.6,381.0,201.0,385583450.96297663,442046586.8697438,0,0,0,0,0,0,1,0,0,0,0,0,0,0,0,0,0,0,0,0,0,0,0,0,0,0,0,1,0,0,0,0,0,0,0,0,0,1,0,0,0,1,0,0,0,1
0,2.0,0,8.53168763756669,18.6,215.0,43.0,302607392.1473794,401663129.5028027,0,0,0,0,0,0,1,0,0,0,0,0,0,0,0,0,0,0,0,0,0,0,0,0,0,1,0,0,0,0,0,0,0,0,0,0,1,0,0,0,0,1,0,0,0,1
0,1.0,0,9.852246888342531,60.1,450.0,204.0,687204279.520315,458098861.118216,0,0,0,0,0,0,1,0,0,0,0,0,0,0,1,0,0,0,0,0,0,0,0,0,0,0,0,0,0,0,0,0,0,0,1,0,0,0,0,0,0,0,1,1,0,0
0,2.0,0,9.784591397592273,82.0,420.0,349.0,493112616.701366,555897344.6875508,0,0,0,0,0,0,1,0,0,0,0,0,0,0,0,0,0,0,0,0,0,0,0,0,0,0,0,0,0,1,0,0,0,0,0,0,0,1,0,0,0,1,0,1,0,0
0,0.0,1,0.0,75.3,450.0,201.0,644795655.8148237,580960609.1124728,0,0,0,0,0,0,1,0,0,0,0,0,0,0,0,0,0,0,0,0,0,0,0,0,0,0,0,0,1,0,0,0,0,0,0,1,0,0,0,0,1,0,0,1,0,0
0,0.0,1,0.0,75.3,450.0,201.0,626802694.7407442,581272535.7179774,0,0,0,0,0,0,1,0,0,0,0,0,0,0,0,0,0,0,0,0,0,0,0,0,0,0,0,0,1,0,0,0,0,0,0,0,1,0,0,0,0,1,0,1,0,0
0,3.0,1,0.0,82.0,420.0,349.0,482838800.25643015,547833175.484061,0,0,0,0,0,0,1,0,0,0,0,0,0,0,0,0,0,0,0,0,0,0,0,0,0,0,0,0,0,1,0,0,0,0,0,0,0,1,0,0,1,0,0,1,0,0
0,0.0,1,0.0,59.6,381.0,201.0,550128698.3892409,494725894.8152766,0,0,0,0,0,0,1,0,0,0,0,0,0,0,0,0,0,0,0,0,0,0,0,0,0,0,0,1,0,0,0,0,0,0,0,0,0,1,0,0,0,1,0,1,0,0
0,0.0,1,0.0,37.2,326.4,134.0,343332507.23779404,357538180.88967836,0,0,0,0,0,0,1,0,0,0,0,0,0,0,0,0,0,0,0,0,0,0,0,0,0,0,1,0,0,0,0,0,0,0,0,0,0,1,0,0,0,1,0,0,0,1
0,1.0,0,10.819798284210286,37.2,326.4,134.0,474194604.7077213,477407854.72071505,0,0,0,0,0,0,1,0,0,0,0,0,0,0,0,0,0,0,0,0,0,0,0,0,0,0,1,0,0,0,0,0,0,0,0,0,1,0,0,0,0,1,0,1,0,0
0,0.0,1,0.0,75.3,450.0,201.0,509452627.60425496,587428492.0115554,0,0,0,0,0,0,1,0,0,0,0,0,0,0,0,0,0,0,0,0,0,0,0,0,0,0,0,0,1,0,0,0,0,0,0,0,0,1,0,0,0,1,0,0,0,1
0,3.0,1,0.0,82.0,420.0,349.0,746723971.3535901,547927953.0469236,0,0,0,0,0,0,1,0,0,0,0,0,0,0,0,0,0,0,0,0,0,0,0,0,0,0,0,0,0,1,0,0,0,0,0,0,0,1,0,0,1,0,0,1,0,0
0,2.0,1,0.0,37.2,326.4,134.0,474062283.6665065,393391207.03485036,0,0,0,0,0,0,1,0,0,0,0,0,0,0,0,0,0,0,0,0,0,0,0,0,0,0,1,0,0,0,0,0,0,0,0,0,0,1,0,0,1,0,0,1,0,0
0,2.0,1,9.392745258631441,18.6,215.0,43.0,644047435.9915919,400910361.97512746,0,0,0,0,0,0,1,0,0,0,0,0,0,0,0,0,0,0,0,0,0,0,0,0,0,1,0,0,0,0,0,0,0,0,0,0,0,1,0,0,1,0,0,1,0,0
0,3.0,1,0.0,82.0,420.0,349.0,487157266.7596149,549144586.0082389,0,0,0,0,0,0,1,0,0,0,0,0,0,0,0,0,0,0,0,0,0,0,0,0,0,0,0,0,0,1,0,0,0,0,0,0,0,1,0,0,0,1,0,0,0,1
0,2.0,1,0.0,37.2,326.4,134.0,473387663.27605104,392078970.7479305,0,0,0,0,0,0,1,0,0,0,0,0,0,0,0,0,0,0,0,0,0,0,0,0,0,0,1,0,0,0,0,0,0,0,0,0,0,1,0,0,1,0,0,1,0,0
0,2.0,0,10.463131911491967,18.6,215.0,43.0,302839021.5403507,402198184.85335624,0,0,0,0,0,0,1,0,0,0,0,0,0,0,0,0,0,0,0,0,0,0,0,0,0,1,0,0,0,0,0,0,0,0,0,0,1,0,0,0,0,1,0,0,0,1
0,0.0,0,9.90353755128617,37.2,326.4,134.0,341291693.6418757,354878609.9801039,0,0,0,0,0,0,1,0,0,0,0,0,0,0,0,0,0,0,0,0,0,0,0,0,0,0,1,0,0,0,0,0,0,0,0,0,1,0,0,0,0,1,0,0,0,1
0,3.0,0,8.682877107057168,82.0,420.0,349.0,493996827.22768176,547790622.2925717,0,0,0,0,0,0,1,0,0,0,0,0,0,0,0,0,0,0,0,0,0,0,0,0,0,0,0,0,0,1,0,0,0,0,0,0,0,1,0,0,0,1,0,0,0,1
0,2.0,0,0.0,18.6,215.0,43.0,302648925.6937053,401759070.4622123,0,0,0,0,0,0,1,0,0,0,0,0,0,0,0,0,0,0,0,0,0,0,0,0,0,1,0,0,0,0,0,0,0,0,0,0,1,0,0,0,0,1,0,0,0,1
1,2.0,0,7.244941546337007,37.2,326.4,134.0,476878666.3872303,395357446.92936516,0,0,0,0,0,0,1,0,0,0,0,0,0,0,0,0,0,0,0,0,0,0,0,0,0,0,1,0,0,0,0,0,0,0,0,0,0,1,0,0,0,1,0,0,0,1
0,0.0,1,0.0,59.6,381.0,201.0,575936784.1329137,575936784.1329137,0,0,0,0,0,0,1,0,0,0,0,0,0,0,0,0,0,0,0,1,0,0,0,0,0,0,0,0,0,0,0,0,0,0,0,0,1,0,0,0,0,1,0,1,0,0
0,0.0,0,6.2166061010848646,59.6,381.0,201.0,556100390.9835806,498657568.2003698,0,0,0,0,0,0,1,0,0,0,0,0,0,0,0,0,0,0,0,0,0,0,0,0,0,0,0,1,0,0,0,0,0,0,0,0,0,1,0,0,0,1,0,0,0,1
0,0.0,1,0.0,18.6,215.0,43.0,391666603.94304097,335890680.24726,0,0,0,0,0,0,1,0,0,0,0,0,0,0,0,0,0,0,0,0,0,0,0,0,0,1,0,0,0,0,0,0,0,0,0,0,1,0,0,0,0,1,0,1,0,0
1,2.0,0,9.105090961257085,18.6,215.0,43.0,302966816.66974366,402493386.8865666,0,0,0,0,0,0,1,0,0,0,0,0,0,0,0,0,0,0,0,0,0,0,0,0,0,1,0,0,0,0,0,0,0,0,0,0,0,1,0,0,0,1,0,0,0,1
0,0.0,1,0.0,75.3,450.0,201.0,483371536.88140947,580906664.1583444,0,0,0,0,0,0,1,0,0,0,0,0,0,0,0,0,0,0,0,0,0,0,0,0,0,0,0,0,1,0,0,0,0,0,0,0,0,1,0,0,0,1,0,1,0,0
0,1.0,1,0.0,59.6,381.0,201.0,350987389.3561359,439508453.2468625,0,0,0,0,0,0,1,0,0,0,0,0,0,0,0,0,0,0,0,0,0,0,0,0,0,0,0,1,0,0,0,0,0,0,0,0,0,1,0,0,0,1,0,1,0,0
0,2.0,0,10.12667110305036,59.6,381.0,201.0,488121606.2820642,451409763.3284937,0,0,0,0,0,0,1,0,0,0,0,0,0,0,0,0,0,0,0,0,0,0,0,0,0,0,0,1,0,0,0,0,0,0,1,0,0,0,0,0,1,0,0,0,1,0
1,3.0,1,10.596659732783579,37.2,326.4,134.0,473676166.52984715,434593196.3280459,0,0,0,0,0,0,1,0,0,0,0,0,0,0,0,0,0,0,0,0,0,0,0,0,0,0,1,0,0,0,0,0,0,0,0,0,0,1,0,0,1,0,0,1,0,0
0,0.0,1,0.0,37.2,326.4,134.0,473407186.0526237,353453078.0652103,0,0,0,0,0,0,1,0,0,0,0,0,0,0,0,0,0,0,0,0,0,0,0,0,0,0,1,0,0,0,0,0,0,0,0,0,0,1,0,0,1,0,0,1,0,0
1,2.0,0,11.571203807011969,59.6,381.0,201.0,484666533.0259533,450952246.9886244,0,0,0,0,0,0,1,0,0,0,0,0,0,0,0,0,0,0,0,0,0,0,0,0,0,0,0,1,0,0,0,0,0,0,0,0,0,1,0,0,0,1,0,1,0,0
0,1.0,1,9.852246888342531,37.2,326.4,134.0,343332507.0337124,478727070.61973786,0,0,0,0,0,0,1,0,0,0,0,0,0,0,0,0,0,0,0,0,0,0,0,0,0,0,1,0,0,0,0,0,0,0,0,1,0,0,0,0,0,1,0,0,0,1
1,2.0,0,8.006700845440367,18.6,215.0,43.0,302543494.38380116,401515528.02678794,0,0,0,0,0,0,1,0,0,0,0,0,0,0,0,0,0,0,0,0,0,0,0,0,0,1,0,0,0,0,0,0,0,0,1,0,0,0,0,0,0,0,1,1,0,0
0,2.0,1,0.0,82.0,420.0,349.0,497681032.8118923,560514360.9694656,0,0,0,0,0,0,1,0,0,0,0,0,0,0,0,0,0,0,0,0,0,0,0,0,0,0,0,0,0,1,0,0,0,0,0,0,0,1,0,0,0,1,0,0,0,1
0,1.0,0,10.12667110305036,18.6,215.0,43.0,302928797.8981782,395013616.7936268,0,0,0,0,0,0,1,0,0,0,0,0,0,0,0,0,0,0,0,0,0,0,0,0,0,1,0,0,0,0,0,0,0,0,0,0,1,0,0,0,0,1,0,0,0,1
0,2.0,0,8.922791623969637,18.6,215.0,43.0,302575443.2655903,401589328.76479536,0,0,0,0,0,0,1,0,0,0,0,0,0,0,0,0,0,0,0,0,0,0,0,0,0,1,0,0,0,0,0,0,0,0,0,0,1,0,0,0,0,1,0,1,0,0
0,1.0,0,8.517393171418904,18.6,215.0,43.0,301928478.40936023,393557337.72385937,0,0,0,0,0,0,1,0,0,0,0,0,0,0,0,0,0,0,0,0,0,0,0,0,0,1,0,0,0,0,0,0,0,0,0,0,0,1,0,0,1,0,0,1,0,0
0,2.0,0,8.699681400989514,37.2,326.4,134.0,475073128.65566057,395357449.8196605,0,0,0,0,0,0,1,0,0,0,0,0,0,0,0,0,0,0,0,0,0,0,0,0,0,0,1,0,0,0,0,0,0,0,0,0,0,1,0,0,0,1,0,0,0,1
0,2.0,0,10.12667110305036,18.6,215.0,43.0,302623366.588274,401700029.8718064,0,0,0,0,0,0,1,0,0,0,0,0,0,0,0,0,0,0,0,0,0,0,0,0,0,1,0,0,0,0,0,0,0,0,0,0,0,1,0,0,0,1,0,0,0,1
1,1.0,0,9.798182590890704,59.6,381.0,201.0,385583442.71297663,442046586.17059124,0,0,0,0,0,0,1,0,0,0,0,0,0,0,0,0,0,0,0,0,0,0,0,0,0,0,0,1,0,0,0,0,0,0,0,0,0,1,0,0,0,1,0,0,0,1
0,0.0,1,8.006700845440367,18.6,215.0,43.0,302966815.94290656,337359950.0573158,0,0,0,0,0,0,1,0,0,0,0,0,0,0,0,0,0,0,0,0,0,0,0,0,0,1,0,0,0,0,0,0,0,0,0,1,0,0,0,0,0,1,0,0,0,1
1,2.0,1,9.99884318585288,37.2,326.4,134.0,473500461.5406931,392298380.03063095,0,0,0,0,0,0,1,0,0,0,0,0,0,0,0,0,0,0,0,0,0,0,0,0,0,0,1,0,0,0,0,0,0,0,0,0,0,1,0,0,1,0,0,1,0,0
0,1.0,1,0.0,92.0,480.0,402.0,566142557.8475798,658664040.6346968,0,0,0,0,0,0,1,0,0,0,0,0,0,0,0,0,0,0,0,0,0,0,0,0,0,0,0,0,0,0,1,0,0,0,0,0,0,1,0,0,0,1,0,1,0,0
0,1.0,1,0.0,18.6,215.0,43.0,301896529.52757114,393510826.0959524,0,0,0,0,0,0,1,0,0,0,0,0,0,0,0,0,0,0,0,0,0,0,0,0,0,1,0,0,0,0,0,0,0,0,0,0,0,1,0,0,1,0,0,1,0,0
0,1.0,0,8.853808274977197,37.2,326.4,134.0,473598075.42355645,476512089.24840236,0,0,0,0,0,0,1,0,0,0,0,0,0,0,0,0,0,0,0,0,0,0,0,0,0,0,1,0,0,0,0,0,0,0,0,0,0,1,0,0,1,0,0,1,0,0
0,0.0,1,0.0,59.6,381.0,201.0,481882071.3312895,411412682.2028349,0,0,0,0,0,0,1,0,0,0,0,0,0,0,0,0,0,0,0,0,0,1,0,0,0,0,0,0,0,0,0,0,0,0,0,0,1,0,0,0,0,1,0,1,0,0
1,2.0,1,9.852246888342531,59.6,381.0,201.0,486840614.546527,449383619.537644,0,0,0,0,0,0,1,0,0,0,0,0,0,0,0,0,0,0,0,0,0,0,0,0,0,0,0,1,0,0,0,0,0,0,0,0,0,1,0,0,1,0,0,1,0,0
0,1.0,0,8.294299608857235,82.0,420.0,349.0,484666533.0259533,667988740.4603695,0,0,0,0,0,0,1,0,0,0,0,0,0,0,0,0,0,0,0,0,0,0,0,0,0,0,0,0,0,1,0,0,0,0,0,0,0,1,0,0,0,1,0,0,0,1
0,1.0,0,10.545367754151743,75.3,450.0,201.0,629827694.7407442,564034910.5169296,0,0,0,0,0,0,1,0,0,0,0,0,0,0,0,0,0,0,0,0,0,0,0,0,0,0,0,0,1,0,0,0,0,0,0,0,0,1,0,0,1,0,0,1,0,0
0,2.0,0,8.517393171418904,37.2,326.4,134.0,473665320.5428623,392619055.1361162,0,0,0,0,0,0,1,0,0,0,0,0,0,0,0,0,0,0,0,0,0,0,0,0,0,0,1,0,0,0,0,0,0,0,0,0,0,1,0,0,1,0,0,1,0,0
0,1.0,1,0.0,18.6,215.0,43.0,644042605.0737176,394068965.63083607,0,0,0,0,0,0,1,0,0,0,0,0,0,0,0,0,0,0,0,0,0,0,0,0,0,1,0,0,0,0,0,0,0,0,0,0,0,1,0,0,1,0,0,1,0,0
0,1.0,0,10.58375210726506,59.6,381.0,201.0,550675868.2005616,439610148.1621167,0,0,0,0,0,0,1,0,0,0,0,0,0,0,0,0,0,0,0,0,0,0,0,0,0,0,0,1,0,0,0,0,0,0,0,0,0,1,0,0,0,1,0,0,0,1
0,1.0,0,0.0,41.9,318.6,150.0,447435895.3276564,440605999.8417757,0,0,0,0,0,0,1,0,0,0,0,0,0,0,0,0,0,0,0,1,0,0,0,0,0,0,0,0,0,0,0,0,0,0,1,0,0,0,0,0,0,0,1,1,0,0
0,1.0,0,11.277215789596893,59.6,381.0,201.0,484666533.0259533,477388777.5216277,0,0,0,1,0,0,0,0,0,0,0,1,0,0,0,0,0,0,0,0,0,0,0,0,0,0,0,0,0,0,0,0,0,0,0,0,0,1,0,0,1,0,0,1,0,0
0,2.0,1,9.059633754551479,18.6,215.0,43.0,300890139.7512133,397696339.83490604,0,0,0,0,0,0,1,0,0,0,0,0,0,0,0,0,0,0,0,0,0,0,0,0,0,1,0,0,0,0,0,0,0,0,0,0,0,1,0,1,0,0,0,1,0,0
0,2.0,0,9.392745258631441,18.6,215.0,43.0,302966815.3901909,402493383.930847,0,0,0,0,0,0,1,0,0,0,0,0,0,0,0,0,0,0,0,0,0,0,0,0,0,1,0,0,0,0,0,0,0,0,0,0,0,1,0,0,0,1,0,0,0,1
1,4.0,0,10.203629181337648,59.6,381.0,201.0,415356472.1941299,410868213.9012403,0,0,0,0,0,0,1,0,0,0,0,0,0,0,0,0,0,0,0,0,0,0,0,0,0,0,0,0,0,0,0,1,0,0,0,0,1,0,0,0,0,1,0,1,0,0
0,1.0,0,11.002116507732017,37.2,326.4,134.0,473760765.2283287,476756388.9226695,0,0,0,0,0,0,1,0,0,0,0,0,0,0,0,0,0,0,0,0,0,0,0,0,0,0,1,0,0,0,0,0,0,0,0,0,0,1,0,1,0,0,0,1,0,0
0,0.0,0,10.404293143019792,18.6,215.0,43.0,642689948.0688866,333393473.5433494,0,0,0,0,0,0,1,0,0,0,0,0,0,0,0,0,0,0,0,0,0,0,0,0,0,1,0,0,0,0,0,0,0,0,0,0,0,1,0,1,0,0,0,1,0,0
0,4.0,0,10.308985993422082,82.0,420.0,349.0,497681034.3908397,545088077.9879135,0,0,0,0,0,0,1,0,0,0,0,0,0,0,0,0,0,0,0,0,0,0,0,0,0,0,0,0,0,1,0,0,0,0,0,0,0,1,0,0,0,1,0,0,0,1
0,2.0,0,8.824824939175638,59.6,381.0,201.0,489919125.9680146,454252899.04091203,0,0,0,0,0,0,1,0,0,0,0,0,0,0,0,0,0,0,0,0,0,0,0,0,0,0,0,1,0,0,0,0,0,0,0,0,0,1,0,0,0,1,0,0,0,1
0,4.0,0,11.002116507732017,82.0,420.0,349.0,743194265.8298131,540990860.2031913,0,0,0,0,0,0,1,0,0,0,0,0,0,0,0,0,0,0,0,0,0,0,0,0,0,0,0,0,0,1,0,0,0,0,0,0,0,1,0,1,0,0,0,1,0,0
0,0.0,1,0.0,37.2,326.4,134.0,474110006.00923973,355176482.32052934,0,0,0,0,0,0,1,0,0,0,0,0,0,0,0,0,0,0,0,0,0,0,0,0,0,0,1,0,0,0,0,0,0,0,0,0,0,1,0,0,0,1,0,1,0,0
0,2.0,0,9.952325334619427,59.6,381.0,201.0,489919123.35644436,454252894.910193,0,0,0,0,0,0,1,0,0,0,0,0,0,0,0,0,0,0,0,0,0,0,0,0,0,0,0,1,0,0,0,0,0,0,0,0,0,1,0,0,0,1,0,0,0,1
0,3.0,0,11.225256725762893,82.0,420.0,349.0,494338932.49083966,547916347.6310629,0,0,0,0,0,0,1,0,0,0,0,0,0,0,0,0,0,0,0,0,0,0,0,0,0,0,0,0,0,1,0,0,0,0,0,0,0,1,0,0,0,1,0,0,0,1
0,0.0,1,0.0,92.0,480.0,402.0,575783266.5129766,850119621.240257,0,0,0,0,0,0,1,0,0,0,0,0,0,0,0,0,0,0,0,0,0,0,0,0,0,0,0,0,0,0,1,0,0,0,0,1,0,0,0,0,1,0,0,1,0,0
0,2.0,0,8.853808274977197,18.6,215.0,43.0,644115068.8418335,400962022.4917326,0,0,0,0,0,0,1,0,0,0,0,0,0,0,0,0,0,0,0,0,0,0,0,0,0,1,0,0,0,0,0,0,0,0,0,0,0,1,0,0,1,0,0,1,0,0
0,3.0,1,10.896757843893464,82.0,420.0,349.0,485373832.1035639,548603001.4028231,0,0,0,0,0,0,1,0,0,0,0,0,0,0,0,0,0,0,0,0,0,0,0,0,0,0,0,0,0,1,0,0,0,0,1,0,0,0,0,0,0,0,1,1,0,0
0,0.0,1,0.0,75.3,450.0,201.0,483127900.5177731,580685379.7546747,0,0,0,0,0,0,1,0,0,0,0,0,0,0,0,0,0,0,0,0,0,0,0,0,0,0,0,0,1,0,0,0,0,0,0,0,1,0,0,0,0,1,0,1,0,0
0,1.0,1,9.105090961257085,59.6,381.0,201.0,549779641.7854674,439207605.78923535,0,0,0,0,0,0,1,0,0,0,0,0,0,0,0,0,0,0,0,0,0,0,0,0,0,0,0,1,0,0,0,0,0,0,0,1,0,0,0,0,1,0,0,1,0,0
0,3.0,0,8.987321812850125,37.2,326.4,134.0,473077468.0482853,431008780.7436303,0,0,0,0,0,0,1,0,0,0,0,0,0,0,0,0,0,0,0,0,0,0,0,0,0,0,1,0,0,0,0,0,0,0,0,0,0,1,0,1,0,0,0,1,0,0
0,0.0,0,9.90353755128617,60.1,450.0,204.0,368349831.85926074,477119725.15715903,0,0,0,0,0,0,1,0,0,0,0,0,0,0,1,0,0,0,0,0,0,0,0,0,0,0,0,0,0,0,0,0,0,0,0,0,0,1,0,0,0,1,0,1,0,0
0,3.0,0,10.308985993422082,37.2,326.4,134.0,341740673.2337124,437891897.6267472,0,0,0,0,0,0,1,0,0,0,0,0,0,0,0,0,0,0,0,0,0,0,0,0,0,0,1,0,0,0,0,0,0,0,1,0,0,0,0,0,0,0,1,1,0,0
0,1.0,0,9.90353755128617,18.6,215.0,43.0,302583430.48603755,394510826.0959524,0,0,0,0,0,0,1,0,0,0,0,0,0,0,0,0,0,0,0,0,0,0,0,0,0,1,0,0,0,0,0,0,0,0,0,1,0,0,0,0,0,1,0,1,0,0
0,3.0,1,10.571342565808699,82.0,420.0,349.0,736854083.1412208,548622343.762591,0,0,0,0,0,0,1,0,0,0,0,0,0,0,0,0,0,0,0,0,0,0,0,0,0,0,0,0,0,1,0,0,0,0,1,0,0,0,0,0,0,0,1,1,0,0
0,0.0,1,0.0,37.2,326.4,134.0,343238632.4173859,357415844.0226571,0,0,0,0,0,0,1,0,0,0,0,0,0,0,0,0,0,0,0,0,0,0,0,0,0,0,1,0,0,0,0,0,0,0,0,0,0,1,0,0,0,1,0,1,0,0
0,0.0,1,10.596659732783579,37.2,326.4,134.0,474140374.7727972,355250950.40563583,0,0,0,0,0,0,1,0,0,0,0,0,0,0,0,0,0,0,0,0,0,0,0,0,0,0,1,0,0,0,0,0,0,0,0,0,0,1,0,0,1,0,0,1,0,0
0,1.0,1,0.0,75.3,450.0,201.0,488178405.56827813,565225094.5660094,0,0,0,0,0,0,1,0,0,0,0,0,0,0,0,0,0,0,0,0,0,0,0,0,0,0,0,0,1,0,0,0,0,0,1,0,0,0,0,0,0,0,1,1,0,0
0,4.0,0,9.99884318585288,37.2,326.4,134.0,473500461.5406931,463541671.8912208,0,0,0,0,0,0,1,0,0,0,0,0,0,0,0,0,0,0,0,0,0,0,0,0,0,0,1,0,0,0,0,0,0,0,0,0,0,1,0,1,0,0,0,1,0,0
1,1.0,0,7.601402334583733,18.6,215.0,43.0,302966816.58507913,395068964.9285105,0,0,0,0,0,0,1,0,0,0,0,0,0,0,0,0,0,0,0,0,0,0,0,0,0,1,0,0,0,0,0,0,0,0,0,0,0,1,0,0,0,1,0,0,0,1
0,0.0,1,0.0,82.0,420.0,349.0,558295110.6035019,624026347.4055424,0,0,0,0,0,0,1,0,0,0,0,0,0,0,0,0,0,0,0,0,0,0,0,0,0,0,0,0,0,1,0,0,0,0,0,0,0,1,0,0,0,1,0,0,0,1
0,0.0,1,0.0,14.7,170.0,27.0,351692123.5567591,348119829.27921283,0,0,0,0,0,0,1,0,0,0,0,0,0,0,0,0,0,0,1,0,0,0,0,0,0,0,0,0,0,0,0,0,0,0,1,0,0,0,0,0,0,1,0,1,0,0
0,1.0,0,7.601402334583733,60.1,450.0,204.0,372291933.3855765,460530363.1045174,0,0,0,0,0,0,1,0,0,0,0,0,0,0,1,0,0,0,0,0,0,0,0,0,0,0,0,0,0,0,0,0,0,0,0,1,0,0,0,0,0,1,0,0,0,1
0,4.0,0,11.002116507732017,82.0,420.0,349.0,497681034.35926074,545088077.9462467,0,0,0,0,0,0,1,0,0,0,0,0,0,0,0,0,0,0,0,0,0,0,0,0,0,0,0,0,0,1,0,0,0,0,0,0,0,1,0,0,0,1,0,0,0,1
0,2.0,0,8.853808274977197,82.0,420.0,349.0,611966680.8564883,553812238.304572,0,0,0,0,0,0,1,0,0,0,0,0,0,0,0,0,0,0,0,0,0,0,0,0,0,0,0,0,0,1,0,0,0,0,0,0,0,1,0,1,0,0,0,1,0,0
0,3.0,0,10.915106645867503,82.0,420.0,349.0,742243345.5844144,547703581.673616,0,0,0,0,0,0,1,0,0,0,0,0,0,0,0,0,0,0,0,0,0,0,0,0,0,0,0,0,0,1,0,0,0,0,0,0,0,1,0,0,1,0,0,1,0,0
0,1.0,0,5.786897381366708,92.0,480.0,402.0,610577993.8706977,669775140.7201669,0,0,0,0,0,0,1,0,0,0,0,0,0,0,0,0,0,0,0,0,0,0,0,0,0,0,0,0,0,0,1,0,0,0,0,0,0,1,0,0,0,1,0,0,0,1
0,4.0,1,9.741027444837728,42.0,318.6,147.0,309858670.8665689,404164931.22763526,0,0,0,0,0,0,1,0,0,0,0,0,0,0,0,0,0,0,0,0,0,0,0,0,1,0,0,0,0,0,0,0,0,0,0,0,0,1,0,1,0,0,0,1,0,0
0,0.0,1,0.0,60.1,450.0,204.0,366777883.7506355,458472166.4382944,0,0,0,0,0,0,1,0,0,0,0,0,0,0,0,0,0,0,0,1,0,0,0,0,0,0,0,0,0,0,0,0,0,0,0,0,0,0,1,0,0,0,1,0,1,0
0,1.0,1,0.0,18.6,215.0,43.0,302966816.63779473,395068965.0052547,0,0,0,0,0,0,1,0,0,0,0,0,0,0,0,0,0,0,0,0,0,0,0,0,0,1,0,0,0,0,0,0,0,0,0,0,0,1,0,0,0,1,0,0,0,1
0,4.0,1,0.0,42.0,318.6,147.0,574989204.2019204,402254818.86808467,0,0,0,0,0,0,1,0,0,0,0,0,0,0,0,0,0,0,0,0,0,0,0,0,1,0,0,0,0,0,0,0,0,0,0,0,0,1,0,1,0,0,0,0,1,0
0,0.0,1,0.0,59.6,381.0,201.0,484666533.0259533,444811647.87531775,0,0,0,0,0,0,1,0,0,0,0,0,0,0,0,0,0,0,0,0,0,0,0,1,0,0,0,0,0,0,0,0,0,0,0,1,0,0,0,0,0,1,0,0,0,1
0,3.0,0,10.87806606028079,82.0,420.0,349.0,474485650.7414683,547819635.8322234,0,0,0,0,0,0,1,0,0,0,0,0,0,0,0,0,0,0,0,0,0,0,0,0,0,0,0,0,0,1,0,0,0,0,0,0,1,0,0,0,0,1,0,1,0,0
0,0.0,1,0.0,37.2,326.4,134.0,474061650.26086664,355057907.85244435,0,0,0,0,0,0,1,0,0,0,0,0,0,0,0,0,0,0,0,0,0,0,0,0,0,0,1,0,0,0,0,0,0,0,0,0,0,1,0,0,0,1,0,1,0,0
0,2.0,0,9.852246888342531,75.3,450.0,201.0,490552134.1036317,408707949.00355524,0,0,0,0,0,0,1,0,0,0,0,0,0,0,0,0,0,0,0,0,0,0,0,0,0,0,0,0,1,0,0,0,0,0,0,0,0,1,0,0,0,1,0,0,0,1
0,1.0,1,0.0,37.2,326.4,134.0,474509138.33028096,477880167.4242981,0,0,0,0,0,0,1,0,0,0,0,0,0,0,0,0,0,0,0,0,0,0,0,0,0,0,1,0,0,0,0,0,0,0,1,0,0,0,0,0,0,0,1,1,0,0
0,4.0,0,9.472781556562168,59.6,381.0,201.0,508055444.1882944,515777688.68396884,0,0,0,0,1,0,0,0,0,0,0,0,0,0,0,0,0,0,0,1,0,0,0,0,0,0,0,0,0,0,0,0,0,0,1,0,0,0,0,0,0,0,1,1,0,0
0,1.0,1,0.0,18.6,215.0,43.0,302966816.25600564,395068964.4494408,0,0,0,0,0,0,1,0,0,0,0,0,0,0,0,0,0,0,0,0,0,0,0,0,0,1,0,0,0,0,0,0,0,0,0,0,0,1,0,0,0,1,0,0,0,1
1,1.0,0,6.803505257608338,60.1,450.0,204.0,372291933.35926074,460530363.0702708,0,0,0,0,0,0,1,0,0,0,0,0,0,0,1,0,0,0,0,0,0,0,0,0,0,0,0,0,0,0,0,0,0,0,0,1,0,0,0,0,0,1,0,0,0,1
0,3.0,0,10.859018228147887,82.0,420.0,349.0,487157267.03986967,549144586.0933453,0,0,0,0,0,0,1,0,0,0,0,0,0,0,0,0,0,0,0,0,0,0,0,0,0,0,0,0,0,1,0,0,0,0,0,0,0,1,0,0,0,1,0,0,0,1
0,2.0,1,7.901377353792616,37.2,326.4,134.0,474118682.7988276,393500911.67620057,0,0,0,0,0,0,1,0,0,0,0,0,0,0,0,0,0,0,0,0,0,0,0,0,0,0,1,0,0,0,0,0,0,0,0,0,0,1,0,0,1,0,0,1,0,0
0,1.0,1,0.0,37.2,326.4,134.0,474064452.8639035,477212414.98130137,0,0,0,0,0,0,1,0,0,0,0,0,0,0,0,0,0,0,0,0,0,0,0,0,0,0,1,0,0,0,0,0,0,0,0,0,0,1,0,0,0,1,0,1,0,0
0,1.0,1,0.0,59.6,381.0,201.0,489919125.831651,442046587.7002523,0,0,0,0,0,0,1,0,0,0,0,0,0,0,0,0,0,0,0,0,0,0,0,0,0,0,0,1,0,0,0,0,0,0,0,0,0,1,0,0,0,1,0,0,0,1
0,1.0,0,8.366602832783736,37.2,326.4,134.0,474096990.82485795,477261274.9161548,0,0,0,0,0,0,1,0,0,0,0,0,0,0,0,0,0,0,0,0,0,0,0,0,0,0,1,0,0,0,0,0,0,0,0,0,1,0,0,0,0,1,0,0,0,1
0,0.0,1,0.0,59.6,381.0,201.0,514680566.18614185,512660868.1481606,0,0,0,0,0,0,1,0,0,0,0,0,0,1,0,0,0,0,0,0,0,0,0,0,0,0,0,0,0,0,0,0,0,0,0,0,1,0,0,0,0,1,0,1,0,0
0,3.0,0,11.082157933374816,82.0,420.0,349.0,477843490.74637026,549144586.2403473,0,0,0,0,0,0,1,0,0,0,0,0,0,0,0,0,0,0,0,0,0,0,0,0,0,0,0,0,0,1,0,0,0,0,0,0,0,1,0,0,0,1,0,0,0,1
0,4.0,0,10.491301994830229,82.0,420.0,349.0,492312616.701366,538004749.0920801,0,0,0,0,0,0,1,0,0,0,0,0,0,0,0,0,0,0,0,0,0,0,0,0,0,0,0,0,0,1,0,0,0,0,0,0,0,1,0,1,0,0,0,1,0,0
0,1.0,0,8.79497643168877,37.2,326.4,134.0,472264019.02442414,474508831.91941214,0,0,0,0,0,0,1,0,0,0,0,0,0,0,0,0,0,0,0,0,0,0,0,0,0,0,1,0,0,0,0,0,0,0,0,0,0,1,0,1,0,0,0,1,0,0
0,2.0,1,0.0,82.0,420.0,349.0,615291680.8564883,554519685.1130826,0,0,0,0,0,0,1,0,0,0,0,0,0,0,0,0,0,0,0,0,0,0,0,0,0,0,0,0,0,1,0,0,0,0,0,0,0,1,0,1,0,0,0,1,0,0
0,0.0,0,10.491301994830229,60.1,450.0,204.0,683252666.6170893,478126481.9139158,0,0,0,0,0,0,1,0,0,0,0,0,0,0,1,0,0,0,0,0,0,0,0,0,0,0,0,0,0,0,0,0,0,0,0,0,0,1,0,1,0,0,0,1,0,0
0,1.0,1,0.0,37.2,326.4,134.0,474418032.0396085,477743359.6067085,0,0,0,0,0,0,1,0,0,0,0,0,0,0,0,0,0,0,0,0,0,0,0,0,0,0,1,0,0,0,0,0,0,0,1,0,0,0,0,0,0,0,1,1,0,0
0,3.0,0,10.403959764222627,82.0,420.0,349.0,497681034.46978706,549144586.2693608,0,0,0,0,0,0,1,0,0,0,0,0,0,0,0,0,0,0,0,0,0,0,0,0,0,0,0,0,0,1,0,0,0,0,0,1,0,0,0,0,0,1,0,0,0,1
0,1.0,1,0.0,18.6,215.0,43.0,393051219.3276564,394499198.18897563,0,0,0,0,0,0,1,0,0,0,0,0,0,0,0,0,0,0,0,0,0,0,0,0,0,1,0,0,0,0,0,0,0,0,0,0,0,1,0,0,0,1,0,1,0,0
0,1.0,0,8.853808274977197,92.0,480.0,402.0,610577993.7391187,669775140.5919619,0,0,0,0,0,0,1,0,0,0,0,0,0,0,0,0,0,0,0,0,0,0,0,0,0,0,0,0,0,0,1,0,0,0,0,0,0,1,0,0,0,1,0,0,0,1
0,2.0,1,0.0,59.6,381.0,201.0,488824085.6209072,452520874.4396048,0,0,0,0,0,0,1,0,0,0,0,0,0,0,0,0,0,0,0,0,0,0,0,0,0,0,0,1,0,0,0,0,0,0,0,1,0,0,0,0,1,0,0,1,0,0
0,3.0,1,10.165890277802454,42.0,318.6,147.0,330803858.55150044,389983469.46297663,0,0,0,0,0,0,1,0,0,0,0,0,0,0,0,0,0,0,0,0,0,0,0,0,1,0,0,0,0,0,0,0,0,0,0,0,0,1,0,0,0,1,0,0,0,1
0,2.0,0,9.305741456739435,18.6,215.0,43.0,302966815.6937053,402493384.631954,0,0,0,0,0,0,1,0,0,0,0,0,0,0,0,0,0,0,0,0,0,0,0,0,0,1,0,0,0,0,0,0,0,0,0,0,0,1,0,0,0,1,0,0,0,1
0,2.0,1,0.0,18.6,215.0,43.0,643941155.7983553,400829181.16331935,0,0,0,0,0,0,1,0,0,0,0,0,0,0,0,0,0,0,0,0,0,0,0,0,0,1,0,0,0,0,0,0,0,0,0,0,0,1,0,0,1,0,0,1,0,0
0,0.0,1,0.0,60.1,450.0,204.0,464377455.2451907,477491346.77878064,0,0,0,0,0,0,1,0,0,0,0,0,0,0,1,0,0,0,0,0,0,0,0,0,0,0,0,0,0,0,0,0,0,0,0,0,0,1,0,0,0,1,0,1,0,0
0,1.0,0,9.90353755128617,59.6,381.0,201.0,489030697.19115514,441135571.89093024,0,0,0,0,0,0,1,0,0,0,0,0,0,0,0,0,0,0,0,0,0,0,0,0,0,0,0,1,0,0,0,0,0,0,1,0,0,0,0,0,0,0,1,1,0,0
0,0.0,1,0.0,92.0,480.0,402.0,599797303.4321012,842882779.1349939,0,0,0,0,0,0,1,0,0,0,0,0,0,0,0,0,0,0,0,0,0,0,0,0,0,0,0,0,0,0,1,0,0,0,0,0,1,0,0,0,0,1,0,1,0,0
1,2.0,1,8.630700432209832,18.6,215.0,43.0,302511545.502012,401441727.28878057,0,0,0,0,0,0,1,0,0,0,0,0,0,0,0,0,0,0,0,0,0,0,0,0,0,1,0,0,0,0,0,0,0,0,0,1,0,0,0,0,1,0,0,1,0,0
0,2.0,0,10.043292972227004,92.0,480.0,402.0,644713147.215338,477707099.4007173,0,0,0,0,0,0,1,0,0,0,0,0,0,0,0,0,0,0,0,0,0,0,0,0,0,0,0,0,0,0,1,0,0,0,0,0,0,1,0,1,0,0,0,1,0,0
0,0.0,1,0.0,59.6,381.0,201.0,753289421.8528086,555230207.0072093,0,0,0,0,0,0,1,0,0,0,0,0,0,0,0,0,0,1,0,0,0,0,0,0,0,0,0,0,0,0,0,0,0,0,0,1,0,0,0,0,0,1,0,1,0,0
0,1.0,0,10.308985993422082,59.6,381.0,201.0,753699678.263065,1129055444.1882944,0,0,0,0,0,0,1,0,0,0,0,0,0,0,0,0,0,1,0,0,0,0,0,0,0,0,0,0,0,0,0,0,0,0,0,0,0,1,0,0,1,0,0,1,0,0
0,1.0,0,9.305741456739435,60.1,450.0,204.0,368634042.3855765,455770093.99492836,0,0,0,0,0,0,1,0,0,0,0,0,0,0,1,0,0,0,0,0,0,0,0,0,0,0,0,0,0,0,0,0,0,0,0,1,0,0,0,0,0,1,0,1,0,0
0,1.0,1,0.0,59.6,381.0,201.0,489919124.05479145,442046585.87821835,0,0,0,0,0,0,1,0,0,0,0,0,0,0,0,0,0,0,0,0,0,0,0,0,0,0,0,1,0,0,0,0,0,0,0,0,0,1,0,0,0,1,0,0,0,1
0,1.0,1,0.0,60.1,450.0,204.0,672865569.8428957,452009820.0223256,0,0,0,0,0,0,1,0,0,0,0,0,0,0,1,0,0,0,0,0,0,0,0,0,0,0,0,0,0,0,0,0,0,0,0,0,0,1,0,1,0,0,0,1,0,0
0,2.0,1,8.006700845440367,18.6,215.0,43.0,643037774.1558431,400139144.2629503,0,0,0,0,0,0,1,0,0,0,0,0,0,0,0,0,0,0,0,0,0,0,0,0,0,1,0,0,0,0,0,0,0,0,0,0,0,1,0,0,1,0,0,1,0,0
0,0.0,1,0.0,37.2,326.4,134.0,426507207.5330232,355091375.9375507,0,0,0,0,0,0,1,0,0,0,0,0,0,0,0,0,0,0,0,0,0,0,0,0,0,0,1,0,0,0,0,0,0,0,0,0,0,1,0,0,0,1,0,1,0,0
0,0.0,0,8.45553053102413,59.6,381.0,201.0,524138132.35150504,477614093.5730406,0,0,0,0,0,0,1,0,0,0,0,0,0,0,0,0,0,0,0,0,0,0,0,0,0,0,0,1,0,0,0,0,0,0,0,0,0,0,1,0,0,0,1,0,1,0
0,1.0,0,9.472781556562168,60.1,450.0,204.0,368870884.49083966,456078313.1730105,0,0,0,0,0,0,1,0,0,0,0,0,0,0,1,0,0,0,0,0,0,0,0,0,0,0,0,0,0,0,0,0,0,0,0,1,0,0,0,0,0,1,0,1,0,0
0,1.0,1,9.287394001418473,37.2,326.4,134.0,474450570.00056297,477792219.54156196,0,0,0,0,0,0,1,0,0,0,0,0,0,0,0,0,0,0,0,0,0,0,0,0,0,0,1,0,0,0,0,0,0,0,1,0,0,0,0,0,0,0,1,1,0,0
0,3.0,0,10.596659732783579,82.0,420.0,349.0,477843490.7414683,549144586.238413,0,0,0,0,0,0,1,0,0,0,0,0,0,0,0,0,0,0,0,0,0,0,0,0,0,0,0,0,0,1,0,0,0,0,0,0,0,1,0,0,0,1,0,0,0,1
0,2.0,0,11.097425172408931,37.2,326.4,134.0,467066028.77997255,491111046.68396884,0,0,0,0,0,0,1,0,0,0,0,0,0,0,0,0,0,0,0,0,0,0,1,0,0,0,0,0,0,0,0,0,0,0,0,0,0,1,0,0,0,1,0,0,0,1
0,1.0,1,0.0,75.3,450.0,201.0,487824870.2147428,565010370.639629,0,0,0,0,0,0,1,0,0,0,0,0,0,0,0,0,0,0,0,0,0,0,0,0,0,0,0,0,1,0,0,0,0,0,1,0,0,0,0,0,0,0,1,1,0,0
0,0.0,1,0.0,82.0,420.0,349.0,477843490.2071546,624026349.6744499,0,0,0,0,0,0,1,0,0,0,0,0,0,0,0,0,0,0,0,0,0,0,0,0,0,0,0,0,0,1,0,0,0,0,0,1,0,0,0,0,0,1,0,0,0,1
0,1.0,0,9.546884034617925,60.1,450.0,204.0,372291934.0434712,460530363.96068174,0,0,0,0,0,0,1,0,0,0,0,0,0,0,1,0,0,0,0,0,0,0,0,0,0,0,0,0,0,0,0,0,0,0,0,0,0,1,0,0,0,1,0,0,0,1
0,2.0,1,10.12667110305036,37.2,326.4,134.0,473676166.52984715,392640152.1825297,0,0,0,0,0,0,1,0,0,0,0,0,0,0,0,0,0,0,0,0,0,0,0,0,0,0,1,0,0,0,0,0,0,0,0,0,0,1,0,0,1,0,0,1,0,0
1,2.0,1,9.392745258631441,37.2,326.4,134.0,341520265.0704471,393484034.0390698,0,0,0,0,0,0,1,0,0,0,0,0,0,0,0,0,0,0,0,0,0,0,0,0,0,0,1,0,0,0,0,0,0,0,0,0,0,1,0,0,1,0,0,1,0,0
0,1.0,0,8.294299608857235,18.6,215.0,43.0,302263941.6681462,394045709.8168826,0,0,0,0,0,0,1,0,0,0,0,0,0,0,0,0,0,0,0,0,0,0,0,0,0,1,0,0,0,0,0,0,0,0,1,0,0,0,0,0,1,0,0,1,0,0
0,2.0,1,0.0,59.6,381.0,201.0,549704170.0873541,449821528.0343761,0,0,0,0,0,0,1,0,0,0,0,0,0,0,0,0,0,0,0,0,0,0,0,0,0,0,0,1,0,0,0,0,0,0,0,0,0,1,0,0,1,0,0,1,0,0
0,1.0,0,8.006700845440367,18.6,215.0,43.0,302966816.1106382,395068964.2378128,0,0,0,0,0,0,1,0,0,0,0,0,0,0,0,0,0,0,0,0,0,0,0,0,0,1,0,0,0,0,0,0,0,0,0,0,0,1,0,0,0,1,0,0,0,1
0,1.0,0,10.950824090522445,37.2,326.4,134.0,474140374.7727972,477326421.49595934,0,0,0,0,0,0,1,0,0,0,0,0,0,0,0,0,0,0,0,0,0,0,0,0,0,0,1,0,0,0,0,0,0,0,0,0,0,1,0,0,0,1,0,1,0,0
0,3.0,0,9.61587214452889,82.0,420.0,349.0,745427394.664169,548707450.1455697,0,0,0,0,0,0,1,0,0,0,0,0,0,0,0,0,0,0,0,0,0,0,0,0,0,0,0,0,0,1,0,0,0,0,1,0,0,0,0,0,0,0,1,1,0,0
0,1.0,0,8.699681400989514,18.6,215.0,43.0,302966810.6793283,395068956.3308361,0,0,0,0,0,0,1,0,0,0,0,0,0,0,0,0,0,0,0,0,0,0,0,0,0,1,0,0,0,0,0,0,0,0,0,0,0,0,1,0,0,1,0,0,0,1
0,3.0,0,10.819798284210286,92.0,480.0,402.0,568395305.1003271,455800764.6201285,0,0,0,0,0,0,1,0,0,0,0,0,0,0,0,0,0,0,0,0,0,0,0,0,0,0,0,0,0,0,1,0,0,0,0,0,1,0,0,0,0,1,0,0,0,1
0,1.0,0,8.699681400989514,60.1,450.0,204.0,371944568.701366,460078313.1730105,0,0,0,0,0,0,1,0,0,0,0,0,0,0,1,0,0,0,0,0,0,0,0,0,0,0,0,0,0,0,0,0,0,0,0,0,1,0,0,0,0,1,0,0,0,1
0,1.0,0,0.0,18.6,215.0,43.0,301898126.97166055,393513151.6773477,0,0,0,0,0,0,1,0,0,0,0,0,0,0,0,0,0,0,0,0,0,0,0,0,0,1,0,0,0,0,0,0,0,0,0,0,0,1,0,0,1,0,0,1,0,0
0,3.0,0,9.680406499268875,92.0,480.0,402.0,573285408.6442833,461656020.17933905,0,0,0,0,0,0,1,0,0,0,0,0,0,0,0,0,0,0,0,0,0,0,0,0,0,0,0,0,0,0,1,0,0,0,0,0,0,1,0,0,0,1,0,0,0,1
0,1.0,0,3.258096538021482,37.2,326.4,134.0,469435385.6187842,470261274.9161548,0,0,0,0,0,0,1,0,0,0,0,0,0,0,0,0,0,0,0,0,0,0,0,0,0,0,1,0,0,0,0,0,0,0,0,0,0,1,0,1,0,0,0,0,1,0
0,3.0,0,10.736418414365376,59.6,381.0,201.0,415442679.0906816,476729153.1412208,0,0,0,0,0,0,1,0,0,0,0,0,0,0,0,0,0,0,0,0,0,0,0,0,0,0,0,0,0,0,0,1,0,0,0,0,0,1,0,0,1,0,0,1,0,0
0,3.0,0,7.53955882930103,92.0,480.0,402.0,610577993.7391187,461656019.19249696,0,0,0,0,0,0,1,0,0,0,0,0,0,0,0,0,0,0,0,0,0,0,0,0,0,0,0,0,0,0,1,0,0,0,0,0,0,1,0,0,0,1,0,0,0,1
0,1.0,1,0.0,82.0,420.0,349.0,477843490.1189193,667988744.4136405,0,0,0,0,0,0,1,0,0,0,0,0,0,0,0,0,0,0,0,0,0,0,0,0,0,0,0,0,0,1,0,0,0,0,0,0,0,1,0,0,0,1,0,0,0,1
0,3.0,0,10.014447362844386,59.6,381.0,201.0,484666533.0259533,484666533.0259533,0,0,0,0,0,0,0,0,1,0,0,0,0,0,0,0,0,0,0,1,0,0,0,0,0,0,0,0,0,0,0,0,0,0,0,0,0,1,0,0,0,1,0,0,0,1
0,2.0,0,8.517393171418904,59.6,381.0,201.0,488307556.69528735,451703880.9755525,0,0,0,0,0,0,1,0,0,0,0,0,0,0,0,0,0,0,0,0,0,0,0,0,0,0,0,1,0,0,0,0,0,0,1,0,0,0,0,0,1,0,0,1,0,0
0,0.0,0,9.90353755128617,18.6,215.0,43.0,644689948.0688866,335706322.70536053,0,0,0,0,0,0,1,0,0,0,0,0,0,0,0,0,0,0,0,0,0,0,0,0,0,1,0,0,0,0,0,0,0,0,0,0,1,0,0,0,0,1,0,0,0,1
0,1.0,0,10.757924157061597,37.2,326.4,134.0,474172912.73375165,477375281.4308128,0,0,0,0,0,0,1,0,0,0,0,0,0,0,0,0,0,0,0,0,0,0,0,0,0,0,1,0,0,0,0,0,0,0,0,0,1,0,0,0,0,1,0,0,0,1
1,1.0,0,11.695255355062795,37.2,326.4,134.0,426724699.7504145,477473001.3005196,0,0,0,0,0,0,1,0,0,0,0,0,0,0,0,0,0,0,0,0,0,0,0,0,0,0,1,0,0,0,0,0,0,0,0,0,1,0,0,0,0,1,0,0,0,1
0,0.0,0,9.741027444837728,18.6,215.0,43.0,484666533.0259533,337359949.3254723,0,0,0,0,0,0,1,0,0,0,0,0,0,0,0,0,0,0,0,0,0,0,0,0,0,1,0,0,0,0,0,0,0,0,0,0,0,1,0,0,0,1,0,0,0,1
0,0.0,1,0.0,60.1,450.0,204.0,372291933.5487344,482180531.380132,0,0,0,0,0,0,1,0,0,0,0,0,0,0,1,0,0,0,0,0,0,0,0,0,0,0,0,0,0,0,0,0,0,0,0,0,0,1,0,0,0,1,0,0,0,1
0,0.0,1,0.0,14.7,170.0,27.0,350911155.8148236,347188675.433059,0,0,0,0,0,0,1,0,0,0,0,0,0,0,0,0,0,0,1,0,0,0,0,0,0,0,0,0,0,0,0,0,0,0,0,0,0,1,0,0,0,1,0,0,1,0
1,1.0,1,0.0,18.6,215.0,43.0,302548286.71606946,394459663.3052547,0,0,0,0,0,0,1,0,0,0,0,0,0,0,0,0,0,0,0,0,0,0,0,0,0,1,0,0,0,0,0,0,0,0,0,0,1,0,0,0,0,1,0,1,0,0
1,2.0,0,10.12667110305036,82.0,420.0,349.0,484666533.0259533,556423940.4322315,0,0,0,0,0,0,1,0,0,0,0,0,0,0,0,0,0,0,0,0,0,0,0,0,0,0,0,0,0,1,0,0,0,0,0,0,0,1,0,0,0,1,0,1,0,0
0,0.0,1,0.0,59.6,381.0,201.0,539769497.0869051,553148398.676279,0,0,0,0,0,0,1,0,0,0,0,0,0,0,0,0,1,0,0,0,0,0,0,0,0,0,0,0,0,0,0,0,0,0,0,1,0,0,0,0,0,1,0,0,0,1
0,0.0,1,0.0,59.6,381.0,201.0,490000421.77997255,520625375.3287208,0,0,0,0,0,0,1,0,0,0,0,0,0,0,0,0,0,0,0,1,0,0,0,0,0,0,0,0,0,0,0,0,0,0,0,1,0,0,0,0,0,1,0,1,0,0
0,0.0,1,0.0,75.3,450.0,201.0,625590194.7407442,580382627.4610966,0,0,0,0,0,0,1,0,0,0,0,0,0,0,0,0,0,0,0,0,0,0,0,0,0,0,0,0,1,0,0,0,0,0,0,0,0,1,0,0,1,0,0,1,0,0
0,0.0,1,0.0,60.1,450.0,204.0,372291934.6750502,482180532.82607794,0,0,0,0,0,0,1,0,0,0,0,0,0,0,1,0,0,0,0,0,0,0,0,0,0,0,0,0,0,0,0,0,0,0,0,0,0,1,0,0,0,1,0,0,0,1
0,4.0,1,8.071218539969863,82.0,420.0,349.0,494312616.701366,540643637.980969,0,0,0,0,0,0,1,0,0,0,0,0,0,0,0,0,0,0,0,0,0,0,0,0,0,0,0,0,0,1,0,0,0,0,0,0,0,1,0,0,1,0,0,1,0,0
0,3.0,0,0.0,92.0,480.0,402.0,522777688.68396884,460175764.6201285,0,0,0,0,0,0,1,0,0,0,0,0,0,0,0,0,0,0,0,0,0,0,0,0,0,0,0,0,0,0,1,0,0,0,1,0,0,0,0,0,0,0,1,1,0,0
1,2.0,1,11.608244735642321,37.2,326.4,134.0,475073128.60793823,395357449.72683346,0,0,0,0,0,0,1,0,0,0,0,0,0,0,0,0,0,0,0,0,0,0,0,0,0,0,1,0,0,0,0,0,0,0,0,0,0,1,0,0,0,1,0,0,0,1
1,4.0,0,10.933124826700707,82.0,420.0,349.0,516358871.5584256,539949193.5365245,0,0,0,0,0,0,1,0,0,0,0,0,0,0,0,0,0,0,0,0,0,0,0,0,0,0,0,0,0,1,0,0,0,0,0,0,1,0,0,0,0,1,0,0,0,1
0,3.0,1,11.050905878263567,82.0,420.0,349.0,461546782.1703813,548759674.516943,0,0,0,0,0,0,1,0,0,0,0,0,0,0,0,0,0,0,0,0,0,0,0,0,0,0,0,0,0,1,0,0,0,0,1,0,0,0,0,0,0,0,1,0,1,0
0,1.0,0,3.044522437723423,92.0,480.0,402.0,610578002.9233292,669775149.5406798,0,0,0,0,0,0,1,0,0,0,0,0,0,0,0,0,0,0,0,0,0,0,0,0,0,0,0,0,0,0,1,0,0,0,0,0,0,1,0,0,0,1,0,0,0,1
0,3.0,0,10.819798284210286,82.0,420.0,349.0,497681034.62241864,549144586.3254536,0,0,0,0,0,0,1,0,0,0,0,0,0,0,0,0,0,0,0,0,0,0,0,0,0,0,0,0,0,1,0,0,0,0,0,0,0,1,0,0,0,1,0,0,0,1
0,1.0,1,1.791759469228055,18.6,215.0,43.0,638443571.2572924,391373616.7936268,0,0,0,0,0,0,1,0,0,0,0,0,0,0,0,0,0,0,0,0,0,0,0,0,0,1,0,0,0,0,0,0,0,0,0,0,0,1,0,1,0,0,0,0,1,0
1,2.0,0,9.305741456739435,18.6,215.0,43.0,302966816.3406702,402493386.12641895,0,0,0,0,0,0,1,0,0,0,0,0,0,0,0,0,0,0,0,0,0,0,0,0,0,1,0,0,0,0,0,0,0,0,0,0,0,1,0,0,0,1,0,0,0,1
0,1.0,1,2.3978952727983707,37.2,326.4,134.0,343332506.9071818,478727070.5187607,0,0,0,0,0,0,1,0,0,0,0,0,0,0,0,0,0,0,0,0,0,0,0,0,0,0,1,0,0,0,0,0,0,0,0,0,0,1,0,0,0,1,0,0,0,1
0,3.0,0,11.002116507732017,37.2,326.4,134.0,340801897.7235083,434904884.6397342,0,0,0,0,0,0,1,0,0,0,0,0,0,0,0,0,0,0,0,0,0,0,0,0,0,0,1,0,0,0,0,0,0,0,0,0,0,1,0,1,0,0,0,1,0,0
0,2.0,1,0.0,18.6,215.0,43.0,643999126.812848,400873461.60612375,0,0,0,0,0,0,1,0,0,0,0,0,0,0,0,0,0,0,0,0,0,0,0,0,0,1,0,0,0,0,0,0,0,0,0,0,0,1,0,0,1,0,0,1,0,0
0,1.0,0,9.90353755128617,37.2,326.4,134.0,343332509.05003893,478727072.22885835,0,0,0,0,0,0,1,0,0,0,0,0,0,0,0,0,0,0,0,0,0,0,0,0,0,0,1,0,0,0,0,0,0,0,0,0,0,1,0,0,0,1,0,0,0,1
0,1.0,0,9.305741456739435,59.6,381.0,201.0,550581528.5779202,439567775.28076077,0,0,0,0,0,0,1,0,0,0,0,0,0,0,0,0,0,0,0,0,0,0,0,0,0,0,0,1,0,0,0,0,0,0,0,0,0,1,0,0,0,1,0,0,1,0
0,3.0,0,11.034905792929415,82.0,420.0,349.0,493681037.75399756,547674568.1339643,0,0,0,0,0,0,1,0,0,0,0,0,0,0,0,0,0,0,0,0,0,0,0,0,0,0,0,0,0,1,0,0,0,0,0,0,0,1,0,0,0,1,0,1,0,0
0,0.0,1,0.0,37.2,326.0,136.0,550983266.5129766,313914629.0806976,0,0,0,0,0,0,1,0,0,0,0,0,1,0,0,0,0,0,0,0,0,0,0,0,0,0,0,0,0,0,0,0,0,0,0,0,0,1,0,0,1,0,0,1,0,0
0,3.0,0,10.819798284210286,82.0,420.0,349.0,482507590.0653474,547732595.2132679,0,0,0,0,0,0,1,0,0,0,0,0,0,0,0,0,0,0,0,0,0,0,0,0,0,0,0,0,0,1,0,0,0,0,0,0,0,1,0,1,0,0,0,1,0,0
0,0.0,1,0.0,18.6,215.0,43.0,484666533.0259533,447043952.1613952,0,0,0,0,0,0,1,0,0,0,0,0,0,0,0,0,0,0,0,1,0,0,0,0,0,0,0,0,0,0,0,0,0,0,0,0,0,1,0,0,0,1,0,0,0,1
0,1.0,1,0.0,59.6,381.0,201.0,374025828.00998205,442046586.31889635,0,0,0,0,0,0,1,0,0,0,0,0,0,0,0,0,0,0,0,0,0,0,0,0,0,0,0,1,0,0,0,0,0,0,0,0,0,1,0,0,0,1,0,0,0,1
0,2.0,0,9.99884318585288,18.6,215.0,43.0,302648925.6937053,401759070.4622123,0,0,0,0,0,0,1,0,0,0,0,0,0,0,0,0,0,0,0,0,0,0,0,0,0,1,0,0,0,0,0,0,0,0,0,0,0,1,0,0,0,1,0,1,0,0
0,2.0,0,10.203629181337648,82.0,420.0,349.0,487157266.5048378,560514361.7141464,0,0,0,0,0,0,1,0,0,0,0,0,0,0,0,0,0,0,0,0,0,0,0,0,0,0,0,0,0,1,0,0,0,0,0,0,0,1,0,0,0,1,0,0,0,1
0,1.0,0,1.791759469228055,18.6,215.0,43.0,644965310.3877273,394513151.6773477,0,0,0,0,0,0,1,0,0,0,0,0,0,0,0,0,0,0,0,0,0,0,0,0,0,1,0,0,0,0,0,0,0,0,1,0,0,0,0,0,0,0,1,1,0,0
0,3.0,0,10.596659732783579,82.0,420.0,349.0,458888777.5216277,547947295.4066916,0,0,0,0,0,0,1,0,0,0,0,0,0,0,0,0,0,0,0,0,0,0,0,0,0,0,0,0,0,1,0,0,0,0,0,0,0,1,0,1,0,0,0,1,0,0
0,3.0,1,0.0,82.0,420.0,349.0,737433529.6334941,546187140.6678134,0,0,0,0,0,0,1,0,0,0,0,0,0,0,0,0,0,0,0,0,0,0,0,0,0,0,0,0,0,1,0,0,0,0,0,0,0,1,0,1,0,0,0,1,0,0
0,2.0,0,9.798182590890704,59.6,381.0,201.0,761435794.6353487,484666533.0259533,0,0,1,0,0,0,0,0,0,0,0,0,0,0,0,0,0,0,0,1,0,0,0,0,0,0,0,0,0,0,0,0,0,0,1,0,0,0,0,0,0,0,1,1,0,0
0,4.0,0,10.373522431293592,59.6,381.0,201.0,484666533.0259533,484666533.0259533,0,0,0,0,1,0,0,0,0,0,0,0,0,0,0,0,0,0,0,1,0,0,0,0,0,0,0,0,0,0,0,0,0,0,0,0,0,1,0,0,0,1,0,0,0,1
0,3.0,1,8.294299608857235,59.6,381.0,201.0,800583266.5129766,850586613.2103812,0,0,0,1,0,0,0,0,0,0,0,1,0,0,0,0,0,0,0,0,0,0,0,0,0,0,0,0,0,0,0,0,0,0,0,0,0,1,0,0,1,0,0,1,0,0
1,1.0,0,8.343077871169383,18.6,215.0,43.0,302557871.3806063,394473616.7936268,0,0,0,0,0,0,1,0,0,0,0,0,0,0,0,0,0,0,0,0,0,0,0,0,0,1,0,0,0,0,0,0,0,0,0,0,1,0,0,0,0,1,0,1,0,0
0,2.0,0,8.517393171418904,37.2,326.4,134.0,327046795.682692,378522008.72261405,0,0,0,0,0,0,1,0,0,0,0,0,0,0,0,0,0,0,0,0,0,0,0,0,0,0,1,0,0,0,0,0,0,0,0,0,0,1,0,1,0,0,0,0,1,0
0,2.0,1,2.5649493574615367,82.0,420.0,349.0,437619056.3756809,560514362.5386145,0,0,0,0,0,0,1,0,0,0,0,0,0,0,0,0,0,0,0,0,0,0,0,0,0,0,0,0,0,1,0,0,0,0,0,1,0,0,0,0,0,1,0,0,0,1
1,1.0,1,8.45553053102413,18.6,215.0,43.0,644660962.5616401,394366640.04944074,0,0,0,0,0,0,1,0,0,0,0,0,0,0,0,0,0,0,0,0,0,0,0,0,0,1,0,0,0,0,0,0,0,0,1,0,0,0,0,0,0,0,1,1,0,0
0,2.0,1,7.601402334583733,92.0,480.0,402.0,573285411.3915359,485779380.66577756,0,0,0,0,0,0,1,0,0,0,0,0,0,0,0,0,0,0,0,0,0,0,0,0,0,0,0,0,0,0,1,0,0,0,0,0,0,1,0,0,0,1,0,0,0,1
0,2.0,0,11.264476926102367,37.2,326.4,134.0,475073128.308589,395357449.14455503,0,0,0,0,0,0,1,0,0,0,0,0,0,0,0,0,0,0,0,0,0,0,0,0,0,0,1,0,0,0,0,0,0,0,0,0,0,1,0,0,0,1,0,0,0,1
0,0.0,1,0.0,60.1,450.0,204.0,465737455.2451907,477950806.23824,0,0,0,0,0,0,1,0,0,0,0,0,0,0,1,0,0,0,0,0,0,0,0,0,0,0,0,0,0,0,0,0,0,0,0,1,0,0,0,0,0,1,0,1,0,0
0,2.0,0,11.652696102959753,37.2,326.4,134.0,466281983.48150253,393922852.6044706,0,0,0,0,0,0,1,0,0,0,0,0,0,0,0,0,0,0,0,0,0,0,0,0,0,0,1,0,0,0,0,0,0,0,0,0,0,1,0,0,0,1,0,0,1,0
0,0.0,1,0.0,75.3,450.0,201.0,626440194.7407442,581006480.6721058,0,0,0,0,0,0,1,0,0,0,0,0,0,0,0,0,0,0,0,0,0,0,0,0,0,0,0,0,1,0,0,0,0,0,0,0,0,1,0,0,0,1,0,1,0,0
0,3.0,1,10.518700218288165,82.0,420.0,349.0,746286471.3535901,547819635.8322234,0,0,0,0,0,0,1,0,0,0,0,0,0,0,0,0,0,0,0,0,0,0,0,0,0,0,0,0,0,1,0,0,0,0,0,1,0,0,0,0,1,0,0,1,0,0
0,2.0,0,10.275085591132715,18.6,215.0,43.0,302966815.7975392,402493384.8718064,0,0,0,0,0,0,1,0,0,0,0,0,0,0,0,0,0,0,0,0,0,0,0,0,0,1,0,0,0,0,0,0,0,0,0,0,0,1,0,0,0,1,0,0,0,1
0,3.0,0,10.819798284210286,82.0,420.0,349.0,742638033.8535901,546916347.6310629,0,0,0,0,0,0,1,0,0,0,0,0,0,0,0,0,0,0,0,0,0,0,0,0,0,0,0,0,0,1,0,0,0,0,0,0,0,1,0,1,0,0,0,1,0,0
0,1.0,1,0.0,59.6,381.0,201.0,484666533.0259533,484666533.0259533,0,0,0,0,1,0,0,0,0,0,0,0,0,0,0,0,0,0,0,1,0,0,0,0,0,0,0,0,0,0,0,0,0,0,0,0,0,1,0,1,0,0,0,1,0,0
0,3.0,0,11.385103457032141,82.0,420.0,349.0,469506756.77038133,549144586.2480842,0,0,0,0,0,0,1,0,0,0,0,0,0,0,0,0,0,0,0,0,0,0,0,0,0,0,0,0,0,1,0,0,0,0,0,0,0,1,0,0,0,1,0,0,0,1
0,3.0,1,10.085850775128717,37.2,326.4,134.0,474142543.97019416,437385404.1202537,0,0,0,0,0,0,1,0,0,0,0,0,0,0,0,0,0,0,0,0,0,0,0,0,0,0,1,0,0,0,0,0,0,0,0,0,0,1,0,0,1,0,0,1,0,0
0,0.0,1,0.0,60.1,450.0,204.0,370007726.59610283,479248103.5355374,0,0,0,0,0,0,1,0,0,0,0,0,0,0,1,0,0,0,0,0,0,0,0,0,0,0,0,0,0,0,0,0,0,0,0,0,0,1,0,0,1,0,0,1,0,0
1,2.0,0,10.34177474101152,59.6,381.0,201.0,487526564.9597502,450468586.8579054,0,0,0,0,0,0,1,0,0,0,0,0,0,0,0,0,0,0,0,0,0,0,0,0,0,0,0,1,0,0,0,0,0,0,0,0,0,1,0,0,0,1,0,0,0,1
0,1.0,1,0.0,18.6,215.0,43.0,387783454.71297663,393231756.3285105,0,0,0,0,0,0,1,0,0,0,0,0,0,0,0,0,0,0,0,0,0,0,0,0,0,1,0,0,0,0,0,0,0,0,0,0,0,1,0,0,1,0,0,1,0,0
0,3.0,1,10.596659732783579,92.0,480.0,402.0,533824658.69787014,451596817.2517075,0,0,0,0,0,0,1,0,0,0,0,0,0,0,0,0,0,0,0,0,0,0,0,0,0,0,0,0,0,0,1,0,0,0,0,0,0,1,0,1,0,0,0,1,0,0
0,3.0,0,10.463131911491967,82.0,420.0,349.0,391897435.40457946,549144586.1281615,0,0,0,0,0,0,1,0,0,0,0,0,0,0,0,0,0,0,0,0,0,0,0,0,0,0,0,0,0,1,0,0,0,0,0,0,0,1,0,0,0,1,0,0,0,1
0,3.0,0,10.799595985047786,82.0,420.0,349.0,494181037.75399756,547858320.5517592,0,0,0,0,0,0,1,0,0,0,0,0,0,0,0,0,0,0,0,0,0,0,0,0,0,0,0,0,0,1,0,0,0,0,0,0,0,1,0,0,0,1,0,0,0,1
0,0.0,0,9.798182590890704,75.3,450.0,201.0,627002694.7407442,581419324.708803,0,0,0,0,0,0,1,0,0,0,0,0,0,0,0,0,0,0,0,0,0,0,0,0,0,0,0,0,1,0,0,0,0,0,0,0,0,1,0,0,0,1,0,1,0,0
0,3.0,0,10.668978650219241,82.0,420.0,349.0,583486201.8858138,549144586.1417012,0,0,0,0,0,0,1,0,0,0,0,0,0,0,0,0,0,0,0,0,0,0,0,0,0,0,0,0,0,1,0,0,0,0,0,0,0,1,0,0,0,1,0,0,0,1
0,0.0,1,0.0,37.2,326.4,134.0,473457077.5927538,353575418.4907422,0,0,0,0,0,0,1,0,0,0,0,0,0,0,0,0,0,0,0,0,0,0,0,0,0,0,1,0,0,0,0,0,0,0,0,1,0,0,0,0,1,0,0,1,0,0
0,0.0,1,0.0,18.6,215.0,43.0,414128122.3276564,337359942.822679,0,0,0,0,0,0,1,0,0,0,0,0,0,0,0,0,0,0,0,0,0,0,0,0,0,1,0,0,0,0,0,0,0,0,0,1,0,0,0,0,0,1,0,0,0,1
0,2.0,0,9.305741456739435,75.3,450.0,201.0,507045227.27092165,405146317.1542402,0,0,0,0,0,0,1,0,0,0,0,0,0,0,0,0,0,0,0,0,0,0,0,0,0,0,0,0,1,0,0,0,0,0,1,0,0,0,0,0,0,0,1,1,0,0
0,2.0,0,0.0,18.6,215.0,43.0,301289500.7735775,398618849.0599983,0,0,0,0,0,0,1,0,0,0,0,0,0,0,0,0,0,0,0,0,0,0,0,0,0,1,0,0,0,0,0,0,0,0,0,0,0,1,0,1,0,0,0,1,0,0
0,0.0,1,0.0,75.3,450.0,201.0,509452629.1875883,587428493.5803626,0,0,0,0,0,0,1,0,0,0,0,0,0,0,0,0,0,0,0,0,0,0,0,0,0,0,0,0,1,0,0,0,0,0,0,0,0,1,0,0,0,1,0,0,0,1
0,3.0,1,0.0,82.0,420.0,349.0,747013033.8535901,547999519.7780648,0,0,0,0,0,0,1,0,0,0,0,0,0,0,0,0,0,0,0,0,0,0,0,0,0,0,0,0,0,1,0,0,0,0,0,0,0,1,0,0,1,0,0,1,0,0
0,0.0,1,0.0,59.6,381.0,201.0,402650279.7031912,498657570.1631027,0,0,0,0,0,0,1,0,0,0,0,0,0,0,0,0,0,0,0,0,0,0,0,0,0,0,0,1,0,0,0,0,0,0,1,0,0,0,0,0,0,1,0,0,0,1
0,2.0,1,9.61587214452889,59.6,381.0,201.0,488819953.3895022,452514338.4918924,0,0,0,0,0,0,1,0,0,0,0,0,0,0,0,0,0,0,0,0,0,0,0,0,0,0,0,1,0,0,0,0,0,0,1,0,0,0,0,0,0,0,1,1,0,0
0,2.0,1,0.0,82.0,420.0,349.0,583358871.5584257,558035642.5598911,0,0,0,0,0,0,1,0,0,0,0,0,0,0,0,0,0,0,0,0,0,0,0,0,0,0,0,0,0,1,0,0,0,0,0,0,0,1,0,0,1,0,0,1,0,0
1,0.0,1,0.0,59.6,381.0,201.0,398150281.5712468,494632727.1134133,0,0,0,0,0,0,1,0,0,0,0,0,0,0,0,0,0,0,0,0,0,0,0,0,0,0,0,1,0,0,0,0,0,0,0,0,0,0,1,0,0,1,0,0,1,0
0,0.0,1,0.0,92.0,480.0,402.0,610577997.8531538,859053820.7665728,0,0,0,0,0,0,1,0,0,0,0,0,0,0,0,0,0,0,0,0,0,0,0,0,0,0,0,0,0,0,1,0,0,0,0,0,0,1,0,0,0,1,0,0,0,1
0,0.0,0,0.0,17.0,150.0,41.0,475358871.5584256,322334332.5076333,0,0,0,0,0,0,1,0,0,0,1,0,0,0,0,0,0,0,0,0,0,0,0,0,0,0,0,0,0,0,0,0,0,0,1,0,0,0,0,0,0,0,1,1,0,0
0,1.0,0,10.404293143019792,18.6,215.0,43.0,302311864.9908299,394115477.25874305,0,0,0,0,0,0,1,0,0,0,0,0,0,0,0,0,0,0,0,0,0,0,0,0,0,1,0,0,0,0,0,0,0,0,0,0,0,1,0,0,1,0,0,1,0,0
0,0.0,1,0.0,82.0,420.0,349.0,497681032.52768177,624026347.6240298,0,0,0,0,0,0,1,0,0,0,0,0,0,0,0,0,0,0,0,0,0,0,0,0,0,0,0,0,0,1,0,0,0,0,0,0,0,1,0,0,0,1,0,0,0,1
0,0.0,1,0.0,17.0,150.0,41.0,305211990.5194752,322569626.6252804,0,0,0,0,0,0,1,0,0,0,1,0,0,0,0,0,0,0,0,0,0,0,0,0,0,0,0,0,0,0,0,0,0,0,0,1,0,0,0,0,0,1,0,1,0,0
0,2.0,0,9.852246888342531,82.0,420.0,349.0,484666533.0259533,555525004.2620189,0,0,0,0,0,0,1,0,0,0,0,0,0,0,0,0,0,0,0,0,0,0,0,0,0,0,0,0,0,1,0,0,0,0,0,0,0,1,0,0,0,1,0,1,0,0
0,1.0,1,0.0,18.6,215.0,43.0,302538702.0515328,394445709.8168826,0,0,0,0,0,0,1,0,0,0,0,0,0,0,0,0,0,0,0,0,0,0,0,0,0,1,0,0,0,0,0,0,0,0,0,0,1,0,0,0,0,1,0,1,0,0
0,2.0,1,0.0,59.6,381.0,201.0,1411974256.1738102,1061722110.854961,0,0,0,1,0,0,0,0,0,0,0,0,0,0,0,0,0,0,0,1,0,0,0,0,0,0,0,0,0,0,0,0,0,0,0,0,0,1,0,0,1,0,0,1,0,0
0,1.0,0,12.25486757159303,75.3,450.0,201.0,499832264.30795866,560292579.2285861,0,0,0,0,0,0,1,0,0,0,0,0,0,0,0,0,0,0,0,0,0,0,0,0,0,0,0,0,1,0,0,0,0,0,0,0,0,1,0,1,0,0,0,1,0,0
0,2.0,0,3.295836866004329,82.0,420.0,349.0,437619061.6613952,560514362.9322315,0,0,0,0,0,0,1,0,0,0,0,0,0,0,0,0,0,0,0,0,0,0,0,0,0,0,0,0,0,1,0,0,0,0,0,0,0,1,0,0,0,1,0,0,0,1
1,2.0,0,8.987321812850125,18.6,215.0,43.0,301813462.43491936,399829181.16331935,0,0,0,0,0,0,1,0,0,0,0,0,0,0,0,0,0,0,0,0,0,0,0,0,0,1,0,0,0,0,0,0,0,0,0,0,0,1,0,0,1,0,0,1,0,0
0,0.0,1,0.0,59.6,381.0,201.0,550506056.879807,494974342.02024555,0,0,0,0,0,0,1,0,0,0,0,0,0,0,0,0,0,0,0,0,0,0,0,0,0,0,0,1,0,0,0,0,0,0,0,0,0,1,0,0,1,0,0,1,0,0
1,2.0,0,8.699681400989514,18.6,215.0,43.0,302489181.28475964,401390066.77217543,0,0,0,0,0,0,1,0,0,0,0,0,0,0,0,0,0,0,0,0,0,0,0,0,0,1,0,0,0,0,0,0,0,0,0,0,0,1,0,0,0,1,0,1,0,0
0,0.0,1,0.0,37.2,326.4,134.0,343332507.5235083,357538181.2620188,0,0,0,0,0,0,1,0,0,0,0,0,0,0,0,0,0,0,0,0,0,0,0,0,0,0,1,0,0,0,0,0,0,0,0,0,0,1,0,0,0,1,0,0,0,1
0,4.0,1,0.0,82.0,420.0,349.0,742660523.4985248,540386693.5365245,0,0,0,0,0,0,1,0,0,0,0,0,0,0,0,0,0,0,0,0,0,0,0,0,0,0,0,0,0,1,0,0,0,0,0,1,0,0,0,0,1,0,0,1,0,0
0,2.0,0,9.61587214452889,92.0,480.0,402.0,416377923.3506355,485779374.0995125,0,0,0,0,0,0,1,0,0,0,0,0,0,0,0,0,0,0,0,0,0,0,0,0,0,0,0,0,0,0,1,0,0,0,0,0,0,1,0,0,0,1,0,0,0,1
0,1.0,0,7.496652438168283,18.6,215.0,43.0,645081252.4167128,394568965.63083607,0,0,0,0,0,0,1,0,0,0,0,0,0,0,0,0,0,0,0,0,0,0,0,0,0,1,0,0,0,0,0,0,0,0,1,0,0,0,0,0,0,0,1,1,0,0
0,2.0,1,8.006700845440367,18.6,215.0,43.0,302966816.6761334,402493386.9013267,0,0,0,0,0,0,1,0,0,0,0,0,0,0,0,0,0,0,0,0,0,0,0,0,0,1,0,0,0,0,0,0,0,0,0,1,0,0,0,0,0,1,0,0,0,1
1,3.0,1,10.308985993422082,82.0,420.0,349.0,484469373.5048378,548328339.894119,0,0,0,0,0,0,1,0,0,0,0,0,0,0,0,0,0,0,0,0,0,0,0,0,0,0,0,0,0,1,0,0,0,0,0,0,0,1,0,0,1,0,0,1,0,0
0,2.0,1,0.0,18.6,215.0,43.0,642453233.0930412,399692649.7980057,0,0,0,0,0,0,1,0,0,0,0,0,0,0,0,0,0,0,0,0,0,0,0,0,0,1,0,0,0,0,0,0,0,0,0,0,0,1,0,0,1,0,0,1,0,0
0,3.0,0,8.517393171418904,82.0,420.0,349.0,477388841.1882944,547558513.9753569,0,0,0,0,0,0,1,0,0,0,0,0,0,0,0,0,0,0,0,0,0,0,0,0,0,0,0,0,0,1,0,0,0,0,0,0,1,0,0,0,0,1,0,1,0,0
0,2.0,0,10.950824090522445,37.2,326.4,134.0,341740673.2337124,393711882.1403356,0,0,0,0,0,0,1,0,0,0,0,0,0,0,0,0,0,0,0,0,0,0,0,0,0,0,1,0,0,0,0,0,0,0,0,0,1,0,0,0,0,1,0,0,0,1
0,3.0,0,10.596659732783579,82.0,420.0,349.0,493575774.59610283,547635883.4144285,0,0,0,0,0,0,1,0,0,0,0,0,0,0,0,0,0,0,0,0,0,0,0,0,0,0,0,0,0,1,0,0,0,0,0,0,0,1,0,0,0,1,0,1,0,0
0,1.0,1,0.0,60.1,450.0,204.0,665526860.1654764,448893381.66616124,0,0,0,0,0,0,1,0,0,0,0,0,0,0,1,0,0,0,0,0,0,0,0,0,0,0,0,0,0,0,0,0,0,0,0,0,0,0,1,0,0,0,1,0,1,0
0,1.0,0,8.699681400989514,60.1,450.0,204.0,372291933.54347116,460530363.30999684,0,0,0,0,0,0,1,0,0,0,0,0,0,0,1,0,0,0,0,0,0,0,0,0,0,0,0,0,0,0,0,0,0,0,0,1,0,0,0,0,0,1,0,0,0,1
0,0.0,1,0.0,82.0,420.0,349.0,497681032.5803133,624026347.7080634,0,0,0,0,0,0,1,0,0,0,0,0,0,0,0,0,0,0,0,0,0,0,0,0,0,0,0,0,0,1,0,0,0,0,0,0,0,1,0,0,0,1,0,0,0,1
1,2.0,1,8.517393171418904,18.6,215.0,43.0,302966816.0387532,402493385.429002,0,0,0,0,0,0,1,0,0,0,0,0,0,0,0,0,0,0,0,0,0,0,0,0,0,1,0,0,0,0,0,0,0,0,0,1,0,0,0,0,0,1,0,0,0,1
0,0.0,1,0.0,17.0,150.0,41.0,442666563.8661179,309834332.5076333,0,0,0,0,0,0,1,0,0,0,1,0,0,0,0,0,0,0,0,0,0,0,0,0,0,0,0,0,0,0,0,0,0,0,0,1,0,0,0,0,1,0,0,1,0,0
0,1.0,1,0.0,59.6,381.0,201.0,489072019.5052047,441177944.7722862,0,0,0,0,0,0,1,0,0,0,0,0,0,0,0,0,0,0,0,0,0,0,0,0,0,0,0,1,0,0,0,0,0,0,1,0,0,0,0,0,0,0,1,0,1,0
0,2.0,0,9.90353755128617,82.0,420.0,349.0,484666533.0259533,557056919.155636,0,0,0,0,0,0,1,0,0,0,0,0,0,0,0,0,0,0,0,0,0,0,0,0,0,0,0,0,0,1,0,0,0,0,0,0,0,1,0,0,0,1,0,1,0,0
0,0.0,1,0.0,59.6,381.0,201.0,753665319.288706,555637429.2294314,0,0,0,0,0,0,1,0,0,0,0,0,0,0,0,0,0,1,0,0,0,0,0,0,0,0,0,0,0,0,0,0,0,0,0,1,0,0,0,0,0,1,0,1,0,0
0,1.0,1,0.0,82.0,420.0,349.0,484513959.492099,664110246.9089676,0,0,0,0,0,0,1,0,0,0,0,0,0,0,0,0,0,0,0,0,0,0,0,0,0,0,0,0,0,1,0,0,0,0,0,0,0,1,0,0,1,0,0,1,0,0
0,1.0,0,10.691967639914864,60.1,450.0,204.0,478257446.94519067,460530365.1250653,0,0,0,0,0,0,1,0,0,0,0,0,0,0,1,0,0,0,0,0,0,0,0,0,0,0,0,0,0,0,0,0,0,0,0,0,0,1,0,0,0,1,0,0,0,1
0,3.0,0,10.545367754151743,82.0,420.0,349.0,507344182.87933975,549144586.3892834,0,0,0,0,0,0,1,0,0,0,0,0,0,0,0,0,0,0,0,0,0,0,0,0,0,0,0,0,0,1,0,0,0,0,0,0,0,1,0,0,0,1,0,0,0,1
0,1.0,1,9.99884318585288,18.6,215.0,43.0,302966815.9828427,395068964.05176634,0,0,0,0,0,0,1,0,0,0,0,0,0,0,0,0,0,0,0,0,0,0,0,0,0,1,0,0,0,0,0,0,0,0,0,1,0,0,0,0,0,1,0,0,0,1
1,2.0,0,7.244941546337007,37.2,326.4,134.0,443463785.4460667,395357447.4188166,0,0,0,0,0,0,1,0,0,0,0,0,0,0,0,0,0,0,0,0,0,0,0,0,0,0,1,0,0,0,0,0,0,0,0,0,0,1,0,0,0,1,0,0,0,1
0,0.0,1,0.0,59.6,381.0,201.0,484666533.0259533,484666533.0259533,0,0,0,0,0,0,1,0,0,0,0,0,0,0,0,0,0,0,0,1,0,0,0,0,0,0,0,0,0,0,0,0,0,0,0,0,1,0,0,0,0,1,0,1,0,0
0,3.0,0,0.0,60.1,450.0,204.0,368634042.3855765,382140460.3294491,0,0,0,0,0,0,1,0,0,0,0,0,0,0,1,0,0,0,0,0,0,0,0,0,0,0,0,0,0,0,0,0,0,0,0,0,0,1,0,1,0,0,0,1,0,0
0,1.0,1,0.0,60.1,450.0,204.0,681639763.3912828,455735847.4195859,0,0,0,0,0,0,1,0,0,0,0,0,0,0,1,0,0,0,0,0,0,0,0,0,0,0,0,0,0,0,0,0,0,0,0,0,0,1,0,0,1,0,0,1,0,0
0,0.0,1,0.0,37.2,326.4,134.0,475073128.1372224,357538180.7301039,0,0,0,0,0,0,1,0,0,0,0,0,0,0,0,0,0,0,0,0,0,0,0,0,0,0,1,0,0,0,0,0,0,0,0,1,0,0,0,0,0,1,0,0,0,1
0,1.0,0,10.275085591132715,59.6,381.0,201.0,550534358.7665994,439546588.84008276,0,0,0,0,0,0,1,0,0,0,0,0,0,0,0,0,0,0,0,0,0,0,0,0,0,0,0,1,0,0,0,0,0,0,0,0,0,1,0,0,0,1,0,1,0,0
0,2.0,0,0.0,37.2,326.4,134.0,475073128.35197294,395357449.22894317,0,0,0,0,0,0,1,0,0,0,0,0,0,0,0,0,0,0,0,0,0,0,0,0,0,0,1,0,0,0,0,0,0,0,0,0,0,1,0,0,0,1,0,0,0,1
0,1.0,0,9.90353755128617,37.2,326.0,136.0,469358871.5584256,567488129.3306977,0,0,0,0,0,0,1,0,0,0,0,0,1,0,0,0,0,0,0,0,0,0,0,0,0,0,0,0,0,0,0,0,0,0,0,0,1,0,0,0,0,1,0,1,0,0
0,1.0,1,0.0,37.2,326.4,134.0,473619767.3975261,476544662.5383046,0,0,0,0,0,0,1,0,0,0,0,0,0,0,0,0,0,0,0,0,0,0,0,0,0,0,1,0,0,0,0,0,0,0,0,1,0,0,0,0,1,0,0,1,0,0
0,0.0,1,0.0,75.3,450.0,201.0,490552138.1945408,587428494.7088029,0,0,0,0,0,0,1,0,0,0,0,0,0,0,0,0,0,0,0,0,0,0,0,0,0,0,0,0,1,0,0,0,0,0,0,0,0,1,0,0,0,1,0,0,0,1
0,2.0,1,10.308985993422082,82.0,420.0,349.0,507344174.2341785,560514361.5492529,0,0,0,0,0,0,1,0,0,0,0,0,0,0,0,0,0,0,0,0,0,0,0,0,0,0,0,0,0,1,0,0,0,0,0,0,0,1,0,0,0,1,0,0,0,1
0,1.0,1,0.0,75.3,450.0,201.0,502674856.90055126,562176014.8114082,0,0,0,0,0,0,1,0,0,0,0,0,0,0,0,0,0,0,0,0,0,0,0,0,0,0,0,0,1,0,0,0,0,0,0,0,1,0,0,0,0,1,0,1,0,0
0,3.0,0,3.044522437723423,82.0,420.0,349.0,634491680.8564883,548450196.7606567,0,0,0,0,0,0,1,0,0,0,0,0,0,0,0,0,0,0,0,0,0,0,0,0,0,0,0,0,0,1,0,0,0,0,0,0,0,1,0,0,1,0,0,1,0,0
0,3.0,1,10.275085591132715,82.0,420.0,349.0,485488481.7850926,548637817.6504053,0,0,0,0,0,0,1,0,0,0,0,0,0,0,0,0,0,0,0,0,0,0,0,0,0,0,0,0,0,1,0,0,0,0,1,0,0,0,0,0,0,0,1,1,0,0
0,0.0,1,0.0,37.2,326.4,134.0,474051437.67952174,355032865.29925287,0,0,0,0,0,0,1,0,0,0,0,0,0,0,0,0,0,0,0,0,0,0,0,0,0,0,1,0,0,0,0,0,0,0,0,0,0,0,1,0,0,1,0,0,1,0
0,1.0,1,8.853808274977197,18.6,215.0,43.0,301870970.4221399,393473616.7936268,0,0,0,0,0,0,1,0,0,0,0,0,0,0,0,0,0,0,0,0,0,0,0,0,0,1,0,0,0,0,0,0,0,0,0,0,0,1,0,0,1,0,0,1,0,0
0,0.0,1,0.0,59.6,381.0,201.0,753956088.5194752,555952429.2294315,0,0,0,0,0,0,1,0,0,0,0,0,0,0,0,0,0,1,0,0,0,0,0,0,0,0,0,0,0,0,0,0,0,0,0,0,0,1,0,0,0,1,0,1,0,0
0,4.0,1,8.987321812850125,42.0,318.6,147.0,324365520.18163747,416063807.6321296,0,0,0,0,0,0,1,0,0,0,0,0,0,0,0,0,0,0,0,0,0,0,0,0,1,0,0,0,0,0,0,0,0,0,0,0,0,1,0,0,1,0,0,1,0,0
0,0.0,1,0.0,75.3,450.0,201.0,483269314.65918726,580813820.121647,0,0,0,0,0,0,1,0,0,0,0,0,0,0,0,0,0,0,0,0,0,0,0,0,0,0,0,0,1,0,0,0,0,0,0,0,0,1,0,0,0,1,0,1,0,0
0,0.0,1,0.0,37.2,326.4,134.0,484666533.0259533,479388777.5216277,0,0,0,0,0,0,1,0,0,0,0,0,0,0,0,0,0,0,0,0,0,0,1,0,0,0,0,0,0,0,0,0,0,0,0,0,0,1,0,0,0,1,0,0,0,1
0,3.0,1,10.859018228147887,82.0,420.0,349.0,745218805.7071137,548641686.1223588,0,0,0,0,0,0,1,0,0,0,0,0,0,0,0,0,0,0,0,0,0,0,0,0,0,0,0,0,0,1,0,0,0,0,1,0,0,0,0,0,0,0,1,1,0,0
0,3.0,1,11.112462823634855,82.0,420.0,349.0,745395846.3535901,547599132.9308695,0,0,0,0,0,0,1,0,0,0,0,0,0,0,0,0,0,0,0,0,0,0,0,0,0,0,0,0,0,1,0,0,0,0,0,0,0,1,0,0,1,0,0,1,0,0
0,0.0,1,0.0,75.3,450.0,201.0,625065194.7407442,579997306.3601792,0,0,0,0,0,0,1,0,0,0,0,0,0,0,0,0,0,0,0,0,0,0,0,0,0,0,0,0,1,0,0,0,0,0,0,0,0,1,0,1,0,0,0,1,0,0
0,1.0,1,0.0,82.0,420.0,349.0,476299376.2316644,665044826.34822,0,0,0,0,0,0,1,0,0,0,0,0,0,0,0,0,0,0,0,0,0,0,0,0,0,0,0,0,0,1,0,0,0,0,1,0,0,0,0,0,0,0,1,1,0,0
0,3.0,0,10.308985993422082,82.0,420.0,349.0,487157266.6895512,549144585.9869623,0,0,0,0,0,0,1,0,0,0,0,0,0,0,0,0,0,0,0,0,0,0,0,0,0,0,0,0,0,1,0,0,0,0,0,0,0,1,0,0,0,1,0,0,0,1
1,2.0,0,9.472781556562168,18.6,215.0,43.0,302966816.69210786,402493386.93822706,0,0,0,0,0,0,1,0,0,0,0,0,0,0,0,0,0,0,0,0,0,0,0,0,0,1,0,0,0,0,0,0,0,0,0,0,0,1,0,0,0,1,0,0,0,1
0,2.0,0,9.852246888342531,59.6,381.0,201.0,488183589.7531386,451507802.54417986,0,0,0,0,0,0,1,0,0,0,0,0,0,0,0,0,0,0,0,0,0,0,0,0,0,0,0,1,0,0,0,0,0,0,0,0,0,1,0,0,1,0,0,1,0,0
0,3.0,0,11.002116507732017,82.0,420.0,349.0,477843490.7659781,549144586.2480842,0,0,0,0,0,0,1,0,0,0,0,0,0,0,0,0,0,0,0,0,0,0,0,0,0,0,0,0,0,1,0,0,0,0,0,0,0,1,0,0,0,1,0,0,0,1
0,2.0,0,7.550135342488429,18.6,215.0,43.0,302599404.92693216,401644679.3183009,0,0,0,0,0,0,1,0,0,0,0,0,0,0,0,0,0,0,0,0,0,0,0,0,0,1,0,0,0,0,0,0,0,0,0,0,0,1,0,0,0,1,0,0,0,1
0,0.0,1,0.0,75.3,450.0,201.0,504832264.30795866,582850517.3693534,0,0,0,0,0,0,1,0,0,0,0,0,0,0,0,0,0,0,0,0,0,0,0,0,0,0,0,0,1,0,0,0,0,0,1,0,0,0,0,0,0,0,1,0,1,0
1,2.0,1,0.0,18.6,215.0,43.0,300987583.84067017,397921432.08582854,0,0,0,0,0,0,1,0,0,0,0,0,0,0,0,0,0,0,0,0,0,0,0,0,0,1,0,0,0,0,0,0,0,0,0,0,0,1,0,1,0,0,0,1,0,0
1,2.0,1,0.0,37.2,326.4,134.0,500878666.3872303,395357448.3850613,0,0,0,0,0,0,1,0,0,0,0,0,0,0,0,0,0,0,0,0,0,0,0,0,0,0,1,0,0,0,0,0,0,0,0,0,0,1,0,0,0,1,0,0,0,1
0,0.0,1,0.0,60.1,450.0,204.0,368849831.85926074,477761617.0490509,0,0,0,0,0,0,1,0,0,0,0,0,0,0,1,0,0,0,0,0,0,0,0,0,0,0,0,0,0,0,0,0,0,0,0,0,1,0,0,0,0,1,0,1,0,0
0,2.0,0,10.165890277802454,82.0,420.0,349.0,445305512.9382944,560514361.4428699,0,0,0,0,0,0,1,0,0,0,0,0,0,0,0,0,0,0,0,0,0,0,0,0,0,0,0,0,0,1,0,0,0,0,0,0,0,1,0,0,0,1,0,0,0,1
1,3.0,0,11.127277689932466,82.0,420.0,349.0,484666533.0259533,547906676.4511789,0,0,0,0,0,0,1,0,0,0,0,0,0,0,0,0,0,0,0,0,0,0,0,0,0,0,0,0,0,1,0,0,0,0,0,0,1,0,0,0,0,1,0,1,0,0
1,1.0,0,6.90875477931522,18.6,215.0,43.0,302524325.0547277,394424779.5843245,0,0,0,0,0,0,1,0,0,0,0,0,0,0,0,0,0,0,0,0,0,0,0,0,0,1,0,0,0,0,0,0,0,0,0,0,1,0,0,0,0,1,0,1,0,0
0,2.0,0,11.849404844423074,37.2,326.4,134.0,474617598.2001291,394471375.81122166,0,0,0,0,0,0,1,0,0,0,0,0,0,0,0,0,0,0,0,0,0,0,0,0,0,0,1,0,0,0,0,0,0,0,1,0,0,0,0,0,0,0,1,1,0,0
0,1.0,0,11.264476926102367,37.2,326.4,134.0,474227142.6686758,477456714.6555685,0,0,0,0,0,0,1,0,0,0,0,0,0,0,0,0,0,0,0,0,0,0,0,0,0,0,1,0,0,0,0,0,0,0,0,0,1,0,0,0,0,1,0,0,0,1
0,4.0,0,8.517393171418904,42.0,318.6,147.0,484666533.0259533,418322234.59842175,0,0,0,0,0,0,1,0,0,0,0,0,0,0,0,0,0,0,0,0,0,0,0,0,1,0,0,0,0,0,0,0,0,0,1,0,0,0,0,0,0,0,1,1,0,0
0,0.0,1,0.0,60.1,450.0,204.0,679865569.8428957,476707562.99499685,0,0,0,0,0,0,1,0,0,0,0,0,0,0,1,0,0,0,0,0,0,0,0,0,0,0,0,0,0,0,0,0,0,0,0,0,0,1,0,0,1,0,0,1,0,0
0,4.0,0,10.491301994830229,82.0,420.0,349.0,748434908.8535901,542240860.2031913,0,0,0,0,0,0,1,0,0,0,0,0,0,0,0,0,0,0,0,0,0,0,0,0,0,0,0,0,0,1,0,0,0,0,0,0,0,1,0,0,1,0,0,1,0,0
0,0.0,1,0.0,18.6,215.0,43.0,302471609.39977556,335628110.41485775,0,0,0,0,0,0,1,0,0,0,0,0,0,0,0,0,0,0,0,0,0,0,0,0,0,1,0,0,0,0,0,0,0,0,0,0,1,0,0,0,0,1,0,1,0,0
0,3.0,0,9.90353755128617,92.0,480.0,402.0,571197502.902525,459156027.77802324,0,0,0,0,0,0,1,0,0,0,0,0,0,0,0,0,0,0,0,0,0,0,0,0,0,0,0,0,0,0,1,0,0,0,0,0,0,1,0,0,1,0,0,1,0,0
0,4.0,0,9.90353755128617,82.0,420.0,349.0,474318984.0748016,540095026.8698579,0,0,0,0,0,0,1,0,0,0,0,0,0,0,0,0,0,0,0,0,0,0,0,0,0,0,0,0,0,1,0,0,0,0,0,0,0,1,0,0,0,1,0,1,0,0
0,1.0,0,8.853808274977197,60.1,450.0,204.0,368765621.3329449,455941326.8716407,0,0,0,0,0,0,1,0,0,0,0,0,0,0,1,0,0,0,0,0,0,0,0,0,0,0,0,0,0,0,0,0,0,0,0,0,1,0,0,0,0,1,0,1,0,0
0,1.0,0,9.90353755128617,82.0,420.0,349.0,472457376.2316644,657719891.7687806,0,0,0,0,0,0,1,0,0,0,0,0,0,0,0,0,0,0,0,0,0,0,0,0,0,0,0,0,0,1,0,0,0,0,0,0,1,0,0,0,0,1,0,0,0,1
0,0.0,1,0.0,59.6,381.0,201.0,489919125.8481799,498657570.18794745,0,0,0,0,0,0,1,0,0,0,0,0,0,0,0,0,0,0,0,0,0,0,0,0,0,0,0,1,0,0,0,0,0,0,0,1,0,0,0,0,0,1,0,0,0,1
0,3.0,1,10.819798284210286,82.0,420.0,349.0,477843491.65323305,549144586.5981809,0,0,0,0,0,0,1,0,0,0,0,0,0,0,0,0,0,0,0,0,0,0,0,0,0,0,0,0,0,1,0,0,0,0,0,0,0,1,0,0,0,1,0,0,0,1
0,3.0,1,0.0,82.0,420.0,349.0,474892513.48656636,547980177.4182969,0,0,0,0,0,0,1,0,0,0,0,0,0,0,0,0,0,0,0,0,0,0,0,0,0,0,0,0,0,1,0,0,0,0,0,0,0,1,0,0,1,0,0,1,0,0
0,3.0,0,10.12667110305036,82.0,420.0,349.0,477843490.0061742,549144585.9482776,0,0,0,0,0,0,1,0,0,0,0,0,0,0,0,0,0,0,0,0,0,0,0,0,0,0,0,0,0,1,0,0,0,0,0,0,0,1,0,0,0,1,0,0,0,1
0,1.0,0,0.0,82.0,420.0,349.0,484666533.0259533,664577536.6285938,0,0,0,0,0,0,1,0,0,0,0,0,0,0,0,0,0,0,0,0,0,0,0,0,0,0,0,0,0,1,0,0,0,0,0,0,0,1,0,0,1,0,0,1,0,0
0,1.0,0,9.90353755128617,59.6,381.0,201.0,385583441.71297663,442046586.0858455,0,0,0,0,0,0,1,0,0,0,0,0,0,0,0,0,0,0,0,0,0,0,0,0,0,0,0,1,0,0,0,0,0,0,0,0,0,1,0,0,0,1,0,0,0,1
0,1.0,0,2.772588722239781,75.3,450.0,201.0,467319819.7096923,552556382.9095677,0,0,0,0,0,0,1,0,0,0,0,0,0,0,0,0,0,0,0,0,0,0,0,0,0,0,0,0,1,0,0,0,0,0,0,0,0,1,0,0,1,0,0,0,1,0
0,1.0,0,0.0,60.1,450.0,204.0,367791937.12241864,454674203.5839694,0,0,0,0,0,0,1,0,0,0,0,0,0,0,1,0,0,0,0,0,0,0,0,0,0,0,0,0,0,0,0,0,0,0,0,0,0,1,0,1,0,0,0,1,0,0
0,4.0,1,10.596659732783579,42.0,318.6,147.0,620956946.1374042,418266054.82314086,0,0,0,0,0,0,1,0,0,0,0,0,0,0,0,0,0,0,0,0,0,0,0,0,1,0,0,0,0,0,0,0,0,0,1,0,0,0,0,0,0,0,1,1,0,0
0,2.0,0,9.61587214452889,37.2,326.4,134.0,473641459.3714957,392572641.6340065,0,0,0,0,0,0,1,0,0,0,0,0,0,0,0,0,0,0,0,0,0,0,0,0,0,0,1,0,0,0,0,0,0,0,0,0,0,1,0,1,0,0,0,1,0,0
0,2.0,0,11.127277689932466,60.1,450.0,204.0,478257438.94519067,441728590.0836864,0,0,0,0,0,0,1,0,0,0,0,0,0,0,1,0,0,0,0,0,0,0,0,0,0,0,0,0,0,0,0,0,0,0,0,0,0,1,0,0,0,1,0,0,0,1
0,4.0,1,9.90353755128617,59.6,381.0,201.0,412442679.0906816,407347380.5679069,0,0,0,0,0,0,1,0,0,0,0,0,0,0,0,0,0,0,0,0,0,0,0,0,0,0,0,0,0,0,0,1,0,0,0,0,0,1,0,0,1,0,0,1,0,0
0,1.0,1,0.0,75.3,450.0,201.0,645279526.7825656,562433683.5230646,0,0,0,0,0,0,1,0,0,0,0,0,0,0,0,0,0,0,0,0,0,0,0,0,0,0,0,0,1,0,0,0,0,0,0,0,0,1,0,0,1,0,0,1,0,0
0,3.0,0,9.105090961257085,82.0,420.0,349.0,487157266.72776777,549144585.9985677,0,0,0,0,0,0,1,0,0,0,0,0,0,0,0,0,0,0,0,0,0,0,0,0,0,0,0,0,0,1,0,0,0,0,0,0,0,1,0,0,0,1,0,0,0,1
1,1.0,1,8.630700432209832,18.6,215.0,43.0,302966816.12022287,395068964.2517663,0,0,0,0,0,0,1,0,0,0,0,0,0,0,0,0,0,0,0,0,0,0,0,0,0,1,0,0,0,0,0,0,0,0,0,0,0,1,0,0,0,1,0,0,0,1
0,0.0,1,0.0,59.6,381.0,201.0,754058652.6220393,556063540.3405424,0,0,0,0,0,0,1,0,0,0,0,0,0,0,0,0,0,1,0,0,0,0,0,0,0,0,0,0,0,0,0,0,0,0,0,1,0,0,0,0,0,1,0,1,0,0
0,1.0,1,0.0,92.0,480.0,402.0,600323619.2215748,659783698.7543551,0,0,0,0,0,0,1,0,0,0,0,0,0,0,0,0,0,0,0,0,0,0,0,0,0,0,0,0,0,0,1,0,0,0,0,0,0,1,0,0,0,1,0,1,0,0
0,1.0,1,10.165890277802454,18.6,215.0,43.0,300428478.40936023,391373616.7936268,0,0,0,0,0,0,1,0,0,0,0,0,0,0,0,0,0,0,0,0,0,0,0,0,0,1,0,0,0,0,0,0,0,0,0,0,0,1,0,1,0,0,0,0,1,0
0,3.0,0,10.463131911491967,82.0,420.0,349.0,487157266.7532455,549144586.0063047,0,0,0,0,0,0,1,0,0,0,0,0,0,0,0,0,0,0,0,0,0,0,0,0,0,0,0,0,0,1,0,0,0,0,0,0,0,1,0,0,0,1,0,0,0,1
0,4.0,0,10.799595985047786,82.0,420.0,349.0,487157267.0717168,545088077.4948579,0,0,0,0,0,0,1,0,0,0,0,0,0,0,0,0,0,0,0,0,0,0,0,0,0,0,0,0,0,1,0,0,0,0,0,0,0,1,0,0,0,1,0,0,0,1
0,3.0,0,11.050905878263567,82.0,420.0,349.0,516765758.77997255,547779016.8767109,0,0,0,0,0,0,1,0,0,0,0,0,0,0,0,0,0,0,0,0,0,0,0,0,0,0,0,0,0,1,0,0,0,0,0,0,0,1,0,0,0,1,0,1,0,0
1,2.0,1,9.99884318585288,37.2,326.4,134.0,474086144.83787316,393437620.53696007,0,0,0,0,0,0,1,0,0,0,0,0,0,0,0,0,0,0,0,0,0,0,0,0,0,0,1,0,0,0,0,0,0,0,0,0,0,1,0,0,1,0,0,1,0,0
0,1.0,0,9.90353755128617,18.6,215.0,43.0,302575443.2655903,394499198.18897563,0,0,0,0,0,0,1,0,0,0,0,0,0,0,0,0,0,0,0,0,0,0,0,0,0,1,0,0,0,0,0,0,0,0,0,0,0,0,1,0,0,1,0,1,0,0
0,0.0,1,0.0,59.6,381.0,201.0,350064312.433059,494788006.61651886,0,0,0,0,0,0,1,0,0,0,0,0,0,0,0,0,0,0,0,0,0,0,0,0,0,0,0,1,0,0,0,0,0,0,0,0,0,1,0,0,0,1,0,1,0,0
0,3.0,0,11.225256725762893,82.0,420.0,349.0,487157270.1927359,549144587.0507921,0,0,0,0,0,0,1,0,0,0,0,0,0,0,0,0,0,0,0,0,0,0,0,0,0,0,0,0,0,1,0,0,0,0,0,0,0,1,0,0,0,1,0,0,0,1
0,0.0,0,2.3978952727983707,59.6,381.0,201.0,484666533.0259533,484666533.0259533,0,0,0,0,0,0,1,0,0,0,0,0,0,0,0,0,0,0,0,1,0,0,0,0,0,0,0,0,0,0,0,0,0,0,0,0,1,0,0,0,0,1,0,0,0,1
1,2.0,0,11.127277689932466,37.2,326.4,134.0,473630613.3845109,392551544.58759296,0,0,0,0,0,0,1,0,0,0,0,0,0,0,0,0,0,0,0,0,0,0,0,0,0,0,1,0,0,0,0,0,0,0,0,0,0,1,0,1,0,0,0,1,0,0
0,2.0,0,8.630700432209832,82.0,420.0,349.0,484666533.0259533,556796280.8577635,0,0,0,0,0,0,1,0,0,0,0,0,0,0,0,0,0,0,0,0,0,0,0,0,0,0,0,0,0,1,0,0,0,0,0,0,0,1,0,0,0,1,0,1,0,0
0,3.0,0,10.949718235522484,82.0,420.0,349.0,493436300.9118923,547584626.1610435,0,0,0,0,0,0,1,0,0,0,0,0,0,0,0,0,0,0,0,0,0,0,0,0,0,0,0,0,0,1,0,0,0,0,0,0,0,1,0,0,0,1,0,0,0,1
0,4.0,1,11.156264806643742,42.0,318.6,147.0,320803876.346021,413142459.3175229,0,0,0,0,0,0,1,0,0,0,0,0,0,0,0,0,0,0,0,0,0,0,0,0,1,0,0,0,0,0,0,0,0,0,0,1,0,0,0,0,1,0,0,1,0,0
0,1.0,1,0.0,75.3,450.0,201.0,635190184.7532442,566666807.45558,0,0,0,0,0,0,1,0,0,0,0,0,0,0,0,0,0,0,0,0,0,0,0,0,0,0,0,0,1,0,0,0,0,0,0,0,0,1,0,0,0,1,0,0,0,1
0,2.0,0,10.12667110305036,18.6,215.0,43.0,643028112.3200943,400131764.18914956,0,0,0,0,0,0,1,0,0,0,0,0,0,0,0,0,0,0,0,0,0,0,0,0,0,1,0,0,0,0,0,0,0,0,0,0,0,1,0,0,1,0,0,1,0,0
1,2.0,0,9.392745258631441,92.0,480.0,402.0,573285407.3256018,485779371.7501149,0,0,0,0,0,0,1,0,0,0,0,0,0,0,0,0,0,0,0,0,0,0,0,0,0,0,0,0,0,0,1,0,0,0,0,0,0,1,0,0,0,1,0,0,0,1
0,0.0,1,0.0,82.0,420.0,349.0,473103297.80029184,615900305.5483994,0,0,0,0,0,0,1,0,0,0,0,0,0,0,0,0,0,0,0,0,0,0,0,0,0,0,0,0,0,1,0,0,0,0,0,0,1,0,0,0,0,1,0,1,0,0
0,0.0,1,0.0,59.6,381.0,201.0,512654141.1253666,527037315.1577605,0,0,0,0,0,0,1,0,0,0,0,0,0,0,0,0,1,0,0,0,0,0,0,0,0,0,0,0,0,0,0,0,0,0,0,1,0,0,0,0,0,1,0,1,0,0
0,2.0,1,0.0,18.6,215.0,43.0,302966815.7735775,402493384.81645584,0,0,0,0,0,0,1,0,0,0,0,0,0,0,0,0,0,0,0,0,0,0,0,0,0,1,0,0,0,0,0,0,0,0,0,0,0,1,0,0,0,1,0,0,0,1
0,0.0,1,0.0,92.0,480.0,402.0,599656952.5549083,842672252.8192044,0,0,0,0,0,0,1,0,0,0,0,0,0,0,0,0,0,0,0,0,0,0,0,0,0,0,0,0,0,0,1,0,0,0,0,0,1,0,0,0,0,1,0,1,0,0
0,1.0,0,8.294299608857235,60.1,450.0,204.0,368681410.8066291,455831737.83054477,0,0,0,0,0,0,1,0,0,0,0,0,0,0,1,0,0,0,0,0,0,0,0,0,0,0,0,0,0,0,0,0,0,0,0,1,0,0,0,0,0,1,0,1,0,0
0,1.0,0,8.517393171418904,18.6,215.0,43.0,302966815.9253347,395068963.9680454,0,0,0,0,0,0,1,0,0,0,0,0,0,0,0,0,0,0,0,0,0,0,0,0,0,1,0,0,0,0,0,0,0,0,0,0,0,1,0,0,0,1,0,0,0,1
1,2.0,1,0.0,59.6,381.0,201.0,488886069.09198153,452618913.6552911,0,0,0,0,0,0,1,0,0,0,0,0,0,0,0,0,0,0,0,0,0,0,0,0,0,0,0,1,0,0,0,0,0,0,1,0,0,0,0,0,0,0,1,1,0,0
0,0.0,1,0.0,59.6,381.0,201.0,753280703.9040906,555220762.5627648,0,0,0,0,0,0,1,0,0,0,0,0,0,0,0,0,0,1,0,0,0,0,0,0,0,0,0,0,0,0,0,0,0,0,0,1,0,0,0,0,0,1,0,1,0,0
1,2.0,1,9.392745258631441,92.0,480.0,402.0,570900799.6058216,480550472.8946932,0,0,0,0,0,0,1,0,0,0,0,0,0,0,0,0,0,0,0,0,0,0,0,0,0,0,0,0,0,0,1,0,0,0,0,0,0,1,0,0,1,0,0,1,0,0
0,1.0,0,10.12667110305036,18.6,215.0,43.0,302567456.045143,394487570.2819989,0,0,0,0,0,0,1,0,0,0,0,0,0,0,0,0,0,0,0,0,0,0,0,0,0,1,0,0,0,0,0,0,0,0,0,0,1,0,0,0,0,1,0,1,0,0
0,3.0,0,10.819798284210286,59.6,381.0,201.0,398136392.6823579,421677237.6956104,0,0,0,0,0,0,1,0,0,0,0,0,0,0,0,0,0,0,0,0,0,0,0,0,0,0,0,1,0,0,0,0,0,0,0,0,0,1,0,1,0,0,0,1,0,0
0,2.0,0,9.741027444837728,37.2,326.4,134.0,341699856.9071818,393669688.0475086,0,0,0,0,0,0,1,0,0,0,0,0,0,0,0,0,0,0,0,0,0,0,0,0,0,0,1,0,0,0,0,0,0,0,0,0,0,1,0,0,0,1,0,1,0,0
0,1.0,0,9.798182590890704,18.6,215.0,43.0,302393334.6393922,394234081.90990585,0,0,0,0,0,0,1,0,0,0,0,0,0,0,0,0,0,0,0,0,0,0,0,0,0,1,0,0,0,0,0,0,0,0,0,0,0,1,0,0,0,1,0,1,0,0
0,1.0,0,10.463131911491967,59.6,381.0,201.0,487365407.9349568,439427944.7722862,0,0,0,0,0,0,1,0,0,0,0,0,0,0,0,0,0,0,0,0,0,0,0,0,0,0,0,1,0,0,0,0,0,0,0,0,0,1,0,0,0,1,0,1,0,0
0,1.0,0,10.757924157061597,59.6,381.0,201.0,513321591.8271675,549666646.2390697,0,0,0,0,0,0,1,0,0,0,0,0,0,1,0,0,0,0,0,0,0,0,0,0,0,0,0,0,0,0,0,0,0,0,0,0,0,1,0,1,0,0,0,1,0,0
0,4.0,1,0.0,59.6,381.0,201.0,577648073.9033074,605791583.1412208,0,0,1,0,0,0,0,0,0,0,0,1,0,0,0,0,0,0,0,0,0,0,0,0,0,0,0,0,0,0,0,0,0,0,0,1,0,0,0,0,1,0,0,1,0,0
0,0.0,1,6.175867270105761,75.3,450.0,201.0,483380425.77029836,580914737.5528398,0,0,0,0,0,0,1,0,0,0,0,0,0,0,0,0,0,0,0,0,0,0,0,0,0,0,0,0,1,0,0,0,0,0,0,0,0,1,0,0,0,1,0,1,0,0
0,3.0,0,10.859018228147887,82.0,420.0,349.0,422906782.1703813,546891202.5633646,0,0,0,0,0,0,1,0,0,0,0,0,0,0,0,0,0,0,0,0,0,0,0,0,0,0,0,0,0,1,0,0,0,0,0,0,0,1,0,1,0,0,0,1,0,0
0,2.0,0,9.305741456739435,59.6,381.0,201.0,491969575.47813934,450952246.9886244,0,0,0,0,0,0,1,0,0,0,0,0,0,0,0,0,0,0,0,0,0,0,0,0,0,0,0,1,0,0,0,0,0,0,0,0,0,1,0,0,0,1,0,0,0,1
0,1.0,1,0.0,59.6,381.0,201.0,484666533.0259533,442046585.7934726,0,0,0,0,0,0,1,0,0,0,0,0,0,0,0,0,0,0,0,0,0,0,0,0,0,0,0,1,0,0,0,0,0,0,0,0,0,1,0,0,0,1,0,0,0,1
0,2.0,0,3.258096538021482,82.0,420.0,349.0,477843489.66303694,560514361.3896784,0,0,0,0,0,0,1,0,0,0,0,0,0,0,0,0,0,0,0,0,0,0,0,0,0,0,0,0,0,1,0,0,0,0,0,0,0,1,0,0,0,1,0,0,0,1
0,1.0,1,8.881975184248867,59.6,381.0,201.0,489919124.2820642,442046586.11126924,0,0,0,0,0,0,1,0,0,0,0,0,0,0,0,0,0,0,0,0,0,0,0,0,0,0,0,1,0,0,0,0,0,0,0,1,0,0,0,0,0,1,0,0,0,1
0,0.0,1,0.0,92.0,480.0,402.0,599446426.2391187,842356463.3455203,0,0,0,0,0,0,1,0,0,0,0,0,0,0,0,0,0,0,0,0,0,0,0,0,0,0,0,0,0,0,1,0,0,0,0,0,0,1,0,0,0,1,0,1,0,0
0,1.0,0,7.937731775260109,18.6,215.0,43.0,302966816.08507913,395068964.20060354,0,0,0,0,0,0,1,0,0,0,0,0,0,0,0,0,0,0,0,0,0,0,0,0,0,1,0,0,0,0,0,0,0,0,0,0,0,1,0,0,0,1,0,0,0,1
0,0.0,1,0.0,60.1,450.0,204.0,368649516.06978697,477504454.88688874,0,0,0,0,0,0,1,0,0,0,0,0,0,0,1,0,0,0,0,0,0,0,0,0,0,0,0,0,0,0,0,0,0,0,0,0,1,0,0,0,0,1,0,1,0,0
0,3.0,1,9.105090961257085,82.0,420.0,349.0,484666533.0259533,548372827.3215852,0,0,0,0,0,0,1,0,0,0,0,0,0,0,0,0,0,0,0,0,0,0,0,0,0,0,0,0,0,1,0,0,0,0,1,0,0,0,0,0,1,0,0,1,0,0
0,2.0,0,9.90353755128617,82.0,420.0,349.0,484666533.0259533,556897344.6875508,0,0,0,0,0,0,1,0,0,0,0,0,0,0,0,0,0,0,0,0,0,0,0,0,0,0,0,0,0,1,0,0,0,0,0,0,1,0,0,0,0,1,0,1,0,0
0,3.0,0,10.79971842403251,18.6,215.0,43.0,301954037.51479155,529182933.07288814,0,0,0,0,0,0,1,0,0,0,0,0,0,0,0,0,0,0,0,0,0,0,0,0,0,1,0,0,0,0,0,0,0,0,0,0,0,1,0,1,0,0,0,1,0,0
0,1.0,0,9.61587214452889,59.6,381.0,201.0,394178059.34902453,436877097.31465906,0,0,0,0,0,0,1,0,0,0,0,0,0,0,0,0,0,0,0,0,0,0,0,0,0,0,0,1,0,0,0,0,0,0,0,0,0,1,0,1,0,0,0,1,0,0
1,1.0,1,0.0,59.6,381.0,201.0,398976670.4601357,439805063.41635394,0,0,0,0,0,0,1,0,0,0,0,0,0,0,0,0,0,0,0,0,0,0,0,0,0,0,0,1,0,0,0,0,0,0,0,0,0,1,0,0,1,0,0,1,0,0
0,3.0,0,11.277215789596893,82.0,420.0,349.0,477843490.69244874,549144586.2190707,0,0,0,0,0,0,1,0,0,0,0,0,0,0,0,0,0,0,0,0,0,0,0,0,0,0,0,0,0,1,0,0,0,0,0,0,0,1,0,0,0,1,0,0,0,1
0,0.0,1,0.0,18.6,215.0,43.0,646119898.3297563,337359952.3366455,0,0,0,0,0,0,1,0,0,0,0,0,0,0,0,0,0,0,0,0,0,0,0,0,0,1,0,0,0,0,0,0,0,0,0,0,0,1,0,0,0,1,0,0,0,1
0,0.0,1,0.0,18.6,215.0,43.0,644776904.5906259,335806881.3645784,0,0,0,0,0,0,1,0,0,0,0,0,0,0,0,0,0,0,0,0,0,0,0,0,0,1,0,0,0,0,0,0,0,0,1,0,0,0,0,0,0,0,1,1,0,0
0,2.0,1,0.0,18.6,215.0,43.0,302527519.94290656,401478627.6577843,0,0,0,0,0,0,1,0,0,0,0,0,0,0,0,0,0,0,0,0,0,0,0,0,0,1,0,0,0,0,0,0,0,0,1,0,0,0,0,0,0,0,1,1,0,0
0,1.0,0,7.650168700845001,92.0,480.0,402.0,610577993.7829784,669775140.6346968,0,0,0,0,0,0,1,0,0,0,0,0,0,0,0,0,0,0,0,0,0,0,0,0,0,0,0,0,0,0,1,0,0,0,0,0,0,1,0,0,0,1,0,0,0,1
1,2.0,0,10.491301994830229,59.6,381.0,201.0,487336482.31512207,450167933.26313424,0,0,0,0,0,0,1,0,0,0,0,0,0,0,0,0,0,0,0,0,0,0,0,0,0,0,0,1,0,0,0,0,0,0,0,0,0,1,0,1,0,0,0,1,0,0
0,3.0,0,10.985309671896763,82.0,420.0,349.0,484666533.0259533,548011125.1939256,0,0,0,0,0,0,1,0,0,0,0,0,0,0,0,0,0,0,0,0,0,0,0,0,0,0,0,0,0,1,0,0,0,0,0,0,1,0,0,0,0,1,0,0,0,1
0,0.0,1,0.0,59.6,381.0,201.0,551902283.2949013,495893596.67863065,0,0,0,0,0,0,1,0,0,0,0,0,0,0,0,0,0,0,0,0,0,0,0,0,0,0,0,1,0,0,0,0,0,0,0,0,0,1,0,0,1,0,0,1,0,0
0,3.0,0,10.668978650219241,92.0,480.0,402.0,484666533.0259533,461656021.52802324,0,0,0,0,0,0,1,0,0,0,0,0,0,0,0,0,0,0,0,0,0,0,0,0,0,0,0,0,0,0,1,0,0,0,0,0,0,1,0,0,0,1,0,0,0,1
0,2.0,0,0.0,37.2,326.4,134.0,475073128.56889266,395357449.6508841,0,0,0,0,0,0,1,0,0,0,0,0,0,0,0,0,0,0,0,0,0,0,0,0,0,0,1,0,0,0,0,0,0,0,0,0,0,1,0,0,0,1,0,0,0,1
0,2.0,1,9.305741456739435,82.0,420.0,349.0,482666825.7341372,556764365.9641465,0,0,0,0,0,0,1,0,0,0,0,0,0,0,0,0,0,0,0,0,0,0,0,0,0,0,0,0,0,1,0,0,0,0,0,1,0,0,0,0,1,0,0,1,0,0
0,0.0,1,0.0,60.1,450.0,204.0,369770884.49083966,478944049.48148334,0,0,0,0,0,0,1,0,0,0,0,0,0,0,1,0,0,0,0,0,0,0,0,0,0,0,0,0,0,0,0,0,0,0,0,0,0,1,0,0,1,0,0,1,0,0
0,3.0,0,9.421087402953841,92.0,480.0,402.0,573285413.8970305,461656026.46881276,0,0,0,0,0,0,1,0,0,0,0,0,0,0,0,0,0,0,0,0,0,0,0,0,0,0,0,0,0,0,1,0,0,0,0,0,0,1,0,0,0,1,0,0,0,1
0,2.0,0,10.518700218288165,59.6,381.0,201.0,488051227.71227175,454252896.4657486,0,0,0,0,0,0,1,0,0,0,0,0,0,0,0,0,0,0,0,0,0,0,0,0,0,0,0,1,0,0,0,0,0,0,0,0,0,1,0,0,0,1,0,0,0,1
0,0.0,1,0.0,37.2,326.4,134.0,341414142.6214675,355038184.448189,0,0,0,0,0,0,1,0,0,0,0,0,0,0,0,0,0,0,0,0,0,0,0,0,0,0,1,0,0,0,0,0,0,0,0,0,0,1,0,0,0,1,0,1,0,0
0,4.0,0,9.798182590890704,42.0,318.6,147.0,478190425.7328238,421344698.1377476,0,0,0,0,0,0,1,0,0,0,0,0,0,0,0,0,0,0,0,0,0,0,0,0,1,0,0,0,0,0,0,0,0,0,0,0,0,1,0,0,0,1,0,0,0,1
0,3.0,1,9.208238163884312,59.6,381.0,201.0,538759185.0144185,697097987.3093843,0,0,0,0,0,1,0,0,0,0,0,0,0,0,0,0,0,0,0,0,1,0,0,0,0,0,0,0,0,0,0,0,0,0,0,0,0,1,0,0,1,0,0,1,0,0
0,0.0,1,0.0,59.6,381.0,201.0,556100390.9175428,498657568.1568915,0,0,0,0,0,0,1,0,0,0,0,0,0,0,0,0,0,0,0,0,0,0,0,0,0,0,0,1,0,0,0,0,0,0,0,0,0,1,0,0,0,1,0,0,0,1
0,4.0,1,9.90353755128617,82.0,420.0,349.0,474843493.8787232,540838082.4254135,0,0,0,0,0,0,1,0,0,0,0,0,0,0,0,0,0,0,0,0,0,0,0,0,0,0,0,0,0,1,0,0,0,0,0,1,0,0,0,0,1,0,0,1,0,0
0,0.0,0,2.772588722239781,18.6,215.0,43.0,641448402.1751668,331957719.35340524,0,0,0,0,0,0,1,0,0,0,0,0,0,0,0,0,0,0,0,0,0,0,0,0,0,1,0,0,0,0,0,0,0,0,0,0,0,1,0,1,0,0,0,1,0,0
0,2.0,0,8.699681400989514,59.6,381.0,201.0,485683589.7531386,447553554.1781669,0,0,0,0,0,0,1,0,0,0,0,0,0,0,0,0,0,0,0,0,0,0,0,0,0,0,0,1,0,0,0,0,0,0,0,0,0,1,0,1,0,0,0,1,0,0
0,0.0,1,0.0,59.6,381.0,201.0,487472845.9514857,494980553.2003698,0,0,0,0,0,0,1,0,0,0,0,0,0,0,0,0,0,0,0,0,0,0,0,0,0,0,0,1,0,0,0,0,0,0,0,0,0,1,0,0,1,0,0,1,0,0
0,1.0,0,9.305741456739435,59.6,381.0,201.0,403888875.8549611,442046586.36126924,0,0,0,0,0,0,1,0,0,0,0,0,0,0,0,0,0,0,0,0,0,0,0,0,0,0,0,1,0,0,0,0,0,0,0,0,0,1,0,0,0,1,0,0,0,1
0,0.0,1,0.0,60.1,450.0,204.0,372291933.59610283,482180531.4409428,0,0,0,0,0,0,1,0,0,0,0,0,0,0,1,0,0,0,0,0,0,0,0,0,0,0,0,0,0,0,0,0,0,0,0,1,0,0,0,0,0,1,0,0,0,1
0,0.0,1,0.0,60.1,450.0,204.0,372291933.4961028,482180531.31256443,0,0,0,0,0,0,1,0,0,0,0,0,0,0,1,0,0,0,0,0,0,0,0,0,0,0,0,0,0,0,0,0,0,0,0,1,0,0,0,0,0,1,0,0,0,1
0,3.0,0,10.308985993422082,59.6,381.0,201.0,484666533.0259533,484666533.0259533,0,0,0,0,0,0,0,0,1,0,0,0,0,0,0,0,0,0,0,1,0,0,0,0,0,0,0,0,0,0,0,0,0,0,0,0,0,1,0,1,0,0,0,1,0,0
0,1.0,0,10.515993929932415,59.6,381.0,201.0,399935003.793469,440389809.1790658,0,0,0,0,0,0,1,0,0,0,0,0,0,0,0,0,0,0,0,0,0,0,0,0,0,0,0,1,0,0,0,0,0,0,0,0,0,1,0,0,1,0,0,1,0,0
0,2.0,0,9.105090961257085,59.6,381.0,201.0,402650277.0226357,454252896.3023499,0,0,0,0,0,0,1,0,0,0,0,0,0,0,0,0,0,0,0,0,0,0,0,0,0,0,0,1,0,0,0,0,0,0,0,0,0,1,0,0,0,1,0,0,0,1
0,1.0,0,8.699681400989514,59.6,381.0,201.0,402650280.2170801,442046588.0138116,0,0,0,0,0,0,1,0,0,0,0,0,0,0,0,0,0,0,0,0,0,0,0,0,0,0,0,1,0,0,0,0,0,0,0,0,0,1,0,0,0,1,0,0,0,1
0,2.0,0,8.517393171418904,18.6,215.0,43.0,302176082.24322605,400666819.5397031,0,0,0,0,0,0,1,0,0,0,0,0,0,0,0,0,0,0,0,0,0,0,0,0,0,1,0,0,0,0,0,0,0,0,0,0,0,1,0,0,1,0,0,1,0,0
0,1.0,0,10.950824090522445,59.6,381.0,201.0,550628698.3892409,439588961.7214387,0,0,0,0,0,0,1,0,0,0,0,0,0,0,0,0,0,0,0,0,0,0,0,0,0,0,0,1,0,0,0,0,0,0,0,0,1,0,0,0,0,1,0,0,0,1
0,2.0,0,11.002116507732017,59.6,381.0,201.0,489919124.33991545,454252896.4657486,0,0,0,0,0,0,1,0,0,0,0,0,0,0,0,0,0,0,0,0,0,0,0,0,0,0,0,1,0,0,0,0,0,0,0,0,0,1,0,0,0,1,0,0,0,1
0,3.0,0,10.87806606028079,82.0,420.0,349.0,493996827.22768176,547790622.2925717,0,0,0,0,0,0,0,1,0,0,0,0,0,0,0,0,0,0,0,0,0,0,0,0,0,0,0,0,0,1,0,0,0,0,0,0,0,1,0,0,0,1,0,1,0,0
0,4.0,0,11.695255355062795,75.3,450.0,201.0,549577731.0839689,408589731.94304097,0,0,0,0,0,0,1,0,0,0,0,0,0,0,0,0,0,0,0,0,0,0,0,0,0,0,0,0,1,0,0,0,0,0,0,0,0,1,0,0,1,0,0,1,0,0
1,1.0,0,8.294299608857235,18.6,215.0,43.0,302966816.28475964,395068964.49130124,0,0,0,0,0,0,1,0,0,0,0,0,0,0,0,0,0,0,0,0,0,0,0,0,0,1,0,0,0,0,0,0,0,0,0,0,0,1,0,0,0,1,0,0,0,1
0,3.0,1,9.741027444837728,42.0,318.6,147.0,484666533.0259533,484666533.0259533,0,0,0,0,0,0,1,0,0,0,0,0,0,0,0,0,0,0,0,1,0,0,0,0,0,0,0,0,0,0,0,0,0,0,1,0,0,0,0,0,0,0,1,1,0,0
0,1.0,1,0.0,59.6,381.0,201.0,487377804.6291716,439440656.63669294,0,0,0,0,0,0,1,0,0,0,0,0,0,0,0,0,0,0,0,0,0,0,0,0,0,0,0,1,0,0,0,0,0,0,0,0,0,1,0,0,1,0,0,1,0,0
0,2.0,1,0.0,92.0,480.0,402.0,569065634.7706568,476526376.50915104,0,0,0,0,0,0,1,0,0,0,0,0,0,0,0,0,0,0,0,0,0,0,0,0,0,0,0,0,0,0,1,0,0,0,0,0,0,1,0,0,1,0,0,1,0,0
0,0.0,1,0.0,18.6,215.0,43.0,302966816.63459986,337359952.47631025,0,0,0,0,0,0,1,0,0,0,0,0,0,0,0,0,0,0,0,0,0,0,0,0,0,1,0,0,0,0,0,0,0,0,0,0,0,1,0,0,0,1,0,0,0,1
0,0.0,1,0.0,92.0,480.0,402.0,654042799.314347,843527515.9770992,0,0,0,0,0,0,1,0,0,0,0,0,0,0,0,0,0,0,0,0,0,0,0,0,0,0,0,0,0,0,1,0,0,0,0,0,0,1,0,0,0,1,0,1,0,0
0,1.0,1,0.0,82.0,420.0,349.0,497681033.7329449,667988744.4416779,0,0,0,0,0,0,1,0,0,0,0,0,0,0,0,0,0,0,0,0,0,0,0,0,0,0,0,0,0,1,0,0,0,0,0,0,0,1,0,0,0,1,0,0,0,1
1,2.0,0,9.64088826045181,59.6,381.0,201.0,337537089.1255296,476969575.47813934,0,0,0,0,0,0,0,0,1,0,0,0,0,0,0,0,0,0,0,1,0,0,0,0,0,0,0,0,0,0,0,0,0,0,1,0,0,0,0,0,0,1,0,1,0,0
0,4.0,1,0.0,82.0,420.0,349.0,745280155.4003652,543351971.3143023,0,0,0,0,0,0,1,0,0,0,0,0,0,0,0,0,0,0,0,0,0,0,0,0,0,0,0,0,0,1,0,0,0,0,1,0,0,0,0,0,0,0,1,1,0,0
0,3.0,0,8.101980731853192,37.2,326.4,134.0,343332508.2949369,442956827.3670069,0,0,0,0,0,0,1,0,0,0,0,0,0,0,0,0,0,0,0,0,0,0,0,0,0,0,1,0,0,0,0,0,0,0,0,0,0,1,0,0,0,1,0,0,0,1
0,3.0,0,9.741027444837728,82.0,420.0,349.0,487157266.4666213,549144585.9192641,0,0,0,0,0,0,1,0,0,0,0,0,0,0,0,0,0,0,0,0,0,0,0,0,0,0,0,0,0,1,0,0,0,0,0,0,0,1,0,0,0,1,0,0,0,1
0,0.0,1,0.0,37.2,326.4,134.0,474086361.7576128,355118503.5971252,0,0,0,0,0,0,1,0,0,0,0,0,0,0,0,0,0,0,0,0,0,0,0,0,0,0,1,0,0,0,0,0,0,0,0,0,0,1,0,0,0,1,0,1,0,0
0,2.0,1,0.0,59.6,381.0,201.0,489919124.2035518,454252896.25006235,0,0,0,0,0,0,1,0,0,0,0,0,0,0,0,0,0,0,0,0,0,0,0,0,0,0,0,1,0,0,0,0,0,0,0,0,0,1,0,0,0,1,0,0,0,1
0,2.0,1,0.0,75.3,450.0,201.0,440606016.3872303,398420289.7569799,0,0,0,0,0,0,1,0,0,0,0,0,0,0,0,0,0,0,0,0,0,0,0,0,0,0,0,0,1,0,0,0,0,0,0,1,0,0,0,0,1,0,0,0,1,0
0,1.0,0,0.0,18.6,215.0,43.0,301848606.2048874,393441058.6540919,0,0,0,0,0,0,1,0,0,0,0,0,0,0,0,0,0,0,0,0,0,0,0,0,0,1,0,0,0,0,0,0,0,0,0,0,0,1,0,0,1,0,0,1,0,0
0,1.0,1,8.699681400989514,18.6,215.0,43.0,300712823.45728356,391787570.2819989,0,0,0,0,0,0,1,0,0,0,0,0,0,0,0,0,0,0,0,0,0,0,0,0,0,1,0,0,0,0,0,0,0,0,0,0,0,1,0,1,0,0,0,1,0,0
0,0.0,1,0.0,59.6,381.0,201.0,484666533.0259533,484666533.0259533,0,0,0,0,0,0,1,0,0,0,0,0,0,0,0,0,0,0,0,1,0,0,0,0,0,0,0,0,0,0,0,0,0,0,0,0,1,0,0,0,0,1,0,1,0,0
0,1.0,1,8.006700845440367,75.3,450.0,201.0,440605975.0235939,566666807.45558,0,0,0,0,0,0,1,0,0,0,0,0,0,0,0,0,0,0,0,0,0,0,0,0,0,0,0,0,1,0,0,0,0,0,0,0,0,1,0,0,0,1,0,0,0,1
0,0.0,1,0.0,82.0,420.0,349.0,484666533.0259533,618362490.4223491,0,0,0,0,0,0,1,0,0,0,0,0,0,0,0,0,0,0,0,0,0,0,0,0,0,0,0,0,0,1,0,0,0,0,0,0,0,1,0,0,1,0,0,1,0,0
0,1.0,1,0.0,18.6,215.0,43.0,302265539.11223567,394048035.39827794,0,0,0,0,0,0,1,0,0,0,0,0,0,0,0,0,0,0,0,0,0,0,0,0,0,1,0,0,0,0,0,0,0,0,0,0,0,1,0,0,1,0,0,1,0,0
0,2.0,0,8.987321812850125,75.3,450.0,201.0,490552135.7197933,408707951.19533604,0,0,0,0,0,0,1,0,0,0,0,0,0,0,0,0,0,0,0,0,0,0,0,0,0,0,0,0,1,0,0,0,0,0,0,1,0,0,0,0,0,1,0,0,0,1
0,1.0,0,9.210340371976184,75.3,450.0,201.0,484127900.5177731,562764971.8666228,0,0,0,0,0,0,1,0,0,0,0,0,0,0,0,0,0,0,0,0,0,0,0,0,0,0,0,0,1,0,0,0,0,0,0,0,0,1,0,0,0,1,0,0,0,1
1,1.0,1,0.0,59.6,381.0,201.0,514808771.31434697,552303009.8754333,0,0,0,0,0,0,1,0,0,0,0,0,0,1,0,0,0,0,0,0,0,0,0,0,0,0,0,0,0,0,0,0,0,0,0,0,1,0,0,0,0,1,0,1,0,0
0,0.0,1,0.0,37.2,326.0,136.0,484666533.0259533,322878914.7949833,0,0,0,0,0,0,1,0,0,0,0,0,1,0,0,0,0,0,0,0,0,0,0,0,0,0,0,0,0,0,0,0,0,0,0,0,1,0,0,0,0,1,0,1,0,0
0,1.0,1,0.0,59.6,381.0,201.0,515731848.2374239,553939373.511797,0,0,0,0,0,0,1,0,0,0,0,0,0,1,0,0,0,0,0,0,0,0,0,0,0,0,0,0,0,0,0,0,0,0,0,0,1,0,0,0,0,1,0,1,0,0
0,0.0,1,0.0,60.1,450.0,204.0,478257442.3651907,482180531.6166185,0,0,0,0,0,0,1,0,0,0,0,0,0,0,1,0,0,0,0,0,0,0,0,0,0,0,0,0,0,0,0,0,0,0,0,1,0,0,0,0,0,1,0,0,0,1
0,3.0,0,10.596659732783579,82.0,420.0,349.0,477843490.5698997,549144586.1707147,0,0,0,0,0,0,1,0,0,0,0,0,0,0,0,0,0,0,0,0,0,0,0,0,0,0,0,0,0,1,0,0,0,0,0,0,0,1,0,0,0,1,0,0,0,1
0,0.0,1,0.0,60.1,450.0,204.0,368586358.1750502,477423373.8058077,0,0,0,0,0,0,1,0,0,0,0,0,0,0,1,0,0,0,0,0,0,0,0,0,0,0,0,0,0,0,0,0,0,0,0,1,0,0,0,0,0,1,0,1,0,0
1,2.0,0,9.305741456739435,18.6,215.0,43.0,301872567.8662293,399965712.52863306,0,0,0,0,0,0,1,0,0,0,0,0,0,0,0,0,0,0,0,0,0,0,0,0,0,1,0,0,0,0,0,0,0,0,0,0,0,1,0,1,0,0,0,1,0,0
0,1.0,1,10.12667110305036,82.0,420.0,349.0,742218805.7071137,660988751.5818648,0,0,0,0,0,0,1,0,0,0,0,0,0,0,0,0,0,0,0,0,0,0,0,0,0,0,0,0,0,1,0,0,0,0,0,0,0,1,0,0,1,0,0,1,0,0
0,1.0,1,0.0,37.2,326.4,134.0,443463807.18519706,478727071.23863035,0,0,0,0,0,0,1,0,0,0,0,0,0,0,0,0,0,0,0,0,0,0,0,0,0,0,1,0,0,0,0,0,0,0,0,0,0,1,0,0,0,1,0,0,0,1
0,0.0,1,0.0,59.6,381.0,201.0,550543792.7288636,494999186.74074244,0,0,0,0,0,0,1,0,0,0,0,0,0,0,0,0,0,0,0,0,0,0,0,0,0,0,0,1,0,0,0,0,0,0,0,0,1,0,0,0,0,1,0,1,0,0
0,2.0,1,0.0,82.0,420.0,349.0,487157267.492099,560514362.5386145,0,0,0,0,0,0,1,0,0,0,0,0,0,0,0,0,0,0,0,0,0,0,0,0,0,0,0,0,0,1,0,0,0,0,0,0,0,1,0,0,0,1,0,0,0,1
0,0.0,1,0.0,59.6,381.0,201.0,576260901.7799726,576260901.7799726,0,0,0,0,0,0,1,0,0,0,0,0,0,0,0,0,0,0,0,1,0,0,0,0,0,0,0,0,0,0,0,0,0,0,0,1,0,0,0,0,0,1,0,1,0,0
0,0.0,1,0.0,92.0,480.0,402.0,653555619.8271675,843277515.9770992,0,0,0,0,0,0,1,0,0,0,0,0,0,0,0,0,0,0,0,0,0,0,0,0,0,0,0,0,0,0,1,0,0,0,0,0,0,1,0,0,0,1,0,1,0,0
0,1.0,0,9.90353755128617,60.1,450.0,204.0,372291933.0803133,460530362.7072571,0,0,0,0,0,0,1,0,0,0,0,0,0,0,1,0,0,0,0,0,0,0,0,0,0,0,0,0,0,0,0,0,0,0,0,0,0,1,0,0,0,1,0,0,0,1
0,1.0,0,10.62135173563291,59.6,381.0,201.0,374025826.27921283,442046586.12821835,0,0,0,0,0,0,1,0,0,0,0,0,0,0,0,0,0,0,0,0,0,0,0,0,0,0,0,1,0,0,0,0,0,0,0,0,0,1,0,0,0,1,0,0,0,1
0,1.0,0,8.699681400989514,60.1,450.0,204.0,483897388.0968872,460530362.59081876,0,0,0,0,0,0,1,0,0,0,0,0,0,0,1,0,0,0,0,0,0,0,0,0,0,0,0,0,0,0,0,0,0,0,0,0,0,1,0,0,0,1,0,0,0,1
0,4.0,0,11.002116507732017,37.2,326.4,134.0,340801897.7235083,470104171.8912208,0,0,0,0,0,0,1,0,0,0,0,0,0,0,0,0,0,0,0,0,0,0,0,0,0,0,1,0,0,0,0,0,0,0,0,0,0,1,0,1,0,0,0,1,0,0
0,1.0,1,0.0,60.1,450.0,204.0,369370884.49083966,456728998.1045174,0,0,0,0,0,0,1,0,0,0,0,0,0,0,1,0,0,0,0,0,0,0,0,0,0,0,0,0,0,0,0,0,0,0,0,0,0,1,0,0,1,0,0,1,0,0
0,0.0,1,0.0,59.6,381.0,201.0,515347232.85280854,513842686.32997876,0,0,0,0,0,0,1,0,0,0,0,0,0,1,0,0,0,0,0,0,0,0,0,0,0,0,0,0,0,0,0,0,0,0,0,1,0,0,0,0,0,1,0,1,0,0
0,0.0,1,0.0,59.6,381.0,201.0,409874137.38825977,419178338.0086511,0,0,0,0,0,0,1,0,0,0,0,0,0,0,0,0,0,0,0,0,0,0,0,1,0,0,0,0,0,0,0,0,0,0,0,1,0,0,0,0,0,1,0,1,0,0
1,1.0,0,10.085850775128717,59.6,381.0,201.0,550628698.3892409,439588961.7214387,0,0,0,0,0,0,1,0,0,0,0,0,0,0,0,0,0,0,0,0,0,0,0,0,0,0,0,1,0,0,0,0,0,0,0,0,0,1,0,0,0,1,0,1,0,0
0,0.0,1,0.0,59.6,381.0,201.0,363058725.8103813,421203842.95644313,0,0,0,0,0,0,1,0,0,1,0,0,0,0,0,0,0,0,0,0,0,0,0,0,0,0,0,0,0,0,0,0,0,0,0,1,0,0,0,0,0,1,0,1,0,0
0,0.0,1,0.0,82.0,420.0,349.0,474078787.99637026,617572574.4559624,0,0,0,0,0,0,1,0,0,0,0,0,0,0,0,0,0,0,0,0,0,0,0,0,0,0,0,0,0,1,0,0,0,0,0,0,0,1,0,0,0,1,0,1,0,0
0,1.0,1,0.0,18.6,215.0,43.0,642472556.7645389,393313151.6773477,0,0,0,0,0,0,1,0,0,0,0,0,0,0,0,0,0,0,0,0,0,0,0,0,0,1,0,0,0,0,0,0,0,0,0,0,0,1,0,0,1,0,0,1,0,0
0,3.0,0,8.188966863648876,59.6,381.0,201.0,691133266.5129766,763026613.2103813,0,0,0,1,0,0,0,0,0,0,0,1,0,0,0,0,0,0,0,0,0,0,0,0,0,0,0,0,0,0,0,0,0,0,0,0,0,0,1,0,0,1,0,0,0,1
0,2.0,1,0.0,92.0,480.0,402.0,677529978.8015264,482598665.66577756,0,0,0,0,0,0,1,0,0,0,0,0,0,0,0,0,0,0,0,0,0,0,0,0,0,0,0,0,0,0,1,0,0,0,1,0,0,0,0,0,0,0,1,1,0,0
1,2.0,0,4.61512051684126,18.6,215.0,43.0,301610587.03555834,399360546.47697246,0,0,0,0,0,0,1,0,0,0,0,0,0,0,0,0,0,0,0,0,0,0,0,0,0,1,0,0,0,0,0,0,0,0,0,0,0,1,0,1,0,0,0,1,0,0
1,2.0,0,9.472781556562168,37.2,326.4,134.0,474600244.6209534,394437620.53696007,0,0,0,0,0,0,1,0,0,0,0,0,0,0,0,0,0,0,0,0,0,0,0,0,0,0,1,0,0,0,0,0,0,0,1,0,0,0,0,0,0,0,1,1,0,0
0,4.0,1,10.12667110305036,42.0,318.6,147.0,614021462.2664366,415850324.4860622,0,0,0,0,0,0,1,0,0,0,0,0,0,0,0,0,0,0,0,0,0,0,0,0,1,0,0,0,0,0,0,0,0,0,0,0,0,1,0,0,1,0,0,1,0,0
0,1.0,1,0.0,59.6,381.0,201.0,489919124.03413033,442046585.85703194,0,0,0,0,0,0,1,0,0,0,0,0,0,0,0,0,0,0,0,0,0,0,0,0,0,0,0,1,0,0,0,0,0,0,0,1,0,0,0,0,0,1,0,0,0,1
0,3.0,1,0.0,42.0,318.6,147.0,610763397.7503076,360483534.4129766,0,0,0,0,0,0,1,0,0,0,0,0,0,0,0,0,0,0,0,0,0,0,0,0,1,0,0,0,0,0,0,0,0,0,0,0,0,1,0,0,1,0,0,1,0,0
0,3.0,0,10.819798284210286,37.2,326.4,134.0,343332506.3969777,442956821.3280459,0,0,0,0,0,0,1,0,0,0,0,0,0,0,0,0,0,0,0,0,0,0,0,0,0,0,1,0,0,0,0,0,0,0,0,0,0,1,0,0,0,1,0,0,0,1
0,1.0,0,8.294299608857235,37.2,326.4,134.0,474107836.8118428,477277561.5611059,0,0,0,0,0,0,1,0,0,0,0,0,0,0,0,0,0,0,0,0,0,0,0,0,0,0,1,0,0,0,0,0,0,0,0,0,1,0,0,0,0,1,0,1,0,0
0,0.0,1,0.0,82.0,420.0,349.0,477843490.9767624,624026350.9937776,0,0,0,0,0,0,1,0,0,0,0,0,0,0,0,0,0,0,0,0,0,0,0,0,0,0,0,0,0,1,0,0,0,0,0,0,0,1,0,0,0,1,0,0,0,1
1,0.0,1,0.0,17.0,150.0,41.0,303704298.2117829,320840214.8605745,0,0,0,0,0,0,1,0,0,0,1,0,0,0,0,0,0,0,0,0,0,0,0,0,0,0,0,0,0,0,0,0,0,0,0,1,0,0,0,0,0,1,0,1,0,0
0,1.0,0,8.294299608857235,18.6,215.0,43.0,302966815.59785867,395068963.49130124,0,0,0,0,0,0,1,0,0,0,0,0,0,0,0,0,0,0,0,0,0,0,0,0,0,1,0,0,0,0,0,0,0,0,0,0,0,1,0,0,0,1,0,0,0,1
0,0.0,1,0.0,60.1,450.0,204.0,506719688.68396884,477423373.8058077,0,0,0,0,0,0,1,0,0,0,0,0,0,0,1,0,0,0,0,0,0,0,0,0,0,0,0,0,0,0,0,0,0,0,0,0,0,1,0,0,0,1,0,1,0,0
0,0.0,1,0.0,18.6,215.0,43.0,302886944.86303437,337080624.3813382,0,0,0,0,0,0,1,0,0,0,0,0,0,0,0,0,0,0,0,0,0,0,0,0,0,1,0,0,0,0,0,0,0,0,0,0,1,0,0,0,0,1,0,1,0,0
0,1.0,0,9.305741456739435,60.1,450.0,204.0,368681410.8066291,455831737.83054477,0,0,0,0,0,0,1,0,0,0,0,0,0,0,1,0,0,0,0,0,0,0,0,0,0,0,0,0,0,0,0,0,0,0,0,1,0,0,0,0,0,1,0,1,0,0
0,0.0,1,0.0,18.6,215.0,43.0,301640938.473258,332723082.4818969,0,0,0,0,0,0,1,0,0,0,0,0,0,0,0,0,0,0,0,0,0,0,0,0,0,1,0,0,0,0,0,0,0,0,0,0,0,1,0,0,1,0,0,1,0,0
0,1.0,0,9.61587214452889,59.6,381.0,201.0,556100391.0307504,442046586.38245565,0,0,0,0,0,0,1,0,0,0,0,0,0,0,0,0,0,0,0,0,0,0,0,0,0,0,0,1,0,0,0,0,0,0,0,0,0,1,0,0,0,1,0,0,0,1
0,0.0,1,10.203629181337648,82.0,420.0,349.0,744979541.9034327,621513750.9265507,0,0,0,0,0,0,1,0,0,0,0,0,0,0,0,0,0,0,0,0,0,0,0,0,0,0,0,0,0,1,0,0,0,0,1,0,0,0,0,0,0,0,1,1,0,0
1,1.0,0,8.517393171418904,18.6,215.0,43.0,645013619.5664712,394536407.49130124,0,0,0,0,0,0,1,0,0,0,0,0,0,0,0,0,0,0,0,0,0,0,0,0,0,1,0,0,0,0,0,0,0,0,1,0,0,0,0,0,0,0,1,1,0,0
0,0.0,1,0.0,82.0,420.0,349.0,477843489.8836252,624026349.119828,0,0,0,0,0,0,1,0,0,0,0,0,0,0,0,0,0,0,0,0,0,0,0,0,0,0,0,0,0,1,0,0,0,0,0,0,0,1,0,0,0,1,0,0,0,1
0,0.0,1,0.0,75.3,450.0,201.0,509452627.08573645,587428491.4977938,0,0,0,0,0,0,1,0,0,0,0,0,0,0,0,0,0,0,0,0,0,0,0,0,0,0,0,0,1,0,0,0,0,0,0,0,0,1,0,0,0,1,0,0,0,1
1,2.0,0,9.741027444837728,59.6,381.0,201.0,487315821.15809727,450135253.52457213,0,0,0,0,0,0,1,0,0,0,0,0,0,0,0,0,0,0,0,0,0,0,0,0,0,0,0,1,0,0,0,0,0,0,0,0,0,1,0,0,0,1,0,0,1,0
0,1.0,0,9.093918908958932,60.1,450.0,204.0,372291935.96978706,460530366.4675311,0,0,0,0,0,0,1,0,0,0,0,0,0,0,1,0,0,0,0,0,0,0,0,0,0,0,0,0,0,0,0,0,0,0,0,0,0,1,0,0,0,1,0,0,0,1
0,1.0,1,0.0,18.6,215.0,43.0,642883184.7838625,393510826.0959524,0,0,0,0,0,0,1,0,0,0,0,0,0,0,0,0,0,0,0,0,0,0,0,0,0,1,0,0,0,0,0,0,0,0,0,1,0,0,0,0,1,0,0,1,0,0
0,0.0,1,0.0,37.2,326.4,134.0,484666533.0259533,355091375.9375507,0,0,0,0,0,0,1,0,0,0,0,0,0,0,0,0,0,0,0,0,0,0,0,0,0,0,1,0,0,0,0,0,0,0,0,0,1,0,0,0,0,1,0,1,0,0
0,3.0,1,10.596659732783579,82.0,420.0,349.0,742218805.7071137,547695844.7297089,0,0,0,0,0,0,1,0,0,0,0,0,0,0,0,0,0,0,0,0,0,0,0,0,0,0,0,0,0,1,0,0,0,0,0,0,0,1,0,0,1,0,0,1,0,0
1,2.0,1,9.210440366976517,18.6,215.0,43.0,302227200.4540887,400784900.7205149,0,0,0,0,0,0,1,0,0,0,0,0,0,0,0,0,0,0,0,0,0,0,0,0,0,1,0,0,0,0,0,0,0,0,0,0,0,1,0,0,1,0,0,1,0,0
0,4.0,0,10.933124826700707,42.0,318.6,147.0,324913465.3871169,416513245.8343768,0,0,0,0,0,0,1,0,0,0,0,0,0,0,0,0,0,0,0,0,0,0,0,0,1,0,0,0,0,0,0,0,0,0,0,0,0,1,0,0,0,1,0,1,0,0
0,0.0,1,0.0,59.6,381.0,201.0,484666533.0259533,484666533.0259533,0,0,0,0,1,0,0,0,0,0,0,0,0,0,0,0,0,0,0,1,0,0,0,0,0,0,0,0,0,0,0,0,0,0,0,0,0,1,0,1,0,0,0,1,0,0
1,2.0,1,0.0,18.6,215.0,43.0,642989464.9770993,400102243.89394665,0,0,0,0,0,0,1,0,0,0,0,0,0,0,0,0,0,0,0,0,0,0,0,0,0,1,0,0,0,0,0,0,0,0,0,0,0,1,0,0,1,0,0,1,0,0
0,0.0,0,5.707110264748875,18.6,215.0,43.0,302489181.28475964,335689562.92882425,0,0,0,0,0,0,1,0,0,0,0,0,0,0,0,0,0,0,0,0,0,0,0,0,0,1,0,0,0,0,0,0,0,0,0,0,1,0,0,0,0,1,0,0,0,1
1,1.0,1,0.0,37.2,326.4,134.0,340842714.05003893,476740102.2777183,0,0,0,0,0,0,1,0,0,0,0,0,0,0,0,0,0,0,0,0,0,0,0,0,0,0,1,0,0,0,0,0,0,0,0,0,0,1,0,0,1,0,0,1,0,0
0,1.0,1,10.085850775128717,18.6,215.0,43.0,643008788.6485968,393571291.21223146,0,0,0,0,0,0,1,0,0,0,0,0,0,0,0,0,0,0,0,0,0,0,0,0,0,1,0,0,0,0,0,0,0,0,0,0,0,1,0,0,1,0,0,1,0,0
0,0.0,1,0.0,59.6,381.0,201.0,530823911.48585486,564000333.1412208,0,0,0,0,0,0,1,0,0,0,0,0,0,0,0,0,0,0,0,1,0,0,0,0,0,0,0,0,0,0,0,0,0,0,0,1,0,0,0,0,0,1,0,0,0,1
0,1.0,1,0.0,75.3,450.0,201.0,573577688.6839689,566666808.45558,0,0,0,0,0,0,1,0,0,0,0,0,0,0,0,0,0,0,0,0,0,0,0,0,0,0,0,0,1,0,0,0,0,0,0,0,0,1,0,0,0,1,0,0,0,1
0,2.0,1,10.518700218288165,59.6,381.0,201.0,398157226.0156912,450024142.413461,0,0,0,0,0,0,1,0,0,0,0,0,0,0,0,0,0,0,0,0,0,0,0,0,0,0,0,1,0,0,0,0,0,0,0,0,0,1,0,0,1,0,0,1,0,0
0,1.0,0,10.308985993422082,18.6,215.0,43.0,302966815.1665487,395068962.86339426,0,0,0,0,0,0,1,0,0,0,0,0,0,0,0,0,0,0,0,0,0,0,0,0,0,1,0,0,0,0,0,0,0,0,0,0,0,1,0,0,0,1,0,0,0,1
0,0.0,0,10.968215530759236,59.6,381.0,201.0,398761392.6823579,495179310.964345,0,0,0,0,0,0,1,0,0,0,0,0,0,0,0,0,0,0,0,0,0,0,0,0,0,0,0,1,0,0,0,0,0,0,0,0,0,1,0,1,0,0,0,1,0,0
0,4.0,0,11.002116507732017,59.6,381.0,201.0,398400281.5712468,414444471.0173022,0,0,0,0,0,0,1,0,0,0,0,0,0,0,0,0,0,0,0,0,0,0,0,0,0,0,0,1,0,0,0,0,0,0,0,0,0,1,0,1,0,0,0,1,0,0
0,3.0,0,11.264476926102367,82.0,420.0,349.0,477843490.7169585,549144586.2287418,0,0,0,0,0,0,1,0,0,0,0,0,0,0,0,0,0,0,0,0,0,0,0,0,0,0,0,0,0,1,0,0,0,0,0,0,0,1,0,0,0,1,0,0,0,1
0,0.0,1,0.0,82.0,420.0,349.0,473186631.1336252,616043162.6912566,0,0,0,0,0,0,1,0,0,0,0,0,0,0,0,0,0,0,0,0,0,0,0,0,0,0,0,0,0,1,0,0,0,0,0,0,1,0,0,0,0,1,0,1,0,0
0,3.0,1,0.0,37.2,326.4,134.0,473708704.4908016,434788001.52285105,0,0,0,0,0,0,1,0,0,0,0,0,0,0,0,0,0,0,0,0,0,0,0,0,0,0,1,0,0,0,0,0,0,0,0,0,0,1,0,0,1,0,0,1,0,0
0,4.0,1,11.58989576532275,42.0,318.6,147.0,322146342.09944564,414243582.9130285,0,0,0,0,0,0,1,0,0,0,0,0,0,0,0,0,0,0,0,0,0,0,0,0,1,0,0,0,0,0,0,0,0,0,0,0,0,1,0,0,1,0,0,1,0,0
0,0.0,1,0.0,82.0,420.0,349.0,484666533.0259533,617571061.8509204,0,0,0,0,0,0,1,0,0,0,0,0,0,0,0,0,0,0,0,0,0,0,0,0,0,0,0,0,0,1,0,0,0,0,0,0,0,1,0,0,0,1,0,1,0,0
0,0.0,1,0.0,60.1,450.0,204.0,368901726.59610283,477828238.67067254,0,0,0,0,1,0,0,0,0,0,0,0,0,0,1,0,0,0,0,0,0,0,0,0,0,0,0,0,0,0,0,0,0,0,0,0,1,0,0,0,0,1,0,1,0,0
0,1.0,0,8.160803920954665,75.3,450.0,201.0,502091523.56721795,561789511.7439235,0,0,0,0,0,0,1,0,0,0,0,0,0,0,0,0,0,0,0,0,0,0,0,0,0,0,0,0,1,0,0,0,0,0,0,0,0,1,0,0,0,1,0,0,1,0
0,1.0,1,0.0,59.6,381.0,201.0,482055444.1882944,575666563.866118,0,0,0,0,1,0,0,0,0,0,0,0,0,0,0,0,0,0,0,1,0,0,0,0,0,0,0,0,0,0,0,0,0,0,0,0,0,1,0,0,1,0,0,1,0,0
0,3.0,0,10.308985993422082,59.6,381.0,201.0,373058695.8103813,465555495.8549611,0,0,0,0,0,0,1,0,0,1,0,0,0,0,0,0,0,0,0,0,0,0,0,0,0,0,0,0,0,0,0,0,0,0,0,0,0,1,0,0,0,1,0,0,0,1
1,4.0,1,11.39640288460621,59.6,381.0,201.0,419235782.5389575,415555713.9012403,0,0,0,0,0,0,1,0,0,0,0,0,0,0,0,0,0,0,0,0,0,0,0,0,0,0,0,0,0,0,0,1,0,0,1,0,0,0,0,0,0,0,1,0,1,0
0,1.0,1,0.0,59.6,381.0,201.0,398344726.0156912,439419470.196015,0,0,0,0,0,0,1,0,0,0,0,0,0,0,0,0,0,0,0,0,0,0,0,0,0,0,0,1,0,0,0,0,0,0,0,0,0,1,0,0,0,1,0,0,1,0
0,2.0,0,10.12667110305036,75.3,450.0,201.0,509452628.42832905,408707951.74328125,0,0,0,0,0,0,1,0,0,0,0,0,0,0,0,0,0,0,0,0,0,0,0,0,0,0,0,0,1,0,0,0,0,0,0,0,0,1,0,0,0,1,0,0,0,1
0,3.0,0,11.002083174398681,82.0,420.0,349.0,494102090.3855765,547829307.0121074,0,0,0,0,0,0,1,0,0,0,0,0,0,0,0,0,0,0,0,0,0,0,0,0,0,0,0,0,0,1,0,0,0,0,0,0,0,1,0,0,0,1,0,1,0,0
1,2.0,0,11.302216779257382,18.6,215.0,43.0,302869372.97805035,402268295.5544632,0,0,0,0,0,0,1,0,0,0,0,0,0,0,0,0,0,0,0,0,0,0,0,0,0,1,0,0,0,0,0,0,0,0,0,0,0,1,0,0,0,1,0,1,0,0
0,0.0,1,0.0,59.6,381.0,201.0,550506056.879807,494974342.02024555,0,0,0,0,0,0,1,0,0,0,0,0,0,0,0,0,0,0,0,0,0,0,0,0,0,0,0,1,0,0,0,0,0,0,1,0,0,0,0,0,0,1,0,1,0,0
1,2.0,0,9.210440366976517,18.6,215.0,43.0,302966816.60744333,402493386.7426551,0,0,0,0,0,0,1,0,0,0,0,0,0,0,0,0,0,0,0,0,0,0,0,0,0,1,0,0,0,0,0,0,0,0,0,0,0,1,0,0,0,1,0,0,0,1
0,3.0,0,10.985309671896763,82.0,420.0,349.0,477843490.69244874,549144586.2190707,0,0,0,0,0,0,1,0,0,0,0,0,0,0,0,0,0,0,0,0,0,0,0,0,0,0,0,0,0,1,0,0,0,0,0,0,0,1,0,0,0,1,0,0,0,1
1,1.0,0,8.294299608857235,18.6,215.0,43.0,302570650.9333219,394492221.4447896,0,0,0,0,0,0,1,0,0,0,0,0,0,0,0,0,0,0,0,0,0,0,0,0,0,1,0,0,0,0,0,0,0,0,0,0,1,0,0,0,0,1,0,1,0,0
0,4.0,0,10.896757843893464,82.0,420.0,349.0,740740278.0997517,538213082.4254135,0,0,0,0,0,0,1,0,0,0,0,0,0,0,0,0,0,0,0,0,0,0,0,0,0,0,0,0,0,1,0,0,0,0,0,0,0,1,0,1,0,0,0,1,0,0
0,1.0,0,11.0186455364637,59.6,381.0,201.0,550675868.2005616,439610148.1621167,0,0,0,0,0,0,1,0,0,0,0,0,0,0,0,0,0,0,0,0,0,0,0,0,0,0,0,1,0,0,0,0,0,0,0,0,0,1,0,0,0,1,0,1,0,0
0,1.0,1,9.61587214452889,18.6,215.0,43.0,302966815.9844401,395068964.05409193,0,0,0,0,0,0,1,0,0,0,0,0,0,0,0,0,0,0,0,0,0,0,0,0,0,1,0,0,0,0,0,0,0,0,0,0,0,1,0,0,0,1,0,0,0,1
0,1.0,1,0.0,37.2,326.4,134.0,473995038.5472007,477108180.45361406,0,0,0,0,0,0,1,0,0,0,0,0,0,0,0,0,0,0,0,0,0,0,0,0,0,0,1,0,0,0,0,0,0,0,0,0,0,1,0,0,1,0,0,1,0,0
0,0.0,1,0.0,75.3,450.0,201.0,507644397.7506355,578355104.5253167,0,0,0,0,0,0,1,0,0,0,0,0,0,0,0,0,0,0,0,0,0,0,0,0,0,0,0,0,1,0,0,0,0,0,0,0,0,1,0,0,0,1,0,0,1,0
0,2.0,0,10.518700218288165,59.6,381.0,201.0,484666533.0259533,484666533.0259533,0,0,0,0,1,0,0,0,0,0,0,0,0,0,0,0,0,0,0,1,0,0,0,0,0,0,0,0,0,0,0,0,0,0,0,0,0,1,0,1,0,0,0,1,0,0
0,2.0,1,8.665785595466064,75.3,450.0,201.0,480711057.3506355,404954536.33232236,0,0,0,0,0,0,1,0,0,0,0,0,0,0,0,0,0,0,0,0,0,0,0,0,0,0,0,0,1,0,0,0,0,0,1,0,0,0,0,0,0,0,1,1,0,0
0,0.0,1,0.0,37.2,326.4,134.0,484666533.0259533,354894567.4269124,0,0,0,0,0,0,1,0,0,0,0,0,0,0,0,0,0,0,0,0,0,0,0,0,0,0,1,0,0,0,0,0,0,0,0,0,0,1,0,0,0,1,0,1,0,0
0,1.0,0,11.918397239722838,60.1,450.0,204.0,683978473.0687022,456728998.1045174,0,0,0,0,0,0,1,0,0,0,0,0,0,0,1,0,0,0,0,0,0,0,0,0,0,0,0,0,0,0,0,0,0,0,0,0,0,1,0,1,0,0,0,1,0,0
0,3.0,1,10.275085591132715,82.0,420.0,349.0,497681034.2224186,549144586.1784517,0,0,0,0,0,0,1,0,0,0,0,0,0,0,0,0,0,0,0,0,0,0,0,0,0,0,0,0,0,1,0,0,0,0,0,1,0,0,0,0,0,1,0,0,0,1
0,2.0,0,9.90353755128617,59.6,381.0,201.0,489919124.2159485,454252896.2696702,0,0,0,0,0,0,1,0,0,0,0,0,0,0,0,0,0,0,0,0,0,0,0,0,0,0,0,1,0,0,0,0,0,0,0,0,0,1,0,0,0,1,0,0,0,1
0,4.0,0,10.819798284210286,82.0,420.0,349.0,746411471.3535901,540442249.0920801,0,0,0,0,0,0,1,0,0,0,0,0,0,0,0,0,0,0,0,0,0,0,0,0,0,0,0,0,0,1,0,0,0,0,0,0,0,1,0,1,0,0,0,1,0,0
0,0.0,1,0.0,59.6,381.0,201.0,511692602.6638282,526111389.23183453,0,0,0,0,0,0,1,0,0,0,0,0,0,0,0,0,1,0,0,0,0,0,0,0,0,0,0,0,0,0,0,0,0,0,0,1,0,0,0,0,0,1,0,1,0,0
1,2.0,0,10.308985993422082,59.6,381.0,201.0,484666533.0259533,454252896.75986624,0,0,0,0,0,0,1,0,0,0,0,0,0,0,0,0,0,0,0,0,0,0,0,0,0,0,0,1,0,0,0,0,0,0,0,0,0,1,0,0,0,1,0,0,0,1
0,1.0,0,11.289794413577894,60.1,450.0,204.0,686494602.1009603,457797491.2552023,0,0,0,0,0,0,1,0,0,0,0,0,0,0,1,0,0,0,0,0,0,0,0,0,0,0,0,0,0,0,0,0,0,0,0,0,0,1,0,0,1,0,0,1,0,0
1,2.0,1,9.510519035757246,18.6,215.0,43.0,301640938.473258,399430657.1780795,0,0,0,0,0,0,1,0,0,0,0,0,0,0,0,0,0,0,0,0,0,0,0,0,0,1,0,0,0,0,0,0,0,0,0,0,0,1,0,0,1,0,0,1,0,0
0,1.0,1,9.392745258631441,75.3,450.0,201.0,493721153.19684756,556243499.4739848,0,0,0,0,0,0,1,0,0,0,0,0,0,0,0,0,0,0,0,0,0,0,0,0,0,0,0,0,1,0,0,0,0,0,0,0,0,1,0,1,0,0,0,0,1,0
1,3.0,1,9.680406499268875,92.0,480.0,402.0,570614132.3820807,456195501.4622338,0,0,0,0,0,0,1,0,0,0,0,0,0,0,0,0,0,0,0,0,0,0,0,0,0,0,0,0,0,0,1,0,0,0,0,0,0,1,0,0,1,0,0,1,0,0
1,1.0,0,9.798182590890704,18.6,215.0,43.0,302616976.8119162,394559663.3052547,0,0,0,0,0,0,1,0,0,0,0,0,0,0,0,0,0,0,0,0,0,0,0,0,0,1,0,0,0,0,0,0,0,0,0,0,1,0,0,0,0,1,0,0,0,1
0,1.0,0,6.2166061010848646,82.0,420.0,349.0,484666533.0259533,659399966.5351359,0,0,0,0,0,0,1,0,0,0,0,0,0,0,0,0,0,0,0,0,0,0,0,0,0,0,0,0,0,1,0,0,0,0,0,0,1,0,0,0,0,1,0,0,0,1
0,1.0,0,7.601402334583733,75.3,450.0,201.0,504221153.19684756,563200554.6887088,0,0,0,0,0,0,1,0,0,0,0,0,0,0,0,0,0,0,0,0,0,0,0,0,0,0,0,0,1,0,0,0,0,0,0,0,0,1,0,0,1,0,0,1,0,0
0,0.0,1,0.0,18.6,215.0,43.0,302538702.0515328,335862747.28636605,0,0,0,0,0,0,1,0,0,0,0,0,0,0,0,0,0,0,0,0,0,0,0,0,0,1,0,0,0,0,0,0,0,0,0,0,1,0,0,0,0,1,0,1,0,0
0,0.0,1,0.0,75.3,450.0,201.0,629702694.7407442,583400976.0849499,0,0,0,0,0,0,1,0,0,0,0,0,0,0,0,0,0,0,0,0,0,0,0,0,0,0,0,0,1,0,0,0,0,0,0,0,0,1,0,0,1,0,0,1,0,0
1,3.0,1,0.0,92.0,480.0,402.0,573285412.2486788,461656024.4951285,0,0,0,0,0,0,1,0,0,0,0,0,0,0,0,0,0,0,0,0,0,0,0,0,0,0,0,0,0,0,1,0,0,0,0,0,0,1,0,0,0,1,0,0,0,1
0,3.0,0,10.239995502805316,92.0,480.0,402.0,614298291.329449,461656021.33065486,0,0,0,0,0,0,1,0,0,0,0,0,0,0,0,0,0,0,0,0,0,0,0,0,0,0,0,0,0,0,1,0,0,0,0,0,0,1,0,0,0,1,0,0,0,1
0,0.0,1,0.0,18.6,215.0,43.0,642936324.8804809,333678389.74446666,0,0,0,0,0,0,1,0,0,0,0,0,0,0,0,0,0,0,0,0,0,0,0,0,0,1,0,0,0,0,0,0,0,0,0,0,0,1,0,0,1,0,0,1,0,0
0,1.0,1,0.0,82.0,420.0,349.0,492423143.01715547,658652302.9837339,0,0,0,0,0,0,1,0,0,0,0,0,0,0,0,0,0,0,0,0,0,0,0,0,0,0,0,0,0,1,0,0,0,0,0,0,0,1,0,0,0,1,0,1,0,0
0,0.0,1,0.0,59.6,381.0,201.0,410987255.9715205,476555550.4409301,1,0,0,0,0,0,0,0,0,0,0,0,0,0,0,0,0,0,0,0,0,0,0,0,0,0,0,0,0,0,0,0,1,0,1,0,0,0,0,0,0,1,0,0,0,1
1,1.0,0,8.853808274977197,92.0,480.0,402.0,641945705.3548728,663031562.0022182,0,0,0,0,0,0,1,0,0,0,0,0,0,0,0,0,0,0,0,0,0,0,0,0,0,0,0,0,0,0,1,0,0,0,0,0,0,1,0,0,1,0,0,1,0,0
0,1.0,1,0.0,60.1,450.0,204.0,476757455.2451907,460016669.33739406,0,0,0,0,0,0,1,0,0,0,0,0,0,0,1,0,0,0,0,0,0,0,0,0,0,0,0,0,0,0,0,0,0,0,0,0,1,0,0,0,0,1,0,1,0,0
0,2.0,1,0.0,59.6,381.0,201.0,649614083.9083965,450795384.2435264,0,0,0,0,0,0,1,0,0,0,0,0,0,0,0,0,0,0,0,0,0,0,0,0,0,0,0,1,0,0,0,0,0,0,0,0,0,1,0,0,1,0,0,1,0,0
0,4.0,0,8.612685172875459,42.0,318.6,147.0,323132643.4693087,415052571.6770734,0,0,0,0,0,0,1,0,0,0,0,0,0,0,0,0,0,0,0,0,0,0,0,0,1,0,0,0,0,0,0,0,0,0,0,0,0,1,0,1,0,0,0,1,0,0
0,1.0,1,0.0,37.2,326.4,134.0,343222305.88677365,478639125.0790212,0,0,0,0,0,0,1,0,0,0,0,0,0,0,0,0,0,0,0,0,0,0,0,0,0,0,1,0,0,0,0,0,0,0,0,0,1,0,0,0,0,1,0,1,0,0
0,0.0,1,0.0,37.2,326.4,134.0,343010060.9888144,357117971.6822316,0,0,0,0,0,0,1,0,0,0,0,0,0,0,0,0,0,0,0,0,0,0,0,0,0,0,1,0,0,0,0,0,0,0,0,0,0,1,0,0,0,1,0,1,0,0
0,1.0,0,9.852246888342531,75.3,450.0,201.0,632340194.7407442,565268039.3512855,0,0,0,0,0,0,1,0,0,0,0,0,0,0,0,0,0,0,0,0,0,0,0,0,0,0,0,0,1,0,0,0,0,0,1,0,0,0,0,0,0,0,1,1,0,0
0,3.0,0,10.736418414365376,82.0,420.0,349.0,477843490.5698997,549144586.1707147,0,0,0,0,0,0,1,0,0,0,0,0,0,0,0,0,0,0,0,0,0,0,0,0,0,0,0,0,0,1,0,0,0,0,0,1,0,0,0,0,0,1,0,0,0,1
0,3.0,0,10.596659732783579,82.0,420.0,349.0,748473971.3535901,548361221.9057244,0,0,0,0,0,0,1,0,0,0,0,0,0,0,0,0,0,0,0,0,0,0,0,0,0,0,0,0,0,1,0,0,0,0,0,0,0,1,0,0,1,0,0,1,0,0
0,0.0,1,0.0,59.6,381.0,201.0,371707346.51179695,534896666.4471095,0,0,0,0,0,0,1,0,0,0,0,0,0,0,0,1,0,0,0,0,0,0,0,0,0,0,0,0,0,0,0,0,0,0,0,0,1,0,0,0,0,1,0,1,0,0
0,1.0,0,9.852246888342531,75.3,450.0,201.0,626877694.7407442,562587057.7561935,0,0,0,0,0,0,1,0,0,0,0,0,0,0,0,0,0,0,0,0,0,0,0,0,0,0,0,0,1,0,0,0,0,0,0,0,0,1,0,0,0,1,0,1,0,0
0,1.0,1,0.0,60.1,450.0,204.0,669284924.6816055,450489272.0771201,0,0,0,0,0,0,1,0,0,0,0,0,0,0,1,0,0,0,0,0,0,0,0,0,0,0,0,0,0,0,0,0,0,0,0,0,0,0,1,1,0,0,0,0,1,0
0,0.0,1,0.0,82.0,420.0,349.0,474118003.6826448,617639801.3467188,0,0,0,0,0,0,1,0,0,0,0,0,0,0,0,0,0,0,0,0,0,0,0,0,0,0,0,0,0,1,0,0,0,0,0,0,1,0,0,0,0,1,0,1,0,0
0,1.0,1,0.0,37.2,326.4,134.0,475073127.84221154,478727070.2418877,0,0,0,0,0,0,1,0,0,0,0,0,0,0,0,0,0,0,0,0,0,0,0,0,0,0,1,0,0,0,0,0,0,0,0,0,0,1,0,0,0,1,0,0,0,1
0,1.0,0,7.8636512654486515,60.1,450.0,204.0,368739305.5434712,455907080.2962982,0,0,0,0,0,0,1,0,0,0,0,0,0,0,1,0,0,0,0,0,0,0,0,0,0,0,0,0,0,0,0,0,0,0,0,0,1,0,0,0,0,1,0,0,0,1
0,1.0,0,9.90353755128617,18.6,215.0,43.0,302535507.1633539,394441058.6540919,0,0,0,0,0,0,1,0,0,0,0,0,0,0,0,0,0,0,0,0,0,0,0,0,0,1,0,0,0,0,0,0,0,0,1,0,0,0,0,0,0,0,1,1,0,0
0,3.0,0,10.896757843893464,82.0,420.0,349.0,477843490.2267624,549144586.0353183,0,0,0,0,0,0,1,0,0,0,0,0,0,0,0,0,0,0,0,0,0,0,0,0,0,0,0,0,0,1,0,0,0,0,0,0,0,1,0,0,0,1,0,0,0,1
0,2.0,1,0.0,92.0,480.0,402.0,569733266.5129766,476140834.34047633,0,0,0,0,0,0,1,0,0,0,0,0,0,0,0,0,0,0,0,0,0,0,0,0,0,0,0,0,0,0,1,0,0,0,0,0,0,1,0,1,0,0,0,1,0,0
0,1.0,0,11.156264806643742,82.0,420.0,349.0,483284660.1290416,662306508.5912105,0,0,0,0,0,0,1,0,0,0,0,0,0,0,0,0,0,0,0,0,0,0,0,0,0,0,0,0,0,1,0,0,0,0,0,0,0,1,0,0,1,0,0,1,0,0
0,1.0,1,0.0,59.6,381.0,201.0,402650277.0851357,442046586.10279465,0,0,0,0,0,0,1,0,0,0,0,0,0,0,0,0,0,0,0,0,0,0,0,0,0,0,0,1,0,0,0,0,0,0,0,0,0,1,0,0,0,1,0,0,0,1
0,3.0,1,0.0,59.6,381.0,201.0,744666563.866118,787972110.854961,0,0,0,1,0,0,0,0,0,0,0,0,0,0,0,0,0,0,0,1,0,0,0,0,0,0,0,0,0,0,0,0,0,0,0,0,0,1,0,0,1,0,0,1,0,0
1,1.0,0,8.902591637374087,18.6,215.0,43.0,302647328.24961585,394603849.35176635,0,0,0,0,0,0,1,0,0,0,0,0,0,0,0,0,0,0,0,0,0,0,0,0,0,1,0,0,0,0,0,0,0,0,0,0,1,0,0,0,0,1,0,0,0,1
0,3.0,1,0.0,82.0,420.0,349.0,746794283.8535901,547945361.1707147,0,0,0,0,0,0,1,0,0,0,0,0,0,0,0,0,0,0,0,0,0,0,0,0,0,0,0,0,0,1,0,0,0,0,0,0,0,1,0,0,1,0,0,1,0,0
0,2.0,0,9.61587214452889,18.6,215.0,43.0,302966816.7240567,402493387.0120278,0,0,0,0,0,0,1,0,0,0,0,0,0,0,0,0,0,0,0,0,0,0,0,0,0,1,0,0,0,0,0,0,0,0,0,0,0,1,0,0,0,1,0,0,0,1
1,3.0,0,9.472781556562168,92.0,480.0,402.0,573285410.4080194,461656022.29118115,0,0,0,0,0,0,1,0,0,0,0,0,0,0,0,0,0,0,0,0,0,0,0,0,0,0,0,0,0,0,1,0,0,0,0,0,0,1,0,0,0,1,0,0,0,1
0,1.0,1,7.601402334583733,18.6,215.0,43.0,302966816.58987147,395068964.9354873,0,0,0,0,0,0,1,0,0,0,0,0,0,0,0,0,0,0,0,0,0,0,0,0,0,1,0,0,0,0,0,0,0,0,0,0,0,1,0,0,0,1,0,0,0,1
0,1.0,0,9.952325334619427,18.6,215.0,43.0,302607392.1473794,394545709.8168826,0,0,0,0,0,0,1,0,0,0,0,0,0,0,0,0,0,0,0,0,0,0,0,0,0,1,0,0,0,0,0,0,0,0,0,0,1,0,0,0,0,1,0,1,0,0
0,2.0,1,9.433563920090563,59.6,381.0,201.0,400816948.2379134,452527410.38731724,0,0,0,0,0,0,1,0,0,0,0,0,0,0,0,0,0,0,0,0,0,0,0,0,0,0,0,1,0,0,0,0,0,0,1,0,0,0,0,0,0,0,1,1,0,0
0,2.0,1,8.006700845440367,18.6,215.0,43.0,302966816.3246957,402493386.0895186,0,0,0,0,0,0,1,0,0,0,0,0,0,0,0,0,0,0,0,0,0,0,0,0,0,1,0,0,0,0,0,0,0,0,0,0,0,1,0,0,0,1,0,0,0,1
0,2.0,1,0.0,37.2,326.4,134.0,472049268.48212475,389475595.2205044,0,0,0,0,0,0,1,0,0,0,0,0,0,0,0,0,0,0,0,0,0,0,0,0,0,0,1,0,0,0,0,0,0,0,0,0,0,1,0,1,0,0,0,1,0,0
0,2.0,0,8.517393171418904,37.2,326.4,134.0,474010222.92897946,393289941.2120656,0,0,0,0,0,0,1,0,0,0,0,0,0,0,0,0,0,0,0,0,0,0,0,0,0,0,1,0,0,0,0,0,0,0,1,0,0,0,0,0,0,0,1,1,0,0
0,4.0,0,10.239995502805316,59.6,381.0,201.0,422770255.1251644,419826534.9429069,0,0,0,0,0,0,1,0,0,0,0,0,0,0,0,0,0,0,0,0,0,0,0,0,0,0,0,0,0,0,0,1,0,0,0,0,0,1,0,0,0,1,0,0,0,1
0,3.0,0,10.239995502805316,92.0,480.0,402.0,610577997.5987679,461656022.0872338,0,0,0,0,0,0,1,0,0,0,0,0,0,0,0,0,0,0,0,0,0,0,0,0,0,0,0,0,0,0,1,0,0,0,0,0,0,1,0,0,0,1,0,0,0,1
0,1.0,0,10.165890277802454,59.6,381.0,201.0,487336482.31512207,439398283.755337,0,0,0,0,0,0,1,0,0,0,0,0,0,0,0,0,0,0,0,0,0,0,0,0,0,0,0,1,0,0,0,0,0,0,0,0,0,1,0,0,0,1,0,1,0,0
0,1.0,1,0.0,37.2,326.4,134.0,341495775.27452874,477261274.9161548,0,0,0,0,0,0,1,0,0,0,0,0,0,0,0,0,0,0,0,0,0,0,0,0,0,0,1,0,0,0,0,0,0,0,1,0,0,0,0,0,0,1,0,1,0,0
0,3.0,1,10.859018228147887,82.0,420.0,349.0,476568984.0748016,548641686.1223588,0,0,0,0,0,0,1,0,0,0,0,0,0,0,0,0,0,0,0,0,0,0,0,0,0,0,0,0,0,1,0,0,0,0,1,0,0,0,0,0,0,0,1,1,0,0
0,0.0,1,0.0,59.6,381.0,201.0,484666533.0259533,553148398.676279,0,0,0,0,0,0,1,0,0,0,0,0,0,0,0,0,1,0,0,0,0,0,0,0,0,0,0,0,0,0,0,0,0,0,0,1,0,0,0,0,0,1,0,0,0,1
0,0.0,1,0.0,18.6,215.0,43.0,302554676.49242735,335918613.20815384,0,0,0,0,0,0,1,0,0,0,0,0,0,0,0,0,0,0,0,0,0,0,0,0,0,1,0,0,0,0,0,0,0,0,0,0,0,1,0,0,0,1,0,1,0,0
0,1.0,0,10.819798284210286,75.3,450.0,201.0,627315194.7407442,562801781.6825738,0,0,0,0,0,0,1,0,0,0,0,0,0,0,0,0,0,0,0,0,0,0,0,0,0,0,0,0,1,0,0,0,0,0,0,0,0,1,0,1,0,0,0,1,0,0
1,2.0,0,11.608244735642321,60.1,450.0,204.0,515820410.0199641,428950842.4910938,0,0,0,0,0,0,1,0,0,0,0,0,0,0,1,0,0,0,0,0,0,0,0,0,0,0,0,0,0,0,0,0,0,0,0,0,0,1,0,0,1,0,0,1,0,0
0,2.0,1,8.006700845440367,18.6,215.0,43.0,302966816.0483379,402493385.4511422,0,0,0,0,0,0,1,0,0,0,0,0,0,0,0,0,0,0,0,0,0,0,0,0,0,1,0,0,0,0,0,0,0,0,0,1,0,0,0,0,0,1,0,0,0,1
0,0.0,1,0.0,59.6,381.0,201.0,549600396.5024484,494378068.7283201,0,0,0,0,0,0,1,0,0,0,0,0,0,0,0,0,0,0,0,0,0,0,0,0,0,0,0,1,0,0,0,0,0,0,0,0,1,0,0,0,0,1,0,1,0,0
0,3.0,0,11.082157933374816,82.0,420.0,349.0,483526698.34560215,548042072.9695542,0,0,0,0,0,0,1,0,0,0,0,0,0,0,0,0,0,0,0,0,0,0,0,0,0,0,0,0,0,1,0,0,0,0,0,0,0,1,0,0,0,1,0,1,0,0
0,3.0,1,10.757924157061597,82.0,420.0,349.0,745778658.8535901,547693910.4937321,0,0,0,0,0,0,1,0,0,0,0,0,0,0,0,0,0,0,0,0,0,0,0,0,0,0,0,0,0,1,0,0,0,0,0,1,0,0,0,0,1,0,0,1,0,0
0,0.0,1,0.0,17.0,150.0,41.0,304058144.3656291,321246097.2135157,0,0,0,0,0,0,1,0,0,0,1,0,0,0,0,0,0,0,0,0,0,0,0,0,0,0,0,0,0,0,0,0,0,0,0,1,0,0,0,0,0,1,0,1,0,0
0,2.0,0,11.571203807011969,59.6,381.0,201.0,551487188.9552786,451056822.15202314,0,0,0,0,0,0,1,0,0,0,0,0,0,0,0,0,0,0,0,0,0,0,0,0,0,0,0,1,0,0,0,0,0,0,0,0,0,1,0,0,0,1,0,1,0,0
0,0.0,1,0.0,59.6,381.0,201.0,426908620.14688045,435645004.67531776,0,0,0,0,0,0,1,0,0,0,0,0,0,0,0,0,0,0,0,0,0,0,0,1,0,0,0,0,0,0,0,0,0,0,1,0,0,0,0,0,0,0,1,1,0,0
0,0.0,1,0.0,60.1,450.0,204.0,472657455.2451907,480288644.07607794,0,0,0,0,0,0,1,0,0,0,0,0,0,0,1,0,0,0,0,0,0,0,0,0,0,0,0,0,0,0,0,0,0,0,1,0,0,0,0,0,0,0,1,1,0,0
0,1.0,1,8.294299608857235,75.3,450.0,201.0,501869301.34499574,561642272.4801198,0,0,0,0,0,0,1,0,0,0,0,0,0,0,0,0,0,0,0,0,0,0,0,0,0,0,0,0,1,0,0,0,0,0,0,1,0,0,0,0,1,0,0,1,0,0
0,3.0,0,10.62135173563291,82.0,420.0,349.0,562729083.1412208,548748069.1010822,0,0,0,0,0,0,1,0,0,0,0,0,0,0,0,0,0,0,0,0,0,0,0,0,0,0,0,0,0,1,0,0,0,0,1,0,0,0,0,0,0,0,1,1,0,0
0,3.0,1,0.0,92.0,480.0,402.0,567796404.001426,455083659.3569706,0,0,0,0,0,0,1,0,0,0,0,0,0,0,0,0,0,0,0,0,0,0,0,0,0,0,0,0,0,0,1,0,0,0,0,0,0,1,0,0,1,0,0,1,0,0
0,3.0,0,9.680406499268875,82.0,420.0,349.0,487157265.23095244,549144585.5440223,0,0,0,0,0,0,1,0,0,0,0,0,0,0,0,0,0,0,0,0,0,0,0,0,0,0,0,0,0,1,0,0,0,0,0,0,0,1,0,0,0,1,0,0,0,1
0,4.0,0,11.002116507732017,59.6,381.0,201.0,402650278.09902453,455244437.68396884,0,0,0,0,0,0,1,0,0,0,0,0,0,0,0,0,0,0,0,0,0,0,0,0,0,0,0,1,0,0,0,0,0,0,0,0,0,1,0,0,0,1,0,0,0,1
0,0.0,1,0.0,92.0,480.0,402.0,484666533.0259533,859053814.740257,0,0,0,0,0,0,1,0,0,0,0,0,0,0,0,0,0,0,0,0,0,0,0,0,0,0,0,0,0,0,1,0,0,0,0,0,0,1,0,0,0,1,0,0,0,1
0,1.0,0,11.002116507732017,75.3,450.0,201.0,490552138.80060136,566666809.8420831,0,0,0,0,0,0,1,0,0,0,0,0,0,0,0,0,0,0,0,0,0,0,0,0,0,0,0,0,1,0,0,0,0,0,0,0,0,1,0,0,0,1,0,0,0,1
0,1.0,0,9.741027444837728,75.3,450.0,201.0,626940194.7407442,562617732.6028192,0,0,0,0,0,0,1,0,0,0,0,0,0,0,0,0,0,0,0,0,0,0,0,0,0,0,0,0,1,0,0,0,0,0,0,0,0,1,0,0,0,1,0,1,0,0
1,4.0,1,10.950824090522445,82.0,420.0,349.0,494323143.01715547,540657526.8698579,0,0,0,0,0,0,1,0,0,0,0,0,0,0,0,0,0,0,0,0,0,0,0,0,0,0,0,0,0,1,0,0,0,0,0,0,0,1,0,0,1,0,0,1,0,0
0,0.0,1,0.0,75.3,450.0,201.0,509452632.53944016,587428496.9014635,0,0,0,0,0,0,1,0,0,0,0,0,0,0,0,0,0,0,0,0,0,0,0,0,0,0,0,0,1,0,0,0,0,0,0,0,0,1,0,0,0,1,0,0,0,1
0,1.0,1,9.680406499268875,75.3,450.0,201.0,484666533.0259533,566666810.5230646,0,0,0,0,1,0,0,0,0,0,0,0,0,0,0,0,0,0,0,0,0,0,0,0,0,0,0,0,1,0,0,0,0,0,0,0,0,1,0,0,0,1,0,0,0,1
1,1.0,0,7.601402334583733,37.2,326.4,134.0,474064452.8639035,477212414.98130137,0,0,0,0,0,0,1,0,0,0,0,0,0,0,0,0,0,0,0,0,0,0,0,0,0,0,1,0,0,0,0,0,0,0,0,0,0,1,0,0,0,1,0,1,0,0
0,1.0,1,0.0,37.2,326.0,136.0,390342323.2019204,585309534.9021262,0,0,0,0,0,0,1,0,0,0,0,0,1,0,0,0,0,0,0,0,0,0,0,0,0,0,0,0,0,0,0,0,0,0,0,1,0,0,0,0,0,1,0,0,0,1
1,0.0,1,0.0,59.6,381.0,201.0,402650277.1823579,498657567.90844434,0,0,0,0,0,0,1,0,0,0,0,0,0,0,0,0,0,0,0,0,0,0,0,0,0,0,0,1,0,0,0,0,0,0,0,0,0,1,0,0,0,1,0,0,0,1
1,2.0,0,9.210440366976517,18.6,215.0,43.0,302966816.68412066,402493386.9197769,0,0,0,0,0,0,1,0,0,0,0,0,0,0,0,0,0,0,0,0,0,0,0,0,0,1,0,0,0,0,0,0,0,0,0,0,0,1,0,0,0,1,0,0,0,1
0,0.0,1,0.0,18.6,215.0,43.0,643825213.7693698,334706322.70536053,0,0,0,0,0,0,1,0,0,0,0,0,0,0,0,0,0,0,0,0,0,0,0,0,0,1,0,0,0,0,0,0,0,0,0,0,0,1,0,0,1,0,0,1,0,0
0,0.0,1,0.0,37.2,326.4,134.0,475073128.25652826,357538181.0226571,0,0,0,0,0,0,1,0,0,0,0,0,0,0,0,0,0,0,0,0,0,0,0,0,0,0,1,0,0,0,0,0,0,0,0,1,0,0,0,0,0,1,0,0,0,1
1,1.0,1,8.268988209506656,18.6,215.0,43.0,302354995.9812452,394178267.9564175,0,0,0,0,0,0,1,0,0,0,0,0,0,0,0,0,0,0,0,0,0,0,0,0,0,1,0,0,0,0,0,0,0,0,0,0,0,1,0,0,1,0,0,1,0,0
0,1.0,0,0.0,82.0,420.0,349.0,742795492.8236781,661867256.2547619,0,0,0,0,0,0,1,0,0,0,0,0,0,0,0,0,0,0,0,0,0,0,0,0,0,0,0,0,0,1,0,0,0,0,0,0,0,1,0,0,1,0,0,1,0,0
0,3.0,1,10.985309671896763,82.0,420.0,349.0,412026782.1703813,546365090.377678,0,0,0,0,0,0,1,0,0,0,0,0,0,0,0,0,0,0,0,0,0,0,0,0,0,0,0,0,0,1,0,0,0,0,0,0,0,1,0,1,0,0,0,1,0,0
0,3.0,1,11.127277689932466,82.0,420.0,349.0,710979083.1412208,547821570.0682002,0,0,0,0,0,0,1,0,0,0,0,0,0,0,0,0,0,0,0,0,0,0,0,0,0,0,0,0,0,1,0,0,0,0,0,0,0,1,0,0,1,0,0,1,0,0
0,5.0,1,0.0,59.6,381.0,201.0,553592518.3477519,755311022.0173022,0,0,0,0,0,1,0,0,0,0,0,0,0,0,0,0,0,0,0,0,1,0,0,0,0,0,0,0,0,0,0,0,0,0,0,0,0,1,0,0,1,0,0,1,0,0
0,0.0,1,0.0,59.6,381.0,201.0,634128148.3276564,594969575.4781394,0,0,0,0,1,0,0,0,0,0,0,0,0,0,0,0,0,0,0,1,0,0,0,0,0,0,0,0,0,0,0,0,0,0,0,0,0,1,0,0,0,1,0,0,0,1
0,1.0,0,10.87806606028079,59.6,381.0,201.0,550251339.8986748,439419470.196015,0,0,0,0,0,0,1,0,0,0,0,0,0,0,0,0,0,0,0,0,0,0,0,0,0,0,0,1,0,0,0,0,0,0,0,0,0,1,0,1,0,0,0,1,0,0
0,3.0,0,10.50783084142058,82.0,420.0,349.0,482826061.402927,547829307.0121074,0,0,0,0,0,0,1,0,0,0,0,0,0,0,0,0,0,0,0,0,0,0,0,0,0,0,0,0,0,1,0,0,0,0,0,0,1,0,0,0,0,1,0,0,0,1
0,3.0,1,9.741027444837728,82.0,420.0,349.0,484469373.5048378,548328339.894119,0,0,0,0,0,0,1,0,0,0,0,0,0,0,0,0,0,0,0,0,0,0,0,0,0,0,0,0,0,1,0,0,0,0,0,0,0,1,0,0,1,0,0,1,0,0
1,1.0,0,0.0,92.0,480.0,402.0,569796404.0014261,664347801.3184576,0,0,0,0,0,0,1,0,0,0,0,0,0,0,0,0,0,0,0,0,0,0,0,0,0,0,0,0,0,0,1,0,0,0,0,0,0,1,0,0,1,0,0,1,0,0
0,1.0,1,0.0,42.0,318.6,147.0,330803867.7706785,484666533.0259533,0,0,0,0,0,0,1,0,0,0,0,0,0,0,0,0,0,0,0,0,0,0,0,0,1,0,0,0,0,0,0,0,0,0,0,0,0,0,1,0,0,1,0,0,0,1
0,4.0,0,5.017279836814924,59.6,381.0,201.0,397164170.4601357,402577804.3506355,0,0,0,0,0,0,1,0,0,0,0,0,0,0,0,0,0,0,0,0,0,0,0,0,0,0,0,1,0,0,0,0,0,0,0,0,0,1,0,1,0,0,0,1,0,0
0,1.0,1,9.105090961257085,75.3,450.0,201.0,625065194.7407442,561697487.2040462,0,0,0,0,0,0,1,0,0,0,0,0,0,0,0,0,0,0,0,0,0,0,0,0,0,0,0,0,1,0,0,0,0,0,0,0,0,1,0,0,1,0,0,1,0,0
0,1.0,1,0.0,18.6,215.0,43.0,642385600.2427996,393271291.21223146,0,0,0,0,0,0,1,0,0,0,0,0,0,0,0,0,0,0,0,0,0,0,0,0,0,1,0,0,0,0,0,0,0,0,0,0,0,1,0,1,0,0,0,1,0,0
0,3.0,0,10.483130032299252,82.0,420.0,349.0,748520846.3535901,548372827.3215852,0,0,0,0,0,0,1,0,0,0,0,0,0,0,0,0,0,0,0,0,0,0,0,0,0,0,0,0,0,1,0,0,0,0,0,0,0,1,0,0,1,0,0,1,0,0
0,1.0,1,0.0,37.2,326.0,136.0,365181053.65353334,557452415.0449833,0,0,0,0,0,0,1,0,0,0,0,0,1,0,0,0,0,0,0,0,0,0,0,0,0,0,0,0,0,0,0,0,0,0,0,0,0,1,0,0,1,0,0,1,0,0
0,1.0,1,0.0,18.6,215.0,43.0,302966816.6361974,395068965.0029291,0,0,0,0,0,0,1,0,0,0,0,0,0,0,0,0,0,0,0,0,0,0,0,0,0,1,0,0,0,0,0,0,0,0,0,0,0,1,0,0,0,1,0,0,0,1
0,1.0,0,9.105090961257085,59.6,381.0,201.0,488989374.87710553,441093199.0095743,0,0,0,0,0,0,1,0,0,0,0,0,0,0,0,0,0,0,0,0,0,0,0,0,0,0,0,1,0,0,0,0,0,0,1,0,0,0,0,0,0,0,1,1,0,0
0,0.0,1,0.0,92.0,480.0,402.0,600428882.3794696,843830147.5560465,0,0,0,0,0,0,1,0,0,0,0,0,0,0,0,0,0,0,0,0,0,0,0,0,0,0,0,0,0,0,1,0,0,0,0,0,1,0,0,0,0,1,0,1,0,0
0,3.0,0,11.775297421715827,18.6,215.0,43.0,302176082.24322605,533666804.0406301,0,0,0,0,0,0,1,0,0,0,0,0,0,0,0,0,0,0,0,0,0,0,0,0,0,1,0,0,0,0,0,0,0,0,1,0,0,0,0,0,1,0,0,1,0,0
0,0.0,1,0.0,37.2,326.0,136.0,390342319.8148236,337057459.47355473,0,0,0,0,0,0,1,0,0,0,0,0,1,0,0,0,0,0,0,0,0,0,0,0,0,0,0,0,0,0,0,0,0,0,0,1,0,0,0,0,0,1,0,0,0,1
0,1.0,0,5.0106352940962555,75.3,450.0,201.0,502054486.5301809,561764971.8666229,0,0,0,0,0,0,1,0,0,0,0,0,0,0,0,0,0,0,0,0,0,0,0,0,0,0,0,0,1,0,0,0,0,0,0,0,0,1,0,0,0,1,0,0,0,1
1,4.0,0,10.839600519357369,59.6,381.0,201.0,422770258.6596471,419826539.2137403,0,0,0,0,0,0,1,0,0,0,0,0,0,0,0,0,0,0,0,0,0,0,0,0,0,0,0,0,0,0,0,1,0,0,0,0,0,1,0,0,0,1,0,0,0,1
0,0.0,1,0.0,37.2,326.0,136.0,570433266.5129766,327807486.22355473,0,0,0,0,0,0,1,0,0,0,0,0,1,0,0,0,0,0,0,0,0,0,0,0,0,0,0,0,0,0,0,0,0,0,1,0,0,0,0,0,0,0,1,1,0,0
1,3.0,1,10.895609057404332,82.0,420.0,349.0,749723971.3535901,548670699.6620107,0,0,0,0,0,0,1,0,0,0,0,0,0,0,0,0,0,0,0,0,0,0,0,0,0,0,0,0,0,1,0,0,0,0,1,0,0,0,0,0,0,0,1,1,0,0
0,1.0,1,0.0,75.3,450.0,201.0,501498930.97462535,561396873.7071137,0,0,0,0,0,0,1,0,0,0,0,0,0,0,0,0,0,0,0,0,0,0,0,0,0,0,0,0,1,0,0,0,0,0,0,0,0,1,0,0,1,0,0,0,1,0
0,2.0,0,8.517393171418904,37.2,326.4,134.0,340863122.2133042,392804709.14455503,0,0,0,0,0,0,1,0,0,0,0,0,0,0,0,0,0,0,0,0,0,0,0,0,0,0,1,0,0,0,0,0,0,0,1,0,0,0,0,0,1,0,0,1,0,0
0,1.0,0,10.688552802557403,18.6,215.0,43.0,642670624.397389,393408500.514557,0,0,0,0,0,0,1,0,0,0,0,0,0,0,0,0,0,0,0,0,0,0,0,0,0,1,0,0,0,0,0,0,0,0,0,0,0,1,0,1,0,0,0,1,0,0
0,0.0,1,0.0,59.6,381.0,201.0,513448756.50998205,527802500.34294564,0,0,0,0,0,0,1,0,0,0,0,0,0,0,0,0,1,0,0,0,0,0,0,0,0,0,0,0,0,0,0,0,0,0,0,1,0,0,0,0,0,1,0,1,0,0
0,0.0,0,1.0986122886681098,37.2,326.4,134.0,481878666.3872303,357006269.554572,0,0,0,0,0,0,1,0,0,0,0,0,0,0,0,0,0,0,0,0,0,0,0,0,0,0,1,0,0,0,0,0,0,0,0,0,0,1,0,0,0,1,0,1,0,0
0,3.0,1,0.0,82.0,420.0,349.0,487157266.6959206,549144585.9888966,0,0,0,0,0,0,1,0,0,0,0,0,0,0,0,0,0,0,0,0,0,0,0,0,0,0,0,0,0,1,0,0,0,0,0,1,0,0,0,0,0,1,0,0,0,1
0,0.0,1,0.0,60.1,450.0,204.0,368665621.33294487,477525130.56256443,0,0,0,0,0,0,1,0,0,0,0,0,0,0,1,0,0,0,0,0,0,0,0,0,0,0,0,0,0,0,0,0,0,0,0,0,1,0,0,0,0,1,0,1,0,0
0,1.0,0,11.002116507732017,37.2,326.4,134.0,474222804.27388185,477450199.99758804,0,0,0,0,0,0,1,0,0,0,0,0,0,0,0,0,0,0,0,0,0,0,0,0,0,0,1,0,0,0,0,0,0,0,0,0,0,1,0,0,0,1,0,1,0,0
0,1.0,0,0.0,18.6,215.0,43.0,641772073.6727514,392975942.3750221,0,0,0,0,0,0,1,0,0,0,0,0,0,0,0,0,0,0,0,0,0,0,0,0,0,1,0,0,0,0,0,0,0,0,0,0,0,1,0,1,0,0,0,1,0,0
1,3.0,1,7.824445930877619,92.0,480.0,402.0,569906294.1113161,457609975.1464443,0,0,0,0,0,0,1,0,0,0,0,0,0,0,0,0,0,0,0,0,0,0,0,0,0,0,0,0,0,0,1,0,0,0,0,0,0,1,0,0,1,0,0,1,0,0
0,0.0,1,5.7899601708972535,37.2,326.0,136.0,476897333.0968872,322736057.6521262,0,0,0,0,0,0,1,0,0,0,0,0,1,0,0,0,0,0,0,0,0,0,0,0,0,0,0,0,0,0,0,0,0,0,0,0,1,0,0,0,0,1,0,1,0,0
0,2.0,0,9.90353755128617,18.6,215.0,43.0,645032943.2379688,401663129.5028027,0,0,0,0,0,0,1,0,0,0,0,0,0,0,0,0,0,0,0,0,0,0,0,0,0,1,0,0,0,0,0,0,0,0,1,0,0,0,0,0,0,0,1,1,0,0
0,1.0,0,0.0,59.6,381.0,201.0,553741905.9364107,440987266.8061845,0,0,0,0,0,0,1,0,0,0,0,0,0,0,0,0,0,0,0,0,0,0,0,0,0,0,0,1,0,0,0,0,0,0,1,0,0,0,0,0,0,0,1,1,0,0
0,0.0,1,0.0,18.6,215.0,43.0,406618970.8756809,335841294.77239966,0,0,0,0,0,0,1,0,0,0,0,0,0,0,0,0,0,0,0,0,0,0,0,0,0,1,0,0,0,0,0,0,0,0,0,0,0,1,0,0,0,1,0,1,0,0
1,3.0,0,8.517393171418904,37.2,326.4,134.0,341250877.31534505,436333456.0683056,0,0,0,0,0,0,1,0,0,0,0,0,0,0,0,0,0,0,0,0,0,0,0,0,0,0,1,0,0,0,0,0,0,0,1,0,0,0,0,0,1,0,0,1,0,0
0,4.0,0,9.99884318585288,59.6,381.0,201.0,402650278.2379134,455244439.0173022,0,0,0,0,0,0,1,0,0,0,0,0,0,0,0,0,0,0,0,0,0,0,0,0,0,0,0,1,0,0,0,0,0,0,0,0,0,1,0,0,0,1,0,0,0,1
0,3.0,0,11.502885230075814,82.0,420.0,349.0,741728008.1611015,547541105.8515658,0,0,0,0,0,0,1,0,0,0,0,0,0,0,0,0,0,0,0,0,0,0,0,0,0,0,0,0,0,1,0,0,0,0,0,0,0,1,0,1,0,0,0,1,0,0
1,2.0,1,8.188966863648876,18.6,215.0,43.0,290810267.5467405,374412206.9935776,0,0,0,0,0,0,1,0,0,0,0,0,0,0,0,0,0,0,0,0,0,0,0,0,0,1,0,0,0,0,0,0,0,0,0,0,0,1,0,1,0,0,0,0,1,0
0,1.0,1,0.0,37.2,326.4,134.0,343332508.92758995,478727072.1311385,0,0,0,0,0,0,1,0,0,0,0,0,0,0,0,0,0,0,0,0,0,0,0,0,0,0,1,0,0,0,0,0,0,0,0,0,0,1,0,0,0,1,0,0,0,1
0,3.0,0,10.778977123006351,82.0,420.0,349.0,741973406.9341075,547618475.2906374,0,0,0,0,0,0,1,0,0,0,0,0,0,0,0,0,0,0,0,0,0,0,0,0,0,0,0,0,0,1,0,0,0,0,0,0,0,1,0,1,0,0,0,1,0,0
0,1.0,0,10.62135173563291,59.6,381.0,201.0,489919124.3192543,442046586.1494048,0,0,0,0,0,0,1,0,0,0,0,0,0,0,0,0,0,0,0,0,0,0,0,0,0,0,0,1,0,0,0,0,0,0,0,0,0,1,0,0,0,1,0,0,0,1
0,3.0,0,10.859018228147887,82.0,420.0,349.0,494154721.96452385,547848649.3718753,0,0,0,0,0,0,1,0,0,0,0,0,0,0,0,0,0,0,0,0,0,0,0,0,0,0,0,0,0,1,0,0,0,0,0,0,0,1,0,0,0,1,0,1,0,0
0,0.0,1,0.0,18.6,215.0,43.0,302522727.6106382,335806881.3645784,0,0,0,0,0,0,1,0,0,0,0,0,0,0,0,0,0,0,0,0,0,0,0,0,0,1,0,0,0,0,0,0,0,0,0,0,1,0,0,0,0,1,0,1,0,0
0,1.0,1,9.798182590890704,37.2,326.4,134.0,475073128.25652826,478727070.8640375,0,0,0,0,0,0,1,0,0,0,0,0,0,0,0,0,0,0,0,0,0,0,0,0,0,0,1,0,0,0,0,0,0,0,0,1,0,0,0,0,0,1,0,0,0,1
0,1.0,0,10.239995502805316,92.0,480.0,402.0,573285407.9684589,669775140.8227311,0,0,0,0,0,0,1,0,0,0,0,0,0,0,0,0,0,0,0,0,0,0,0,0,0,0,0,0,0,0,1,0,0,0,0,0,0,1,0,0,0,1,0,0,0,1
0,1.0,0,10.308985993422082,59.6,381.0,201.0,412425437.71137124,484666533.0259533,0,0,0,0,0,0,1,0,0,0,0,0,0,0,0,0,0,0,0,0,0,0,0,0,0,0,0,0,0,0,0,1,0,0,0,0,0,1,0,1,0,0,0,1,0,0
0,2.0,0,10.480129006333248,37.2,326.4,134.0,343332509.1316716,395357450.89560986,0,0,0,0,0,0,1,0,0,0,0,0,0,0,0,0,0,0,0,0,0,0,0,0,0,0,1,0,0,0,0,0,0,0,0,0,0,1,0,0,0,1,0,0,0,1
0,3.0,0,8.987321812850125,92.0,480.0,402.0,573285410.2376897,461656022.0872338,0,0,0,0,0,0,1,0,0,0,0,0,0,0,0,0,0,0,0,0,0,0,0,0,0,0,0,0,0,0,1,0,0,0,0,0,0,1,0,0,0,1,0,0,0,1
0,1.0,0,9.210440366976517,60.1,450.0,204.0,368739305.5434712,455907080.2962982,0,0,0,0,0,0,1,0,0,0,0,0,0,0,1,0,0,0,0,0,0,0,0,0,0,0,0,0,0,0,0,0,0,0,0,0,1,0,0,0,0,1,0,0,0,1
0,0.0,1,0.0,82.0,420.0,349.0,477402317.408135,623270053.4475591,0,0,0,0,0,0,1,0,0,0,0,0,0,0,0,0,0,0,0,0,0,0,0,0,0,0,0,0,0,1,0,0,0,0,0,0,0,1,0,0,0,1,0,1,0,0
0,0.0,1,0.0,75.3,450.0,201.0,490552135.54807615,587428492.3051333,0,0,0,0,0,0,1,0,0,0,0,0,0,0,0,0,0,0,0,0,0,0,0,0,0,0,0,0,1,0,0,0,0,0,0,0,0,1,0,0,0,1,0,0,0,1
1,1.0,0,9.305741456739435,75.3,450.0,201.0,484666533.0259533,566666807.4801198,0,0,0,0,0,0,1,0,0,0,0,0,0,0,0,0,0,0,0,0,0,0,0,0,0,0,0,0,1,0,0,0,0,0,0,0,0,1,0,0,0,1,0,0,0,1
1,2.0,0,8.987321812850125,37.2,326.4,134.0,341536591.6010593,393500911.67620057,0,0,0,0,0,0,1,0,0,0,0,0,0,0,0,0,0,0,0,0,0,0,0,0,0,0,1,0,0,0,0,0,0,0,0,0,1,0,0,0,0,1,0,0,0,1
0,1.0,1,9.210440366976517,82.0,420.0,349.0,477843488.8836252,667988742.0585003,0,0,0,0,0,0,1,0,0,0,0,0,0,0,0,0,0,0,0,0,0,0,0,0,0,0,0,0,0,1,0,0,0,0,0,0,0,1,0,0,0,1,0,0,0,1
0,1.0,1,0.0,59.6,381.0,201.0,488805444.1882944,438868622.7383879,0,0,0,0,0,0,1,0,0,0,0,0,0,0,0,0,0,0,0,0,0,0,0,0,0,0,0,1,0,0,0,0,0,0,0,0,0,1,0,0,1,0,0,1,0,0
0,2.0,1,8.853808274977197,92.0,480.0,402.0,569499700.7047228,477478183.73806673,0,0,0,0,0,0,1,0,0,0,0,0,0,0,0,0,0,0,0,0,0,0,0,0,0,0,0,0,0,0,1,0,0,0,0,1,0,0,0,0,1,0,0,1,0,0
0,1.0,0,6.68586094706836,18.6,215.0,43.0,302966816.660159,395068965.0378128,0,0,0,0,0,0,1,0,0,0,0,0,0,0,0,0,0,0,0,0,0,0,0,0,0,1,0,0,0,0,0,0,0,0,0,0,0,1,0,0,0,1,0,0,0,1
0,2.0,1,9.99884318585288,37.2,326.4,134.0,473578552.6469838,392450278.7648082,0,0,0,0,0,0,1,0,0,0,0,0,0,0,0,0,0,0,0,0,0,0,0,0,0,0,1,0,0,0,0,0,0,0,0,1,0,0,0,0,1,0,0,1,0,0
0,2.0,0,7.313886831633462,82.0,420.0,349.0,493786300.9118923,556578195.7513806,0,0,0,0,0,0,1,0,0,0,0,0,0,0,0,0,0,0,0,0,0,0,0,0,0,0,0,0,0,1,0,0,0,0,0,0,0,1,0,1,0,0,0,1,0,0
0,1.0,0,9.798182590890704,37.2,326.4,134.0,474166405.1415608,477365509.4438421,0,0,0,0,0,0,1,0,0,0,0,0,0,0,0,0,0,0,0,0,0,0,0,0,0,0,1,0,0,0,0,0,0,0,0,0,0,1,0,0,0,1,0,1,0,0
0,0.0,1,0.0,37.2,326.0,136.0,390342335.62127525,337057476.97355473,0,0,0,0,0,0,1,0,0,0,0,0,1,0,0,0,0,0,0,0,0,0,0,0,0,0,0,0,0,0,0,0,0,0,0,0,0,1,0,0,0,1,0,0,0,1
0,1.0,0,8.699681400989514,18.6,215.0,43.0,427283440.71297663,395068964.9796733,0,0,0,0,0,0,1,0,0,0,0,0,0,0,0,0,0,0,0,0,0,0,0,0,0,1,0,0,0,0,0,0,0,0,0,0,0,1,0,0,0,1,0,0,0,1
0,2.0,0,10.819798284210286,37.2,326.4,134.0,340699856.9071818,392635932.773247,0,0,0,0,0,0,1,0,0,0,0,0,0,0,0,0,0,0,0,0,0,0,0,0,0,0,1,0,0,0,0,0,0,0,0,0,0,1,0,0,1,0,0,1,0,0
0,2.0,0,10.244129654600282,82.0,420.0,349.0,492807353.5434712,555588834.0492529,0,0,0,0,0,0,1,0,0,0,0,0,0,0,0,0,0,0,0,0,0,0,0,0,0,0,0,0,0,1,0,0,0,0,0,0,0,1,0,0,0,1,0,1,0,0
0,4.0,0,11.082157933374816,82.0,420.0,349.0,487157267.4538824,545088077.9115245,0,0,0,0,0,0,1,0,0,0,0,0,0,0,0,0,0,0,0,0,0,0,0,0,0,0,0,0,0,1,0,0,0,0,0,0,0,1,0,0,0,1,0,0,0,1
0,1.0,1,0.0,60.1,450.0,204.0,688575247.2622505,458681052.8990379,0,0,0,0,0,0,1,0,0,0,0,0,0,0,1,0,0,0,0,0,0,0,0,0,0,0,0,0,0,0,0,0,0,0,1,0,0,0,0,0,0,0,1,1,0,0
0,1.0,0,9.105090961257085,59.6,381.0,201.0,667119008.5185381,484666533.0259533,0,0,0,0,0,1,0,0,0,0,0,0,0,0,0,0,0,0,0,0,1,0,0,0,0,0,0,0,0,0,0,0,0,0,0,0,0,1,0,0,0,1,0,0,0,1
0,3.0,0,10.899162313664348,82.0,420.0,349.0,482921602.8042009,547858320.5517592,0,0,0,0,0,0,1,0,0,0,0,0,0,0,0,0,0,0,0,0,0,0,0,0,0,0,0,0,0,1,0,0,0,0,0,0,0,1,0,0,0,1,0,1,0,0
0,0.0,1,0.0,59.6,381.0,201.0,486840614.546527,494030242.64136356,0,0,0,0,0,0,1,0,0,0,0,0,0,0,0,0,0,0,0,0,0,0,0,0,0,0,0,1,0,0,0,0,0,0,0,1,0,0,0,0,1,0,0,1,0,0
0,0.0,1,0.0,59.6,381.0,201.0,427460344.2848115,436178338.0086511,0,0,0,0,0,0,1,0,0,0,0,0,0,0,0,0,0,0,0,0,0,0,0,1,0,0,0,0,0,0,0,0,0,0,1,0,0,0,0,0,0,0,1,1,0,0
0,3.0,0,10.596659732783579,82.0,420.0,349.0,583486202.7191472,549144586.180386,0,0,0,0,0,0,1,0,0,0,0,0,0,0,0,0,0,0,0,0,0,0,0,0,0,0,0,0,0,1,0,0,0,0,0,0,0,1,0,0,0,1,0,0,0,1
1,0.0,0,10.596659732783579,82.0,420.0,349.0,483208227.00802255,618816271.934954,0,0,0,0,0,0,1,0,0,0,0,0,0,0,0,0,0,0,0,0,0,0,0,0,0,0,0,0,0,1,0,0,0,0,0,0,0,1,0,1,0,0,0,1,0,0
0,2.0,1,9.61587214452889,37.2,326.4,134.0,473665320.5428623,392619055.1361162,0,0,0,0,0,0,1,0,0,0,0,0,0,0,0,0,0,0,0,0,0,0,0,0,0,0,1,0,0,0,0,0,0,0,0,0,0,1,0,0,1,0,0,1,0,0
0,3.0,1,10.596659732783579,92.0,480.0,402.0,571939261.1442832,460044185.6727601,0,0,0,0,0,0,1,0,0,0,0,0,0,0,0,0,0,0,0,0,0,0,0,0,0,0,0,0,0,0,1,0,0,0,1,0,0,0,0,0,0,0,1,1,0,0
0,3.0,0,0.0,59.6,381.0,201.0,481882071.3312895,403888935.3549611,0,0,0,0,0,0,1,0,0,0,0,0,0,0,0,0,0,0,0,0,0,1,0,0,0,0,0,0,0,0,0,0,0,0,0,0,0,1,0,1,0,0,0,1,0,0
0,1.0,1,0.0,82.0,420.0,349.0,492681037.75399756,659110246.9089676,0,0,0,0,0,0,1,0,0,0,0,0,0,0,0,0,0,0,0,0,0,0,0,0,0,0,0,0,0,1,0,0,0,0,0,0,0,1,0,0,0,1,0,1,0,0
0,1.0,0,0.0,75.3,450.0,201.0,635190186.7407442,566666808.43104,0,0,0,0,0,0,1,0,0,0,0,0,0,0,0,0,0,0,0,0,0,0,0,0,0,0,0,0,1,0,0,0,0,0,0,0,0,1,0,0,0,1,0,0,0,1
0,2.0,1,0.0,59.6,381.0,201.0,489919124.09198153,454252896.07359165,0,0,0,0,0,0,1,0,0,0,0,0,0,0,0,0,0,0,0,0,0,0,0,0,0,0,0,1,0,0,0,0,0,0,0,1,0,0,0,0,0,1,0,0,0,1
0,1.0,1,0.0,75.3,450.0,201.0,625640194.7407442,561979695.7930033,0,0,0,0,0,0,1,0,0,0,0,0,0,0,0,0,0,0,0,0,0,0,0,0,0,0,0,0,1,0,0,0,0,0,0,0,0,1,0,0,1,0,0,1,0,0
0,0.0,1,0.0,75.3,450.0,201.0,502739671.71536607,580777122.8739407,0,0,0,0,0,0,1,0,0,0,0,0,0,0,0,0,0,0,0,0,0,0,0,0,0,0,0,0,1,0,0,0,0,0,0,0,1,0,0,0,0,1,0,1,0,0
0,1.0,0,12.577639650232573,59.6,381.0,201.0,399768337.1268023,440288114.2638116,0,0,0,0,0,0,1,0,0,0,0,0,0,0,0,0,0,0,0,0,0,0,0,0,0,0,0,1,0,0,0,0,0,0,1,0,0,0,0,0,1,0,0,1,0,0
1,1.0,1,0.0,37.2,326.4,134.0,423412716.15521586,478727071.3917248,0,0,0,0,0,0,1,0,0,0,0,0,0,0,0,0,0,0,0,0,0,0,0,0,0,0,1,0,0,0,0,0,0,0,0,0,0,1,0,0,0,1,0,0,0,1
0,1.0,0,7.244941546337007,18.6,215.0,43.0,302966815.6953027,395068963.63316166,0,0,0,0,0,0,1,0,0,0,0,0,0,0,0,0,0,0,0,0,0,0,0,0,0,1,0,0,0,0,0,0,0,0,0,0,0,1,0,0,0,1,0,0,0,1
0,2.0,0,1.9459101490553132,82.0,420.0,349.0,487157267.64496523,560514362.6662741,0,0,0,0,0,0,1,0,0,0,0,0,0,0,0,0,0,0,0,0,0,0,0,0,0,0,0,0,0,1,0,0,0,0,0,0,0,1,0,0,0,1,0,0,0,1
0,0.0,1,0.0,14.7,170.0,27.0,352136962.2664365,348650213.8945974,0,0,0,0,0,0,1,0,0,0,0,0,0,0,0,0,0,0,1,0,0,0,0,0,0,0,0,0,0,0,0,0,0,0,0,0,1,0,0,0,0,1,0,1,0,0
0,1.0,1,0.0,37.2,326.4,134.0,473457077.5927538,476300362.8640375,0,0,0,0,0,0,1,0,0,0,0,0,0,0,0,0,0,0,0,0,0,0,0,0,0,0,1,0,0,0,0,0,0,0,0,0,0,1,0,0,1,0,0,1,0,0
1,1.0,1,7.00397413672268,75.3,450.0,201.0,480370324.76019734,560482763.2776659,0,0,0,0,0,0,1,0,0,0,0,0,0,0,0,0,0,0,0,0,0,0,0,0,0,0,0,0,1,0,0,0,0,0,0,0,0,1,0,1,0,0,0,1,0,0
0,1.0,1,0.0,59.6,381.0,201.0,550298509.7099956,439440656.63669294,0,0,0,0,0,0,1,0,0,0,0,0,0,0,0,0,0,0,0,0,0,0,0,0,0,0,0,1,0,0,0,0,0,0,0,0,0,1,0,0,1,0,0,1,0,0
1,1.0,0,10.87806606028079,37.2,326.4,134.0,343332508.27452874,478727071.60996586,0,0,0,0,0,0,1,0,0,0,0,0,0,0,0,0,0,0,0,0,0,0,0,0,0,0,1,0,0,0,0,0,0,0,0,0,0,1,0,0,0,1,0,0,0,1
0,2.0,1,10.308985993422082,59.6,381.0,201.0,487319953.3895022,450141789.47228456,0,0,0,0,0,0,1,0,0,0,0,0,0,0,0,0,0,0,0,0,0,0,0,0,0,0,0,1,0,0,0,0,0,0,0,0,0,1,0,0,1,0,0,1,0,0
0,3.0,0,10.311948169624092,82.0,420.0,349.0,477843490.3248016,549144586.074003,0,0,0,0,0,0,1,0,0,0,0,0,0,0,0,0,0,0,0,0,0,0,0,0,0,0,0,0,0,1,0,0,0,0,0,0,0,1,0,0,0,1,0,0,0,1
0,0.0,0,6.893656354602635,59.6,381.0,201.0,501151393.6599575,497117199.1631027,0,0,0,0,0,0,1,0,0,0,0,0,0,0,0,0,0,0,0,0,0,0,0,0,0,0,0,1,0,0,0,0,0,0,1,0,0,0,0,0,0,0,1,1,0,0
0,0.0,1,0.0,92.0,480.0,402.0,640550356.5176636,847882779.1349939,0,0,0,0,0,0,1,0,0,0,0,0,0,0,0,0,0,0,0,0,0,0,0,0,0,0,0,0,0,0,1,0,0,0,0,0,0,1,0,0,1,0,0,1,0,0
0,0.0,1,0.0,37.2,326.4,134.0,473994474.5558775,354893184.448189,0,0,0,0,0,0,1,0,0,0,0,0,0,0,0,0,0,0,0,0,0,0,0,0,0,0,1,0,0,0,0,0,0,0,0,0,1,0,0,0,0,1,0,1,0,0
0,3.0,0,10.62135173563291,37.2,326.4,134.0,340067203.8459573,432567222.30207187,0,0,0,0,0,0,1,0,0,0,0,0,0,0,0,0,0,0,0,0,0,0,0,0,0,0,1,0,0,0,0,0,0,0,0,0,0,1,0,1,0,0,0,1,0,0
0,3.0,0,11.326607934898927,82.0,420.0,349.0,483908863.95069766,548158127.1281615,0,0,0,0,0,0,1,0,0,0,0,0,0,0,0,0,0,0,0,0,0,0,0,0,0,0,0,0,0,1,0,0,0,0,0,0,0,1,0,0,0,1,0,1,0,0
0,0.0,1,0.0,75.3,450.0,201.0,503787757.29632115,587428492.910638,0,0,0,0,0,0,1,0,0,0,0,0,0,0,0,0,0,0,0,0,0,0,0,0,0,0,0,0,1,0,0,0,0,0,0,0,0,1,0,0,0,1,0,0,0,1
0,1.0,1,0.0,18.6,215.0,43.0,302966816.6393922,395068965.0075803,0,0,0,0,0,0,1,0,0,0,0,0,0,0,0,0,0,0,0,0,0,0,0,0,0,1,0,0,0,0,0,0,0,0,0,0,0,1,0,0,0,1,0,0,0,1
0,2.0,1,10.043292972227004,82.0,420.0,349.0,632716680.8564883,558227131.9215933,0,0,0,0,0,0,1,0,0,0,0,0,0,0,0,0,0,0,0,0,0,0,0,0,0,0,0,0,0,1,0,0,0,0,0,0,0,1,0,0,1,0,0,1,0,0
0,3.0,0,12.154784614286667,42.0,318.6,147.0,330803867.5104046,389983502.1629766,0,0,0,0,0,0,1,0,0,0,0,0,0,0,0,0,0,0,0,0,0,0,0,0,1,0,0,0,0,0,0,0,0,0,0,0,0,1,0,0,0,1,0,0,0,1
0,1.0,1,0.0,18.6,215.0,43.0,484666533.0259533,395068963.26106864,0,0,0,0,0,0,1,0,0,0,0,0,0,0,0,0,0,0,0,0,0,0,0,0,0,1,0,0,0,0,0,0,0,0,0,0,0,1,0,0,0,1,0,0,0,1
0,1.0,0,9.210440366976517,75.3,450.0,201.0,635190186.3657442,566666808.246991,0,0,0,0,0,0,1,0,0,0,0,0,0,0,0,0,0,0,0,0,0,0,0,0,0,0,0,0,1,0,0,0,0,0,0,0,0,1,0,0,0,1,0,0,0,1
0,3.0,1,0.0,82.0,420.0,349.0,487157267.0717168,549144586.1030165,0,0,0,0,0,0,1,0,0,0,0,0,0,0,0,0,0,0,0,0,0,0,0,0,0,0,0,0,0,1,0,0,0,0,0,1,0,0,0,0,0,1,0,0,0,1
0,2.0,0,8.517393171418904,37.2,326.4,134.0,395889597.6035019,410444424.68396884,0,0,0,0,0,0,1,0,0,0,0,0,0,0,0,0,0,0,0,0,0,0,1,0,0,0,0,0,0,0,0,0,0,0,0,0,0,1,0,1,0,0,0,1,0,0
0,0.0,1,0.0,59.6,381.0,201.0,752879165.4425521,554785762.5627648,0,0,0,0,0,0,1,0,0,0,0,0,0,0,0,0,0,1,0,0,0,0,0,0,0,0,0,0,0,0,0,0,0,0,0,0,0,1,0,0,0,1,0,1,0,0
0,1.0,0,10.203629181337648,59.6,381.0,201.0,484666533.0259533,484666533.0259533,0,0,0,0,0,0,0,0,1,0,0,0,0,0,0,0,0,0,0,1,0,0,0,0,0,0,0,0,0,0,0,0,0,0,0,0,1,0,0,0,0,1,0,1,0,0
0,0.0,1,0.0,59.6,381.0,201.0,513269525.74075127,527629907.7503531,0,0,0,0,0,0,1,0,0,0,0,0,0,0,0,0,1,0,0,0,0,0,0,0,0,0,0,0,0,0,0,0,0,0,0,1,0,0,0,0,0,1,0,1,0,0
0,1.0,0,10.308985993422082,59.6,381.0,201.0,373058696.8103813,470104172.1412208,0,0,0,0,0,0,1,0,0,1,0,0,0,0,0,0,0,0,0,0,0,0,0,0,0,0,0,0,0,0,0,0,0,0,0,0,0,1,0,0,0,1,0,0,0,1
0,1.0,1,0.0,18.6,215.0,43.0,302554836.2368363,394469198.18897563,0,0,0,0,0,0,0,1,0,0,0,0,0,0,0,0,0,0,0,0,0,0,0,0,0,1,0,0,0,0,0,0,0,0,0,0,1,0,0,0,0,1,0,1,0,0
0,3.0,0,8.556606193773073,82.0,420.0,349.0,745817721.3535901,547703581.673616,0,0,0,0,0,0,1,0,0,0,0,0,0,0,0,0,0,0,0,0,0,0,0,0,0,0,0,0,0,1,0,0,0,0,0,0,0,1,0,1,0,0,0,1,0,0
0,3.0,1,8.131824785007195,92.0,480.0,402.0,569065634.7706568,456603396.1990759,0,0,0,0,0,0,1,0,0,0,0,0,0,0,0,0,0,0,0,0,0,0,0,0,0,0,0,0,0,0,1,0,0,0,0,0,0,1,0,0,1,0,0,1,0,0
0,2.0,0,10.819798284210286,75.3,450.0,201.0,460311057.3506355,400762755.5104046,0,0,0,0,0,0,1,0,0,0,0,0,0,0,0,0,0,0,0,0,0,0,0,0,0,0,0,0,1,0,0,0,0,0,0,0,0,1,0,1,0,0,0,1,0,0
1,4.0,1,9.798182590890704,59.6,381.0,201.0,484666533.0259533,484666533.0259533,0,0,0,0,0,0,1,0,0,0,0,0,0,0,0,0,0,0,0,1,0,0,0,0,0,0,0,0,0,0,0,0,0,0,0,0,0,1,0,0,1,0,0,1,0,0
0,0.0,1,0.0,18.6,215.0,43.0,643028112.3200943,333784534.9958633,0,0,0,0,0,0,1,0,0,0,0,0,0,0,0,0,0,0,0,0,0,0,0,0,0,1,0,0,0,0,0,0,0,0,0,0,0,1,0,0,1,0,0,1,0,0
0,0.0,1,0.0,75.3,450.0,201.0,626302694.7407442,580905563.2409132,0,0,0,0,0,0,1,0,0,0,0,0,0,0,0,0,0,0,0,0,0,0,0,0,0,0,0,0,1,0,0,0,0,0,0,0,1,0,0,0,0,1,0,1,0,0
0,1.0,0,10.463131911491967,59.6,381.0,201.0,487026564.9597502,439080487.1451675,0,0,0,0,0,0,1,0,0,0,0,0,0,0,0,0,0,0,0,0,0,0,0,0,0,0,0,1,0,0,0,0,0,0,0,0,0,1,0,1,0,0,0,1,0,0
0,1.0,1,0.0,60.1,450.0,204.0,459388834.9382944,455687628.24150366,0,0,0,0,0,0,1,0,0,0,0,0,0,0,1,0,0,0,0,0,0,0,0,0,0,0,0,0,0,0,0,0,0,0,0,0,0,1,0,0,0,1,0,1,0,0
0,1.0,1,0.0,59.6,381.0,201.0,520644355.3506355,536051179.2507333,0,0,0,0,0,0,1,0,0,0,0,0,0,0,0,0,0,0,0,1,0,0,0,0,0,0,0,0,0,0,0,0,0,0,0,0,0,1,0,0,0,1,0,1,0,0
0,0.0,1,0.0,59.6,381.0,201.0,487270366.6126427,494676205.37428284,0,0,0,0,0,0,1,0,0,0,0,0,0,0,0,0,0,0,0,0,0,0,0,0,0,0,0,1,0,0,0,0,0,0,0,0,0,1,0,0,0,1,0,1,0,0
0,1.0,0,9.392745258631441,37.2,326.4,134.0,341479448.74391645,477248245.60019386,0,0,0,0,0,0,1,0,0,0,0,0,0,0,0,0,0,0,0,0,0,0,0,0,0,0,1,0,0,0,0,0,0,0,0,0,0,1,0,0,1,0,0,1,0,0
0,0.0,1,0.0,59.6,381.0,201.0,487240821.15809727,494631795.43639463,0,0,0,0,0,0,1,0,0,0,0,0,0,0,0,0,0,0,0,0,0,0,0,0,0,0,0,1,0,0,0,0,0,0,0,0,0,1,0,0,0,1,0,1,0,0
0,1.0,0,9.210440366976517,18.6,215.0,43.0,302966816.61223567,395068964.9680454,0,0,0,0,0,0,1,0,0,0,0,0,0,0,0,0,0,0,0,0,0,0,0,0,0,1,0,0,0,0,0,0,0,0,0,0,0,1,0,0,0,1,0,0,0,1
1,1.0,0,9.210440366976517,59.6,381.0,201.0,531911022.0173022,549051179.2507333,0,0,0,0,0,0,1,0,0,0,0,0,0,0,0,0,0,0,0,1,0,0,0,0,0,0,0,0,0,0,0,0,0,0,1,0,0,0,0,0,0,0,1,1,0,0
1,2.0,1,11.002116507732017,37.2,326.4,134.0,343332507.33983487,395357449.0432892,0,0,0,0,0,0,1,0,0,0,0,0,0,0,0,0,0,0,0,0,0,0,0,0,0,0,1,0,0,0,0,0,0,0,0,1,0,0,0,0,0,1,0,0,0,1
0,0.0,0,5.811140992976701,59.6,381.0,201.0,403888865.7716277,440605975.3872303,0,0,0,0,0,0,0,0,1,0,0,0,0,0,0,0,0,0,0,1,0,0,0,0,0,0,0,0,0,0,0,0,0,0,1,0,0,0,0,0,0,1,0,0,0,1
1,1.0,0,9.546884034617925,59.6,381.0,201.0,359203735.7921963,374690488.9471095,0,0,0,0,0,0,0,0,1,0,0,0,0,0,0,0,0,0,0,1,0,0,0,0,0,0,0,0,0,0,0,0,0,0,1,0,0,0,0,0,0,1,0,0,0,1
0,0.0,1,0.0,59.6,381.0,201.0,398594726.0156912,495030242.64136356,0,0,0,0,0,0,1,0,0,0,0,0,0,0,0,0,0,0,0,0,0,0,0,0,0,0,0,1,0,0,0,0,0,0,0,0,1,0,0,0,0,1,0,1,0,0
0,0.0,1,0.0,60.1,450.0,204.0,368976147.6487344,477923779.2112131,0,0,0,0,0,0,1,0,0,0,0,0,0,0,1,0,0,0,0,0,0,0,0,0,0,0,0,0,0,0,0,0,0,0,0,0,0,1,0,0,0,1,0,1,0,0
1,2.0,0,8.517393171418904,37.2,326.4,134.0,474205450.69470614,393669688.0475086,0,0,0,0,0,0,1,0,0,0,0,0,0,0,0,0,0,0,0,0,0,0,0,0,0,0,1,0,0,0,0,0,0,0,0,0,0,1,0,0,1,0,0,1,0,0
0,2.0,1,0.0,18.6,215.0,43.0,644902508.4553602,401563498.50649273,0,0,0,0,0,0,1,0,0,0,0,0,0,0,0,0,0,0,0,0,0,0,0,0,0,1,0,0,0,0,0,0,0,0,1,0,0,0,0,0,0,0,1,1,0,0
0,2.0,0,11.51293546492023,37.2,326.4,134.0,473706535.2934046,392699223.9124875,0,0,0,0,0,0,1,0,0,0,0,0,0,0,0,0,0,0,0,0,0,0,0,0,0,0,1,0,0,0,0,0,0,0,0,0,0,1,0,1,0,0,0,1,0,0
0,3.0,0,11.141876276228,82.0,420.0,349.0,483271921.27553844,547964703.5304826,0,0,0,0,0,0,1,0,0,0,0,0,0,0,0,0,0,0,0,0,0,0,0,0,0,0,0,0,0,1,0,0,0,0,0,0,0,1,0,1,0,0,0,1,0,0
0,3.0,1,10.915106645867503,82.0,420.0,349.0,747809908.8535901,548196811.8476974,0,0,0,0,0,0,1,0,0,0,0,0,0,0,0,0,0,0,0,0,0,0,0,0,0,0,0,0,0,1,0,0,0,0,0,0,0,1,0,0,1,0,0,1,0,0
0,0.0,1,0.0,82.0,420.0,349.0,477132709.56499773,622807868.5736096,0,0,0,0,0,0,1,0,0,0,0,0,0,0,0,0,0,0,0,0,0,0,0,0,0,0,0,0,0,1,0,0,0,0,0,0,1,0,0,0,0,1,0,1,0,0
0,0.0,1,0.0,14.7,170.0,27.0,328870363.5144185,348729126.4537208,0,0,0,0,0,0,1,0,0,0,0,0,0,0,0,0,0,0,0,1,0,0,0,0,0,0,0,0,0,0,0,0,0,0,1,0,0,0,0,0,0,1,0,1,0,0
0,1.0,0,1.791759469228055,82.0,420.0,349.0,745243345.5844144,665596228.2173787,0,0,0,0,0,0,1,0,0,0,0,0,0,0,0,0,0,0,0,0,0,0,0,0,0,0,0,0,0,1,0,0,0,0,1,0,0,0,0,0,0,0,1,1,0,0
0,3.0,0,10.757924157061597,82.0,420.0,349.0,742580768.8972977,547809964.6523395,0,0,0,0,0,0,1,0,0,0,0,0,0,0,0,0,0,0,0,0,0,0,0,0,0,0,0,0,0,1,0,0,0,0,0,0,0,1,0,1,0,0,0,1,0,0
0,0.0,1,0.0,59.6,381.0,201.0,771340686.2374239,574785743.4238759,0,0,0,0,0,0,1,0,0,0,0,0,0,0,0,0,0,1,0,0,0,0,0,0,0,0,0,0,0,0,0,0,0,0,0,1,0,0,0,0,0,1,0,0,0,1
0,3.0,1,0.0,82.0,420.0,349.0,554152897.3024806,547782885.3486644,0,0,0,0,0,0,1,0,0,0,0,0,0,0,0,0,0,0,0,0,0,0,0,0,0,0,0,0,0,1,0,0,0,0,0,0,0,1,0,0,1,0,0,1,0,0
0,3.0,0,10.463131911491967,82.0,420.0,349.0,742089971.3512855,547655225.7741964,0,0,0,0,0,0,1,0,0,0,0,0,0,0,0,0,0,0,0,0,0,0,0,0,0,0,0,0,0,1,0,0,0,0,0,0,0,1,0,1,0,0,0,1,0,0
1,1.0,1,0.0,59.6,381.0,201.0,486819953.3895022,438868622.7383879,0,0,0,0,0,0,1,0,0,0,0,0,0,0,0,0,0,0,0,0,0,0,0,0,0,0,0,1,0,0,0,0,0,0,0,0,0,1,0,0,1,0,0,1,0,0
0,1.0,1,0.0,18.6,215.0,43.0,447972110.8549611,394606174.9331617,0,0,0,0,0,0,1,0,0,0,0,0,0,0,0,0,0,0,0,0,0,0,0,0,0,1,0,0,0,0,0,0,0,0,1,0,0,0,0,0,0,0,1,0,1,0
0,1.0,1,0.0,17.0,150.0,41.0,299622246.9297316,393228307.21297663,0,0,0,0,0,0,1,0,0,0,1,0,0,0,0,0,0,0,0,0,0,0,0,0,0,0,0,0,0,0,0,0,0,0,0,0,0,1,0,0,1,0,0,1,0,0
0,0.0,1,0.0,60.1,450.0,204.0,478257442.7451907,482180531.74499685,0,0,0,0,0,0,1,0,0,0,0,0,0,0,1,0,0,0,0,0,0,0,0,0,0,0,0,0,0,0,0,0,0,0,0,1,0,0,0,0,0,1,0,0,0,1
0,1.0,0,11.156264806643742,92.0,480.0,402.0,610577994.8356099,669775141.6603379,0,0,0,0,0,0,1,0,0,0,0,0,0,0,0,0,0,0,0,0,0,0,0,0,0,0,0,0,0,0,1,0,0,0,0,0,0,1,0,0,0,1,0,0,0,1
0,3.0,0,12.388398368982115,18.6,215.0,43.0,301744772.3390727,524957126.62127525,0,0,0,0,0,0,1,0,0,0,0,0,0,0,0,0,0,0,0,0,0,0,0,0,0,1,0,0,0,0,0,0,0,0,0,0,0,1,0,1,0,0,0,1,0,0
0,4.0,0,10.463131911491967,59.6,381.0,201.0,422770258.33206093,419826538.8179069,0,0,0,0,0,0,1,0,0,0,0,0,0,0,0,0,0,0,0,0,0,0,0,0,0,0,0,0,0,0,0,1,0,0,0,0,0,1,0,0,0,1,0,0,0,1
0,0.0,1,0.0,37.2,326.4,134.0,341173326.2949369,354724354.660955,0,0,0,0,0,0,1,0,0,0,0,0,0,0,0,0,0,0,0,0,0,0,0,0,0,0,1,0,0,0,0,0,0,0,0,0,1,0,0,0,0,1,0,1,0,0
0,0.0,1,0.0,59.6,381.0,201.0,484666533.0259533,494977199.1631027,0,0,0,0,0,0,1,0,0,0,0,0,0,0,0,0,0,0,0,0,0,0,0,0,0,0,0,1,0,0,0,0,0,0,0,0,1,0,0,0,0,1,0,1,0,0
0,2.0,1,8.699514748210191,82.0,420.0,349.0,483284660.1290416,557280323.410955,0,0,0,0,0,0,1,0,0,0,0,0,0,0,0,0,0,0,0,0,0,0,0,0,0,0,0,0,0,1,0,0,0,0,0,0,0,1,0,0,1,0,0,1,0,0
0,3.0,0,10.596659732783579,37.2,326.4,134.0,484666533.0259533,442956827.10726666,0,0,0,0,0,0,1,0,0,0,0,0,0,0,0,0,0,0,0,0,0,0,0,0,0,0,1,0,0,0,0,0,0,0,0,0,0,1,0,0,0,1,0,0,0,1
0,1.0,1,0.0,75.3,450.0,201.0,627377694.7407442,562832456.5291996,0,0,0,0,0,0,1,0,0,0,0,0,0,0,0,0,0,0,0,0,0,0,0,0,0,0,0,0,1,0,0,0,0,0,0,0,0,1,0,0,1,0,0,1,0,0
0,3.0,0,10.545367754151743,92.0,480.0,402.0,571532667.7376897,459557343.56749696,0,0,0,0,0,0,1,0,0,0,0,0,0,0,0,0,0,0,0,0,0,0,0,0,0,0,0,0,0,0,1,0,0,0,0,0,0,1,0,0,1,0,0,1,0,0
0,2.0,0,11.51293546492023,37.2,326.4,134.0,474107836.8118428,393479814.6297871,0,0,0,0,0,0,1,0,0,0,0,0,0,0,0,0,0,0,0,0,0,0,0,0,0,0,1,0,0,0,0,0,0,0,0,0,1,0,0,0,0,1,0,1,0,0
0,3.0,0,10.308985993422082,82.0,420.0,349.0,487157266.97617537,549144586.074003,0,0,0,0,0,0,1,0,0,0,0,0,0,0,0,0,0,0,0,0,0,0,0,0,0,0,0,0,0,1,0,0,0,0,0,0,0,1,0,0,0,1,0,0,0,1
0,1.0,1,0.0,18.6,215.0,43.0,464060484.56904846,391906174.9331617,0,0,0,0,0,0,1,0,0,0,0,0,0,0,0,0,0,0,0,0,0,0,0,0,0,1,0,0,0,0,0,0,0,0,0,0,0,1,0,1,0,0,0,1,0,0
0,0.0,1,0.0,18.6,215.0,43.0,302586625.3742165,336030345.05172926,0,0,0,0,0,0,1,0,0,0,0,0,0,0,0,0,0,0,0,0,0,0,0,0,0,1,0,0,0,0,0,0,0,0,0,0,0,1,0,0,0,1,0,1,0,0
0,0.0,1,0.0,18.6,215.0,43.0,302966815.95728356,337359950.1075952,0,0,0,0,0,0,1,0,0,0,0,0,0,0,0,0,0,0,0,0,0,0,0,0,0,1,0,0,0,0,0,0,0,0,0,0,0,1,0,0,0,1,0,0,0,1
0,2.0,0,10.239995502805316,59.6,381.0,201.0,489919124.09198153,454252896.07359165,0,0,0,0,0,0,1,0,0,0,0,0,0,0,0,0,0,0,0,0,0,0,0,0,0,0,0,1,0,0,0,0,0,0,0,0,0,1,0,0,0,1,0,0,0,1
0,2.0,0,8.517393171418904,92.0,480.0,402.0,570098601.8036238,478791436.7501149,0,0,0,0,0,0,1,0,0,0,0,0,0,0,0,0,0,0,0,0,0,0,0,0,0,0,0,0,0,0,1,0,0,0,0,0,0,1,0,0,1,0,0,1,0,0
0,2.0,1,8.517393171418904,18.6,215.0,43.0,302551481.60424846,401533978.2112898,0,0,0,0,0,0,1,0,0,0,0,0,0,0,0,0,0,0,0,0,0,0,0,0,0,1,0,0,0,0,0,0,0,0,1,0,0,0,0,0,0,0,1,1,0,0
0,3.0,0,10.404293143019792,82.0,420.0,349.0,583486206.2608138,549144586.344796,0,0,0,0,0,0,1,0,0,0,0,0,0,0,0,0,0,0,0,0,0,0,0,0,0,0,0,0,0,1,0,0,0,0,0,0,0,1,0,0,0,1,0,0,0,1
0,1.0,0,0.0,59.6,381.0,201.0,443205060.40457946,443205060.40457946,0,1,0,0,0,0,0,0,0,0,0,0,0,0,0,0,0,0,0,1,0,0,0,0,0,0,0,0,0,0,0,0,0,0,0,0,0,1,0,0,1,0,0,1,0,0
0,2.0,1,10.62135173563291,82.0,420.0,349.0,484182749.30101615,558030323.410955,0,0,0,0,0,0,1,0,0,0,0,0,0,0,0,0,0,0,0,0,0,0,0,0,0,0,0,0,0,1,0,0,0,0,0,0,0,1,0,0,1,0,0,1,0,0
0,0.0,0,1.9459101490553132,37.2,326.4,134.0,475073128.67735255,357538182.0545719,0,0,0,0,0,0,1,0,0,0,0,0,0,0,0,0,0,0,0,0,0,0,0,0,0,0,1,0,0,0,0,0,0,0,0,0,0,1,0,0,0,1,0,0,0,1
1,3.0,1,10.968215530759236,59.6,381.0,201.0,443242302.75086665,484666533.0259533,0,0,0,0,0,0,1,0,0,0,0,0,0,0,0,0,0,0,0,1,0,0,0,0,0,0,0,0,0,0,0,0,0,0,0,0,0,1,0,0,0,1,0,0,0,1
0,0.0,1,0.0,59.6,381.0,201.0,484666533.0259533,498657568.15068036,0,0,0,0,0,0,1,0,0,0,0,0,0,0,0,0,0,0,0,0,0,0,0,0,0,0,0,1,0,0,0,0,0,0,0,0,0,1,0,0,0,1,0,0,0,1
1,1.0,0,8.517393171418904,59.6,381.0,201.0,538105025.4045794,439461843.07737094,0,0,0,0,0,0,1,0,0,0,0,0,0,0,0,0,0,0,0,0,0,0,0,0,0,0,0,1,0,0,0,0,0,0,0,0,1,0,0,0,0,1,0,0,0,1
0,2.0,1,9.392745258631441,18.6,215.0,43.0,302966815.9668682,402493385.2629503,0,0,0,0,0,0,1,0,0,0,0,0,0,0,0,0,0,0,0,0,0,0,0,0,0,1,0,0,0,0,0,0,0,0,0,1,0,0,0,0,0,1,0,0,0,1
0,2.0,0,0.0,82.0,420.0,349.0,437619084.51853806,560514364.6343594,0,0,0,0,0,0,1,0,0,0,0,0,0,0,0,0,0,0,0,0,0,0,0,0,0,0,0,0,0,1,0,0,0,0,0,0,0,1,0,0,0,1,0,0,0,1
0,2.0,0,12.506180941677357,37.2,326.4,134.0,440605963.2054121,391281502.39350015,0,0,0,0,0,0,1,0,0,0,0,0,0,0,0,0,0,0,0,0,0,0,0,0,0,0,1,0,0,0,0,0,0,0,0,0,0,1,0,1,0,0,0,1,0,0
0,0.0,1,0.0,75.3,450.0,201.0,490552134.97231853,587428491.7821976,0,0,0,0,0,0,1,0,0,0,0,0,0,0,0,0,0,0,0,0,0,0,0,0,0,0,0,0,1,0,0,0,0,0,0,0,0,1,0,0,0,1,0,0,0,1
0,1.0,0,7.244941546337007,92.0,480.0,402.0,566153546.8585689,658681134.6517909,0,0,0,0,0,0,1,0,0,0,0,0,0,0,0,0,0,0,0,0,0,0,0,0,0,0,0,0,0,0,1,0,0,0,0,0,0,1,0,0,0,1,0,0,1,0
0,0.0,1,0.0,82.0,420.0,349.0,499755758.77997255,615663582.8593239,0,0,0,0,0,0,1,0,0,0,0,0,0,0,0,0,0,0,0,0,0,0,0,0,0,0,0,0,0,1,0,0,0,0,0,0,0,1,0,0,0,1,0,1,0,0
0,2.0,0,11.127277689932466,92.0,480.0,402.0,663017158.288706,475779388.55734384,0,0,0,0,0,0,1,0,0,0,0,0,0,0,0,0,0,0,0,0,0,0,0,0,0,0,0,0,0,0,1,0,0,0,0,0,0,1,0,0,0,1,0,0,1,0
0,2.0,1,5.351858133476067,18.6,215.0,43.0,301974804.2879545,400201874.89025664,0,0,0,0,0,0,1,0,0,0,0,0,0,0,0,0,0,0,0,0,0,0,0,0,0,1,0,0,0,0,0,0,0,0,0,0,0,1,0,0,1,0,0,1,0,0
0,3.0,0,10.691967639914864,82.0,420.0,349.0,743408989.7561935,548071086.509206,0,0,0,0,0,0,1,0,0,0,0,0,0,0,0,0,0,0,0,0,0,0,0,0,0,0,0,0,0,1,0,0,0,0,0,0,0,1,0,0,1,0,0,1,0,0
0,3.0,0,2.995732273553991,59.6,381.0,201.0,1238512717.7122717,862222110.854961,0,0,0,1,0,0,0,0,0,0,0,0,0,0,0,0,0,0,0,1,0,0,0,0,0,0,0,0,0,0,0,0,0,0,0,0,0,1,0,0,0,1,0,0,1,0
0,3.0,0,10.714439990727769,82.0,420.0,349.0,746325533.8535901,547829307.0121074,0,0,0,0,0,0,1,0,0,0,0,0,0,0,0,0,0,0,0,0,0,0,0,0,0,0,0,0,0,1,0,0,0,0,0,0,0,1,0,1,0,0,0,1,0,0
0,0.0,1,0.0,82.0,420.0,349.0,492549458.8066291,615833078.6576432,0,0,0,0,0,0,1,0,0,0,0,0,0,0,0,0,0,0,0,0,0,0,0,0,0,0,0,0,0,1,0,0,0,0,0,0,0,1,0,0,0,1,0,1,0,0
0,1.0,1,8.517393171418904,18.6,215.0,43.0,302966815.72725165,395068963.6796733,0,0,0,0,0,0,1,0,0,0,0,0,0,0,0,0,0,0,0,0,0,0,0,0,0,1,0,0,0,0,0,0,0,0,0,0,0,1,0,0,0,1,0,0,0,1
0,4.0,1,10.308985993422082,82.0,420.0,349.0,482233704.7150289,539720026.8698579,0,0,0,0,0,0,1,0,0,0,0,0,0,0,0,0,0,0,0,0,0,0,0,0,0,0,0,0,0,1,0,0,0,0,0,0,0,1,0,0,1,0,0,1,0,0
0,1.0,1,0.0,60.1,450.0,204.0,372291935.90662915,460530366.3853393,0,0,0,0,0,0,1,0,0,0,0,0,0,0,1,0,0,0,0,0,0,0,0,0,0,0,0,0,0,0,0,0,0,0,0,0,0,1,0,0,0,1,0,0,0,1
0,2.0,0,10.933124826700707,82.0,420.0,349.0,477843490.6434291,560514362.4535081,0,0,0,0,0,0,1,0,0,0,0,0,0,0,0,0,0,0,0,0,0,0,0,0,0,0,0,0,0,1,0,0,0,0,0,0,0,1,0,0,0,1,0,0,0,1
0,0.0,1,0.0,59.6,381.0,201.0,556100390.851505,498657568.1134133,0,0,0,0,0,0,1,0,0,0,0,0,0,0,0,0,0,0,0,0,0,0,0,0,0,0,0,1,0,0,0,0,0,0,0,0,0,1,0,0,0,1,0,0,0,1
0,1.0,1,0.0,92.0,480.0,402.0,596981513.9584169,656527288.4979447,0,0,0,0,0,0,1,0,0,0,0,0,0,0,0,0,0,0,0,0,0,0,0,0,0,0,0,0,0,0,1,0,0,0,0,0,0,1,0,1,0,0,0,0,1,0
1,1.0,0,6.90875477931522,75.3,450.0,201.0,619190194.7407442,558814051.6212242,0,0,0,0,0,0,1,0,0,0,0,0,0,0,0,0,0,0,0,0,0,0,0,0,0,0,0,0,1,0,0,0,0,0,0,0,0,1,0,1,0,0,0,1,0,0
0,0.0,1,0.0,59.6,381.0,201.0,549600396.5024484,494378068.7283201,0,0,0,0,0,0,1,0,0,0,0,0,0,0,0,0,0,0,0,0,0,0,0,0,0,0,0,1,0,0,0,0,0,0,0,1,0,0,0,0,1,0,0,1,0,0
0,1.0,1,0.0,37.2,326.4,134.0,343332507.2704471,478727070.80866295,0,0,0,0,0,0,1,0,0,0,0,0,0,0,0,0,0,0,0,0,0,0,0,0,0,0,1,0,0,0,0,0,0,0,0,0,0,1,0,0,0,1,0,0,0,1
0,0.0,1,0.0,59.6,381.0,201.0,398281323.2379134,494749932.08235735,0,0,0,0,0,0,1,0,0,0,0,0,0,0,0,0,0,0,0,0,0,0,0,0,0,0,0,1,0,0,0,0,0,0,0,0,0,1,0,0,0,1,0,1,0,0
0,2.0,0,4.61512051684126,37.2,326.4,134.0,340822305.88677365,392762515.051728,0,0,0,0,0,0,1,0,0,0,0,0,0,0,0,0,0,0,0,0,0,0,0,0,0,0,1,0,0,0,0,0,0,0,0,0,0,1,0,0,1,0,0,1,0,0
1,2.0,0,9.358846580275406,59.6,381.0,201.0,396483614.9045801,448448979.01476824,0,0,0,0,0,0,1,0,0,0,0,0,0,0,0,0,0,0,0,0,0,0,0,0,0,0,0,1,0,0,0,0,0,0,0,0,0,0,1,1,0,0,0,0,1,0
0,0.0,1,0.0,59.6,381.0,201.0,402650276.6823579,498657567.46123934,0,0,0,0,0,0,1,0,0,0,0,0,0,0,0,0,0,0,0,0,0,0,0,0,0,0,0,1,0,0,0,0,0,0,0,0,0,1,0,0,0,1,0,0,0,1
0,1.0,0,9.680406499268875,37.2,326.4,134.0,475073128.6665065,478727071.47967273,0,0,0,0,0,0,1,0,0,0,0,0,0,0,0,0,0,0,0,0,0,0,0,0,0,0,1,0,0,0,0,0,0,0,0,0,0,1,0,0,0,1,0,0,0,1
0,2.0,1,11.835016210489899,37.2,326.4,134.0,474552522.27822024,394344793.53274065,0,0,0,0,0,0,1,0,0,0,0,0,0,0,0,0,0,0,0,0,0,0,0,0,0,0,1,0,0,0,0,0,0,0,1,0,0,0,0,0,0,0,1,1,0,0
0,0.0,1,0.0,17.0,150.0,41.0,311288907.31434697,329540207.6546922,0,0,0,0,0,0,1,0,0,0,1,0,0,0,0,0,0,0,0,0,0,0,0,0,0,0,0,0,0,0,0,0,0,0,0,1,0,0,0,0,0,1,0,0,0,1
0,3.0,0,10.668978650219241,82.0,420.0,349.0,450986230.6358139,542993717.0701345,0,0,0,0,0,0,1,0,0,0,0,0,0,0,0,0,0,0,0,0,0,0,0,0,0,0,0,0,0,1,0,0,0,0,0,0,0,0,1,1,0,0,0,0,1,0
1,1.0,0,9.741027444837728,59.6,381.0,201.0,515834412.33998805,554121191.6936151,0,0,0,0,0,0,1,0,0,0,0,0,0,1,0,0,0,0,0,0,0,0,0,0,0,0,0,0,0,0,0,0,0,0,0,0,0,1,0,0,1,0,0,1,0,0
0,4.0,0,0.0,82.0,420.0,349.0,496565248.2803134,543615860.2031913,0,0,0,0,0,0,1,0,0,0,0,0,0,0,0,0,0,0,0,0,0,0,0,0,0,0,0,0,0,1,0,0,0,0,1,0,0,0,0,0,0,0,1,1,0,0
0,2.0,1,9.90353755128617,92.0,480.0,402.0,573285411.4519755,485779380.79830766,0,0,0,0,0,0,1,0,0,0,0,0,0,0,0,0,0,0,0,0,0,0,0,0,0,0,0,0,0,0,1,0,0,0,0,1,0,0,0,0,0,1,0,0,0,1
0,0.0,0,9.210440366976517,37.2,326.0,136.0,570133266.5129766,327593200.50926906,0,0,0,0,0,0,1,0,0,0,0,0,1,0,0,0,0,0,0,0,0,0,0,0,0,0,0,0,0,0,0,0,0,0,1,0,0,0,0,0,0,0,1,1,0,0
0,1.0,0,8.987321812850125,37.2,326.4,134.0,468890917.0721465,469443685.33960754,0,0,0,0,0,0,1,0,0,0,0,0,0,0,0,0,0,0,0,0,0,0,0,0,0,0,1,0,0,0,0,0,0,0,0,0,0,1,0,1,0,0,0,0,1,0
0,1.0,1,0.0,37.2,326.4,134.0,474131697.9832094,477313392.17999846,0,0,0,0,0,0,1,0,0,0,0,0,0,0,0,0,0,0,0,0,0,0,0,0,0,0,1,0,0,0,0,0,0,0,0,0,0,1,0,0,1,0,0,1,0,0
0,0.0,1,0.0,82.0,420.0,349.0,477843489.72186047,624026348.8425171,0,0,0,0,0,0,1,0,0,0,0,0,0,0,0,0,0,0,0,0,0,0,0,0,0,0,0,0,0,1,0,0,0,0,0,0,0,1,0,0,0,1,0,0,0,1
0,4.0,1,10.915106645867503,42.0,318.6,147.0,606408559.0406301,413198639.0928038,0,0,0,0,0,0,1,0,0,0,0,0,0,0,0,0,0,0,0,0,0,0,0,0,1,0,0,0,0,0,0,0,0,0,0,1,0,0,0,0,1,0,0,1,0,0
0,0.0,1,0.0,59.6,381.0,201.0,453190433.2328238,497229000.40533876,0,0,0,0,0,0,1,0,0,0,0,0,0,0,0,0,0,0,0,0,0,0,0,0,0,0,0,1,0,0,0,0,0,0,1,0,0,0,0,0,0,0,1,1,0,0
0,1.0,1,0.0,60.1,450.0,204.0,372291933.4961028,460530363.248353,0,0,0,0,0,0,1,0,0,0,0,0,0,0,1,0,0,0,0,0,0,0,0,0,0,0,0,0,0,0,0,0,0,0,0,0,0,1,0,0,0,1,0,0,0,1
1,1.0,0,9.99884318585288,75.3,450.0,201.0,490552136.2248438,566666808.2776659,0,0,0,0,0,0,1,0,0,0,0,0,0,0,0,0,0,0,0,0,0,0,0,0,0,0,0,0,1,0,0,0,0,0,0,0,0,1,0,0,0,1,0,0,0,1
1,4.0,0,8.517393171418904,18.6,215.0,43.0,642255165.4601909,442650911.1075968,0,0,0,0,0,0,1,0,0,0,0,0,0,0,0,0,0,0,0,0,0,0,0,0,0,1,0,0,0,0,0,0,0,0,0,0,0,1,0,1,0,0,0,1,0,0
0,1.0,1,0.0,60.1,450.0,204.0,368902463.438208,456119409.0634215,0,0,0,0,0,0,1,0,0,0,0,0,0,0,1,0,0,0,0,0,0,0,0,0,0,0,0,0,0,0,0,0,0,0,0,0,1,0,0,0,0,1,0,1,0,0
0,3.0,0,10.714439990727769,82.0,420.0,349.0,742979541.9034328,547935689.9908308,0,0,0,0,0,0,1,0,0,0,0,0,0,0,0,0,0,0,0,0,0,0,0,0,0,0,0,0,0,1,0,0,0,0,0,0,0,1,0,0,1,0,0,1,0,0
0,2.0,0,9.852246888342531,60.1,450.0,204.0,478257442.44519067,441728596.5651679,0,0,0,0,0,0,1,0,0,0,0,0,0,0,1,0,0,0,0,0,0,0,0,0,0,0,0,0,0,0,0,0,0,0,0,0,0,1,0,0,0,1,0,0,0,1
1,0.0,1,0.0,59.6,381.0,201.0,596044355.3506355,511305444.1882944,0,0,0,0,0,0,1,0,0,0,0,0,0,0,0,0,0,0,0,1,0,0,0,0,0,0,0,0,0,0,0,0,0,0,0,1,0,0,0,0,0,1,0,0,0,1
0,1.0,0,2.833213344056216,60.1,450.0,204.0,671639763.3912828,451489272.0771201,0,0,0,0,0,0,1,0,0,0,0,0,0,0,1,0,0,0,0,0,0,0,0,0,0,0,0,0,0,0,0,0,0,0,0,0,0,1,0,1,0,0,0,1,0,0
0,1.0,1,0.0,59.6,381.0,201.0,402650276.3906912,442046585.6790658,0,0,0,0,0,0,1,0,0,0,0,0,0,0,0,0,0,0,0,0,0,0,0,0,0,0,0,1,0,0,0,0,0,0,0,0,0,1,0,0,0,1,0,0,0,1
0,0.0,1,0.0,59.6,381.0,201.0,402650276.3351357,498657567.15068036,0,0,0,0,0,0,1,0,0,0,0,0,0,0,0,0,0,0,0,0,0,0,0,0,0,0,0,1,0,0,0,0,0,0,0,1,0,0,0,0,0,1,0,0,0,1
0,3.0,0,10.87806606028079,82.0,420.0,349.0,482857908.53668493,547838978.1919913,0,0,0,0,0,0,1,0,0,0,0,0,0,0,0,0,0,0,0,0,0,0,0,0,0,0,0,0,0,1,0,0,0,0,0,0,0,1,0,0,0,1,0,0,0,1
1,2.0,1,0.0,18.6,215.0,43.0,644820382.8514954,401500767.8791865,0,0,0,0,0,0,1,0,0,0,0,0,0,0,0,0,0,0,0,0,0,0,0,0,0,1,0,0,0,0,0,0,0,0,1,0,0,0,0,0,0,0,1,1,0,0
1,3.0,1,10.950824090522445,92.0,480.0,402.0,583140448.1715543,457761290.9359179,0,0,0,0,0,0,1,0,0,0,0,0,0,0,0,0,0,0,0,0,0,0,0,0,0,0,0,0,0,0,1,0,0,0,0,0,0,1,0,0,1,0,0,1,0,0
1,2.0,1,0.0,59.6,381.0,201.0,486931523.6374361,449527410.38731724,0,0,0,0,0,0,1,0,0,0,0,0,0,0,0,0,0,0,0,0,0,0,0,0,0,0,0,1,0,0,0,0,0,0,0,0,0,1,0,0,1,0,0,1,0,0
1,1.0,1,9.472781556562168,37.2,326.4,134.0,474418032.0396085,477743359.6067085,0,0,0,0,0,0,1,0,0,0,0,0,0,0,0,0,0,0,0,0,0,0,0,0,0,0,1,0,0,0,0,0,0,0,1,0,0,0,0,0,0,0,1,1,0,0
0,0.0,0,0.0,82.0,420.0,349.0,479577653.7596149,614026355.9685675,0,0,0,0,0,0,1,0,0,0,0,0,0,0,0,0,0,0,0,0,0,0,0,0,0,0,0,0,0,1,0,0,0,0,0,0,0,1,0,1,0,0,0,1,0,0
0,1.0,0,10.085850775128717,82.0,420.0,349.0,492838932.49083966,659390620.7407433,0,0,0,0,0,0,1,0,0,0,0,0,0,0,0,0,0,0,0,0,0,0,0,0,0,0,0,0,0,1,0,0,0,0,0,0,1,0,0,0,0,1,0,0,0,1
0,0.0,1,0.0,82.0,420.0,349.0,564509774.0740901,617572574.4559624,0,0,0,0,0,0,1,0,0,0,0,0,0,0,0,0,0,0,0,0,0,0,0,0,0,0,0,0,0,1,0,0,0,0,0,0,1,0,0,0,0,1,0,1,0,0
1,1.0,0,8.987321812850125,18.6,215.0,43.0,302343813.87261903,394161988.88665,0,0,0,0,0,0,1,0,0,0,0,0,0,0,0,0,0,0,0,0,0,0,0,0,0,1,0,0,0,0,0,0,0,0,0,0,0,1,0,0,1,0,0,1,0,0
0,1.0,1,0.0,37.2,326.4,134.0,341536591.6010593,477293848.2060571,0,0,0,0,0,0,1,0,0,0,0,0,0,0,0,0,0,0,0,0,0,0,0,0,0,0,1,0,0,0,0,0,0,0,0,0,0,1,0,0,0,1,0,1,0,0
0,1.0,0,10.043292972227004,37.2,326.4,134.0,475073127.7229057,478727070.0627346,0,0,0,0,0,0,1,0,0,0,0,0,0,0,0,0,0,0,0,0,0,0,0,0,0,0,1,0,0,0,0,0,0,0,0,0,0,1,0,0,0,1,0,0,0,1
0,2.0,1,10.691967639914864,37.2,326.4,134.0,528424120.93268484,395357450.6424453,0,0,0,0,0,0,1,0,0,0,0,0,0,0,0,0,0,0,0,0,0,0,0,0,0,0,1,0,0,0,0,0,0,0,0,0,0,1,0,0,0,1,0,0,0,1
0,1.0,0,4.02535169073515,18.6,215.0,43.0,302569053.4892325,394489895.86339426,0,0,0,0,0,0,1,0,0,0,0,0,0,0,0,0,0,0,0,0,0,0,0,0,0,1,0,0,0,0,0,0,0,0,0,0,1,0,0,0,0,1,0,1,0,0
0,2.0,0,9.156939595249067,37.2,326.4,134.0,339863122.2133042,391770953.8702934,0,0,0,0,0,0,1,0,0,0,0,0,0,0,0,0,0,0,0,0,0,0,0,0,0,0,1,0,0,0,0,0,0,0,0,0,0,1,0,1,0,0,0,1,0,0
0,1.0,1,0.0,18.6,215.0,43.0,644815551.9336209,394441058.6540919,0,0,0,0,0,0,1,0,0,0,0,0,0,0,0,0,0,0,0,0,0,0,0,0,0,1,0,0,0,0,0,0,0,0,0,0,1,0,0,0,0,1,0,1,0,0
0,1.0,1,0.0,75.3,450.0,201.0,645602107.4277269,562495033.2163162,0,0,0,0,0,0,1,0,0,0,0,0,0,0,0,0,0,0,0,0,0,0,0,0,0,0,0,0,1,0,0,0,0,0,0,0,0,1,0,0,1,0,0,1,0,0
0,1.0,0,9.392745258631441,37.2,326.4,134.0,475073127.92897946,478727070.3721809,0,0,0,0,0,0,1,0,0,0,0,0,0,0,0,0,0,0,0,0,0,0,0,0,0,0,1,0,0,0,0,0,0,0,0,0,0,1,0,0,0,1,0,0,0,1
0,1.0,1,0.0,75.3,450.0,201.0,503489671.71536607,562715892.1120217,0,0,0,0,0,0,1,0,0,0,0,0,0,0,0,0,0,0,0,0,0,0,0,0,0,0,0,0,1,0,0,0,0,0,0,0,0,1,0,0,1,0,0,1,0,0
0,0.0,1,0.0,60.1,450.0,204.0,372291933.41715544,482180531.2112131,0,0,0,0,0,0,1,0,0,0,0,0,0,0,1,0,0,0,0,0,0,0,0,0,0,0,0,0,0,0,0,0,0,0,0,1,0,0,0,0,0,1,0,0,0,1
0,0.0,1,0.0,60.1,450.0,204.0,372291935.7118923,482180534.15715903,0,0,0,0,0,0,1,0,0,0,0,0,0,0,1,0,0,0,0,0,0,0,0,0,0,0,0,0,0,0,0,0,0,0,0,1,0,0,0,0,0,1,0,0,0,1
0,1.0,0,9.741027444837728,37.2,326.4,134.0,474519984.31726575,477896454.0692493,0,0,0,0,0,0,1,0,0,0,0,0,0,0,0,0,0,0,0,0,0,0,0,0,0,0,1,0,0,0,0,0,0,0,1,0,0,0,0,0,0,0,1,1,0,0
0,1.0,0,8.699681400989514,18.6,215.0,43.0,302591417.70648485,394522454.0029291,0,0,0,0,0,0,1,0,0,0,0,0,0,0,0,0,0,0,0,0,0,0,0,0,0,1,0,0,0,0,0,0,0,0,0,0,0,1,0,0,0,1,0,1,0,0
1,2.0,0,10.308985993422082,59.6,381.0,201.0,489919122.02586585,454252892.80561787,0,0,0,0,0,0,1,0,0,0,0,0,0,0,0,0,0,0,0,0,0,0,0,0,0,0,0,1,0,0,0,0,0,0,0,0,0,1,0,0,0,1,0,0,0,1
0,1.0,0,9.80493712880685,37.2,326.4,134.0,474216296.68169093,477440428.0106173,0,0,0,0,0,0,1,0,0,0,0,0,0,0,0,0,0,0,0,0,0,0,0,0,0,0,1,0,0,0,0,0,0,0,0,0,1,0,0,0,0,1,0,1,0,0
0,1.0,1,9.305741456739435,18.6,215.0,43.0,302559468.8246957,394475942.3750221,0,0,0,0,0,0,1,0,0,0,0,0,0,0,0,0,0,0,0,0,0,0,0,0,0,1,0,0,0,0,0,0,0,0,1,0,0,0,0,0,0,0,1,1,0,0
0,1.0,1,0.0,82.0,420.0,349.0,482265551.84878683,660811181.4884069,0,0,0,0,0,0,1,0,0,0,0,0,0,0,0,0,0,0,0,0,0,0,0,0,0,0,0,0,0,1,0,0,0,0,0,0,0,1,0,0,1,0,0,1,0,0
1,3.0,0,10.308985993422082,92.0,480.0,402.0,610577997.2478907,461656021.8240759,0,0,0,0,0,0,1,0,0,0,0,0,0,0,0,0,0,0,0,0,0,0,0,0,0,0,0,0,0,0,1,0,0,0,0,0,0,1,0,0,0,1,0,0,0,1
0,0.0,1,0.0,59.6,381.0,201.0,398260976.0156912,494731733.3245934,0,0,0,0,0,0,1,0,0,0,0,0,0,0,0,0,0,0,0,0,0,0,0,0,0,0,0,1,0,0,0,0,0,0,0,0,0,0,1,0,0,1,0,0,1,0
0,1.0,1,10.043292972227004,59.6,381.0,201.0,489919123.7861964,442046585.60279465,0,0,0,0,0,0,1,0,0,0,0,0,0,0,0,0,0,0,0,0,0,0,0,0,0,0,0,1,0,0,0,0,0,0,0,0,0,1,0,0,0,1,0,0,0,1
1,0.0,0,8.294299608857235,60.1,450.0,204.0,372291933.8329449,482180531.74499685,0,0,0,0,0,0,1,0,0,0,0,0,0,0,1,0,0,0,0,0,0,0,0,0,0,0,0,0,0,0,0,0,0,0,0,1,0,0,0,0,0,1,0,0,0,1
0,3.0,0,0.0,18.6,215.0,43.0,301786305.8853986,525795836.2986946,0,0,0,0,0,0,1,0,0,0,0,0,0,0,0,0,0,0,0,0,0,0,0,0,0,1,0,0,0,0,0,0,0,0,0,0,0,1,0,1,0,0,0,1,0,0
0,0.0,1,0.0,37.2,326.4,134.0,341450877.31534505,355086056.7886146,0,0,0,0,0,0,1,0,0,0,0,0,0,0,0,0,0,0,0,0,0,0,0,0,0,0,1,0,0,0,0,0,0,0,0,0,0,1,0,0,0,1,0,1,0,0
0,1.0,1,0.0,75.3,450.0,201.0,645344042.9115977,562445953.461715,0,0,0,0,0,0,1,0,0,0,0,0,0,0,0,0,0,0,0,0,0,0,0,0,0,0,0,0,1,0,0,0,0,0,0,0,0,1,0,0,1,0,0,1,0,0
0,2.0,0,3.8918202981106265,18.6,215.0,43.0,302966815.3901909,402493383.930847,0,0,0,0,0,0,1,0,0,0,0,0,0,0,0,0,0,0,0,0,0,0,0,0,0,1,0,0,0,0,0,0,0,0,0,0,0,1,0,0,0,1,0,0,0,1
0,0.0,1,0.0,59.6,381.0,201.0,484666533.0259533,484666533.0259533,0,0,0,0,0,0,0,0,1,0,0,0,0,0,0,0,0,0,0,1,0,0,0,0,0,0,0,0,0,0,0,0,0,0,0,0,1,0,0,0,0,1,0,1,0,0
0,1.0,1,0.0,59.6,381.0,201.0,533258871.5584256,439194893.9248285,0,0,0,0,0,0,1,0,0,0,0,0,0,0,0,0,0,0,0,0,0,0,0,0,0,0,0,1,0,0,0,0,0,0,0,0,0,1,0,0,0,1,0,1,0,0
0,1.0,0,9.210440366976517,18.6,215.0,43.0,302623366.588274,394568965.63083607,0,0,0,0,0,0,1,0,0,0,0,0,0,0,0,0,0,0,0,0,0,0,0,0,0,1,0,0,0,0,0,0,0,0,0,0,1,0,0,0,0,1,0,1,0,0
0,1.0,0,9.546884034617925,18.6,215.0,43.0,302966816.49242735,395068964.7936268,0,0,0,0,0,0,1,0,0,0,0,0,0,0,0,0,0,0,0,0,0,0,0,0,0,1,0,0,0,0,0,0,0,0,1,0,0,0,0,0,0,1,0,0,0,1
0,0.0,1,0.0,59.6,381.0,201.0,578669725.3093843,578669725.3093843,0,0,0,0,0,0,1,0,0,0,0,0,0,0,0,0,0,0,0,1,0,0,0,0,0,0,0,0,0,0,0,0,0,0,0,1,0,0,0,0,0,1,0,1,0,0
0,3.0,1,0.0,82.0,420.0,349.0,457426782.1703813,548560448.2113338,0,0,0,0,0,0,1,0,0,0,0,0,0,0,0,0,0,0,0,0,0,0,0,0,0,0,0,0,0,1,0,0,0,0,1,0,0,0,0,0,0,0,1,1,0,0
0,2.0,0,10.933124826700707,59.6,381.0,201.0,484666533.0259533,454252895.74679434,0,0,0,0,0,0,1,0,0,0,0,0,0,0,0,0,0,0,0,0,0,0,0,0,0,0,0,1,0,0,0,0,0,0,0,0,0,1,0,0,0,1,0,0,0,1
0,1.0,0,0.0,60.1,450.0,204.0,368660358.1750502,455804340.5702708,0,0,0,0,0,0,1,0,0,0,0,0,0,0,1,0,0,0,0,0,0,0,0,0,0,0,0,0,0,0,0,0,0,0,0,0,0,1,0,1,0,0,0,1,0,0
0,1.0,0,9.105090961257085,18.6,215.0,43.0,302559468.8246957,394475942.3750221,0,0,0,0,0,0,1,0,0,0,0,0,0,0,0,0,0,0,0,0,0,0,0,0,0,1,0,0,0,0,0,0,0,0,1,0,0,0,0,0,0,0,1,1,0,0
0,1.0,0,10.518700218288165,75.3,450.0,201.0,627065194.7407442,562679082.2960708,0,0,0,0,0,0,1,0,0,0,0,0,0,0,0,0,0,0,0,0,0,0,0,0,0,0,0,0,1,0,0,0,0,0,0,0,1,0,0,0,0,1,0,0,0,1
0,0.0,1,0.0,59.6,381.0,201.0,551807943.6722598,495831484.8773884,0,0,0,0,0,0,1,0,0,0,0,0,0,0,0,0,0,0,0,0,0,0,0,0,0,0,0,1,0,0,0,0,0,0,0,0,0,1,0,0,1,0,0,1,0,0
0,2.0,0,10.34177474101152,82.0,420.0,349.0,749934908.8535901,559354791.4960613,0,0,0,0,0,0,1,0,0,0,0,0,0,0,0,0,0,0,0,0,0,0,0,0,0,0,0,0,0,1,0,0,0,0,1,0,0,0,0,0,0,0,1,1,0,0
0,1.0,1,0.0,18.6,215.0,43.0,643718933.576133,393913151.6773477,0,0,0,0,0,0,1,0,0,0,0,0,0,0,0,0,0,0,0,0,0,0,0,0,0,1,0,0,0,0,0,0,0,0,0,0,0,1,0,0,1,0,0,1,0,0
0,1.0,0,4.605170185988092,59.6,381.0,201.0,548024924.8043352,438419470.196015,0,0,0,0,0,0,1,0,0,0,0,0,0,0,0,0,0,0,0,0,0,0,0,0,0,0,0,1,0,0,0,0,0,0,0,0,0,1,0,1,0,0,0,1,0,0
0,3.0,1,9.305741456739435,92.0,480.0,402.0,569115085.3201075,456662606.7253917,0,0,0,0,0,0,1,0,0,0,0,0,0,0,0,0,0,0,0,0,0,0,0,0,0,0,0,0,0,0,1,0,0,0,0,0,0,1,0,0,1,0,0,1,0,0
0,1.0,0,8.294299608857235,75.3,450.0,201.0,486158203.54807615,563998100.7009788,0,0,0,0,0,0,1,0,0,0,0,0,0,0,0,0,0,0,0,0,0,0,0,0,0,0,0,0,1,0,0,0,0,0,0,0,0,1,0,0,1,0,0,1,0,0
0,2.0,0,9.90353755128617,82.0,420.0,349.0,477843490.3248016,560514362.1077635,0,0,0,0,0,0,1,0,0,0,0,0,0,0,0,0,0,0,0,0,0,0,0,0,0,0,0,0,0,1,0,0,0,0,0,0,0,1,0,0,0,1,0,0,0,1
0,1.0,0,9.741027444837728,92.0,480.0,402.0,566334865.5398875,658963185.9338422,0,0,0,0,0,0,1,0,0,0,0,0,0,0,0,0,0,0,0,0,0,0,0,0,0,0,0,0,0,0,1,0,0,0,0,0,0,1,0,0,0,1,0,1,0,0
0,2.0,0,9.90353755128617,37.2,326.4,134.0,475073128.76412046,395357450.03063095,0,0,0,0,0,0,1,0,0,0,0,0,0,0,0,0,0,0,0,0,0,0,0,0,0,0,1,0,0,0,0,0,0,0,0,0,0,1,0,0,0,1,0,0,0,1
0,2.0,0,8.853808274977197,92.0,480.0,402.0,610577994.7566626,485779374.2320426,0,0,0,0,0,0,1,0,0,0,0,0,0,0,0,0,0,0,0,0,0,0,0,0,0,0,0,0,0,0,1,0,0,0,0,0,0,1,0,0,0,1,0,0,0,1
0,2.0,0,9.61587214452889,18.6,215.0,43.0,302674484.79913664,401818111.0526182,0,0,0,0,0,0,1,0,0,0,0,0,0,0,0,0,0,0,0,0,0,0,0,0,0,1,0,0,0,0,0,0,0,0,0,0,1,0,0,0,0,1,0,1,0,0
0,1.0,0,8.922791623969637,59.6,381.0,201.0,487253837.68702286,439313537.9926252,0,0,0,0,0,0,1,0,0,0,0,0,0,0,0,0,0,0,0,0,0,0,0,0,0,0,0,1,0,0,0,0,0,0,0,0,0,1,0,0,0,1,0,0,1,0
0,3.0,1,10.778977123006351,82.0,420.0,349.0,749567721.3535901,548632014.9424748,0,0,0,0,0,0,1,0,0,0,0,0,0,0,0,0,0,0,0,0,0,0,0,0,0,0,0,0,0,1,0,0,0,0,1,0,0,0,0,0,0,0,1,1,0,0
0,3.0,0,10.915106645867503,82.0,420.0,349.0,482921602.8042009,547858320.5517592,0,0,0,0,0,0,1,0,0,0,0,0,0,0,0,0,0,0,0,0,0,0,0,0,0,0,0,0,0,1,0,0,0,0,0,0,1,0,0,0,0,1,0,0,0,1
0,1.0,1,0.0,37.2,326.4,134.0,471995038.5472007,474104923.12462384,0,0,0,0,0,0,1,0,0,0,0,0,0,0,0,0,0,0,0,0,0,0,0,0,0,0,1,0,0,0,0,0,0,0,0,0,0,1,0,1,0,0,0,1,0,0
0,2.0,0,11.51293546492023,59.6,381.0,201.0,487729044.2985931,450788848.295814,0,0,0,0,0,0,1,0,0,0,0,0,0,0,0,0,0,0,0,0,0,0,0,0,0,0,0,1,0,0,0,0,0,0,0,0,0,1,0,0,0,1,0,0,0,1
0,1.0,0,7.601402334583733,18.6,215.0,43.0,302559468.8246957,394475942.3750221,0,0,0,0,0,0,1,0,0,0,0,0,0,0,0,0,0,0,0,0,0,0,0,0,0,1,0,0,0,0,0,0,0,0,1,0,0,0,0,0,0,1,0,1,0,0
0,2.0,0,9.741027444837728,18.6,215.0,43.0,642883184.7838625,400021063.08213854,0,0,0,0,0,0,1,0,0,0,0,0,0,0,0,0,0,0,0,0,0,0,0,0,0,1,0,0,0,0,0,0,0,0,0,0,0,1,0,0,1,0,0,1,0,0
0,1.0,1,5.707110264748875,37.2,326.4,134.0,474535168.6990445,477919255.3721809,0,0,0,0,0,0,1,0,0,0,0,0,0,0,0,0,0,0,0,0,0,0,0,0,0,0,1,0,0,0,0,0,0,0,0,1,0,0,0,0,1,0,0,1,0,0
0,3.0,1,0.0,82.0,420.0,349.0,746700533.8535901,547922150.3389933,0,0,0,0,0,0,1,0,0,0,0,0,0,0,0,0,0,0,0,0,0,0,0,0,0,0,0,0,0,1,0,0,0,0,0,0,0,1,0,0,1,0,0,1,0,0
0,0.0,1,0.0,59.6,381.0,201.0,539769499.2407513,553148400.7503531,0,0,0,0,0,0,1,0,0,0,0,0,0,0,0,0,1,0,0,0,0,0,0,0,0,0,0,0,0,0,0,0,0,0,0,1,0,0,0,0,0,1,0,0,0,1
0,1.0,1,0.0,18.6,215.0,43.0,642129561.5954566,393148035.39827794,0,0,0,0,0,0,1,0,0,0,0,0,0,0,0,0,0,0,0,0,0,0,0,0,0,1,0,0,0,0,0,0,0,0,0,0,0,1,0,0,1,0,0,1,0,0
0,0.0,1,0.0,59.6,381.0,201.0,435972165.8549611,475605939.11450297,0,0,0,0,0,0,0,0,1,0,0,0,0,0,0,0,0,0,0,1,0,0,0,0,0,0,0,0,0,0,0,0,0,0,1,0,0,0,0,0,0,1,0,0,0,1
0,4.0,0,11.49273296168228,18.6,215.0,43.0,302966816.0531302,480746118.9647397,0,0,0,0,0,0,1,0,0,0,0,0,0,0,0,0,0,0,0,0,0,0,0,0,0,1,0,0,0,0,0,0,0,0,0,0,0,1,0,0,0,1,0,0,0,1
0,2.0,1,0.0,37.2,326.4,134.0,475073128.505986,395357449.52852124,0,0,0,0,0,0,1,0,0,0,0,0,0,0,0,0,0,0,0,0,0,0,0,0,0,0,1,0,0,0,0,0,0,0,0,0,0,1,0,0,0,1,0,0,0,1
0,1.0,1,0.0,18.6,215.0,43.0,427283440.3629767,395068964.9633942,0,0,0,0,0,0,1,0,0,0,0,0,0,0,0,0,0,0,0,0,0,0,0,0,0,1,0,0,0,0,0,0,0,0,0,0,0,1,0,0,0,1,0,0,0,1
1,1.0,0,10.819798284210286,60.1,450.0,204.0,680833311.7783797,455393381.66616124,0,0,0,0,0,0,1,0,0,0,0,0,0,0,1,0,0,0,0,0,0,0,0,0,0,0,0,0,0,0,0,0,0,0,0,0,0,1,0,1,0,0,0,1,0,0
1,1.0,1,0.0,18.6,215.0,43.0,302966815.94290656,395068963.9936268,0,0,0,0,0,0,1,0,0,0,0,0,0,0,0,0,0,0,0,0,0,0,0,0,0,1,0,0,0,0,0,0,0,0,0,1,0,0,0,0,0,1,0,0,0,1
0,1.0,1,0.0,92.0,480.0,402.0,573285407.4135139,669775139.9594833,0,0,0,0,0,0,1,0,0,0,0,0,0,0,0,0,0,0,0,0,0,0,0,0,0,0,0,0,0,0,1,0,0,0,0,0,0,1,0,0,0,1,0,0,0,1
0,3.0,1,10.778977123006351,82.0,420.0,349.0,535690380.7328238,548187140.6678134,0,0,0,0,0,0,1,0,0,0,0,0,0,0,0,0,0,0,0,0,0,0,0,0,0,0,0,0,0,1,0,0,0,0,1,0,0,0,0,0,1,0,0,0,1,0
0,0.0,1,0.0,37.2,326.4,134.0,474099160.02225494,355149886.5758486,0,0,0,0,0,0,1,0,0,0,0,0,0,0,0,0,0,0,0,0,0,0,0,0,0,0,1,0,0,0,0,0,0,0,0,0,1,0,0,0,0,1,0,1,0,0
0,3.0,1,10.043292972227004,92.0,480.0,402.0,597719395.5399754,459583659.3569706,0,0,0,0,0,0,1,0,0,0,0,0,0,0,0,0,0,0,0,0,0,0,0,0,0,0,0,0,0,0,1,0,0,0,1,0,0,0,0,0,0,0,1,1,0,0
0,4.0,1,0.0,59.6,381.0,201.0,415356472.1941299,410868213.9012403,0,0,0,0,0,0,1,0,0,0,0,0,0,0,0,0,0,0,0,0,0,0,0,0,0,0,0,0,0,0,0,1,0,0,0,0,0,1,0,0,1,0,0,1,0,0
0,1.0,0,9.791102421941337,75.3,450.0,201.0,502091523.56721795,561789511.7439235,0,0,0,0,0,0,1,0,0,0,0,0,0,0,0,0,0,0,0,0,0,0,0,0,0,0,0,0,1,0,0,0,0,0,0,0,0,1,0,0,0,1,0,0,0,1
0,0.0,1,0.0,82.0,420.0,349.0,472946435.0551938,615631397.9853742,0,0,0,0,0,0,1,0,0,0,0,0,0,0,0,0,0,0,0,0,0,0,0,0,0,0,0,0,0,1,0,0,0,0,0,0,1,0,0,0,0,1,0,1,0,0
0,3.0,0,11.112462823634855,59.6,381.0,201.0,460424120.93268484,484666533.0259533,0,0,0,0,0,0,1,0,0,0,0,0,0,0,0,0,0,0,0,1,0,0,0,0,0,0,0,0,0,0,0,0,0,0,0,0,0,1,0,0,0,1,0,0,0,1
0,3.0,1,0.0,82.0,420.0,349.0,742844572.5782794,547893136.7993414,0,0,0,0,0,0,1,0,0,0,0,0,0,0,0,0,0,0,0,0,0,0,0,0,0,0,0,0,0,1,0,0,0,0,0,0,0,1,0,0,1,0,0,1,0,0
0,1.0,1,0.0,59.6,381.0,201.0,549392849.3326372,439033876.975676,0,0,0,0,0,0,1,0,0,0,0,0,0,0,0,0,0,0,0,0,0,0,0,0,0,0,0,1,0,0,0,0,0,0,0,1,0,0,0,0,1,0,0,1,0,0
0,2.0,0,8.517393171418904,92.0,480.0,402.0,573285407.3036238,485779371.7019221,0,0,0,0,0,0,1,0,0,0,0,0,0,0,0,0,0,0,0,0,0,0,0,0,0,0,0,0,0,0,1,0,0,0,0,0,0,1,0,0,0,1,0,0,0,1
0,0.0,1,0.0,18.6,215.0,43.0,302966815.9668682,337359950.1411147,0,0,0,0,0,0,1,0,0,0,0,0,0,0,0,0,0,0,0,0,0,0,0,0,0,1,0,0,0,0,0,0,0,0,0,1,0,0,0,0,0,1,0,0,0,1
0,1.0,1,0.0,75.3,450.0,201.0,647344042.9115978,562826321.5598744,0,0,0,0,0,0,1,0,0,0,0,0,0,0,0,0,0,0,0,0,0,0,0,0,0,0,0,0,1,0,0,0,0,0,0,0,0,1,0,0,1,0,0,1,0,0
0,0.0,1,0.0,18.6,215.0,43.0,302966815.81351364,337359949.6048019,0,0,0,0,0,0,1,0,0,0,0,0,0,0,0,0,0,0,0,0,0,0,0,0,0,1,0,0,0,0,0,0,0,0,0,0,0,1,0,0,0,1,0,0,0,1
0,1.0,1,0.0,60.1,450.0,204.0,478257441.02519065,460530363.09766805,0,0,0,0,0,0,1,0,0,0,0,0,0,0,1,0,0,0,0,0,0,0,0,0,0,0,0,0,0,0,0,0,0,0,0,1,0,0,0,0,0,1,0,0,0,1
0,3.0,0,9.680406499268875,59.6,381.0,201.0,466047592.51853806,484666533.0259533,0,1,0,0,0,0,0,0,0,0,0,0,0,0,0,0,0,0,0,1,0,0,0,0,0,0,0,0,0,0,0,0,0,0,0,0,0,1,0,0,0,1,0,0,0,1
1,0.0,1,0.0,59.6,381.0,201.0,415577703.15063554,439555444.1049611,0,0,0,0,0,0,1,0,0,0,0,0,0,0,0,0,0,0,0,1,0,0,0,0,0,0,0,0,0,0,0,0,0,0,0,0,0,1,0,0,0,1,0,1,0,0
0,3.0,0,10.485731104959568,60.1,450.0,204.0,372291934.8592606,418719385.0662912,0,0,0,0,0,0,1,0,0,0,0,0,0,0,1,0,0,0,0,0,0,0,0,0,0,0,0,0,0,0,0,0,0,0,0,0,0,1,0,0,0,1,0,0,0,1
0,1.0,1,8.294299608857235,18.6,215.0,43.0,643999126.812848,394048035.39827794,0,0,0,0,0,0,1,0,0,0,0,0,0,0,0,0,0,0,0,0,0,0,0,0,0,1,0,0,0,0,0,0,0,0,0,0,0,1,0,0,1,0,0,1,0,0
0,1.0,0,10.275085591132715,18.6,215.0,43.0,302648925.6937053,394606174.9331617,0,0,0,0,0,0,1,0,0,0,0,0,0,0,0,0,0,0,0,0,0,0,0,0,0,1,0,0,0,0,0,0,0,0,0,0,0,1,0,0,0,1,0,1,0,0
0,3.0,0,10.915106645867503,82.0,420.0,349.0,483399309.8105703,548003388.2500184,0,0,0,0,0,0,1,0,0,0,0,0,0,0,0,0,0,0,0,0,0,0,0,0,0,0,0,0,0,1,0,0,0,0,0,0,0,1,0,0,0,1,0,0,0,1
0,3.0,1,10.596659732783579,82.0,420.0,349.0,738434908.8535901,545875728.6755503,0,0,0,0,0,0,1,0,0,0,0,0,0,0,0,0,0,0,0,0,0,0,0,0,0,0,0,0,0,1,0,0,0,0,0,0,0,1,0,1,0,0,0,0,1,0
0,0.0,1,0.0,37.2,326.4,134.0,343332508.1724879,357538182.10776347,0,0,0,0,0,0,1,0,0,0,0,0,0,0,0,0,0,0,0,0,0,0,0,0,0,0,1,0,0,0,0,0,0,0,0,0,0,1,0,0,0,1,0,0,0,1
0,1.0,0,9.210440366976517,60.1,450.0,204.0,372291933.4961028,460530363.248353,0,0,0,0,0,0,1,0,0,0,0,0,0,0,1,0,0,0,0,0,0,0,0,0,0,0,0,0,0,0,0,0,0,0,0,1,0,0,0,0,0,1,0,0,0,1
0,0.0,1,0.0,37.2,326.4,134.0,474027012.51683193,354972971.6822316,0,0,0,0,0,0,1,0,0,0,0,0,0,0,0,0,0,0,0,0,0,0,0,0,0,0,1,0,0,0,0,0,0,0,0,0,0,0,1,0,0,1,0,1,0,0
0,2.0,1,10.518700218288165,59.6,381.0,201.0,487195986.4473535,449945711.04091203,0,0,0,0,0,0,1,0,0,0,0,0,0,0,0,0,0,0,0,0,0,0,0,0,0,0,0,1,0,0,0,0,0,0,0,0,0,1,0,0,1,0,0,1,0,0
0,1.0,0,4.61512051684126,59.6,381.0,201.0,481882071.3312895,444854163.7662208,0,0,0,0,0,0,1,0,0,0,0,0,0,0,0,0,0,0,0,0,0,1,0,0,0,0,0,0,0,0,0,0,0,0,0,0,1,0,0,0,0,1,0,1,0,0
0,3.0,0,10.819798284210286,82.0,420.0,349.0,583486193.5524806,549144585.754854,0,0,0,0,0,0,1,0,0,0,0,0,0,0,0,0,0,0,0,0,0,0,0,0,0,0,0,0,0,1,0,0,0,0,0,0,0,1,0,0,0,1,0,0,0,1
0,1.0,1,0.0,75.3,450.0,201.0,629915194.7407442,564077855.3022058,0,0,0,0,0,0,1,0,0,0,0,0,0,0,0,0,0,0,0,0,0,0,0,0,0,0,0,0,1,0,0,0,0,0,0,0,0,1,0,0,1,0,0,1,0,0
0,0.0,1,0.0,82.0,420.0,349.0,473681729.1728409,616891902.1870549,0,0,0,0,0,0,1,0,0,0,0,0,0,0,0,0,0,0,0,0,0,0,0,0,0,0,0,0,0,1,0,0,0,0,0,0,0,1,0,0,0,1,0,1,0,0
0,1.0,1,0.0,18.6,215.0,43.0,302966815.9077628,395068963.942464,0,0,0,0,0,0,1,0,0,0,0,0,0,0,0,0,0,0,0,0,0,0,0,0,0,1,0,0,0,0,0,0,0,0,0,1,0,0,0,0,0,1,0,0,0,1
0,2.0,0,9.210440366976517,60.1,450.0,204.0,372291930.9171554,441728576.6022049,0,0,0,0,0,0,1,0,0,0,0,0,0,0,1,0,0,0,0,0,0,0,0,0,0,0,0,0,0,0,0,0,0,0,0,0,0,1,0,0,0,1,0,0,0,1
0,2.0,0,9.15915233520675,37.2,326.4,134.0,484666533.0259533,392910194.3766225,0,0,0,0,0,0,1,0,0,0,0,0,0,0,0,0,0,0,0,0,0,0,0,0,0,0,1,0,0,0,0,0,0,0,0,0,0,1,0,1,0,0,0,1,0,0
0,0.0,1,0.0,37.2,326.4,134.0,343332504.282692,357538177.0386146,0,0,0,0,0,0,1,0,0,0,0,0,0,0,0,0,0,0,0,0,0,0,0,0,0,0,1,0,0,0,0,0,0,0,0,0,0,1,0,0,0,1,0,0,0,1
0,1.0,1,0.0,14.7,170.0,27.0,359588566.492243,504400266.51297665,0,0,0,0,0,0,1,0,0,0,0,0,0,0,0,0,0,0,1,0,0,0,0,0,0,0,0,0,0,0,0,0,0,0,0,0,0,1,0,0,0,1,0,0,0,1
0,0.0,1,0.0,59.6,381.0,201.0,484666533.0259533,484666533.0259533,0,0,0,0,1,0,0,0,0,0,0,0,0,0,0,0,0,0,0,1,0,0,0,0,0,0,0,0,0,0,0,0,0,0,0,0,0,1,0,0,0,1,0,0,0,1
1,3.0,1,0.0,92.0,480.0,402.0,570922777.6277996,458827080.4096022,0,0,0,0,0,0,1,0,0,0,0,0,0,0,0,0,0,0,0,0,0,0,0,0,0,0,0,0,0,0,1,0,0,0,0,0,0,1,0,0,1,0,0,1,0,0
0,1.0,0,10.308985993422082,60.1,450.0,204.0,368739305.5434712,455907080.2962982,0,0,0,0,0,0,1,0,0,0,0,0,0,0,1,0,0,0,0,0,0,0,0,0,0,0,0,0,0,0,0,0,0,0,0,0,0,1,0,0,1,0,0,1,0,0
0,0.0,1,0.0,75.3,450.0,201.0,483618506.57837915,581130976.0849499,0,0,0,0,0,0,1,0,0,0,0,0,0,0,0,0,0,0,0,0,0,0,0,0,0,0,0,0,1,0,0,0,0,0,0,0,0,1,0,0,0,1,0,1,0,0
0,1.0,0,0.0,18.6,215.0,43.0,302966816.37261903,395068964.6192082,0,0,0,0,0,0,1,0,0,0,0,0,0,0,0,0,0,0,0,0,0,0,0,0,0,1,0,0,0,0,0,0,0,0,0,0,0,1,0,0,0,1,0,0,0,1
0,3.0,0,9.90353755128617,59.6,381.0,201.0,531860025.4169111,472638827.1049611,0,0,0,0,0,0,1,0,0,0,0,0,0,1,0,0,0,0,0,0,0,0,0,0,0,0,0,0,0,0,0,0,0,0,0,0,0,1,0,0,0,1,0,0,0,1
0,0.0,1,0.0,59.6,381.0,201.0,398344726.0156912,494806640.1568915,0,0,0,0,0,0,1,0,0,0,0,0,0,0,0,0,0,0,0,0,0,0,0,0,0,0,0,1,0,0,0,0,0,0,0,0,0,1,0,0,0,1,0,1,0,0
0,3.0,0,10.596659732783579,82.0,420.0,349.0,504242302.75086665,547906676.4511789,0,0,0,0,0,0,1,0,0,0,0,0,0,0,0,0,0,0,0,0,0,0,0,0,0,0,0,0,0,1,0,0,0,0,0,0,1,0,0,0,0,1,0,1,0,0
0,0.0,1,0.0,18.6,215.0,43.0,302263941.6681462,334901853.4316175,0,0,0,0,0,0,1,0,0,0,0,0,0,0,0,0,0,0,0,0,0,0,0,0,0,1,0,0,0,0,0,0,0,0,0,0,0,1,0,0,1,0,0,1,0,0
0,3.0,0,10.596659732783579,82.0,420.0,349.0,745451934.5414696,548715187.0894768,0,0,0,0,0,0,1,0,0,0,0,0,0,0,0,0,0,0,0,0,0,0,0,0,0,0,0,0,0,1,0,0,0,0,1,0,0,0,0,0,0,0,1,1,0,0
0,1.0,1,0.0,75.3,450.0,201.0,645634365.492243,562501168.1856413,0,0,0,0,0,0,1,0,0,0,0,0,0,0,0,0,0,0,0,0,0,0,0,0,0,0,0,0,1,0,0,0,0,0,0,1,0,0,0,0,1,0,0,1,0,0
0,3.0,1,10.308985993422082,37.2,326.4,134.0,473578552.6469838,434008780.7436303,0,0,0,0,0,0,1,0,0,0,0,0,0,0,0,0,0,0,0,0,0,0,0,0,0,0,1,0,0,0,0,0,0,0,0,1,0,0,0,0,1,0,0,1,0,0
0,2.0,1,0.0,37.2,326.4,134.0,474504799.93548703,394251966.52852124,0,0,0,0,0,0,1,0,0,0,0,0,0,0,0,0,0,0,0,0,0,0,0,0,0,0,1,0,0,0,0,0,0,0,1,0,0,0,0,0,0,0,1,1,0,0
0,1.0,0,8.699681400989514,18.6,215.0,43.0,302966815.5818842,395068963.4680454,0,0,0,0,0,0,1,0,0,0,0,0,0,0,0,0,0,0,0,0,0,0,0,0,0,1,0,0,0,0,0,0,0,0,0,0,0,1,0,0,0,1,0,0,0,1
1,3.0,1,9.210440366976517,92.0,480.0,402.0,569494206.1992282,457116554.09381264,0,0,0,0,0,0,1,0,0,0,0,0,0,0,0,0,0,0,0,0,0,0,0,0,0,0,0,0,0,0,1,0,0,0,0,1,0,0,0,0,1,0,0,1,0,0
1,0.0,1,0.0,59.6,381.0,201.0,481882071.3312895,401888872.67902535,0,0,0,0,0,0,1,0,0,0,0,0,0,0,0,0,0,0,0,0,0,1,0,0,0,0,0,0,0,0,0,0,0,0,0,1,0,0,0,0,0,1,0,1,0,0
0,2.0,1,0.0,18.6,215.0,43.0,642834875.6051185,399984162.7131348,0,0,0,0,0,0,1,0,0,0,0,0,0,0,0,0,0,0,0,0,0,0,0,0,0,1,0,0,0,0,0,0,0,0,0,0,0,1,0,0,1,0,0,1,0,0
0,1.0,0,8.294299608857235,18.6,215.0,43.0,302553079.0483379,394466640.04944074,0,0,0,0,0,0,1,0,0,0,0,0,0,0,0,0,0,0,0,0,0,0,0,0,0,1,0,0,0,0,0,0,0,0,0,0,1,0,0,0,0,1,0,1,0,0
0,10.0,0,9.90353755128617,59.6,381.0,201.0,484666533.0259533,484666533.0259533,0,0,0,0,1,0,0,0,0,0,0,0,0,0,0,0,0,0,0,1,0,0,0,0,0,0,0,0,0,0,0,0,0,0,0,0,1,0,0,0,0,1,0,0,0,1
0,4.0,1,9.90353755128617,82.0,420.0,349.0,446416707.8287208,543122804.6476357,0,0,0,0,0,0,1,0,0,0,0,0,0,0,0,0,0,0,0,0,0,0,0,0,0,0,0,0,0,1,0,0,0,0,1,0,0,0,0,0,0,0,1,1,0,0
0,0.0,1,0.0,37.2,326.4,134.0,341516183.437794,355171163.1715933,0,0,0,0,0,0,1,0,0,0,0,0,0,0,0,0,0,0,0,0,0,0,0,0,0,0,1,0,0,0,0,0,0,0,0,0,0,0,1,0,0,1,0,0,1,0
0,1.0,1,0.0,59.6,381.0,201.0,484666533.0259533,484666533.0259533,0,0,0,0,1,0,0,0,0,0,0,0,0,0,0,0,0,0,0,1,0,0,0,0,0,0,0,0,0,0,0,0,0,0,0,0,0,1,0,0,1,0,0,1,0,0
0,0.0,1,0.0,59.6,381.0,201.0,440605961.3872303,440605961.3872303,0,0,0,0,1,0,0,0,0,0,0,0,0,0,0,0,0,0,0,1,0,0,0,0,0,0,0,0,0,0,0,0,0,0,0,0,0,1,0,0,0,1,0,0,0,1
0,1.0,1,0.0,59.6,381.0,201.0,484666533.0259533,484666533.0259533,0,0,0,0,0,0,1,0,0,0,0,0,0,0,0,0,0,0,0,1,0,0,0,0,0,0,0,0,0,0,0,0,0,0,0,1,0,0,0,0,0,1,0,0,0,1
0,0.0,0,4.61512051684126,18.6,215.0,43.0,301672887.35504717,332834814.3254723,0,0,0,0,0,0,1,0,0,0,0,0,0,0,0,0,0,0,0,0,0,0,0,0,0,1,0,0,0,0,0,0,0,0,0,0,0,1,0,1,0,0,0,1,0,0
0,1.0,0,9.210440366976517,92.0,480.0,402.0,607463970.0987679,666740963.71162,0,0,0,0,0,0,1,0,0,0,0,0,0,0,0,0,0,0,0,0,0,0,0,0,0,0,0,0,0,0,1,0,0,0,0,0,0,1,0,0,1,0,0,1,0,0
0,1.0,1,0.0,82.0,420.0,349.0,478118394.5567591,659521461.8622386,0,0,0,0,0,0,1,0,0,0,0,0,0,0,0,0,0,0,0,0,0,0,0,0,0,0,0,0,0,1,0,0,0,0,0,0,0,1,0,0,0,1,0,1,0,0
0,1.0,1,0.0,59.6,381.0,201.0,398254448.2379134,439364385.4502523,0,0,0,0,0,0,1,0,0,0,0,0,0,0,0,0,0,0,0,0,0,0,0,0,0,0,0,1,0,0,0,0,0,0,0,0,0,1,0,0,0,1,0,1,0,0
0,1.0,0,0.0,18.6,215.0,43.0,642810721.0157466,393475942.3750221,0,0,0,0,0,0,1,0,0,0,0,0,0,0,0,0,0,0,0,0,0,0,0,0,0,1,0,0,0,0,0,0,0,0,0,0,0,1,0,1,0,0,0,1,0,0
0,1.0,0,9.61587214452889,18.6,215.0,43.0,302966816.7080823,395068965.1075803,0,0,0,0,0,0,1,0,0,0,0,0,0,0,0,0,0,0,0,0,0,0,0,0,0,1,0,0,0,0,0,0,0,0,0,0,0,1,0,0,0,1,0,0,0,1
0,1.0,1,10.34177474101152,37.2,326.4,134.0,458326925.74893606,453580493.1571971,0,0,0,0,0,0,1,0,0,0,0,0,0,0,0,0,0,0,0,0,0,0,0,0,0,0,1,0,0,0,0,0,0,0,0,0,0,1,0,1,0,0,0,0,1,0
0,2.0,0,8.987321812850125,82.0,420.0,349.0,477843490.0061742,560514361.7620187,0,0,0,0,0,0,1,0,0,0,0,0,0,0,0,0,0,0,0,0,0,0,0,0,0,0,0,0,0,1,0,0,0,0,0,0,0,1,0,0,0,1,0,0,0,1
1,2.0,1,6.803505257608338,18.6,215.0,43.0,302966816.58987147,402493386.7020647,0,0,0,0,0,0,1,0,0,0,0,0,0,0,0,0,0,0,0,0,0,0,0,0,0,1,0,0,0,0,0,0,0,0,0,0,0,1,0,0,0,1,0,0,0,1
0,1.0,0,0.0,18.6,215.0,43.0,301856593.4253347,393452686.56106865,0,0,0,0,0,0,1,0,0,0,0,0,0,0,0,0,0,0,0,0,0,0,0,0,0,1,0,0,0,0,0,0,0,0,0,1,0,0,0,0,1,0,0,1,0,0
0,2.0,0,9.952325334619427,37.2,326.4,134.0,389768178.01128405,390146481.2964537,0,0,0,0,0,0,1,0,0,0,0,0,0,0,0,0,0,0,0,0,0,0,0,0,0,0,1,0,0,0,0,0,0,0,0,0,0,1,0,1,0,0,0,1,0,0
0,3.0,1,0.0,82.0,420.0,349.0,450506782.1703813,548225825.3873491,0,0,0,0,0,0,1,0,0,0,0,0,0,0,0,0,0,0,0,0,0,0,0,0,0,0,0,0,0,1,0,0,0,0,0,0,0,1,0,0,1,0,0,1,0,0
0,3.0,0,10.714439990727769,82.0,420.0,349.0,483144532.7405066,547926018.8109468,0,0,0,0,0,0,1,0,0,0,0,0,0,0,0,0,0,0,0,0,0,0,0,0,0,0,0,0,0,1,0,0,0,0,0,0,0,1,0,0,0,1,0,1,0,0
0,2.0,0,10.736418414365376,82.0,420.0,349.0,445305515.0216277,560514361.5758486,0,0,0,0,0,0,1,0,0,0,0,0,0,0,0,0,0,0,0,0,0,0,0,0,0,0,0,0,0,1,0,0,0,0,0,0,0,1,0,0,0,1,0,0,0,1
0,1.0,1,0.0,59.6,381.0,201.0,484666533.0259533,470638777.5216277,0,0,0,1,0,0,0,0,0,0,0,1,0,0,0,0,0,0,0,0,0,0,0,0,0,0,0,0,0,0,0,0,0,0,0,0,0,1,0,0,1,0,0,1,0,0
0,1.0,1,9.17771386914909,18.6,215.0,43.0,302966816.58987147,395068964.9354873,0,0,0,0,0,0,1,0,0,0,0,0,0,0,0,0,0,0,0,0,0,0,0,0,0,1,0,0,0,0,0,0,0,0,0,0,0,1,0,0,0,1,0,0,0,1
0,0.0,1,0.0,37.2,326.4,134.0,474129528.78581244,355224354.660955,0,0,0,0,0,0,1,0,0,0,0,0,0,0,0,0,0,0,0,0,0,0,0,0,0,0,1,0,0,0,0,0,0,0,0,0,0,1,0,0,0,1,0,1,0,0
0,0.0,0,10.308985993422082,59.6,381.0,201.0,486778631.0754526,493937074.9395002,0,0,0,0,0,0,1,0,0,0,0,0,0,0,0,0,0,0,0,0,0,0,0,0,0,0,0,1,0,0,0,0,0,0,0,0,0,1,0,1,0,0,0,1,0,0
0,1.0,0,9.210440366976517,18.6,215.0,43.0,302966816.65536666,395068965.0308361,0,0,0,0,0,0,1,0,0,0,0,0,0,0,0,0,0,0,0,0,0,0,0,0,0,1,0,0,0,0,0,0,0,0,0,0,0,1,0,0,0,1,0,0,0,1
0,3.0,0,10.933124826700707,82.0,420.0,349.0,477843490.6189193,549144586.1900572,0,0,0,0,0,0,1,0,0,0,0,0,0,0,0,0,0,0,0,0,0,0,0,0,0,0,0,0,0,1,0,0,0,0,0,0,0,1,0,0,0,1,0,0,0,1
0,1.0,1,0.0,75.3,450.0,201.0,502776708.75240314,562243499.4739848,0,0,0,0,0,0,1,0,0,0,0,0,0,0,0,0,0,0,0,0,0,0,0,0,0,0,0,0,1,0,0,0,0,0,0,0,0,1,0,0,0,1,0,1,0,0
0,3.0,1,10.308985993422082,37.2,326.4,134.0,472060114.4691096,424917871.6527212,0,0,0,0,0,0,1,0,0,0,0,0,0,0,0,0,0,0,0,0,0,0,0,0,0,0,1,0,0,0,0,0,0,0,0,0,0,1,0,1,0,0,0,1,0,0
0,0.0,0,9.105090961257085,82.0,420.0,349.0,482450265.224583,617816271.934954,0,0,0,0,0,0,1,0,0,0,0,0,0,0,0,0,0,0,0,0,0,0,0,0,0,0,0,0,0,1,0,0,0,0,0,0,0,1,0,0,1,0,0,1,0,0
0,2.0,1,10.203629181337648,37.2,326.4,134.0,474541676.2912354,394323696.4863272,0,0,0,0,0,0,1,0,0,0,0,0,0,0,0,0,0,0,0,0,0,0,0,0,0,0,1,0,0,0,0,0,0,0,1,0,0,0,0,0,0,0,1,1,0,0
0,0.0,1,0.0,92.0,480.0,402.0,646573612.331617,851290673.8718361,0,0,0,0,0,0,1,0,0,0,0,0,0,0,0,0,0,0,0,0,0,0,0,0,0,0,0,0,0,0,1,0,0,0,0,0,0,1,0,0,1,0,0,1,0,0
0,2.0,1,10.491301994830229,82.0,420.0,349.0,403888917.1049611,557870748.9428699,0,0,0,0,0,0,1,0,0,0,0,0,0,0,0,0,0,0,0,0,0,0,0,0,0,0,0,0,0,1,0,0,0,0,0,0,0,1,0,0,1,0,0,1,0,0
0,2.0,1,9.90353755128617,82.0,420.0,349.0,477843489.84440947,560514361.5864869,0,0,0,0,0,0,1,0,0,0,0,0,0,0,0,0,0,0,0,0,0,0,0,0,0,0,0,0,0,1,0,0,0,0,0,0,0,1,0,0,0,1,0,0,0,1
0,1.0,1,0.0,18.6,215.0,43.0,644071590.580964,394082919.1192082,0,0,0,0,0,0,1,0,0,0,0,0,0,0,0,0,0,0,0,0,0,0,0,0,0,1,0,0,0,0,0,0,0,0,0,0,0,1,0,0,1,0,0,1,0,0
0,0.0,1,0.0,18.6,215.0,43.0,302168095.0227788,334566657.90089124,0,0,0,0,0,0,1,0,0,0,0,0,0,0,0,0,0,0,0,0,0,0,0,0,0,1,0,0,0,0,0,0,0,0,0,0,1,0,0,0,0,1,0,1,0,0
1,1.0,0,9.210440366976517,18.6,215.0,43.0,643757580.9191282,393931756.3285105,0,0,0,0,0,0,1,0,0,0,0,0,0,0,0,0,0,0,0,0,0,0,0,0,0,1,0,0,0,0,0,0,0,0,0,0,0,1,0,0,1,0,0,1,0,0
1,1.0,1,10.819798284210286,37.2,326.4,134.0,457741242.451756,452701014.3298356,0,0,0,0,0,0,1,0,0,0,0,0,0,0,0,0,0,0,0,0,0,0,0,0,0,0,1,0,0,0,0,0,0,0,0,0,0,1,0,1,0,0,0,0,1,0
0,0.0,1,0.0,60.1,450.0,204.0,368870884.49083966,477788644.07607794,0,0,0,0,0,0,1,0,0,0,0,0,0,0,1,0,0,0,0,0,0,0,0,0,0,0,0,0,0,0,0,0,0,0,0,0,0,1,0,0,0,1,0,1,0,0
0,1.0,0,12.206077645517674,18.6,215.0,43.0,302607392.1473794,394545709.8168826,0,0,0,0,0,0,1,0,0,0,0,0,0,0,0,0,0,0,0,0,0,0,0,0,0,1,0,0,0,0,0,0,0,0,0,0,0,1,0,0,0,1,0,1,0,0
0,1.0,1,0.0,59.6,381.0,201.0,552119264.4269768,440258453.2468625,0,0,0,0,0,0,1,0,0,0,0,0,0,0,0,0,0,0,0,0,0,0,0,0,0,0,0,1,0,0,0,0,0,0,0,0,0,1,0,0,1,0,0,1,0,0
1,2.0,1,8.160803920954665,92.0,480.0,402.0,484666533.0259533,471562521.0874643,0,0,0,0,0,0,1,0,0,0,0,0,0,0,0,0,0,0,0,0,0,0,0,0,0,0,0,0,0,0,1,0,0,0,0,0,0,1,0,1,0,0,0,1,0,0
0,0.0,0,2.772588722239781,75.3,450.0,201.0,501715042.08573645,579761893.5161425,0,0,0,0,0,0,1,0,0,0,0,0,0,0,0,0,0,0,0,0,0,0,0,0,0,0,0,0,1,0,0,0,0,0,0,0,0,1,0,0,0,1,0,1,0,0
0,2.0,0,6.90875477931522,59.6,381.0,201.0,489919121.9886758,454252892.74679434,0,0,0,0,0,0,1,0,0,0,0,0,0,0,0,0,0,0,0,0,0,0,0,0,0,0,0,1,0,0,0,0,0,0,0,0,0,1,0,0,0,1,0,0,0,1
0,3.0,0,10.62135173563291,82.0,420.0,349.0,484666533.0259533,548003388.2500184,0,0,0,0,0,0,1,0,0,0,0,0,0,0,0,0,0,0,0,0,0,0,0,0,0,0,0,0,0,1,0,0,0,0,0,0,0,1,0,1,0,0,0,1,0,0
0,0.0,1,0.0,18.6,215.0,43.0,302527807.48284274,335824646.7277069,0,0,0,0,0,0,1,0,0,0,0,0,0,0,0,0,0,0,0,0,0,0,0,0,0,1,0,0,0,0,0,0,0,0,0,0,0,1,0,0,0,1,0,1,0,0
0,3.0,1,10.308985993422082,82.0,420.0,349.0,474466042.89833105,547811898.8883163,0,0,0,0,0,0,1,0,0,0,0,0,0,0,0,0,0,0,0,0,0,0,0,0,0,0,0,0,0,1,0,0,0,0,0,0,0,1,0,0,1,0,0,1,0,0
0,0.0,1,9.472781556562168,18.6,215.0,43.0,302966816.08507913,337359950.55452245,0,0,0,0,0,0,1,0,0,0,0,0,0,0,0,0,0,0,0,0,0,0,0,0,0,1,0,0,0,0,0,0,0,0,0,0,0,1,0,0,0,1,0,0,0,1
0,0.0,1,0.0,59.6,381.0,201.0,412943102.9055011,422145004.67531776,0,0,0,0,0,0,1,0,0,0,0,0,0,0,0,0,0,0,0,0,0,0,0,1,0,0,0,0,0,0,0,0,0,0,0,0,0,1,0,0,1,0,0,1,0,0
0,0.0,1,0.0,59.6,381.0,201.0,398421114.9045801,494874963.138258,0,0,0,0,0,0,1,0,0,0,0,0,0,0,0,0,0,0,0,0,0,0,0,0,0,0,0,1,0,0,0,0,0,0,0,0,0,1,0,0,1,0,0,1,0,0
1,1.0,1,8.131824785007195,75.3,450.0,201.0,631815194.7407442,565010370.639629,0,0,0,0,0,0,1,0,0,0,0,0,0,0,0,0,0,0,0,0,0,0,0,0,0,0,0,0,1,0,0,0,0,0,1,0,0,0,0,0,0,0,1,1,0,0
0,2.0,1,9.99884318585288,92.0,480.0,402.0,573285409.6662612,485779376.882645,0,0,0,0,0,0,1,0,0,0,0,0,0,0,0,0,0,0,0,0,0,0,0,0,0,0,0,0,0,0,1,0,0,0,0,0,0,1,0,0,0,1,0,0,0,1
0,3.0,0,10.819798284210286,82.0,420.0,349.0,742642118.5905493,547829307.0121074,0,0,0,0,0,0,1,0,0,0,0,0,0,0,0,0,0,0,0,0,0,0,0,0,0,0,0,0,0,1,0,0,0,0,0,0,0,1,0,1,0,0,0,1,0,0
0,1.0,1,0.0,59.6,381.0,201.0,549628698.3892409,439139809.1790658,0,0,0,0,0,0,1,0,0,0,0,0,0,0,0,0,0,0,0,0,0,0,0,0,0,0,0,1,0,0,0,0,0,0,0,0,0,1,0,0,1,0,0,1,0,0
0,0.0,1,0.0,59.6,381.0,201.0,365371871.3561359,420079359.9647397,1,0,0,0,0,0,0,0,0,0,0,0,0,0,0,0,0,0,0,0,0,0,0,0,0,0,0,0,0,0,0,0,1,0,0,0,0,1,0,1,0,0,0,1,0,0
0,4.0,0,7.596392304064196,42.0,318.6,147.0,330803869.5104046,421344700.9017925,0,0,0,0,0,0,1,0,0,0,0,0,0,0,0,0,0,0,0,0,0,0,0,0,1,0,0,0,0,0,0,0,0,0,0,0,0,1,0,0,0,1,0,0,0,1
0,0.0,1,0.0,59.6,381.0,201.0,412793447.73308736,422000338.0086511,0,0,0,0,0,0,1,0,0,0,0,0,0,0,0,0,0,0,0,0,0,0,0,1,0,0,0,0,0,0,0,0,0,0,0,0,1,0,0,0,0,1,0,1,0,0
0,0.0,1,0.0,59.6,381.0,201.0,484666533.0259533,484666533.0259533,0,0,0,0,1,0,0,0,0,0,0,0,0,0,0,0,0,0,0,1,0,0,0,0,0,0,0,0,0,0,0,0,0,0,0,1,0,0,0,0,0,1,0,0,0,1
0,2.0,0,4.2626798770413155,37.2,326.4,134.0,474324756.55153906,393901755.5580571,0,0,0,0,0,0,1,0,0,0,0,0,0,0,0,0,0,0,0,0,0,0,0,0,0,0,1,0,0,0,0,0,0,0,1,0,0,0,0,0,0,1,0,1,0,0
0,1.0,0,9.210440366976517,59.6,381.0,201.0,514936976.44255215,552530282.6027061,0,0,0,0,0,0,1,0,0,0,0,0,0,1,0,0,0,0,0,0,0,0,0,0,0,0,0,0,0,0,0,0,0,0,0,0,0,1,0,0,0,1,0,1,0,0
0,2.0,1,8.517393171418904,75.3,450.0,201.0,503628560.60425496,400091522.6336922,0,0,0,0,0,0,1,0,0,0,0,0,0,0,0,0,0,0,0,0,0,0,0,0,0,0,0,0,1,0,0,0,0,0,0,0,0,1,0,0,1,0,0,1,0,0
0,3.0,1,10.77482275860842,82.0,420.0,349.0,736390584.848218,545858320.5517592,0,0,0,0,0,0,1,0,0,0,0,0,0,0,0,0,0,0,0,0,0,0,0,0,0,0,0,0,0,1,0,0,0,0,0,0,0,0,1,0,0,0,1,0,1,0
0,0.0,1,0.0,18.6,215.0,43.0,302966816.1729385,337359950.8617851,0,0,0,0,0,0,1,0,0,0,0,0,0,0,0,0,0,0,0,0,0,0,0,0,0,1,0,0,0,0,0,0,0,0,1,0,0,0,0,0,0,1,0,0,0,1
0,2.0,0,8.517393171418904,37.2,326.4,134.0,475073128.0157473,395357448.5749348,0,0,0,0,0,0,1,0,0,0,0,0,0,0,0,0,0,0,0,0,0,0,0,0,0,0,1,0,0,0,0,0,0,0,0,0,0,1,0,0,0,1,0,0,0,1
0,2.0,0,9.298442820197728,37.2,326.4,134.0,341659040.58065116,393627493.9546816,0,0,0,0,0,0,1,0,0,0,0,0,0,0,0,0,0,0,0,0,0,0,0,0,0,0,1,0,0,0,0,0,0,0,0,0,1,0,0,0,0,1,0,1,0,0
0,1.0,0,9.61587214452889,18.6,215.0,43.0,642796228.2621233,393468965.63083607,0,0,0,0,0,0,1,0,0,0,0,0,0,0,0,0,0,0,0,0,0,0,0,0,0,1,0,0,0,0,0,0,0,0,0,0,0,1,0,1,0,0,0,1,0,0
0,4.0,1,0.0,42.0,318.6,147.0,322612095.52410316,414625605.3849386,0,0,0,0,0,0,1,0,0,0,0,0,0,0,0,0,0,0,0,0,0,0,0,0,1,0,0,0,0,0,0,0,0,0,0,0,0,1,0,0,1,0,0,1,0,0
0,0.0,1,0.0,59.6,381.0,201.0,750340703.9040906,552035762.5627648,0,0,0,0,0,0,1,0,0,0,0,0,0,0,0,0,0,1,0,0,0,0,0,0,0,0,0,0,0,0,0,0,0,0,0,0,1,0,0,0,0,1,0,1,0,0
1,2.0,1,10.714439990727769,37.2,326.4,134.0,474064452.8639035,393395426.44413304,0,0,0,0,0,0,1,0,0,0,0,0,0,0,0,0,0,0,0,0,0,0,0,0,0,0,1,0,0,0,0,0,0,0,0,0,0,1,0,0,1,0,0,1,0,0
0,2.0,0,0.0,75.3,450.0,201.0,504035968.01166236,400694262.35971963,0,0,0,0,0,0,1,0,0,0,0,0,0,0,0,0,0,0,0,0,0,0,0,0,0,0,0,0,1,0,0,0,0,0,0,0,0,1,0,0,1,0,0,1,0,0
0,0.0,1,0.0,59.6,381.0,201.0,515856463.6220393,514745413.602706,0,0,0,0,0,0,1,0,0,0,0,0,0,1,0,0,0,0,0,0,0,0,0,0,0,0,0,0,0,0,0,0,0,0,0,1,0,0,0,0,0,1,0,1,0,0
0,1.0,1,0.0,59.6,381.0,201.0,676177688.6839689,583805444.1882944,0,0,0,0,1,0,0,0,0,0,0,0,0,0,0,0,0,0,0,1,0,0,0,0,0,0,0,0,0,0,0,0,0,0,0,0,0,1,0,0,1,0,0,1,0,0
1,2.0,0,9.90353755128617,82.0,420.0,349.0,595060484.5690484,560514361.7460613,0,0,0,0,0,0,1,0,0,0,0,0,0,0,0,0,0,0,0,0,0,0,0,0,0,0,0,0,0,1,0,0,0,0,0,0,0,1,0,0,0,1,0,0,0,1
0,3.0,0,10.596659732783579,59.6,381.0,201.0,539769498.8176744,484666533.0259533,0,0,0,0,0,0,1,0,0,0,0,0,0,0,0,0,1,0,0,0,0,0,0,0,0,0,0,0,0,0,0,0,0,0,0,0,0,1,0,0,0,1,0,0,0,1
0,1.0,0,9.741027444837728,75.3,450.0,201.0,502091523.56721795,561789511.7439235,0,0,0,0,0,0,1,0,0,0,0,0,0,0,0,0,0,0,0,0,0,0,0,0,0,0,0,0,1,0,0,0,0,0,0,0,0,1,0,0,0,1,0,1,0,0
1,1.0,0,9.210440366976517,92.0,480.0,402.0,573285412.7376897,669775148.2415345,0,0,0,0,0,0,1,0,0,0,0,0,0,0,0,0,0,0,0,0,0,0,0,0,0,0,0,0,0,0,1,0,0,0,0,0,0,1,0,0,0,1,0,0,0,1
0,1.0,0,0.0,92.0,480.0,402.0,577233266.5129766,664219596.1902524,0,0,0,0,0,0,1,0,0,0,0,0,0,0,0,0,0,0,0,0,0,0,0,0,0,0,0,0,0,0,1,0,0,0,0,0,0,1,0,0,1,0,0,1,0,0
0,2.0,1,9.358846580275406,18.6,215.0,43.0,302966815.9189449,402493385.1522492,0,0,0,0,0,0,1,0,0,0,0,0,0,0,0,0,0,0,0,0,0,0,0,0,0,1,0,0,0,0,0,0,0,0,0,1,0,0,0,0,0,1,0,0,0,1
0,3.0,0,10.877311072607851,82.0,420.0,349.0,484322876.6895512,548283852.4666529,0,0,0,0,0,0,1,0,0,0,0,0,0,0,0,0,0,0,0,0,0,0,0,0,0,0,0,0,0,1,0,0,0,0,0,0,0,1,0,0,1,0,0,1,0,0
0,1.0,0,9.90353755128617,59.6,381.0,201.0,400893337.1268023,440974554.9417777,0,0,0,0,0,0,1,0,0,0,0,0,0,0,0,0,0,0,0,0,0,0,0,0,0,0,0,1,0,0,0,0,0,0,1,0,0,0,0,0,0,0,1,1,0,0
0,2.0,1,10.463131911491967,37.2,326.4,134.0,474489615.5537083,394222430.66354233,0,0,0,0,0,0,0,1,0,0,0,0,0,0,0,0,0,0,0,0,0,0,0,0,0,0,1,0,0,0,0,0,0,0,1,0,0,0,0,0,0,0,1,1,0,0
1,1.0,0,9.392745258631441,18.6,215.0,43.0,301898126.97166055,393513151.6773477,0,0,0,0,0,0,1,0,0,0,0,0,0,0,0,0,0,0,0,0,0,0,0,0,0,1,0,0,0,0,0,0,0,0,0,0,0,1,0,0,1,0,0,1,0,0
0,1.0,1,0.0,92.0,480.0,402.0,599797303.4321012,659270878.2415345,0,0,0,0,0,0,1,0,0,0,0,0,0,0,0,0,0,0,0,0,0,0,0,0,0,0,0,0,0,0,1,0,0,0,1,0,0,0,0,0,0,1,0,1,0,0
0,21.0,0,9.210440366976517,59.6,381.0,201.0,484666533.0259533,484666533.0259533,0,0,0,0,1,0,0,0,0,0,0,0,0,0,0,0,0,0,0,1,0,0,0,0,0,0,0,0,0,0,0,0,0,0,0,0,1,0,0,0,0,1,0,0,1,0
0,1.0,1,0.0,17.0,150.0,41.0,475358871.5584256,403728307.21297663,0,0,0,0,0,0,1,0,0,0,1,0,0,0,0,0,0,0,0,0,0,0,0,0,0,0,0,0,0,0,0,0,0,0,0,1,0,0,0,0,1,0,0,1,0,0
0,1.0,0,8.699681400989514,92.0,480.0,402.0,568642557.84758,662552929.5235858,0,0,0,0,0,0,1,0,0,0,0,0,0,0,0,0,0,0,0,0,0,0,0,0,0,0,0,0,0,0,1,0,0,0,0,0,0,1,0,1,0,0,0,1,0,0
0,1.0,0,9.546884034617925,75.3,450.0,201.0,502054486.5301809,561764971.8666229,0,0,0,0,0,0,1,0,0,0,0,0,0,0,0,0,0,0,0,0,0,0,0,0,0,0,0,0,1,0,0,0,0,0,0,0,1,0,0,0,0,1,0,0,0,1
0,1.0,1,0.0,59.6,381.0,201.0,487253837.68702286,439313537.9926252,0,0,0,0,0,0,1,0,0,0,0,0,0,0,0,0,0,0,0,0,0,0,0,0,0,0,0,1,0,0,0,0,0,0,0,0,0,1,0,0,1,0,0,1,0,0
0,3.0,0,11.289794413577894,82.0,420.0,349.0,497681027.10662913,549144583.5633646,0,0,0,0,0,0,1,0,0,0,0,0,0,0,0,0,0,0,0,0,0,0,0,0,0,0,0,0,0,1,0,0,0,0,0,0,0,1,0,0,0,1,0,0,0,1
0,1.0,0,7.601402334583733,82.0,420.0,349.0,483463004.0780862,662568190.8342013,0,0,0,0,0,0,1,0,0,0,0,0,0,0,0,0,0,0,0,0,0,0,0,0,0,0,0,0,0,1,0,0,0,0,0,0,0,1,0,0,1,0,0,1,0,0
0,1.0,1,0.0,14.7,170.0,27.0,352125994.5245011,492833279.96297663,0,0,0,0,0,0,1,0,0,0,0,0,0,0,0,0,0,0,1,0,0,0,0,0,0,0,0,0,0,0,0,0,0,0,0,0,1,0,0,0,0,1,0,1,0,0
0,1.0,0,9.392745258631441,18.6,215.0,43.0,302966815.18412066,395068962.8889756,0,0,0,0,0,0,1,0,0,0,0,0,0,0,0,0,0,0,0,0,0,0,0,0,0,1,0,0,0,0,0,0,0,0,0,0,0,1,0,0,0,1,0,0,0,1
0,4.0,1,11.002116507732017,42.0,318.6,147.0,609505333.2341783,414277290.77819705,0,0,0,0,0,0,1,0,0,0,0,0,0,0,0,0,0,0,0,0,0,0,0,0,1,0,0,0,0,0,0,0,0,0,0,0,0,1,0,0,1,0,0,1,0,0
0,0.0,1,0.0,75.3,450.0,201.0,483582445.97231853,581098223.791372,0,0,0,0,0,0,1,0,0,0,0,0,0,0,0,0,0,0,0,0,0,0,0,0,0,0,0,0,1,0,0,0,0,0,0,0,1,0,0,0,0,1,0,1,0,0
0,2.0,0,9.210440366976517,37.2,326.0,136.0,390342306.2664365,492638777.5216277,0,0,0,0,0,0,1,0,0,0,0,0,1,0,0,0,0,0,0,0,0,0,0,0,0,0,0,0,0,0,0,0,0,0,0,0,0,1,0,0,0,1,0,0,0,1
0,1.0,1,0.0,60.1,450.0,204.0,368923516.069787,456146806.3236955,0,0,0,0,0,0,1,0,0,0,0,0,0,0,1,0,0,0,0,0,0,0,0,0,0,0,0,0,0,0,0,0,0,0,0,0,1,0,0,0,0,1,0,1,0,0
0,1.0,0,0.0,75.3,450.0,201.0,489784466.17433876,566200554.6887088,0,0,0,0,0,0,1,0,0,0,0,0,0,0,0,0,0,0,0,0,0,0,0,0,0,0,0,0,1,0,0,0,0,0,0,0,0,1,0,0,0,1,0,1,0,0
0,1.0,1,0.0,18.6,215.0,43.0,643303474.6389351,393713151.6773477,0,0,0,0,0,0,1,0,0,0,0,0,0,0,0,0,0,0,0,0,0,0,0,0,0,1,0,0,0,0,0,0,0,0,0,0,0,1,0,0,1,0,0,1,0,0
0,1.0,1,0.0,59.6,381.0,201.0,488105077.35644436,440186419.34855735,0,0,0,0,0,0,1,0,0,0,0,0,0,0,0,0,0,0,0,0,0,0,0,0,0,0,0,1,0,0,0,0,0,0,0,0,0,1,0,0,1,0,0,1,0,0
0,3.0,0,10.434145214930487,59.6,381.0,201.0,484666533.0259533,484666533.0259533,0,0,0,0,0,0,1,0,0,0,0,0,0,0,0,0,0,0,0,1,0,0,0,0,0,0,0,0,0,0,0,0,0,0,0,0,0,1,0,0,0,1,0,0,0,1
0,2.0,1,3.258096538021482,82.0,420.0,349.0,484666533.0259533,560514363.1503166,0,0,0,0,0,0,1,0,0,0,0,0,0,0,0,0,0,0,0,0,0,0,0,0,0,0,0,0,0,1,0,0,0,0,0,0,0,1,0,0,0,1,0,0,0,1
0,0.0,1,0.0,59.6,381.0,201.0,374525528.32997876,539325237.8756809,0,0,0,0,0,0,1,0,0,0,0,0,0,0,0,1,0,0,0,0,0,0,0,0,0,0,0,0,0,0,0,0,0,0,0,0,1,0,0,0,0,1,0,1,0,0
0,1.0,0,9.305741456739435,60.1,450.0,204.0,689236537.5848312,458961874.81684613,0,0,0,0,0,0,1,0,0,0,0,0,0,0,1,0,0,0,0,0,0,0,0,0,0,0,0,0,0,0,0,0,0,0,1,0,0,0,0,0,0,0,1,1,0,0
0,1.0,1,0.0,92.0,480.0,402.0,684299202.6989623,669775149.4552097,0,0,0,0,0,0,1,0,0,0,0,0,0,0,0,0,0,0,0,0,0,0,0,0,0,0,0,0,0,0,1,0,0,0,0,0,0,1,0,0,0,1,0,0,0,1
0,2.0,0,10.645448706505872,37.2,326.4,134.0,484666533.0259533,393673907.4567913,0,0,0,0,0,0,1,0,0,0,0,0,0,0,0,0,0,0,0,0,0,0,0,0,0,0,1,0,0,0,0,0,0,0,0,0,1,0,0,0,0,1,0,0,0,1
0,1.0,0,9.392745258631441,59.6,381.0,201.0,487253837.68702286,439313537.9926252,0,0,0,0,0,0,1,0,0,0,0,0,0,0,0,0,0,0,0,0,0,0,0,0,0,0,0,1,0,0,0,0,0,0,0,0,0,1,0,0,0,1,0,1,0,0
0,0.0,0,0.0,60.1,450.0,204.0,372291935.99083966,482180534.51526713,0,0,0,0,0,0,1,0,0,0,0,0,0,0,1,0,0,0,0,0,0,0,0,0,0,0,0,0,0,0,0,0,0,0,0,0,0,1,0,0,0,1,0,0,0,1
0,2.0,0,9.798182590890704,37.2,326.4,134.0,343332506.805141,395357448.4905466,0,0,0,0,0,0,1,0,0,0,0,0,0,0,0,0,0,0,0,0,0,0,0,0,0,0,1,0,0,0,0,0,0,0,0,0,0,1,0,0,0,1,0,0,0,1
0,1.0,0,9.852246888342531,18.6,215.0,43.0,302602599.81511104,394538733.07269657,0,0,0,0,0,0,1,0,0,0,0,0,0,0,0,0,0,0,0,0,0,0,0,0,0,1,0,0,0,0,0,0,0,0,0,0,1,0,0,0,0,1,0,1,0,0
0,0.0,1,0.0,18.6,215.0,43.0,302966816.3055264,337359951.3254723,0,0,0,0,0,0,1,0,0,0,0,0,0,0,0,0,0,0,0,0,0,0,0,0,0,1,0,0,0,0,0,0,0,0,0,0,0,1,0,0,0,1,0,0,0,1
0,0.0,1,0.0,59.6,381.0,201.0,487291027.7696675,494707261.27490395,0,0,0,0,0,0,1,0,0,0,0,0,0,0,0,0,0,0,0,0,0,0,0,0,0,0,0,1,0,0,0,0,0,0,0,0,1,0,0,0,0,1,0,1,0,0
0,1.0,1,0.0,18.6,215.0,43.0,642810721.0157466,393475942.3750221,0,0,0,0,0,0,1,0,0,0,0,0,0,0,0,0,0,0,0,0,0,0,0,0,0,1,0,0,0,0,0,0,0,0,0,1,0,0,0,0,1,0,0,1,0,0
0,2.0,1,0.0,37.2,326.4,134.0,473708704.4908016,392703443.3217702,0,0,0,0,0,0,1,0,0,0,0,0,0,0,0,0,0,0,0,0,0,0,0,0,0,0,1,0,0,0,0,0,0,0,0,0,0,1,0,0,1,0,0,1,0,0
0,0.0,1,0.0,17.0,150.0,41.0,303724811.0322957,320863744.2723392,0,0,0,0,0,0,1,0,0,0,1,0,0,0,0,0,0,0,0,0,0,0,0,0,0,0,0,0,0,0,0,0,0,0,0,1,0,0,0,0,0,1,0,1,0,0
0,0.0,0,0.0,60.1,450.0,204.0,489358871.5584256,477525130.56256443,0,0,0,0,0,0,1,0,0,0,0,0,0,0,1,0,0,0,0,0,0,0,0,0,0,0,0,0,0,0,0,0,0,0,0,0,1,0,0,0,0,1,0,0,1,0
0,1.0,0,9.210440366976517,59.6,381.0,201.0,567787757.2963212,484666533.0259533,0,0,0,0,0,0,1,0,0,0,0,0,0,0,0,0,0,0,0,1,0,0,0,0,0,0,0,0,0,0,0,0,0,0,0,0,0,1,0,0,0,1,0,0,0,1
0,3.0,0,10.819798284210286,37.2,326.4,134.0,340969244.66228384,435437352.17220175,0,0,0,0,0,0,1,0,0,0,0,0,0,0,0,0,0,0,0,0,0,0,0,0,0,0,1,0,0,0,0,0,0,0,0,0,0,1,0,1,0,0,0,1,0,0
0,0.0,0,9.90353755128617,59.6,381.0,201.0,401157226.0156912,497322168.1072021,0,0,0,0,0,0,1,0,0,0,0,0,0,0,0,0,0,0,0,0,0,0,0,0,0,0,0,1,0,0,0,0,0,0,1,0,0,0,0,0,0,0,1,1,0,0
0,2.0,0,10.691967639914864,92.0,480.0,402.0,604174496.4145573,476984207.8344523,0,0,0,0,0,0,1,0,0,0,0,0,0,0,0,0,0,0,0,0,0,0,0,0,0,0,0,0,0,0,1,0,0,0,0,0,0,1,0,1,0,0,0,1,0,0
0,0.0,1,0.0,82.0,420.0,349.0,481755997.70865947,616900305.5483994,0,0,0,0,0,0,1,0,0,0,0,0,0,0,0,0,0,0,0,0,0,0,0,0,0,0,0,0,0,1,0,0,0,0,0,0,1,0,0,0,0,1,0,1,0,0
1,2.0,0,10.203629181337648,18.6,215.0,43.0,302623366.588274,401700029.8718064,0,0,0,0,0,0,1,0,0,0,0,0,0,0,0,0,0,0,0,0,0,0,0,0,0,1,0,0,0,0,0,0,0,0,0,0,0,1,0,0,0,1,0,1,0,0
0,2.0,1,10.596659732783579,59.6,381.0,201.0,487898465.7861964,451056822.15202314,0,0,0,0,0,0,1,0,0,0,0,0,0,0,0,0,0,0,0,0,0,0,0,0,0,0,0,1,0,0,0,0,0,0,0,0,0,1,0,0,1,0,0,1,0,0
0,1.0,0,0.0,92.0,480.0,402.0,598483266.5129766,667852074.8227311,0,0,0,0,0,0,1,0,0,0,0,0,0,0,0,0,0,0,0,0,0,0,0,0,0,0,0,0,0,0,1,0,0,0,1,0,0,0,0,0,0,0,1,1,0,0
0,3.0,1,5.655991810819852,59.6,381.0,201.0,430897391.40457946,440606008.0235939,0,0,0,0,0,0,1,0,0,0,0,0,0,0,0,0,0,0,0,1,0,0,0,0,0,0,0,0,0,0,0,0,0,0,0,1,0,0,0,0,0,1,0,0,0,1
0,1.0,0,9.741027444837728,60.1,450.0,204.0,372291933.569787,460530363.3442434,0,0,0,0,0,0,1,0,0,0,0,0,0,0,1,0,0,0,0,0,0,0,0,0,0,0,0,0,0,0,0,0,0,0,0,1,0,0,0,0,0,1,0,0,0,1
1,2.0,1,0.0,37.2,326.4,134.0,474502630.7380901,394247747.11923856,0,0,0,0,0,0,0,1,0,0,0,0,0,0,0,0,0,0,0,0,0,0,0,0,0,0,1,0,0,0,0,0,0,0,1,0,0,0,0,0,0,0,1,1,0,0
0,2.0,0,9.210440366976517,92.0,480.0,402.0,566862338.06736,471695051.20794624,0,0,0,0,0,0,1,0,0,0,0,0,0,0,0,0,0,0,0,0,0,0,0,0,0,0,0,0,0,0,1,0,0,0,0,0,0,1,0,0,0,1,0,0,1,0
1,3.0,0,10.596659732783579,82.0,420.0,349.0,474730748.780684,547916347.6310629,0,0,0,0,0,0,1,0,0,0,0,0,0,0,0,0,0,0,0,0,0,0,0,0,0,0,0,0,0,1,0,0,0,0,0,0,0,1,0,0,1,0,0,1,0,0
0,0.0,0,10.956108257353245,92.0,480.0,402.0,569884316.0893382,850909094.9244676,0,0,0,0,0,0,1,0,0,0,0,0,0,0,0,0,0,0,0,0,0,0,0,0,0,0,0,0,0,0,1,0,0,0,0,0,0,1,0,1,0,0,0,1,0,0
0,0.0,1,0.0,59.6,381.0,201.0,484666533.0259533,484666533.0259533,0,0,0,0,0,0,1,0,0,0,0,0,0,0,0,0,0,0,0,1,0,0,0,0,0,0,0,0,0,0,0,0,0,0,0,1,0,0,0,0,0,1,0,1,0,0
0,2.0,0,9.741027444837728,92.0,480.0,402.0,610577997.5636802,485779378.0874643,0,0,0,0,0,0,1,0,0,0,0,0,0,0,0,0,0,0,0,0,0,0,0,0,0,0,0,0,0,0,1,0,0,0,0,0,0,1,0,0,0,1,0,0,0,1
0,1.0,0,10.203629181337648,82.0,420.0,349.0,486023513.63222635,666325200.1799957,0,0,0,0,0,0,1,0,0,0,0,0,0,0,0,0,0,0,0,0,0,0,0,0,0,0,0,0,0,1,0,0,0,0,1,0,0,0,0,0,1,0,0,1,0,0
0,2.0,0,10.308985993422082,37.2,326.4,134.0,475073128.6122766,395357449.7352723,0,0,0,0,0,0,1,0,0,0,0,0,0,0,0,0,0,0,0,0,0,0,0,0,0,0,1,0,0,0,0,0,0,0,0,0,0,1,0,0,0,1,0,0,0,1
0,3.0,0,10.668978650219241,82.0,420.0,349.0,487157266.7532455,549144586.0063047,0,0,0,0,0,0,1,0,0,0,0,0,0,0,0,0,0,0,0,0,0,0,0,0,0,0,0,0,0,1,0,0,0,0,0,0,0,1,0,0,0,1,0,0,0,1
0,1.0,0,11.002116507732017,37.2,326.4,134.0,474183758.7207365,477391568.07576394,0,0,0,0,0,0,1,0,0,0,0,0,0,0,0,0,0,0,0,0,0,0,0,0,0,0,1,0,0,0,0,0,0,0,0,0,1,0,0,0,0,1,0,0,0,1
0,2.0,0,9.90353755128617,59.6,381.0,201.0,487191854.2159485,449939175.0931996,0,0,0,0,0,0,1,0,0,0,0,0,0,0,0,0,0,0,0,0,0,0,0,0,0,0,0,1,0,0,0,0,0,0,0,0,0,1,0,0,1,0,0,1,0,0
1,1.0,0,0.0,18.6,215.0,43.0,301952440.07070214,393592221.4447896,0,0,0,0,0,0,1,0,0,0,0,0,0,0,0,0,0,0,0,0,0,0,0,0,0,1,0,0,0,0,0,0,0,0,0,0,0,1,0,0,1,0,0,1,0,0
0,1.0,0,10.433586251645703,37.2,326.4,134.0,474183758.7207365,477391568.07576394,0,0,0,0,0,0,1,0,0,0,0,0,0,0,0,0,0,0,0,0,0,0,0,0,0,0,1,0,0,0,0,0,0,0,0,0,1,0,0,0,0,1,0,1,0,0
1,2.0,0,8.517393171418904,18.6,215.0,43.0,301880555.08667654,399984162.7131348,0,0,0,0,0,0,1,0,0,0,0,0,0,0,0,0,0,0,0,0,0,0,0,0,0,1,0,0,0,0,0,0,0,0,0,0,0,1,0,1,0,0,0,1,0,0
0,3.0,0,10.596659732783579,82.0,420.0,349.0,483399309.8105703,548003388.2500184,0,0,0,0,0,0,1,0,0,0,0,0,0,0,0,0,0,0,0,0,0,0,0,0,0,0,0,0,0,1,0,0,0,0,0,0,0,1,0,0,1,0,0,1,0,0
0,3.0,1,10.799595985047786,82.0,420.0,349.0,482762367.1354111,547809964.6523395,0,0,0,0,0,0,1,0,0,0,0,0,0,0,0,0,0,0,0,0,0,0,0,0,0,0,0,0,0,1,0,0,0,0,0,0,0,1,0,0,1,0,0,1,0,0
1,1.0,1,0.0,18.6,215.0,43.0,302551481.60424846,394464314.4680454,0,0,0,0,0,0,1,0,0,0,0,0,0,0,0,0,0,0,0,0,0,0,0,0,0,1,0,0,0,0,0,0,0,0,0,0,1,0,0,0,0,1,0,1,0,0
0,1.0,1,0.0,18.6,215.0,43.0,302493973.617028,394380593.5378128,0,0,0,0,0,0,1,0,0,0,0,0,0,0,0,0,0,0,0,0,0,0,0,0,0,1,0,0,0,0,0,0,0,0,0,1,0,0,0,0,1,0,0,1,0,0
0,4.0,0,11.289794413577894,59.6,381.0,201.0,422770252.2803368,419826531.50540686,0,0,0,0,0,0,1,0,0,0,0,0,0,0,0,0,0,0,0,0,0,0,0,0,0,0,0,0,0,0,0,1,0,0,0,0,0,1,0,0,0,1,0,0,0,1
0,1.0,0,10.308985993422082,59.6,381.0,201.0,487336482.31512207,439398283.755337,0,0,0,0,0,0,1,0,0,0,0,0,0,0,0,0,0,0,0,0,0,0,0,0,0,0,0,1,0,0,0,0,0,0,0,0,0,1,0,0,0,1,0,1,0,0
1,2.0,0,9.210440366976517,18.6,215.0,43.0,302966816.71287465,402493386.98619753,0,0,0,0,0,0,1,0,0,0,0,0,0,0,0,0,0,0,0,0,0,0,0,0,0,1,0,0,0,0,0,0,0,0,0,0,0,1,0,0,0,1,0,0,0,1
0,2.0,1,5.442417710521793,18.6,215.0,43.0,642593329.7113987,399799660.8681164,0,0,0,0,0,0,1,0,0,0,0,0,0,0,0,0,0,0,0,0,0,0,0,0,0,1,0,0,0,0,0,0,0,0,0,0,0,1,0,0,1,0,0,1,0,0
0,0.0,1,0.0,18.6,215.0,43.0,302527519.94290656,335823641.1411147,0,0,0,0,0,0,1,0,0,0,0,0,0,0,0,0,0,0,0,0,0,0,0,0,0,1,0,0,0,0,0,0,0,0,1,0,0,0,0,0,0,1,0,1,0,0
0,0.0,1,0.0,59.6,381.0,201.0,397476670.4601357,494030242.64136356,0,0,0,0,0,0,1,0,0,0,0,0,0,0,0,0,0,0,0,0,0,0,0,0,0,0,0,1,0,0,0,0,0,0,0,0,1,0,0,0,0,1,0,1,0,0
0,0.0,1,0.0,37.2,326.4,134.0,343332508.12758994,357538182.04925275,0,0,0,0,0,0,1,0,0,0,0,0,0,0,0,0,0,0,0,0,0,0,0,0,0,0,1,0,0,0,0,0,0,0,0,0,0,1,0,0,0,1,0,0,0,1
0,4.0,0,10.915106645867503,82.0,420.0,349.0,487157268.0271308,545088078.5365245,0,0,0,0,0,0,1,0,0,0,0,0,0,0,0,0,0,0,0,0,0,0,0,0,0,0,0,0,0,1,0,0,0,0,0,0,0,1,0,0,0,1,0,0,0,1
0,0.0,1,0.0,37.2,326.4,134.0,475073129.0114089,357538182.87372094,0,0,0,0,0,0,1,0,0,0,0,0,0,0,0,0,0,0,0,0,0,0,0,0,0,0,1,0,0,0,0,0,0,0,0,0,0,1,0,0,0,1,0,0,0,1
0,0.0,1,0.0,60.1,450.0,204.0,465677455.2451907,477930535.96796983,0,0,0,0,0,0,1,0,0,0,0,0,0,0,1,0,0,0,0,0,0,0,0,0,0,0,0,0,0,0,0,0,0,0,0,0,1,0,0,0,0,1,0,1,0,0
0,1.0,0,7.313886831633462,18.6,215.0,43.0,302966814.958881,395068962.56106865,0,0,0,0,0,0,1,0,0,0,0,0,0,0,0,0,0,0,0,0,0,0,0,0,0,1,0,0,0,0,0,0,0,0,0,0,0,1,0,0,0,1,0,0,0,1
0,3.0,0,10.757924157061597,82.0,420.0,349.0,477843490.88852715,549144586.2964401,0,0,0,0,0,0,1,0,0,0,0,0,0,0,0,0,0,0,0,0,0,0,0,0,0,0,0,0,0,1,0,0,0,0,0,0,0,1,0,0,0,1,0,0,0,1
0,1.0,0,10.373522431293592,37.2,326.4,134.0,473619767.3975261,476544662.5383046,0,0,0,0,0,0,1,0,0,0,0,0,0,0,0,0,0,0,0,0,0,0,0,0,0,0,1,0,0,0,0,0,0,0,0,0,0,1,0,1,0,0,0,1,0,0
0,1.0,0,9.105090961257085,59.6,381.0,201.0,440606003.11450297,376416717.4537208,0,0,0,0,0,0,1,0,0,1,0,0,0,0,0,0,0,0,0,0,0,0,0,0,0,0,0,0,0,0,0,0,0,0,0,0,0,1,0,1,0,0,0,0,1,0
0,0.0,1,6.156978985585555,82.0,420.0,349.0,484666533.0259533,616866692.1030213,0,0,0,0,0,0,1,0,0,0,0,0,0,0,0,0,0,0,0,0,0,0,0,0,0,0,0,0,0,1,0,0,0,0,0,0,0,1,0,1,0,0,0,1,0,0
0,0.0,1,0.0,18.6,215.0,43.0,302904516.74801844,337142076.8953047,0,0,0,0,0,0,1,0,0,0,0,0,0,0,0,0,0,0,0,0,0,0,0,0,0,1,0,0,0,0,0,0,0,0,0,0,0,1,0,0,0,1,0,1,0,0
0,3.0,0,11.156264806643742,82.0,420.0,349.0,493638932.49083966,547659094.2461499,0,0,0,0,0,0,1,0,0,0,0,0,0,0,0,0,0,0,0,0,0,0,0,0,0,0,0,0,0,1,0,0,0,0,0,0,0,1,0,0,0,1,0,1,0,0
0,2.0,1,6.2166061010848646,82.0,420.0,349.0,490107353.5434712,552860110.6449975,0,0,0,0,0,0,1,0,0,0,0,0,0,0,0,0,0,0,0,0,0,0,0,0,0,0,0,0,0,1,0,0,0,0,0,0,0,1,0,1,0,0,0,1,0,0
1,2.0,0,10.778977123006351,75.3,450.0,201.0,649956946.1374043,401242207.5651991,0,0,0,0,0,0,1,0,0,0,0,0,0,0,0,0,0,0,0,0,0,0,0,0,0,0,0,0,1,0,0,0,0,0,0,0,0,1,0,1,0,0,0,1,0,0
0,2.0,0,8.412054873292933,37.2,326.4,134.0,342381489.560243,394374329.39771956,0,0,0,0,0,0,1,0,0,0,0,0,0,0,0,0,0,0,0,0,0,0,0,0,0,0,1,0,0,0,0,0,0,0,1,0,0,0,0,0,0,0,1,1,0,0
1,3.0,1,10.518700218288165,82.0,420.0,349.0,741543959.0813469,547483078.7722621,0,0,0,0,0,0,1,0,0,0,0,0,0,0,0,0,0,0,0,0,0,0,0,0,0,0,0,0,0,1,0,0,0,0,0,0,0,1,0,0,1,0,0,0,1,0
0,2.0,1,10.043292972227004,59.6,381.0,201.0,488084416.19941956,451350939.7990819,0,0,0,0,0,0,1,0,0,0,0,0,0,0,0,0,0,0,0,0,0,0,0,0,0,0,0,1,0,0,0,0,0,0,0,0,0,1,0,0,1,0,0,1,0,0
0,0.0,1,0.0,37.2,326.4,134.0,473684843.319435,354133929.12904006,0,0,0,0,0,0,1,0,0,0,0,0,0,0,0,0,0,0,0,0,0,0,0,0,0,0,1,0,0,0,0,0,0,0,0,0,0,1,0,0,1,0,0,1,0,0
0,3.0,0,10.591220100394574,82.0,420.0,349.0,742642118.5905493,547829307.0121074,0,0,0,0,0,0,1,0,0,0,0,0,0,0,0,0,0,0,0,0,0,0,0,0,0,0,0,0,0,1,0,0,0,0,0,0,0,1,0,0,1,0,0,1,0,0
0,1.0,1,0.0,92.0,480.0,402.0,564494206.1992282,656099938.0705943,0,0,0,0,0,0,1,0,0,0,0,0,0,0,0,0,0,0,0,0,0,0,0,0,0,0,0,0,0,0,1,0,0,0,0,0,0,1,0,1,0,0,0,0,1,0
1,2.0,1,10.596659732783579,18.6,215.0,43.0,302966816.29753923,402493386.02678794,0,0,0,0,0,0,1,0,0,0,0,0,0,0,0,0,0,0,0,0,0,0,0,0,0,1,0,0,0,0,0,0,0,0,0,0,0,1,0,0,0,1,0,0,0,1
0,1.0,0,10.275085591132715,59.6,381.0,201.0,550675868.2005616,439610148.1621167,0,0,0,0,0,0,1,0,0,0,0,0,0,0,0,0,0,0,0,0,0,0,0,0,0,0,0,1,0,0,0,0,0,0,0,0,0,1,0,0,0,1,0,1,0,0
0,1.0,0,11.418625774449598,37.2,326.4,134.0,474361632.9072875,477658669.0529626,0,0,0,0,0,0,1,0,0,0,0,0,0,0,0,0,0,0,0,0,0,0,0,0,0,0,1,0,0,0,0,0,0,0,0,0,0,1,0,0,0,1,0,1,0,0
0,2.0,0,12.54254845357358,37.2,326.4,134.0,473435385.6187842,392171797.75214994,0,0,0,0,0,0,1,0,0,0,0,0,0,0,0,0,0,0,0,0,0,0,0,0,0,0,1,0,0,0,0,0,0,0,0,0,1,0,0,1,0,0,0,1,0,0
0,2.0,1,0.0,18.6,215.0,43.0,302966814.6873155,402493382.3072308,0,0,0,0,0,0,1,0,0,0,0,0,0,0,0,0,0,0,0,0,0,0,0,0,0,1,0,0,0,0,0,0,0,0,0,0,0,1,0,0,0,1,0,0,0,1
0,0.0,1,0.0,59.6,381.0,201.0,481882071.3312895,416126944.25045395,0,0,0,0,0,0,1,0,0,0,0,0,0,0,0,0,0,0,0,0,0,1,0,0,0,0,0,0,0,0,0,0,0,0,0,0,0,1,0,0,0,1,0,0,0,1
0,1.0,1,10.12667110305036,92.0,480.0,402.0,570378821.5838436,665253784.2244405,0,0,0,0,0,0,1,0,0,0,0,0,0,0,0,0,0,0,0,0,0,0,0,0,0,0,0,0,0,0,1,0,0,0,0,0,0,1,0,0,1,0,0,1,0,0
0,1.0,0,8.216358332386156,92.0,480.0,402.0,606718356.0636802,666014467.9851242,0,0,0,0,0,0,1,0,0,0,0,0,0,0,0,0,0,0,0,0,0,0,0,0,0,0,0,0,0,0,1,0,0,0,0,0,0,1,0,0,1,0,0,1,0,0
0,1.0,1,0.0,75.3,450.0,201.0,509452628.17832905,566666808.050672,0,0,0,0,0,0,1,0,0,0,0,0,0,0,0,0,0,0,0,0,0,0,0,0,0,0,0,0,1,0,0,0,0,0,0,0,0,1,0,0,0,1,0,0,0,1
0,1.0,0,0.0,59.6,381.0,201.0,399907226.0156912,440372860.0265235,0,0,0,0,0,0,1,0,0,0,0,0,0,0,0,0,0,0,0,0,0,0,0,0,0,0,0,1,0,0,0,0,0,0,0,0,0,1,0,0,1,0,0,1,0,0
0,0.0,1,0.0,75.3,450.0,201.0,484666533.0259533,484666533.0259533,0,0,0,0,0,0,1,0,0,0,0,0,0,0,0,0,0,0,0,1,0,0,0,0,0,0,0,0,0,0,0,0,0,0,0,0,0,1,0,0,0,1,0,0,0,1
0,0.0,1,5.7899601708972535,37.2,326.4,134.0,426681120.5765014,355112652.5332954,0,0,0,0,0,0,1,0,0,0,0,0,0,0,0,0,0,0,0,0,0,0,0,0,0,0,1,0,0,0,0,0,0,0,0,0,0,1,0,0,0,1,0,1,0,0
0,3.0,0,10.203629181337648,82.0,420.0,349.0,482685934.01439196,547786753.820618,0,0,0,0,0,0,1,0,0,0,0,0,0,0,0,0,0,0,0,0,0,0,0,0,0,0,0,0,0,1,0,0,0,0,0,0,0,1,0,0,0,1,0,1,0,0
0,0.0,1,0.0,37.2,326.4,134.0,341518795.682692,355174567.4269124,0,0,0,0,0,0,1,0,0,0,0,0,0,0,0,0,0,0,0,0,0,0,0,0,0,0,1,0,0,0,0,0,0,0,0,0,1,0,0,0,0,1,0,1,0,0
0,1.0,0,9.179984251961283,75.3,450.0,201.0,502647079.12277347,562157609.9034327,0,0,0,0,0,0,1,0,0,0,0,0,0,0,0,0,0,0,0,0,0,0,0,0,0,0,0,0,1,0,0,0,0,0,0,0,0,1,0,0,0,1,0,0,0,1
0,0.0,1,0.0,82.0,420.0,349.0,484666533.0259533,617639801.3467188,0,0,0,0,0,0,1,0,0,0,0,0,0,0,0,0,0,0,0,0,0,0,0,0,0,0,0,0,0,1,0,0,0,0,0,0,0,1,0,0,0,1,0,0,1,0
0,3.0,0,10.915106645867503,82.0,420.0,349.0,742427394.664169,547761608.7529198,0,0,0,0,0,0,1,0,0,0,0,0,0,0,0,0,0,0,0,0,0,0,0,0,0,0,0,0,0,1,0,0,0,0,0,0,0,1,0,1,0,0,0,1,0,0
0,0.0,1,0.0,60.1,450.0,204.0,464937455.2451907,477680535.96796983,0,0,0,0,0,0,1,0,0,0,0,0,0,0,1,0,0,0,0,0,0,0,0,0,0,0,0,0,0,0,0,0,0,0,0,0,0,1,0,0,0,1,0,1,0,0
0,0.0,1,0.0,18.6,215.0,43.0,302540299.4956222,335868333.8785449,0,0,0,0,0,0,1,0,0,0,0,0,0,0,0,0,0,0,0,0,0,0,0,0,0,1,0,0,0,0,0,0,0,0,0,1,0,0,0,0,1,0,0,1,0,0
1,2.0,1,8.853808274977197,18.6,215.0,43.0,302241577.4508938,400818111.0526182,0,0,0,0,0,0,1,0,0,0,0,0,0,0,0,0,0,0,0,0,0,0,0,0,0,1,0,0,0,0,0,0,0,0,0,0,0,1,0,0,1,0,0,1,0,0
0,1.0,1,0.0,82.0,420.0,349.0,483029883.05897796,661932676.8155097,0,0,0,0,0,0,1,0,0,0,0,0,0,0,0,0,0,0,0,0,0,0,0,0,0,0,0,0,0,1,0,0,0,0,0,0,0,1,0,0,1,0,0,1,0,0
0,4.0,0,11.002116507732017,82.0,420.0,349.0,494628406.1750502,541060304.6476357,0,0,0,0,0,0,1,0,0,0,0,0,0,0,0,0,0,0,0,0,0,0,0,0,0,0,0,0,0,1,0,0,0,0,0,0,0,1,0,0,0,1,0,1,0,0
0,1.0,1,0.0,14.7,170.0,27.0,566511022.0173022,472950279.96297663,0,0,0,0,1,0,0,0,0,0,0,0,0,0,0,0,0,0,1,0,0,0,0,0,0,0,0,0,0,0,0,0,0,0,0,0,0,1,0,0,1,0,0,1,0,0
0,2.0,0,10.87806606028079,92.0,480.0,402.0,604876250.8005222,477948063.256139,0,0,0,0,0,0,1,0,0,0,0,0,0,0,0,0,0,0,0,0,0,0,0,0,0,0,0,0,0,0,1,0,0,0,0,0,0,1,0,0,1,0,0,1,0,0
0,0.0,1,0.0,37.2,326.4,134.0,475073128.3541421,357538181.2620188,0,0,0,0,0,0,1,0,0,0,0,0,0,0,0,0,0,0,0,0,0,0,0,0,0,0,1,0,0,0,0,0,0,0,1,0,0,0,0,0,0,1,0,0,0,1
0,3.0,1,10.571342565808699,82.0,420.0,349.0,455828071.976114,546055612.6213918,0,0,0,0,0,0,1,0,0,0,0,0,0,0,0,0,0,0,0,0,0,0,0,0,0,0,0,0,0,1,0,0,0,0,0,0,0,1,0,1,0,0,0,1,0,0
0,0.0,1,0.0,59.6,381.0,201.0,461636848.2054121,461636848.2054121,0,0,0,0,0,0,1,0,0,0,0,0,0,0,0,0,0,0,0,1,0,0,0,0,0,0,0,0,0,0,0,0,0,0,0,0,0,1,0,0,0,1,0,0,0,1
0,1.0,1,0.0,37.2,326.4,134.0,342254958.9479981,477867138.1083372,0,0,0,0,0,0,1,0,0,0,0,0,0,0,0,0,0,0,0,0,0,0,0,0,0,0,1,0,0,0,0,0,0,0,1,0,0,0,0,0,0,0,1,1,0,0
0,1.0,1,0.0,59.6,381.0,201.0,484666533.0259533,442046586.7129641,0,0,0,0,0,0,1,0,0,0,0,0,0,0,0,0,0,0,0,0,0,0,0,0,0,0,0,1,0,0,0,0,0,0,0,0,0,1,0,0,0,1,0,0,0,1
0,3.0,0,10.308985993422082,82.0,420.0,349.0,487157266.5303155,549144585.9386064,0,0,0,0,0,0,1,0,0,0,0,0,0,0,0,0,0,0,0,0,0,0,0,0,0,0,0,0,0,1,0,0,0,0,0,0,0,1,0,0,0,1,0,0,0,1
0,1.0,1,0.0,37.2,326.4,134.0,341320265.0704471,477121209.769575,0,0,0,0,0,0,1,0,0,0,0,0,0,0,0,0,0,0,0,0,0,0,0,0,0,0,1,0,0,0,0,0,0,0,0,0,0,1,0,0,0,1,0,1,0,0
0,2.0,0,9.105090961257085,82.0,420.0,349.0,477843489.02578205,560514360.698189,0,0,0,0,0,0,1,0,0,0,0,0,0,0,0,0,0,0,0,0,0,0,0,0,0,0,0,0,0,1,0,0,0,0,0,0,0,1,0,0,0,1,0,0,0,1
1,3.0,0,0.0,18.6,215.0,43.0,301896529.52757114,528021642.7503075,0,0,0,0,0,0,1,0,0,0,0,0,0,0,0,0,0,0,0,0,0,0,0,0,0,1,0,0,0,0,0,0,0,0,0,0,0,1,0,1,0,0,0,1,0,0
0,2.0,1,0.0,59.6,381.0,201.0,677456153.9083965,454252896.2043107,0,0,0,0,0,0,1,0,0,0,0,0,0,0,0,0,0,0,0,0,0,0,0,0,0,0,0,1,0,0,0,0,0,0,0,0,0,1,0,0,0,1,0,0,0,1
0,3.0,0,10.596659732783579,82.0,420.0,349.0,497681033.99083966,549144586.0933453,0,0,0,0,0,0,1,0,0,0,0,0,0,0,0,0,0,0,0,0,0,0,0,0,0,0,0,0,0,1,0,0,0,0,0,0,0,1,0,0,0,1,0,0,0,1
0,1.0,0,2.3978952727983707,59.6,381.0,201.0,481882071.3312895,446104163.7662208,0,0,0,0,0,0,1,0,0,0,0,0,0,0,0,0,0,0,0,0,0,1,0,0,0,0,0,0,0,0,0,0,0,0,0,0,1,0,0,0,0,1,0,0,0,1
0,4.0,0,10.308985993422082,92.0,480.0,402.0,573285412.1332941,440606008.2054121,0,0,0,0,0,0,1,0,0,0,0,0,0,0,0,0,0,0,0,0,0,0,0,0,0,0,0,0,0,0,1,0,0,0,0,0,0,1,0,0,0,1,0,0,0,1
0,1.0,0,10.239995502805316,92.0,480.0,402.0,566472228.1772501,659176861.1475174,0,0,0,0,0,0,1,0,0,0,0,0,0,0,0,0,0,0,0,0,0,0,0,0,0,0,0,0,0,0,1,0,0,0,0,0,0,1,0,0,0,1,0,0,1,0
0,2.0,0,9.392745258631441,82.0,420.0,349.0,512333211.8417757,555966493.6237209,0,0,0,0,0,0,1,0,0,0,0,0,0,0,0,0,0,0,0,0,0,0,0,0,0,0,0,0,0,1,0,0,0,0,0,0,0,1,0,0,0,1,0,1,0,0
0,2.0,1,0.0,18.6,215.0,43.0,302966815.94290656,402493385.20759976,0,0,0,0,0,0,1,0,0,0,0,0,0,0,0,0,0,0,0,0,0,0,0,0,0,1,0,0,0,0,0,0,0,0,0,1,0,0,0,0,0,1,0,0,0,1
1,2.0,1,0.0,18.6,215.0,43.0,301944452.85025483,400131764.18914956,0,0,0,0,0,0,1,0,0,0,0,0,0,0,0,0,0,0,0,0,0,0,0,0,0,1,0,0,0,0,0,0,0,0,0,0,0,1,0,0,1,0,0,1,0,0
0,4.0,1,0.0,82.0,420.0,349.0,747997408.8535901,541851971.3143023,0,0,0,0,0,0,1,0,0,0,0,0,0,0,0,0,0,0,0,0,0,0,0,0,0,0,0,0,0,1,0,0,0,0,0,0,0,1,0,0,1,0,0,1,0,0
0,1.0,1,0.0,82.0,420.0,349.0,470054278.19244874,653138284.292145,0,0,0,0,0,0,1,0,0,0,0,0,0,0,0,0,0,0,0,0,0,0,0,0,0,0,0,0,0,1,0,0,0,0,0,0,0,1,0,1,0,0,0,0,1,0
0,2.0,1,11.289794413577894,59.6,381.0,201.0,489919123.8481799,454252895.6879708,0,0,0,0,0,0,1,0,0,0,0,0,0,0,0,0,0,0,0,0,0,0,0,0,0,0,0,1,0,0,0,0,0,0,0,1,0,0,0,0,0,1,0,0,0,1
1,1.0,1,0.0,18.6,215.0,43.0,302168095.0227788,393906174.9331617,0,0,0,0,0,0,1,0,0,0,0,0,0,0,0,0,0,0,0,0,0,0,0,0,0,1,0,0,0,0,0,0,0,0,0,0,0,1,0,0,1,0,0,1,0,0
0,0.0,1,0.0,59.6,381.0,201.0,522711022.0173022,479696848.2054121,0,0,0,0,0,0,1,0,0,0,0,0,0,0,0,0,0,0,0,1,0,0,0,0,0,0,0,0,0,0,0,0,0,0,0,0,1,0,0,0,0,1,0,1,0,0
0,1.0,0,9.798182590890704,75.3,450.0,201.0,627002694.7407442,562648407.449445,0,0,0,0,0,0,1,0,0,0,0,0,0,0,0,0,0,0,0,0,0,0,0,0,0,0,0,0,1,0,0,0,0,0,0,0,0,1,0,0,0,1,0,1,0,0
1,3.0,0,10.434145214930487,37.2,326.4,134.0,474281372.60359985,438216572.9514225,0,0,0,0,0,0,1,0,0,0,0,0,0,0,0,0,0,0,0,0,0,0,0,0,0,0,1,0,0,0,0,0,0,0,0,0,0,1,0,0,1,0,0,1,0,0
0,1.0,1,0.0,92.0,480.0,402.0,666735107.0066547,663920450.8911072,0,0,0,0,0,0,1,0,0,0,0,0,0,0,0,0,0,0,0,0,0,0,0,0,0,0,0,0,0,0,1,0,0,0,0,0,0,1,0,0,1,0,0,1,0,0
1,2.0,1,10.308985993422082,59.6,381.0,201.0,397310003.7934689,449226756.792546,0,0,0,0,0,0,1,0,0,0,0,0,0,0,0,0,0,0,0,0,0,0,0,0,0,0,0,1,0,0,0,0,0,0,0,1,0,0,0,0,1,0,0,1,0,0
1,1.0,0,8.853808274977197,59.6,381.0,201.0,488080283.9680146,440160995.6197438,0,0,0,0,0,0,1,0,0,0,0,0,0,0,0,0,0,0,0,0,0,0,0,0,0,0,0,1,0,0,0,0,0,0,0,0,0,1,0,0,1,0,0,1,0,0
0,0.0,1,0.0,18.6,215.0,43.0,427283441.6129767,337359952.5265896,0,0,0,0,0,0,1,0,0,0,0,0,0,0,0,0,0,0,0,0,0,0,0,0,0,1,0,0,0,0,0,0,0,0,0,0,0,1,0,0,0,1,0,0,0,1
0,0.0,1,0.0,18.6,215.0,43.0,450380444.1882944,427469002.6613952,0,0,0,0,0,0,1,0,0,0,0,0,0,0,0,0,0,0,0,1,0,0,0,0,0,0,0,0,0,0,0,0,0,0,0,0,1,0,0,0,0,1,0,1,0,0
0,0.0,1,0.0,37.2,326.4,134.0,443281983.40457946,354893184.448189,0,0,0,0,0,0,1,0,0,0,0,0,0,0,0,0,0,0,0,0,0,0,0,0,0,0,1,0,0,0,0,0,0,0,0,0,1,0,0,0,0,1,0,1,0,0
