id,link,post_date,vehicle_type,title,price_raw,seller_name,description,address,condition_raw,sub_type,origin,year_raw,mileage_raw,price_vnd,condition,city,year,mileage_km
0,https://xe.chotot.com/mua-ban-xe-dap/133150746.htm,2026-06-23 19:22:35,xe_dap_dien,Xe đạp điện i8 màu Hồng,5000000,Thanh Nam,dư xe đạp điện cần bán xe còn xin còn mới keng hãng i8 khóa điện tử đi 40 đến 50km lần sạc ace nào cần lh,"Thị xã Phú Mỹ, Bà Rịa - Vũng Tàu",Đã sử dụng,Xe đạp điện,Việt Nam,,,5000000,Used,Vũng Tàu,,
1,https://xe.chotot.com/mua-ban-xe-dap/130984939.htm,2026-06-23 19:13:10,xe_dap_dien,Cần bán chiếc xe đạp điện đang chạy bình thường,2700000,lan phuong,Cần thanh lý xe đạp điện chính hãng bình còn chạy đc 25 km 30m một lần sạc moi chức năng oke xe Còn đẹp leng keng luôn ace cần tới đt trực tiếp cho mình,"Quận Gò Vấp, Tp Hồ Chí Minh",Đã sử dụng,Xe đạp điện,Nhật Bản,,,2700000,Used,Hồ Chí Minh,,
2,https://xe.chotot.com/mua-ban-xe-dap/133150412.htm,2026-06-23 18:55:18,xe_dap_dien,Xe đạp điện Yadea Bạc hoạt động bình thường,1500000,Shop Xuân Mạnh chuyên nhận đóng pin máy khoan theo yêu cầu khách hàng ,xe đạp điện nội địa hoạt động bình thường không pin,"Quận Bình Tân, Tp Hồ Chí Minh",Đã sử dụng,Xe đạp điện,,,,1500000,Used,Hồ Chí Minh,,
3,https://xe.chotot.com/mua-ban-xe-dap/133149832.htm,2026-06-23 18:19:13,xe_dap_dien,Xe đạp điện Yadea M133 màu Đen,3500000,trần quốc minh,"Xe đạp điện màu đen, đã lên pin sạc nhanh cho hiệu suất tốt hơn. - Xe chạy ổn định, ngoại hình còn mới. - Phù hợp di chuyển hàng ngày.","Thành phố Thủ Đức, Tp Hồ Chí Minh",Đã sử dụng,Xe đạp điện,,,,3500000,Used,Hồ Chí Minh,,
4,https://xe.chotot.com/mua-ban-xe-dap/133149830.htm,2026-06-23 18:19:07,xe_dap_dien,XE ĐẠP ĐIỆN NONEBAL LENOX LƯỚT 90% CÒN SỔ BH,11500000,MUAXEĐIỆNGIÁCAO ,XE ĐẠP ĐIỆN NONEBAL LENOX LƯỚT 90% CÒN SỔ BH BÌNH SẠC ĐẦY ĐỦ BẢO HÀNH DÀI HẠN ZALO-GỌI TRỰC TIẾP *** XE ĐẸP NHƯ HÌNH,"Quận 6, Tp Hồ Chí Minh",Đã sử dụng,Xe đạp điện,Khác,,,11500000,Used,Hồ Chí Minh,,
5,https://xe.chotot.com/mua-ban-xe-dap/133065437.htm,2026-06-23 18:04:45,xe_dap_dien,XE ĐẠP ĐIỆN VC-3 PLUSS MỚI 95% CÒN SỔ BẢO HÀNH,10500000,MUAXEĐIỆNGIÁCAO ,XE ĐẠP ĐIỆN VC-3 PLUSS MỚI 95% CÒN SỔ BẢO HÀNH BÌNH SẠC ĐẦY ĐỦ BẢO HÀNH DÀI HẠN ZALO-GỌI TRỰC TIẾP *** XE ĐẸP NHƯ HÌNH,"Quận 6, Tp Hồ Chí Minh",Đã sử dụng,Xe đạp điện,Khác,,,10500000,Used,Hồ Chí Minh,,
6,https://xe.chotot.com/mua-ban-xe-dap/133149188.htm,2026-06-23 17:42:57,xe_dap_dien,Xe đạp điện Kazuki DTP-S Xanh 2 thắng đĩa,5680000,Nguyen Thanh,"Xe 2 thắng đĩa,chạy êm ko 1 tiếng động,chức năng đầy đủ,còn rất mới","Quận 11, Tp Hồ Chí Minh",Đã sử dụng,Xe đạp điện,,,,5680000,Used,Hồ Chí Minh,,
7,https://xe.chotot.com/mua-ban-xe-dap/133113800.htm,2026-06-23 17:28:16,xe_dap_dien,XE ĐẠP ĐIỆN BALLFAYOX 143 LƯỚT 90% CÒN SỔ BH,3500000,MUAXEĐIỆNGIÁCAO ,XE ĐẠP ĐIỆN BALLFAYOX 143 LƯỚT 90% CÒN SỔ BH BÌNH SẠC ĐẦY ĐỦ BẢO HÀNH DÀI HẠN ZALO-GỌI TRỰC TIẾP *** XE ĐẸP NHƯ HÌNH,"Quận 6, Tp Hồ Chí Minh",Đã sử dụng,Xe đạp điện,Đức,,,3500000,Used,Hồ Chí Minh,,
9,https://xe.chotot.com/mua-ban-xe-dap/133148722.htm,2026-06-23 17:22:23,xe_dap_dien,"Xe đạp điện Yadea 133 Đỏ, Đen 4 bình to",2500000,Hữu Nhuận,Thanh lý xe điện 133 chạy 4 bình to vẫn hoạt động tốt giá 2.5 triệu xem xe tại 157 Tây tựu hà nội lh :***,"Quận Bắc Từ Liêm, Hà Nội",Đã sử dụng,Xe đạp điện,,,,2500000,Used,Hà Nội,,
10,https://xe.chotot.com/mua-ban-xe-dap/133148421.htm,2026-06-23 17:11:08,xe_dap_dien,Xe đạp điện Yadea Trắng Gấp gọn,9000000,Ý Võ,"2 xe điện gấp gọn màu trắng và đỏ, mua mới 15,9 triệu/chiếc, nay bán nhanh lại 9 triệu/chiếc - Xe còn mới, dễ dàng gấp gọn mang đi. - Phù hợp di chuyển trong thành phố. - Giá tốt cho xe chất lượng.","Quận 7, Tp Hồ Chí Minh",Đã sử dụng,Xe đạp điện,,,,9000000,Used,Hồ Chí Minh,,
11,https://xe.chotot.com/mua-ban-xe-dap/133148171.htm,2026-06-23 17:01:37,xe_dap_dien,Xe đạp điện Hyundai màu Đỏ,1100000,Minh Bình Chánh,Xe đạp điện không bình như hình bán Xe bao chạy ok gắn bình vô là xài ok ae nào cần alo nha,"Huyện Bình Chánh, Tp Hồ Chí Minh",Đã sử dụng,Xe đạp điện,,,,1100000,Used,Hồ Chí Minh,,
12,https://xe.chotot.com/mua-ban-xe-dap/133148163.htm,2026-06-23 17:01:05,xe_dap_dien,Xe đạp điện Asama Xanh dương mới thay,2500000,khanh,"dư không dùng lên bán xe đạp điện,bình mới thay mấy tháng","Thành phố Biên Hòa, Đồng Nai",Đã sử dụng,Xe đạp điện,,,,2500000,Used,Đồng Nai,,
13,https://xe.chotot.com/mua-ban-xe-dap/133028805.htm,2026-06-23 17:00:01,xe_dap_dien,Xe đạp điện M133,6500000,XE ĐIỆN VŨ HẢI ,"Xe đạp điện M133 Bình nhỏ : sử dụng 4 bình ắc quy 48V-12Ah dây điện lõi đồng , đi xa k bị nóng, chạy bền tốc độ đi: 35-40km quãng đường đi đc 35-40km sau 1 lần sạc công suất động cơ trên nắp vỏ là 240w tuổi thọ ắc quy: 300 đến 500 lần sạc xả. nhựa cao cấp ABS, độ bền cao thời gian sạc k quá 8 tiếng Có 7 màu Bảo hành toàn bộ xe 1 năm Ship toàn quốc Dt : XE ĐIỆN VŨ HẢI ***","Huyện Đông Anh, Hà Nội",Đã sử dụng,Xe đạp điện,Khác,,,6500000,Used,Hà Nội,,
14,https://xe.chotot.com/mua-ban-xe-dap/133120556.htm,2026-06-23 16:14:22,xe_dap_dien,Thanh lý xe đạp điện Asama 🔵còn sử dụng tốt,1700000,Drap Gối Nệm SAN SAN,"🔴Thanh lý Xe đạp điện Asama màu đồng,phù hợp di chuyển trong thành phố. 🔴- Xe đã cũ nhưng vận hành tốt. 🔴- Thiết kế nhỏ gọn, dễ điều khiển. 🔴- Pin khỏe, đi được quãng đường xa. 🔴Giá bán 1.700.000₫ không bớt thêm(🔵vừa thay yên mới,giá mong muốn 2.000.000₫ nhưng giảm thêm 300k cho mau mắn) 🔴Xem và lấy xe tại Trần Phú quận 5,(bán dùm cho chú hàng xóm kế bên nhà đã mua xe lăn mới nên thanh lý cho rộng phòng trọ) 🔵Cảm ơn đã đọc tin,tin còn đăng thì xe vẫn còn bán","Quận 5, Tp Hồ Chí Minh",Đã sử dụng,Xe đạp điện,Việt Nam,,,1700000,Used,Hồ Chí Minh,,
15,https://xe.chotot.com/mua-ban-xe-dap/133145752.htm,2026-06-23 15:14:09,xe_dap_dien,Xe đạp điện Yadea ACTION Đen,6500000,Phuong Lê,Bán xe đạp chế qua xe điện cho học sinh đi học hết điện đạp nhẹ như xe đạp bình thường,"Quận 11, Tp Hồ Chí Minh",Đã sử dụng,Xe đạp điện,,,,6500000,Used,Hồ Chí Minh,,
16,https://xe.chotot.com/mua-ban-xe-dap/133116867.htm,2026-06-23 14:49:39,xe_dap_dien,Xe đạp điện Toyotires Bạc LƯỚT 90% CÒN SỔ BH,6900000,THUCŨĐỔIMỚIXEĐIỆN,XE ĐẠP ĐIỆN TOYOTIRES LƯỚT 90% CÒN SỔ BẢO HÀNH BÌNH SẠC ĐẦY ĐỦ BẢO HÀNH DÀI HẠN ZALO-GỌI TRỰC TIẾP *** XE ĐẸP NHƯ HÌNH,"Quận 6, Tp Hồ Chí Minh",Đã sử dụng,Xe đạp điện,Khác,,,6900000,Used,Hồ Chí Minh,,
17,https://xe.chotot.com/mua-ban-xe-dap/131183316.htm,2026-06-23 14:44:21,xe_dap_dien,xe đạp điện alan mits 8 mới 100% TRẢ THẲNG,4500000,XE ĐIỆN GIÁ KHO,"===>TẶNG (REMOTE CHỐNG TRỘM 3 trong 1 ĐIỀU KHIỂN XE THÔNG MINH,SẠC ĐA NĂNG 2 CHẾ ĐỘ VỪA ĐI VỪA SẠC )))TRỊ GIÁ 4000K ===>XE MỚI 100% BẢO HÀNH TẬN NHÀ 1 NĂM ==>MÀN HÌNH LED HIỂN THỊ NHIỆT ĐỘ,VẬN TỐC ====>SẠC NHANH TRONG VÒNG 2 tiếng))!! ====> XE SỬ DỤNG IC ĐÚC CHẤT LƯỢNG CAO! GIAO HÀNG TOÀN QUỐC CÁC TỈNH LÂN CẬN!! KÍNH MỜI ANH CHỊ ĐẾN Cơ sở 1: Cơ sở 2 : Nguyễn thị tú(COMING SOOON)))","Quận 1, Tp Hồ Chí Minh",Mới,Xe đạp điện,Pháp,,,4500000,New,Hồ Chí Minh,,
18,https://xe.chotot.com/mua-ban-xe-dap/133144750.htm,2026-06-23 14:34:51,xe_dap_dien,Xe đạp điện Yadea màu Đen 30-40km,3800000,Dung Nguyen,"Xe đạp điện phù hợp đi chợ, học sinh đi học quanh phố. Xe còn khá tốt, xác, bình đầy đủ.... Xe chạy 30-40km....","Thành phố Buôn Ma Thuột, Đắk Lắk",Đã sử dụng,Xe đạp điện,,,,3800000,Used,Đắk Lắk,,
19,https://xe.chotot.com/mua-ban-xe-dap/133144546.htm,2026-06-23 14:26:57,xe_dap_dien,XE MỚI HÀNG THỜI THƯỢNG ĐÃ ĐU BÌNH,10500000,Minh,V1 MỚI HÀNG CÔNG TY CHẤT LƯỢNG TỐT. MOI CHỨC NĂNG ĐÂY ĐU. ĐA BAO GỒM BÌNH ĐIÊN MỚI. LH 539/15 HƯƠNG LÔ 3.PHƯỜNG BÌNH HƯNG HOA QUÂN BÌNH TÂN,"Quận Bình Tân, Tp Hồ Chí Minh",Mới,Xe đạp điện,Việt Nam,,,10500000,New,Hồ Chí Minh,,
20,https://xe.chotot.com/mua-ban-xe-dap/133143207.htm,2026-06-23 13:28:16,xe_dap_dien,Xe đạp điện Asia Đỏ còn mới,4000000,thảo kym,"bán xe đạp điện Asia màu đỏ, còn mới, chạy tốt. phù hợp đi học đi lại hàng ngày.","Quận Cẩm Lệ, Đà Nẵng",Đã sử dụng,Xe đạp điện,,,,4000000,Used,Đà Nẵng,,
21,https://xe.chotot.com/mua-ban-xe-dap/131267494.htm,2026-06-23 13:25:29,xe_dap_dien,Xe điện asuki trên 50 cây /sạc tốc độ 65km/h,7500000,Johntran,Xe điện Asuki kiểu dáng giống Yeada Xbull…xe đẹp phuộc nhúng êm chống sốc tốc độ 65km/h mới thay 4 bình lớn còn bh 1 năm chạy trên 50 cây mới sạc…đèn xi nhan khoá chống trộm khoá bánh từ xa bằng remote…có sạc theo xe.,"Quận Tân Phú, Tp Hồ Chí Minh",Đã sử dụng,Xe đạp điện,,,,7500000,Used,Hồ Chí Minh,,
22,https://xe.chotot.com/mua-ban-xe-dap/133142597.htm,2026-06-23 13:03:55,xe_dap_dien,Xe đạp điện Ninja Trắng phanh đĩa acquy tốt,3100000,Lưu Chiểu,"Thanh lý xe ninja phanh đĩa còn đẹp , ắc quy còn tốt về chỉ việc sử dụng","Quận Lê Chân, Hải Phòng",Đã sử dụng,Xe đạp điện,,,,3100000,Used,Hải Phòng,,
23,https://xe.chotot.com/mua-ban-xe-dap/133142579.htm,2026-06-23 13:02:37,xe_dap_dien,Xe đạp điện Vespa Trắng Đã sử dụng,12000000,Minh Pháp,"Xe đạp điện Vespa mới 90% đã qua sử dụng 1 tháng Giá đã bao gồm 5 bình và phụ kiện Xe kh hư hỏng gì, muốn bán để đổi sang xe điện khác A/C có nhu cầu Lh Sdt: ***","Huyện Hóc Môn, Tp Hồ Chí Minh",Đã sử dụng,Xe đạp điện,,,,12000000,Used,Hồ Chí Minh,,
24,https://xe.chotot.com/mua-ban-xe-dap/132256831.htm,2026-06-23 12:51:23,xe_dap_dien,Xe đạp điện Yamada 4 bình,2600000,đ h,Nhà cần thanh lý xe đạp điện xe còn đẹp le keng bình khỏe mọi chức năng hoạt động tốt anh chị em cần tới điện thoại trực tiếp cho mình cảm ơn,"Quận Gò Vấp, Tp Hồ Chí Minh",Đã sử dụng,Xe đạp điện,Nhật Bản,,,2600000,Used,Hồ Chí Minh,,
25,https://xe.chotot.com/mua-ban-xe-dap/133142313.htm,2026-06-23 12:50:09,xe_dap_dien,Xe đạp điện Honda 4 bình Xanh Trắng,2200000,Đức Chiến Xe đạp giá tốt Gò Vấp,Xe đạp điện hon da 4 bình còn rất tốt chạy nhe lướt nhanh lăm a mua vê sẵn chạy a bảo hành bình 3 tháng,"Quận Gò Vấp, Tp Hồ Chí Minh",Đã sử dụng,Xe đạp điện,Việt Nam,,,2200000,Used,Hồ Chí Minh,,
26,https://xe.chotot.com/mua-ban-xe-dap/131129629.htm,2026-06-23 12:26:54,xe_dap_dien,GIEINU PINSA M133 PRO MỚI 100%,3000000,THUCŨĐỔIMỚIXEĐIỆN,"===>TẶNG (REMOTE CHỐNG TRỘM 3 trong 1 ĐIỀU KHIỂN XE THÔNG MINH,SẠC ĐA NĂNG 2 CHẾ ĐỘ VỪA ĐI VỪA SẠC )))TRỊ GIÁ 4000K ===>XE MỚI 100% BẢO HÀNH TẬN NHÀ 1 NĂM ==>MÀN HÌNH LED HIỂN THỊ NHIỆT ĐỘ,VẬN TỐC ====>SẠC NHANH TRONG VÒNG 2 tiếng))!! ====> XE SỬ DỤNG IC ĐÚC CHẤT LƯỢNG CAO! GIAO HÀNG TOÀN QUỐC CÁC TỈNH LÂN CẬN!! KÍNH MỜI ANH CHỊ ĐẾN Cơ sở 1: Cơ sở 2 : Nguyễn thị tú(COMING SOOON)))","Quận Bình Tân, Tp Hồ Chí Minh",Mới,Xe đạp điện,Việt Nam,,,3000000,New,Hồ Chí Minh,,
27,https://xe.chotot.com/mua-ban-xe-dap/132894738.htm,2026-06-23 12:19:14,xe_dap_dien,M133 ĐA ĐU BINH. HÔ TRỢ TRẢ GÓP,3500000,Minh,M133PRO MỚI HÀNG CÔNG TY HT CHẤT LƯỢNG TỐT. MOI CHỨC NĂNG ĐÂY ĐU. ĐA BAO GỒM BÌNH ĐIÊN. LH 539/15 Hương Lô 3.phường bình hưng hoa quân bình tân,"Quận Bình Tân, Tp Hồ Chí Minh",Mới,Xe đạp điện,Việt Nam,,,3500000,New,Hồ Chí Minh,,
28,https://xe.chotot.com/mua-ban-xe-dap/133141168.htm,2026-06-23 11:57:10,xe_dap_dien,Xe đạp điện Asama Xanh dương đã sử dụng,1800000,nguyễn xuân hiệu,do con lên cấp 3 đi học xe máy điện nên cần bán lại xe đạp điện. xe đi tốt bình thường . bình mới thay. giá 1t8 ở thới hoà ***,"Huyện Bình Chánh, Tp Hồ Chí Minh",Đã sử dụng,Xe đạp điện,,,,1800000,Used,Hồ Chí Minh,,
29,https://xe.chotot.com/mua-ban-xe-dap/133140791.htm,2026-06-23 11:43:03,xe_dap_dien,Xe đạp điện Bike City Đen Pin bền sạc nhanh,3699000,Vũ Minh thức,"Xe đạp điện Bike City màu đen, kiểu dáng thời trang, phù hợp di chuyển trong thành phố. - Khung xe chắc chắn, vận hành êm ái. - Pin bền, sạc nhanh. - Dễ dàng điều khiển. xe sử dụng bin còn rất tốt, mọi chức năng còn rất tốt, xe ở Tân Bình","Quận Tân Bình, Tp Hồ Chí Minh",Đã sử dụng,Xe đạp điện,,,,3699000,Used,Hồ Chí Minh,,
30,https://xe.chotot.com/mua-ban-xe-dap/133138988.htm,2026-06-23 10:48:11,xe_dap_dien,Xe đạp điện Yadea Trắng,2300000,Tran Lieu Thanhvu,nhà du xe đi con tui ko đi nên bạn *** ai muốn mua thì gọi nhe ko chính ba bảy hai bốn bay nam chính bay,"Quận Bình Thạnh, Tp Hồ Chí Minh",Đã sử dụng,Xe đạp điện,,,,2300000,Used,Hồ Chí Minh,,
31,https://xe.chotot.com/mua-ban-xe-dap/131192826.htm,2026-06-23 10:35:56,xe_dap_dien,Xe đạp trợ lực Yamaha Citypas Đen,8000000,NGUYỄN BÁ THANH,"XE ĐẠP TRỢ LỰC YAMAHA. CITYPAS. ĐẠP SIÊU NHẸ,SIÊU BỀN,SIÊU TRỚN PHÙ HỢP CHO MỌI LỨA TUỔI,CHIỀU CAO . PIN 8AH","Quận Tân Bình, Tp Hồ Chí Minh",Đã sử dụng,Xe đạp điện,Nhật Bản,,,8000000,Used,Hồ Chí Minh,,
32,https://xe.chotot.com/mua-ban-xe-dap/133138360.htm,2026-06-23 10:29:03,xe_dap_dien,XE MỚI ĐÃ ĐU BÌNH ĐIÊN GIÁ GIẢM MẠNH,10500000,Minh,V1 MỚI HÀNG CÔNG TY CHẤT LƯỢNG TỐT. MOI CHỨC NĂNG ĐÂY ĐU. ĐA BAO GỒM BÌNH ĐIÊN MỚI. LH 539/15 HƯƠNG LÔ 3.PHƯỜNG BÌNH HƯNG HOA QUÂN BÌNH TÂN,"Quận Bình Tân, Tp Hồ Chí Minh",Mới,Xe đạp điện,Việt Nam,,,10500000,New,Hồ Chí Minh,,
33,https://xe.chotot.com/mua-ban-xe-dap/122601607.htm,2026-06-23 10:24:47,xe_dap_dien,"Xe đạp điện asama, bảo hành 3 tháng",3200000,xe đạp điện   xe điện,"Bán xe đạp điện asama, bình điện đi quãng đường 30km Bảo hành 3 tháng Giao xe tận nơi","Quận Gò Vấp, Tp Hồ Chí Minh",Đã sử dụng,Xe đạp điện,,,,3200000,Used,Hồ Chí Minh,,
34,https://xe.chotot.com/mua-ban-xe-dap/133137673.htm,2026-06-23 10:07:01,xe_dap_dien,Không sử dụng cần pass lại xe đạp điện còn mới 90%,4000000,Vũ Đức Huân,"Không còn nhu cầu sử dụng nên pass lại xe đạp điện hiệu Asama xuất xứ Nhật Bản! Tình trạng xe còn mới 90% như trên hình chụp, hình sao xe vậy,bình điện còn cầm pin khá tốt, sạc pin đầy đủ! A/c có nhu cầu vui lòng liên hệ e Huân, có fix cho người mua có thiện chí.Thân!!!","Thành phố Mỹ Tho, Tiền Giang",Đã sử dụng,Xe đạp điện,Nhật Bản,,,4000000,Used,Tiền Giang,,
35,https://xe.chotot.com/mua-ban-xe-dap/131139794.htm,2026-06-23 10:06:59,xe_dap_dien,JOH CENE ĐẸP 90% BẢO HÀNH DÀI HẠN,2000000,THUCŨĐỔIMỚIXEĐIỆN,Các chức năng hoạt động tốt Xe bảo hành dài hạn Cám ơn a chị đã xem tin,"Quận Bình Tân, Tp Hồ Chí Minh",Đã sử dụng,Xe đạp điện,Nhật Bản,,,2000000,Used,Hồ Chí Minh,,
36,https://xe.chotot.com/mua-ban-xe-dap/133043172.htm,2026-06-23 09:46:14,xe_dap_dien,Xe đạp điện Martin 107 màu Đỏ,3500000,Ngọc Anh,"Xe đạp điện Martin 107 màu đỏ. Giá bán 3.5triệu - Xe chạy êm, bền bỉ. - Phù hợp đi học, đi làm, dạo phố. - Liên hệ: C Phuong ***","Quận Bình Thạnh, Tp Hồ Chí Minh",Đã sử dụng,Xe đạp điện,Việt Nam,,,3500000,Used,Hồ Chí Minh,,
37,https://xe.chotot.com/mua-ban-xe-dap/131954360.htm,2026-06-23 09:41:10,xe_dap_dien,Xe đạp điện SK8 màu Đen,2500000,Quách khải tuấn,Bán xe SK8 xe đẹp Mua về đi liền Xe máy xe tại nhà có Chào đổi các loại xe . bùi chừ tính sao . có đổi bình tại nhà . bảo hành 1 năm .,"Quận Bình Thạnh, Tp Hồ Chí Minh",Đã sử dụng,Xe đạp điện,,,,2500000,Used,Hồ Chí Minh,,
38,https://xe.chotot.com/mua-ban-xe-dap/132013079.htm,2026-06-23 09:38:17,xe_dap_dien,Xe đạp điện Wiibike Summer Trắng,6300000,Công Hải bđs,"Bán xe đạp điện trợ lực điện WIIBIKE Summer, Pin Lithium-Ion 24V. Đã qua sử dụng. Xe mua được vài năm cho xon đi học những năm cấp 2. Xe ít sử dụng nên còn rất tốt. Có thể gọi số khác:***","Quận Hai Bà Trưng, Hà Nội",Đã sử dụng,Xe đạp điện,Việt Nam,,,6300000,Used,Hà Nội,,
39,https://xe.chotot.com/mua-ban-xe-dap/131117918.htm,2026-06-23 09:33:05,xe_dap_dien,XE ĐẠP ĐIỆN BJĐEN M133 NEW 100% TRẢ THẲNG,5900000,XE ĐIỆN GIÁ KHO,"===>TẶNG (REMOTE CHỐNG TRỘM 3 trong 1 ĐIỀU KHIỂN XE THÔNG MINH,SẠC ĐA NĂNG 2 CHẾ ĐỘ VỪA ĐI VỪA SẠC )))TRỊ GIÁ 4000K ===>XE MỚI 100% BẢO HÀNH TẬN NHÀ 1 NĂM ==>MÀN HÌNH LED HIỂN THỊ NHIỆT ĐỘ,VẬN TỐC ====>SẠC NHANH TRONG VÒNG 2 tiếng))!! ====> XE SỬ DỤNG IC ĐÚC CHẤT LƯỢNG CAO! GIAO HÀNG TOÀN QUỐC CÁC TỈNH LÂN CẬN!! KÍNH MỜI ANH CHỊ ĐẾN Cơ sở 1: Cơ sở 2 : Nguyễn thị tú(COMING SOOON)))","Quận 6, Tp Hồ Chí Minh",Mới,Xe đạp điện,Thái Lan,,,5900000,New,Hồ Chí Minh,,
40,https://xe.chotot.com/mua-ban-xe-dap/133136445.htm,2026-06-23 09:18:38,xe_dap_dien,Xe đạp trợ lực điện Xiaomi HIMO Z20 Đen,13500000,Giàu,"Xe đạp trợ lực điện XIAOMI HIMO Z20 : thiết kế châu Âu, với khung hợp kim nhôm nguyên khối,có thể gấp gọn trong 10 giây, dễ dàng mang xe lên ô tô, thang máy hoặc cất gọn trong không gian nhỏ. Pin Lithium Có Thể Tháo Rời – Linh Hoạt Sạc Mọi Nơi Trang bị pin 36V – 10Ah chất lượng cao, HIMO Z20 có thể di chuyển lên đến 80km tùy chế độ trợ lực , đáp ứng tốt nhu cầu đi học, đi làm hay dạo phố. Thiết kế pin rời tiện lợi giúp người dùng có thể sạc trực tiếp tại nhà, văn phòng hoặc mang theo mà không cần di chuyển cả xe. Thời gian sạc tối đa chỉ 5 giờ bạn có thể đi được quãng đường lên đến 80km. Bộ Truyền Động Micronew Châu Âu – Chính Xác & Mượt Mà Trang bị bộ đề 7 cấp Micronew danh tiếng từ châu Âu, HIMO Z20 cho khả năng chuyển số mượt mà, linh hoạt trên mọi cung đường. Dù là leo dốc, di chuyển trong thành phố hay đạp thể dục, xe vẫn đảm bảo tốc độ và cảm giác lái ổn định. Màn hình LCD sắc nét, hiển thị đầy đủ các thông số như tốc độ, quãng đường, chế độ hỗ trợ và dung lượng pin. Đèn Led An Toàn Xe đạp trợ lực điện Himo Z20 trang bị đèn LED có cường độ sáng cao giúp chiếu rõ đường đi vào ban đêm, đảm bảo an toàn tuyệt đối khi di chuyển","Quận Phú Nhuận, Tp Hồ Chí Minh",Đã sử dụng,Xe đạp điện,Trung Quốc,,,13500000,Used,Hồ Chí Minh,,
41,https://xe.chotot.com/mua-ban-xe-dap/133135837.htm,2026-06-23 08:49:41,xe_dap_dien,Xe đạp điện gấp gọn màu Đen 20km/sạc,3600000,nguyen ha,Xe điện gấp gọn.1 lần sạt đi tầm 20km.sản phẩm có thể gấp gọn.có thể liển hệ trực tiếp đến xem .***,"Quận 6, Tp Hồ Chí Minh",Đã sử dụng,Xe đạp điện,,,,3600000,Used,Hồ Chí Minh,,
42,https://xe.chotot.com/mua-ban-xe-dap/133135614.htm,2026-06-23 08:38:59,xe_dap_dien,Xe đạp điện màu Xanh,3500000,Nguyễn Anh Nguyên,"Dư dùng thanh lý xe như hình chạy êm có bình + sạc theo xe đầy đủ, anh chị em quan tâm liên hệ em ạ","Huyện Châu Thành, Bến Tre",Đã sử dụng,Xe đạp điện,,,,3500000,Used,Bến Tre,,
43,https://xe.chotot.com/mua-ban-xe-dap/133135053.htm,2026-06-23 08:08:43,xe_dap_dien,Xe đạp điện Yadea E2 Hola màu Đỏ,3500000,Đức lâm ,Nhà xư xe đạp điện bán cho ai cần Xe còn dùng tốt về xạc là đi Không hư hỏng gì cả Anh chị nào cần liên hệ ạ,"Thành phố Biên Hòa, Đồng Nai",Đã sử dụng,Xe đạp điện,Đài Loan,,,3500000,Used,Đồng Nai,,
44,https://xe.chotot.com/mua-ban-xe-dap/133134920.htm,2026-06-23 07:59:25,xe_dap_dien,Xe đạp điện Yadea X8 Đen đã qua sử dụng,6500000,D,vừa thay 4 bình xịn hết 4 tr còn bảo hành bình 6 tháng xe đã qua sử dụng tại nhà được năm xe còn khá tốt mới nay bán 6tr 500 cho ai cần trải nghiệm,"Quận Gò Vấp, Tp Hồ Chí Minh",Đã sử dụng,Xe đạp điện,,,,6500000,Used,Hồ Chí Minh,,
45,https://xe.chotot.com/mua-ban-xe-dap/133026378.htm,2026-06-23 07:52:43,xe_dap_dien,Bán xe đạp điện như hình,3100000,sang,Không sử dụng nửa nên để lại cho ai cần. xe đẹp bình mạnh mọi chức năng đầy đủ sạc theo xe. ít sử dụng nên còn mới thanks mọi người quan tâm.,"Quận 7, Tp Hồ Chí Minh",Đã sử dụng,Xe đạp điện,,,,3100000,Used,Hồ Chí Minh,,
46,https://xe.chotot.com/mua-ban-xe-dap/133134432.htm,2026-06-23 07:13:31,xe_dap_dien,Xe đạp điện Ninjia Xám Phanh đĩa Điện tử,2850000,Thang,cần bán xe ninjia phanh đĩa mặt đồng hồ điện tử bình bao khỏe trên 20km/lần sạc xe chắc chắn mng mua về chỉ việc đi có gia lộc mạnh cho ng thiện chí gọi điện đến xem,"Quận Lê Chân, Hải Phòng",Đã sử dụng,Xe đạp điện,,,,2850000,Used,Hải Phòng,,
47,https://xe.chotot.com/mua-ban-xe-dap/133134397.htm,2026-06-23 07:10:12,xe_dap_dien,Xe đạp điện Yadea trắng thanh thoát,4000000,Hoa Hoa,"Xe đạp điện màu trắng, thiết kế dành riêng cho phái nữ, kiểu dáng thanh thoát, dễ điều khiển. - Khung xe chắc chắn, vận hành êm ái. - Phù hợp di chuyển trong thành phố. xe đạp điện giá 4 triệu lh ***","Quận Tân Bình, Tp Hồ Chí Minh",Đã sử dụng,Xe đạp điện,,,,4000000,Used,Hồ Chí Minh,,
48,https://xe.chotot.com/mua-ban-xe-dap/133134305.htm,2026-06-23 07:02:26,xe_dap_dien,Xe đạp điện Draca màu Đỏ,4200000,Xe điện TRI TÔN ,Xe nhập khẩu nguyên zin. Chất lượng rất tốt. Kiểu dáng thời trang. Thích hợp các em học sinh. Giá tốt cho anh em.,"Huyện Tri Tôn, An Giang",Đã sử dụng,Xe đạp điện,,,,4200000,Used,An Giang,,
49,https://xe.chotot.com/mua-ban-xe-dap/133134302.htm,2026-06-23 07:02:20,xe_dap_dien,Xe đạp điện Yadea AC-09 màu Đen,3800000,Xe điện TRI TÔN ,"Xe nhập khẩu nguyên zin. Xe được bảo dưỡng thường xuyên nên chất lượng rất tốt. Xe động cơ mạnh mẽ, acquy còn tốt. Thích hợp các em học sinh.Giá tốt cho anh em.","Huyện Tri Tôn, An Giang",Đã sử dụng,Xe đạp điện,,,,3800000,Used,An Giang,,
50,https://xe.chotot.com/mua-ban-xe-dap/132756452.htm,2026-06-23 06:47:01,xe_dap_dien,XE MỚI HÃNG PEGA GIÁ SV,12500000,Minh,CAPAS MỚI HÀNG CÔNG TY PEGA CHẤT LƯỢNG TỐT. MOI CHỨC NĂNG ĐÂY ĐU. ĐA BAO GỒM BÌNH ĐIÊN. LH 539/15 HƯƠNG LÔ 3.PHƯỜNG BÌNH HƯNG HOA QUÂN BÌNH TÂN,"Quận Bình Tân, Tp Hồ Chí Minh",Mới,Xe đạp điện,Việt Nam,,,12500000,New,Hồ Chí Minh,,
51,https://xe.chotot.com/mua-ban-xe-dap/133059476.htm,2026-06-23 02:15:38,xe_dap_dien,Xe đạp điện màu Xanh dương đã sử dụng,500000,No Name ,bán xe đạp điện cũ.KHÔNG BÌNH. Xe vẫn chạy được bình thường. chỉ có đèn phía trước bị hỏng. còn tin là còn hàng.,"Huyện Đức Hòa, Long An",Đã sử dụng,Xe đạp điện,Việt Nam,,,500000,Used,Long An,,
52,https://xe.chotot.com/mua-ban-xe-dap/133037144.htm,2026-06-22 23:40:47,xe_dap_dien,Xe đạp điện HONDA đỏ,3100000,sài gòn chấm Com,"Xe đạp điện HONDA màu đỏ, kiểu dáng thời trang, phù hợp di chuyển trong thành phố. - Xe còn mới, vận hành tốt. - Động cơ bền bỉ, tiết kiệm năng lượng. - Có bộ xạc bình - Yên xe êm ái, mang lại cảm giác thoải mái khi đi. - Phù hợp và thuận tiện cho việc đi lại (đặc biệt là học sinh) SĐT liên hệ: ***","Quận 12, Tp Hồ Chí Minh",Đã sử dụng,Xe đạp điện,Nhật Bản,,,3100000,Used,Hồ Chí Minh,,
53,https://xe.chotot.com/mua-ban-xe-dap/133058609.htm,2026-06-22 22:02:36,xe_dap_dien,Xe đạp điện Yadea EV đỏ đã sử dụng,4000000,Thanh Tuyền ,"xe tốt,bình thay mới hết,rất hợp cho phụ nữ ,học sinh chạy ạ.còn rất tốt ạ !","Quận 8, Tp Hồ Chí Minh",Đã sử dụng,Xe đạp điện,Việt Nam,,,4000000,Used,Hồ Chí Minh,,
54,https://xe.chotot.com/mua-ban-xe-dap/133130867.htm,2026-06-22 20:28:36,xe_dap_dien,Xe đạp điện Yamaha Xanh 4 năm,3500000,Kỹ sư hoá Mr. Đức,"Con hết học cấp 2, nay bán lại xe như hình, đi 4 năm cấp 2, lúc mua chín củ, ai cần liên hệ trực tiếp nhé mình ở gần ngã tư thủ Đức","Thành phố Thủ Đức, Tp Hồ Chí Minh",Đã sử dụng,Xe đạp điện,,,,3500000,Used,Hồ Chí Minh,,
55,https://xe.chotot.com/mua-ban-xe-dap/133130840.htm,2026-06-22 20:27:19,xe_dap_dien,Xe đạp điện Yadea màu Vàng Đen cũ,1500000,Vuduyha,Bán xe cap như hình cho ae về dọn.bình yếu ae ai cần lh trực tiếp,"Huyện Hóc Môn, Tp Hồ Chí Minh",Đã sử dụng,Xe đạp điện,,,,1500000,Used,Hồ Chí Minh,,
56,https://xe.chotot.com/mua-ban-xe-dap/133130783.htm,2026-06-22 20:23:52,xe_dap_dien,Xe đạp điện Yadea màu Đỏ Trắng Trung Quốc 40km,4500000,Đ HỒNG ,xe đạp điện như hình xe mới không tỳ vết 98% Bình bao chạy 40km OK mua là dùng xe nhập hàng nội địa Trung chắc chạy đằm khỏe tới mua có bớt,"Quận Gò Vấp, Tp Hồ Chí Minh",Đã sử dụng,Xe đạp điện,Trung Quốc,,,4500000,Used,Hồ Chí Minh,,
57,https://xe.chotot.com/mua-ban-xe-dap/133129811.htm,2026-06-22 19:33:05,xe_dap_dien,Xe đạp điện Asama Xanh,800000,Kuan Nguyen,cần bán 2 cái chiếc xe asama xã Bình phú tỉnh Vĩnh Long LH ***,"Thành phố Trà Vinh, Trà Vinh",Đã sử dụng,Xe đạp điện,,,,800000,Used,Trà Vinh,,
58,https://xe.chotot.com/mua-ban-xe-dap/133128896.htm,2026-06-22 18:45:03,xe_dap_dien,Xe đạp điện Victory V8 Đài Loan,6000000,Duy Pham Channel,Xe đạp phù hợp cho các bạn nữ lớp 8 - 10 Xe hiệu Victory V8 của Đài Loan. Xe con gái đi nên còn rất mới và tốt. Máy chạy êm. IC điều tốc và 4 Bình còn bảo hành đến tháng 9/2026 Chìa khóa remote tìm xe..,"Quận Bình Tân, Tp Hồ Chí Minh",Đã sử dụng,Xe đạp điện,Đài Loan,,,6000000,Used,Hồ Chí Minh,,
59,https://xe.chotot.com/mua-ban-xe-dap/133106822.htm,2026-06-22 18:09:33,xe_dap_dien,Xe đạp điện Yadea TYPE3-PRO Xám Like new 95%,12000000,MUAXEĐIỆNGIÁCAO ,XE ĐẠP ĐIỆN TYPE3-PRO LIKE NEW 95% ODO 1000KM 60k/1 lần sạc BÌNH SẠC ĐẦY ĐỦ BẢO HÀNH DÀI HẠN ZALO-GỌI TRỰC TIẾP *** XE ĐẸP NHƯ HÌNH,"Quận 6, Tp Hồ Chí Minh",Đã sử dụng,Xe đạp điện,Khác,,,12000000,Used,Hồ Chí Minh,,
60,https://xe.chotot.com/mua-ban-xe-dap/133127934.htm,2026-06-22 17:52:13,xe_dap_dien,Xe đạp điện Sonsu S16.8 Smart Xanh dương,4800000,Xe điện Minh Nhiên ,"Xe đạp điện Sonsu S16.8 Smart màu xanh dương, kiểu dáng hiện đại, vận hành êm ái. - Thiết kế trẻ trung, phù hợp di chuyển trong thành phố. - Tiết kiệm năng lượng, thân thiện với môi trường. - Xe còn mới, ít sử dụng.","Quận Cái Răng, Cần Thơ",Đã sử dụng,Xe đạp điện,,,,4800000,Used,Cần Thơ,,
61,https://xe.chotot.com/mua-ban-xe-dap/133127596.htm,2026-06-22 17:33:07,xe_dap_dien,Xe đạp điện Yadea màu Đen,3700000,hông tứ,"cần bán xe đạp điện giá 3.700.000đ xe ở an phú đông, quận 12","Quận 12, Tp Hồ Chí Minh",Đã sử dụng,Xe đạp điện,,,,3700000,Used,Hồ Chí Minh,,
62,https://xe.chotot.com/mua-ban-xe-dap/133127385.htm,2026-06-22 17:21:57,xe_dap_dien,Xe đạp điện Pega Cap-A Xanh dương,8000000,Tên chưa cung cấp,"xe Pega cho học sinh đi học,xe còn mới,còn bảo hành chính hãng","Huyện Củ Chi, Tp Hồ Chí Minh",Đã sử dụng,Xe đạp điện,,,,8000000,Used,Hồ Chí Minh,,
63,https://xe.chotot.com/mua-ban-xe-dap/133126897.htm,2026-06-22 16:58:14,xe_dap_dien,Xe đạp điện 133,4000000,mini,ảnh thật mới rửa xong con lên cấp 3 lên đời xe máy nên dư e bán xe ảnh sao ngoài vậy chạy bình thường bình thay lúc dữ đầu năm học 4tr không bớt,"Thành phố Bà Rịa, Bà Rịa - Vũng Tàu",Đã sử dụng,Xe đạp điện,Khác,,,4000000,Used,Vũng Tàu,,
64,https://xe.chotot.com/mua-ban-xe-dap/120642733.htm,2026-06-22 16:45:41,xe_dap_dien,XE ĐẠP ĐIỆN SUPER 8 MỚI 100%,4500000,XE ĐIỆN SUNNY,"===>HỐ TRỢ ,QUẸT THẺ TÍN DỤNG!! ===>TẶNG (REMOTE CHỐNG TRỘM 3 trong 1 ĐIỀU KHIỂN XE THÔNG MINH,SẠC ĐA NĂNG 2 CHẾ ĐỘ VỪA ĐI VỪA SẠC )))TRỊ GIÁ 4000K ===>XE MỚI 100% BẢO HÀNH TẬN NHÀ 1 NĂM ==>MÀN HÌNH LED HIỂN THỊ NHIỆT ĐỘ,VẬN TỐC ====>SẠC NHANH TRONG VÒNG 2 tiếng))!! ====> XE SỬ DỤNG IC ĐÚC CHẤT LƯỢNG CAO! GIAO HÀNG TOÀN QUỐC CÁC TỈNH LÂN CẬN!! KÍNH MỜI ANH CHỊ ĐẾN SỐ Cơ sở 1 :37/11 Trần trọng cung quận 7 Cơ sở 2 : phạm thế hiển quận 8(coming soon))","Quận 8, Tp Hồ Chí Minh",Mới,Xe đạp điện,Nhật Bản,,,4500000,New,Hồ Chí Minh,,
65,https://xe.chotot.com/mua-ban-xe-dap/133125981.htm,2026-06-22 16:19:07,xe_dap_dien,Xe đạp điện Yadea màu Đen đã sử dụng,3250000,Hoàng Anh,Xe đạp điện mua được hơn tháng dùng 2 lần cần pass lại mua mới 5tr còn đủ đầy phụ kiện,"Thành phố Buôn Ma Thuột, Đắk Lắk",Đã sử dụng,Xe đạp điện,,,,3250000,Used,Đắk Lắk,,
66,https://xe.chotot.com/mua-ban-xe-dap/133063410.htm,2026-06-22 16:06:46,xe_dap_dien,V1 MỚI ĐÃ ĐU BÌNH ĐIÊN. KIÊU DANG SANG TRONG,11800000,Minh,V1 MỚI HÀNG HOTTREN XỊN XO CHẤT LƯỢNG TỐT. MOI CHỨC NĂNG ĐÂY ĐU. ĐA BAO GỒM BÌNH ĐIÊN. LH 539/15 HƯƠNG LÔ 3.PHƯỜNG BÌNH HƯNG HOA QUÂN BÌNH TÂN,"Quận Bình Tân, Tp Hồ Chí Minh",Mới,Xe đạp điện,Việt Nam,,,11800000,New,Hồ Chí Minh,,
67,https://xe.chotot.com/mua-ban-xe-dap/133032037.htm,2026-06-22 16:05:45,xe_dap_dien,Xe đạp điện Sealup Q29 Đỏ 1000W,15000000,Ngô Quang Huy,"Xe đạp điện Sealup Q29 màu đỏ, tình trạng mới 99%. - Kiểu dáng thể thao, năng động. - Động cơ 1000W, tốc độ tối đa 60km/h, di chuyển êm ái. - Quãng đường di chuyển tối đa 150km cho mỗi lần sạc. - Phù hợp đi lại hàng ngày. Ae lái hộ!","Quận 7, Tp Hồ Chí Minh",Đã sử dụng,Xe đạp điện,,,,15000000,Used,Hồ Chí Minh,,
68,https://xe.chotot.com/mua-ban-xe-dap/133125308.htm,2026-06-22 15:53:20,xe_dap_dien,Xe đạp điện sonsu,4900000,Xin Thường Niệm A Di Đà Phật,"Xe sonsu hồng rất đẹp, bình khoẻ ạ Chỉ 4tr9 ạ Mình ở thành phố mới Bình Dương ***","Thành phố Thủ Dầu Một, Bình Dương",Đã sử dụng,Xe đạp điện,,,,4900000,Used,Bình Dương,,
69,https://xe.chotot.com/mua-ban-xe-dap/133125068.htm,2026-06-22 15:45:55,xe_dap_dien,Xe đạp điện cáp a như hình,2500000,Thang mai,Khách mới đổi ko có thời gian làm bán lại cho ah em nào về dọn lại ! Tình trạng xe đèn còi đầy đủ bình mạnh động cơ nhẹ ! Chỉ là ko biết đứt dây hay gì ko chạy ! Bác nào lấy alo em,"Quận 12, Tp Hồ Chí Minh",Đã sử dụng,Xe đạp điện,,,,2500000,Used,Hồ Chí Minh,,
70,https://xe.chotot.com/mua-ban-xe-dap/133125023.htm,2026-06-22 15:44:17,xe_dap_dien,XE ĐẠP ĐIỆN SAMURAI 4,6300000,Tí,"Xe đạp điện Samurai 4.Xe chính hãng chạy nhẹ êm,lúc mua mới 15trieu","Quận Tân Bình, Tp Hồ Chí Minh",Đã sử dụng,Xe đạp điện,Đài Loan,,,6300000,Used,Hồ Chí Minh,,
71,https://xe.chotot.com/mua-ban-xe-dap/133124930.htm,2026-06-22 15:40:51,xe_dap_dien,Xe đạp điện SONSU Cam,1200000,anh cong,"Bán rẻ xe đạp điện son su đàng hoàng, chạy bình thường, bé nhà tháo xích để chạy điện. Ai mua về thích thì gắn xích, kg để vậy chạy bình thường. Bán vui 1,2t","Thành phố Biên Hòa, Đồng Nai",Đã sử dụng,Xe đạp điện,,,,1200000,Used,Đồng Nai,,
72,https://xe.chotot.com/mua-ban-xe-dap/133124348.htm,2026-06-22 15:18:37,xe_dap_dien,Xe đạp điện Yadea 133H SEEYES Xanh lá,3600000,hiếu,"mình cần bán chiếc xe điện 133H SEEYES CÒN mới một lần xạc đi 35km mọi chức năng đều OK Xe đèn , còi xi nhan đầy đủ xe đăng đúng như trong hình","Quận Hai Bà Trưng, Hà Nội",Đã sử dụng,Xe đạp điện,Đài Loan,,,3600000,Used,Hà Nội,,
73,https://xe.chotot.com/mua-ban-xe-dap/133124111.htm,2026-06-22 15:08:42,xe_dap_dien,Xe đạp điện Kaiser Thể thao Đen,5800000,bảo ,"Xe đạp điện Kaiser màu đen, kiểu dáng thể thao, phù hợp di chuyển trong thành phố. - Xe còn mới, vận hành tốt. - Động cơ mạnh mẽ, tiết kiệm năng lượng. - Thiết kế chắc chắn, an toàn khi sử dụng.","Thành phố Thủ Dầu Một, Bình Dương",Đã sử dụng,Xe đạp điện,,,,5800000,Used,Bình Dương,,
74,https://xe.chotot.com/mua-ban-xe-dap/133124002.htm,2026-06-22 15:04:56,xe_dap_dien,Xe đạp điện DK bike Samurai Xanh lá,7000000,Ngô Cường,"Cần bán xe đạp điện như hình, xe đang hoạt động tốt. Vỏ xe thay mới được 1 tháng, bình thay được 6 tháng. Do nhu cầu đổi xe nên cần bán. Cám ơn đã xem tin.","Huyện Hóc Môn, Tp Hồ Chí Minh",Đã sử dụng,Xe đạp điện,Khác,,,7000000,Used,Hồ Chí Minh,,
75,https://xe.chotot.com/mua-ban-xe-dap/133123169.htm,2026-06-22 14:31:36,xe_dap_dien,Xe đạp điện Venum D155 Đen đã qua sử dụng,2900000,MUAXEĐIỆNGIÁCAO ,XE ĐẠP ĐIỆN VENUM 7AH LƯỚT 90% CÒN SỔ BH BÌNH SẠC ĐẦY ĐỦ BẢO HÀNH DÀI HẠN ZALO-GỌI TRỰC TIẾP *** XE ĐẸP NHƯ HÌNH,"Quận 6, Tp Hồ Chí Minh",Đã sử dụng,Xe đạp điện,Khác,,,2900000,Used,Hồ Chí Minh,,
76,https://xe.chotot.com/mua-ban-xe-dap/133122943.htm,2026-06-22 14:23:07,xe_dap_dien,Xe đạp điện Mi Bike S-Force Gấp gọn Xám,7000000,trung,"Xe đạp điện Mi Bike S-Force màu xám, thiết kế thông minh có thể tháo lắp gọn gàng. - Tiện lợi mang đi, cất giữ. - Phù hợp di chuyển trong thành phố. Xe mua lúc mới gần 16t có giấy tờ mua bán cửa hàng xe ít đi bình còn sử dung tốt","Quận 1, Tp Hồ Chí Minh",Đã sử dụng,Xe đạp điện,,,,7000000,Used,Hồ Chí Minh,,
77,https://xe.chotot.com/mua-ban-xe-dap/132773921.htm,2026-06-22 14:09:09,xe_dap_dien,"Xe đạp điện màu Trắng, Xanh, Nâu",3000000,m trung,"ai cần em thì lh xe 48 v lần xác chạy 25 ,30 km","Quận 12, Tp Hồ Chí Minh",Đã sử dụng,Xe đạp điện,Khác,,,3000000,Used,Hồ Chí Minh,,
78,https://xe.chotot.com/mua-ban-xe-dap/133122041.htm,2026-06-22 13:45:30,xe_dap_dien,BÁN TRẢ GÓP-BAO NỢ XẤU-Xe đạp điện BIKE,1000000,Anh Tú,"Xe đạp điện BIKE màu xám, thiết kế trẻ trung, phù hợp di chuyển trong thành phố. - Khung xe chắc chắn, vận hành êm ái. - Pin bền, sạc nhanh. - Dễ dàng điều khiển.","Thị xã Bến Cát, Bình Dương",Mới,Xe đạp điện,Việt Nam,,,1000000,New,Bình Dương,,
79,https://xe.chotot.com/mua-ban-xe-dap/132398294.htm,2026-06-22 13:05:07,xe_dap_dien,Xe đạp điện màu Đỏ,2750000,đ h,Nhà dư xe đạp điện còn tốt Bình khỏe moi chức năng OK ace can tới Đt trực tiếp cho mình,"Quận Gò Vấp, Tp Hồ Chí Minh",Đã sử dụng,Xe đạp điện,,,,2750000,Used,Hồ Chí Minh,,
80,https://xe.chotot.com/mua-ban-xe-dap/133120222.htm,2026-06-22 12:11:05,xe_dap_dien,Xe đạp điện Yamaha Đen 09/2026,5500000,Huỳnh Tâm,"Mình có chiếc xe đạp điện YAMAHA , cần bán 5tr500 , xe còn bảo hành đến tháng 09/2026 , giá có thương lượng","Quận Bình Thạnh, Tp Hồ Chí Minh",Đã sử dụng,Xe đạp điện,Nhật Bản,,,5500000,Used,Hồ Chí Minh,,
81,https://xe.chotot.com/mua-ban-xe-dap/133016401.htm,2026-06-22 11:29:04,xe_dap_dien,đổi xe cần bán i8 hitasa mới 99%,7500000,Ng Anh Tuấn,cần bán xe đạp điện i8 hitasa chính hãng cho ai cần alo giúp mình fixx nhanh,"Quận 8, Tp Hồ Chí Minh",Đã sử dụng,Xe đạp điện,,,,7500000,Used,Hồ Chí Minh,,
82,https://xe.chotot.com/mua-ban-xe-dap/133118213.htm,2026-06-22 10:53:29,xe_dap_dien,Xe đạp điện Yadea Xanh Ít dùng Tốt,2500000,Mr Xuân,ít dùng xe còn tốt bình xạc ok.mới thjch hợp cho các e đi học.vui lòng lhệ wa số dt ***,"Huyện Cần Giuộc, Long An",Đã sử dụng,Xe đạp điện,,,,2500000,Used,Long An,,
83,https://xe.chotot.com/mua-ban-xe-dap/132704252.htm,2026-06-22 10:39:14,xe_dap_dien,Xe đạp điện . suzuki 4 thì máy nổ êm Nhiều màu,12000000,Quách khải tuấn,"Xe đạp điện suzuki Esperro nhiều màu, thiết kế trẻ trung, năng động. - Động cơ xăng 4 thì máy nổ êm ru ru .. kết họp điện chại mạnh . bền bỉ, vận hành êm ái. - Quãng đường di chuyển tốt. - Phù hợp đi học, đi làm.xem xe tại nhà 29 bùi hữu nghĩa p1 quận Bình Thạnh ... một lần sạc đi 30 . 40km bao thợ thầy xem vô tư tư","Quận Bình Thạnh, Tp Hồ Chí Minh",Đã sử dụng,Xe đạp điện,,,,12000000,Used,Hồ Chí Minh,,
84,https://xe.chotot.com/mua-ban-xe-dap/133117433.htm,2026-06-22 10:27:41,xe_dap_dien,"Xe đạp điện Xe Còn Mới, Pin Sạc Đầy Đủ",7000000,Duy Khánh,"Thanh Lý Thu Hồi Vốn Xe Đạp Điện 🩷Xe Đi Còn Mới, Đẹp -- Xe Chạy Mượt, Lướt 🩷Xe Đầy Đủ Pin Và Sạc 🌹 🩵ACE có nhu cầu liên hệ bên E","Quận 12, Tp Hồ Chí Minh",Đã sử dụng,Xe đạp điện,Việt Nam,,,7000000,Used,Hồ Chí Minh,,
85,https://xe.chotot.com/mua-ban-xe-dap/132461777.htm,2026-06-22 10:27:20,xe_dap_dien,Xe đạp điện màu Đỏ lướt,3500000,bông,"Cần bán xe điện còn mới, đi êm, bình mạnh, full chức năng. Về chỉ việc đi k sửa chữa gì nữa","Quận Cẩm Lệ, Đà Nẵng",Đã sử dụng,Xe đạp điện,Nhật Bản,,,3500000,Used,Đà Nẵng,,
86,https://xe.chotot.com/mua-ban-xe-dap/123124603.htm,2026-06-22 10:17:58,xe_dap_dien,Xe đạp điện mới 100%,7200000,xe đạp điện   xe điện,"Bán xe đạp điện mới 100%, bình điện đi được quãng đường 50-60km Bảo hành 1 năm Giao xe tận nơi","Quận Gò Vấp, Tp Hồ Chí Minh",Mới,Xe đạp điện,Trung Quốc,,,7200000,New,Hồ Chí Minh,,
87,https://xe.chotot.com/mua-ban-xe-dap/132935211.htm,2026-06-22 09:57:59,xe_dap_dien,EGGOO V1 MEET MỚI. ĐÃ ĐU BÌNH ĐIÊN,11800000,Minh,V1 MỚI HÀNG CÔNG TY CHẤT LƯỢNG TỐT. MOI CHỨC NĂNG ĐÂY ĐU. ĐA BAO GỒM BÌNH ĐIÊN. LH 539/15 HƯƠNG LÔ 3.PHƯỜNG BÌNH HƯNG HOA QUÂN BÌNH TÂN,"Quận Bình Tân, Tp Hồ Chí Minh",Mới,Xe đạp điện,Việt Nam,,,11800000,New,Hồ Chí Minh,,
88,https://xe.chotot.com/mua-ban-xe-dap/132717845.htm,2026-06-22 09:11:39,xe_dap_dien,Xe đạp điện Vespa X1 Trắng Mới 100%,12900000,Cửa Hàng Xe Điện Huỳnh Như ,"Xe Đạp Điện Vespa X1 thời thượng mới 100% Giá đã bao gồm bình và phụ kiện Vận tốc 50 - 65km/h Quảng đường đi được 60 - 80km/sạc Bảo hành xe và bình 1 năm Thiết kế xe theo yêu cầu và sở thích Xe chạy mọi địa hình, đi dạo đi chơi , đi học rất phù hợp , nhẹ gọn, ga đầm đều Tích hợp nhiều chức năng hiện đại giả tiếng pô, nghe nhạc bluetooth Hỗ trợ trả góp qua online và trực tiếp Ship tận nơi","Quận 8, Tp Hồ Chí Minh",Mới,Xe đạp điện,Trung Quốc,,,12900000,New,Hồ Chí Minh,,
89,https://xe.chotot.com/mua-ban-xe-dap/133114251.htm,2026-06-22 07:53:05,xe_dap_dien,Xe đạp điện Pega Cap A Trắng,7800000,Nguyễn bảo thanh thảo,"🥰Xe đẹp cần bán ➡️Cap as Pega trắng ➡️Xe con đẹp 🍒Mọi thứ hđ bthuong . Xe êm lướt nhẹ Bình mới thay . Khóa. Rờ mót, khóa jin còn đủ","Quận Bình Tân, Tp Hồ Chí Minh",Đã sử dụng,Xe đạp điện,,,,7800000,Used,Hồ Chí Minh,,
90,https://xe.chotot.com/mua-ban-xe-dap/133113708.htm,2026-06-22 07:01:01,xe_dap_dien,XE ĐẠP ĐIỆN TAILG MOKA JS32,11500000,Minh Tài,XE ĐẠP ĐIỆN TAILG MOKA JS32 4 bình lớn Xe chính hãng mới 100% Bảo hành 12 tháng Rẻ hơn hãng 2.150.000đ,"Quận 12, Tp Hồ Chí Minh",Mới,Xe đạp điện,Việt Nam,,,11500000,New,Hồ Chí Minh,,
91,https://xe.chotot.com/mua-ban-xe-dap/133046613.htm,2026-06-22 06:42:18,xe_dap_dien,XE ĐẠP ĐIỆN TRẢ THẲNG MESDAMEC LƯỚT 90% CÒN SỔ BH,2900000,THUCŨĐỔIMỚIXEĐIỆN,XE ĐẠP ĐIỆN TRẢ THẲNG MESDAMEC LƯỚT 90% CÒN SỔ BH BÌNH SẠC ĐẦY ĐỦ BẢO HÀNH DÀI HẠN ZALO-GỌI TRỰC TIẾP *** XE ĐẸP NHƯ HÌNH,"Quận Bình Tân, Tp Hồ Chí Minh",Đã sử dụng,Xe đạp điện,Khác,,,2900000,Used,Hồ Chí Minh,,
92,https://xe.chotot.com/mua-ban-xe-dap/132883186.htm,2026-06-22 06:11:02,xe_dap_dien,XE MỚI HÃNG PEGA GIÁ KHUYẾN MÃI,12900000,Minh,XE MỚI HÀNG CÔNG TY PEGA WINGS XỊN XO CHẤT LƯỢNG. MỌI CHỨC NĂNG ĐÂY ĐU. ĐA BAO GỒM BÌNH ĐIÊN. LH 539/15 HƯƠNG LÔ 3.PHƯỜNG BÌNH HƯNG HOA QUÂN BÌNH TÂN,"Quận Bình Tân, Tp Hồ Chí Minh",Mới,Xe đạp điện,Việt Nam,,,12900000,New,Hồ Chí Minh,,
93,https://xe.chotot.com/mua-ban-xe-dap/133112892.htm,2026-06-21 23:18:43,xe_dap_dien,Xe đạp điện Yadea Đen đã sử dụng 95%,4000000,Ngoc Ngoc,xe đạp điện còn mới 95% mua về chỉ mới chạy dc 2 - 3 lần cần pass lại 4tr có thương lượng,"Quận Tân Phú, Tp Hồ Chí Minh",Đã sử dụng,Xe đạp điện,,,,4000000,Used,Hồ Chí Minh,,
94,https://xe.chotot.com/mua-ban-xe-dap/133111762.htm,2026-06-21 21:19:33,xe_dap_dien,Xe đạp điện màu Đỏ Đen còn tốt,3500000,sally,bán xe đạp điện còn tốt đi lại hằng ngày bình xe ok k hư hỏng bánh xe đã được thay mới giá 3500000 có fix,"Thành phố Bà Rịa, Bà Rịa - Vũng Tàu",Đã sử dụng,Xe đạp điện,Nhật Bản,,,3500000,Used,Vũng Tàu,,
95,https://xe.chotot.com/mua-ban-xe-dap/132607667.htm,2026-06-21 21:03:42,xe_dap_dien,Xe đạp điện M133 Đen MỚI 100% TRẢ THẲNG KO GÓP,5900000,MUAXEĐIỆNGIÁCAO ,"===>TẶNG (REMOTE CHỐNG TRỘM 3 trong 1 ĐIỀU KHIỂN XE THÔNG MINH,SẠC ĐA NĂNG 2 CHẾ ĐỘ VỪA ĐI VỪA SẠC )))TRỊ GIÁ 4000K ===>XE MỚI 100% BẢO HÀNH TẬN NHÀ 1 NĂM ==>MÀN HÌNH LED HIỂN THỊ NHIỆT ĐỘ,VẬN TỐC ====>SẠC NHANH TRONG VÒNG 2 tiếng))!! ====> XE SỬ DỤNG IC ĐÚC CHẤT LƯỢNG CAO! GIAO HÀNG TOÀN QUỐC CÁC TỈNH LÂN CẬN!! KÍNH MỜI ANH CHỊ ĐẾN Cơ sở 1: Cơ sở 2 : Nguyễn thị tú(COMING SOOON)))","Quận Bình Tân, Tp Hồ Chí Minh",Mới,Xe đạp điện,Khác,,,5900000,New,Hồ Chí Minh,,
96,https://xe.chotot.com/mua-ban-xe-dap/133111230.htm,2026-06-21 20:29:28,xe_dap_dien,Xe đạp điện AIR BIKE M133 Đen mới,9600000,My,Xe đạp điện AIR BIKE M133 mới 👉Bảo hành 1 năm 👉Giao xe tận nơi 👉Tặng giỏ xe,"Quận 12, Tp Hồ Chí Minh",Mới,Xe đạp điện,Việt Nam,,,9600000,New,Hồ Chí Minh,,
97,https://xe.chotot.com/mua-ban-xe-dap/133111190.htm,2026-06-21 20:26:18,xe_dap_dien,Xe đạp điện AZI màu Đỏ,2500000,Thành Lê Trần,"Ra trường cần bán xe điện Bình mới mua bán xe đạp điện với giá 2tr5,ib giá cả thương lượng","Quận Bình Tân, Tp Hồ Chí Minh",Đã sử dụng,Xe đạp điện,,,,2500000,Used,Hồ Chí Minh,,
98,https://xe.chotot.com/mua-ban-xe-dap/133111008.htm,2026-06-21 20:11:20,xe_dap_dien,XE ĐẠP ĐIỆN TAILG GX30-XBULL,12000000,Minh Tài,Xe đạp điện TAILG GX30 PLUS Xe chạy 4 bình lớn Có cốp xe Xe mới 100% Rẻ hơn hãng TAILG 1.450.000,"Quận 12, Tp Hồ Chí Minh",Mới,Xe đạp điện,Việt Nam,,,12000000,New,Hồ Chí Minh,,
99,https://xe.chotot.com/mua-ban-xe-dap/133110958.htm,2026-06-21 20:07:29,xe_dap_dien,Xe đạp điện Q50 Hồng và Đen,9900000,My,xe đạp điện Q50 HỒNG và ĐEN ✅Phanh trước phanh đĩa dầu ✅Cốp xe rộng rãi ✅Bên mình ship xe tận nơi. sdt: *** và ***,"Quận 12, Tp Hồ Chí Minh",Mới,Xe đạp điện,Khác,,,9900000,New,Hồ Chí Minh,,
100,https://xe.chotot.com/mua-ban-xe-dap/133110803.htm,2026-06-21 19:55:38,xe_dap_dien,Xe đạp điện BMX Bạc,4000000,Thai Ta,Cần bán xe đạp điện BMX màu bạc xe đang sử dụng tốt kiểu dáng thể thao phù hợp cho bé trai và bé gái khung xe chắc chắn bền bỉ di chuyển nhẹ nhàng êm ái. nay nhà không sử dụng nữa nên cần bán lại giá 4 triệu còn thương lượng cho người thiện chí liên hệ số điện thoại người bán ***,"Thành phố Bến Tre, Bến Tre",Đã sử dụng,Xe đạp điện,,,,4000000,Used,Bến Tre,,
101,https://xe.chotot.com/mua-ban-xe-dap/129339590.htm,2026-06-21 19:07:19,xe_dap_dien,Xe đạp điện,1560000,Huy Đồng,Trả góp bao nợ xấu Thủ tục nhanh chóng Ko giữ CMND/CCCD Bảo mật thông tin khách hàng Hỗ trợ 0 trả trước Bảo hành chính hãng 2 năm Không chi phú phát sinh,"Thành phố Biên Hòa, Đồng Nai",Mới,Xe đạp điện,Đài Loan,,,1560000,New,Đồng Nai,,
102,https://xe.chotot.com/mua-ban-xe-dap/132537193.htm,2026-06-21 18:57:41,xe_dap_dien,Xe đạp điện assama,2300000,đ h,Nhà cần thanh lý xe đạp điện xe còn tốt bình 25km một lần sạc mạnh khỏe mọi chức năng hoạt động Ok giá 2triệu,"Quận Gò Vấp, Tp Hồ Chí Minh",Đã sử dụng,Xe đạp điện,Nhật Bản,,,2300000,Used,Hồ Chí Minh,,
103,https://xe.chotot.com/mua-ban-xe-dap/133109483.htm,2026-06-21 18:05:08,xe_dap_dien,Xe đạp điện 48V15Ah Đen Đã sử dụng,3200000,Phạm đình Tuấn,"Xe điện màu đen, kiểu dáng hiện đại, vận hành êm ái. - Thiết kế trẻ trung, phù hợp di chuyển trong thành phố. - Tiết kiệm năng lượng, thân thiện với môi trường. - Xe mới, ít sử dụng. nhỏ gọn trẻ em người già đều sử dụng được dung lượng acquy 48v15ah quảng đường di chuyển 25 km/1 lần","Quận Tân Phú, Tp Hồ Chí Minh",Đã sử dụng,Xe đạp điện,,,,3200000,Used,Hồ Chí Minh,,
105,https://xe.chotot.com/mua-ban-xe-dap/133094032.htm,2026-06-21 16:13:24,xe_dap_dien,Xe đạp điện Otheli Cam 40km/sạc,4200000,Hải Thịnh ,xe đang đi bình thường xe con đi học chuyển cấp mua xe mới . xe chạy pin xạc đầy đi 2 bạn đi được hơn 40km cho mỗi lần xạc . xe như hình chức năng hoạt động tốt thắng đèn xạc đủ. xem xe Thủ Đức HCM,"Thành phố Thủ Đức, Tp Hồ Chí Minh",Đã sử dụng,Xe đạp điện,,,,4200000,Used,Hồ Chí Minh,,
106,https://xe.chotot.com/mua-ban-xe-dap/133106937.htm,2026-06-21 15:47:13,xe_dap_dien,xe điện mới 10.2,10200000,Nguyễn đình anh tú,Xe điện mới 100% 4 bình Giá ra đi 10.2tr,"Quận Bình Tân, Tp Hồ Chí Minh",Mới,Xe đạp điện,Việt Nam,,,10200000,New,Hồ Chí Minh,,
107,https://xe.chotot.com/mua-ban-xe-dap/131182939.htm,2026-06-21 14:11:58,xe_dap_dien,HINALAA PIPSA 133 MỚI 100% TRẢ THẲNG,4900000,XE ĐIỆN GIÁ KHO,"===>TẶNG (REMOTE CHỐNG TRỘM 3 trong 1 ĐIỀU KHIỂN XE THÔNG MINH,SẠC ĐA NĂNG 2 CHẾ ĐỘ VỪA ĐI VỪA SẠC )))TRỊ GIÁ 4000K ===>XE MỚI 100% BẢO HÀNH TẬN NHÀ 1 NĂM ==>MÀN HÌNH LED HIỂN THỊ NHIỆT ĐỘ,VẬN TỐC ====>SẠC NHANH TRONG VÒNG 2 tiếng))!! ====> XE SỬ DỤNG IC ĐÚC CHẤT LƯỢNG CAO! GIAO HÀNG TOÀN QUỐC CÁC TỈNH LÂN CẬN!! KÍNH MỜI ANH CHỊ ĐẾN Cơ sở 1: Cơ sở 2 : Nguyễn thị tú(COMING SOOON)))","Thành phố Thủ Đức, Tp Hồ Chí Minh",Đã sử dụng,Xe đạp điện,Nhật Bản,,,4900000,Used,Hồ Chí Minh,,
108,https://xe.chotot.com/mua-ban-xe-dap/132299465.htm,2026-06-21 14:07:50,xe_dap_dien,Xe đạp điện yamaha 4 bình,2800000,đ h,Cần thanh lý xe đạp điện xe còn đẹp le keng mình khỏe 25 tới 30 km 1 lần sạc mọi chức năng hoạt động bình thường anh chị em cần tới điện thoại trực tiếp cho mình cảm ơn,"Quận Gò Vấp, Tp Hồ Chí Minh",Đã sử dụng,Xe đạp điện,,,,2800000,Used,Hồ Chí Minh,,
109,https://xe.chotot.com/mua-ban-xe-dap/133103431.htm,2026-06-21 12:54:24,xe_dap_dien,Xe đạp điện Dreaform Dreaform Type 3 Pro Cam,14500000,Minh Quang,"⚡ HOT 2026 – Dreaform Type 3 Pro đã về hàng! 💥 Giá chỉ từ 14.500.000 💥 5 Bình 20A 💥 FULL PHỤ KIỆN cực đẹp 💥 Hỗ trợ giao tận nơi 🔥 Xe dành cho: ✔ Học sinh – sinh viên ✔ Người đi làm nội thành ✔ Anh em thích form chiến nhưng tiết kiệm chi phí Thông số nổi bật: ✅ Tốc độ tối đa tới 45–60km/h ✅ Quãng đường 60-70km /sạc ✅ Tải trọng tới 180kg ✅ Phanh đĩa trước ✅ Bánh lớn 300-10 cực đầm xe 📍 Mua trực tiếp tại: * 4/18 Lã Xuân Oai, TP.HCM * 10 Đường 6, Lò Lu, TP.HCM ☎ Hotline chốt nhanh: *** – *** 🔥 Số lượng có hạn – inbox để giữ xe màu đẹp trước! #XeDienDep #XeDienGiaTot #XeDien2026 #Dreaform #MinhTyPro #XeDapDien #XeDienFullPK@","Thành phố Thủ Đức, Tp Hồ Chí Minh",Mới,Xe đạp điện,Trung Quốc,,,14500000,New,Hồ Chí Minh,,
110,https://xe.chotot.com/mua-ban-xe-dap/133101658.htm,2026-06-21 11:20:37,xe_dap_dien,"Xe đạp điện HKbike Đen, Đỏ 25km",3200000,Hiếu Trung,xe đạp điện cho hs xe chạy ok bình chạy đc 25km kh nhu cầu sử dụng,"Quận 6, Tp Hồ Chí Minh",Đã sử dụng,Xe đạp điện,Trung Quốc,,,3200000,Used,Hồ Chí Minh,,
111,https://xe.chotot.com/mua-ban-xe-dap/132857625.htm,2026-06-21 11:00:57,xe_dap_dien,Xe đạp điện ASAMA màu Bạc,2800000,Thành,Bán xe đạp điện ASAMA INOX 4 binhf 48 v xe còn chạy mạnh ok sạc 1 lần chạy 30-35 km mọi chức năng đang hoạt động tốt xe còn zin động cơ IC chưa qua sửa chữa ace cần alo nha,"Quận Tân Phú, Tp Hồ Chí Minh",Đã sử dụng,Xe đạp điện,Đài Loan,,,2800000,Used,Hồ Chí Minh,,
112,https://xe.chotot.com/mua-ban-xe-dap/133100787.htm,2026-06-21 10:43:45,xe_dap_dien,Xe đạp điện Honda Đen mới thay pin,4000000,Trần Tiến ,"Do bé nhà mình đã học xong lớp 12 nên cần thanh lý lại xe đạp điện như hình, mới thay bình acqui 3 tháng, xe tổng thể còn rất tốt, phù hợp cho các bé học sinh từ lớp 6 đến lớp 12. Ai có nhu cầu vui lòng liên hệ nhé. Cảm ơn chợ tốt duyệt tin!","Quận Gò Vấp, Tp Hồ Chí Minh",Đã sử dụng,Xe đạp điện,Việt Nam,,,4000000,Used,Hồ Chí Minh,,
113,https://xe.chotot.com/mua-ban-xe-dap/133100701.htm,2026-06-21 10:41:23,xe_dap_dien,cần bán xe đạp điện,3000000,Lê Tân,Cần bán xe đạp điện maảttin còn hoạt động tốt.mới thay bình mới .giá 3 triệu,"Quận Tân Phú, Tp Hồ Chí Minh",Đã sử dụng,Xe đạp điện,,,,3000000,Used,Hồ Chí Minh,,
114,https://xe.chotot.com/mua-ban-xe-dap/133100602.htm,2026-06-21 10:35:18,xe_dap_dien,Xe đạp điện Pa.na.sonic vặn ga,3000000,Ngô Tú,"Bán xe đạp điện vặn ga Panasonic Mới thay 2acquy Không có nhu cầu sử dụng, để hoài phí quá bán cho ai cần đi chợ, đi học....","Huyện Củ Chi, Tp Hồ Chí Minh",Đã sử dụng,Xe đạp điện,Nhật Bản,,,3000000,Used,Hồ Chí Minh,,
115,https://xe.chotot.com/mua-ban-xe-dap/131636938.htm,2026-06-21 10:30:55,xe_dap_dien,Bán xe đạp điện trơ lực fiido chính hãng bánh20 in,13500000,Thành,"Bán xe đạp điện trợ lực fiido chính hãng màu trăng bánh 20 in khung sườn nhôm gấp gộn pin 36 vôn sạc 1 lần vẹn ga chạy30-35 km đạp trợ lực 55-60 km mọi chức năng hoạt động tốtcos kèn, đèn trước sau có màng hình chỉnh tốc độ báo pin và lưu odo xe zin đẹp ken cam kết động cơ ic chưa qua sửa chữa ace cần alo nha","Quận Tân Phú, Tp Hồ Chí Minh",Đã sử dụng,Xe đạp điện,Đài Loan,,,13500000,Used,Hồ Chí Minh,,
116,https://xe.chotot.com/mua-ban-xe-dap/133100453.htm,2026-06-21 10:29:24,xe_dap_dien,"Xe đạp điện Yadea màu nhiều, 90km",6500000,Minhchau,"Xe còn mới tinh vì đi xe kĩ,đi khoảng 90km,xe có đầy đủ phụ kiện,bình,...Xe có thiết kế nhỏ gọn phù hợp cho những ngôi nhà nhỏ,ko chiếm diện tích nhiều,có thể đi chợ,đi chơi,đi học cho các bạn hs,có điều chỉnh tốc độ rất an toàn,màu sắc như hình","Huyện Hóc Môn, Tp Hồ Chí Minh",Đã sử dụng,Xe đạp điện,Trung Quốc,,,6500000,Used,Hồ Chí Minh,,
117,https://xe.chotot.com/mua-ban-xe-dap/133099977.htm,2026-06-21 10:11:34,xe_dap_dien,Xe đạp điện màu Đen đã sử dụng,3900000,XE ĐIỆN HUY BẢO ,BÁN xe đạp điện cũ : 133m Giá: 3tr900 bình khoẻ 25/1lần sạc xe ở Cầu Vượt Sóng Thần quốc lộ 1A ☎️LH: *** Nhận trao đổi xe điện cũ 👍,"Thành phố Dĩ An, Bình Dương",Đã sử dụng,Xe đạp điện,,,,3900000,Used,Bình Dương,,
118,https://xe.chotot.com/mua-ban-xe-dap/132966107.htm,2026-06-21 10:01:29,xe_dap_dien,Xe đạp điện Asama 48V Xanh Bạc,2900000,Thu Hồng,Xe đạp điện asama chính hãng. Xe chạy bi 48v . Xe chạy nhẹ . Bin khoẻ . Có bảo hành 3 tháng,"Quận 12, Tp Hồ Chí Minh",Đã sử dụng,Xe đạp điện,,,,2900000,Used,Hồ Chí Minh,,
119,https://xe.chotot.com/mua-ban-xe-dap/131636091.htm,2026-06-21 10:00:54,xe_dap_dien,Bán xe đạp điện trợ lực chính hãng màu xám 16 in,11200000,Thành,"Bán xe đạp điện trợ lực NAhXUS chính hàng màu xám bánh 16 in tất cả mọi chức năng hoạt động còn tốt sạc 1 lần vẹn ga chạy 30-35 km đạp trợ lực 55-60 km xe trang bị nhuốn trước và sau xếp gọn thân và cổ khung sườn nhôm kèn , đèn trước và sau màng hình báo pin báo tốc độ lưu odo cam kết xe chính hãng zin hết động cơ ic chưa qua sửa chữa … ace cần alo nha","Quận Tân Phú, Tp Hồ Chí Minh",Đã sử dụng,Xe đạp điện,Đài Loan,,,11200000,Used,Hồ Chí Minh,,
120,https://xe.chotot.com/mua-ban-xe-dap/126843785.htm,2026-06-21 09:50:07,xe_dap_dien,"Xe đạp điện 4 bình, bảo hành 3 tháng",3500000,xe đạp điện   xe điện,"Bán xe đạp điện, bình điện đi quãng đường 30km Bảo hành 3 tháng Giao xe tận nơi","Quận Gò Vấp, Tp Hồ Chí Minh",Đã sử dụng,Xe đạp điện,,,,3500000,Used,Hồ Chí Minh,,
121,https://xe.chotot.com/mua-ban-xe-dap/133098921.htm,2026-06-21 09:25:57,xe_dap_dien,Xe đạp điện Martin Xanh dương có giỏ xe,2600000,  An như,"Xe đạp điện Martin màu xanh dương, kiểu dáng thời trang, phù hợp di chuyển trong thành phố. - Khung xe chắc chắn, vận hành êm ái. - Pin bền, sạc nhanh. - Trang bị giỏ xe tiện lợi.","Thành phố Biên Hòa, Đồng Nai",Đã sử dụng,Xe đạp điện,Nhật Bản,,,2600000,Used,Đồng Nai,,
122,https://xe.chotot.com/mua-ban-xe-dap/133098731.htm,2026-06-21 09:17:21,xe_dap_dien,"Xe đạp điện Yadea A3 Đỏ, Đen 20km/lần sạc",3200000,Nguyễn Phước Lợi,"Em bán xe cáp A3 như hình, xe chạy hơn 20km/ lần sạc, bình cầm lâu. cần mua alo em, không tin nhắn ạ","Quận Bình Tân, Tp Hồ Chí Minh",Đã sử dụng,Xe đạp điện,,,,3200000,Used,Hồ Chí Minh,,
123,https://xe.chotot.com/mua-ban-xe-dap/133098247.htm,2026-06-21 08:46:32,xe_dap_dien,Xe đạp điện Kaishi màu Đen,4200000,pham thi linh,Xe đang sử dung ko dùng đến mới mua chua được 2 năm,"Quận Hoàng Mai, Hà Nội",Đã sử dụng,Xe đạp điện,,,,4200000,Used,Hà Nội,,
124,https://xe.chotot.com/mua-ban-xe-dap/133090439.htm,2026-06-21 08:27:31,xe_dap_dien,Xe đạp điện Yadea k1 đã sử dụng,7500000,Ly ly,Cần thanh lý nhanh xe điện k1 còn mới Binh khỏe Xem xe trực tiếp q7 tphcm ạ ***,"Huyện Nhà Bè, Tp Hồ Chí Minh",Đã sử dụng,Xe đạp điện,,,,7500000,Used,Hồ Chí Minh,,
125,https://xe.chotot.com/mua-ban-xe-dap/132917158.htm,2026-06-21 08:05:23,xe_dap_dien,Xe đạp điện màu Đen,2900000,Vũ thị hoa,"Xe đạp điện màu đen, thiết kế phù hợp cho cả nam và nữ. - Di chuyển tiện lợi trong thành phố. - Tiết kiệm chi phí xăng xe. - Dễ dàng sử dụng.","Huyện Bình Chánh, Tp Hồ Chí Minh",Đã sử dụng,Xe đạp điện,,,,2900000,Used,Hồ Chí Minh,,
126,https://xe.chotot.com/mua-ban-xe-dap/133097412.htm,2026-06-21 07:41:05,xe_dap_dien,Xe đạp điện Yadea i8 Hồng Còn mới,5000000,phuc loc,dư cần bán Xe đạp điện i8 còn mới keng ạ Xe zin chưa sửa gì chức năng đầy đủ về chỉ sử dụng,"Thị xã Phú Mỹ, Bà Rịa - Vũng Tàu",Mới,Xe đạp điện,Trung Quốc,,,5000000,New,Vũng Tàu,,
127,https://xe.chotot.com/mua-ban-xe-dap/133051322.htm,2026-06-21 07:40:49,xe_dap_dien,XE MỚI ĐÃ ĐU BÌNH ĐIÊN GIÁ THẤP. CÂN BAN,10500000,Minh,V1 MỚI HÀNG CÔNG TY CHẤT LƯỢNG TỐT. MOI CHỨC NĂNG ĐÂY ĐU. ĐA BAO GỒM BÌNH ĐIÊN. LH 539/15 HƯƠNG LÔ 3.PHƯỜNG BÌNH HƯNG HOA QUÂN BÌNH TÂN,"Quận Bình Tân, Tp Hồ Chí Minh",Mới,Xe đạp điện,Việt Nam,,,10500000,New,Hồ Chí Minh,,
128,https://xe.chotot.com/mua-ban-xe-dap/133097124.htm,2026-06-21 07:11:17,xe_dap_dien,Xe đạp điện OSAKAR Đen 900km,5000000,nuynhu10,xe điện osaka òdo 900km bình thay chưa dc 1 năm giá mua mới 13tr bán lại 5tr,"Quận 6, Tp Hồ Chí Minh",Đã sử dụng,Xe đạp điện,,,,5000000,Used,Hồ Chí Minh,,
129,https://xe.chotot.com/mua-ban-xe-dap/133097107.htm,2026-06-21 07:09:43,xe_dap_dien,Xe đạp điện V1 Hồng,12500000,Kaily,"Xe đạp điện V1 mới tinh, sạc được 1 lần nhưng đổi ý ko thích nữa. Xe bảo hành động cơ 2 năm, ắc quy 1 năm, phụ tùng hỗ trợ giá gốc trọn đời( hoá đơn còn nguyên)","Quận Nam Từ Liêm, Hà Nội",Đã sử dụng,Xe đạp điện,,,,12500000,Used,Hà Nội,,
130,https://xe.chotot.com/mua-ban-xe-dap/133097082.htm,2026-06-21 07:07:15,xe_dap_dien,Bán xe đạp điện như hình,8000000,nghiêm phương hương,Xe k1 mầu vàng đồng còn bảo hành liên hệ ***,"Quận Ba Đình, Hà Nội",Đã sử dụng,Xe đạp điện,,,,8000000,Used,Hà Nội,,
131,https://xe.chotot.com/mua-ban-xe-dap/133097066.htm,2026-06-21 07:05:47,xe_dap_dien,Xe đạp điện Action đi ÊM chạy MẠNH GIÁ RẺ,3500000,Minh Anh,"THANH LÝ XE ĐẠP ĐIỆN 16INCH ACTION AC 10_300. XE ĐI RẤT ÊM CỰC KÌ MẠNH, GIÁ 3500K. BÌNH SẠC ĐẦY ĐỦ, MỌI CHỨC NĂNG ĐÈN CÒI XI NHAN, KM HOẠT ĐỘNG BÌNH THƯỜNG. DT ZALO *** TAM HIỆP BIÊN HÒA ĐỒNG NAI","Thành phố Biên Hòa, Đồng Nai",Đã sử dụng,Xe đạp điện,,,,3500000,Used,Đồng Nai,,
132,https://xe.chotot.com/mua-ban-xe-dap/130862210.htm,2026-06-20 23:01:21,xe_dap_dien,XE ĐẠP ĐIỆN 2026 MỚI TRẢ THẲNG,1000000,THUCŨĐỔIMỚIXEĐIỆN,"===>TẶNG (REMOTE CHỐNG TRỘM 3 trong 1 ĐIỀU KHIỂN XE THÔNG MINH,SẠC ĐA NĂNG 2 CHẾ ĐỘ VỪA ĐI VỪA SẠC )))TRỊ GIÁ 4000K ===>XE MỚI 100% BẢO HÀNH TẬN NHÀ 1 NĂM ==>MÀN HÌNH LED HIỂN THỊ NHIỆT ĐỘ,VẬN TỐC ====>SẠC NHANH TRONG VÒNG 2 tiếng))!! ====> XE SỬ DỤNG IC ĐÚC CHẤT LƯỢNG CAO! GIAO HÀNG TOÀN QUỐC CÁC TỈNH LÂN CẬN!! KÍNH MỜI ANH CHỊ ĐẾN Cơ sở 1: Cơ sở 2 : Nguyễn thị tú(COMING SOOON)))","Quận 12, Tp Hồ Chí Minh",Mới,Xe đạp điện,Nhật Bản,,,1000000,New,Hồ Chí Minh,,
133,https://xe.chotot.com/mua-ban-xe-dap/133095808.htm,2026-06-20 22:38:36,xe_dap_dien,Xe đạp điện Honda Dream Trắng,5000000,Nghĩa,bé nhà lớn ko có nhu cầu sử dụng cần bấn cho ai cần sử dụng cho bé đi học là *** . xe đẹp trên 85/100. xe hãng honda chính hãng,"Huyện Bình Chánh, Tp Hồ Chí Minh",Đã sử dụng,Xe đạp điện,,,,5000000,Used,Hồ Chí Minh,,
134,https://xe.chotot.com/mua-ban-xe-dap/133093784.htm,2026-06-20 19:46:19,xe_dap_dien,Xe điện Pega màu đen ( giá cả còn thương lượng),6800000,Nguyen Duy,"Xe đạp điện Pega màu đen ( giá cả còn thương lượng) - Khung xe chắc chắn, vận hành êm ái. - Tiết kiệm năng lượng, thân thiện với môi trường. - Xe còn mới, ít sử dụng.","Huyện Hòa Vang, Đà Nẵng",Đã sử dụng,Xe đạp điện,,,,6800000,Used,Đà Nẵng,,
135,https://xe.chotot.com/mua-ban-xe-dap/133093749.htm,2026-06-20 19:43:46,xe_dap_dien,Xe đạp điện Pega Xanh đen đã sử dụng,8400000,Tên chưa cung cấp,"xe Pega mới mua còn bảo hành ,xe còn khá mới.Mọi chức năng ok","Huyện Củ Chi, Tp Hồ Chí Minh",Đã sử dụng,Xe đạp điện,,,,8400000,Used,Hồ Chí Minh,,
136,https://xe.chotot.com/mua-ban-xe-dap/133093724.htm,2026-06-20 19:42:31,xe_dap_dien,Xe đạp điện Yadea i8,9000000,Trần Thị Minh Khuê,"Có kèm theo bàn đạp, bộ sạc Chỉ nhận giao dịch trực tiếp","Thành phố Quảng Ngãi, Quảng Ngãi",Đã sử dụng,Xe đạp điện,Trung Quốc,,,9000000,Used,Quảng Ngãi,,
137,https://xe.chotot.com/mua-ban-xe-dap/130767868.htm,2026-06-20 18:10:07,xe_dap_dien,Xe đạp Asuka 133M Đen,1330000,Huy Đồng,Trả góp bao nợ xấu Thủ tục nhanh chóng Ko giữ CMND/CCCD Bảo mật thông tin khách hàng Hỗ trợ 0 trả trước Bảo hành chính hãng 2 năm Không chi phú phát sinh,"Thành phố Thủ Đức, Tp Hồ Chí Minh",Mới,Xe đạp điện,Nhật Bản,,,1330000,New,Hồ Chí Minh,,
138,https://xe.chotot.com/mua-ban-xe-dap/132875630.htm,2026-06-20 16:43:58,xe_dap_dien,XE MỚI HÀNG CÔNG TY HT. ĐÃ BAO GỒM BÌNH ĐIÊN,11800000,Minh,V1 MỚI HÀNG CÔNG TY HT CHẤT LƯỢNG TỐT. MOI CHỨC NĂNG ĐÂY ĐU. ĐA BAO GỒM BÌNH ĐIÊN. LH 539/15 HƯƠNG LÔ 3.PHƯỜNG BÌNH HƯNG HOA QUÂN BÌNH TÂN,"Quận Bình Tân, Tp Hồ Chí Minh",Mới,Xe đạp điện,Việt Nam,,,11800000,New,Hồ Chí Minh,,
139,https://xe.chotot.com/mua-ban-xe-dap/133006994.htm,2026-06-20 15:40:37,xe_dap_dien,Xe đạp điện SEN Đen 4 bình Bánh mâm,3500000,Hữu Nghĩa,"Mình cần bán một chiếc xe đạp điện hiệu SEN. Kiểu dáng xe loại 4 bình, màu đen, loại bánh mâm, không quá cao nên phù hợp cho mọi người mọi lứa tuổi, nhất là học sinh sinh viên hay phụ nữ nội trợ. Bề ngoài xe hiện tại còn mới, đang dùng đi học mỗi ngày gần 40km. Giá bán xe chỉ 3 500 000 vnd. Ai có nhu cầu mua xe xin liên hệ mình. Cám ơn","Quận 11, Tp Hồ Chí Minh",Đã sử dụng,Xe đạp điện,,,,3500000,Used,Hồ Chí Minh,,
140,https://xe.chotot.com/mua-ban-xe-dap/133088319.htm,2026-06-20 15:06:30,xe_dap_dien,Xe đạp điện Moka i8 Xám,3700000,Tiến Thật Thà,Cần bán xe moka i8 xe còn ken bình mới thay còn bh 12 tháng Hoặc giao lưu 133,"Huyện Củ Chi, Tp Hồ Chí Minh",Đã sử dụng,Xe đạp điện,,,,3700000,Used,Hồ Chí Minh,,
141,https://xe.chotot.com/mua-ban-xe-dap/133087198.htm,2026-06-20 14:16:30,xe_dap_dien,Xe đạp điện E6 Xám 60-70km/h,6900000,HOÀNG TỬ CẢI THÌA,"mới mua 6 tháng,ít đi, vận tốc 60-70km/1h sạc đầy đi được 40km, để rẻ lại cho ai muốn mua đi làm hay đi hoc, xe rất mạnh, kéo ga tăng tốc nhanh,ưu tiên ai nhanh gọn lẹ, em giảm mạnh cho","Thị xã Bến Cát, Bình Dương",Đã sử dụng,Xe đạp điện,Việt Nam,,,6900000,Used,Bình Dương,,
142,https://xe.chotot.com/mua-ban-xe-dap/132857491.htm,2026-06-20 14:14:39,xe_dap_dien,XE PEGA WINGS MỚI ĐÃ ĐU BÌNH ĐIÊN,12900000,Minh,XE MỚI HÃNG PEGA WINGS CHẤT LƯỢNG TỐT. MOI CHỨC NĂNG ĐÂY ĐU. ĐA BAO GỒM BÌNH ĐIÊN. LH 539/15 HƯƠNG LÔ 3.PHƯỜNG BÌNH HƯNG HOA QUÂN BÌNH TÂN,"Quận Bình Tân, Tp Hồ Chí Minh",Mới,Xe đạp điện,Việt Nam,,,12900000,New,Hồ Chí Minh,,
143,https://xe.chotot.com/mua-ban-xe-dap/132943503.htm,2026-06-20 14:14:18,xe_dap_dien,Xe đạp điện yamaha 25-30 km/sạc,2900000,Su Su,nhà cần thanh lý xe đạp điện xe yamaha chính hãng mọi chức năng hoạt động tốt xe còn đẹp leng keng Bình khỏe 25 đến 30 km 1 lần sạc￼,"Quận Gò Vấp, Tp Hồ Chí Minh",Đã sử dụng,Xe đạp điện,,,,2900000,Used,Hồ Chí Minh,,
144,https://xe.chotot.com/mua-ban-xe-dap/132153752.htm,2026-06-20 13:41:03,xe_dap_dien,Xe đạp điện DRACA S20 Đỏ,3200000,nguyễn Loan,"Xe đạp điện DRACA S20 màu đỏ, thiết kế trẻ trung, năng động. - Động cơ mạnh mẽ, vận hành êm ái. - Quãng đường di chuyển xa, tiện lợi cho việc đi lại hàng ngày.","Quận Bình Thạnh, Tp Hồ Chí Minh",Đã sử dụng,Xe đạp điện,Đài Loan,,,3200000,Used,Hồ Chí Minh,,
145,https://xe.chotot.com/mua-ban-xe-dap/132572935.htm,2026-06-20 13:25:29,xe_dap_dien,Xe điện Pega Cap A Đen,6500000,Phương Phương,"e cần bán xe đạp điện cap as, xe còn tốt ạ, XEM XE Ở TÂN BÌNH HCM","Quận Tân Bình, Tp Hồ Chí Minh",Đã sử dụng,Xe đạp điện,,,,6500000,Used,Hồ Chí Minh,,
146,https://xe.chotot.com/mua-ban-xe-dap/133086054.htm,2026-06-20 13:22:31,xe_dap_dien,Xe đạp điện Yadea màu Đen còn mới,3200000,Hoàng Anh,"Xe đạp điện màu đen, mua hơn tháng, còn mới. - Bao gồm 1 pin, bộ sạc. - Giá 3 triệu 200 nghìn. - Địa chỉ: Buôn Ma Thuột, Đắk Lắk.","Quận Bình Thạnh, Tp Hồ Chí Minh",Mới,Xe đạp điện,Khác,,,3200000,New,Hồ Chí Minh,,
147,https://xe.chotot.com/mua-ban-xe-dap/133085951.htm,2026-06-20 13:18:28,xe_dap_dien,Xe đạp điện Yadea 133 Đen 30-35 km/sạc,4300000,Nguyễn Mạnh Nam,"xe đạp điện 133 như hình ắc quy còn khỏe đi được 30 đến 35 km một lần sạc, đèn , kèn, xi nhan hoạt động tốt. động cơ chạy êm ru .,ai có nhu cầu sử dụng thì liên hệ với mình. xin cảm ơn","Huyện Hóc Môn, Tp Hồ Chí Minh",Đã sử dụng,Xe đạp điện,,,,4300000,Used,Hồ Chí Minh,,
148,https://xe.chotot.com/mua-ban-xe-dap/132708550.htm,2026-06-20 12:07:45,xe_dap_dien,Xe đạp điện . xe chạy êm . 4 bình khoẻ có BH,4200000,Thu Hồng,"Xe đạp điện đen, thiết kế phù hợp cho cả nam và nữ. - Di chuyển tiện lợi trong thành phố. - Tiết kiệm chi phí xăng xe. - Dễ dàng sử dụng.","Quận 12, Tp Hồ Chí Minh",Đã sử dụng,Xe đạp điện,,,,4200000,Used,Hồ Chí Minh,,
149,https://xe.chotot.com/mua-ban-xe-dap/132309054.htm,2026-06-20 11:54:06,xe_dap_dien,Xe đạp điện Mạnh Phát 133 Đen,4500000,cầm đồ hoàng lạc,"Bán xe đạp điện 133 nhà Mạnh Phát , thương hiệu Việt Nam! lắp ráp theo đơn hàng khá tốt so với cùng phân khúc , xe đã qua sữ dụng 1chủ nhưng xe vẫn còn rất tốt , , xe đầy đủ các chức năng không thiếu gì .còn đủ cả ,giá xe đã bao gồm bình và sạc .","Quận Gò Vấp, Tp Hồ Chí Minh",Đã sử dụng,Xe đạp điện,Việt Nam,,,4500000,Used,Hồ Chí Minh,,
150,https://xe.chotot.com/mua-ban-xe-dap/132683024.htm,2026-06-20 11:24:06,xe_dap_dien,"Xe đạp điện Yadea SKY Trắng, Đỏ",9500000,cầm đồ hoàng lạc,"xe đạp điện SKY nhà yadea xe cữa hàng cho khách chạy thử , xe gắn 4 bình 30ah chính hãng yadea , bảo hành 24tháng theo chế độ xe mới nha cả nhà","Quận Gò Vấp, Tp Hồ Chí Minh",Đã sử dụng,Xe đạp điện,,,,9500000,Used,Hồ Chí Minh,,
151,https://xe.chotot.com/mua-ban-xe-dap/132306271.htm,2026-06-20 10:54:05,xe_dap_dien,Xe đạp điện Moka Bike Hồng,6500000,cầm đồ hoàng lạc,"Thanh lí xe đạp điện moka bike cao cấp , xe trang bị động cơ cực khoẻ , phụ kiện không thua gì so với xe i8 của yadea , xe lắp bình chilwee 16ah , xe vận hành chắc chắn , xe thanh lí nhưng không thiếu một chi tiết nào .anh chị mua xe xin lh em .cảm ơn ac .","Quận Gò Vấp, Tp Hồ Chí Minh",Đã sử dụng,Xe đạp điện,,,,6500000,Used,Hồ Chí Minh,,
152,https://xe.chotot.com/mua-ban-xe-dap/133082250.htm,2026-06-20 10:38:12,xe_dap_dien,Xe đạp điện HK Bike Maxxer Đỏ đã qua sử dụng,3500000,Cường,Xe điện HK Bike Zoomer Maxxer Xác xe ko bình Động cơ 1500w Mua bình về gắn là chạy,"Quận 12, Tp Hồ Chí Minh",Đã sử dụng,Xe đạp điện,,,,3500000,Used,Hồ Chí Minh,,
153,https://xe.chotot.com/mua-ban-xe-dap/132497360.htm,2026-06-20 10:24:07,xe_dap_dien,xe đạp điện yadea i6,6500000,cầm đồ hoàng lạc,Thanh lí xe đạp điện yadea i6 xe ít đi thanh lí lại cho ai cần hơn .,"Quận Gò Vấp, Tp Hồ Chí Minh",Đã sử dụng,Xe đạp điện,Việt Nam,,,6500000,Used,Hồ Chí Minh,,
154,https://xe.chotot.com/mua-ban-xe-dap/133081420.htm,2026-06-20 10:05:32,xe_dap_dien,BÁN TRẢ GÓP-XE ĐẠP ĐIỆN SONSU-BAO NỢ XẤU,1000000,Anh Tú,"Xe đạp điện Sonsu Pro màu đen, kiểu dáng thể thao, vận hành êm ái. - Khung xe chắc chắn, tải trọng tốt. - Pin bền, di chuyển quãng đường xa. - Phù hợp đi học, đi làm.","Thành phố Thủ Đức, Tp Hồ Chí Minh",Mới,Xe đạp điện,Khác,,,1000000,New,Hồ Chí Minh,,
155,https://xe.chotot.com/mua-ban-xe-dap/123058741.htm,2026-06-20 09:33:46,xe_dap_dien,"Xe đạp điện asama, có bảo hành",3200000,xe đạp điện   xe điện,"Bán xe đạp điện asama 4 bình, bình điện đi quãng đường 30km Bảo hành 3 tháng Giao xe tận nơi","Quận Gò Vấp, Tp Hồ Chí Minh",Đã sử dụng,Xe đạp điện,Trung Quốc,,,3200000,Used,Hồ Chí Minh,,
156,https://xe.chotot.com/mua-ban-xe-dap/132293050.htm,2026-06-20 09:24:04,xe_dap_dien,Xe đạp điện Yadea i8 Xanh,6500000,cầm đồ hoàng lạc,"Thanh lí xe đạp điện moka yadea i8 ,i5s, moka ttfai đủ màu cho anh chị chọn , xe trưng bày cữa hàng , xe đỗi bảo hành .còn nhiều dòng khác , giá xe đã bao gồm bình và sạc .Ac cần alo em nha .","Quận Gò Vấp, Tp Hồ Chí Minh",Đã sử dụng,Xe đạp điện,,,,6500000,Used,Hồ Chí Minh,,
157,https://xe.chotot.com/mua-ban-xe-dap/132292341.htm,2026-06-20 09:15:14,xe_dap_dien,Xe đạp điện màu Xanh dương,3500000,Minh,"Xe đạp điện màu xanh dương, phù hợp cho cả nam và nữ. - Thiết kế nhỏ gọn, dễ điều khiển. - Tiện lợi di chuyển trong thành phố. - Động cơ bền bỉ, tiết kiệm điện.25 km/ 1 l sạc. Không chat mất tg muốn mua gọi đt","Quận Bình Thạnh, Tp Hồ Chí Minh",Đã sử dụng,Xe đạp điện,,,,3500000,Used,Hồ Chí Minh,,
158,https://xe.chotot.com/mua-ban-xe-dap/125678476.htm,2026-06-20 09:14:03,xe_dap_dien,Xe đạp trợ lực 2025. Mới bảo hành 36 tháng,13000000,TỔNG KHO XE ĐIỆN SỈ VÀ LẺ TẠI HCM,"- XÃ LỖ CUỐI NĂM CHO ACE MÌNH Ạ. XE MỚI 100% - Phong cách thể thao và đa dụng: Xe thích hợp cho nhiều mục đích sử dụng như đi học, dạo phố hoặc tập thể dục. Nếu bạn yêu thích sự năng động, chiếc xe này sẽ rất phù hợp với bạn. - Trợ lực 7 cấp số và 5 chế độ chạy: Bạn có thể dễ dàng điều chỉnh mức trợ lực tùy theo nhu cầu, giúp di chuyển linh hoạt trong nhiều tình huống khác nhau. Việc có 5 chế độ chạy cũng tạo ra sự tiện lợi khi thay đổi các điều kiện đường xá. - Khung sườn nhôm nhẹ: Với khung sườn nhôm, chiếc xe vừa chắc chắn vừa nhẹ, giúp bạn di chuyển dễ dàng, đặc biệt khi cần phải nâng lên hay dắt bộ. - Pin lithium có hiệu suất cao, giúp bạn tiết kiệm thời gian sạc và duy trì hiệu suất di chuyển lâu dài. Chắc chắn sẽ là lựa chọn tiết kiệm và bền bỉ cho người sử dụng. - Giá cả hợp lý: Với mức giá chỉ 13.000.000 VNĐ, chiếc xe này có lẽ là một trong những lựa chọn cạnh tranh và hấp dẫn nhất trong phân khúc xe đạp điện trợ lực.","Quận Tân Phú, Tp Hồ Chí Minh",Mới,Xe đạp điện,,,,13000000,New,Hồ Chí Minh,,
159,https://xe.chotot.com/mua-ban-xe-dap/133079406.htm,2026-06-20 08:31:22,xe_dap_dien,cần bán xe điện 133s,3000000,sơn,cần bán xe điện 133s chạy 5 bình to sạc đầy đi dc trên 30km,"Huyện Yên Phong, Bắc Ninh",Đã sử dụng,Xe đạp điện,Trung Quốc,,,3000000,Used,Bắc Ninh,,
160,https://xe.chotot.com/mua-ban-xe-dap/133078623.htm,2026-06-20 07:22:27,xe_dap_dien,Xe đạp điện Asama Đỏ 4 bình,2950000,lê tấn đức,Cuối tuần Thanh lý nhanh gọn lẹ assama 4 Bình mới như hình chạy tốt Bao chạy 3 tháng,"Quận Bình Tân, Tp Hồ Chí Minh",Đã sử dụng,Xe đạp điện,,,,2950000,Used,Hồ Chí Minh,,
161,https://xe.chotot.com/mua-ban-xe-dap/132868484.htm,2026-06-20 07:12:33,xe_dap_dien,"Cần bán xe điện cũ Newber ✅ Binhkhỏe,",3600000,XE ĐIỆN CŨ SÓNG THẦN ,"Cần bán xe điện cũ Newber ✅giá:3tr600..bình khoẻ ,khoảng 20-25km/1 lần xạc.Xe Ngay gầm cầu vượt sóng thần📞📞","Thành phố Thủ Đức, Tp Hồ Chí Minh",Đã sử dụng,Xe đạp điện,,,,3600000,Used,Hồ Chí Minh,,
162,https://xe.chotot.com/mua-ban-xe-dap/132784791.htm,2026-06-19 20:15:29,xe_dap_dien,Xe điện Cap Pega ngoai hinh còn mới 90%,6800000,Ly ly,Cần Thanh lý xe điện Cap pega ngoại hình còn mới 90%,"Huyện Nhà Bè, Tp Hồ Chí Minh",Đã sử dụng,Xe đạp điện,,,,6800000,Used,Hồ Chí Minh,,
163,https://xe.chotot.com/mua-ban-xe-dap/133074897.htm,2026-06-19 19:23:44,xe_dap_dien,xe đạp điện 4 bình chạy khoẻ,2500000,Minh,Xe đạp điện 4 bình chạy khoẻ Xe bình theo xe đã qua ktra Xe đèn còi xi nhan đầy đủ E để công khai 2🥔5 Ace e cần 📞 Xe đậu tại p thạnh lộc q12,"Quận 12, Tp Hồ Chí Minh",Đã sử dụng,Xe đạp điện,,,,2500000,Used,Hồ Chí Minh,,
164,https://xe.chotot.com/mua-ban-xe-dap/133073642.htm,2026-06-19 17:46:43,xe_dap_dien,Xe đạp trợ lực điện RUNFUN Nhật Bản 36V,5000000,Shoptructuyen,"Bán xe đạp trợ lực điện nội địa Nhật hiệu RUNFUN đã chuyển tay ga. Xe chạy 2 pin 36v, cục hãng 17.5 Ampe, cục ráp 12 ampe. Xe chạy nhẹ, yên sau chở người cứng cáp.","Quận 10, Tp Hồ Chí Minh",Đã sử dụng,Xe đạp điện,Nhật Bản,,,5000000,Used,Hồ Chí Minh,,
165,https://xe.chotot.com/mua-ban-xe-dap/133073056.htm,2026-06-19 17:12:05,xe_dap_dien,bán Xe đạp điện Asama Nâu Unisex,2800000,Như Ngọc,Bán cái xe nhà đang chạy tốt còn muốn lấy bình mới thì lấy bình mới luôn nhà có sẵn Bình mới giá 2.8tr,"Thành phố Thủ Dầu Một, Bình Dương",Đã sử dụng,Xe đạp điện,Việt Nam,,,2800000,Used,Bình Dương,,
166,https://xe.chotot.com/mua-ban-xe-dap/133072723.htm,2026-06-19 16:55:48,xe_dap_dien,Xe đạp điện STYLE OF JAPAN màu Xanh,2100000,Huong Nguyen,"Không sử dụng nữa bán xe đạp điện, ai cần alo sdt chính ***","Thành phố Thủ Đức, Tp Hồ Chí Minh",Đã sử dụng,Xe đạp điện,Nhật Bản,,,2100000,Used,Hồ Chí Minh,,
167,https://xe.chotot.com/mua-ban-xe-dap/132556178.htm,2026-06-19 16:48:34,xe_dap_dien,Xe điện ít di còn mới ken ai mua liên hệ,9500000,anh dung,Bán xe điện ít di còn mới ken . Xe sử dung 5 binh lớn .Ai mua liên hệ,"Quận Liên Chiểu, Đà Nẵng",Mới,Xe đạp điện,Nhật Bản,,,9500000,New,Đà Nẵng,,
168,https://xe.chotot.com/mua-ban-xe-dap/133072585.htm,2026-06-19 16:48:07,xe_dap_dien,XE ĐẠP ĐIỆN TRẢ GÓP CHỈ CẦN CCCD,500000,THẢO TRẢ GÓP ĐIỆN MÁY,"🚴‍♂️ XE ĐẠP ĐIỆN TRẢ GÓP KHÔNG QUA NGÂN HÀNG 🚴‍♀️ 🔥 Chỉ cần CCCD gắn chip 🔥 Hỗ trợ trả góp đơn giản – không cần chứng minh thu nhập 🔥 Hỗ trợ khách hàng có nợ xấu 🔥 Duyệt hồ sơ nhanh, nhận xe sớm ✅ Tiết kiệm chi phí đi lại ✅ Sạc điện tiện lợi, vận hành êm ái ✅ Thiết kế hiện đại, phù hợp học sinh – sinh viên – người đi làm ✅ Nhiều mẫu mã đẹp, bảo hành chính hãng - Chiều cao yên xe:750mm - Hãng sản xuất: VIỆT NHẬT - Vận tốc tối đa:45 km/h - Loại acquy:48V - 14Ah - Chở vật nặng:180kg - Quãng đường:50 km / 1 lần sạc - Trọng lượng xe:52 kg - Màu sắc:Đỏ, Xanh, Cam, Đen - Động cơ xe:Điện 3 pha - Sạc điện:Sạc đầy tự ngắt - Thời gian sạc:8 tiếng - Vận hành:Tự động hoàn toàn - Phanh:Phanh cơ - Giảm xóc:Thụt dầu trước, Lò xo trụ giảm chấn thủy lực sau - Bánh xe:Vành thép đúc - Phụ kiện đi kèm:Sạc tự ngắt - Lốp:Không săm 💰 Trả trước thấp – góp hàng tháng nhẹ nhàng 📍 Hỗ trợ khu vực TP.HCM, Bình Dương, Long An, Tây Ninh","Thành phố Thủ Dầu Một, Bình Dương",Mới,Xe đạp điện,Nhật Bản,,,500000,New,Bình Dương,,
169,https://xe.chotot.com/mua-ban-xe-dap/133072181.htm,2026-06-19 16:27:58,xe_dap_dien,Xe đạp điện SONSU DK-Bike Đỏ Trắng Bình mới,4600000,Như ý kho xưởng miền nam,Bán xe bảo hành 3 tháng chỉ việc mua về là chạy bình mới giá chỉ 4.600.000,"Thị xã Tân Uyên, Bình Dương",Đã sử dụng,Xe đạp điện,Trung Quốc,,,4600000,Used,Bình Dương,,
170,https://xe.chotot.com/mua-ban-xe-dap/133071337.htm,2026-06-19 15:49:41,xe_dap_dien,Xe đạp điện Sonsu A10 màu Đen,2700000,No one,Xe sonsu a10 bán xe chạy bình thường về sẵn chạy,"Thành phố Biên Hòa, Đồng Nai",Đã sử dụng,Xe đạp điện,,,,2700000,Used,Đồng Nai,,
171,https://xe.chotot.com/mua-ban-xe-dap/133071142.htm,2026-06-19 15:41:45,xe_dap_dien,Xe đạp điện Kyota Đen có pin dự trữ mới,4000000,le minh tri,"Xe đạp điện Kyota màu đen, kiểu dáng thời trang, phù hợp di chuyển trong thành phố. - Xe còn mới, vận hành tốt. - Động cơ bền bỉ, tiết kiệm năng lượng. - Khung xe chắc chắn, an toàn khi sử dụng.Có pin dự trử kèm theo.giá 3 triệu có bớ,cần bán gấp","Huyện Buôn Đôn, Đắk Lắk",Mới,Xe đạp điện,Nhật Bản,,,4000000,New,Đắk Lắk,,
172,https://xe.chotot.com/mua-ban-xe-dap/132878007.htm,2026-06-19 15:07:02,xe_dap_dien,Xe đạp điện CWFZD màu Đỏ,3500000,Đỗ Văn Biển,"Xe đạp điện CWFZD màu đỏ, thiết kế trẻ trung, năng động. - Xe chạy êm, bền bỉ. - Phù hợp đi học, đi làm, dạo phố. - Tiết kiệm chi phí. 4 bình to đi 40km mới phải sạc đầy đủ trức năng có hỗ trọ ship","Huyện Thanh Trì, Hà Nội",Đã sử dụng,Xe đạp điện,,,,3500000,Used,Hà Nội,,
173,https://xe.chotot.com/mua-ban-xe-dap/132197380.htm,2026-06-19 14:53:38,xe_dap_dien,Xe đạp điện ASAMA A-48 Đỏ,2600000,Sỉ lẻ xe Điện ,"Xe đạp điện ASAMA A-48 màu đỏ - Động cơ bền bỉ, vận hành êm . - Ác qui 30km/sạc đầy - Có bảo hành bình điện","Huyện Bình Chánh, Tp Hồ Chí Minh",Đã sử dụng,Xe đạp điện,,,,2600000,Used,Hồ Chí Minh,,
174,https://xe.chotot.com/mua-ban-xe-dap/133069655.htm,2026-06-19 14:48:31,xe_dap_dien,Xe đạp điện Super Cool Q8 Vàng 2022,4500000,Nguyễn Hương Trang,"🚲 Thanh lý xe đạp điện Super Cool Q8 màu vàng Xe mua năm 2022, chính chủ sử dụng đi làm và đưa đón con hằng ngày. Xe vẫn hoạt động tốt, sạc đầy đi được khoảng 35–40km, hiện vẫn đang sử dụng bình thường. ✔️ Đầy đủ sạc ✔️ Đèn, còi, phanh hoạt động tốt ✔️ Kiểu dáng nhỏ gọn, dễ đi, phù hợp học sinh, chị em đi chợ, đi làm gần ✔️ Màu vàng nổi bật, dễ thương Xe có một số vết xước bên ngoài do quá trình sử dụng nhưng không ảnh hưởng vận hành. Giá bán: 4.500.000 đồng Lưu ý: Xe đạp điên nên ko có biển số và giây tờ xe các bác nhé","Quận Hoàn Kiếm, Hà Nội",Đã sử dụng,Xe đạp điện,Trung Quốc,,,4500000,Used,Hà Nội,,
175,https://xe.chotot.com/mua-ban-xe-dap/131923429.htm,2026-06-19 14:22:17,xe_dap_dien,"Xe đạp điện HKbike hãng chắc , khoẻ , chạy 4 bình",3200000,Thu Hồng,"Xe đạp điện Hkbike chính hãng chạy chắc khoẻ , êm . thiết kế phù hợp cho cả nam và nữ. - Xe chạy êm, bền bỉ. - Tiết kiệm chi phí đi lại. - Phù hợp đi học, đi làm.","Quận 12, Tp Hồ Chí Minh",Đã sử dụng,Xe đạp điện,,,,3200000,Used,Hồ Chí Minh,,
176,https://xe.chotot.com/mua-ban-xe-dap/133068815.htm,2026-06-19 14:15:35,xe_dap_dien,xe điện sport move mới 93% để lại giá tốt,6600000,mimi,"Mua về ít dùng nên bán lại cho anh chị có nhu cầu,xe mới mua 11tr mấy nay k đi để lại 6tr6 cho ah chị có nhu cầu-ngoại hình còn mới 93% xe mua về là đậu k,rất ít sự dụng,như xe thùng Bao anh chị dẫn thợ theo kiểm tra Xe chua qa sửa chữa Bánh to mâm đúc,khung sườn dầy chậy rất đầm","Quận 4, Tp Hồ Chí Minh",Đã sử dụng,Xe đạp điện,Khác,,,6600000,Used,Hồ Chí Minh,,
177,https://xe.chotot.com/mua-ban-xe-dap/133068078.htm,2026-06-19 13:39:10,xe_dap_dien,"Xe đạp điện HITASA Xanh, vàng 40km",2900000,nguyen van hai lê đuc thọ go vap chuyên cung cấp đồ điện gia dụng giá re,"xe đạp điện chính hãng chạy khoẻ pin trâu 40km mới phải xạc lại còn đẹp 2,9t 09@1865678 gv","Quận Gò Vấp, Tp Hồ Chí Minh",Đã sử dụng,Xe đạp điện,,,,2900000,Used,Hồ Chí Minh,,
178,https://xe.chotot.com/mua-ban-xe-dap/133067439.htm,2026-06-19 13:01:34,xe_dap_dien,Bán xe như hình còn xài tốt,2200000,Phùng Cường,Anh em nào có nhu cầu alô cho mình nhé￼,"Quận Gò Vấp, Tp Hồ Chí Minh",Đã sử dụng,Xe đạp điện,,,,2200000,Used,Hồ Chí Minh,,
179,https://xe.chotot.com/mua-ban-xe-dap/133067418.htm,2026-06-19 13:00:19,xe_dap_dien,Xe đạp điện AZI Xanh,5600000,Thị Thùy Trang Phan,Nhà dư có chiếc xe đạp điện còn khá mới cần bán giá rẻ cho ai cần ạ Xem xe trực tiếp tại nhà gần cây xăng Cầu Mới- Xã Hòa Hiệp. Sdt: ***,"Huyện Tam Bình, Vĩnh Long",Đã sử dụng,Xe đạp điện,Khác,,,5600000,Used,Vĩnh Long,,
180,https://xe.chotot.com/mua-ban-xe-dap/133067232.htm,2026-06-19 12:51:04,xe_dap_dien,Xe đạp điện SAMA Xanh dương,2000000,người đàn bà cũ,"Xe đạp điện SAMA màu xanh dương, kiểu dáng thời trang, phù hợp di chuyển trong thành phố. - Xe vận hành êm ái, tiết kiệm năng lượng. - Khung xe chắc chắn, tải trọng tốt. - Trang bị giỏ xe tiện lợi.","Thị xã Cai Lậy, Tiền Giang",Đã sử dụng,Xe đạp điện,Nhật Bản,,,2000000,Used,Tiền Giang,,
181,https://xe.chotot.com/mua-ban-xe-dap/132464183.htm,2026-06-19 12:45:26,xe_dap_dien,mẹ về quê em bán Xe đạp điện Spring màu Xám,4000000,Như ý kho xưởng miền nam,Mẹ em về quê không dùng nữa xe còn mới ạ bảo hành luôn cho mình chạy bình mới 100% bảo hành 12 tháng,"Thành phố Thủ Dầu Một, Bình Dương",Đã sử dụng,Xe đạp điện,,,,4000000,Used,Bình Dương,,
182,https://xe.chotot.com/mua-ban-xe-dap/133066827.htm,2026-06-19 12:29:31,xe_dap_dien,Xe đạp điện Otheli Vàng,3000000,Trần Thanh Phong,"Xe đạp điện Otheli màu vàng, kiểu dáng thời trang, phù hợp di chuyển trong thành phố. - Xe chạy êm, tiết kiệm năng lượng. - Khung xe chắc chắn, tải trọng tốt. - Phù hợp cho cả học sinh và người đi làm. - Con lớn nên đổi xe khác, pass lại cho người cần, đi chợ, đưa bé đi học, đi công viên rất ok. vừa thay 2 ruột cho ổn hơn, xe chạy 25km/h, pin trâu sạc 4h đi 5,6 ngày vi vu. Đặc biệt gấp gọn để trong cốp ôtô đi dã ngoại là hết bài, gấp đơn giản 3 thao tác mở chốt và gài chốt thôi.","Quận 10, Tp Hồ Chí Minh",Đã sử dụng,Xe đạp điện,Đài Loan,,,3000000,Used,Hồ Chí Minh,,
183,https://xe.chotot.com/mua-ban-xe-dap/133066252.htm,2026-06-19 11:58:23,xe_dap_dien,Xe điện 133pro thể thao màu Đen,7500000,Duy Đăng,"Xe điện 133pro màu đen, kiểu dáng thể thao, phù hợp di chuyển trong thành phố. - Khung xe chắc chắn, vận hành êm ái. - Tiết kiệm năng lượng, thân thiện môi trường, dùng bộ bình thiên năng bền bỉ. - Dễ dàng điều khiển, an toàn khi sử dụng.","Thành phố Dĩ An, Bình Dương",Mới,Xe đạp điện,Việt Nam,,,7500000,New,Bình Dương,,
184,https://xe.chotot.com/mua-ban-xe-dap/133065446.htm,2026-06-19 11:25:01,xe_dap_dien,Xe Điện 2026 - Trả Góp Tay Đôi - Tuần góp 450k,18000000,Trả Góp Đơn Giản,"Trả góp xe điện v1 thời trang,cá tính,phù hợp mọi lứa tuổi góp tại nhà k qua ngân hàng bảo hành chính hãng 12 tháng góp tuần góp tháng đều được","Huyện Gò Dầu, Tây Ninh",Mới,Xe đạp điện,Việt Nam,,,18000000,New,Tây Ninh,,
185,https://xe.chotot.com/mua-ban-xe-dap/133065181.htm,2026-06-19 11:14:50,xe_dap_dien,Xe đạp điện SONSU Đỏ Gần như mới,5000000,huynh van nghia,"Xe đạp điện gần như mới,bình mới bảo hành 8 tháng. Dư dùng bán lại giá 5tr. Ai quan tâm liên hệ số đt:***","Huyện Mỏ Cày Nam, Bến Tre",Đã sử dụng,Xe đạp điện,Khác,,,5000000,Used,Bến Tre,,
186,https://xe.chotot.com/mua-ban-xe-dap/132718236.htm,2026-06-19 10:27:09,xe_dap_dien,Xe đạp điện Vespa 946 - tặng đầy đủ phụ kiện,13900000,Cửa Hàng Xe Điện Huỳnh Như ,"Xe Đạp Điện Vespa 946 thời thượng mới 100% Giá đã bao gồm 5 bình và phụ kiện Vận tốc 50 - 65km/h Quảng đường đi được 60 - 80km/sạc Bảo hành xe và bình 1 năm Thiết kế xe theo yêu cầu và sở thích Xe chạy mọi địa hình, đi dạo đi chơi , đi học rất phù hợp , nhẹ gọn Tích hợp nhiều chức năng hiện, có chức năng đi tiến và đi lùi, 3 nút tốc độ nhanh chậm Hỗ trợ trả góp qua online và trực tiếp Ship tận nơi","Quận 8, Tp Hồ Chí Minh",Mới,Xe đạp điện,Trung Quốc,,,13900000,New,Hồ Chí Minh,,
187,https://xe.chotot.com/mua-ban-xe-dap/132397707.htm,2026-06-19 10:00:19,xe_dap_dien,Xe đạp điện,4000000,HOÀNG MẠNH ,"Xe đạp dien osaka thiết kế thể thao, năng động. - Động cơ mạnh mẽ, vận hành êm ái. - Quãng đường di chuyển tốt. - Phù hợp đi học, đi làm, dạo phố.","Quận 12, Tp Hồ Chí Minh",Đã sử dụng,Xe đạp điện,,,,4000000,Used,Hồ Chí Minh,,
188,https://xe.chotot.com/mua-ban-xe-dap/133062829.htm,2026-06-19 09:48:30,xe_dap_dien,Xe đạp điện ASUKA 133 PRO/ MỚI - GÓP TẠI NHÀ,1900000,THIÊN Ý ĐIỆN MÁY TRẢ GÓP,"🚴⚡ XE ĐẠP ĐIỆN ASUKA 133 PRO – THIẾT KẾ ĐẸP, ĐI HỌC ĐI LÀM CỰC TIỆN ⚡🚴 💥 Xe mới chính hãng – kiểu dáng trẻ trung, hiện đại. 💥 Phù hợp học sinh, sinh viên, công nhân và người đi làm. ✅ Động cơ vận hành êm ái, bền bỉ. ✅ Tiết kiệm chi phí hơn xe xăng. ✅ Đèn LED siêu sáng, an toàn khi di chuyển. ✅ Cốp rộng tiện lợi. ✅ Thiết kế chắc chắn, tải trọng tốt. ✅ Quãng đường di chuyển xa sau mỗi lần sạc. 🎉 HỖ TRỢ TRẢ GÓP DỄ DÀNG 🎉 ✔️ Không cần trả trước (tùy hồ sơ) ✔️ Không qua ngân hàng ✔️ Chỉ cần CCCD ✔️ Góp tuần hoặc góp tháng linh hoạt ✔️ Duyệt hồ sơ nhanh chóng 🚚 Giao xe tận nhà 🛡️ Bảo hành chính hãng","Quận Phú Nhuận, Tp Hồ Chí Minh",Mới,Xe đạp điện,Thái Lan,,,1900000,New,Hồ Chí Minh,,
189,https://xe.chotot.com/mua-ban-xe-dap/133062318.htm,2026-06-19 09:26:05,xe_dap_dien,Xe đạp điện Yadea 133 đỏ 25-30km/lần sạc,4000000,Nguyễn Thạnh,"xe đạp điện 133 xe đẹp bình khỏe, xe chạy mượt, xe đi đc 25-30km cho 1lan sạc,xe còn đủ các chức năng, giá 4tr.","Huyện Bình Chánh, Tp Hồ Chí Minh",Đã sử dụng,Xe đạp điện,Việt Nam,,,4000000,Used,Hồ Chí Minh,,
190,https://xe.chotot.com/mua-ban-xe-dap/133062168.htm,2026-06-19 09:20:20,xe_dap_dien,Xe đạp trợ lực màu xám dể thương.,2600000,Bảo,"Cần bán xe đạp trợ lực hiệu Bridgestone nguyên zin ít sử dụng, điện đèn còi hoạt động tốt, đã lên tay ga, có khoá cổ bánh trước, yên ngồi rất êm, xe đi nhẹ đầm rất trớn, bảo dưỡng thường xuyên, mọi chức năng đều hoạt động tốt, ai cần liên hệ.","Thành phố Châu Đốc, An Giang",Đã sử dụng,Xe đạp điện,Nhật Bản,,,2600000,Used,An Giang,,
191,https://xe.chotot.com/mua-ban-xe-dap/133061146.htm,2026-06-19 08:22:52,xe_dap_dien,Xe đạp điện Yadea màu Đen hư bình,1250000,Anh dung,Mình thanh lý là xe đạp điện như hình có bình và sặc đầy đủ hiện trạng xe bị hư Bình vậy Bác nào có nhu cầu vào việc alo mình,"Huyện Bình Chánh, Tp Hồ Chí Minh",Đã sử dụng,Xe đạp điện,,,,1250000,Used,Hồ Chí Minh,,
192,https://xe.chotot.com/mua-ban-xe-dap/132230060.htm,2026-06-19 07:23:26,xe_dap_dien,BÁN lại: xe đạp điện cũ Giá: 3tr600 bình khỏe xe,3600000,XE ĐIỆN HUY BẢO ,BÁN lại: xe đạp điện cũ Giá: 3tr600 bình khỏe xe ở Cầu Vượt Sóng Thần quốc lộ 1A ☎️LH: ***,"Thành phố Dĩ An, Bình Dương",Đã sử dụng,Xe đạp điện,,,,3600000,Used,Bình Dương,,
193,https://xe.chotot.com/mua-ban-xe-dap/133060352.htm,2026-06-19 07:08:32,xe_dap_dien,Xe đạp điện Yadea Xanh bạc hà Pin bền,7000000,Nguyen Ngoc Quang,"Xe đạp điện màu xanh bạc hà, kiểu dáng thời trang, phù hợp di chuyển trong thành phố. - Khung xe chắc chắn, vận hành êm ái. - Thiết kế nhỏ gọn, dễ điều khiển. - Pin bền, quãng đường đi xa.","Huyện Hóc Môn, Tp Hồ Chí Minh",Mới,Xe đạp điện,Việt Nam,,,7000000,New,Hồ Chí Minh,,
194,https://xe.chotot.com/mua-ban-xe-dap/133060319.htm,2026-06-19 07:05:03,xe_dap_dien,Xe đạp điện Type3 pro 72V Vàng,14000000,Trung Map ,"Xe đạp điện Type3 pro màu vàng, kiểu dáng hiện đại, phù hợp di chuyển trong thành phố. - Xe có thiết kế trẻ trung, năng động. - Động cơ mạnh mẽ, vận hành êm ái. - 72v.quãng đường di chuyển xa.","Thành phố Thủ Đức, Tp Hồ Chí Minh",Đã sử dụng,Xe đạp điện,,,,14000000,Used,Hồ Chí Minh,,
195,https://xe.chotot.com/mua-ban-xe-dap/133060305.htm,2026-06-19 07:03:19,xe_dap_dien,Xe điện Milan II Xám xanh bơ Nhập khẩu,4900000,Xe điện Bình Phương,"M55 ✅ Xe điện milanII nhập khẩu xám xanh bơ cực nét ắc quy lướt 4tr9 ➡️ Hình thức đẹp, xe chạy êm, động cơ zin ➡️ Mọi chức năng hoạt động tốt, xe đã được bảo dưỡng toàn bộ, ☎️ *** (zalo,fb,mess) có trả góp 📌 Cửa hàng xe điện Bình Phương, sn 15 ngõ 195/91 Trần Cung, Hà Nội","Quận Cầu Giấy, Hà Nội",Đã sử dụng,Xe đạp điện,Đài Loan,,,4900000,Used,Hà Nội,,
196,https://xe.chotot.com/mua-ban-xe-dap/133040631.htm,2026-06-18 23:49:14,xe_dap_dien,"Xe đạp điện bò nhỏ 133M BH 1 năm, động cơ khoẻ",4600000,Trần Tuấn Phong,"Xe đạp điện bò nhỏ 133M động cơ khoẻ, bền, 2 lốp mới, bình acquy mới. BH 1 năm","Huyện Hải Hậu, Nam Định",Đã sử dụng,Xe đạp điện,Việt Nam,,,4600000,Used,Nam Định,,
197,https://xe.chotot.com/mua-ban-xe-dap/132227658.htm,2026-06-18 22:39:58,xe_dap_dien,Xe điện 133S - chạy 4 bình lớn,3600000,Thế,Cần bán nhanh 133 - chạy 4 bình lớn Giá công khai 3tr600k - tặng bộ sạc mới Zalo : ***,"Huyện Hậu Lộc, Thanh Hóa",Đã sử dụng,Xe đạp điện,,,,3600000,Used,Thanh Hóa,,
198,https://xe.chotot.com/mua-ban-xe-dap/133056877.htm,2026-06-18 19:53:42,xe_dap_dien,Xe đạp điện Hitasa màu Đỏ đã sử dụng,4900000,Thiện Nghĩa,xe hitasa chính hãng mới 85% bão hành chính hãng miễn ship ở cần thơ lh:***,"Huyện Cờ Đỏ, Cần Thơ",Đã sử dụng,Xe đạp điện,,,,4900000,Used,Cần Thơ,,
200,https://xe.chotot.com/mua-ban-xe-dap/133056465.htm,2026-06-18 19:23:05,xe_dap_dien,M133 NHƯ HÌNH ĐÃ BAO GỒM BÌNH ĐIÊN. CÂN BAN,2900000,Minh,M133 NHƯ HÌNH ĐÃ SỬ DỤNG CÒN ĐẸP. MỌI CHỨC NĂNG ĐÂY ĐU. ĐA BAO GỒM BÌNH ĐIÊN. LH 539/15 HƯƠNG LÔ 3.PHƯỜNG BÌNH HƯNG HOA QUÂN BÌNH TÂN,"Quận Bình Tân, Tp Hồ Chí Minh",Đã sử dụng,Xe đạp điện,Việt Nam,,,2900000,Used,Hồ Chí Minh,,
201,https://xe.chotot.com/mua-ban-xe-dap/133055987.htm,2026-06-18 18:47:12,xe_dap_dien,Xe đạp điện Gicin màu Đỏ,6500000,Nguyen Kha,xe mới mua được 3 ngày.do con em không chiệu chạy nên bán lại cho ai cần,"Huyện Châu Thành, Kiên Giang",Mới,Xe đạp điện,Việt Nam,,,6500000,New,Kiên Giang,,
202,https://xe.chotot.com/mua-ban-xe-dap/133052432.htm,2026-06-18 15:47:34,xe_dap_dien,Xe đạp điện chạy êm . xe chạy khoẻ bình tốt,3000000,Thu Hồng,Xe đẹp bình khoẻ chạy tốt. Đi êm . Phụ kiện sạc kèm theo . Bảo hành 3 tháng,"Quận 12, Tp Hồ Chí Minh",Đã sử dụng,Xe đạp điện,,,,3000000,Used,Hồ Chí Minh,,
203,https://xe.chotot.com/mua-ban-xe-dap/133051586.htm,2026-06-18 15:14:29,xe_dap_dien,Xe đạp điện SR Ebike X20T Pro Đen( nhận giao lưu ),12500000,Phạm Duy Lộc,"Xe đạp trợ lực điện SR Ebike X20T Pro vẫn dùng bình thường , mua được 2 năm . Đi thuần điện 50-70km 1 lần sạc , trợ lực khoảng 100km 1 lần. Xe có thể gấp gọn. Nhận giao lưu sang xe máy điện em thêm tiền hoặc giao lưu sang điện thoại","Quận Nam Từ Liêm, Hà Nội",Đã sử dụng,Xe đạp điện,Trung Quốc,,,12500000,Used,Hà Nội,,
204,https://xe.chotot.com/mua-ban-xe-dap/133051540.htm,2026-06-18 15:13:03,xe_dap_dien,Xe đạp điện v1 95%,9000000,Anh Tu,Tôi cần bán chiếc xe đạp điện đang đi ngon.Ai cần alo tôi.,"Thị xã Phú Mỹ, Bà Rịa - Vũng Tàu",Đã sử dụng,Xe đạp điện,,,,9000000,Used,Vũng Tàu,,
205,https://xe.chotot.com/mua-ban-xe-dap/132718753.htm,2026-06-18 13:10:11,xe_dap_dien,XE MỚI THANH LÝ. HÔ TRỢ TRẢ GÓP,3500000,Minh,M133PRO MỚI HÀNG CÔNG TY CHẤT LƯỢNG TỐT. MOI CHỨC NĂNG ĐÂY ĐU. ĐA BAO GỒM BÌNH ĐIÊN. LH 539/15 Hương Lô 3.phường bình hưng hoa quân bình tân,"Quận Bình Tân, Tp Hồ Chí Minh",Mới,Xe đạp điện,Việt Nam,,,3500000,New,Hồ Chí Minh,,
206,https://xe.chotot.com/mua-ban-xe-dap/122355071.htm,2026-06-18 11:42:14,xe_dap_dien,HGT 133 MỚI 100% ĐỦ MÀU,3000000,XE ĐIỆN SUNNY,"===>TẶNG (REMOTE CHỐNG TRỘM 3 trong 1 ĐIỀU KHIỂN XE THÔNG MINH,SẠC ĐA NĂNG 2 CHẾ ĐỘ VỪA ĐI VỪA SẠC )))TRỊ GIÁ 4000K ===>XE MỚI 100% BẢO HÀNH TẬN NHÀ 1 NĂM ==>MÀN HÌNH LED HIỂN THỊ NHIỆT ĐỘ,VẬN TỐC ====>(SẠC NHANH TRONG VÒNG 2 tiếng))!! ====> XE SỬ DỤNG IC ĐÚC CHẤT LƯỢNG CAO! GIAO HÀNG TOÀN QUỐC CÁC TỈNH LÂN CẬN!! KÍNH MỜI ANH CHỊ ĐẾN Cơ sở 1 :37/11 trần trọng cung quận 7 xem xe","Quận 7, Tp Hồ Chí Minh",Mới,Xe đạp điện,Nhật Bản,,,3000000,New,Hồ Chí Minh,,
207,https://xe.chotot.com/mua-ban-xe-dap/133046647.htm,2026-06-18 11:42:02,xe_dap_dien,"Xe đạp điện Yadea X1 Trắng, Hồng đã sử dụng",14000000,Lê thị thanh thuý,"Xe đạp điện X1 màu trắng, hồng, mới 90%. Sạc đầy đi được 70km. - Xe còn rất mới, ít sử dụng. - Thiết kế trẻ trung, năng động. - Giá 14.000.000.","Quận 12, Tp Hồ Chí Minh",Đã sử dụng,Xe đạp điện,Trung Quốc,,,14000000,Used,Hồ Chí Minh,,
208,https://xe.chotot.com/mua-ban-xe-dap/133046194.htm,2026-06-18 11:23:02,xe_dap_dien,Xe đạp điện Yadea NEW màu Đen,1000000,Linh,"Xe đạp điện NEW màu đen, thiết kế phù hợp cho cả nam và nữ. - Kiểu dáng hiện đại, dễ điều khiển. - Pin khỏe, di chuyển quãng đường xa. - Thích hợp đi học, đi làm.","Thành phố Thủ Đức, Tp Hồ Chí Minh",Mới,Xe đạp điện,Khác,,,1000000,New,Hồ Chí Minh,,
209,https://xe.chotot.com/mua-ban-xe-dap/133046184.htm,2026-06-18 11:22:42,xe_dap_dien,Xe đạp điện Sonsu S10 BÁN TRẢ GÓP BAO NỢ XẤU,1000000,Linh,"Xe đạp điện Sonsu S10 màu đỏ đen, kiểu dáng thể thao, vận hành êm ái. - Xe mới, ít sử dụng. - Pin khỏe, đi được xa. - Phù hợp di chuyển trong thành phố.","Thành phố Thủ Đức, Tp Hồ Chí Minh",Mới,Xe đạp điện,Khác,,,1000000,New,Hồ Chí Minh,,
210,https://xe.chotot.com/mua-ban-xe-dap/127532869.htm,2026-06-18 11:04:34,xe_dap_dien,Xe đạp điện,3200000,xe đạp điện   xe điện,Bán xe đạp điện Bảo hành 3 tháng Giao xe tận nơi,"Quận Gò Vấp, Tp Hồ Chí Minh",Đã sử dụng,Xe đạp điện,,,,3200000,Used,Hồ Chí Minh,,
211,https://xe.chotot.com/mua-ban-xe-dap/128343821.htm,2026-06-18 10:58:18,xe_dap_dien,xe điện V1 plus 5 binh 30AH tặng phụ kiện,11000000,HOANG TƯỞNG XE ĐIỆN,Xe mới bình mới chính hãng LIHAZE tặng phun phụ kiện bh 12th chạy 5 bình 30AH 80km 1 lần xạc hỗ trợ ship tại nhà cho quý khách địa chỉ 106/7 Tân Chánh hiệp 10 quận 12 tphcm,"Quận 12, Tp Hồ Chí Minh",Mới,Xe đạp điện,Trung Quốc,,,11000000,New,Hồ Chí Minh,,
212,https://xe.chotot.com/mua-ban-xe-dap/133045057.htm,2026-06-18 10:42:04,xe_dap_dien,xe đạp điện v1 plus cần bán,9200000,Xe điện Toàn Quốc,"—V1 plus 5 bình lớn-(đã qua sử dụng) còn mới 95% 🌾💰G.i.á b.á.n 9.200.000 💰❤️‍🔥 —odo 238km —Xe sạch đẹp, đầy đủ chức năng - chìa khoá —Bảo hành bình 06 tháng —Hỗ trợ giao xe tận nơi ☎️☎️☎️L ( Quốc) ✅✅✅XEM XE TẠI SHOP: Hẻm 510 Trường Sa, phường 2, quận Phú Nhuận, TP.HCM (vào hẻm 10m)","Quận Phú Nhuận, Tp Hồ Chí Minh",Đã sử dụng,Xe đạp điện,Việt Nam,,,9200000,Used,Hồ Chí Minh,,
213,https://xe.chotot.com/mua-ban-xe-dap/131028200.htm,2026-06-18 10:28:15,xe_dap_dien,Xe đạp điện M133s plus Đen,7800000,HOANG TƯỞNG XE ĐIỆN,Xe điện M133s plus chạy 4 bình lớn 30AH 70km 1 lần xạc bh 12th hỗ trợ ship tại nhà cho quý khách địa chỉ của hàng mai xe điện 106/7 Tân Chánh hiệp 10 quận 12 tphcm,"Quận 12, Tp Hồ Chí Minh",Đã sử dụng,Xe đạp điện,,,,7800000,Used,Hồ Chí Minh,,
214,https://xe.chotot.com/mua-ban-xe-dap/133044336.htm,2026-06-18 10:17:14,xe_dap_dien,Xe đạp điện mini Gicin SK8 Xanh mới 100% zá 5tr9,5900000,Mua bán điện tử gia dụng ninh kiều cần thơ,"Xe đạp điện Gicin SK8 màu xanh, kiểu dáng thời trang, phù hợp di chuyển trong thành phố. - Xe chạy êm, tiết kiệm năng lượng. - Động cơ bền bỉ, vận hành ổn định. - Thiết kế trẻ trung, năng động. - Đầy đủ phụ kiện về là dùng. - Pin 15A/48v mới ,sạc zin theo xe , kính hậu … - chế độ bảo hành 3 tháng khi mua đúng giá trên ạ - phù hợp học sinh và các chị em có con nhỏ đi chợ. - thơi gian sạc 4-6 tiếng ,đi chậm đc 30km , nhanh 40km .Tốc độ tối đa khoản 25-30km/h. - xem xe hẻm 70 đg trần hưng đạo nk cần thơ. - kết bạn zalo sđt trên bài biết thêm ạh.","Quận Ninh Kiều, Cần Thơ",Mới,Xe đạp điện,Trung Quốc,,,5900000,New,Cần Thơ,,
215,https://xe.chotot.com/mua-ban-xe-dap/133043150.htm,2026-06-18 09:37:57,xe_dap_dien,cần bán xe đạp trợ lực có ga,14500000,dũng nguyễn ,"Xe mình nhờ người mua bên trung quốc vừa gửi về đến việt nam hơn 17 tr , nguyên thùng đủ phụ kiện , xe đi được 80km 1 lần sạc , có 5 tốc độ trợ lực lừa trọn. Ttocs độ nhanh nhất 27km / h , phù hợp với học sinh cấp 2 cấp 3 chưa đủ tuổi đi xe máy điện, có bàn đạp , hết điện đạp như xe bình thường có 7 tầng líp chuyển số, . Mở khoá bầng NFC thẻ từ , có định vị xe . Ai cần mình bán lại","Huyện Quế Võ, Bắc Ninh",Đã sử dụng,Xe đạp điện,Trung Quốc,,,14500000,Used,Bắc Ninh,,
216,https://xe.chotot.com/mua-ban-xe-dap/132974781.htm,2026-06-18 09:28:13,xe_dap_dien,Xe đạp điện Giant M133s Xanh dương,4200000,Huylam,"M133s nhập khẩu chính hãng giant - Dáng Sang, Đi Nhẹ, Cực Bền ♻️ - Giá : 4tr200 💸 📌 BẢO HÀNH LÂU DÀI - UY TÍN ! 📌 Tặng bộ sạc mới 100% và khoá chống trộm 📌 Ship Hàng TOÀN QUỐC - Nhanh chóng ---- 📞 LH tư vấn miễn phí : ***( zalo / video call ) 🕹️ Địa chỉ: 389 đội cấn-ba đình - Hà Nội. ❇️ Cửa Hàng Xe Điện Huy Lâm","Quận Ba Đình, Hà Nội",Đã sử dụng,Xe đạp điện,,,,4200000,Used,Hà Nội,,
217,https://xe.chotot.com/mua-ban-xe-dap/133040657.htm,2026-06-18 07:10:18,xe_dap_dien,Xe đạp điện Bat X Classic đỏ cũ,4900000,Thu Hương,"Em có 1 con xe điện đã qua sử dụng, nhưng hiện tại không đi đến nữa, xe em mua lại, bình khoẻ, phanh, đèn, còi,… vẫn sử dụng tốt Ngoại hình còn mới đẹp Em muốn bán sớm ạ","Huyện Yên Phong, Bắc Ninh",Đã sử dụng,Xe đạp điện,,,,4900000,Used,Bắc Ninh,,
218,https://xe.chotot.com/mua-ban-xe-dap/132741594.htm,2026-06-18 06:45:20,xe_dap_dien,V1 MỚI HÀNG CÔNG TY HT. ĐÃ CÓ BÌNH ĐIÊN,10800000,Minh,V1 MỚI HÀNG CÔNG TY HT. MOI CHỨC NĂNG ĐÂY ĐU. ĐA BAO GỒM BÌNH ĐIÊN. LH 539/15 HƯƠNG LÔ 3.PHƯỜNG BÌNH HƯNG HOA QUÂN BÌNH TÂN,"Quận Bình Tân, Tp Hồ Chí Minh",Mới,Xe đạp điện,Việt Nam,,,10800000,New,Hồ Chí Minh,,
219,https://xe.chotot.com/mua-ban-xe-dap/132470482.htm,2026-06-18 06:12:57,xe_dap_dien,Xe đạp xmen,6300000,HOÀNG MẠNH ,"Xe xmen thiết kế thể thao, cá tính. - Động cơ mạnh mẽ, vận hành êm ái. - Quãng đường di chuyển xa, tiện lợi cho việc đi lại hàng ngày. - Xe bền bỉ, ít hỏng vặt.","Quận 12, Tp Hồ Chí Minh",Đã sử dụng,Xe đạp điện,,,,6300000,Used,Hồ Chí Minh,,
220,https://xe.chotot.com/mua-ban-xe-dap/132622576.htm,2026-06-18 05:42:56,xe_dap_dien,Xe đạp điện ASAMA màu đen . xe sạch đẹp .,3000000,HOÀNG MẠNH ,"Xe đạp điện ASAMA màu đen phù hợp cho cả nam và nữ. - Thiết kế nhỏ gọn, dễ điều khiển. - Động cơ bền bỉ, quãng đường di chuyển tốt. - Tiện lợi cho việc đi lại hàng ngày.","Quận 12, Tp Hồ Chí Minh",Đã sử dụng,Xe đạp điện,,,,3000000,Used,Hồ Chí Minh,,
221,https://xe.chotot.com/mua-ban-xe-dap/133037161.htm,2026-06-17 20:36:01,xe_dap_dien,Xe đạp điện JVC G9 Xanh 3657 km,6500000,nhân lê,"Xe đạp điện JVC G9 màu xanh, đã đi 3657 km. xe rất ít sử dụng nên còn rất mới...xe mới thay 4 bình lớn được khoản vài tháng...mua về là sử dụng không cần sửa chữa gì...xe tốc độ chạy được 36km/h.... có thể nâng cấp ic để chạy nhanh hơn.xe mình mua mới giá 14.5trieu ạ......anh em thiện chí lh mình nha","Thành phố Thủ Dầu Một, Bình Dương",Đã sử dụng,Xe đạp điện,,,,6500000,Used,Bình Dương,,
222,https://xe.chotot.com/mua-ban-xe-dap/133037122.htm,2026-06-17 20:33:47,xe_dap_dien,Xe đạp điện Asama Nâu Bạc,2900000,Như ý kho xưởng miền nam,bán xe đang chạy tốt bảo hành 3 tháng cho mọi người Xe mới 90% ship xa cho các bác ở tỉnh,"Thành phố Thủ Dầu Một, Bình Dương",Đã sử dụng,Xe đạp điện,Trung Quốc,,,2900000,Used,Bình Dương,,
223,https://xe.chotot.com/mua-ban-xe-dap/133035717.htm,2026-06-17 19:07:02,xe_dap_dien,xe điện,3500000,Yen Nhi,bà điểm hóc môn ạ ai cần ib giá cả mình thương lượng ạ,"Huyện Hóc Môn, Tp Hồ Chí Minh",Đã sử dụng,Xe đạp điện,Khác,,,3500000,Used,Hồ Chí Minh,,
224,https://xe.chotot.com/mua-ban-xe-dap/133035462.htm,2026-06-17 18:52:18,xe_dap_dien,Xe đạp điện Yamaha Asama Xanh,3500000,Nguyễn Thành Ngọt ,"Xe đạp điện Asama màu xanh, kiểu dáng thời trang, phù hợp di chuyển trong thành phố. - Xe còn mới, vận hành tốt. - Động cơ bền bỉ, tiết kiệm năng lượng. - Yên xe êm ái, mang lại cảm giác thoải mái khi đi. - Phù hợp và thuận tiện cho việc đi lại (đặc biệt là học sinh)","Huyện Bình Chánh, Tp Hồ Chí Minh",Đã sử dụng,Xe đạp điện,,,,3500000,Used,Hồ Chí Minh,,
225,https://xe.chotot.com/mua-ban-xe-dap/133034076.htm,2026-06-17 17:33:50,xe_dap_dien,"Xe đạp điện màu Đỏ, trắng, đen",3200000,cong,"Xe đạp điện với ba màu đỏ, trắng, đen cá tính. - Thiết kế hiện đại, trẻ trung. - Di chuyển nhẹ nhàng, êm ái. - Phù hợp đi học, đi làm. - Xe đẹp y hình chụp bình khỏe xe đang chạy rất êm dư dùng nên cần bán gấp giá rẻ","Thành phố Vĩnh Long, Vĩnh Long",Đã sử dụng,Xe đạp điện,,,,3200000,Used,Vĩnh Long,,
226,https://xe.chotot.com/mua-ban-xe-dap/130989777.htm,2026-06-17 17:25:05,xe_dap_dien,xe đạp điện enimel s8 mới 100% trả thẳng,4500000,MUAXEĐIỆNGIÁCAO,"===>TẶNG (REMOTE CHỐNG TRỘM 3 trong 1 ĐIỀU KHIỂN XE THÔNG MINH,SẠC ĐA NĂNG 2 CHẾ ĐỘ VỪA ĐI VỪA SẠC )))TRỊ GIÁ 4000K ===>XE MỚI 100% BẢO HÀNH TẬN NHÀ 1 NĂM ==>MÀN HÌNH LED HIỂN THỊ NHIỆT ĐỘ,VẬN TỐC ====>SẠC NHANH TRONG VÒNG 2 tiếng))!! ====> XE SỬ DỤNG IC ĐÚC CHẤT LƯỢNG CAO! GIAO HÀNG TOÀN QUỐC CÁC TỈNH LÂN CẬN!! KÍNH MỜI ANH CHỊ ĐẾN SỐ Co so 1 :37/11 trần trọng cung quận 7 Cơ sở 2 : nguyễn thị tú ( cọming soon))","Thành phố Thủ Đức, Tp Hồ Chí Minh",Mới,Xe đạp điện,Nhật Bản,,,4500000,New,Hồ Chí Minh,,
227,https://xe.chotot.com/mua-ban-xe-dap/132932792.htm,2026-06-17 16:16:44,xe_dap_dien,M133 MỚI ĐÃ ĐU BÌNH. GIÁ HÔ TRỢ TRẢ GÓP,3500000,Minh,M133PRO MỚI HÀNG CÔNG TY CHẤT LƯỢNG TỐT. MOI CHỨC NĂNG ĐÂY ĐU. ĐA BAO GỒM BÌNH ĐIÊN. LH 539/15 HƯƠNG LÔ 3.PHƯỜNG BÌNH HƯNG HOA QUÂN BÌNH TÂN,"Quận Bình Tân, Tp Hồ Chí Minh",Mới,Xe đạp điện,Việt Nam,,,3500000,New,Hồ Chí Minh,,
228,https://xe.chotot.com/mua-ban-xe-dap/133032128.htm,2026-06-17 16:01:45,xe_dap_dien,Xe đạp điện VT BIKE Đỏ,4500000,HÀ KIM PHÁT,"Thanh lý xe đạp điện VT BIKE mới mua được 2 năm bình mới thay nguyên bộ từ tháng 1/2026 , đã lắp đặt thiết bị chống trộm. Xe chạy mạnh các chức năng đầy đủ vận hành trơn chu. kiểu dáng thời trang đẹp phù hợp cho các cháu học sinh đi học và tiện lợi cho các chị em trong công việc nội trợ. giá 4tr5 gần bằng phân nửa giá xe mua mới. Ace có nhu cầu hãy liên hệ trực tiếp số điện thoại *** để được giá tốt.","Thành phố Biên Hòa, Đồng Nai",Đã sử dụng,Xe đạp điện,,,,4500000,Used,Đồng Nai,,
229,https://xe.chotot.com/mua-ban-xe-dap/133031553.htm,2026-06-17 15:39:40,xe_dap_dien,"Xe đạp điện Gant Trắng, Hồng",4500000,chị Hương,Bán xe điện có bàn đạp. Kèm pin dự phòng. Toàn bộ xe là nhôm và inox hết Giá tiền 4.500.000đ Liên hệ: *** Hãng xe Gant,"Quận Đống Đa, Hà Nội",Đã sử dụng,Xe đạp điện,Đài Loan,,,4500000,Used,Hà Nội,,
230,https://xe.chotot.com/mua-ban-xe-dap/133029347.htm,2026-06-17 14:11:55,xe_dap_dien,Xe đạp điện capA9 màu đỏ mới,5100000,Thành Lê,xe đạp điện chính hãng pega mới như hình đầy đủ chức năng mua về là chạy không cần làm gì có nhu cầu liên hệ mình,"Quận 12, Tp Hồ Chí Minh",Mới,Xe đạp điện,Đài Loan,,,5100000,New,Hồ Chí Minh,,
231,https://xe.chotot.com/mua-ban-xe-dap/133028734.htm,2026-06-17 13:46:04,xe_dap_dien,Xe đạp trợ lực điện Wahama E1,8900000,XE ĐIỆN VŨ HẢI ,"Xe đạp trợ lực wahama + Sản phẩm Xe đạp trợ lực điện: E1 giá 8.9 triệu Thoong số kĩ thuật : - Động cơ 240W - Pin 36V - 14Ah - Lốp 20*2.5 - Tốc độ cao nhất 35Km/h - Quãng đường đi được 60Km/ lần sạc + Chế độ bảo hành: - Khung 60 tháng - Pin, Động Cơ, Điều khiển: 24 tháng. - Các chi tiết khác bảo hành 12 tháng (Không bao gồm săm lốp và má phanh). + Có các mầu: Đen Mờ, Xám, Xanh đậm , xanh ngọc","Huyện Đông Anh, Hà Nội",Mới,Xe đạp điện,,,,8900000,New,Hà Nội,,
232,https://xe.chotot.com/mua-ban-xe-dap/132871610.htm,2026-06-17 12:59:52,xe_dap_dien,V1 MỚI HÀNG HOTTREN ĐÃ BAO GỒM BÌNH ĐIÊN,11800000,Minh,V1 MỚI HÀNG CÔNG TY HT CHẤT LƯỢNG TỐT. MOI CHỨC NĂNG ĐÂY ĐU. ĐA BAO GỒM BÌNH ĐIÊN. LH 539/15 HƯƠNG LÔ 3.PHƯỜNG BÌNH HƯNG HOA QUÂN BÌNH TÂN,"Quận Bình Tân, Tp Hồ Chí Minh",Mới,Xe đạp điện,Việt Nam,,,11800000,New,Hồ Chí Minh,,
233,https://xe.chotot.com/mua-ban-xe-dap/132987953.htm,2026-06-17 12:19:37,xe_dap_dien,Xe đạp điện BOMELLI Bạc Tốt,2800000,Thông,"Xe đạp điện BOMELLI màu bạc, tình trạng tốt, mua về là chạy ngay. - Xe chạy nghiêm chỉnh, không cần sửa chữa. - Thiết kế đẹp, phù hợp di chuyển hàng ngày.","Quận 1, Tp Hồ Chí Minh",Đã sử dụng,Xe đạp điện,,,,2800000,Used,Hồ Chí Minh,,
234,https://xe.chotot.com/mua-ban-xe-dap/122550206.htm,2026-06-17 10:32:45,xe_dap_dien,Xe đạp điện dragon,3200000,xe đạp điện   xe điện,"Bán xe đạp điện, bình điện đi quãng đường 30km Bảo hành 3 tháng Giao xe tận nơi","Quận Gò Vấp, Tp Hồ Chí Minh",Đã sử dụng,Xe đạp điện,,,,3200000,Used,Hồ Chí Minh,,
235,https://xe.chotot.com/mua-ban-xe-dap/133023079.htm,2026-06-17 09:56:35,xe_dap_dien,Xe đạp điện TAILG GR55 Trắng- mới/ góp tư nhân,2630000,Vy Điện Máy Trả Góp Tại Nhà,"XE ĐẠP ĐIỆN TAILG GR55 CHÍNH HÃNG - TRẢ GÓP NHANH - NHẬN XE NGAY 🔥 🎁 HỖ TRỢ TRẢ GÓP NHANH ✔️ Trả trước thấp ✔️ Thủ tục đơn giản ✔️ Duyệt hồ sơ nhanh ✔️ Nhận xe trong ngày 🚚 Hỗ trợ giao xe tận nơi tại TP.HCM, Bình Dương, Đồng Nai, Thủ Đức, Dĩ An, Thuân An, Biên Hòa và các khu vực lân cận. ☎️ Inbox hoặc gọi ngay để được tư vấn miễn phí!","Thành phố Thủ Đức, Tp Hồ Chí Minh",Mới,Xe đạp điện,Trung Quốc,,,2630000,New,Hồ Chí Minh,,
236,https://xe.chotot.com/mua-ban-xe-dap/133022637.htm,2026-06-17 09:38:42,xe_dap_dien,Xe đạp điện TAILG GR56/ GÓP TẠI NHÀ-BÁN TRẢ GÓP,3900000,THIÊN Ý ĐIỆN MÁY TRẢ GÓP,"🚴⚡ XE ĐẠP ĐIỆN TAILG GR56 – ĐỒNG HÀNH MÙA TỰU TRƯỜNG ⚡🚴 🎒 Năm học mới đã đến! Ba mẹ đang tìm một phương tiện an toàn, tiết kiệm và tiện lợi cho con em đi học mỗi ngày? 💥 TAILG GR56 là lựa chọn hoàn hảo cho học sinh ✅ Kiểu dáng hiện đại, năng động. ✅ Động cơ mạnh mẽ, vận hành ổn định. ✅ Tiết kiệm chi phí hơn xe xăng. ✅ Đèn LED siêu sáng, an toàn khi di chuyển. ✅ Khung xe chắc chắn, bền bỉ theo thời gian. ✅ Phù hợp đi học, đi làm, đi chơi. 🎉 ƯU ĐÃI MÙA TỰU TRƯỜNG 🎉 💥 Trả góp từ 0Đ 💥 Không cần trả trước 💥 Không qua ngân hàng 💥 Chỉ cần CCCD 💥 Góp tuần hoặc góp tháng linh hoạt 💥 Duyệt hồ sơ nhanh chóng","Huyện Nhơn Trạch, Đồng Nai",Mới,Xe đạp điện,Mỹ,,,3900000,New,Đồng Nai,,
237,https://xe.chotot.com/mua-ban-xe-dap/133022526.htm,2026-06-17 09:34:19,xe_dap_dien,Xe điện TAILG GR56 2026 - GÓP NHANH TẠI NHÀ,3500000,Ngọc Bích Điện Máy Trả Góp ,"🔥 TAILG GR56 2026 – Mẫu xe điện đang được nhiều bạn trẻ yêu thích nhờ thiết kế hiện đại, vận hành êm ái và khả năng tiết kiệm chi phí. Nếu bạn đang tìm kiếm một chiếc xe điện đẹp, bền và phù hợp để đi học, đi làm hằng ngày thì TAILG GR56 là lựa chọn rất đáng cân nhắc! ✨ Thiết kế trẻ trung, cá tính ⚡ Động cơ mạnh mẽ, di chuyển linh hoạt 🔋 Tiết kiệm điện, quãng đường di chuyển ổn định 🛵 Phù hợp học sinh, sinh viên và dân văn phòng 💰 Hỗ trợ trả góp thủ tục đơn giản 📞 Liên hệ ngay để được tư vấn chi tiết và nhận những ưu đãi mới nhất! #TAILGGR56 #XeDienTAILG #XeDienGR56 #XeDienHocSinh #XeDienSinhVien #XeDienTraGop #XeDienDep #ReviewXeDien #XeDien2026 #XeDienGiaTot","Quận Bình Tân, Tp Hồ Chí Minh",Mới,Xe đạp điện,Trung Quốc,,,3500000,New,Hồ Chí Minh,,
238,https://xe.chotot.com/mua-ban-xe-dap/133022223.htm,2026-06-17 09:22:30,xe_dap_dien,Xe đạp điện Asama 25-30km/sạc cho học sinh,2500000,Nguyễn Thạnh,"xe đạp điện Asama,xe chạy mượt bình khỏe,xe đi đc 25-30km cho 1lan sạc phù hợp cho các e nhỏ đi học, giá 2tr500.","Huyện Bình Chánh, Tp Hồ Chí Minh",Đã sử dụng,Xe đạp điện,Việt Nam,,,2500000,Used,Hồ Chí Minh,,
239,https://xe.chotot.com/mua-ban-xe-dap/133022213.htm,2026-06-17 09:22:15,xe_dap_dien,Xe đạp điện Yadea 133 màu Đen,3500000,Nguyễn Thạnh,"xe đạp điện 133 bình khỏe xe chạy mượt,xe còn đủ các chức năng,xe đi đc 25-30km cho 1lan sạc giá 3tr500.","Huyện Bình Chánh, Tp Hồ Chí Minh",Đã sử dụng,Xe đạp điện,Việt Nam,,,3500000,Used,Hồ Chí Minh,,
240,https://xe.chotot.com/mua-ban-xe-dap/132511814.htm,2026-06-17 08:36:34,xe_dap_dien,Xe đạp điện Samurai màu Đen,3500000,Nguyễn thái hoài,"Xe đạp điện Samurai màu đen, thiết kế thể thao, cá tính. - Động cơ mạnh mẽ, vận hành êm ái. - Quãng đường di chuyển tốt. - Phù hợp đi học, đi làm.","Quận Sơn Trà, Đà Nẵng",Đã sử dụng,Xe đạp điện,,,,3500000,Used,Đà Nẵng,,
241,https://xe.chotot.com/mua-ban-xe-dap/131641711.htm,2026-06-17 08:14:45,xe_dap_dien,Xe đạp điện JVC chính hãng,9800000,xe máy Trần Trung Bil 1988,"Khách đổi xe ,thanh lý xe đạp điện chính hãng JVC cho chị e mùa hè đi cháy phố Xe mới keng , đẹp lung linh, đồng giá 9tr800 miễn mặc cả Ship các tỉnh","Thành phố Nam Định, Nam Định",Đã sử dụng,Xe đạp điện,,,,9800000,Used,Nam Định,,
242,https://xe.chotot.com/mua-ban-xe-dap/132983254.htm,2026-06-17 07:37:14,xe_dap_dien,XE MỚI GIÁ RẺ .HÔ TRỢ TRẢ GÓP TẠI NHA,3500000,Minh,M133PRO MỚI HÀNG CÔNG TY CHẤT LƯỢNG TỐT. MOI CHỨC NĂNG ĐÂY ĐU. ĐA BAO GỒM BÌNH ĐIÊN. LH 539/15 HƯƠNG LÔ 3.PHƯỜNG BÌNH HƯNG HOA QUÂN BÌNH TÂN,"Quận Bình Tân, Tp Hồ Chí Minh",Mới,Xe đạp điện,Việt Nam,,,3500000,New,Hồ Chí Minh,,
243,https://xe.chotot.com/mua-ban-xe-dap/133020388.htm,2026-06-17 07:34:12,xe_dap_dien,Xe đạp điện Yadea i8 Xanh bạc hà đã sử dụng,8500000,Uyển Nguyễn,Xe đạp điện yadea i8 sử dụng dc 6tháng . còn bảo hành trên 6 tráng . như mới . không trầy xước. Lien hệ ***,"Huyện Hòa Vang, Đà Nẵng",Đã sử dụng,Xe đạp điện,Đài Loan,,,8500000,Used,Đà Nẵng,,
244,https://xe.chotot.com/mua-ban-xe-dap/133020358.htm,2026-06-17 07:31:36,xe_dap_dien,xe đạp điện chính hãng,3200000,Thành Lê,xe đạp điện mới như hình xe chính hãng afha bịke xe đầy đủ chức năng và phụ kiện xe còn rất mới mua về là chạy không cần làm gì xem xe tại 261 Hà huy giáp quận 12 Sài Gòn có nhu cầu liên hệ mình,"Quận 12, Tp Hồ Chí Minh",Đã sử dụng,Xe đạp điện,,,,3200000,Used,Hồ Chí Minh,,
245,https://xe.chotot.com/mua-ban-xe-dap/133018068.htm,2026-06-16 21:33:24,xe_dap_dien,"Xe đạp điện Martin 107 Đen, Đỏ",4300000,Trần Thanh Lâm,"Xe martin 107 giá 4triệu3 , chạy mượt mà . Giá còn thương lượng","Quận 8, Tp Hồ Chí Minh",Đã sử dụng,Xe đạp điện,,,,4300000,Used,Hồ Chí Minh,,
246,https://xe.chotot.com/mua-ban-xe-dap/133015974.htm,2026-06-16 19:08:51,xe_dap_dien,Xe đạp điện Giant 133s Đỏ 4 bình,2500000,Lê Truong ,xe điện 133s 4bình bé.bình tháng 11/2023. đi rất ít.ktra bình còn khẻo đẹp.ngoại hình khá chắc chắn.sơn còn đẹp.đèn còi đầy đủ.phanh mới.sạc mới.giảm sóc nhún còn êm.đi rất nhẹ và bốc.,"Quận Hà Đông, Hà Nội",Đã sử dụng,Xe đạp điện,,,,2500000,Used,Hà Nội,,
247,https://xe.chotot.com/mua-ban-xe-dap/133015887.htm,2026-06-16 19:01:19,xe_dap_dien,Xe đạp trợ lực điện ADO A20 Air Xanh,21500000,Tên chưa cung cấp,"BÁN XE ĐẠP TRỢ LỰC ĐIỆN GẤP ADO A20 Air – NGUYÊN THÙNG, CHƯA MỞ Được tặng – không có nhu cầu sử dụng nên cần thanh lý Giá em để là 21tr5 có thương lượng :))) gdtt tại quận 10","Quận 10, Tp Hồ Chí Minh",Mới,Xe đạp điện,Khác,,,21500000,New,Hồ Chí Minh,,
248,https://xe.chotot.com/mua-ban-xe-dap/132890247.htm,2026-06-16 16:57:15,xe_dap_dien,Xe đạp điện Vespa màu Trắng,7500000,Cửa Hàng Xe Điện Huỳnh Như,Xe dap điện vespa Day du phu kien 35-40km/ sac,"Quận 8, Tp Hồ Chí Minh",Đã sử dụng,Xe đạp điện,Khác,,,7500000,Used,Hồ Chí Minh,,
249,https://xe.chotot.com/mua-ban-xe-dap/132979542.htm,2026-06-16 16:27:15,xe_dap_dien,Xe đạp điện V3 946,13900000,Cửa Hàng Xe Điện Huỳnh Như,"Xe đạp điện V3 946 chính hãng - Trang bị 5 bình lớn cho quãng đường di chuyển 80-90km mỗi lần sạc. - Tốc độ tối đa đạt 50km/h, phù hợp di chuyển trong thành phố. - Thiết kế hiện đại, dễ sử dụng.","Quận 8, Tp Hồ Chí Minh",Mới,Xe đạp điện,Khác,,,13900000,New,Hồ Chí Minh,,
250,https://xe.chotot.com/mua-ban-xe-dap/132569488.htm,2026-06-16 16:12:02,xe_dap_dien,Xe đạp điện hotgirl 5 bình lớn . 3 số . có số,7900000,Quách khải tuấn,"Xe đạp điện hotgirl 5 bình lớn . 3 số . có số lùi nha... ken sài ben.. màu trắng hồng, thiết kế nhỏ gọn, phù hợp cho nữ. - Xe chạy êm, dễ điều khiển. - Tiết kiệm chi phí đi lại. - Ngoại hình đẹp, xe giữ gìn cẩn thận. xem tại nhà","Quận Bình Thạnh, Tp Hồ Chí Minh",Đã sử dụng,Xe đạp điện,,,,7900000,Used,Hồ Chí Minh,,
251,https://xe.chotot.com/mua-ban-xe-dap/132562163.htm,2026-06-16 13:26:06,xe_dap_dien,"xe đạp điện, như mới, bình khỏe, mọi chức năng ok",3599000,Vũ Minh thức,"Xe đạp điện, thiết kế trẻ trung, năng động. như mới, bình khỏe, mỗi chức năng còn rất rất tốt - Động cơ bền bỉ, vận hành êm ái. - Quãng đường di chuyển tốt. - Phù hợp đi học, đi làm.","Quận Tân Bình, Tp Hồ Chí Minh",Đã sử dụng,Xe đạp điện,,,,3599000,Used,Hồ Chí Minh,,
252,https://xe.chotot.com/mua-ban-xe-dap/133008281.htm,2026-06-16 13:03:34,xe_dap_dien,Xe đạp điện draca màu Đỏ,2800000,Huỳnh Thanh Quý,Bé trai ở nhà lớn ko còn sử dụng nữa Bán lại cho ai cần Xe chạy êm Cáp sạc đầy đủ,"Quận 6, Tp Hồ Chí Minh",Đã sử dụng,Xe đạp điện,,,,2800000,Used,Hồ Chí Minh,,
253,https://xe.chotot.com/mua-ban-xe-dap/128406879.htm,2026-06-16 13:01:21,xe_dap_dien,XE ĐIỆN TAILG GR56 - HÀNG CHÍNH HÃNG - TRẢ GÓP,1800000,Lê Hiếu Điện Máy Trả Góp,"TRẢ GÓP SIÊU NHANH – NHẬN HÀNG DỄ DÀNG - ZÁ TRÊN GÓP • Bao nợ xấu, xét duyệt liền tay • Mua điện máy chính hãng • Không cần chứng minh thu nhập, nhà chính chủ không trả trước Gọi ngay để mang về Tivi, Tủ lạnh, Máy giặt tiện lợi!","Quận 3, Tp Hồ Chí Minh",Mới,Xe đạp điện,Việt Nam,,,1800000,New,Hồ Chí Minh,,
254,https://xe.chotot.com/mua-ban-xe-dap/121308391.htm,2026-06-16 12:46:32,xe_dap_dien,Xe đạp điện honda,5500000,xe đạp điện   xe điện,"Bán xe đạp điện, bình điện đi quãng đường 30km Bảo hành 3 tháng Giao xe tận nơi","Quận Gò Vấp, Tp Hồ Chí Minh",Đã sử dụng,Xe đạp điện,Trung Quốc,,,5500000,Used,Hồ Chí Minh,,
255,https://xe.chotot.com/mua-ban-xe-dap/133006897.htm,2026-06-16 11:50:17,xe_dap_dien,Xe đạp điện Asama Xanh,2600000,Hoàng Nam,"cần bán xe đạp điện ASAMA - Điện, đèn, còi đầy đủ","Thành phố Thủ Dầu Một, Bình Dương",Đã sử dụng,Xe đạp điện,,,,2600000,Used,Bình Dương,,
256,https://xe.chotot.com/mua-ban-xe-dap/132929788.htm,2026-06-16 11:48:43,xe_dap_dien,Xe đạp điện Yadea Ninja màu Đen ( Có Trả Góp ),5000000,Thiên Hương,Bán xe đạp điện nija chính hãng đời cao xe đẹp 90% sạc đầy đi 25 - 30km các chức năng hoạt động đầy đủ xem xe tại số 658 đường láng - Hà Nội,"Quận Đống Đa, Hà Nội",Đã sử dụng,Xe đạp điện,,,,5000000,Used,Hà Nội,,
257,https://xe.chotot.com/mua-ban-xe-dap/133006846.htm,2026-06-16 11:48:32,xe_dap_dien,Xe đạp điện DRACA SPORT FUSION 48 Đỏ,2800000,Đặng Huyền Sương ,Gọi *** de xem xe Be trai lớn ko dùng nữa. Bán lại cho ai cần Xe ngon lành chạy im Sạc đày đủ Xe truoc day bé dung de di học,"Quận 6, Tp Hồ Chí Minh",Đã sử dụng,Xe đạp điện,Đài Loan,,,2800000,Used,Hồ Chí Minh,,
258,https://xe.chotot.com/mua-ban-xe-dap/133006677.htm,2026-06-16 11:41:45,xe_dap_dien,Xe điện VO trắng tím cute bình mới thay,6100000,Hoàng Lê,Xe điện VC Tím trắng cute bình mới thay thiên năng xịn,"Quận Bình Tân, Tp Hồ Chí Minh",Đã sử dụng,Xe đạp điện,,,,6100000,Used,Hồ Chí Minh,,
259,https://xe.chotot.com/mua-ban-xe-dap/133006466.htm,2026-06-16 11:33:35,xe_dap_dien,"Xe đạp điện KAZUKI V3 Tím , Xe Máy Êm Sạc Bình Đủ",5200000,Duy Khánh,"Xe đạp điện KAZUKI V3 màu tím, động cơ 400W, thiết kế nhỏ gọn, chạy mượt mà. - Xe còn nguyên bình và sạc. - Thích hợp di chuyển trong thành phố.","Quận 12, Tp Hồ Chí Minh",Đã sử dụng,Xe đạp điện,Việt Nam,,,5200000,Used,Hồ Chí Minh,,
260,https://xe.chotot.com/mua-ban-xe-dap/131122669.htm,2026-06-16 11:18:43,xe_dap_dien,Xe đạp điện Giant M133 Plus mới 100% Có Trả Góp,8200000,Thiên Hương,Bán xe đạp điện giant m133 plus mới 100% Hỗ trợ Trả Góp Nhanh Chóng xe chạy 4 bình to khỏe các chức năng hoạt động đầy đủ sạc đầy đi 50-60km/1 lần sạc Bảo hành 12 tháng Ai có nhu cầu ib zalo để biết thêm chi tiết Xem xe tại số 658 Đường Láng - Hà Nội ship cod toàn quốc ( có cọc),"Quận Đống Đa, Hà Nội",Mới,Xe đạp điện,Việt Nam,,,8200000,New,Hà Nội,,
261,https://xe.chotot.com/mua-ban-xe-dap/133005758.htm,2026-06-16 11:09:20,xe_dap_dien,Xe đạp điện Yadea màu Đen,700000,Cong Thanh,Cần Thanh Lý xe đạp điện giá rẻ anh em nào cần pm,"Thành phố Tân An, Long An",Đã sử dụng,Xe đạp điện,,,,700000,Used,Long An,,
262,https://xe.chotot.com/mua-ban-xe-dap/133005579.htm,2026-06-16 11:02:43,xe_dap_dien,Xe đạp điện Asama Xanh đã sử dụng,2500000,Hoanganh Nguyen,"xe còn đẹp, bình còn tốt, cặp vỏ mới thay,2,500k a","Thành phố Thủ Dầu Một, Bình Dương",Đã sử dụng,Xe đạp điện,,,,2500000,Used,Bình Dương,,
263,https://xe.chotot.com/mua-ban-xe-dap/133004723.htm,2026-06-16 10:36:19,xe_dap_dien,Xe đạp điện HKD06 Xanh đã sử dụng,2700000,Phượng Hoàng Lửa,"Xe đạp điện HKD06 màu xanh, mới thay bình ắc quy. - Xe vận hành tốt, ngoại hình còn mới. - Giá 2.700.000 đồng. Lh ***","Thành phố Dĩ An, Bình Dương",Đã sử dụng,Xe đạp điện,,,,2700000,Used,Bình Dương,,
264,https://xe.chotot.com/mua-ban-xe-dap/133003138.htm,2026-06-16 09:41:16,xe_dap_dien,"Xe đạp điện Sonsu Xanh, Đỏ mới thay pin 5 tháng",4000000,hong phat Nguyen,"Xe đạp điện sonsu mới thay bình được 5 tháng Từ phuộc tới vỏ không lỗi lầm, sườn chắc Ae rảnh ghé xem xe thử, rất sẵn lòng Thay 4 bình 1tr6 hồi tháng 1 về chỉ chạy","Huyện Cần Giuộc, Long An",Đã sử dụng,Xe đạp điện,,,,4000000,Used,Long An,,
265,https://xe.chotot.com/mua-ban-xe-dap/133002837.htm,2026-06-16 09:30:53,xe_dap_dien,Xe điện JVC G9 Xanh,6500000,Như ý kho xưởng miền nam,"* ✅ Thiết kế nhỏ gọn, dễ lái. * ✅ Đèn pha LED kiểu dáng hiện đại. * ✅ Bánh xe không săm, vành đúc thể thao. * ✅ Phuộc trước giảm xóc giúp đi êm hơn. * ✅ Yên dài, chở thêm người ngồi phía sau thuận tiện. * ✅ Sàn để chân rộng, thoải mái khi sử dụng.","Thành phố Thủ Dầu Một, Bình Dương",Mới,Xe đạp điện,Trung Quốc,,,6500000,New,Bình Dương,,
266,https://xe.chotot.com/mua-ban-xe-dap/133002483.htm,2026-06-16 09:17:01,xe_dap_dien,Xe đạp trợ lực điện Yamaha màu xanh tiger!,2700000,Bảo,"Cần bán xe đạp trợ lực điện hiệu pas yamaha zin nguyên bản đời đầu ít sử dụng, xe đi nhẹ đầm rất trớn, 3 số hoạt động nhẹ nhàng, bình mới thay 3 tháng, mọi chức năng đều hoạt động tốt, đời này rất bền, xe chuẩn ko cần sửa gì thêm, ai cần liên hệ!","Thành phố Châu Đốc, An Giang",Đã sử dụng,Xe đạp điện,Nhật Bản,,,2700000,Used,An Giang,,
267,https://xe.chotot.com/mua-ban-xe-dap/133002097.htm,2026-06-16 09:00:23,xe_dap_dien,Xe đạp điện Yamaha đỏ đã sử dụng,3500000,Nguyễn Đăng Khoa,"Cần bán xe đạp điện Yamaha đang sử dụng, tình trạng còn rất tốt do ít đi. Xe chủ yếu dùng để đi chợ gần nhà nên còn khá mới, vận hành ổn định. Thông tin: Tình trạng: Đã sử dụng, còn mới Máy móc hoạt động tốt, chạy êm Bình/ắc quy sử dụng bình thường Đèn, còi, phanh hoạt động đầy đủ Phù hợp đi học, đi làm hoặc đi lại trong khu dân cư Giá bán: 3.500.000đ Khách có thể đến xem và chạy thử xe trước khi quyết định mua. Ưu tiên giao dịch trực tiếp. Liên hệ để biết thêm thông tin.","Quận 12, Tp Hồ Chí Minh",Đã sử dụng,Xe đạp điện,,,,3500000,Used,Hồ Chí Minh,,
268,https://xe.chotot.com/mua-ban-xe-dap/116111425.htm,2026-06-16 08:14:49,xe_dap_dien,"Bán trả góp, Xe đạp điện, Trả góp tuần/tháng",650000,Trả Góp Điện Máy Lê Triều,"- Bán trả góp xe đạp điện, Trả góp theo tuần/tháng - Bảo hành chính hãng - Thủ tục đơn giản, giao hàng trong ngày - Miễn phí giao hàng tận nhà","Quận 12, Tp Hồ Chí Minh",Đã sử dụng,Xe đạp điện,Đức,,,650000,Used,Hồ Chí Minh,,
269,https://xe.chotot.com/mua-ban-xe-dap/133000958.htm,2026-06-16 07:50:57,xe_dap_dien,Xe đạp điện iBike E6 Thể thao Đỏ,5550000,Nguyễn Lê Khánh,"Xe đạp điện iBike E6 màu đỏ, kiểu dáng thể thao, phù hợp di chuyển trong thành phố. - Xe còn mới, chạy êm. - Động cơ mạnh mẽ, tiết kiệm pin. - Thiết kế nhỏ gọn, dễ điều khiển.xe chạy 45 đến 50km cho 1 lần sạc.4 bình cao. xe như mới chưa 1 vết trầy","Huyện Hóc Môn, Tp Hồ Chí Minh",Đã sử dụng,Xe đạp điện,,,,5550000,Used,Hồ Chí Minh,,
270,https://xe.chotot.com/mua-ban-xe-dap/133000679.htm,2026-06-16 07:30:13,xe_dap_dien,Xe đạp điện Gicini SK Thể thao màu Đen,3500000,Hùng Nguyễn Thanh,"Xe đạp điện Gicini SK màu đen, điện áp 49.6V, thiết kế thể thao, vận hành êm ái. - Khung xe chắc chắn, tải trọng tốt. - Pin dung lượng cao, di chuyển xa. - Phù hợp đi lại hàng ngày.","Quận 7, Tp Hồ Chí Minh",Đã sử dụng,Xe đạp điện,,,,3500000,Used,Hồ Chí Minh,,
271,https://xe.chotot.com/mua-ban-xe-dap/132641748.htm,2026-06-16 07:13:48,xe_dap_dien,Xe đạp điện Pega A9,5350000,hoang viet,Do không có nhu cầu sử dụng nữa cần bán lại xe cáp hãng mega xe mọi chức năng hoạt động bình thường mua về xài ngay không cần phải sửa chữa,"Thị xã Tân Uyên, Bình Dương",Đã sử dụng,Xe đạp điện,Thái Lan,,,5350000,Used,Bình Dương,,
272,https://xe.chotot.com/mua-ban-xe-dap/133000413.htm,2026-06-16 07:07:50,xe_dap_dien,Xe đạp điện Giant 133Splus Anbico màu Đỏ,4400000,Xe điện Bình Phương,"Giant83 ✅ Xe điện Giant133Splus Anbico đỏ bình to ắc quy lướt 2026 giá 4tr4 ➡️Xe chính hãng cực chắc chắn ➡️ Hình thức đẹp, xe chạy êm, động cơ zin, ắc quy khoẻ ➡️ Mọi chức năng hoạt động tốt, xe đã được bảo dưỡng toàn bộ, ☎️ *** (zalo,fb,mess) có trả góp 📌 Cửa hàng xe điện Bình Phương, sn 15 ngõ 195/91 Trần Cung, Hà Nội","Quận Cầu Giấy, Hà Nội",Đã sử dụng,Xe đạp điện,Đài Loan,,,4400000,Used,Hà Nội,,
273,https://xe.chotot.com/mua-ban-xe-dap/133000395.htm,2026-06-16 07:06:18,xe_dap_dien,Xe đạp điện Sakura Trắng,2000000,trọng đạt,"Xe đạp điện Sakura màu trắng, thiết kế phù hợp cho cả nam và nữ. - Kiểu dáng thời trang, dễ điều khiển. - Pin khỏe, di chuyển êm ái. - Thích hợp đi học, đi làm hàng ngày.","Huyện Thanh Oai, Hà Nội",Đã sử dụng,Xe đạp điện,,,,2000000,Used,Hà Nội,,
274,https://xe.chotot.com/mua-ban-xe-dap/133000364.htm,2026-06-16 07:04:15,xe_dap_dien,Xe đạp điện Yadea Tye 3 Pro Đen 50km/lần sạc,13000000,qvuong,Mình cần bán Xe đạp điện tye 3 pro Mới mua được tháng 5 2026 Chạy khoảng 50km trên lần sạc Cám ơn ạ,"Thành phố Dĩ An, Bình Dương",Đã sử dụng,Xe đạp điện,Việt Nam,,,13000000,Used,Bình Dương,,
275,https://xe.chotot.com/mua-ban-xe-dap/132895620.htm,2026-06-15 22:37:03,xe_dap_dien,Xe đạp điện màu đỏ,3200000,Xuân Trường 68,xe còn rất mới đẹp moi chức nặng hoạt động tốt chạy êm ru loại chạy bin lithium 2025,"Huyện Thuỷ Nguyên, Hải Phòng",Đã sử dụng,Xe đạp điện,,,,3200000,Used,Hải Phòng,,
276,https://xe.chotot.com/mua-ban-xe-dap/132998030.htm,2026-06-15 21:14:23,xe_dap_dien,Xe đạp điện Trắng Đã sử dụng 40-45 km/sạc,7800000,Phạm Huy Ket,"Xe đạp điện màu trắng, kiểu dáng hiện đại, vận hành êm ái. - Xe đã sử dụng được hơn 1 năm có chút xước xát - Động cơ mạnh mẽ, tiết kiệm năng lượng. - Phù hợp di chuyển trong thành phố. - Sạc đầy đi được khoảng 40, 45 km - 2 chìa khoá từ và 2 chìa khoá cơ còn đủ","Quận Cẩm Lệ, Đà Nẵng",Đã sử dụng,Xe đạp điện,,,,7800000,Used,Đà Nẵng,,
277,https://xe.chotot.com/mua-ban-xe-dap/129414793.htm,2026-06-15 20:16:40,xe_dap_dien,XE đạp điện Draca dành cho học sinh công suất 500W,1320000,Huy Đồng,Trả góp bao nợ xấu Thủ tục nhanh chóng Ko giữ CMND/CCCD Bảo mật thông tin khách hàng Hỗ trợ 0 trả trước Bảo hành chính hãng 2 năm Không chi phú phát sinh,"Huyện Bình Chánh, Tp Hồ Chí Minh",Mới,Xe đạp điện,Nhật Bản,,,1320000,New,Hồ Chí Minh,,
278,https://xe.chotot.com/mua-ban-xe-dap/132994753.htm,2026-06-15 17:41:38,xe_dap_dien,Xe đạp điện Yadea 133 Đen Bình nhỏ,4300000,Nguyễn Thạnh,"xe đạp điện 133 bình nhỏ,xe đẹp như mới,xe chạy mượt bình khỏe,xe còn đủ các chức năng,xe đi đc 25-30km cho 1lan sạc giá 4tr300.","Huyện Bình Chánh, Tp Hồ Chí Minh",Đã sử dụng,Xe đạp điện,Việt Nam,,,4300000,Used,Hồ Chí Minh,,
279,https://xe.chotot.com/mua-ban-xe-dap/132994602.htm,2026-06-15 17:31:55,xe_dap_dien,Xe đạp điện SKY86 Mới bảo hành 1 năm,8500000,Mrs Móm ,Xe điện mới 100% Tất cả được bảo hành 1 năm( có sổ bảo hành),"Thành phố Huế, Thừa Thiên Huế",Mới,Xe đạp điện,Đài Loan,,,8500000,New,Huế,,
280,https://xe.chotot.com/mua-ban-xe-dap/132992669.htm,2026-06-15 16:00:41,xe_dap_dien,Xe đạp điện Yamaha Trắng Xám,3200000,Lý Huệ Vân,"Em có chiếc xe đạp điện Yamaha, xe chạy pin không chạy bình, pin mới thay, xe nhẹ chạy được quãng đường. dài phù hợp cho học sinh đi học và người lớn đi chợ. Xe còn hoạt động được tất cả chức năng.","Thành phố Dĩ An, Bình Dương",Đã sử dụng,Xe đạp điện,Khác,,,3200000,Used,Bình Dương,,
281,https://xe.chotot.com/mua-ban-xe-dap/132992642.htm,2026-06-15 15:59:52,xe_dap_dien,Xe đạp điện Yamaha đi học đi chợ,3200000,Lý Huệ Vân,"Em có chiếc xe đạp điện Yamaha, xe chạy pin không phải chạy bình. Pin mới thay, trọng lượng nhẹ phù hợp cho trẻ đi học và người lớn đi chợ. Xe còn sử dụng full chức năng.","Thành phố Biên Hòa, Đồng Nai",Đã sử dụng,Xe đạp điện,Nhật Bản,,,3200000,Used,Đồng Nai,,
282,https://xe.chotot.com/mua-ban-xe-dap/132986922.htm,2026-06-15 11:33:41,xe_dap_dien,Xe đạp điện Yadea N9 Neo màu Đen,5900000,Tên chưa cung cấp,"Nhà trật cần bán ,ae thiện chi mình bớt ti nha","Quận Bình Tân, Tp Hồ Chí Minh",Đã sử dụng,Xe đạp điện,Nhật Bản,,,5900000,Used,Hồ Chí Minh,,
283,https://xe.chotot.com/mua-ban-xe-dap/132986763.htm,2026-06-15 11:27:19,xe_dap_dien,Xe đạp điện trợ lực Phoenix Đen 30-40km,8500000,Long,"xe đạp điện trợ lực, pin còn tốt sạc đầy đi khoảng 30-40km, pin có thể tháo rời đem vào nhà sạc , khi hết pin đạp nhẹ như xe đạp thường xe này rất thích hợp cho học sinh đi học.","Quận Ninh Kiều, Cần Thơ",Đã sử dụng,Xe đạp điện,Trung Quốc,,,8500000,Used,Cần Thơ,,
284,https://xe.chotot.com/mua-ban-xe-dap/132986721.htm,2026-06-15 11:25:51,xe_dap_dien,Xe đạp điện G-force Đen 30km,4700000,Lê Bùi Bằng Tuân,Xe đạp điện gấp gọn pin 15ah chạy tầm 30km hơn q12 chợ cầu giá 4tr7,"Quận 12, Tp Hồ Chí Minh",Đã sử dụng,Xe đạp điện,,,,4700000,Used,Hồ Chí Minh,,
285,https://xe.chotot.com/mua-ban-xe-dap/132797688.htm,2026-06-15 11:20:50,xe_dap_dien,XE MỚI HÀNG CÔNG TY HT . ĐÃ ĐU BÌNH ĐIÊN TO,11800000,Minh,V1 MỚI HÀNG HOTTREN XỊN XO CHẤT LƯỢNG TỐT. MOI CHỨC NĂNG ĐÂY ĐU. ĐA BAO GỒM BÌNH ĐIÊN MỚI. LH 539/15 HƯƠNG LÔ 3.PHƯỜNG BÌNH HƯNG HOA QUÂN BÌNH TÂN,"Quận Bình Tân, Tp Hồ Chí Minh",Mới,Xe đạp điện,Việt Nam,,,11800000,New,Hồ Chí Minh,,
286,https://xe.chotot.com/mua-ban-xe-dap/132984593.htm,2026-06-15 10:05:37,xe_dap_dien,Xe đạp điện Yamaha Nhật Đen 3 số,3000000,Nguyễn Ngọc hùng,"Nghe đồn con đạp điện này là hàng bãi nhật . Do em đc tặng mà ko sử dụng nên bán ai có nhu cầu chơi hàng này lh em . Xe có sạc đầy đủ , kèn đèn hoạt động tốt , hãng yamaha 3 số . Ai mua lh ***","Huyện Bình Chánh, Tp Hồ Chí Minh",Đã sử dụng,Xe đạp điện,Nhật Bản,,,3000000,Used,Hồ Chí Minh,,
287,https://xe.chotot.com/mua-ban-xe-dap/115080476.htm,2026-06-15 09:48:06,xe_dap_dien,Xe đạp điện 4 bình mới 100%,7500000,xe đạp điện   xe điện,"• Bán xe đạp điện mới 100%, bình điện đi được quãng đường 50-60km,khóa điều khiển bằng remote • Bảo hành 1 năm • Giao xe tận nơi","Quận Gò Vấp, Tp Hồ Chí Minh",Mới,Xe đạp điện,,,,7500000,New,Hồ Chí Minh,,
288,https://xe.chotot.com/mua-ban-xe-dap/116970184.htm,2026-06-15 09:27:33,xe_dap_dien,XE ĐIỆN GRANT 133 MỚI 100% BH 1 NĂM,4800000,XE ĐIỆN TỔNG KHO TPHCM,"===>TẶNG (REMOTE CHỐNG TRỘM 3 trong 1 ĐIỀU KHIỂN XE THÔNG MINH,SẠC ĐA NĂNG 2 CHẾ ĐỘ VỪA ĐI VỪA SẠC )))TRỊ GIÁ 4000K ===>XE MỚI 100% BẢO HÀNH TẬN NHÀ 1 NĂM ==>MÀN HÌNH LED HIỂN THỊ NHIỆT ĐỘ,VẬN TỐC ====>(SẠC NHANH TRONG VÒNG 2 tiếng))!! ====> XE SỬ DỤNG IC ĐÚC CHẤT LƯỢNG CAO! GIAO HÀNG TOÀN QUỐC CÁC TỈNH LÂN CẬN!! KÍNH MỜI ANH CHỊ ĐẾN SỐ","Quận 7, Tp Hồ Chí Minh",Mới,Xe đạp điện,Nhật Bản,,,4800000,New,Hồ Chí Minh,,
289,https://xe.chotot.com/mua-ban-xe-dap/132983340.htm,2026-06-15 09:12:08,xe_dap_dien,Thanh lý 2 xe đạp điện còn hoạt động,4500000,Tại Thiên,"Thanh lý 1 cặp xe đạp điện,2 xe còn hoạt động ,xe đỏ chạy tầm 15km xe trắng thì còn hoạt động nhưng di chuyển ko linh hoạt,em bán cả cặp ,anh em thợ nào ưng có thể inbox thương lượng giá","Huyện Nhà Bè, Tp Hồ Chí Minh",Đã sử dụng,Xe đạp điện,,,,4500000,Used,Hồ Chí Minh,,
290,https://xe.chotot.com/mua-ban-xe-dap/132982812.htm,2026-06-15 08:43:26,xe_dap_dien,Xe đạp trợ lực Honda Nhật Bản Xanh Bạc,4500000,anhkosai86,cần bán xe đạp honda trợ lực nội địa nhật. động cơ còn chạy bình thường. ắc quy hư. ae về thay ắc quy mới sử dụng ạ.,"Thành phố Rạch Giá, Kiên Giang",Đã sử dụng,Xe đạp điện,Nhật Bản,,,4500000,Used,Kiên Giang,,
291,https://xe.chotot.com/mua-ban-xe-dap/132982234.htm,2026-06-15 08:05:38,xe_dap_dien,"Xe đạp điện , xe điện qua sử dụng.",5350000,quang le,"xe đạp điện, xe điện qua sử dụng. Chất lượng đảm bảo, xe sạch đẹp. liên hệ trực tiếp để biết thêm thông tin về xe. Giá bán tuỳ theo tình trạng xe. xem xe trực tiếp tại Đà Lạt. nhận ship toàn quốc có cọc.","Thành phố Đà Lạt, Lâm Đồng",Đã sử dụng,Xe đạp điện,Khác,,,5350000,Used,Lâm Đồng,,
292,https://xe.chotot.com/mua-ban-xe-dap/132982187.htm,2026-06-15 08:02:30,xe_dap_dien,Xe đạp điện Kumatsu 133 màu Đỏ,4000000,lê đức trúc,"cần bán xe 133 xe khỏe, bình mới thay tháng 2","Quận 12, Tp Hồ Chí Minh",Đã sử dụng,Xe đạp điện,,,,4000000,Used,Hồ Chí Minh,,
293,https://xe.chotot.com/mua-ban-xe-dap/132982176.htm,2026-06-15 08:02:07,xe_dap_dien,Xe đạp điện màu Xanh dương,3000000,hoduoc,E bán xe đẹp siêu xinh đồng giá 3tr xem xe ở bà điểm hóc môn ạ,"Huyện Hóc Môn, Tp Hồ Chí Minh",Đã sử dụng,Xe đạp điện,,,,3000000,Used,Hồ Chí Minh,,
295,https://xe.chotot.com/mua-ban-xe-dap/132981599.htm,2026-06-15 07:11:38,xe_dap_dien,Xe đạp điện Yadea màu Đỏ mới thay pin,1900000,Độc Mã Hành,"con đi học cấp 3 không đi nữa bán rẻ cho ai cần ,bình mới thay 4 tháng đi khỏe.","Thành phố Biên Hòa, Đồng Nai",Đã sử dụng,Xe đạp điện,,,,1900000,Used,Đồng Nai,,
296,https://xe.chotot.com/mua-ban-xe-dap/132981571.htm,2026-06-15 07:07:56,xe_dap_dien,Xe đạp điện Sonsu màu Xanh,3500000,Trần Hoàng Long,"Xe sonsu bình khoẻ , chạy còn ngon nha ae… ưng thì ib ( 3trieu500) có bộ sạc nha ae","Quận 8, Tp Hồ Chí Minh",Đã sử dụng,Xe đạp điện,,,,3500000,Used,Hồ Chí Minh,,
297,https://xe.chotot.com/mua-ban-xe-dap/129097425.htm,2026-06-14 22:18:12,xe_dap_dien,Bán xe đạp điện mới 90% đã dọn bảo dưỡng Bình 30km,3900000,XE ĐIỆN GIÁ RẺ,Xe dọn sạch sẽ từ trong ra ngoài bảo đảm chất lượng,"Thành phố Biên Hòa, Đồng Nai",Đã sử dụng,Xe đạp điện,,,,3900000,Used,Đồng Nai,,
298,https://xe.chotot.com/mua-ban-xe-dap/131631067.htm,2026-06-14 22:17:11,xe_dap_dien,"Xe điện 133 mới 100%, bản cao cấp 2026",6700000,XE ĐIỆN THÚY DUYÊN,xe điện 133 mới 100% đã bao gồm xe bình điện và full phụ kiện đi cùng. . bảo hành 24 tháng khung. bảo hành 12 tháng động cơ bình và ic. giá bán trực tiếp nhà cung cấp rẻ hơn so với mặt bằng chung. liên shop ngay ạ.,"Thành phố Biên Hòa, Đồng Nai",Mới,Xe đạp điện,Việt Nam,,,6700000,New,Đồng Nai,,
299,https://xe.chotot.com/mua-ban-xe-dap/131632459.htm,2026-06-14 22:16:45,xe_dap_dien,Xe điện V1 Plus Livo Xi nhan audi 7 màu. bảo hành,11900000,XE ĐIỆN THÚY DUYÊN,xe điện v1plus livo mới 100% bảo hành dài hạn. xe đã bao gồm 5 bình điện lớn và full phụ kiện kèm theo xe.,"Thành phố Biên Hòa, Đồng Nai",Mới,Xe đạp điện,Việt Nam,,,11900000,New,Đồng Nai,,
300,https://xe.chotot.com/mua-ban-xe-dap/132978529.htm,2026-06-14 19:44:33,xe_dap_dien,"Xe đạp điện Sufat Trắng, Xanh",3200000,Xe điện TRI TÔN ,"Nguyên con chính hãng Sufat. Hãng xe hàng đầu thế giới. Xe nguyên zin, chất lượng cao thì anh em yên tâm. Thích hợp cho các em học sinh. Giá bao tốt cho anh em.","Huyện Tri Tôn, An Giang",Đã sử dụng,Xe đạp điện,,,,3200000,Used,An Giang,,
301,https://xe.chotot.com/mua-ban-xe-dap/132975650.htm,2026-06-14 16:25:21,xe_dap_dien,Xe đạp điện Yadea D155 Hồng,3500000,Tên chưa cung cấp,đổi xe lớn cho bé nên dư dùng cần thanh lý hoặc đổi mẫu cho bé trai,"Huyện Bình Chánh, Tp Hồ Chí Minh",Đã sử dụng,Xe đạp điện,,,,3500000,Used,Hồ Chí Minh,,
302,https://xe.chotot.com/mua-ban-xe-dap/132375754.htm,2026-06-14 16:02:03,xe_dap_dien,Xe đạp điện Giant M133 Xanh đen,3800000,Huylam,"M133 đi giữ đẹp như mới M133 ĐIỆN - Dáng Sang, Đi Nhẹ, Cực Bền ♻️ - Giá : 3tr800 💸 📌 BẢO HÀNH LÂU DÀI - UY TÍN ! 📌 Tặng bộ sạc mới 100% và khoá chống trộm 📌 Ship Hàng TOÀN QUỐC - Nhanh chóng ---- 📞 LH tư vấn miễn phí : ***( zalo / video call ) 🕹️ Địa chỉ: 389 đội cấn-ba đình - Hà Nội. ❇️ Cửa Hàng Xe Điện Huy Lâm","Quận Ba Đình, Hà Nội",Đã sử dụng,Xe đạp điện,,,,3800000,Used,Hà Nội,,
303,https://xe.chotot.com/mua-ban-xe-dap/132972115.htm,2026-06-14 13:07:20,xe_dap_dien,Xe đạp điện Yadea màu Đen còn mới,3700000,Như ý kho xưởng miền nam,Cần bán xe đang chạy tốt bình mới 100% tốc độ cao nhất có thể chạy 40 đến 45 km/h 1 lần sạc có thể đi được 35 đến 40 cây hãy đến xem xe thực tế nhé xin cảm ơn đã đọc tin,"Thành phố Thủ Dầu Một, Bình Dương",Đã sử dụng,Xe đạp điện,Nhật Bản,,,3700000,Used,Bình Dương,,
304,https://xe.chotot.com/mua-ban-xe-dap/132972012.htm,2026-06-14 13:02:06,xe_dap_dien,Xe đạp điện Yadea màu Xanh còn mới,2299000,Hải Đăng Trần,Bán xe đạp điện như hình giá rẻ còn mới,"Huyện Bình Chánh, Tp Hồ Chí Minh",Đã sử dụng,Xe đạp điện,Khác,,,2299000,Used,Hồ Chí Minh,,
305,https://xe.chotot.com/mua-ban-xe-dap/132971206.htm,2026-06-14 12:19:39,xe_dap_dien,Xe đạp điện Yamaha Trắng,1500000,Vo van duong,"Xe đạp điện Yamaha màu trắng, kiểu dáng thời trang, vận hành êm ái. - Thiết kế nhỏ gọn, dễ điều khiển. -moi thay binh mới , di chuyển xa. - Phù hợp đi học, đi làm.....","Huyện Chợ Mới, An Giang",Đã sử dụng,Xe đạp điện,,,,1500000,Used,An Giang,,
306,https://xe.chotot.com/mua-ban-xe-dap/132922116.htm,2026-06-14 11:13:24,xe_dap_dien,Xe đạp điện Nijia Thể thao màu Đỏ,5150000,Nguyễn Chính Công,"Xe đạp điện Nijia màu đỏ, kiểu dáng thể thao, phù hợp di chuyển trong thành phố. - Thiết kế năng động, trẻ trung. - Động cơ bền bỉ, vận hành êm ái. - Xe đã được đại tu. Thay bộ bình mới khi các bạn đặt mua xe.","Quận Tân Phú, Tp Hồ Chí Minh",Đã sử dụng,Xe đạp điện,Trung Quốc,,,5150000,Used,Hồ Chí Minh,,
307,https://xe.chotot.com/mua-ban-xe-dap/132968048.htm,2026-06-14 09:50:20,xe_dap_dien,Xe đạp điện 133 lắp bình mới 100% bảo hành 12t,4800000,XE ĐIỆN THÚY DUYÊN,"Xe điện 133 ngoại hình 95% đã tân trang bảo dưỡng toàn bộ xe. - Xe mới 95%, bình điện lắp mới 100% bảo hành 12 tháng. - Kèm đầy đủ phụ kiện. sạc mới 100% - Bảo hành 12 tháng bình điện, 3 tháng động cơ IC.","Thành phố Biên Hòa, Đồng Nai",Đã sử dụng,Xe đạp điện,,,,4800000,Used,Đồng Nai,,
308,https://xe.chotot.com/mua-ban-xe-dap/132968019.htm,2026-06-14 09:48:46,xe_dap_dien,xe đạp điện hM lắp bình mới 100% bảo hành 12t,2950000,XE ĐIỆN THÚY DUYÊN,"Xe đạp điện HHD06 màu xám, ngoại hình 95% đã tân trang bảo dưỡng toàn bộ. - Bình điện lắp mới 100%, bảo hành 12 tháng bình. - Kèm đầy đủ phụ kiện, sạc mới 100%. - Bảo hành 3 tháng động cơ IC.","Thành phố Biên Hòa, Đồng Nai",Đã sử dụng,Xe đạp điện,,,,2950000,Used,Đồng Nai,,
309,https://xe.chotot.com/mua-ban-xe-dap/132967952.htm,2026-06-14 09:45:25,xe_dap_dien,xe điện 133 Osaka bình mới 100% bảo hành bình 12t,4800000,XE ĐIỆN THÚY DUYÊN,"Xe điện 133 Osaka ngoại hình 95% đã tân trang bảo dưỡng toàn bộ xe. - Xe mới 95%, bình điện lắp mới 100% bảo hành 12 tháng. - Kèm đầy đủ phụ kiện. sạc mới 100% - Bảo hành 12 tháng bình điện, 3 tháng động cơ IC.","Thành phố Biên Hòa, Đồng Nai",Đã sử dụng,Xe đạp điện,,,,4800000,Used,Đồng Nai,,
310,https://xe.chotot.com/mua-ban-xe-dap/131780452.htm,2026-06-14 09:28:54,xe_dap_dien,"xe đạp điện,4 bình mới đét",4300000,Cao tu,Tôi cần bán chiếc xe đạp điện đang đi ngon.Mọi chức năng hoạt động tốt.Ai cần alo tôi.,"Thị xã Phú Mỹ, Bà Rịa - Vũng Tàu",Đã sử dụng,Xe đạp điện,,,,4300000,Used,Vũng Tàu,,
311,https://xe.chotot.com/mua-ban-xe-dap/132047846.htm,2026-06-14 09:13:18,xe_dap_dien,Xe đạp điện Crazy Bull S Vàng,4000000,Minh Thong,"Xe đạp điện Crazy Bull S màu vàng, thiết kế trẻ trung, năng động. - Động cơ mạnh mẽ, di chuyển êm ái. - Phù hợp đi học, đi làm, dạo phố.","Quận Bình Tân, Tp Hồ Chí Minh",Đã sử dụng,Xe đạp điện,Đài Loan,,,4000000,Used,Hồ Chí Minh,,
312,https://xe.chotot.com/mua-ban-xe-dap/132965710.htm,2026-06-14 07:03:01,xe_dap_dien,Xe đạp điện Yadea Trắng,2500000,Quân Vũ,"Xe đạp điện màu trắng, phù hợp cho cả nam và nữ. - Thiết kế trẻ trung, năng động. - Di chuyển nhẹ nhàng, tiết kiệm sức. - Thích hợp đi học, đi làm, đi chợ. Giá sinh viên . 2,5tr Lh ***","Quận Lê Chân, Hải Phòng",Đã sử dụng,Xe đạp điện,,,,2500000,Used,Hải Phòng,,
313,https://xe.chotot.com/mua-ban-xe-dap/132965601.htm,2026-06-14 06:48:24,xe_dap_dien,"Xe đạp điện SONSU Đen, Đỏ",4800000,huy hoàng,"Xe đạp điện SONSU chính hãng ,xe ít đi còn rất đẹp","Quận Bình Thuỷ, Cần Thơ",Đã sử dụng,Xe đạp điện,,,,4800000,Used,Cần Thơ,,
314,https://xe.chotot.com/mua-ban-xe-dap/132380078.htm,2026-06-14 06:23:11,xe_dap_dien,Xe đạp điện M133 Xanh ngọc,8800000,Kho Xe Điện Thủ Đức,"Hãy tìm và giúp tôi tạo bài đăng xe đạp điện, M133 & Xbull ngắn gọn để đăng chợ tốt ⚡ XE ĐẠP ĐIỆN M133 – NHỎ GỌN, TIẾT KIỆM, DỄ ĐI ⚡ Phù hợp học sinh – sinh viên – đi làm gần ✅ Chạy 40–60km/lần sạc ✅ Động cơ khỏe, leo dốc nhẹ tốt ✅ Xe nhỏ gọn, dễ chạy ✅ Có cốp + sàn để chân tiện lợi ✅ Tiết kiệm điện, sạc đơn giản Giá cực tốt – hỗ trợ giao xe Inbox để xem xe & nhận ưu đãi ngay!","Thành phố Thủ Đức, Tp Hồ Chí Minh",Mới,Xe đạp điện,Việt Nam,,,8800000,New,Hồ Chí Minh,,
315,https://xe.chotot.com/mua-ban-xe-dap/132454391.htm,2026-06-14 05:01:31,xe_dap_dien,Xe đạp điện Anphal 133 Đen,4700000,cá nhân,"Bán xe điện 133 hiệu Anphal còn đẹp mới chạy nhanh khoẻ êm ru , bình điện còn tốt nên yên tâm sử dụng ! Mọi chức năng còi đèn xi nhan khoá khiển chống trộm đầy đủ , phanh trước sau nhẹ nhàng an toàn ! Xe đã được bảo dưỡng kỹ nên mua về chỉ việc sử dụng như xe mới chứ không phải sửa thêm bất cứ thứ gì , xe và bình điện bảo hành 2 tháng cho khách mua yên tâm ! Ai cần mua cho con đi học , đi làm hay sử dụng gia đình thì liên hệ nhé ! Xem xe tes chạy thử thoải mái !","Quận Liên Chiểu, Đà Nẵng",Đã sử dụng,Xe đạp điện,,,,4700000,Used,Đà Nẵng,,
316,https://xe.chotot.com/mua-ban-xe-dap/132847299.htm,2026-06-13 23:40:05,xe_dap_dien,Xe đạp điện màu Trắng 2026,6000000,Trung Nghĩa,Xe mới mua 2026 pin nguyên mới mua gốc 12 triệu giờ bán lại nửa giá lh zl*** ( Nghĩa ) xe đã tháo bàn đạp ( bỏ ),"Quận Tân Phú, Tp Hồ Chí Minh",Mới,Xe đạp điện,Trung Quốc,,,6000000,New,Hồ Chí Minh,,
317,https://xe.chotot.com/mua-ban-xe-dap/132960465.htm,2026-06-13 17:34:08,xe_dap_dien,Xe đạp điện Hamachi Xanh nhạt,3700000,phong,Bé hết nhu cầu sử dụng cần bán chiếc xe đạp điện,"Huyện Mang Yang, Gia Lai",Đã sử dụng,Xe đạp điện,,,,3700000,Used,Gia Lai,,
318,https://xe.chotot.com/mua-ban-xe-dap/132958381.htm,2026-06-13 15:43:01,xe_dap_dien,Xe đạp điện Asama Đen,2000000,Như ý kho xưởng miền nam,Mình bán rẻ con xe này cho ai về đi chợ đi học đi làm gần nhà ạ bình còn tốt xin cảm ơn,"Thành phố Thủ Dầu Một, Bình Dương",Đã sử dụng,Xe đạp điện,,,,2000000,Used,Bình Dương,,
319,https://xe.chotot.com/mua-ban-xe-dap/132956310.htm,2026-06-13 14:12:12,xe_dap_dien,xe đạp điện,1500000,thành Dũng ,"Xe đạp điện Sport Racing màu xanh ngọc, kiểu dáng thể thao năng động. - Xe có bàn đạp trợ lực, phù hợp di chuyển trong thành phố. - Thiết kế trẻ trung, dễ sử dụng.","Huyện Bình Chánh, Tp Hồ Chí Minh",Đã sử dụng,Xe đạp điện,Việt Nam,,,1500000,Used,Hồ Chí Minh,,
320,https://xe.chotot.com/mua-ban-xe-dap/132955984.htm,2026-06-13 13:56:58,xe_dap_dien,Xe đạp điện TTFAIR Xanh nhạt,4800000,phạm kha,"Xe đạp điện TTFAIR màu xanh nhạt, thiết kế phù hợp cho cả nam và nữ. - Kiểu dáng thời trang, dễ điều khiển. - Pin khỏe, di chuyển êm ái. - Thích hợp đi học, đi làm.","Thị xã Cai Lậy, Tiền Giang",Đã sử dụng,Xe đạp điện,,,,4800000,Used,Tiền Giang,,
321,https://xe.chotot.com/mua-ban-xe-dap/132955135.htm,2026-06-13 13:17:15,xe_dap_dien,Xe đạp điện SR EBIKE Raptor X Đen Thể thao,25000000,Đức Hạnh,"Thanh ly Xe đạp điện SR EBIKE Raptor X màu đen, kiểu dáng thể thao, mạnh mẽ. - Động cơ bền bỉ, vận hành êm ái. - Pin dung lượng cao, di chuyển xa. - Khung xe chắc chắn, tải trọng tốt. - Phù hợp đi học, đi làm, dạo phố. - yên xe nâng hạ tự động - trặng toàn bộ phụ kiện -xe còn 99%","Quận Hoàn Kiếm, Hà Nội",Đã sử dụng,Xe đạp điện,,,,25000000,Used,Hà Nội,,
322,https://xe.chotot.com/mua-ban-xe-dap/132955057.htm,2026-06-13 13:13:05,xe_dap_dien,xe điện cap A,3999000,Duc Huy Vu,"Xe đạp điện cap A, kiểu dáng thể thao, phù hợp di chuyển trong thành phố. - Xe còn mới, vận hành tốt. - Thiết kế trẻ trung, năng động. - Dễ dàng điều khiển.4 bình khỏe, mọi chức năng còn hoạt động rất tốt","Quận Tân Bình, Tp Hồ Chí Minh",Đã sử dụng,Xe đạp điện,,,,3999000,Used,Hồ Chí Minh,,
323,https://xe.chotot.com/mua-ban-xe-dap/130379503.htm,2026-06-13 13:09:07,xe_dap_dien,Xe đạp điện TAILG trả góp tại nhà 0 qua ngân hàng,1000000,Duy Điện Máy Trả Góp,Xe điện TAILG dòng cao cấp hỗ trợ trả góp tại nhà _ chỉ cần CCCD photto _ trả góp 0 qua ngân hàng ( bao nợ xấu ). - Liên hệ ngay để được tư vấn miễn phí.,"Quận 12, Tp Hồ Chí Minh",Mới,Xe đạp điện,Nhật Bản,,,1000000,New,Hồ Chí Minh,,
324,https://xe.chotot.com/mua-ban-xe-dap/125859712.htm,2026-06-13 13:08:45,xe_dap_dien,Xe đạp điện ASUKA M133 Pro trả góp 0 qua ngân hàng,1300000,Duy Điện Máy Trả Góp,🔥🔥Mới về mẫu mã phục vụ bà con đây ạ 2 phiên bản mới nhất hiện nay Asuka M133S đang cực cháy🔥🔥 - Bán trả góp không qua ngân hàng - Không cần trả trước - Không giữ giấy tờ chỉ cần CCCD photto - Trả góp linh hoạt tuần/tháng - Giao hàng tận nơi miễn phí - Hỗ trợ làm hồ sơ tại nhà - Thu tiền tại nhà hoặc banking Khu vực có bán: Long An - Đồng Nai - Bình Dương - Tây Ninh - Tp.HCM. ☎️Liên hệ ngay: *** ( zalo ) để được tư vấn miễn phí.,"Quận 12, Tp Hồ Chí Minh",Mới,Xe đạp điện,Nhật Bản,,,1300000,New,Hồ Chí Minh,,
325,https://xe.chotot.com/mua-ban-xe-dap/132863355.htm,2026-06-13 12:35:40,xe_dap_dien,Xe đạp điện cap A mọi chức năng còn ok,3599000,Duc Huy Vu,"Xe đạp điện cap A, thiết kế phù hợp cho cả nam và nữ. - Kiểu dáng hiện đại, gọn gàng. - Động cơ bền bỉ, vận hành êm ái. - Di chuyển tiện lợi trong thành phố. như mới bình còn tốt, mọi chức năng còn hoạt động rất tốt, xe ở Tân Bình","Quận Tân Bình, Tp Hồ Chí Minh",Đã sử dụng,Xe đạp điện,,,,3599000,Used,Hồ Chí Minh,,
326,https://xe.chotot.com/mua-ban-xe-dap/132831188.htm,2026-06-13 12:14:16,xe_dap_dien,Osaka Alpha mới 98%,7000000,Luctran,"Nhà chật cần bán xe đạp điện Osaka alpha như hình mới 99% mua về mới đi mấy chục cây số nhưng cháu đi du học ,acquy vừa mới thay còn bảo hành 6 tháng.Cảm ơn chợ tốt đã đăng tin","Quận Bình Thạnh, Tp Hồ Chí Minh",Đã sử dụng,Xe đạp điện,Trung Quốc,,,7000000,Used,Hồ Chí Minh,,
327,https://xe.chotot.com/mua-ban-xe-dap/132304286.htm,2026-06-13 11:29:25,xe_dap_dien,Xe đạp điện đang su dung nhu hinh,4900000,Ngọc Trang,Thanh lý xe điên nhu hinh đang su dung tôt nay cần bán gâp giá 4tr9,"Quận Bình Tân, Tp Hồ Chí Minh",Đã sử dụng,Xe đạp điện,,,,4900000,Used,Hồ Chí Minh,,
329,https://xe.chotot.com/mua-ban-xe-dap/132951872.htm,2026-06-13 10:50:12,xe_dap_dien,Xe đạp điện Yadea màu Đỏ,3000000,Le Thanh Binh,sẽ bán 3trieu ai mua alo 3trieu ai cần alo ***,"Quận Hà Đông, Hà Nội",Đã sử dụng,Xe đạp điện,,,,3000000,Used,Hà Nội,,
330,https://xe.chotot.com/mua-ban-xe-dap/120153432.htm,2026-06-13 09:38:35,xe_dap_dien,Thay bình xe điện tại nhà,1500000,Ngọc,"Thay bình ắc quy và pin tận nhà cho xe điện và hổ trợ sữa chữa , kiểm tra xe miễn phí . chế độ bảo hành bình 12tháng lỗi do nhà sản xuất đổi bình mới .anh chị có cần tư vấn về xe điện , bình điện cứ alo em tư vấn nhiệt tình , zalo em nha .","Quận Gò Vấp, Tp Hồ Chí Minh",Mới,Xe đạp điện,Trung Quốc,,,1500000,New,Hồ Chí Minh,,
332,https://xe.chotot.com/mua-ban-xe-dap/132949357.htm,2026-06-13 09:09:27,xe_dap_dien,XE MỚI XỊN XO ĐÃ BAO GỒM BÌNH ĐIÊN,11800000,Minh,V1 MỚI HÀNG CÔNG TY CHẤT LƯỢNG TỐT. MOI CHỨC NĂNG ĐÂY ĐU. ĐA BAO GỒM BÌNH ĐIÊN. LH 539/15 HƯƠNG LÔ 3.PHƯỜNG BÌNH HƯNG HOA QUÂN BÌNH TÂN,"Quận Bình Tân, Tp Hồ Chí Minh",Mới,Xe đạp điện,Việt Nam,,,11800000,New,Hồ Chí Minh,,
333,https://xe.chotot.com/mua-ban-xe-dap/132351606.htm,2026-06-13 09:08:35,xe_dap_dien,xe đạp điện 133 đỏ,3700000,THAYBÌNHĐIỆNTẠINHÀ,"Bán xe 133 , xe đã bảo dưỡng kỉ , xe bình mạnh , đầy đủ các chức năng .","Quận Gò Vấp, Tp Hồ Chí Minh",Đã sử dụng,Xe đạp điện,,,,3700000,Used,Hồ Chí Minh,,
334,https://xe.chotot.com/mua-ban-xe-dap/131247515.htm,2026-06-13 08:38:34,xe_dap_dien,Xe đạp điện DK Bike Cam đen,5400000,THAYBÌNHĐIỆNTẠINHÀ,"Xe đạp điện DK Bike màu cam đen, thiết kế trẻ trung, phù hợp cả nam và nữ. - Động cơ bền bỉ, vận hành êm ái. - Quãng đường di chuyển tốt. - Xe sẵn sàng sử dụng.","Quận Gò Vấp, Tp Hồ Chí Minh",Đã sử dụng,Xe đạp điện,,,,5400000,Used,Hồ Chí Minh,,
335,https://xe.chotot.com/mua-ban-xe-dap/132264240.htm,2026-06-13 08:33:01,xe_dap_dien,Xe đạp điện M133 Pro Xanh - góp tư nhân,1300000,Lê Khôi Điện Máy Chuyên Góp,"Xe đạp điện M133 Pro màu xanh, thiết kế phù hợp cho cả nam và nữ. - ZA TRÊN GÓP BAO NỢ XẤU - KHÔNG QUA NGÂN HÀNH - Cốp xe rộng rãi, tiện lợi khi chở đồ. - Xe vận hành êm ái, di chuyển linh hoạt. - Phù hợp đi học, đi làm, dạo phố.","Quận 3, Tp Hồ Chí Minh",Mới,Xe đạp điện,Việt Nam,,,1300000,New,Hồ Chí Minh,,
336,https://xe.chotot.com/mua-ban-xe-dap/132948007.htm,2026-06-13 07:48:29,xe_dap_dien,Xe đạp điện Milan II Xanh bơ,4900000,Xe điện Bình Phương,"M53 ✅ Xe điện milanII nhập khẩu xanh bơ cực nét ắc quy lướt 4tr9 ➡️ Hình thức đẹp, xe chạy êm, động cơ zin ➡️ Mọi chức năng hoạt động tốt, xe đã được bảo dưỡng toàn bộ, ☎️ *** (zalo,fb,mess) có trả góp 📌 Cửa hàng xe điện Bình Phương, sn 15 ngõ 195/91 Trần Cung, Hà Nội","Quận Cầu Giấy, Hà Nội",Đã sử dụng,Xe đạp điện,Đài Loan,,,4900000,Used,Hà Nội,,
337,https://xe.chotot.com/mua-ban-xe-dap/132947953.htm,2026-06-13 07:44:30,xe_dap_dien,"Xe đạp điện DK Bike Xanh dương, Trắng còn mới",950000,Hiếu Nguyễn,"Xe đạp điện DK Bike màu xanh dương, trắng, phù hợp cho cả nam và nữ. - Xe không có bình acquy ạ - Thiết kế năng động, dễ điều khiển. - Pin khỏe, di chuyển xa. - Xe còn mới, ít sử dụng.","Quận Ngũ Hành Sơn, Đà Nẵng",Đã sử dụng,Xe đạp điện,,,,950000,Used,Đà Nẵng,,
338,https://xe.chotot.com/mua-ban-xe-dap/131787811.htm,2026-06-12 20:45:00,xe_dap_dien,Xe đạp điện Pega Cap As màu Trắng,6900000,Minh Khoa,"Xe đạp điện Pega Cap As màu trắng, thiết kế hiện đại, phù hợp cho cả nam và nữ. - Động cơ bền bỉ, vận hành êm ái. - Xe đã thay thế bình bằng pin, đi quãng đường khoảng trên 20km cho 1 lần sạc. - Đi kèm xe gồm: giò đạp, pedan, dĩa (không có sên vì giò đạp và dĩa đã tháo ra cho gọn xe). Xe học sinh đi, nay đổi qua xe mạnh hơn nên dư bán.","Quận Tân Phú, Tp Hồ Chí Minh",Đã sử dụng,Xe đạp điện,Việt Nam,,,6900000,Used,Hồ Chí Minh,,
339,https://xe.chotot.com/mua-ban-xe-dap/132820654.htm,2026-06-12 17:36:33,xe_dap_dien,V1 MỚI ĐÃ ĐU BÌNH ĐIÊN GIÁ THẤP,11800000,Minh,V1 MỚI HÀNG HOTTREN XỊN XO CHẤT LƯỢNG TỐT. MOI CHỨC NĂNG ĐÂY ĐU. ĐA BAO GỒM BÌNH ĐIÊN. LH 539/15 HƯƠNG LÔ 3.PHƯỜNG BÌNH HƯNG HOA QUÂN BÌNH TÂN,"Quận Bình Tân, Tp Hồ Chí Minh",Mới,Xe đạp điện,Việt Nam,,,11800000,New,Hồ Chí Minh,,
340,https://xe.chotot.com/mua-ban-xe-dap/132941667.htm,2026-06-12 16:59:32,xe_dap_dien,Xe đạp điện Yadea 133 Đen,3800000,Nguyễn Thạnh,"xe đạp điện 133 bình khỏe xe chạy mượt,xe còn đủ các chức năng,xe đi đc 25-30km cho 1lan sạc giá 3tr8.","Huyện Bình Chánh, Tp Hồ Chí Minh",Đã sử dụng,Xe đạp điện,Việt Nam,,,3800000,Used,Hồ Chí Minh,,
341,https://xe.chotot.com/mua-ban-xe-dap/132941261.htm,2026-06-12 16:40:37,xe_dap_dien,Xe đạp điện Japan mini HT-BIKE Đen,3000000,Đoàn Thắng,"Xe đạp điện Japan mini HT-BIKE màu đen, kiểu dáng nhỏ gọn, phù hợp di chuyển trong thành phố. - Xe còn mới, hoạt động tốt. - Pin khỏe, đi được quãng đường xa. - Thiết kế thời trang, dễ sử dụng.","Huyện Nhà Bè, Tp Hồ Chí Minh",Đã sử dụng,Xe đạp điện,,,,3000000,Used,Hồ Chí Minh,,
342,https://xe.chotot.com/mua-ban-xe-dap/132940209.htm,2026-06-12 15:54:25,xe_dap_dien,V1 MỚI ĐÃ ĐU BÌNH GIÁ SV,11800000,Minh,V1 MỚI HÀNG CÔNG TY CHẤT LƯỢNG TỐT. MOI CHỨC NĂNG ĐÂY ĐU. ĐA BAO GỒM BÌNH ĐIÊN. LH 539/15 HƯƠNG LÔ 3.PHƯỜNG BÌNH HƯNG HOA QUÂN BÌNH TÂN,"Quận Bình Tân, Tp Hồ Chí Minh",Mới,Xe đạp điện,Việt Nam,,,11800000,New,Hồ Chí Minh,,
343,https://xe.chotot.com/mua-ban-xe-dap/132672345.htm,2026-06-12 15:30:40,xe_dap_dien,Xe điện Giant 133Mplus AQ2026 Đen trắng,3800000,Xe điện Bình Phương,"Giant82 ✅ Xe điện Giant133Mplus đen ắc quy lướt 2026 giá 3tr8 ➡️ Hình thức đẹp, xe chạy êm, động cơ zin, ắc quy khoẻ ➡️ Mọi chức năng hoạt động tốt, xe đã được bảo dưỡng toàn bộ, ☎️ *** (zalo,fb,mess) có trả góp 📌 Cửa hàng xe điện Bình Phương, sn 15 ngõ 195/91 Trần Cung, Hà Nội","Quận Cầu Giấy, Hà Nội",Đã sử dụng,Xe đạp điện,Đài Loan,,,3800000,Used,Hà Nội,,
344,https://xe.chotot.com/mua-ban-xe-dap/132935731.htm,2026-06-12 12:34:58,xe_dap_dien,Xe đạp điện Yadea X5 Xám 50km Mới 99%,13500000,diễm linh ,xe đạp sử dụng PIN xe đạp hàng sách tay về hỗ trợ chạy 50km mới 99% đẹp không tì vết dùng để làm việc đi thể thao dạo phố cafe rất ok anh chi em có nhu cầu liên hệ với mình nhé ship xa vui lòng cọc trước mình ship nhé,"Huyện Củ Chi, Tp Hồ Chí Minh",Đã sử dụng,Xe đạp điện,Nhật Bản,,,13500000,Used,Hồ Chí Minh,,
345,https://xe.chotot.com/mua-ban-xe-dap/132935720.htm,2026-06-12 12:34:39,xe_dap_dien,Xe đạp điện Yadea X5 Xám đã sử dụng 50km,13500000,diễm linh ,xe đạp pin hổ trợ chạy 50km hàng sách tay mới 99%đẹp sử dụng tập thể dục đi dạo phố rất ok anh chị em có nhu cầu liên hệ với mình nhé ship đi khi có cọc trước nhé,"Huyện Củ Chi, Tp Hồ Chí Minh",Đã sử dụng,Xe đạp điện,,,,13500000,Used,Hồ Chí Minh,,
346,https://xe.chotot.com/mua-ban-xe-dap/132934760.htm,2026-06-12 11:50:50,xe_dap_dien,Xe đạp điện Osaka,4800000,Nguyễn minh bang,"Xe đạp điện màu đen, đã đi lướt - Xe còn hoạt động tốt, ngoại hình còn mới. - Thích hợp cho việc di chuyển hàng ngày.","Quận Gò Vấp, Tp Hồ Chí Minh",Đã sử dụng,Xe đạp điện,,,,4800000,Used,Hồ Chí Minh,,
347,https://xe.chotot.com/mua-ban-xe-dap/132623449.htm,2026-06-12 11:47:58,xe_dap_dien,Xe đạp điện Asama Xanh Trắng Đen,3600000,cầm đồ hoàng lạc,"Bán xe đạp điện asama chính hãng ít đi , bình mạnh , xe đời cao có đầy đủ xinhan, đèn còi .stop .","Quận Gò Vấp, Tp Hồ Chí Minh",Đã sử dụng,Xe đạp điện,,,,3600000,Used,Hồ Chí Minh,,
348,https://xe.chotot.com/mua-ban-xe-dap/132594944.htm,2026-06-12 10:37:38,xe_dap_dien,Xe đạp điện âsama,3200000,HOÀNG MẠNH ,"Xe đạp điện asama màu đỏ, thiết kế trẻ trung, phù hợp cả nam và nữ. - Động cơ bền bỉ, vận hành êm ái. - Quãng đường di chuyển tốt. - Xe sẵn sàng sử dụng.","Quận 12, Tp Hồ Chí Minh",Đã sử dụng,Xe đạp điện,,,,3200000,Used,Hồ Chí Minh,,
349,https://xe.chotot.com/mua-ban-xe-dap/132932639.htm,2026-06-12 10:31:07,xe_dap_dien,Xe trợ lực điện Nhật bãi,6500000,Thuận,"Xe trợ lực điện Willgo màu xanh rêu, thiết kế trẻ trung, phù hợp di chuyển trong thành phố. - Pin dung lượng 8.5Ah, cho quãng đường di chuyển ổn định. - Trang bị bộ truyền động Shimano, vận hành êm ái. - Xe bãi nhật, rất bền bỉ. Phù hợp chiều cao 1.4m -1.7m","Thành phố Vũng Tàu, Bà Rịa - Vũng Tàu",Đã sử dụng,Xe đạp điện,,,,6500000,Used,Vũng Tàu,,
350,https://xe.chotot.com/mua-ban-xe-dap/114130211.htm,2026-06-12 10:02:06,xe_dap_dien,Xe đạp điện honda mới 98%,5500000,xe đạp điện   xe điện,"• Bán xe đạp điện mới 98%, bình điện đi được quãng đường 30-40km • Bảo hành 1 năm • Giao xe tận nơi","Quận Gò Vấp, Tp Hồ Chí Minh",Đã sử dụng,Xe đạp điện,,,,5500000,Used,Hồ Chí Minh,,
351,https://xe.chotot.com/mua-ban-xe-dap/131044391.htm,2026-06-12 09:38:09,xe_dap_dien,Bán xe điện Vespa Lavia SX mới 100% Có Trả Góp,15500000,Thiên Hương,"Bán xe đạp điện Vespa Lavia SX mới 100% Hỗ trợ Trả Góp Nhanh Chóng xe chạy 5 bình Có hỗ trợ trả góp Màn hình phun điện tử Thẻ từ NFC khóa Smatkey , 2 phanh đĩa trước sau an toàn Bảo hành 12 tháng ib zalo để biết thêm chi tiết xem xe tại số 658 Đường Láng - Láng Hạ - Đống Đa - Hà Nội","Quận Đống Đa, Hà Nội",Mới,Xe đạp điện,Việt Nam,,,15500000,New,Hà Nội,,
352,https://xe.chotot.com/mua-ban-xe-dap/132432462.htm,2026-06-12 09:18:01,xe_dap_dien,Bán xe yadea Xbull bánh lớn,7600000,cầm đồ hoàng lạc,"Thanh lí nhanh xe yadea Xbull 2024 bánh lớn , bình mới vừa hết bảo hành , lốp sau thay mới 100% , xe chạy mạnh êm . mọi chức năng còn hoạt động bình thường :","Quận Gò Vấp, Tp Hồ Chí Minh",Đã sử dụng,Xe đạp điện,Việt Nam,,,7600000,Used,Hồ Chí Minh,,
353,https://xe.chotot.com/mua-ban-xe-dap/132685187.htm,2026-06-12 08:52:19,xe_dap_dien,Xe điện 133 màu Đỏ đã qua sử dụng,3700000,Xe Điện việt Trung,"Xe điện 133 qua sử dụng , còn hoạt động bình thường,","Quận Tân Phú, Tp Hồ Chí Minh",Đã sử dụng,Xe đạp điện,Trung Quốc,,,3700000,Used,Hồ Chí Minh,,
354,https://xe.chotot.com/mua-ban-xe-dap/132929785.htm,2026-06-12 08:36:04,xe_dap_dien,Xe đạp điện Giant M133 Plus Siêu Lướt Có Trả Góp,4500000,Thiên Hương,Bán xe đạp điện giant M133 plus lướt 90% các chức năng hoạt động đầy đủ sạc đầy đi 25 - 30km xem xe tại số 658 đường láng - Hà Nội,"Quận Đống Đa, Hà Nội",Đã sử dụng,Xe đạp điện,,,,4500000,Used,Hà Nội,,
355,https://xe.chotot.com/mua-ban-xe-dap/132929610.htm,2026-06-12 08:25:54,xe_dap_dien,Xe đạp điện trợ lực Màu Đen Mới 90% ( Có Trả Góp ),4800000,Thiên Hương,Bán xe đạp điện Giant 133 plus mới 90% các chức năng hoạt động đầy đủ sạc đầy đi 25 - 30km xem xe tại số 658 đường láng - Hà Nội,"Quận Đống Đa, Hà Nội",Đã sử dụng,Xe đạp điện,,,,4800000,Used,Hà Nội,,
356,https://xe.chotot.com/mua-ban-xe-dap/132929557.htm,2026-06-12 08:22:41,xe_dap_dien,Xe đạp điện Cáp A màu Đỏ,4000000,Xongtoan,nhà cần bán xe đạp điện cáp a sử dụng tốt ko lỗi lầm bình khỏe mạnh,"Thành phố Thủ Đức, Tp Hồ Chí Minh",Đã sử dụng,Xe đạp điện,Nhật Bản,,,4000000,Used,Hồ Chí Minh,,
357,https://xe.chotot.com/mua-ban-xe-dap/132928669.htm,2026-06-12 07:09:09,xe_dap_dien,Yamaha PAS Natura,8300000,Nguyễn Hoàng Phúc,"Xe đạp điện Yamaha PAS Natura màu đỏ, thiết kế phù hợp cho cả nam và nữ. - Kiểu dáng thời trang, dễ điều khiển. - Pin bền, di chuyển êm ái.","Thành phố Châu Đốc, An Giang",Đã sử dụng,Xe đạp điện,Nhật Bản,,,8300000,Used,An Giang,,
358,https://xe.chotot.com/mua-ban-xe-dap/132928578.htm,2026-06-12 07:00:25,xe_dap_dien,"Xe đạp điện Yadea màu Trắng, Đỏ",1800000,tranquangkhai,"xe đạp điện giá rẻ,1,8t bình mạnh đi trên 25 km 1 lần sạc","Huyện Củ Chi, Tp Hồ Chí Minh",Đã sử dụng,Xe đạp điện,Việt Nam,,,1800000,Used,Hồ Chí Minh,,
359,https://xe.chotot.com/mua-ban-xe-dap/132924332.htm,2026-06-11 18:39:22,xe_dap_dien,Xe đạp điện Kazuki Slay 2026,11500000,Trung Đồ Cũ,"Xe đạp điện Kazuki Slay kiểu dáng thời thượng Khách mới mua được mấy tháng đẹp như mới Odo hơn 3000 km siêu lướt luôn Thanh lý hơn chục tí Anh chị em định mua xe mới thì qua em tham khảo em này , tiết kiệm nhiều so với mua mới nhé","Thành phố Nam Định, Nam Định",Đã sử dụng,Xe đạp điện,,,,11500000,Used,Nam Định,,
360,https://xe.chotot.com/mua-ban-xe-dap/132924361.htm,2026-06-11 18:38:11,xe_dap_dien,Xe đạp điện HKbike CapA Đỏ đã sử dụng,7000000,Trần hữu hoàng,CapA HkBike Mới 90% : Vỏ Mới + Bình Mới.,"Huyện Bình Chánh, Tp Hồ Chí Minh",Đã sử dụng,Xe đạp điện,Việt Nam,,,7000000,Used,Hồ Chí Minh,,
361,https://xe.chotot.com/mua-ban-xe-dap/132923455.htm,2026-06-11 17:39:44,xe_dap_dien,Xe đạp điện Yadea K1 Kem 5 bình lớn,8000000,Nguyễn Thạnh,"xe đạp điện k1 5 bình lớn,xe đẹp bình khỏe,xe đi đc 50-55km cho 1lan sạc,xe còn đủ các chức năng giá 8tr.","Huyện Bình Chánh, Tp Hồ Chí Minh",Đã sử dụng,Xe đạp điện,Việt Nam,,,8000000,Used,Hồ Chí Minh,,
362,https://xe.chotot.com/mua-ban-xe-dap/132919843.htm,2026-06-11 15:04:41,xe_dap_dien,xe điện 133 nhập không bình,1700000,son,"Xe đạp điện màu vàng đen, thiết kế trẻ trung, năng động. - Di chuyển nhẹ nhàng, tiện lợi. - Phù hợp đi học, đi làm, dạo phố. Phù hợp học sinh được phép đi, xe còn khá đẹp, anh chị tự đặt pin hay bình theo nhu cầu cho đảm bảm, đây e bán xe không có bình đèn còi xi nhan đầy đủ xe ráp bình vô là chạy.","Thành phố Dĩ An, Bình Dương",Đã sử dụng,Xe đạp điện,,,,1700000,Used,Bình Dương,,
363,https://xe.chotot.com/mua-ban-xe-dap/132917095.htm,2026-06-11 13:07:37,xe_dap_dien,Xe đạp điện ASAMA Đỏ Đen,3000000,Nguyễn Thạnh,"xe đạp điện ko dùng cần bán, xe chạy mượt bình khỏe,xe đi đc 25-30km cho 1lan sạc giá 3tr","Huyện Bình Chánh, Tp Hồ Chí Minh",Đã sử dụng,Xe đạp điện,Việt Nam,,,3000000,Used,Hồ Chí Minh,,
364,https://xe.chotot.com/mua-ban-xe-dap/132853445.htm,2026-06-11 11:48:03,xe_dap_dien,Xe đạp điện Adiman Trắng,3800000,philipNguyen,"Xe đạp điện Adiman màu trắng, thiết kế phù hợp cho cả nam và nữ. - Kiểu dáng hiện đại, gọn nhẹ. - Di chuyển êm ái, tiết kiệm năng lượng. - Phù hợp đi học, đi làm, dạo phố. Xe hàng bãi Nhật.cho người lớn chạy đi chợ.","Quận Tân Phú, Tp Hồ Chí Minh",Đã sử dụng,Xe đạp điện,Nhật Bản,,,3800000,Used,Hồ Chí Minh,,
365,https://xe.chotot.com/mua-ban-xe-dap/130726846.htm,2026-06-11 11:03:37,xe_dap_dien,Xe đạp điện đa sắc,4200000,xe đạp điện   xe điện,"Xe đạp điện, thiết kế hiện đại, phù hợp cho cả nam và nữ. - Động cơ bền bỉ, vận hành êm ái. - Quãng đường di chuyển tốt. - Tiết kiệm chi phí đi lại.","Quận Gò Vấp, Tp Hồ Chí Minh",Đã sử dụng,Xe đạp điện,Trung Quốc,,,4200000,Used,Hồ Chí Minh,,
366,https://xe.chotot.com/mua-ban-xe-dap/132913188.htm,2026-06-11 10:29:31,xe_dap_dien,Xe đạp điện YADEA Bike Hồng 99%,7000000,Nguyễn Gia Huy,XE ĐẠP ĐIỆN YEDEA Bike Màu Hồng như hình mua ít đi mới 99% Pin mua Đã nâng cấp Pin lớn 48V ngay lúc mua mới đi được x2 km xe bình thường nếu chưa nâng Hàng chuẩn (chính hãng) Tặng kèm ghế bé có nhạc (chính hãng) Giá 7tr (xem xe tại ngã 6 an phú thuận an BD cũ),"Thành phố Thuận An, Bình Dương",Đã sử dụng,Xe đạp điện,Đài Loan,,,7000000,Used,Bình Dương,,
367,https://xe.chotot.com/mua-ban-xe-dap/132913089.htm,2026-06-11 10:26:06,xe_dap_dien,XE MỚI ĐÃ ĐU BÌNH ĐIÊN MỚI GIA MÊM,11800000,Minh,V1 MỚI HÀNG HOTTREN XỊN XO CHẤT LƯỢNG TỐT. MOI CHỨC NĂNG ĐÂY ĐU. ĐA BAO GỒM BÌNH ĐIÊN. LH 539/15 HƯƠNG LÔ 3.PHƯỜNG BÌNH HƯNG HOA QUÂN BÌNH TÂN,"Quận Bình Tân, Tp Hồ Chí Minh",Mới,Xe đạp điện,Việt Nam,,,11800000,New,Hồ Chí Minh,,
368,https://xe.chotot.com/mua-ban-xe-dap/132910432.htm,2026-06-11 08:35:35,xe_dap_dien,Xe đạp điện Engwe C20 Pro Xám,13900000,Bằng,"Cần bán xe đạp điện Engwe C20 Pro, ngoại hình như mới, đi được 192 km, hoạt động ổn định, pin khỏe, đi thuần điện được 60km, đi đạp trợ lực được hơn 100km 1 lần sạc . Xe gấp gọn tiện mang theo, động cơ mạnh mẽ, phù hợp đi làm, đi học hoặc dạo phố. Xe đã gắn thêm ba ga sau, đèn xi nhan đèn đuôi tích hợp không dây, ổ khóa.","Thành phố Cao Lãnh, Đồng Tháp",Đã sử dụng,Xe đạp điện,Khác,,,13900000,Used,Đồng Tháp,,
369,https://xe.chotot.com/mua-ban-xe-dap/132710625.htm,2026-06-11 08:29:14,xe_dap_dien,V1 HÃNG SONCO ĐÃ ĐU BÌNH ĐIÊN,11800000,Minh,V1 MỚI HÀNG HOTTREN XỊN XO CHẤT LƯỢNG TỐT. MOI CHỨC NĂNG ĐÂY ĐU. ĐA BAO GỒM BÌNH ĐIÊN. LH 539/15 HƯƠNG LÔ 3.PHƯỜNG BÌNH HƯNG HOA QUÂN BÌNH TÂN,"Quận Bình Tân, Tp Hồ Chí Minh",Mới,Xe đạp điện,Việt Nam,,,11800000,New,Hồ Chí Minh,,
370,https://xe.chotot.com/mua-ban-xe-dap/132909194.htm,2026-06-11 07:03:50,xe_dap_dien,Xe đạp điện 133s Đen Còn mới,3000000,Nguyên Nguyễn Hoàng Nguyên,xe điện 133s còn mới đèn xe động cơ xi nhan còn dùng bth bình còn tốt chạy khoẻ mua cho các con đi hc về làm xe phụ đi chợ có giảm,"Quận Liên Chiểu, Đà Nẵng",Mới,Xe đạp điện,Khác,,,3000000,New,Đà Nẵng,,
371,https://xe.chotot.com/mua-ban-xe-dap/132905189.htm,2026-06-10 19:54:41,xe_dap_dien,Xe đạp điện Hotgirl màu Hồng,4000000,Xe điện Pega Cần Thơ,Xe đạp điện Hotgirl Xe sử dụng pin ưu điểm nhẹ - bền sạc nhanh hơn bản acquy chạy 25.30km 1 lần sạc Động cơ êm. đèn còi. xi nhan đủ Bên em có giao xe chi tiết xin liên hệ z.a.l.o thanks,"Quận Thốt Nốt, Cần Thơ",Đã sử dụng,Xe đạp điện,Việt Nam,,,4000000,Used,Cần Thơ,,
372,https://xe.chotot.com/mua-ban-xe-dap/132903689.htm,2026-06-10 18:20:51,xe_dap_dien,Xe đạp điện Nhật Bản màu Trắng Nguyên zin,2630000,XE ĐIỆN LONG XUYÊN,Xe japan nguyên zin máy bao ngon.Ngon hơn xe dọn mới nha.Bình mới 100%.Xem xe chạy thử nghiệm nha.Không ưng ý mình mời cafe trà sữa giao lưu. Chúc sức khỏe đến với mọi người.,"Thành phố Long Xuyên, An Giang",Đã sử dụng,Xe đạp điện,Nhật Bản,,,2630000,Used,An Giang,,
373,https://xe.chotot.com/mua-ban-xe-dap/132903543.htm,2026-06-10 18:10:54,xe_dap_dien,Xe đạp điện H&M màu Đen,3500000,Tên chưa cung cấp,"Xe đạp điện H&M màu đen, thiết kế gọn gàng, phù hợp cho cả nam và nữ. - Di chuyển tiện lợi. - Phù hợp đi học, đi làm, dạo phố.","Quận 7, Tp Hồ Chí Minh",Đã sử dụng,Xe đạp điện,,,,3500000,Used,Hồ Chí Minh,,
374,https://xe.chotot.com/mua-ban-xe-dap/131492987.htm,2026-06-10 17:36:48,xe_dap_dien,Xe đạp điện 133s Đen,1600000,Việt Tiến,Xe đạp điện mon men 133s xe hình thức tuong đối đẹp xe chạy rất khỏe hơn 40 km trên giờ bình ắp quy rất ngon ai thích thì alo minh nhé,"Huyện Thanh Oai, Hà Nội",Đã sử dụng,Xe đạp điện,Đài Loan,,,1600000,Used,Hà Nội,,
375,https://xe.chotot.com/mua-ban-xe-dap/132901879.htm,2026-06-10 16:50:32,xe_dap_dien,Xe đạp điện NKE BIKE Đen,3000000,huỳnh Quốc Hải ,xe đạp điện nkebike. cũ giá 3tr xem xe tại 21b bùi thế Mỹ phường bảy hiền tphcm,"Quận Tân Bình, Tp Hồ Chí Minh",Đã sử dụng,Xe đạp điện,Việt Nam,,,3000000,Used,Hồ Chí Minh,,
376,https://xe.chotot.com/mua-ban-xe-dap/132622571.htm,2026-06-10 15:47:35,xe_dap_dien,Xe đạp điện SONSU màu Đỏ,3400000,HOÀNG MẠNH ,"Xe đạp điện SONSU màu đỏ, thiết kế trẻ trung, phù hợp cho cả nam và nữ. - Di chuyển nhẹ nhàng, tiết kiệm chi phí. - Động cơ bền bỉ, an toàn khi sử dụng. - Xe sẵn sàng lăn bánh.","Quận 12, Tp Hồ Chí Minh",Đã sử dụng,Xe đạp điện,,,,3400000,Used,Hồ Chí Minh,,
377,https://xe.chotot.com/mua-ban-xe-dap/132899569.htm,2026-06-10 15:14:08,xe_dap_dien,Xe đạp điện Pega Đỏ,1800000,mua bán hàng cũ ,"Xe đạp điện Pega màu đỏ, kiểu dáng trẻ trung, phù hợp đi học, đi làm. - Xe hư bình, cần thay mới. - Ngoại hình như hình, còn khá mới.","Huyện Củ Chi, Tp Hồ Chí Minh",Đã sử dụng,Xe đạp điện,,,,1800000,Used,Hồ Chí Minh,,
378,https://xe.chotot.com/mua-ban-xe-dap/132897306.htm,2026-06-10 13:41:41,xe_dap_dien,Xe đạp điện màu Đen,3200000,Nguyễn Thạnh,"xe đạp điện như hình,xe còn đủ các chức năng,xe đi đc 25-30km cho 1lan sạc, giá 3tr200.","Huyện Bình Chánh, Tp Hồ Chí Minh",Đã sử dụng,Xe đạp điện,Việt Nam,,,3200000,Used,Hồ Chí Minh,,
379,https://xe.chotot.com/mua-ban-xe-dap/132895568.htm,2026-06-10 12:14:56,xe_dap_dien,Xe đạp điện màu Đen Đã qua sử dụng,5000000,Thuận Trần,"Xe đạp điện màu đen, đã qua sử dụng. - Xe đang dùng tốt, vận hành ổn định. - Giá 5 triệu.","Quận 12, Tp Hồ Chí Minh",Đã sử dụng,Xe đạp điện,,,,5000000,Used,Hồ Chí Minh,,
380,https://xe.chotot.com/mua-ban-xe-dap/132894835.htm,2026-06-10 11:41:07,xe_dap_dien,Xe đạp điện màu Tím còn đẹp y hình,2900000,thùy dương,"Xe đạp điện màu tím, thiết kế phù hợp cho cả nam và nữ. - Xe nhỏ gọn, dễ điều khiển. - Tiện lợi di chuyển trong thành phố. - Động cơ bền bỉ, tiết kiệm điện. - Bình khỏe xe đẹp mua về chạy liền cần thanh lý nhanh lẹ giá rẻ","Thành phố Vĩnh Long, Vĩnh Long",Đã sử dụng,Xe đạp điện,,,,2900000,Used,Vĩnh Long,,
381,https://xe.chotot.com/mua-ban-xe-dap/132894285.htm,2026-06-10 11:21:50,xe_dap_dien,Xe đạp điện LIHAZE Chở thú cưng Vàng,9500000,Xe điện,"LIHAZE CHỞ THÚ CƯNG giá bán 9,5 triệu, thiết kế độc đáo có khoang chở thú cưng tiện lợi. Xe sử dụng động cơ 400W, tốc độ khoảng 25-35km/h, pin Lithium 48V-15Ah, một lần sạc đi được khoảng 40-45km, tải trọng tối đa 120kg, kiểu dáng nhỏ gọn và thời trang. 🐶💖🚲","Quận Gò Vấp, Tp Hồ Chí Minh",Mới,Xe đạp điện,Khác,,,9500000,New,Hồ Chí Minh,,
382,https://xe.chotot.com/mua-ban-xe-dap/132893309.htm,2026-06-10 10:48:36,xe_dap_dien,Xe đạp điện M133 màu Đỏ đã dùng,3800000,Xe Điện việt Trung,"Xe điện m133 qua sử dụng , mọi chức năng còn bình thường","Quận Tân Phú, Tp Hồ Chí Minh",Đã sử dụng,Xe đạp điện,Trung Quốc,,,3800000,Used,Hồ Chí Minh,,
383,https://xe.chotot.com/mua-ban-xe-dap/132891634.htm,2026-06-10 09:58:02,xe_dap_dien,Xe đạp điện màu Đen đã sử dụng,3000000,Long Thanh,xe đạp điện đang đi lại bình thường bao test,"Huyện Bình Chánh, Tp Hồ Chí Minh",Đã sử dụng,Xe đạp điện,Việt Nam,,,3000000,Used,Hồ Chí Minh,,
384,https://xe.chotot.com/mua-ban-xe-dap/131212647.htm,2026-06-10 09:02:14,xe_dap_dien,Xe đạp điện V1 GÓP TƯ NHÂN KHÔNG QUA BANK,2500000,THIỆN ĐIỆN MÁY TRẢ GÓP ,"XE ĐẠP ĐIỆN TRẢ GÓP – KHÔNG QUA NGÂN HÀNG GIÁ TRÊN LÀ GIÁ GÓP BAO NX Giải pháp cho gia đình bận rộn – có máy giặt ngay, không cần trả nhiều tiền một lần. 👉 Bên mình hỗ trợ trả góp cực dễ. ✔ Không cần trả trước ✔ Không qua ngân hàng ✔ Duyệt nhanh – có máy trong ngày ✔ Góp linh hoạt tuần hoặc tháng ✔ Chỉ cần CCCD photo Dù bạn là: 🏠 Nhà thuê 👷 Công nhân 👨‍👩‍👧 Gia đình nhỏ Bên mình đều hỗ trợ nhiệt tình. nhiều mẫu mã đẹp – tiết kiệm điện – bền bỉ Phù hợp cho phòng trọ, gia đình, sinh viên. 📞 LIÊN HỆ NGAY: *** (Có Zalo) Để được tư vấn mẫu máy giặt phù hợp và duyệt hồ sơ nhanh trong ngày.","Quận 12, Tp Hồ Chí Minh",Mới,Xe đạp điện,Mỹ,,,2500000,New,Hồ Chí Minh,,
385,https://xe.chotot.com/mua-ban-xe-dap/132624814.htm,2026-06-10 08:03:47,xe_dap_dien,Xe đạp điện Ti8 yadia 4 bình một lần sạc đi30 .40k,3900000,Quách khải tuấn,"Xe đạp điện i8 yadia màu kem nhạt, thiết kế nhỏ gọn, tiện lợi di chuyển trong phố. - Xe 2 chỗ ngồi, phù hợp đi học, đi làm. - Động cơ bền bỉ, tiết kiệm điện một lận sạc 35 . 45km mua bán tại mhaf.","Quận Bình Thạnh, Tp Hồ Chí Minh",Đã sử dụng,Xe đạp điện,Đài Loan,,,3900000,Used,Hồ Chí Minh,,
386,https://xe.chotot.com/mua-ban-xe-dap/132888515.htm,2026-06-10 07:18:18,xe_dap_dien,"Xe đạp điện màu Xanh, Đen",3800000,Sơn Nguyễn,xe đạp điện kiễng nhẹ phù hợp cho bé trai đi học. động cơ mạnh mẽ. chức năng đèn còi đầy đủ . bình chạy 30-35km.,"Thành phố Thuận An, Bình Dương",Đã sử dụng,Xe đạp điện,Nhật Bản,,,3800000,Used,Bình Dương,,
387,https://xe.chotot.com/mua-ban-xe-dap/132888506.htm,2026-06-10 07:17:53,xe_dap_dien,Xe đạp điện HURAI Xanh đậm,5500000,minhluan Nguyen,"Xe đạp điện HURAI màu xanh đậm, thiết kế trẻ trung, năng động. - Di chuyển nhẹ nhàng, tiện lợi. - Phù hợp đi học, đi làm.","Huyện Hóc Môn, Tp Hồ Chí Minh",Đã sử dụng,Xe đạp điện,,,,5500000,Used,Hồ Chí Minh,,
388,https://xe.chotot.com/mua-ban-xe-dap/132883360.htm,2026-06-09 18:49:35,xe_dap_dien,Xe đạp điện màu Xanh nhạt,4200000,Dan choi am thanh,"Xe đạp điện màu xanh nhạt, thiết kế nhỏ gọn, tiện lợi di chuyển trong thành phố. - Xe chạy êm, tiết kiệm điện. - Phù hợp đi học, đi làm. Bình con rất ngon nha anh em","Huyện Nhà Bè, Tp Hồ Chí Minh",Đã sử dụng,Xe đạp điện,Khác,,,4200000,Used,Hồ Chí Minh,,
389,https://xe.chotot.com/mua-ban-xe-dap/131289586.htm,2026-06-09 17:20:50,xe_dap_dien,Xe điện 133 PLUSS đẹp bh 6 tháng siêu siêu,3700000,Luuducthang,"Cửa hàng Đức Thắng xe đạp , xe điện 163 phố Nguyễn Lương Bằng Đống Đa Hà Nội đang bán em xe đạp điện M133 Pluss . * Xe siêu đẹp , bình cực ngon , đã bảo dưỡng. * Chạy 4 bình 12 A ngon , nên đi tầm 30 cây nếu sạc đầy . *Liên hệ qua ZALO : *** , hoặc đt theo số trên mình tư vấn thêm cho . * SHIP COD MỌI MIỀN TỔ QUỐC * Cửa hàng phục vụ 24/24 , nếu đóng cửa liên hệ theo số trên , mình sẽ phục vụ nhiệt tình . * Chuyên mua , bán , sửa các loại xe đạp , xe điện có bảo hành","Quận Đống Đa, Hà Nội",Đã sử dụng,Xe đạp điện,,,,3700000,Used,Hà Nội,,
390,https://xe.chotot.com/mua-ban-xe-dap/132879623.htm,2026-06-09 15:44:42,xe_dap_dien,Xe đạp điện trợ lực Forever Xám 2025,9678000,Huy,"Xe đạp điện Forever màu xám sử dụng chưa tới 1 năm, thiết kế gọn gàng, phù hợp cho cả nam và nữ. - Di chuyển nhẹ nhàng, tiện lợi. - Động cơ bền bỉ, tiết kiệm điện. - Xe còn tốt, sẵn sàng sử dụng. - Xe mua về ít đi giờ bán lại cho ai cần - Xe nhập toàn phần bên nội địa Trung - xe sử dụng trục láp khi đạp sẽ không bị dính dầu nhớt vô quần - Dung lượng pin lớn 48v25Ah (pin mua phân khúc cao nhất) có thể đi trên 70km 1 lần sạc - Tốc động nhanh 50km đỗ lại - Xe gấp gọn tiện lợi bỏ lên cốp xe đi Du lịch khi cần xe nhỏ gọn - bánh xe 14inch - Trọng Lượng 23kg - Xe nhà ít đi xin mời bà con","Quận 11, Tp Hồ Chí Minh",Đã sử dụng,Xe đạp điện,Trung Quốc,,,9678000,Used,Hồ Chí Minh,,
391,https://xe.chotot.com/mua-ban-xe-dap/132878110.htm,2026-06-09 14:40:53,xe_dap_dien,Xe đạp điện màu Đen,3700000,Sang,thanh lý xe như hình . bình pin chạy bao bền . gía công khai 3t7,"Thành phố Bà Rịa, Bà Rịa - Vũng Tàu",Đã sử dụng,Xe đạp điện,,,,3700000,Used,Vũng Tàu,,
392,https://xe.chotot.com/mua-ban-xe-dap/121453067.htm,2026-06-09 10:43:15,xe_dap_dien,Xe đạp điện asama 4 bình,4200000,xe đạp điện   xe điện,"Bán xe đạp điện asama, bình điện đi quãng đường 30km Bảo hành 3 tháng Giao xe tận nơi","Quận Gò Vấp, Tp Hồ Chí Minh",Đã sử dụng,Xe đạp điện,,,,4200000,Used,Hồ Chí Minh,,
393,https://xe.chotot.com/mua-ban-xe-dap/132872546.htm,2026-06-09 10:34:31,xe_dap_dien,"Xe đạp điện Yadea i8 , Xe Mới Bao Êm, Sạc Đầy Đủ",8500000,Duy Khánh,"Thanh Lý Thu Hồi Vốn Xe Đạp Điện Yadea, Mới 90% 🍓 Có Sạc Zin Đầy Đủ -- Xe Máy Mượt Bao Lướt 🍓 Dòng Xe Đi Bền 🩷Xe Đầy Đủ Chức Năng 🩵ACE có nhu cầu liên hệ bên E ạ","Quận 12, Tp Hồ Chí Minh",Đã sử dụng,Xe đạp điện,Trung Quốc,,,8500000,Used,Hồ Chí Minh,,
394,https://xe.chotot.com/mua-ban-xe-dap/132870534.htm,2026-06-09 09:19:26,xe_dap_dien,Xe đạp điện Yamaha màu Đen,3500000,Gialâm,Xe đap điên như hinh ko sư dung bán cho ai cần. xe bình mơi chay 35_40 cây xac 1lân,"Huyện Trảng Bom, Đồng Nai",Đã sử dụng,Xe đạp điện,,,,3500000,Used,Đồng Nai,,
395,https://xe.chotot.com/mua-ban-xe-dap/132868354.htm,2026-06-09 07:03:34,xe_dap_dien,Xe đạp điện 133 màu Đen,5000000,Lê Ngọc Tấn Tài,bán xe điện 133 ạ đèn sáng còi kêu hai bánh quay đều,"Quận Liên Chiểu, Đà Nẵng",Đã sử dụng,Xe đạp điện,Việt Nam,,,5000000,Used,Đà Nẵng,,
396,https://xe.chotot.com/mua-ban-xe-dap/132864809.htm,2026-06-08 20:20:50,xe_dap_dien,Xe đạp điện màu Đen,5000000,Gia Lai,"Bé lên cấp 3 đổi xe máy vco bé nên bán cho ae nào cần, xe mới thay bình mới luôn nha","Thành phố Dĩ An, Bình Dương",Đã sử dụng,Xe đạp điện,,,,5000000,Used,Bình Dương,,
397,https://xe.chotot.com/mua-ban-xe-dap/132864555.htm,2026-06-08 20:02:54,xe_dap_dien,Xe đạp điện SONSU 510 Đỏ,5000000,Trần thị phương thảo ,"Xe đạp điện SONSU 510 màu đỏ, thiết kế trẻ trung, phù hợp cho cả nam và nữ. - Động cơ bền bỉ, vận hành êm ái. - Quãng đường di chuyển tốt. - Tiện lợi cho việc đi lại hàng ngày.","Quận 12, Tp Hồ Chí Minh",Đã sử dụng,Xe đạp điện,,,,5000000,Used,Hồ Chí Minh,,
398,https://xe.chotot.com/mua-ban-xe-dap/132863907.htm,2026-06-08 19:17:34,xe_dap_dien,Xe đạp điện thanh lý k1 trắng hồng,7500000,Huy,xe đạp điện thanh lý lại giá siêu mềm xe chạy rất em cho khách hàng tới kiểm tra Bình tại nhà yên tâm xe kèm rổ như hình kèm sạc zin,"Quận Bình Tân, Tp Hồ Chí Minh",Đã sử dụng,Xe đạp điện,Khác,,,7500000,Used,Hồ Chí Minh,,
399,https://xe.chotot.com/mua-ban-xe-dap/132699759.htm,2026-06-08 18:56:01,xe_dap_dien,Cần bán xe điện cũ Newber ✅..bình khoẻ,3800000,XE ĐIỆN CŨ SÓNG THẦN ,"Cần bán xe điện cũ Newber ✅giá:3tr800..bình khoẻ ,khoảng 20-25km/1 lần xạc.Xe Ngay gầm cầu vượt sóng thần.","Thành phố Thủ Đức, Tp Hồ Chí Minh",Đã sử dụng,Xe đạp điện,,,,3800000,Used,Hồ Chí Minh,,
400,https://xe.chotot.com/mua-ban-xe-dap/132863331.htm,2026-06-08 18:37:56,xe_dap_dien,Xe đạp điện ASAMA Xanh Đã sử dụng,1500000,Tấn Phát,mình cần bán do k dùng nữa xe còn chạy bth sạc bth đi đc khoảng 5km do bình yếu r về thay bình là ngon luôn mình còn fix cho ae nhanh gọn lẹ,"Quận Bình Tân, Tp Hồ Chí Minh",Đã sử dụng,Xe đạp điện,,,,1500000,Used,Hồ Chí Minh,,
401,https://xe.chotot.com/mua-ban-xe-dap/132860951.htm,2026-06-08 16:23:43,xe_dap_dien,Xe đạp điện K1 Hồng,7900000,Nguyễn Thạnh,xe đạp điện k1 5 bình lớn xe đẹp còn đủ các chức năng xe chạy mượt bình khỏe xe đi đc 45-50km cho 1lan sạc giá 7tr900.,"Huyện Bình Chánh, Tp Hồ Chí Minh",Đã sử dụng,Xe đạp điện,Việt Nam,,,7900000,Used,Hồ Chí Minh,,
402,https://xe.chotot.com/mua-ban-xe-dap/132547727.htm,2026-06-08 13:38:47,xe_dap_dien,cần bán xe mới,12500000,Minh Quang,Bán xe DV mono chính hãng vn Xe chạy bình 12v20a Xe mới 100% Bh 12 tháng,"Thành phố Thủ Đức, Tp Hồ Chí Minh",Đã sử dụng,Xe đạp điện,Việt Nam,,,12500000,Used,Hồ Chí Minh,,
403,https://xe.chotot.com/mua-ban-xe-dap/132368440.htm,2026-06-08 13:20:21,xe_dap_dien,Xe đạp điện Lehe K2 Xanh lá,3900000,Quách khải tuấn,"Xe điện gấp Lehe K2 màu xanh lá, thiết kế nhỏ gọn, tiện lợi di chuyển trong phố. - Dễ dàng gấp gọn, mang theo. - Động cơ mạnh mẽ, quãng đường di chuyển tốt. - Phù hợp cho đi làm, đi học. nai nhường lại cho ai cần","Quận Bình Thạnh, Tp Hồ Chí Minh",Đã sử dụng,Xe đạp điện,,,,3900000,Used,Hồ Chí Minh,,
404,https://xe.chotot.com/mua-ban-xe-dap/132853085.htm,2026-06-08 11:01:48,xe_dap_dien,Xe đạp điện 133s màu Đỏ,4300000,Nam Đức,"Xe đaph điện 133s 4 bình lớn màu đỏ - Thiết kế nhỏ gọn, dễ điều khiển. - Bình điện lớn theo xe còn 70% đi khoảng 20-30km/sạc - Tiện lợi di chuyển trong thành phố. - Động cơ bền bỉ, tiết kiệm điện.","Quận Thanh Khê, Đà Nẵng",Đã sử dụng,Xe đạp điện,Việt Nam,,,4300000,Used,Đà Nẵng,,
405,https://xe.chotot.com/mua-ban-xe-dap/131185068.htm,2026-06-08 11:01:38,xe_dap_dien,Xe đạp điện M133 Đa dạng màu,7950000,Khánh Duy,"Xe đạp điện M133 cửa hàng về đủ màu, mẫu xe quốc dân, đèn led, phù hợp với mọi lứa tuổi ❤️có hỗ trợ trả góp❤️ ✅Hỗ trợ trả trước 0đ, khách đủ 18 tuổi ✅Nhận quẹt thẻ tín dụng 🏡 405 Ngô Quyền, Đà Nẵng 📞***","Quận Sơn Trà, Đà Nẵng",Mới,Xe đạp điện,Việt Nam,,,7950000,New,Đà Nẵng,,
406,https://xe.chotot.com/mua-ban-xe-dap/132852518.htm,2026-06-08 10:43:34,xe_dap_dien,Xe đạp điện Nhật Bản màu Đỏ,2930000,XE ĐIỆN LONG XUYÊN,japan.Chạy ngon bình mới .Mọi thứ hoàn hảo mua về sử dụng dụng. Máy nhôm bao ngon.Còn đi học vợ đi chợ. Đi nhậu khá ok khỏi tốn gặp.Xem không ưng ý mình mời cafe trà sữa giao lưu. Chúc sức khỏe đến với mọi người.,"Thành phố Long Xuyên, An Giang",Đã sử dụng,Xe đạp điện,Nhật Bản,,,2930000,Used,An Giang,,
407,https://xe.chotot.com/mua-ban-xe-dap/120858103.htm,2026-06-08 09:45:15,xe_dap_dien,Xe đạp điện moka,7200000,xe đạp điện   xe điện,"• Bán xe đạp điện mới 100%, bình điện đi được quãng đường 50-60km,khóa điều khiển bằng remote • Bảo hành 1 năm • Giao xe tận nơi","Quận Gò Vấp, Tp Hồ Chí Minh",Mới,Xe đạp điện,Trung Quốc,,,7200000,New,Hồ Chí Minh,,
408,https://xe.chotot.com/mua-ban-xe-dap/130932712.htm,2026-06-08 07:12:25,xe_dap_dien,Xe trợ lực MỚI chính hãng 😀,8800000,Tuấn Trần,"Thương hiệu YuBu Huizhou ( công ty sản xuất trực tiếp ) shop có 3 bản - Yu7🚲 ( xe trắng ) - GT900🚲 ( xe đen ) - G63🚲 ( xe xanh ) 👺Xe mới ❤️ Ace vui lòng gọi hoặc nhắn em qua sdt ạ ⭐️Mở/khóa bằng thẻ NFC -Pin tháo rời/liền thân -Truyền động Shimano ( nhanh , mượt ) -Mâm 24-26inch 2 phanh đĩa. -Động cơ 400w,60nm, không chổi than. -Sườn thép cacbon siêu bền chịu tải lên đến 180kg -Pin lithium 10AH ( lõi pin loại A ) sạc 4h quảng đường 30km tốc độ 30km/h Thương hiệu YuBu Huizhou shop có 3 bản - Yu7🚲 ( xe trắng ) - GT900🚲 ( xe đen ) - G63🚲 ( xe xanh )","Thành phố Thủ Đức, Tp Hồ Chí Minh",Mới,Xe đạp điện,Trung Quốc,,,8800000,New,Hồ Chí Minh,,
409,https://xe.chotot.com/mua-ban-xe-dap/131689557.htm,2026-06-08 06:27:40,xe_dap_dien,Xe đạp điện Tai LG Gr 56 Trắng tuyết,1178000,Huy Đồng,Xe đạp điện Tai LG Gr 56 màu trắng tuyết công suất 500W 5 bình lớn Trả góp bao nợ xấu Thủ tục nhanh chóng Ko giữ CMND/CCCD Bảo mật thông tin khách hàng Hỗ trợ 0 trả trước Bảo hành chính hãng 2 năm Không chi phú phát sinh,"Quận 8, Tp Hồ Chí Minh",Mới,Xe đạp điện,Đài Loan,,,1178000,New,Hồ Chí Minh,,
410,https://xe.chotot.com/mua-ban-xe-dap/132393174.htm,2026-06-07 23:40:24,xe_dap_dien,XE ĐẠP ĐIỆN SONCO LYN - PHÚC DŨNG,15500000,Đình Đình,"🚀 SONCO LYN – Chuẩn phong cách, dẫn đầu xu hướng 📱 Công nghệ thông minh – Kết nối dễ dàng Tích hợp App điều khiển bằng giọng nói tiếng Việt, kết nối điện thoại nhanh chóng: ✔ Theo dõi tình trạng pin ✔ Định vị xe chính xác ✔ Khóa/mở xe từ xa ✔ Quản lý hành trình ✔ Cảnh báo & báo lỗi tức thì ⚡ Di chuyển êm ái – Tiết kiệm – Tiện lợi Phù hợp đi làm, đi học, dạo phố mỗi ngày. ✨ SONCO LYN – Nhẹ nhàng lướt phố, SẴN XE TẠI CỬA HÀNG 😍 BẢO HÀNH 1 năm: BÌNH, IC, ĐỘNG CƠ, KHUNG SƯỜN","Quận 8, Tp Hồ Chí Minh",Mới,Xe đạp điện,Việt Nam,,,15500000,New,Hồ Chí Minh,,
411,https://xe.chotot.com/mua-ban-xe-dap/132846656.htm,2026-06-07 22:06:18,xe_dap_dien,Xe đạp điện màu Đỏ,2500000,Quỳnh Hương,mình cần bán xe đạp điện như hình xe vẫn chạy tốt (con mình lên đại hoc rồi ko đi nữa ) mình bán giá 2triêu 500k không bao sip ko trả giá ace nào cần thì liên hệ với mình,"Quận Bình Tân, Tp Hồ Chí Minh",Đã sử dụng,Xe đạp điện,Việt Nam,,,2500000,Used,Hồ Chí Minh,,
412,https://xe.chotot.com/mua-ban-xe-dap/132846287.htm,2026-06-07 21:29:18,xe_dap_dien,BÁN lại: xe đạp điện Giá: 3tr800 bình khỏe xe ở C,3800000,XE ĐIỆN HUY BẢO ,BÁN lại: xe đạp điện Giá: 3tr800 bình khỏe xe ở Cầu Vượt Sóng Thần quốc lộ 1A ☎️LH: ***,"Thành phố Dĩ An, Bình Dương",Đã sử dụng,Xe đạp điện,,,,3800000,Used,Bình Dương,,
413,https://xe.chotot.com/mua-ban-xe-dap/132845084.htm,2026-06-07 19:49:47,xe_dap_dien,BÁN lại: xe đạp điện Mima Giá: 3tr800 bình khỏe,3800000,XE ĐIỆN HUY BẢO ,BÁN lại: xe đạp điện mima Giá: 3tr800 bình khỏe xe ở Cầu Vượt Sóng Thần quốc lộ 1A ☎️LH: 👍,"Thành phố Dĩ An, Bình Dương",Đã sử dụng,Xe đạp điện,,,,3800000,Used,Bình Dương,,
414,https://xe.chotot.com/mua-ban-xe-dap/132844780.htm,2026-06-07 19:24:48,xe_dap_dien,Xe đạp điện VC Trắng kem Đã sử dụng,7800000,bao,"xe đạp điện dòng VC 2025 5binh xe hoat động mọi thứ điều tốt,còn 89% ,bình sạc đầy đủ","Quận 3, Tp Hồ Chí Minh",Đã sử dụng,Xe đạp điện,,,,7800000,Used,Hồ Chí Minh,,
415,https://xe.chotot.com/mua-ban-xe-dap/132844743.htm,2026-06-07 19:21:22,xe_dap_dien,Xe đạp điện DYDXE Nhiều màu,4200000,Nguyễn Ngọc,"Xe đạp điện DYDXE nhiều màu, thiết kế hiện đại, phù hợp cho cả nam và nữ. - Động cơ bền bỉ, vận hành êm ái. - Di chuyển tiện lợi trong thành phố. - Tiết kiệm chi phí. xe mua đc 2,5 nhưng đi 19 lần(sạc đúng giờ) có thể đến test xe hoặc đem ra tiệm( bao test thoải mái","Quận Thanh Khê, Đà Nẵng",Đã sử dụng,Xe đạp điện,,,,4200000,Used,Đà Nẵng,,
416,https://xe.chotot.com/mua-ban-xe-dap/132832624.htm,2026-06-07 18:39:23,xe_dap_dien,XE MỚI ĐÃ ĐU BÌNH ĐIÊN. GIÁ GOP NHÉ,5700000,Minh,V1 MỚI HÀNG HOTTREN XỊN XO CHẤT LƯỢNG TỐT. MOI CHỨC NĂNG ĐÂY ĐU. ĐA BAO GỒM BÌNH ĐIÊN. LH 539/15 HƯƠNG LÔ 3.PHƯỜNG BÌNH HƯNG HOA QUÂN BÌNH TÂN.,"Quận Bình Tân, Tp Hồ Chí Minh",Mới,Xe đạp điện,Việt Nam,,,5700000,New,Hồ Chí Minh,,
417,https://xe.chotot.com/mua-ban-xe-dap/132843503.htm,2026-06-07 17:48:13,xe_dap_dien,Xe đạp điện màu Đen,1900000,Huỳnh Đức,Cáp xe xe đạp điện 1tr9 đi bình thường dòng này đi siêu bền ít nhựa cần lh e ***,"Quận Hải Châu, Đà Nẵng",Đã sử dụng,Xe đạp điện,,,,1900000,Used,Đà Nẵng,,
418,https://xe.chotot.com/mua-ban-xe-dap/132842984.htm,2026-06-07 17:17:18,xe_dap_dien,Xe đạp điện màu Cam,4500000,Gia Linh Nguyen,"Xe đạp điện màu cam, thiết kế năng động, phù hợp cho cả nam và nữ. - Xe chạy rất ngon nhưng chủ ít chạy - Pin trâu Chạy mượt chở hai người lên cầu vô tư","Quận 8, Tp Hồ Chí Minh",Đã sử dụng,Xe đạp điện,Trung Quốc,,,4500000,Used,Hồ Chí Minh,,
419,https://xe.chotot.com/mua-ban-xe-dap/132841471.htm,2026-06-07 16:03:56,xe_dap_dien,Xe đạp điện Ninja màu Xám,5700000,linh anh ,"Xe đạp điện Ninja màu xám, thiết kế thể thao, cá tính. - Động cơ mạnh mẽ, vận hành êm ái. - Quãng đường di chuyển tốt. - Phù hợp đi học, đi làm.","Thành phố Thuận An, Bình Dương",Đã sử dụng,Xe đạp điện,,,,5700000,Used,Bình Dương,,
420,https://xe.chotot.com/mua-ban-xe-dap/132841362.htm,2026-06-07 15:59:46,xe_dap_dien,Xe đạp điện Hitasa màu Xanh,5500000,linh anh ,"Xe đạp điện Hitasa màu xanh, thiết kế nhỏ gọn, phù hợp đi lại trong thành phố. - Xe chạy êm, tiết kiệm điện. - Dễ dàng điều khiển, an toàn khi sử dụng.","Thành phố Thuận An, Bình Dương",Đã sử dụng,Xe đạp điện,,,,5500000,Used,Bình Dương,,
421,https://xe.chotot.com/mua-ban-xe-dap/132839592.htm,2026-06-07 14:37:53,xe_dap_dien,Xe đạp điện Before All Đen,5000000,Phạm hùng,"Xe điện beforer all Xe đã bảo dưỡng ful, lốp trước sau mới, phuộc, đèn bao sáng, ic đúc, pin lfp chống cháy bảo hành 2 năm hãng, đèn còi đầy đủ","Huyện Đạ Huoai, Lâm Đồng",Đã sử dụng,Xe đạp điện,,,,5000000,Used,Lâm Đồng,,
422,https://xe.chotot.com/mua-ban-xe-dap/132612310.htm,2026-06-07 12:51:49,xe_dap_dien,XE MỚI HÃNG PEGA. ĐÃ BAO GỒM BÌNH ĐIÊN,12900000,Minh,XE MỚI HÀNG CÔNG TY PEGA CHẤT LƯỢNG TỐT. MOI CHỨC NĂNG ĐÂY ĐU. ĐA BAO GỒM BÌNH ĐIÊN. LH 539/15 HƯƠNG LÔ 3.PHƯỜNG BÌNH HƯNG HOA QUÂN BÌNH TÂN,"Quận Bình Tân, Tp Hồ Chí Minh",Mới,Xe đạp điện,Việt Nam,,,12900000,New,Hồ Chí Minh,,
423,https://xe.chotot.com/mua-ban-xe-dap/132835706.htm,2026-06-07 11:24:14,xe_dap_dien,Xe đạp điện Osakar Mandi Đen,12000000,Nguyễn Công Bằng,"Xe đạp điện OSAKAR MANDI màu đen, thiết kế nhỏ gọn, phù hợp di chuyển trong phố. - Động cơ 48V-500W, vận hành êm ái. - Trọng lượng 80kg, dễ dàng điều khiển. - Tiết kiệm nhiên liệu, thân thiện môi trường. - đi 1000km ( mới thay bình )","Quận Bình Thạnh, Tp Hồ Chí Minh",Đã sử dụng,Xe đạp điện,Việt Nam,,,12000000,Used,Hồ Chí Minh,,
424,https://xe.chotot.com/mua-ban-xe-dap/129037726.htm,2026-06-07 10:38:19,xe_dap_dien,Xe đạp điện 4 bình,3000000,xe đạp điện   xe điện,"Bán xe đạp điện, bình điện đi quãng đường 30km Bảo hành 3 tháng Giao xe tận nơi","Quận Gò Vấp, Tp Hồ Chí Minh",Đã sử dụng,Xe đạp điện,,,,3000000,Used,Hồ Chí Minh,,
425,https://xe.chotot.com/mua-ban-xe-dap/132519052.htm,2026-06-07 10:30:09,xe_dap_dien,Xe đạp điện Dylaxe X1 Trắng 5 bình lớn odo 750km,9700000,thành loc ,"xe đạp điện dylaxe x1 5 bình lớn xe mới tốc độ 55kmh odo 750km mua dc 2. 3 tháng chạy chán bán 👉tải trọng lên đến 180kg 👉quãng đường đi 60 70km 1 lần sạc 👉kết nối loa bluetooth , tiếng pô giả lập on /off fom đẹp mạnh 👉động cơ 1200w 👉nhiều công nghệ cao xe cứng cáp chạy đầm 👉giá 9t7 xem xe bình tân hcm zálo :***","Quận Bình Tân, Tp Hồ Chí Minh",Đã sử dụng,Xe đạp điện,,,,9700000,Used,Hồ Chí Minh,,
426,https://xe.chotot.com/mua-ban-xe-dap/132834132.htm,2026-06-07 10:15:44,xe_dap_dien,Xe đạp điện màu Tím Đã sử dụng,2050000,KL,bán xe đạp điện còn hoạt động bình thường. ai cần ib,"Huyện Hóc Môn, Tp Hồ Chí Minh",Đã sử dụng,Xe đạp điện,,,,2050000,Used,Hồ Chí Minh,,
427,https://xe.chotot.com/mua-ban-xe-dap/132253412.htm,2026-06-07 09:43:20,xe_dap_dien,Xe đạp điện 4 binh,3500000,HOÀNG MẠNH ,"Xe đạp điện thiết kế thể thao, năng động. - Động cơ mạnh mẽ, vận hành êm ái. - Quãng đường di chuyển tốt. - Phù hợp đi học, đi làm. chuc năng dèn còi xi nhan dầy đủ khoá quet thẻ , remot","Quận 12, Tp Hồ Chí Minh",Đã sử dụng,Xe đạp điện,,,,3500000,Used,Hồ Chí Minh,,
428,https://xe.chotot.com/mua-ban-xe-dap/132832958.htm,2026-06-07 09:21:27,xe_dap_dien,Xe đạp điện màu Xám,2850000,Giakhanh,dạ con e lên cấp 3 nên mua xe 50 cho cháu chạy ạ xe còn chạy bt 35-40 cho 1 lan sac xe áo còn dc bể dè xe chưa rửa a chị cần alo e ạ,"Huyện Cao Lãnh, Đồng Tháp",Đã sử dụng,Xe đạp điện,,,,2850000,Used,Đồng Tháp,,
429,https://xe.chotot.com/mua-ban-xe-dap/132622574.htm,2026-06-07 09:13:21,xe_dap_dien,Xe đạp điện,3400000,HOÀNG MẠNH ,"Xe đạp điện thiết kế thể thao, phù hợp cho cả nam và nữ. - Động cơ mạnh mẽ, di chuyển êm ái. - Quãng đường đi được xa, tiện lợi cho việc đi lại hàng ngày. - Xe bền bỉ, ít hỏng vặt.","Quận 12, Tp Hồ Chí Minh",Đã sử dụng,Xe đạp điện,,,,3400000,Used,Hồ Chí Minh,,
430,https://xe.chotot.com/mua-ban-xe-dap/132622570.htm,2026-06-07 08:43:17,xe_dap_dien,Xe đạp điện,3500000,HOÀNG MẠNH ,"Xe đạp điện 4 bình thiết kế thể thao, năng động. - Động cơ mạnh mẽ, di chuyển êm ái. - Quãng đường di chuyển tốt, phù hợp đi học, đi làm. - Xe bền bỉ, ít hỏng vặt.","Quận 12, Tp Hồ Chí Minh",Đã sử dụng,Xe đạp điện,,,,3500000,Used,Hồ Chí Minh,,
431,https://xe.chotot.com/mua-ban-xe-dap/132831669.htm,2026-06-07 07:58:35,xe_dap_dien,Xe đạp điện màu Xanh đã qua sử dụng,4500000,le vu anh thu,"Cần bán lại xe đạp điện mình mua lại của nguời ta,sạc bằng bình ắc quy còn bảo hành giá 4 triệu ruỡi,có thể tới xem xe trực tiếp ạ","Quận Tân Bình, Tp Hồ Chí Minh",Đã sử dụng,Xe đạp điện,Trung Quốc,,,4500000,Used,Hồ Chí Minh,,
433,https://xe.chotot.com/mua-ban-xe-dap/132272290.htm,2026-06-07 07:09:07,xe_dap_dien,🔥Cần BÁN XE ĐIỆN CŨ giá 3tr800 như hình 👍.,3800000,XE ĐIỆN CŨ SÓNG THẦN ,"Cần bán xe điện cũ như hình ✅giá:3tr800..bình khoẻ ,khoảng 20-25km/1 lần xạc.Xe Ngay gầm cầu vượt sóng thần.","Thành phố Thủ Đức, Tp Hồ Chí Minh",Đã sử dụng,Xe đạp điện,,,,3800000,Used,Hồ Chí Minh,,
434,https://xe.chotot.com/mua-ban-xe-dap/132830961.htm,2026-06-07 06:44:00,xe_dap_dien,"Xe đạp điện Nữ Hồng, Trắng",3000000,phạm hữu lộc,Con gái đã lớn nên mua chiếc xe điện khác cần thanh lý xe điện này cho ai cần bạn nào quan tâm liên hệ dùm,"Huyện Thoại Sơn, An Giang",Đã sử dụng,Xe đạp điện,Trung Quốc,,,3000000,Used,An Giang,,
435,https://xe.chotot.com/mua-ban-xe-dap/132829346.htm,2026-06-06 21:41:44,xe_dap_dien,thanh ly Xe đạp điện Before All F8 - xe chạy pin,3200000,Tùng Tuyến Máy Tính,"Thanh lý xe đạp điện Before All F8, xe đã thay Pin 20Ah, gia ban cả xe chỉ bằng viên pin Giá: 3,2 triệu Zalo: ***","Quận Đống Đa, Hà Nội",Đã sử dụng,Xe đạp điện,,,,3200000,Used,Hà Nội,,
436,https://xe.chotot.com/mua-ban-xe-dap/132828303.htm,2026-06-06 20:21:24,xe_dap_dien,Xe đạp điện màu Xanh Đã qua sử dụng,4500000,Nhan Pham,"XE ĐẠP ĐIỆN ZIN NGUYÊN BẢN – BÌNH MỚI THAY – BẢO HÀNH TRÁCH NHIỆM 6 THÁNG (CÓ GIẤY CAM KẾT) 💎 TÌNH TRẠNG THỰC TẾ CỦA XE (HÌNH THẬT 100%): • Đồ đạc nguyên zin: Hệ thống điện, đèn LED siêu sáng, kèn/còi hoạt động hoàn hảo từ lúc mua, chưa hề sửa chữa hay độ chế bậy bạ. • Bộ bình ắc-quy (Điểm đáng tiền nhất): Mình mới thay bộ bình mới chưa đầy 1 năm, bình còn cực kỳ khỏe, dòng phóng mạnh, sạc đầy đi vi vu 35 - 45km thoải mái chứ không phải loại bình ảo đi vài cây số là sập nguồn đâu ạ. 🔥 ĐẶC BIỆT - ĐÁNH BẠI MỌI NỖI LO KHI MUA XE CŨ: Để anh chị hoàn toàn yên tâm khi mua xe, mình KHÔNG BÁN ĐỨT ĐOẠN theo kiểu ""tiền trao cháo múc"". Mình tự tin cam kết: 👉 BẢO HÀNH TRÁCH NHIỆM 6 THÁNG cho bộ bình ắc-quy (Có viết giấy tay đàng hoàng, ký tên làm dấu trên bình rõ ràng để đối chiếu). Nếu trong 6 tháng bình có trục trặc lỗi sụt nguồn, mình hỗ trợ xử lý ngay lập tức! 💰 Giá mong muốn ra đi: 4.500.000 VNĐ (Có bớt lộc chút đỉnh tiền xăng xe, cà phê cho anh chị em nào nhanh gọn lẹ, thiện chí qua tận nhà xem xe và chạy thử). 📍 Địa chỉ xem xe trực tiếp: [Ấp Chợ xã Nhơn Phú- tỉnh Vĩnh Long] 📞 Số điện thoại liên hệ: [*** gập anh Nhân] 🤝 ""Tiền nào của nấy"", mua chiếc xe có bảo hành bình rõ ràng về chỉ việc chạy, đỡ rước bực mình vào người so với mua xe rẻ vài trăm nghìn mà bình hư về lại tốn thêm cả triệu bạc thay mới. Anh chị quan tâm alo trực tiếp mình nhé!","Huyện Mang Thít, Vĩnh Long",Đã sử dụng,Xe đạp điện,Việt Nam,,,4500000,Used,Vĩnh Long,,
437,https://xe.chotot.com/mua-ban-xe-dap/132828127.htm,2026-06-06 20:09:31,xe_dap_dien,Xe đạp điện màu Xanh ngọc,4800000,Xe điện TRI TÔN ,"133 đẹp keng như hình. Xe chạy lướt, nâng cấp len xe cao cấp nên để lại giá rẻ. Thích hợp cho các em học sinh. Giá bao tốt cho anh em.","Huyện Tri Tôn, An Giang",Đã sử dụng,Xe đạp điện,,,,4800000,Used,An Giang,,
438,https://xe.chotot.com/mua-ban-xe-dap/132825933.htm,2026-06-06 17:36:50,xe_dap_dien,Xe đạp điện V1 Plus Xám nhám 99% còn BH 10th,9500000,ChuTu,"Do vợ không còn nhu cầu dùng, mình cần bán xe đạp điện V1 Plus xám nhám 99%. - Xe 5 bình ( đi được khoản 50 - 60km ) - xe mới mua 2 tháng đi lại chưa đến 50km ( rất ít đi) - ngoại hình 99% không vết trầy . - phụ kiện còn đầy đủ ( 2 chìa cơ - 2 thẻ từ - 1 remote - bàn đạp - rỗ trước ) - còn bảo hành và bảo dưỡng 10 tháng đến 12/04/2027 cửa hàng xe máy điện Cutiee ( Cn3 212 Hoà Bình, Tân Phú .)( còn phiếu bảo hành) - giá mua mới 12tr650 , nay mình bán lại với giá : 9.500.000 . Ace có nhu cầu mua cho con e đi học hoặc vợ đi chợ lh em","Quận Bình Tân, Tp Hồ Chí Minh",Đã sử dụng,Xe đạp điện,Việt Nam,,,9500000,Used,Hồ Chí Minh,,
439,https://xe.chotot.com/mua-ban-xe-dap/132825284.htm,2026-06-06 16:58:25,xe_dap_dien,xe đạp điện chính hãng,15500000,XE ĐẠP ĐIỆN LOA KÉO HÙNG PHÁT HẬU GIANG,Xe đạp điện chính hãng lyn 946 Giá ưu đãi cho học sinh khi mua hàng Giảm thêm 200k-500k,"Huyện Phụng Hiệp, Hậu Giang",Đã sử dụng,Xe đạp điện,Việt Nam,,,15500000,Used,Hậu Giang,,
440,https://xe.chotot.com/mua-ban-xe-dap/132824765.htm,2026-06-06 16:34:35,xe_dap_dien,Xe đạp điện 133 Đen,2500000,xe điện,"Xe đạp điện 133 màu đen, thiết kế phù hợp cho cả nam và nữ. - Di chuyển tiện lợi trong thành phố. - Tiết kiệm chi phí xăng xe. - Dễ dàng sử dụng.","Quận Tân Phú, Tp Hồ Chí Minh",Đã sử dụng,Xe đạp điện,,,,2500000,Used,Hồ Chí Minh,,
441,https://xe.chotot.com/mua-ban-xe-dap/132822731.htm,2026-06-06 15:04:15,xe_dap_dien,Xe đạp điện Đỏ trắng Đã qua sử dụng,2700000,Dai Vu,Xe đã qua sử dụng Đèn còi xi nhan đầy đủ Động cơ êm khoẻ,"Thành phố Biên Hòa, Đồng Nai",Đã sử dụng,Xe đạp điện,Việt Nam,,,2700000,Used,Đồng Nai,,
442,https://xe.chotot.com/mua-ban-xe-dap/132822616.htm,2026-06-06 14:59:37,xe_dap_dien,Xe đạp điện màu Đỏ đã qua sử dụng,3500000,Dai Vu,Xe đã qua sử dụng Đèn còi xi nhan đầy đủ động cơ êm khoẻ,"Thành phố Biên Hòa, Đồng Nai",Đã sử dụng,Xe đạp điện,Việt Nam,,,3500000,Used,Đồng Nai,,
443,https://xe.chotot.com/mua-ban-xe-dap/132820966.htm,2026-06-06 13:41:08,xe_dap_dien,Xe điện Sonico Vespa 946 (V3) Đa màu,16000000,Đình Đình,"xe điện trợ lực vespa 946 ( v3 ) Mẫu xe điện hot trend đầy đủ giấy tờ đăng kiểm hóa đơn Bảo hành 1 năm, cứu hộ sửa chữa tận nơi Giá đã kèm bình ắc quy","Quận 8, Tp Hồ Chí Minh",Mới,Xe đạp điện,Việt Nam,,,16000000,New,Hồ Chí Minh,,
444,https://xe.chotot.com/mua-ban-xe-dap/132820904.htm,2026-06-06 13:37:44,xe_dap_dien,Xe đạp điện Yadea i6 Hồng nhạt,4000000,Nguyễn Thạnh,"xe đạp điện yadea i6,xe sử dụng Ac quy,xe đi đc 25-30km cho 1lan sạc cần bán 4tr.","Huyện Bình Chánh, Tp Hồ Chí Minh",Đã sử dụng,Xe đạp điện,Việt Nam,,,4000000,Used,Hồ Chí Minh,,
445,https://xe.chotot.com/mua-ban-xe-dap/132820788.htm,2026-06-06 13:31:54,xe_dap_dien,Xe điện trợ lực v1 plus,14500000,Đình Đình,"Xe điện trợ lực V1 plus, dòng xe hot trend giá đã kèm 5 bình lớn, bảo hành 1 năm","Quận 8, Tp Hồ Chí Minh",Mới,Xe đạp điện,Trung Quốc,,,14500000,New,Hồ Chí Minh,,
446,https://xe.chotot.com/mua-ban-xe-dap/132818954.htm,2026-06-06 11:56:58,xe_dap_dien,Xe đạp điện chính hãng Pega Đã sử dụng,4200000,Xe điện TRI TÔN ,"Chính hãng Pega đẹp 90%.Xe nguyên zin, acquy cực khỏe. Thích hợp cho các em học sinh. Giá bao tốt cho anh em.","Huyện Tri Tôn, An Giang",Đã sử dụng,Xe đạp điện,,,,4200000,Used,An Giang,,
447,https://xe.chotot.com/mua-ban-xe-dap/129670092.htm,2026-06-06 09:30:10,xe_dap_dien,Xe đạp điện M133,7500000,Cửa Hàng Xe Điện Huỳnh Như ,Xe đạp điện M133 Vận tốc 40 - 50km/h Quãng đường đi được 50km/sạc Lắp ráp tại Việt Nam Chạy lướt mọi địa hình Bảo hành 12 tháng,"Quận 8, Tp Hồ Chí Minh",Mới,Xe đạp điện,,,,7500000,New,Hồ Chí Minh,,
448,https://xe.chotot.com/mua-ban-xe-dap/132814386.htm,2026-06-06 09:00:47,xe_dap_dien,Xe đạp điện màu Đỏ Gần như mới,4500000,Đoan nhung,bán xe điện gần như mới bình còn khỏe mọi chức năng hoạt động tốt ai cần alô cho em ạ,"Thành phố Dĩ An, Bình Dương",Đã sử dụng,Xe đạp điện,Đài Loan,,,4500000,Used,Bình Dương,,
449,https://xe.chotot.com/mua-ban-xe-dap/132274794.htm,2026-06-06 07:53:57,xe_dap_dien,XE MỚI. ĐÃ ĐU HẾT RỒI. HÔ TRỢ TRẢ GÓP,11800000,Minh,XE MỚI HÀNG CÔNG TY CHẤT LƯỢNG TỐT. MOI CHỨC NĂNG ĐÂY ĐU. ĐA BAO GỒM BÌNH ĐIÊN MỚI. LH 539/15 HƯƠNG LÔ 3.PHƯỜNG BÌNH HƯNG HOA QUÂN BÌNH TÂN. Quý khách cảnh giác lừa đảo. có những người ở nơi xa mao danh phường Bình Hưng Hoa Quân Bình Tân. nhằm mục đích lừa đảo.,"Quận Bình Tân, Tp Hồ Chí Minh",Mới,Xe đạp điện,Việt Nam,,,11800000,New,Hồ Chí Minh,,
450,https://xe.chotot.com/mua-ban-xe-dap/132813038.htm,2026-06-06 07:41:42,xe_dap_dien,"Xe đạp điện SONSU Trắng, Đen",3500000,Phạm hải Nam,Cần bán xe đạp điện chính hãng SONSU. Tinh trạng xe còn đẹp như hình. Hoạt động tốt. Bình còn khỏe mạnh. ace quan tâm muốn mua xin lh . thanks chợ tốt đã duyệt bài,"Thành phố Thủ Đức, Tp Hồ Chí Minh",Đã sử dụng,Xe đạp điện,,,,3500000,Used,Hồ Chí Minh,,
451,https://xe.chotot.com/mua-ban-xe-dap/132813018.htm,2026-06-06 07:40:12,xe_dap_dien,Xe đạp điện ASAMA màu Trắng Đã sử dụng,2500000,Phạm hải Nam,Bán xe đạp điện ASAMA Như hình chụp điện thoại. Tình trạng xe còn đẹp như hình. Hoạt động tốt bình khỏe. đã kiểm tra bao đi. ace nào quan tâm muốn mua xin lh với em. Thanks chợ tốt đã duyệt bài,"Thành phố Thủ Đức, Tp Hồ Chí Minh",Đã sử dụng,Xe đạp điện,,,,2500000,Used,Hồ Chí Minh,,
452,https://xe.chotot.com/mua-ban-xe-dap/132813014.htm,2026-06-06 07:40:05,xe_dap_dien,Xe đạp điện Pega Đỏ Rất tốt,6500000,Phạm hải Nam,"Xe đạp điện chính hãng pega. màu đỏ đẹp. tình trạng xe còn rất tốt. xe đã vệ. sinh cân chỉnh hoàn toàn. bình khỏe tốt bao đi. sài thắng đĩa , giảm sóc bao êm. ace nào muốn mua xin lh với e ah. thanks chợ tốt đã duyệt bài","Thành phố Thủ Đức, Tp Hồ Chí Minh",Đã sử dụng,Xe đạp điện,,,,6500000,Used,Hồ Chí Minh,,
453,https://xe.chotot.com/mua-ban-xe-dap/132812971.htm,2026-06-06 07:37:07,xe_dap_dien,Xe đạp điện Asama A-48 Đỏ,4900000,xe đạp điện  Hai Thiện,"Xe đạp điện asama chính hãng mà còn đẹp thì hiếm lắm , xe đẩy đủ chức năng , bình ắc quy ráp mới 100% khi bán. Xem xe ở cây xăng Thới Hòa","Thị xã Bến Cát, Bình Dương",Đã sử dụng,Xe đạp điện,,,,4900000,Used,Bình Dương,,
456,https://xe.chotot.com/mua-ban-xe-dap/132080846.htm,2026-06-06 06:44:34,xe_dap_dien,Xe đạp điện Doinnet 4 bình lớn màu Xám cam,3100000,Quách khải tuấn,"Xe đạp điện Doinnet 4 bình . màu xanh cam, Doinnet thiết kế hiện đại, phù hợp cho cả nam và nữ. - Vận hành êm ái, tiết kiệm năng lượng. - Di chuyển linh hoạt trong đô thị. có Chào đổi các loại xe Xem xe máy xe tại nhà","Quận Bình Thạnh, Tp Hồ Chí Minh",Đã sử dụng,Xe đạp điện,Trung Quốc,,,3100000,Used,Hồ Chí Minh,,
457,https://xe.chotot.com/mua-ban-xe-dap/131062296.htm,2026-06-05 21:39:03,xe_dap_dien,Xe đạp điện Xanh dương Mới 100%,3850000,LƯU GIA,"xe mới 100% hàng trưng bày. còn 2 con cuối trầy nhiều hơn mấy e trước ,bán xả lổ 3tr850k / 1 chiếc. chưa có sạc. chưa có bình. còn 2 chiếc cuối cùng, đại lý nào lấy hết giá tốt hơn","Thành phố Thủ Dầu Một, Bình Dương",Mới,Xe đạp điện,Trung Quốc,,,3850000,New,Bình Dương,,
458,https://xe.chotot.com/mua-ban-xe-dap/132810562.htm,2026-06-05 21:19:55,xe_dap_dien,Xe đạp điện 133 Trắng,4200000,Nguyễn Thạnh,"xe đạp điện 133 xe đẹp bình khỏe xe chạy mượt xe đi đc 25-30km cho 1lan sạc,xe còn đủ các chức năng giá 4tr200.","Huyện Bình Chánh, Tp Hồ Chí Minh",Đã sử dụng,Xe đạp điện,Việt Nam,,,4200000,Used,Hồ Chí Minh,,
459,https://xe.chotot.com/mua-ban-xe-dap/132810544.htm,2026-06-05 21:18:46,xe_dap_dien,Xe đạp điện màu Trắng,8500000,Nguyễn Thạnh,"xe đạp điện type 2 xe đẹp , còn đủ các chức năng,xe chạy mượt bình khỏe xe đi đc 45-50km cho 1lan sạc giá 8tr 500.","Huyện Bình Chánh, Tp Hồ Chí Minh",Đã sử dụng,Xe đạp điện,Việt Nam,,,8500000,Used,Hồ Chí Minh,,
460,https://xe.chotot.com/mua-ban-xe-dap/132808596.htm,2026-06-05 18:51:05,xe_dap_dien,Xe đạp điện M133 Đỏ đã sử dụng,4200000,Nguyễn Hòa Thành ,"Bán xe M133 Neweco bản 4 bình lớn. Xe mọi thứ ổn chỉ bị mất còi. Trang bị Đèn hậu led, bi cầu, xi nhan dùng 12v còn lại là 48v","Thành phố Thủ Đức, Tp Hồ Chí Minh",Đã sử dụng,Xe đạp điện,Việt Nam,,,4200000,Used,Hồ Chí Minh,,
461,https://xe.chotot.com/mua-ban-xe-dap/132803540.htm,2026-06-05 14:46:14,xe_dap_dien,Xe đạp điện Asama màu Đen bình mạnh,2500000,Tất Thành ,"Xe đạp điện Asama màu đen, thiết kế phù hợp cho cả nam và nữ. - Di chuyển tiện lợi trong thành phố. - Tiết kiệm chi phí xăng xe. - Dễ dàng sử dụng. - xe đang sử dụng bình thường. - em bán xe luôn bình giá 2.500K bình mạnh đi được 35K cho 1 lần sạc. - mua bán tại nhà, không ship hàng ạ xin","Thành phố Thủ Dầu Một, Bình Dương",Đã sử dụng,Xe đạp điện,Việt Nam,,,2500000,Used,Bình Dương,,
462,https://xe.chotot.com/mua-ban-xe-dap/132800788.htm,2026-06-05 12:51:44,xe_dap_dien,Xe đạp điện Cap A9+ Đen Hư bình,4000000,Lỡ Bươk,thanh lý xe đạp điện cap A9+ hư bình bác nào cần alo,"Quận Bình Tân, Tp Hồ Chí Minh",Đã sử dụng,Xe đạp điện,,,,4000000,Used,Hồ Chí Minh,,
463,https://xe.chotot.com/mua-ban-xe-dap/132800293.htm,2026-06-05 12:27:28,xe_dap_dien,Xe đạp điện Aima màu Xanh,5500000,vũ huy,"Mua xe máy cần bán còn xe đạp điện Aima dùng 4 bình điện loại lớn (12v23Ah) bình điện mới thay ít đi mua về là chạy, còn bảo hành khung xe.","Quận Tân Bình, Tp Hồ Chí Minh",Đã sử dụng,Xe đạp điện,Đài Loan,,,5500000,Used,Hồ Chí Minh,,
464,https://xe.chotot.com/mua-ban-xe-dap/132569418.htm,2026-06-05 08:24:56,xe_dap_dien,V1 MỚI THẮNG ĐĨA. ĐÃ ĐU BÌNH ĐIÊN,11800000,Minh,V1 MỚI HÀNG HOTTREN XỊN XO CHẤT LƯỢNG TỐT. MOI CHỨC NĂNG ĐÂY ĐU. ĐA BAO GỒM BÌNH ĐIÊN. LH 539/15 HƯƠNG LÔ 3.PHƯỜNG BÌNH HƯNG HOA QUÂN BÌNH TÂN,"Quận Bình Tân, Tp Hồ Chí Minh",Mới,Xe đạp điện,Việt Nam,,,11800000,New,Hồ Chí Minh,,
465,https://xe.chotot.com/mua-ban-xe-dap/131590231.htm,2026-06-05 06:13:14,xe_dap_dien,Xe đạp điện Hitbike Trắng xanh,3000000,  An như,"Xe đạp điện Hitbike màu trắng xanh, thiết kế trẻ trung, phù hợp cho cả nam và nữ. - Động cơ bền bỉ, vận hành êm ái. - Quãng đường di chuyển tốt. - Tiện lợi cho việc đi lại hàng ngày.","Thành phố Biên Hòa, Đồng Nai",Đã sử dụng,Xe đạp điện,,,,3000000,Used,Đồng Nai,,
466,https://xe.chotot.com/mua-ban-xe-dap/132791149.htm,2026-06-04 21:16:46,xe_dap_dien,Xe đạp điện Cap màu Đỏ,4300000,Nguyễn Thạnh,"xe đạp điện cap màu đỏ,xe còn đủ các chức năng,xe đẹp bình khỏe,xe đi đc 25-30km cho 1lan sạc giá 4tr300.","Huyện Bình Chánh, Tp Hồ Chí Minh",Đã sử dụng,Xe đạp điện,Việt Nam,,,4300000,Used,Hồ Chí Minh,,
467,https://xe.chotot.com/mua-ban-xe-dap/132791142.htm,2026-06-04 21:16:09,xe_dap_dien,Xe đạp điện gấp gọn (pin khỏe bảo hành 6 tháng),4800000,Lê Huy,"mình cần Pass lại chiếc xe đạp điện như hình đăng xe còn rất mới mỗi lần xạc đi 60 km, mọi chức năng đều hoạt động tốt xe còn gặp gọn lại được rất tiện lợi. xe phù hợp với mọi lứa tuổi","Quận Hai Bà Trưng, Hà Nội",Đã sử dụng,Xe đạp điện,Đài Loan,,,4800000,Used,Hà Nội,,
468,https://xe.chotot.com/mua-ban-xe-dap/132791067.htm,2026-06-04 21:10:04,xe_dap_dien,Xe đạp điện màu Đen,6000000,Linh Tâm,"Xe đạp điện màu đen, thiết kế phù hợp cho cả nam và nữ. - Di chuyển tiện lợi trong thành phố. - Tiết kiệm chi phí xăng xe. - Dễ dàng sử dụng. Hàng mới nguyên Thùng Hình ảnh xe minh hoạ sản phẩm như ảnh","Huyện Phú Giáo, Bình Dương",Mới,Xe đạp điện,Việt Nam,,,6000000,New,Bình Dương,,
469,https://xe.chotot.com/mua-ban-xe-dap/132791028.htm,2026-06-04 21:06:51,xe_dap_dien,Xe đạp điện Yamaha màu Xanh Đã sử dụng,3500000,Hậu Nguyễn,Xe mới 90% bình còn bảo hành xe còn đẹp mới tinh.,"Huyện Hóc Môn, Tp Hồ Chí Minh",Đã sử dụng,Xe đạp điện,,,,3500000,Used,Hồ Chí Minh,,
470,https://xe.chotot.com/mua-ban-xe-dap/132789586.htm,2026-06-04 19:17:16,xe_dap_dien,Xe đạp điện Đỏ Đen Đã qua sử dụng,2500000,Lê Thanh Dũng,THANH LÝ XE ĐẠP ĐIỆN CŨ XÀI BÌNH THƯỜNG VUI LÒNG LIÊN HỆ CHO TÔI!!!,"Quận Bình Tân, Tp Hồ Chí Minh",Đã sử dụng,Xe đạp điện,,,,2500000,Used,Hồ Chí Minh,,
471,https://xe.chotot.com/mua-ban-xe-dap/132787468.htm,2026-06-04 17:00:37,xe_dap_dien,Xe đạp điện Asama màu Đen,4000000,Vũ Huy Hoàng ,"hãng xe Asama, bình còn tốt, 1 lần đi 35km, đầy đủ phụ kiện","Thành phố Biên Hòa, Đồng Nai",Đã sử dụng,Xe đạp điện,,,,4000000,Used,Đồng Nai,,
472,https://xe.chotot.com/mua-ban-xe-dap/132787332.htm,2026-06-04 16:54:20,xe_dap_dien,Xe đạp điện ASAMA Xanh dương,4000000,Vũ Huy Hoàng ,"xe đã qua sử dụng, bình còn tốt, xe còn đẹp","Thành phố Biên Hòa, Đồng Nai",Đã sử dụng,Xe đạp điện,,,,4000000,Used,Đồng Nai,,
473,https://xe.chotot.com/mua-ban-xe-dap/132787249.htm,2026-06-04 16:51:09,xe_dap_dien,Xe đạp điện HKbike màu Đen cũ,2500000,Mạnh Hùng,"Xe đạp điện HKbike màu đen, thiết kế hiện đại, phù hợp đi học, đi làm gần - Pin 48V-16Ah, quãng đường di chuyển tốt 15-25km - Xe vận hành êm ái, bền bỉ. - Tiết kiệm chi phí đi lại.","Huyện Bình Chánh, Tp Hồ Chí Minh",Đã sử dụng,Xe đạp điện,,,,2500000,Used,Hồ Chí Minh,,
474,https://xe.chotot.com/mua-ban-xe-dap/132785468.htm,2026-06-04 15:38:10,xe_dap_dien,xe đạp điện dễ thương,7400000,Huỳnh văn lộc,"xe dễ thương mới mua vài tháng, đi chỉ hơn 1.000 km , như xe mới, bình sạc đầy đủ, mua về là chạy thôi. nhanh tay anh chị nhé","Quận Bình Tân, Tp Hồ Chí Minh",Đã sử dụng,Xe đạp điện,Trung Quốc,,,7400000,Used,Hồ Chí Minh,,
475,https://xe.chotot.com/mua-ban-xe-dap/132586292.htm,2026-06-04 15:24:55,xe_dap_dien,Xe đạp điện Alaska Neo Rêu,4200000,Mạnh Vũ,"🔥 XE ĐẠP ĐIỆN ALASKA NEO MÀU RÊU – GIÁ CHỈ 4TR2 🔥 Xe sản xuất vào cuối năm 2023, công suất động cơ 350w nhưng rất khỏe đi 02 người lớn vẫn vô tư. Xe ít đi nên còn rất mới Ai đang cần một chiếc xe điện đi học – đi làm nhẹ nhàng, tiết kiệm thì em này quá hợp luôn 👌 Phù hợp cho học sinh cấp 2-3 Màu rêu nhìn ngoài cực kỳ đẹp, lạ mắt và sang hơn nhiều so với hình 📸 ✅ Máy chạy êm ✅ Điện khỏe – tiết kiệm ✅ Kiểu dáng gọn, dễ chạy ✅ Phù hợp học sinh, sinh viên, đi chợ, đi làm gần 💰 Giá chỉ: 4.200.000 ❌ Không bao gồm bình Ai cần xem trực tiếp cứ ib hoặc ghé xem nhé ❤️","Quận Bình Tân, Tp Hồ Chí Minh",Đã sử dụng,Xe đạp điện,,,,4200000,Used,Hồ Chí Minh,,
476,https://xe.chotot.com/mua-ban-xe-dap/132784830.htm,2026-06-04 15:16:27,xe_dap_dien,Xe đạp điện 133 Cam,3000000,Thuan le,"xe điện 133 như ảnh, xe 4 bình ắc quy bé đi khỏe, mỗi lần sạc đi được 30_35km. em bán 3 triệu","Quận Hà Đông, Hà Nội",Đã sử dụng,Xe đạp điện,,,,3000000,Used,Hà Nội,,
477,https://xe.chotot.com/mua-ban-xe-dap/132784086.htm,2026-06-04 14:48:05,xe_dap_dien,Xe đạp điện Hyundai màu Đỏ,2000000,Hoàng Tuyến,"Xe đạp điện Hyundai màu đỏ, thiết kế năng động, phù hợp cho cả nam và nữ. - Di chuyển nhẹ nhàng, tiện lợi. - Xe hoạt động bình thường (chỉ hư còi) - 1 lần sạc đi đc 45-50km.","Thành phố Thủ Đức, Tp Hồ Chí Minh",Đã sử dụng,Xe đạp điện,,,,2000000,Used,Hồ Chí Minh,,
478,https://xe.chotot.com/mua-ban-xe-dap/132782403.htm,2026-06-04 13:45:39,xe_dap_dien,Xe đạp điện màu Đen Mới 100%,6000000,Lê quân,Cần bán xe điện như hình mới 100% ae thiện chí ib,"Huyện Đức Hòa, Long An",Mới,Xe đạp điện,Đài Loan,,,6000000,New,Long An,,
479,https://xe.chotot.com/mua-ban-xe-dap/132781088.htm,2026-06-04 12:39:33,xe_dap_dien,Xe đạp điện Panasonic Xanh đen,8900000,long,"Panasonic khung nhôm nội địa siêu mới và đẹp,gấp gọn,15kg, chạy thường-trợ lực-chạy điện vặn ga! Gấp gọn bỏ tô tô, chung cư,bánh 20 inch, p hợp chiều cao 1.4-1.8m; tải trọng 140kg! Màu xanh đen","Quận 1, Tp Hồ Chí Minh",Đã sử dụng,Xe đạp điện,Nhật Bản,,,8900000,Used,Hồ Chí Minh,,
480,https://xe.chotot.com/mua-ban-xe-dap/132778787.htm,2026-06-04 11:08:25,xe_dap_dien,Xe đạp điện màu Đen,4000000,Hoa Nguyen,"Xe đạp điện màu đen, thiết kế gọn gàng, phù hợp đi lại trong thành phố. - Xe mua về dùng luôn được. - Ba mẹ sắm cái bình điện mới là như xe mới","Quận Cẩm Lệ, Đà Nẵng",Đã sử dụng,Xe đạp điện,,,,4000000,Used,Đà Nẵng,,
481,https://xe.chotot.com/mua-ban-xe-dap/132778458.htm,2026-06-04 10:56:19,xe_dap_dien,Xe đạp điện màu Cam,3000000,NGUYEN HONG HAN,"Xe đạp điện màu cam, thiết kế năng động, phù hợp cho cả nam và nữ. - Di chuyển nhẹ nhàng, tiết kiệm chi phí. - Xe bền bỉ, dễ sử dụng.","Thành phố Mỹ Tho, Tiền Giang",Đã sử dụng,Xe đạp điện,,,,3000000,Used,Tiền Giang,,
482,https://xe.chotot.com/mua-ban-xe-dap/132777396.htm,2026-06-04 10:17:55,xe_dap_dien,Xe đạp trợ lực,6500000,Tên chưa cung cấp,"Xe đạp trợ lực sườn thép màu nho, còn mới 90%. - Vành bánh 26 inch, yên zin êm ái. - Đèn trước sáng, đùm 3 số Shimano Nexus chạy nhẹ. - Pin zin 10Ah, đi được 20-35km chế độ eco. - Trợ lực 3 mức độ: mạnh, thường, eco.","Thành phố Thủ Đức, Tp Hồ Chí Minh",Đã sử dụng,Xe đạp điện,Nhật Bản,,,6500000,Used,Hồ Chí Minh,,
483,https://xe.chotot.com/mua-ban-xe-dap/132777120.htm,2026-06-04 10:08:05,xe_dap_dien,"Xe đạp điện màu Hồng, Trắng đã sử dụng",2000000,Quy Nguyendao,xe điện hư bình còn mới. ai cần mua về thay bình vào là chạy. bán rẻ đt ***,"Quận 7, Tp Hồ Chí Minh",Đã sử dụng,Xe đạp điện,Nhật Bản,,,2000000,Used,Hồ Chí Minh,,
484,https://xe.chotot.com/mua-ban-xe-dap/132776699.htm,2026-06-04 09:51:54,xe_dap_dien,Xe đạp điện D155 màu Đen,2600000,Vàng Mai,bán xe điện như hình bình mới thay 4 cái bản mấy chị em đi chợ mấy cháu học sinh LH ***,"Huyện Long Phú, Sóc Trăng",Đã sử dụng,Xe đạp điện,,,,2600000,Used,Sóc Trăng,,
485,https://xe.chotot.com/mua-ban-xe-dap/132775466.htm,2026-06-04 08:57:27,xe_dap_dien,V1 PLUS MỚI ĐÃ CÓ BÌNH GIÁ MÊM,11800000,Minh,V1 PLUS MỚI HÀNG HOTTREN XỊN XO CHẤT LƯỢNG TỐT. MOI CHỨC NĂNG ĐÂY ĐU. ĐA BAO GỒM BÌNH ĐIÊN. LH 539/15 Hương Lô 3.phường bình hưng hoa quân bình tân,"Quận Bình Tân, Tp Hồ Chí Minh",Mới,Xe đạp điện,Việt Nam,,,11800000,New,Hồ Chí Minh,,
486,https://xe.chotot.com/mua-ban-xe-dap/132769008.htm,2026-06-04 08:46:07,xe_dap_dien,Xe đạp điện DK bike Đỏ đen,8500000,A thịnh ,"Xe đạp điện DK bike chính hãng, màu đỏ đen. - Xe đẹp, đã độ kiểng. - Chạy pin 69V-28Ah. - Bảo hành 12 tháng.","Quận 7, Tp Hồ Chí Minh",Đã sử dụng,Xe đạp điện,Trung Quốc,,,8500000,Used,Hồ Chí Minh,,
487,https://xe.chotot.com/mua-ban-xe-dap/132775120.htm,2026-06-04 08:40:43,xe_dap_dien,Xe đạp điện 133 màu Đen,4000000,Huỳnh Ngọc Phátt,xe điện 133 dọn kiểng đẹp keng do ít đi nên cần bán nhanh giá rẻ xe chạy vận tốc 49km/h ic 1k2 đúc xe đầy đủ đồ chơi cho ae,"Thành phố Thủ Đức, Tp Hồ Chí Minh",Đã sử dụng,Xe đạp điện,Việt Nam,,,4000000,Used,Hồ Chí Minh,,
488,https://xe.chotot.com/mua-ban-xe-dap/115712227.htm,2026-06-04 08:35:28,xe_dap_dien,XE ĐẠP ĐIỆN TRẢ GÓP THEO TUẦN -GÓP 0 QUA NGÂN HÀNG,500000,Tâm Điện Máy Trả Góp ,"Bán trả góp cho anh chị công nhân , bán vé số, xe ôm , phụ hồ.... - Nhà thuê , nhà trọ, nợ xấu vẫn mua được . - Chỉ cần cmnd photo , xét duyệt 5 phút - Nhận hàng không đưa tiền trước , góp tuần góp tháng cũng được - Tiết kiệm điện không tốn điện , mới 100% - Hỗ trợ nợ xấu - Miễn phí lắp đặt - Giao hàng tận nhà (free) - hỗ trợ 6 tỉnh thành : Tp. HCM, Đồng Nai, Tây Ninh , Long An, Bình Dương, Củ Chi","Quận 12, Tp Hồ Chí Minh",Mới,Xe đạp điện,Nhật Bản,,,500000,New,Hồ Chí Minh,,
489,https://xe.chotot.com/mua-ban-xe-dap/127863157.htm,2026-06-03 23:15:00,xe_dap_dien,Xe điện công suất 500w,1200000,Lê Hiếu Điện Máy Trả Góp,"✨ ĐIỆN MÁY TRẢ GÓP NHANH ZÁ TRÊN GÓP✨ 👉🏾Bán góp điện máy : Tivi, Máy Lạnh, Máy Giặt, Tủ Lạnh, Xe Đạp Điện, Loa Kéo.... 🌿 Thủ tục cực đơn giản KHÔNG NGÂN HÀNG 🌿 Hỗ trợ hồ sơ tận nơi, BAO NỢ XẤU 🌿 Hàng mới chính hãng 🌿 Có thể lựa chọn góp theo tuần hoặc theo tháng 🌿 Miễn phí giao hàng","Thành phố Biên Hòa, Đồng Nai",Mới,Xe đạp điện,,,,1200000,New,Đồng Nai,,
490,https://xe.chotot.com/mua-ban-xe-dap/129308522.htm,2026-06-03 23:14:49,xe_dap_dien,XE ĐẠP ĐIỆN DETECH CÔNG SUẤT 1000W,1800000,Lê Hiếu Điện Máy Trả Góp,- Trả góp dễ dàng – Bao nợ xấu – Không cần qua ngân hàng. Chỉ cần CMND/CCCD và số điện thoại. - Hàng mới 100% – Bảo hành chính hãng – Giá cực tốt. - Giao hàng tận nơi – Hỗ trợ lắp đặt,"Quận 7, Tp Hồ Chí Minh",Mới,Xe đạp điện,,,,1800000,New,Hồ Chí Minh,,
491,https://xe.chotot.com/mua-ban-xe-dap/126298126.htm,2026-06-03 23:14:33,xe_dap_dien,Xe đạp điện 133DS mới 100%,1250000,Lê Hiếu Điện Máy Trả Góp,"- ĐIỆN MÁY TRẢ GÓP - ZÁ GÓP 01 THÁNG - Bán góp điện máy : Tivi, Máy Lạnh, Máy Giặt, Tủ Lạnh, Xe Đạp Điện, Loa Kéo.... + Thủ tục cực đơn giản KHÔNG NGÂN HÀNG + Hỗ trợ hồ sơ tận nơi, BAO NỢ XẤU + Hàng mới chính hãng + Có thể lựa chọn góp theo tuần hoặc theo tháng + Miễn phí giao hàng","Quận Bình Tân, Tp Hồ Chí Minh",Mới,Xe đạp điện,,,,1250000,New,Hồ Chí Minh,,
492,https://xe.chotot.com/mua-ban-xe-dap/128128425.htm,2026-06-03 23:14:19,xe_dap_dien,XE ĐẠP ĐIỆN M133 PRO ASUKA,1300000,Lê Hiếu Điện Máy Trả Góp,"TRẢ GÓP DỄ – SẮM NGAY ĐIỆN MÁY - ZÁ GÓP • Không lo nợ xấu, hỗ trợ tận tâm • CCCD là đủ, nhanh gọn • Hàng chính hãng, nhiều ưu đãi hấp dẫn","Huyện Hóc Môn, Tp Hồ Chí Minh",Mới,Xe đạp điện,,,,1300000,New,Hồ Chí Minh,,
493,https://xe.chotot.com/mua-ban-xe-dap/132771885.htm,2026-06-03 21:29:19,xe_dap_dien,Xe điện màu Hồng be,10500000,Phạm Thị Phương Nhi,"Xe điện màu hồng be qua sử dụng một năm phù hợp cho học sinh lên cấp ba các mẹ đi chợ ,…","Quận Hồng Bàng, Hải Phòng",Đã sử dụng,Xe đạp điện,,,,10500000,Used,Hải Phòng,,
494,https://xe.chotot.com/mua-ban-xe-dap/132769010.htm,2026-06-03 18:18:37,xe_dap_dien,Xe đạp điện Pega Đen trắng,3500000,Tên chưa cung cấp,bán xe kv tân phú hcm lắp bình là chạy,"Quận Tân Phú, Tp Hồ Chí Minh",Đã sử dụng,Xe đạp điện,Việt Nam,,,3500000,Used,Hồ Chí Minh,,
495,https://xe.chotot.com/mua-ban-xe-dap/132767504.htm,2026-06-03 17:01:17,xe_dap_dien,Xe đạp điện màu Vàng,4500000,nam moi,Thanh lý xe chạy pin 20ah chạy trên 50km mới sạc lại thanh lý 4tr5 xem xe chợ bà điểm hóc môn ***,"Huyện Hóc Môn, Tp Hồ Chí Minh",Mới,Xe đạp điện,Nhật Bản,,,4500000,New,Hồ Chí Minh,,
496,https://xe.chotot.com/mua-ban-xe-dap/132764939.htm,2026-06-03 15:19:38,xe_dap_dien,Xe đạp điện Sufat Musashi Đỏ,2600000,Hiếu Rio,Xe chạy tốt Mua xe 50 bán cho ac cần sử dụng,"Quận Ninh Kiều, Cần Thơ",Đã sử dụng,Xe đạp điện,,,,2600000,Used,Cần Thơ,,
497,https://xe.chotot.com/mua-ban-xe-dap/132761734.htm,2026-06-03 13:08:47,xe_dap_dien,Xe đạp điện GICAN màu Đen,4000000,Nguyet Nguyen,"do nhà chật, cần bán cho ai co nhu cầu","Quận Bình Thạnh, Tp Hồ Chí Minh",Đã sử dụng,Xe đạp điện,,,,4000000,Used,Hồ Chí Minh,,
498,https://xe.chotot.com/mua-ban-xe-dap/132761729.htm,2026-06-03 13:08:33,xe_dap_dien,Xe đạp điện màu Đen,7300000,Cửa Hàng Bảo Trâm,cửa hàng Bảo Trâm cần bán một xe đạp điện ba bánh xe đẹp như hình máy em điện đèn còi đầy đủ,"Quận 11, Tp Hồ Chí Minh",Đã sử dụng,Xe đạp điện,,,,7300000,Used,Hồ Chí Minh,,
499,https://xe.chotot.com/mua-ban-xe-dap/132761421.htm,2026-06-03 12:53:12,xe_dap_dien,Xe đạp điện Kexun Đa màu,5900000,Như ý kho xưởng miền nam,Mình đại lý bán sỉ bây giờ mình bán lẻ cho học sinh hoặc các bạn ít tiền dùng giá một chiếc này chỉ 5 triệu 900k mình lắp bình tặng cục sạc mới cho các bạn người ta bảo hành các bạn 12 tháng mình bảo hành các bạn 14 tháng luôn đến cửa hàng mình xem nha mình là đại lý bán sỉ nay bán giá lẻ cho các bạn dùng xin cảm ơn các bạn đã đọc tin,"Thành phố Thủ Dầu Một, Bình Dương",Đã sử dụng,Xe đạp điện,,,,5900000,Used,Bình Dương,,
500,https://xe.chotot.com/mua-ban-xe-dap/132622440.htm,2026-06-03 12:40:36,xe_dap_dien,Xe đạp điện Pega Đỏ Đen Đã sử dụng,3590000,MUA BÁN TRAO ĐỔI XE ĐẠP MỚI CŨ,"thanh lý xe đạp điện pega hàng chính hãng đồ còn zin, ic zin, động cơ mạnh, chạy cực cực êm,mọi chức năng còn hoạt động bình thường, bình còn tốt mỗi lần sạc đi được trên 25km, BH bình, kỹ thuật, động cơ 6T, có hỗ trợ ship mọi nơi","Thành phố Thủ Đức, Tp Hồ Chí Minh",Đã sử dụng,Xe đạp điện,,,,3590000,Used,Hồ Chí Minh,,
501,https://xe.chotot.com/mua-ban-xe-dap/132760974.htm,2026-06-03 12:30:43,xe_dap_dien,Xe đạp điện màu Đen Đã sử dụng,2300000,Anh Quang,thanh ly xe vẫn đang chạy bình thường. Xe chạy ngon chắc chan.,"Quận Lê Chân, Hải Phòng",Đã sử dụng,Xe đạp điện,Đài Loan,,,2300000,Used,Hải Phòng,,
502,https://xe.chotot.com/mua-ban-xe-dap/132760277.htm,2026-06-03 11:55:37,xe_dap_dien,Xe đạp điện HKbike Trắng xanh Đã qua sử dụng,4200000,Như,"Xe đạp điện HKbike màu trắng xanh, thiết kế trẻ trung, năng động. . Xe đã qua sử dụng . - Động cơ bền bỉ, vận hành êm ái. - Quãng đường di chuyển tốt. - Phù hợp đi học, đi làm.","Quận 10, Tp Hồ Chí Minh",Đã sử dụng,Xe đạp điện,,,,4200000,Used,Hồ Chí Minh,,
503,https://xe.chotot.com/mua-ban-xe-dap/132760094.htm,2026-06-03 11:48:09,xe_dap_dien,Xe đạp điện Pega Cap A3 Đen,5500000,Minhquan Doan,"Xe đạp điện Pega Cap A3 màu đen, thiết kế trẻ trung, phù hợp cho cả nam và nữ. - Xe chạy êm, bền bỉ. - Giá 5 triệu 500 nghìn.","Thành phố Thủ Dầu Một, Bình Dương",Đã sử dụng,Xe đạp điện,,,,5500000,Used,Bình Dương,,
504,https://xe.chotot.com/mua-ban-xe-dap/132642469.htm,2026-06-03 09:16:28,xe_dap_dien,xe đạp điện chạy êm bình khoẻ. có bảo hành,3400000,Thu Hồng,"Xe đạp điệnthiết kế thể thao, năng động. - Động cơ mạnh mẽ, di chuyển êm ái. - Phù hợp đi học, đi làm, dạo phố. - Xe bền bỉ, tiết kiệm điện.","Quận 12, Tp Hồ Chí Minh",Đã sử dụng,Xe đạp điện,,,,3400000,Used,Hồ Chí Minh,,
505,https://xe.chotot.com/mua-ban-xe-dap/131456206.htm,2026-06-03 08:51:28,xe_dap_dien,2 Xe đạp điện 1.6tr/1 cái,1600000,xe điện,"Xe đạp điện, thiết kế hiện đại, phù hợp đi học, đi làm. - Động cơ bền bỉ, vận hành êm ái. - Tiết kiệm điện, thân thiện môi trường. - Xe hoạt động ok. acquy đi được khoảng 15km","Quận Tân Phú, Tp Hồ Chí Minh",Đã sử dụng,Xe đạp điện,,,,1600000,Used,Hồ Chí Minh,,
506,https://xe.chotot.com/mua-ban-xe-dap/132755381.htm,2026-06-03 08:46:36,xe_dap_dien,Xe đạp điện K1 Trắng hồng,7800000,Nguyễn Thạnh,"xe đạp điện k1 ko dùng cần bán,xe đủ các chức năng,xe chạy mượt bình khỏe xe đi đc 50-55km cho 1lan sạc giá 7tr 800.","Huyện Bình Chánh, Tp Hồ Chí Minh",Đã sử dụng,Xe đạp điện,Việt Nam,,,7800000,Used,Hồ Chí Minh,,
507,https://xe.chotot.com/mua-ban-xe-dap/132754122.htm,2026-06-03 07:12:14,xe_dap_dien,Xe đạp điện Tai Lg Gr56 Trắng,1053000,Huy Đồng,Xe đạp điện Tai Lg Gr56 mẫu mới chính hãng Trả góp bao nợ xấu Thủ tục nhanh chóng Ko giữ CMND/CCCD Bảo mật thông tin khách hàng Hỗ trợ 0 trả trước Bảo hành chính hãng 2 năm Không chi phú phát sinh,"Huyện Cần Giuộc, Long An",Mới,Xe đạp điện,Nhật Bản,,,1053000,New,Long An,,
508,https://xe.chotot.com/mua-ban-xe-dap/132331311.htm,2026-06-03 06:56:37,xe_dap_dien,Xe đạp điện M133 Đen,3500000,Toan Nguyen,xe m133 đẹp chạy cực êm full chức năng đầy đủ,"Thành phố Buôn Ma Thuột, Đắk Lắk",Đã sử dụng,Xe đạp điện,Trung Quốc,,,3500000,Used,Đắk Lắk,,
509,https://xe.chotot.com/mua-ban-xe-dap/132752280.htm,2026-06-02 22:04:54,xe_dap_dien,Xe đạp điện Venus Xanh ngọc,4500000,TRẦN LINH audio YouTube ,Mình cần bán chiếc xe đạp điện chạy ok bình mới thay anh chị em nào cần alo mình nhé,"Huyện Gò Công Đông, Tiền Giang",Đã sử dụng,Xe đạp điện,,,,4500000,Used,Tiền Giang,,
510,https://xe.chotot.com/mua-ban-xe-dap/132751798.htm,2026-06-02 21:23:57,xe_dap_dien,Xe đạp điện xã kho 4 triệu 8 (New 100%),4800000,Kiệt Nguyễn,"Xe new thanh lí HCM giao tận nơi Khách nhu cầu kím xe về bán lại thì liên hệ em 4xxx/1xe không bình Xe mới cất kho lâu hơi bụi Chỉ nhận giao, không có cửa hàng ạ","Quận 6, Tp Hồ Chí Minh",Mới,Xe đạp điện,Trung Quốc,,,4800000,New,Hồ Chí Minh,,
511,https://xe.chotot.com/mua-ban-xe-dap/132751757.htm,2026-06-02 21:21:01,xe_dap_dien,Xe đạp điện bình khỏe,2000000,Vi Lê,xe nhà đang chạy bình khỏe ở tân tạo a bình tân sdt ***,"Quận Bình Tân, Tp Hồ Chí Minh",Đã sử dụng,Xe đạp điện,,,,2000000,Used,Hồ Chí Minh,,
512,https://xe.chotot.com/mua-ban-xe-dap/132750049.htm,2026-06-02 19:48:05,xe_dap_dien,Xe đạp điện OSAKAR Trắng bạc,7000000,Long,"Xe Điện OSAKA , Mới Thay Pin 2 Tháng , Xem Xe Quận 12","Quận 12, Tp Hồ Chí Minh",Đã sử dụng,Xe đạp điện,,,,7000000,Used,Hồ Chí Minh,,
513,https://xe.chotot.com/mua-ban-xe-dap/132747094.htm,2026-06-02 16:58:26,xe_dap_dien,Xe đạp điện X4 New Bear 2025 Xám,4500000,Nguyễn Yến Vy,"Em cần thanh lí xe đạp điện X4 New Bear mua hồi 14/8/2025 xe vẫn còn oki, bình mọi thứ còn ngon nha mn ơiii . Giá cả thương lượng thêm nha","Thành phố Dĩ An, Bình Dương",Đã sử dụng,Xe đạp điện,,,,4500000,Used,Bình Dương,,
514,https://xe.chotot.com/mua-ban-xe-dap/132745482.htm,2026-06-02 15:45:31,xe_dap_dien,Xe đạp điện M133 -GÓP TAY ĐÔI CỬA HÀNG -BAO.NỢ XẤU,12980000,ĐIỆN MÁY TRẢ GÓP HÀ DƯƠNG,"Xe đạp điện màu xám, thiết kế phù hợp cho cả nam và nữ. - Di chuyển nhẹ nhàng, tiện lợi. - Động cơ bền bỉ, tiết kiệm điện. - Phù hợp đi học, đi làm, dạo phố. BÁN TRẢ GÓP KHÔNG QUA NGÂN HÀNG HỖ TRỢ NHÀ TRỌ , NHÀ THUÊ XE PHÙ HỢP CHO HỌC SINH ĐI HỌC ZALO *** EM TƯ VẤN NHẬN XE TRONG NGÀY","Quận Bình Tân, Tp Hồ Chí Minh",Mới,Xe đạp điện,Việt Nam,,,12980000,New,Hồ Chí Minh,,
515,https://xe.chotot.com/mua-ban-xe-dap/132743708.htm,2026-06-02 14:40:10,xe_dap_dien,Xe đạp điện màu Hồng,3500000,Đỗ ,2 xe điện dễ thương cho ace mua cho con cháu mình đi học,"Quận 12, Tp Hồ Chí Minh",Đã sử dụng,Xe đạp điện,Việt Nam,,,3500000,Used,Hồ Chí Minh,,
516,https://xe.chotot.com/mua-ban-xe-dap/132742447.htm,2026-06-02 13:49:18,xe_dap_dien,Xe đạp điện màu Đen,3500000,Vu Thuy,"Xe đạp điện màu đen, thiết kế gọn gàng, phù hợp đi lại trong thành phố. -xe cho bé đi học nhưng giờ bé lớn không có nhu cầu sử dụng nên nhượng lại Mới thay bình điện cách đây 2 tháng Vui lòng liên hệ số *** trâm/ xem xe ở bình thạnh -gần bệnh viện gia định.giá 3tr5","Quận Bình Thạnh, Tp Hồ Chí Minh",Đã sử dụng,Xe đạp điện,Việt Nam,,,3500000,Used,Hồ Chí Minh,,
517,https://xe.chotot.com/mua-ban-xe-dap/132737413.htm,2026-06-02 10:24:47,xe_dap_dien,Xe đạp điện màu Đen Mới 95%,9000000,nguyen ngoc hoang anh,"xe đạp điện còn mới hơn 95%, bảo hành pin 1 năm","Huyện Trảng Bom, Đồng Nai",Đã sử dụng,Xe đạp điện,,,,9000000,Used,Đồng Nai,,
518,https://xe.chotot.com/mua-ban-xe-dap/132735956.htm,2026-06-02 09:29:23,xe_dap_dien,Xe đạp điện màu Đỏ,2900000,Nguyễn văn minh ,"2tr9 mình bán nhanh ***, bình thay 4 tháng nay,con lớn bán mua xe 50cc","Huyện Ninh Phước, Ninh Thuận",Đã sử dụng,Xe đạp điện,,,,2900000,Used,Ninh Thuận,,
519,https://xe.chotot.com/mua-ban-xe-dap/132735945.htm,2026-06-02 09:28:56,xe_dap_dien,Xe đạp điện màu Cam Đã sử dụng,2900000,Nguyễn văn minh ,"2tr9 lên đường, bình thay 4 tháng,,***,,còn mình vừa hết cấp 2,, giờ bán mua xe 50cc","Huyện Ninh Phước, Ninh Thuận",Đã sử dụng,Xe đạp điện,,,,2900000,Used,Ninh Thuận,,
520,https://xe.chotot.com/mua-ban-xe-dap/132661467.htm,2026-06-02 09:21:19,xe_dap_dien,Xe đạp điện 133 Đen,3500000,hau ,bán xe điẹn 133 xe chạy bình lón 20a .xe mọi chức năng ok hết .ai cần xe cho con đi học alo,"Huyện Krông Pắc, Đắk Lắk",Đã sử dụng,Xe đạp điện,,,,3500000,Used,Đắk Lắk,,
521,https://xe.chotot.com/mua-ban-xe-dap/132732166.htm,2026-06-01 22:53:32,xe_dap_dien,Xe đạp điện Nhật 20 inch Xám,5600000,Thuy Bui,"Bán Xe đạp điện Nhật đa năng 3 chế độ vừa trợ lực vừa tay ga, bánh 20, bộ đề 6 líp, tình trạng sử dụng tốt, chạy êm.","Quận 7, Tp Hồ Chí Minh",Đã sử dụng,Xe đạp điện,Nhật Bản,,,5600000,Used,Hồ Chí Minh,,
522,https://xe.chotot.com/mua-ban-xe-dap/132731229.htm,2026-06-01 21:21:06,xe_dap_dien,Xe đạp điện S9 màu Đỏ,5200000,Xe điện TRI TÔN ,Xe mới chạy hơn tháng. Khách đổi xe nên thu lại giá rẻ. Xe chính hãng đẹp keng như hình. Thích hợp cho các em học sinh. Giá tốt cho anh em.,"Huyện Tri Tôn, An Giang",Đã sử dụng,Xe đạp điện,,,,5200000,Used,An Giang,,
523,https://xe.chotot.com/mua-ban-xe-dap/132729872.htm,2026-06-01 19:44:58,xe_dap_dien,Xe đạp điện 133S màu Đỏ,3300000,Như,"Xe đạp điện 133S mầu đỏ, mua cho con trai đi học cấp 3 nhưng không dùng đến bán lại cho ai cần. Xe đẹp nguyên bản lúc mua ở cửa hàng 4,5tr giờ bán lại 3,3tr","Quận Bắc Từ Liêm, Hà Nội",Đã sử dụng,Xe đạp điện,,,,3300000,Used,Hà Nội,,
524,https://xe.chotot.com/mua-ban-xe-dap/132729108.htm,2026-06-01 18:54:13,xe_dap_dien,Xe đạp điện màu Trắng Đã sử dụng,5500000,Thanh Danh,dư dùng nên cần thanh lý xe đạp điện gấp như hình. ít đi nên còn rất mới. chưa sửa chữa. pin chạy lâu.pin zin theo xe.phụ kiện sạc đi kèm.ai cần liên hệ,"Quận Tân Phú, Tp Hồ Chí Minh",Đã sử dụng,Xe đạp điện,Khác,,,5500000,Used,Hồ Chí Minh,,
525,https://xe.chotot.com/mua-ban-xe-dap/132727111.htm,2026-06-01 17:00:51,xe_dap_dien,"xe trợ lực gấp gọn ,sườn nhôm",6200000,trương,"Xe trợ lực gấp ,bỏ cóp ôtô ,sườn nhôm .trợ lực khỏe .tay ga Yêm .pin mới đóng","Huyện Bình Chánh, Tp Hồ Chí Minh",Đã sử dụng,Xe đạp điện,,,,6200000,Used,Hồ Chí Minh,,
526,https://xe.chotot.com/mua-ban-xe-dap/132726916.htm,2026-06-01 16:50:04,xe_dap_dien,Xe đạp điện Sonsu E-bike đời mới hai phuột nhúng,3400000,DỊCH VỤ CẦM ĐỒ,"Xe đạp điện Sonsu E-bike màu đen, phù hợp cho cả nam và nữ. - Thiết kế hiện đại, gọn nhẹ. - Di chuyển êm ái, tiết kiệm năng lượng. - Xe bền bỉ, dễ sử dụng. xe hai phuột nhúng xe đẹp 90/%","Thành phố Mỹ Tho, Tiền Giang",Đã sử dụng,Xe đạp điện,Nhật Bản,,,3400000,Used,Tiền Giang,,
527,https://xe.chotot.com/mua-ban-xe-dap/132724558.htm,2026-06-01 15:07:47,xe_dap_dien,Xe đạp điện màu Cam Mới,8000000,Dĩm Dĩm,"Xe đạp điện hót trend Xe mới chưa qa sửa chữa Pin 5bình Tình trạng, cỏn mới ạ","Thành phố Thủ Đức, Tp Hồ Chí Minh",Mới,Xe đạp điện,Khác,,,8000000,New,Hồ Chí Minh,,
528,https://xe.chotot.com/mua-ban-xe-dap/132724350.htm,2026-06-01 14:59:44,xe_dap_dien,Xe đạp điện sonsu,3500000,HOÀNG MẠNH ,"Xe đạp điện thiết kế trẻ trung, năng động. - Động cơ bền bỉ, vận hành êm ái. - Quãng đường di chuyển tốt. - Phù hợp đi học, đi làm.","Quận 12, Tp Hồ Chí Minh",Đã sử dụng,Xe đạp điện,,,,3500000,Used,Hồ Chí Minh,,
529,https://xe.chotot.com/mua-ban-xe-dap/132724340.htm,2026-06-01 14:59:26,xe_dap_dien,Xe đạp điện,3100000,HOÀNG MẠNH ,"Xe đạp điện thiết kế phù hợp cho cả nam và nữ. - Kiểu dáng hiện đại, vận hành êm ái. - Tiện lợi di chuyển trong thành phố. - Xe bền bỉ, tiết kiệm năng lượng.","Quận 12, Tp Hồ Chí Minh",Đã sử dụng,Xe đạp điện,,,,3100000,Used,Hồ Chí Minh,,
530,https://xe.chotot.com/mua-ban-xe-dap/132361778.htm,2026-06-01 14:55:47,xe_dap_dien,Xe đạp điện Xanh dương chạy êm bình khoẻ,3300000,HOÀNG MẠNH ,"Xe đạp điện màu xanh dương, thiết kế phù hợp cho cả nam và nữ. - Xe chạy êm, bền bỉ. - Tiết kiệm năng lượng, thân thiện môi trường. - Phù hợp đi học, đi làm, dạo phố.","Quận 12, Tp Hồ Chí Minh",Đã sử dụng,Xe đạp điện,,,,3300000,Used,Hồ Chí Minh,,
531,https://xe.chotot.com/mua-ban-xe-dap/132594658.htm,2026-06-01 14:20:31,xe_dap_dien,Xe đạp điện Honda màu Xanh,2600000,Sỉ lẻ xe Điện ,"xe đạp điện Honda chạy bền. Đèn,còi,xi nhan đầy đủ. Ác qui mạnh 30km/sạc","Huyện Bình Chánh, Tp Hồ Chí Minh",Đã sử dụng,Xe đạp điện,,,,2600000,Used,Hồ Chí Minh,,
532,https://xe.chotot.com/mua-ban-xe-dap/132722261.htm,2026-06-01 13:26:49,xe_dap_dien,Xe đạp điện Sonsu Chính hãng (ko bình),1700000,Nguyễn Anh Nguyên,"Xác xe đạp điện (Không bình) sonsu chính hãng qua sử dụng, còn hoạt động rất tốt, xi nhan, đèn còi còn đầy đủ, về cắm bình là đi, anh chị em quan tâm alo, nhắn em ạ! Có giảm thêm cho ac thiện chí","Huyện Châu Thành, Bến Tre",Đã sử dụng,Xe đạp điện,,,,1700000,Used,Bến Tre,,
533,https://xe.chotot.com/mua-ban-xe-dap/132722075.htm,2026-06-01 13:16:11,xe_dap_dien,Xe đạp điện V8 Bản MINI Cho Nữ,14780000,Thoa,"​""🔥 SIÊU PHẨM URBAN ECO-BIKE: V8 MINI 🔥 Bạn tìm kiếm một chiếc xe vừa gọn nhẹ để đi làm, đi cà phê, lại vừa sở hữu ngoại hình 'chất lừ' không đụng hàng? V8 Mini chính là câu trả lời! ✨ Điểm nhấn đáng tiền 💥 xe mới 100% không qua trung gian 💥 Tải trọng:120kg 💥Tốc độ tối đa:35km/h 💥Thiết kế bánh béo có chống sóc,cân mọi địa hình","Huyện Cần Đước, Long An",Mới,Xe đạp điện,Trung Quốc,,,14780000,New,Long An,,
534,https://xe.chotot.com/mua-ban-xe-dap/132586716.htm,2026-06-01 12:23:57,xe_dap_dien,XE MỚI HÀNG CHẤT LƯỢNG. CÂN BAN,12500000,Minh,XE CAPA S MỚI HÀNG CÔNG TY PEGA CHẤT LƯỢNG TỐT. MOI CHỨC NĂNG ĐÂY ĐU. ĐA BAO GỒM BÌNH ĐIÊN. LH 539/15 HƯƠNG LÔ 3.PHƯỜNG BÌNH HƯNG HOA QUÂN BÌNH TÂN,"Quận Bình Tân, Tp Hồ Chí Minh",Mới,Xe đạp điện,Việt Nam,,,12500000,New,Hồ Chí Minh,,
535,https://xe.chotot.com/mua-ban-xe-dap/132720724.htm,2026-06-01 12:04:18,xe_dap_dien,"Xe đạp điện màu Đỏ, Đen, Bạc",1600000,Hà Duyên,"xe đạp điện, mất chống, rổ bị bể, một lần sạc chạy đc 25km","Thành phố Thủ Đức, Tp Hồ Chí Minh",Đã sử dụng,Xe đạp điện,,,,1600000,Used,Hồ Chí Minh,,
536,https://xe.chotot.com/mua-ban-xe-dap/132720403.htm,2026-06-01 11:49:53,xe_dap_dien,Xe đạp điện Asama Đỏ ; Đen; Bạc Đã sử dụng,2500000,xe dap điện Anh Vũ,"Xe đạp điện asama cũ ; đồng giá 2,5 triệu. Bình còn chạy tốt","Thành phố Thủ Dầu Một, Bình Dương",Đã sử dụng,Xe đạp điện,,,,2500000,Used,Bình Dương,,
537,https://xe.chotot.com/mua-ban-xe-dap/130417435.htm,2026-06-01 11:37:16,xe_dap_dien,Xe đạp điện TAILG GR56,1750000,Lê Hiếu Điện Máy Trả Góp,"Xe máy điện TAILG GR56 màu trắng, thiết kế hiện đại, phù hợp cho cả nam và nữ. - XE MÁY ĐIỆN TRẢ GÓP - BAO NỢ XẤU - ZÁ TRÊN GÓP THÁNG - Động cơ mạnh mẽ, vận hành êm ái. - Quãng đường di chuyển xa, tiện lợi cho việc đi lại hàng ngày.","Quận 3, Tp Hồ Chí Minh",Mới,Xe đạp điện,Việt Nam,,,1750000,New,Hồ Chí Minh,,
538,https://xe.chotot.com/mua-ban-xe-dap/132719998.htm,2026-06-01 11:33:44,xe_dap_dien,Xe đạp điện newbiee ( xe lướt) mới 90%,3900000,Thiện Nghĩa,xe cũ giá hạt dẽ xe mới 85-90% bảo hành chính hãng giao xe tận nhà trong nội ô cần thơ lh sdt or zl :***,"Huyện Cờ Đỏ, Cần Thơ",Đã sử dụng,Xe đạp điện,Khác,,,3900000,Used,Cần Thơ,,
539,https://xe.chotot.com/mua-ban-xe-dap/132717997.htm,2026-06-01 10:18:16,xe_dap_dien,Xe đạp điện SONSU Trắng đen cần bán,1900000,Trần Dương,"Cần bán xe đạp điện SONSU động cơ 48V-350W,bánh trước sau vành đúc.máu trắng đen. Bình còn khỏe,kèn kêu,đèn rất sáng và sạc đầy đủ. Ạnh chị cần mua liên hệ sđt:*** Hai","Thành phố Dĩ An, Bình Dương",Đã sử dụng,Xe đạp điện,Việt Nam,,,1900000,Used,Bình Dương,,
540,https://xe.chotot.com/mua-ban-xe-dap/132716316.htm,2026-06-01 09:06:53,xe_dap_dien,Xe đạp điện K1 màu Trắng,8200000,Nguyễn Thạnh,"xe đạp điện k1 ko dùng cần bán,xe sử dụng Ac quy 5binh lớn,xe chạy mượt bình khỏe,xe đi đc 50-55km cho 1lan sạc giá 8tr 200.","Huyện Bình Chánh, Tp Hồ Chí Minh",Đã sử dụng,Xe đạp điện,Việt Nam,,,8200000,Used,Hồ Chí Minh,,
541,https://xe.chotot.com/mua-ban-xe-dap/132715637.htm,2026-06-01 08:26:12,xe_dap_dien,Xe đạp điện Nhật Bản màu Đen,2200000,Thang Tran Van,"Xe đạp điện nội địa nhật màu đen, thiết kế phù hợp cho cả nam và nữ. - Di chuyển tiện lợi trong thành phố. - Tiết kiệm chi phí đi lại. - Xe bền bỉ, dễ sử dụng.","Quận 3, Tp Hồ Chí Minh",Đã sử dụng,Xe đạp điện,Nhật Bản,,,2200000,Used,Hồ Chí Minh,,
542,https://xe.chotot.com/mua-ban-xe-dap/132715321.htm,2026-06-01 07:59:44,xe_dap_dien,Xe đạp điện 133c nhập khẩu,4500000,Phan minh Thien,"nijia 133c nhập khẩu cần pass lại để đổi xe máy ạ, xe nhập khẩu khung thép chứ ko phải hàng VN nha mua mới 9tr5","Huyện Tịnh Biên, An Giang",Đã sử dụng,Xe đạp điện,Đài Loan,,,4500000,Used,An Giang,,
543,https://xe.chotot.com/mua-ban-xe-dap/132714626.htm,2026-06-01 07:13:26,xe_dap_dien,Xe điện V1 màu Hồng,7500000,Hội Đồ Điện Tử,Xe điện V1 đủ chức năng bình khoẻ 7tr5 Quận 6 tphcm *** (Zalo),"Quận 6, Tp Hồ Chí Minh",Đã sử dụng,Xe đạp điện,,,,7500000,Used,Hồ Chí Minh,,
544,https://xe.chotot.com/mua-ban-xe-dap/132714561.htm,2026-06-01 07:04:11,xe_dap_dien,Xe đạp điện 133 Pin LFP 30Ah 100km/ 1 lần sạc,8500000,Nguyễn Hoàng Sơn,"🚲 XE ĐIỆN 133 – PIN LFP 30Ah 🔥 ĐI 100KM/1 LẦN SẠC 💰 Giá: 8.500.000đ 🔋 Pin & quãng đường Pin LFP 30Ah – đi 1 người 100km / 1 lần sạc Sạc ~5 tiếng là đầy, tiện lợi sử dụng hằng ngày Đã cân chỉnh lại đồng hồ báo dung lượng chuẩn theo pin 🔒 An toàn & độ bền Pin LFP không cháy nổ, cực kỳ an toàn Tuổi thọ ít nhất 5 lần so với ắc quy & pin NMC Trang bị mạch BMS JK bảo vệ pin thông minh ⚙️ Vận hành Động cơ 350W Chở 2 người, leo dốc khỏe, chạy ổn định Xe chạy êm, bốc hơn acquy 💸 Lợi ích Không còn lo thay bình mỗi 1–2 năm Tiết kiệm chi phí lâu dài Đi xa thoải mái, phù hợp đi làm – đi học","Huyện Củ Chi, Tp Hồ Chí Minh",Đã sử dụng,Xe đạp điện,Trung Quốc,,,8500000,Used,Hồ Chí Minh,,
546,https://xe.chotot.com/mua-ban-xe-dap/132712749.htm,2026-05-31 22:01:14,xe_dap_dien,Xe đạp điện JVC G9 Đen,4900000,Nguyễn Thạnh,"xe đạp điện JVC như hình xe còn đủ các chức năng,xe chạy mượt bình khỏe, xe đi đc 45-50km cho 1lan sạc giá 4tr900.","Huyện Bình Chánh, Tp Hồ Chí Minh",Đã sử dụng,Xe đạp điện,Việt Nam,,,4900000,Used,Hồ Chí Minh,,
547,https://xe.chotot.com/mua-ban-xe-dap/132706024.htm,2026-05-31 14:38:51,xe_dap_dien,Xe đạp điện Bomelli 10 Xám 2025,6000000,Tài Pro,"Xe đạp điện Bomelli 10 màu xám, thiết kế hiện đại, phù hợp đi lại trong thành phố. - Xe mới sản xuất 09/2025. - Động cơ bền bỉ, quãng đường di chuyển tốt. - Vận hành êm ái, an toàn.","Quận Ninh Kiều, Cần Thơ",Đã sử dụng,Xe đạp điện,,,,6000000,Used,Cần Thơ,,
548,https://xe.chotot.com/mua-ban-xe-dap/132041697.htm,2026-05-31 14:08:59,xe_dap_dien,Thanh lý xe Đạp điện Dior như hình,8700000,Thanh Vũ,"Xe đạp điện dior đã qua sử dụng nhưng còn mới đẹp như hình -1 lần sạc chạy 60km -phù hợp học sinh, người đi làm","Quận 8, Tp Hồ Chí Minh",Đã sử dụng,Xe đạp điện,,,,8700000,Used,Hồ Chí Minh,,
549,https://xe.chotot.com/mua-ban-xe-dap/132126569.htm,2026-05-31 13:40:17,xe_dap_dien,V1 MỚI ĐÃ ĐU BÌNH ĐIÊN MỚI,10800000,Minh,XE V1 MỚI HÀNG HOTTREN XỊN XO CHẤT LƯỢNG TỐT. MOI CHỨC NĂNG ĐÂY ĐU. ĐA BAO GỒM BÌNH ĐIÊN MỚI. LH 539/15 HƯƠNG LÔ 3.PHƯỜNG BÌNH HƯNG HOA QUÂN BÌNH TÂN,"Quận Bình Tân, Tp Hồ Chí Minh",Mới,Xe đạp điện,Việt Nam,,,10800000,New,Hồ Chí Minh,,
550,https://xe.chotot.com/mua-ban-xe-dap/132704267.htm,2026-05-31 13:04:51,xe_dap_dien,Xe đạp điện màu Đen,6800000,Hoàng anh,"Xe đạp điện màu đen, thiết kế nhỏ gọn, tiện lợi di chuyển trong phố. - Chỗ ngồi rộng rãi cho 2 người. - Động cơ bền bỉ, tiết kiệm điện. - Phù hợp đi học, đi làm. xe mới mua . bé nhà nhat không chạy.nen mình pass nhanh.su dụng pin 48v20a một lần sạc đi đc 50-55km","Thành phố Thủ Đức, Tp Hồ Chí Minh",Đã sử dụng,Xe đạp điện,Việt Nam,,,6800000,Used,Hồ Chí Minh,,
551,https://xe.chotot.com/mua-ban-xe-dap/132702837.htm,2026-05-31 11:45:58,xe_dap_dien,Xe đạp điện Bridgestone Trắng Xanh,3400000,Ngon Le,Cần bán xe đạp điện nhật bản Biresdtone chính hãng bao xài bình mới bao test. Giá 3tr400. Do đổi xe mới cho con.,"Thành phố Thủ Dầu Một, Bình Dương",Đã sử dụng,Xe đạp điện,Nhật Bản,,,3400000,Used,Bình Dương,,
552,https://xe.chotot.com/mua-ban-xe-dap/132682367.htm,2026-05-31 09:22:15,xe_dap_dien,Xe đạp điện SATO Y10 Đa màu,12000000,KHO SỈ XE ĐIỆN ĐỒNG NAI,"Xe đạp điện SATO Y10 đa màu, thiết kế trẻ trung, năng động. - Động cơ bền bỉ, vận hành êm ái. - Quãng đường di chuyển tốt. - Phù hợp đi học, đi làm.","Thành phố Biên Hòa, Đồng Nai",Mới,Xe đạp điện,Việt Nam,,,12000000,New,Đồng Nai,,
553,https://xe.chotot.com/mua-ban-xe-dap/132699009.htm,2026-05-31 08:25:46,xe_dap_dien,V1 MỚI. ĐÃ BAO GỒM BÌNH ĐIÊN.CÂN BAN,11800000,Minh,V1 PLUS MỚI HÀNG HOTTREN XỊN XO CHẤT LƯỢNG TỐT. MOI CHỨC NĂNG ĐÂY ĐU. ĐA BAO GỒM BÌNH ĐIÊN. LH 539/15 HƯƠNG LÔ 3.PHƯỜNG BÌNH HƯNG HOA QUÂN BÌNH TÂN,"Quận Bình Tân, Tp Hồ Chí Minh",Mới,Xe đạp điện,Việt Nam,,,11800000,New,Hồ Chí Minh,,
554,https://xe.chotot.com/mua-ban-xe-dap/132698190.htm,2026-05-31 07:11:07,xe_dap_dien,Xe điện 133 Đỏ bình mới 100%,4800000,XE ĐIỆN THÚY DUYÊN,"Xe điện 133 màu đỏ, ngoại hình còn mới. - Xe mới 95%, bình điện mới 100%. - Kèm đầy đủ phụ kiện. - Bảo hành 12 tháng bình điện, 3 tháng động cơ IC.","Thành phố Biên Hòa, Đồng Nai",Đã sử dụng,Xe đạp điện,,,,4800000,Used,Đồng Nai,,
555,https://xe.chotot.com/mua-ban-xe-dap/132698189.htm,2026-05-31 07:11:00,xe_dap_dien,Xe đạp điện Sufat màu Đỏ,3500000,Hội Đồ Điện Tử,👉 bán 3triệu 500 _(Bảo hành bình 2 tháng) _(Khách muốn đổi bình mới bù 700 bảo hành 10tháng) ☎️***🛵 Lê Hồng Phong phường Phú Hòa thủ dầu một Bình Dương 👉Có ship khi đã cọc trước 500k,"Thành phố Thuận An, Bình Dương",Đã sử dụng,Xe đạp điện,,,,3500000,Used,Bình Dương,,
556,https://xe.chotot.com/mua-ban-xe-dap/132698158.htm,2026-05-31 07:06:22,xe_dap_dien,Xe đạp điện màu Xanh,5200000,Xe điện TRI TÔN ,"Xe cao cấp chạy Pin chất lượng cao. Xe bao mạnh, đẹp, thời trang. Thích hợp cho các em học sinh. Giá tốt cho anh em.","Huyện Tri Tôn, An Giang",Đã sử dụng,Xe đạp điện,,,,5200000,Used,An Giang,,
557,https://xe.chotot.com/mua-ban-xe-dap/132242635.htm,2026-05-31 00:39:56,xe_dap_dien,Xe đạp điện lắp bình mới 100% bảo 12 tháng bình,3900000,XE ĐIỆN THÚY DUYÊN,"Xe đạp điện màu bạc, đã tân trang 90%, bình điện mới 100%. - Bảo hành bình 12 tháng, bảo hành xe 3 tháng. - Xe dọn sạch sẽ, phù hợp cả nam và nữ. - Giá 3.900.000 đồng.","Thành phố Biên Hòa, Đồng Nai",Đã sử dụng,Xe đạp điện,,,,3900000,Used,Đồng Nai,,
558,https://xe.chotot.com/mua-ban-xe-dap/132101355.htm,2026-05-30 23:09:58,xe_dap_dien,xe điện cap A 2 khung đôi. bình mới 100% BH 12T,4800000,XE ĐIỆN THÚY DUYÊN,"Bán xe đạp điện cap a 2 sườn tân trang 95%, bình mới 100% bảo hành bình 12 tháng. Xe dọn sạch sẽ từ trong ra ngoài. phuộc nhún siêu yên. khung sườn đôi chắc chắn. hàng hiếm khó tìm. giá bán 4tr8 lắp bình mới 100%. bảo hành xe 3 tháng. bảo hành bình 12 tháng.","Thành phố Biên Hòa, Đồng Nai",Đã sử dụng,Xe đạp điện,,,,4800000,Used,Đồng Nai,,
559,https://xe.chotot.com/mua-ban-xe-dap/132696270.htm,2026-05-30 21:50:30,xe_dap_dien,Xe đạp điện Asama Xanh dương,2200000,Cẩm,bé học xong cần bán xe đang chạy bình tốt ở tân tạo a bình tân,"Quận Bình Tân, Tp Hồ Chí Minh",Đã sử dụng,Xe đạp điện,,,,2200000,Used,Hồ Chí Minh,,
560,https://xe.chotot.com/mua-ban-xe-dap/132694549.htm,2026-05-30 19:26:47,xe_dap_dien,Xe đạp điện SONSU Đỏ đen,3500000,huy,"Xe đạp điện SONSU màu đỏ đen, thiết kế trẻ trung, năng động. - Động cơ bền bỉ, vận hành êm ái. - Phù hợp đi học, đi làm, dạo phố.","Huyện Hóc Môn, Tp Hồ Chí Minh",Đã sử dụng,Xe đạp điện,,,,3500000,Used,Hồ Chí Minh,,
561,https://xe.chotot.com/mua-ban-xe-dap/132648908.htm,2026-05-30 19:07:57,xe_dap_dien,Xe đạp điện Pega Capa Đỏ Đã sử dụng,4900000,Xe Điện việt Trung,"Cap A pega qua sử dụng, còn hoạt động bình thường,","Quận Tân Phú, Tp Hồ Chí Minh",Đã sử dụng,Xe đạp điện,Trung Quốc,,,4900000,Used,Hồ Chí Minh,,
562,https://xe.chotot.com/mua-ban-xe-dap/132693139.htm,2026-05-30 17:49:26,xe_dap_dien,Xe đạp điện DK Bike Samurai Đen Đã sử dụng,7000000,Thắng,"cô hàng xóm nhờ e bán xe đáp điện DK BIKE như hình, cô mua để đi chợ nhưng giờ cô yếu nên kg đi nữa , xe còn mới 80% .Ace có như cầu alo em ghen , cô để 7t ạ","Quận Gò Vấp, Tp Hồ Chí Minh",Đã sử dụng,Xe đạp điện,Việt Nam,,,7000000,Used,Hồ Chí Minh,,
563,https://xe.chotot.com/mua-ban-xe-dap/132693042.htm,2026-05-30 17:44:26,xe_dap_dien,Xe đạp điện Doinnext Dreaform VC Hồng trắng,12600000,Loc Siro,"Dòng xe: Dreaform VC (Doinnext) bản Hotgirl thông minh. Khóa từ NFC: Xe sử dụng thẻ từ thông minh để mở khóa, không lo rơi rớt hay lỏng chìa cơ. Phụ kiện nâng cấp sẵn: Xe đã được lắp thêm combo 3 yên (có yên nhỏ phía trước cho em bé) và tựa lưng baga phía sau cực kỳ an toàn và tiện lợi. Ngoại hình: Sơn zin phối màu hồng trắng cực bắt mắt, có dán thêm tem dán custom dễ thương (về không thích có thể lột ra dễ dàng). Tình trạng: Động cơ khỏe, máy êm, bình/pin còn rất tốt, sạc đầy đi thoải mái. Đèn, còi, màn hình hiển thị điện tử hoạt động hoàn hảo. BÌNH MỚI THAY ĐƯỢC VÀI NGÀY Giá mong muốn: 12tr600k Có fix nhẹ tiền xăng xe cho anh em nào thiện chí qua xem trực tiếp Xem xe tại: Khu Sao Mai Phú Hữu ( Tiệt Cưới Long Phụng, Xã Phú Hoà, Tỉnh An Giang Liên hệ: ***","Quận Phú Nhuận, Tp Hồ Chí Minh",Đã sử dụng,Xe đạp điện,,,,12600000,Used,Hồ Chí Minh,,
564,https://xe.chotot.com/mua-ban-xe-dap/132689684.htm,2026-05-30 15:01:11,xe_dap_dien,Xe đạp điện ACTION màu Đen,4500000,Tuan vu,do bé không còn đi học nữa nên em cần để lại anh chị nào mua cho bé đi học hoặc đi chợ điều ok cả xe hản ACTION dong xe hản bình em cũng mới thay luôn mọi chức năng điều ok cả muốn biết thiêm anh chị cứ alo em nha xe mua bán tại nhà anh chị cứ yên tâm,"Quận Ninh Kiều, Cần Thơ",Đã sử dụng,Xe đạp điện,Việt Nam,,,4500000,Used,Cần Thơ,,
565,https://xe.chotot.com/mua-ban-xe-dap/132689672.htm,2026-05-30 15:00:43,xe_dap_dien,Xe đạp điện Asama màu Bạc,1600000,Nguyen Dẫn,Mình cần bán chiếc xe đạp điện Asama chính hãng xe đang sử dụng bình thường bình khỏe động cơ em chạy quãng đường từ 30 đến 35 km một lần sạc Ai cần xin liên hệ điện thoại mình nhé Địa chỉ 429 Trương Thị Hoa Tân Thới Hiệp quận 12,"Quận 12, Tp Hồ Chí Minh",Đã sử dụng,Xe đạp điện,,,,1600000,Used,Hồ Chí Minh,,
566,https://xe.chotot.com/mua-ban-xe-dap/132689652.htm,2026-05-30 14:59:51,xe_dap_dien,Xe đạp điện màu Đỏ,5555555,hoàng tiến,"Thanh lí xe đạp điện còn rất mới , bình khoẻ 30-35-km","Thị xã Bến Cát, Bình Dương",Đã sử dụng,Xe đạp điện,,,,5555555,Used,Bình Dương,,
567,https://xe.chotot.com/mua-ban-xe-dap/132687150.htm,2026-05-30 12:58:28,xe_dap_dien,Xe đạp điện Aima màu Đen,6000000,Nguyen Son,"Nhà tôi chuyển đi xa nên tôi bán lại xe đạp điện Aima chính hãng. Xe bền, và đẹp, thiết kế hiện đại, nhìn rất sang và dễ thương. Động cơ khỏe, dùng đi làm, đi học, đi chợ hay đi chơi đều rất tiện lợi, thoải mái và cực kỳ tiết kiệm. Xe này tôi mua chính hãng của công ty Việt Hùng Long Biên. Nay tôi bán thanh lý chỉ 6 triệu, ai muốn mua xin liên hệ sđt ***.","Quận Tây Hồ, Hà Nội",Đã sử dụng,Xe đạp điện,Trung Quốc,,,6000000,Used,Hà Nội,,
568,https://xe.chotot.com/mua-ban-xe-dap/132454063.htm,2026-05-30 12:53:54,xe_dap_dien,"Xe điện Sealup Q29 Đen, Đỏ",16000000,Tuệ An,"sealup Q29 mới cứng đã về đến sài gòn anh chị nào mua cho bé đi học ,hoặc các bác lái hộ liên hệ nhé xe ở thủ dầu hcm ạ","Thành phố Thủ Đức, Tp Hồ Chí Minh",Mới,Xe đạp điện,Trung Quốc,,,16000000,New,Hồ Chí Minh,,
569,https://xe.chotot.com/mua-ban-xe-dap/132685008.htm,2026-05-30 11:22:01,xe_dap_dien,Xe đạp điện màu Đỏ Đã sử dụng,2700000,Nguyễn Quốc Khánh,"Khách gửi bán xe đạp điện như hình. Động cơ còn tốt, bình ok 90%. Do con đi học cấp 3 đổi xe Cup, nên mẹ nó bán xe này. Anh chị em có nhu cầu liên hệ nhé Long Chữ, Tây Ninh","Huyện Bến Cầu, Tây Ninh",Đã sử dụng,Xe đạp điện,Việt Nam,,,2700000,Used,Tây Ninh,,
570,https://xe.chotot.com/mua-ban-xe-dap/132682373.htm,2026-05-30 09:32:52,xe_dap_dien,Xe đạp điện Xbull Asuka Đen Mới,7500000,Lê huy,Xe đạp điện xbull.xe dành cho học sinh .xe mới 100/100. Bình mới bảo hành 12 tháng .ai mua liên hệ mình .giá rẻ hơn cửa hàng mấy triệu nhé,"Quận Tân Phú, Tp Hồ Chí Minh",Mới,Xe đạp điện,Trung Quốc,,,7500000,New,Hồ Chí Minh,,
571,https://xe.chotot.com/mua-ban-xe-dap/132682274.htm,2026-05-30 09:29:43,xe_dap_dien,Xe đạp điện M133 Xám,4500000,Toan Nguyen,xe m133 đời mới loại 4 ăcquy mới 100% cho ac cần,"Thành phố Buôn Ma Thuột, Đắk Lắk",Đã sử dụng,Xe đạp điện,Việt Nam,,,4500000,Used,Đắk Lắk,,
572,https://xe.chotot.com/mua-ban-xe-dap/130214512.htm,2026-05-30 08:57:36,xe_dap_dien,Xe Đạp Điện Xsport - Bán Trả Góp Bao Nợ Xấu,1990000,Hương Điện Máy Trả Góp Lê Triều,"TRẢ GÓP ĐIỆN MÁY KHÔNG KHÓ • Bao nợ xấu, duyệt nhanh chóng • Không cần chứng minh thu nhập • Giá tốt, nhiều phần quà hấp dẫn Liên hệ ngay để mua sắm dễ dàng!","Thành phố Thuận An, Bình Dương",Mới,Xe đạp điện,Nhật Bản,,,1990000,New,Bình Dương,,
573,https://xe.chotot.com/mua-ban-xe-dap/132680527.htm,2026-05-30 08:02:41,xe_dap_dien,Bán xe điệp điện chính hãng SONSU,3500000,Phạm hải Nam,"Xe đạp điện SONSU màu xanh, chính hãng, hoạt động trơn tru. - Xe dùng 4 bình, còn khỏe. - Động cơ 3 pha lõi đồng bền bỉ. - Tình trạng xe tốt, như hình chụp.","Thành phố Thủ Đức, Tp Hồ Chí Minh",Đã sử dụng,Xe đạp điện,Nhật Bản,,,3500000,Used,Hồ Chí Minh,,
574,https://xe.chotot.com/mua-ban-xe-dap/132251361.htm,2026-05-29 22:58:49,xe_dap_dien,Xe đạp điện Giant 133Mplus AQ2026 siêu lướt,3800000,Xe điện Bình Phương,"Giant78 ✅ Xe điện Giant133Mplus đỏ ắc quy lướt 2026 giá 3tr8 ➡️ Hình thức đẹp, xe chạy êm, động cơ zin, ắc quy khoẻ ➡️ Mọi chức năng hoạt động tốt, xe đã được bảo dưỡng toàn bộ, ☎️ *** (zalo,fb,mess) có trả góp 📌 Cửa hàng xe điện Bình Phương, sn 15 ngõ 195/91 Trần Cung, Hà Nội","Quận Bắc Từ Liêm, Hà Nội",Đã sử dụng,Xe đạp điện,Việt Nam,,,3800000,Used,Hà Nội,,
575,https://xe.chotot.com/mua-ban-xe-dap/132564719.htm,2026-05-29 13:55:44,xe_dap_dien,Xe đạp điện BMX bike màu Nâu,2500000,Điện Tử Nguyễn Hiếu,"Dư xe thanh lý rẻ cho ae, xe chạy bình thường im ru, bình còn dùng tốt ae cần gọi e nhé!","Huyện Mỹ Tú, Sóc Trăng",Đã sử dụng,Xe đạp điện,Việt Nam,,,2500000,Used,Sóc Trăng,,
576,https://xe.chotot.com/mua-ban-xe-dap/132665983.htm,2026-05-29 11:00:31,xe_dap_dien,"Xe đạp điện V1 màu Trắng, Hồng",8300000,Nguyễn Thạnh,"xe đạp điện v1 5binh lớn xe còn đủ các chức năng,xe chạy mượt bình khỏe xe đi đc 50-55km cho 1lan sạc giá 8tr 300.","Huyện Bình Chánh, Tp Hồ Chí Minh",Đã sử dụng,Xe đạp điện,Việt Nam,,,8300000,Used,Hồ Chí Minh,,
578,https://xe.chotot.com/mua-ban-xe-dap/132664514.htm,2026-05-29 10:07:15,xe_dap_dien,Xe đạp điện Asama AS-60 Đỏ đen,1999000,La Thị Thanh Trúc ,"Xe đạp điện Asama AS-60 màu đỏ đen, thiết kế gọn gàng, phù hợp cho cả nam và nữ. - Động cơ bền bỉ, vận hành êm ái. - Quãng đường di chuyển tốt. - Phù hợp đi học, đi làm.","Quận Bình Tân, Tp Hồ Chí Minh",Đã sử dụng,Xe đạp điện,Nhật Bản,,,1999000,Used,Hồ Chí Minh,,
579,https://xe.chotot.com/mua-ban-xe-dap/132661470.htm,2026-05-29 07:15:40,xe_dap_dien,Xe đạp điện Yamaha Trắng Xanh,2300000,hưng phát,xe như hình bình điện chạy OK 30 km lần sạc mọi chức năng OK,"Quận Bình Tân, Tp Hồ Chí Minh",Đã sử dụng,Xe đạp điện,,,,2300000,Used,Hồ Chí Minh,,
580,https://xe.chotot.com/mua-ban-xe-dap/132455427.htm,2026-05-28 21:51:30,xe_dap_dien,Xe đạp điện Move SPORT mới 100% bảo hành 1 năm,7500000,Thao,"Cần bán lại xe điện MOVE SPORT– xe mới 100% - Bảo hành tận nhà 12 tháng 💥 Giá hãng hơn 10 triệu, nay để lại chỉ còn 7.900.000đ 👉 Tiết kiệm vài triệu mà xe vẫn như mới. ✅ Thiết kế thể thao, nhỏ gọn, dễ chạy ✅ Động cơ khỏe, pin trâu đi được 55km/1h, chạy êm – tăng tốc mượt ✅ Có Smartkey chống trộm hiện đại ✅ Màn hình LED sắc nét ✅ Lốp không săm, vành đúc đẹp mắt ✅ Phù hợp học sinh, sinh viên, nhân viên văn phòng ⭐ ĐIỂM CỘNG RẤT YÊN TÂM KHI SỬ DỤNG: ✔️ Thương hiệu thuộc công ty Việt Nam ✔️ Có 2 nhà máy lắp ráp quy mô lớn ✔️ Hệ thống hơn 250 cửa hàng trên toàn quốc ✔️ Hỗ trợ bảo hành tận nhà cực tiện 🎨 Màu xanh cực trendy, lên hình đẹp – chạy ngoài đường rất nổi bật. Xe đầy đủ phụ kiện, nhận xe là chạy ngay. 📍 Xem xe trực tiếp tại Q12 📞 Liên hệ ngay: *** ⚡ Xe đẹp – mới – giá tốt, ai cần xe điện đi học/đi làm tiết kiệm thì chốt rất hợp luôn!","Quận 12, Tp Hồ Chí Minh",Mới,Xe đạp điện,Việt Nam,,,7500000,New,Hồ Chí Minh,,
581,https://xe.chotot.com/mua-ban-xe-dap/132656806.htm,2026-05-28 18:21:41,xe_dap_dien,Xe đạp Giant màu Xám,13800000,Long Phạm,cần bán lại chiếc xe đạp còn mới ít sử dụng đến tại tphcm Giant,"Thành phố Thủ Đức, Tp Hồ Chí Minh",Đã sử dụng,Xe đạp điện,Đài Loan,,,13800000,Used,Hồ Chí Minh,,
582,https://xe.chotot.com/mua-ban-xe-dap/132655790.htm,2026-05-28 17:18:54,xe_dap_dien,Xe đạp điện Asama màu Đỏ,1200000,Nguyễn Cà Duôl,"Xe đạp điện Asama đang dùng bình thường bình yếu màu đỏ, thiết kế phù hợp cho cả nam và nữ. - Xe vận hành êm ái, bền bỉ. - Tiết kiệm năng lượng, thân thiện môi trường. - Phù hợp đi học, đi làm, dạo phố.","Thành phố Thủ Đức, Tp Hồ Chí Minh",Đã sử dụng,Xe đạp điện,Việt Nam,,,1200000,Used,Hồ Chí Minh,,
583,https://xe.chotot.com/mua-ban-xe-dap/132650185.htm,2026-05-28 13:31:09,xe_dap_dien,XE MỚI PEGA WINGS . ĐÃ BAO GỒM BÌNH ĐIÊN,12900000,Minh,XE MỚI HÀNG CÔNG TY PEGA CHẤT LƯỢNG TỐT. MOI CHỨC NĂNG ĐÂY ĐU. ĐA BAO GỒM BÌNH ĐIÊN. LH 539/15 HƯƠNG LÔ 3.PHƯỜNG BÌNH HƯNG HOA QUÂN BÌNH TÂN,"Quận Bình Tân, Tp Hồ Chí Minh",Mới,Xe đạp điện,Việt Nam,,,12900000,New,Hồ Chí Minh,,
584,https://xe.chotot.com/mua-ban-xe-dap/132649553.htm,2026-05-28 12:57:57,xe_dap_dien,Xe đạp điện như hình,2700000,Hoan,Xe đạp điện như hình.. Bình còn trong thời gian bảo hành.. Xem ở thị trấn Trảng Bom,"Huyện Trảng Bom, Đồng Nai",Đã sử dụng,Xe đạp điện,,,,2700000,Used,Đồng Nai,,
585,https://xe.chotot.com/mua-ban-xe-dap/132647194.htm,2026-05-28 11:13:35,xe_dap_dien,Xe đạp điện GICINI SK Đen,4500000,Hùng Nguyễn Thanh,"Xe đạp điện GICINI SK màu đen, thiết kế phù hợp cho cả nam và nữ. - Kiểu dáng hiện đại, gọn gàng. - Di chuyển nhẹ nhàng, tiện lợi. - Phù hợp đi học, đi làm.dt:***","Quận 7, Tp Hồ Chí Minh",Đã sử dụng,Xe đạp điện,,,,4500000,Used,Hồ Chí Minh,,
586,https://xe.chotot.com/mua-ban-xe-dap/132644555.htm,2026-05-28 09:43:09,xe_dap_dien,Xe đạp điện Yamaha màu Đỏ,3000000,Thịnh,Xe còn rất đẹp Đi học - đi chơi - đi nhậu - thoải mái vô tư Ai cần xin lh ***,"Thành phố Huế, Thừa Thiên Huế",Đã sử dụng,Xe đạp điện,,,,3000000,Used,Huế,,
587,https://xe.chotot.com/mua-ban-xe-dap/132643413.htm,2026-05-28 08:57:37,xe_dap_dien,Xe đạp điện màu Đen đã sử dụng,4500000,Thai,"bán xe đạp điện như hình,hoặc giao lưu xe xăng, mới thay bình, ai cần liên hệ khu vực Bà Rịa long Điền gần trung tâm hành chính tỉnh Bà Rịa Vũng Tàu cũ","Huyện Long Điền, Bà Rịa - Vũng Tàu",Đã sử dụng,Xe đạp điện,,,,4500000,Used,Vũng Tàu,,
588,https://xe.chotot.com/mua-ban-xe-dap/132642371.htm,2026-05-28 07:50:24,xe_dap_dien,Xe đạp điện màu Xanh lá,3500000,dat pero,Xe chạy bình thường mọi chức năng đều ok về rửa sạch chạy ngon lành,"Thành phố Biên Hòa, Đồng Nai",Đã sử dụng,Xe đạp điện,,,,3500000,Used,Đồng Nai,,
589,https://xe.chotot.com/mua-ban-xe-dap/132641965.htm,2026-05-28 07:15:59,xe_dap_dien,Xe đạp điện Tai Lg Gr55 màu Hồng ở Quận 3,1029000,Huy Đồng,Xe đạp điện Tai Lg Gr55 Trả góp bao nợ xấu Thủ tục nhanh chóng Ko giữ CMND/CCCD Bảo mật thông tin khách hàng Hỗ trợ 0 trả trước Bảo hành chính hãng 2 năm Không chi phú phát sinh,"Quận 3, Tp Hồ Chí Minh",Mới,Xe đạp điện,Nhật Bản,,,1029000,New,Hồ Chí Minh,,
590,https://xe.chotot.com/mua-ban-xe-dap/132638554.htm,2026-05-27 20:13:23,xe_dap_dien,Xe đạp điện Hyundai Đỏ Đã sử dụng,2000000,Thy,"Xe đạp điện Hyundai màu đỏ, còn mới, ít đi. - Xe còn đẹp, ít sử dụng. - Bình điện cần thay mới để xe hoạt động bình thường. - Giá 2 triệu.","Quận 7, Tp Hồ Chí Minh",Đã sử dụng,Xe đạp điện,,,,2000000,Used,Hồ Chí Minh,,
591,https://xe.chotot.com/mua-ban-xe-dap/132637429.htm,2026-05-27 18:58:01,xe_dap_dien,Xe đạp điện FEDERAL TERRAIN Vàng,8600000,ba duy,"Bán xe điện nhật, mời ae giao lưu giá thật khó kiếm","Quận Đống Đa, Hà Nội",Đã sử dụng,Xe đạp điện,Nhật Bản,,,8600000,Used,Hà Nội,,
592,https://xe.chotot.com/mua-ban-xe-dap/132637327.htm,2026-05-27 18:49:29,xe_dap_dien,Xe điện 133M Xanh,4200000,Xe điện Pega Cần Thơ,Xe điện 133M Xe có cốp xe tiện lợi Vỏ không ruột. cán đinh vẫn có thể di chuyển tiếp Động cơ mạnh. zin .êm đèn còi. xi nhan đầy đủ chạy trên 30km 1 lần sạc Xe kiểm tra. mua là sử dụng. đủ phụ kiện. không phát sinh Chi tiết xin liên hệ za.l.o thanks,"Quận Thốt Nốt, Cần Thơ",Đã sử dụng,Xe đạp điện,,,,4200000,Used,Cần Thơ,,
593,https://xe.chotot.com/mua-ban-xe-dap/132542636.htm,2026-05-27 12:56:30,xe_dap_dien,Xe đạp điện Đỏ Như mới,5899000,Duc Huy Vu,"Xe đạp điện màu đỏ, thiết kế trẻ trung, năng động. - Động cơ bền bỉ, vận hành êm ái. - Quãng đường di chuyển tốt. - Phù hợp đi học, đi làm. xe như mới, bình khỏe đèn còi, xi nhan, nhún trước và sau... còn hoạt động rất tốt. Tân Bình TP HCM","Quận Tân Bình, Tp Hồ Chí Minh",Đã sử dụng,Xe đạp điện,,,,5899000,Used,Hồ Chí Minh,,
594,https://xe.chotot.com/mua-ban-xe-dap/132627309.htm,2026-05-27 11:01:16,xe_dap_dien,Xe đạp điện CAP OSAKA Đỏ Đã sử dụng,5100000,trần châu,Bán xe điện CAP OSAKA hàng chạy lướt còn rất đẹp chạy tốt các chức năng ace yên tâm mua sữ dụng có bảo hành 3 tháng nhé ( số 150 nguyên văn linh phường 2 cũ ),"Thành phố Sóc Trăng, Sóc Trăng",Đã sử dụng,Xe đạp điện,,,,5100000,Used,Sóc Trăng,,
595,https://xe.chotot.com/mua-ban-xe-dap/132626322.htm,2026-05-27 10:25:49,xe_dap_dien,Xe đạp điện Yamaha khung nhôm,7500000,Ngọc Duyên,"E có luôn cả 2 dòng ạ: Dòng 1: xe điện vặn ga chạy Dòng 2:xe trợ lực chế độ trợ lực mạnh đạp có lực đẩy mạnh khách vi vu nhẹ nhàng Thông tin xe đầy đủ đây ạ: 💝💝💝💝💝💝 🚴🏼‍♂️ Xe đạp điện yamaha khung nhôm 🔴 Bánh 26in. Căm vành inox zin theo xe . ✅ Ưu điểm gọn nhẹ hết pin đạp nhẹ như xe đạp thường , có 3 số tuỳ chỉnh đạp nặng nhẹ ! 👉 Thích hợp các bà mẹ lớn tuổi , bé gái đi học, mẫu mã đẹp gọn nhẹ ! 🔋pin bên e đã đóng mới 12Ah ( Bảo hành pin 1 năm ) ✅ Xe đã cân chỉnh hoàn hảo mọi thứ ok . 💸 Giá sỉ tận gốc lấy công làm lời không qua trung gian - Xe chuẩn như hình , có video ace có thiện chí ib hoặc call e gởi thêm thông tin . ☎️ :*** ship hàng toàn quốc 🚚✈️ giao hàng tận nơi. Uy tính .","Quận Tân Bình, Tp Hồ Chí Minh",Đã sử dụng,Xe đạp điện,Nhật Bản,,,7500000,Used,Hồ Chí Minh,,
596,https://xe.chotot.com/mua-ban-xe-dap/132625238.htm,2026-05-27 09:42:40,xe_dap_dien,Xe đạp điện Cap Pega Đen nhám,7400000,Nguyễn bảo thanh thảo,🥰Xe điện lướt cần bán ➡️Cap pega đen nhám ➡️Mọi thứ hđ bthuong .jin chính hãng. Bình khoẻ,"Quận Bình Tân, Tp Hồ Chí Minh",Đã sử dụng,Xe đạp điện,Việt Nam,,,7400000,Used,Hồ Chí Minh,,
597,https://xe.chotot.com/mua-ban-xe-dap/132624453.htm,2026-05-27 09:10:30,xe_dap_dien,Xe đạp điện Nhật Đẹp Bình Tốt Thể Thao Đẹp,2950000,Thắng Trần,"- Thạnh lý xe đạp điện nội địa nhật đang dùng tốt,đẹp như hình,bình còn rất tốt 1 lần sạc chậy được tầm trên 35km - xe ngoại hình còn rất đẹp,liền lạc ,thể thao,hiện đại,tiết kiệm, tiện đi làm,đi học,đi chợ đi cafe OK - giá bán chỉ 2tr950k - ai có nhu cầu sử dụng LH xin cảm ơn","Quận 12, Tp Hồ Chí Minh",Đã sử dụng,Xe đạp điện,Nhật Bản,,,2950000,Used,Hồ Chí Minh,,
598,https://xe.chotot.com/mua-ban-xe-dap/132624355.htm,2026-05-27 09:06:38,xe_dap_dien,"Xe đạp điện màu Xanh, Nâu",4000000,Anhminh,"Dọn nhà bán rẻ,Xe điện còn mới,lúc mua 7 triệu…có giấy mua bán của cửa hàng….bình chạy được 2 ngày… Bán nhanh cho con nhỏ đi học hoặc đi đá gà…","Quận 6, Tp Hồ Chí Minh",Mới,Xe đạp điện,Thái Lan,,,4000000,New,Hồ Chí Minh,,
599,https://xe.chotot.com/mua-ban-xe-dap/132624322.htm,2026-05-27 09:05:09,xe_dap_dien,Xe đạp điện màu xanh,2900000,Thiện Tâm Nguyễn,Bán xác xe không bán bình quý khách mua về gắn bình ic được tặng với thay đầu đèn là sử dụng,"Huyện Giồng Trôm, Bến Tre",Đã sử dụng,Xe đạp điện,,,,2900000,Used,Bến Tre,,
600,https://xe.chotot.com/mua-ban-xe-dap/132624234.htm,2026-05-27 09:01:30,xe_dap_dien,Xe đạp điện màu Xanh Mới 90%,4800000,Giáp Nguyên,"Xe đạp điện màu xanh, còn mới 90%. - Bình điện chạy được 40km. - Thiết kế gọn gàng, dễ điều khiển. - Phù hợp đi học, đi làm. Giá 4tr8","Thành phố Thuận An, Bình Dương",Đã sử dụng,Xe đạp điện,,,,4800000,Used,Bình Dương,,
601,https://xe.chotot.com/mua-ban-xe-dap/132622557.htm,2026-05-27 07:19:52,xe_dap_dien,"Xe đạp điện CAP-A Đen, Trắng Đã sử dụng",4200000,Hùng ,xe điện dòng CAP lướt nhẹ. cần thanh lý .Còn mới 90% giá 4.2tr. về vi vu,"Thành phố Dĩ An, Bình Dương",Đã sử dụng,Xe đạp điện,,,,4200000,Used,Bình Dương,,
602,https://xe.chotot.com/mua-ban-xe-dap/132622425.htm,2026-05-27 07:03:12,xe_dap_dien,"Xe đạp điện 133 Đen, Xám, Xanh",7500000,Ni,Xe đạp điện 133 bình nhỏ(15A) mới 100%. Giá gốc 9.000.000 giảm còn 7.500.000,"Quận Ninh Kiều, Cần Thơ",Mới,Xe đạp điện,Trung Quốc,,,7500000,New,Cần Thơ,,
603,https://xe.chotot.com/mua-ban-xe-dap/132273734.htm,2026-05-26 20:39:41,xe_dap_dien,Xe đạp điện giá rẻ đủ màu mới 100% có bình,4500000,Tan Tiến,"Xe đạp điện giá rẻ , thiết kế hiện đại, nhỏ gọn, dễ di chuyển trong phố. - Động cơ bền bỉ, vận hành êm ái. - Pin khỏe, quãng đường di chuyển tốt. - Phù hợp đi học, đi làm.","Huyện Bình Chánh, Tp Hồ Chí Minh",Mới,Xe đạp điện,Trung Quốc,,,4500000,New,Hồ Chí Minh,,
604,https://xe.chotot.com/mua-ban-xe-dap/132401721.htm,2026-05-26 16:05:23,xe_dap_dien,Xe đạp điện màu Trắng Mới 100% BÌNH SẠC ĐẦY ĐỦ,10000000,XE ĐIỆN GIÁ KHO,XE ĐẠP ĐIỆN MỚI 100% BH 1 NĂM Bình sạc đầy đủ Các chức năng hoạt động tốt Xe bảo hành dài hạn Cám ơn a chị đã xem tin,"Quận Bình Tân, Tp Hồ Chí Minh",Mới,Xe đạp điện,Đài Loan,,,10000000,New,Hồ Chí Minh,,
605,https://xe.chotot.com/mua-ban-xe-dap/132289217.htm,2026-05-26 15:27:03,xe_dap_dien,Xe đạp điện LIHAZE Hồng,3200000,Long Trần,"Xe đạp điện LIHAZE màu hồng, thiết kế trẻ trung, phù hợp đi học, đi làm. - Xe chạy êm, bền bỉ. - Tiết kiệm điện, dễ dàng sạc. - An toàn khi di chuyển. - phiên bản bình ắc quy cho ae sợ cháy nổ","Quận 8, Tp Hồ Chí Minh",Đã sử dụng,Xe đạp điện,Đài Loan,,,3200000,Used,Hồ Chí Minh,,
606,https://xe.chotot.com/mua-ban-xe-dap/132611451.htm,2026-05-26 13:24:32,xe_dap_dien,Xe đạp điện Alpha Bike 2018 Đỏ,3000000,Thanh Thanh,xe điện để lâu không chạy bán cho ai về xem lại. bình mới thay mới.,"Thành phố Biên Hòa, Đồng Nai",Đã sử dụng,Xe đạp điện,,,,3000000,Used,Đồng Nai,,
607,https://xe.chotot.com/mua-ban-xe-dap/132610976.htm,2026-05-26 13:01:17,xe_dap_dien,Xe đạp điện Yadea V1 Xám,9500000,Hoàng Minh Khôi,"Xe đạp điện v1 Pro màu xám, thiết kế độc đáo, phong cách. - Động cơ mạnh mẽ, di chuyển êm ái. - Pin bền, quãng đường đi xa. - Phù hợp đi lại trong thành phố. - còn mới do sài kĩ . Ai cần lh sdt ***","Quận Bình Tân, Tp Hồ Chí Minh",Đã sử dụng,Xe đạp điện,,,,9500000,Used,Hồ Chí Minh,,
608,https://xe.chotot.com/mua-ban-xe-dap/132609300.htm,2026-05-26 11:33:37,xe_dap_dien,Xe đạp điện G-FORCE G14 PRO xám,9000000,Thắng,"XE ĐẠP ĐIỆN GẤP GỌN G-FORCE G14 PRO TRUYỀN ĐỘNG TRỤC (KHÔNG XÍCH) BẢN ĐẦY ĐỦ CÓ XI NHAN bản Pin 15A - ODD 400km Kích thước sử dụng 125cm x31cm x 114cm Kích thước gấp gọn 78cm x 45cm x 98cm Cỡ lốp 14 Inch , chống nổ Động cơ 48v/400w, không chổi than, lõi đồng Pin 48V - Lithium Chất liệu khung xe Hợp kim nhôm Trọng lượng xe 24kg Tải trọng cho phép 150kg Quãng đường di chuyển 35-100km ( bản cao nhất ) Vận tốc tối đa 40km/h (mở full tốc độ) Hệ thống phanh Phanh đĩa E-ABS trước và sau Hệ thống giảm xóc Có – Tích hợp hệ thống giảm sóc yên xe (2 giảm xóc yên, 1 giảm xóc cột yên), phuộc giảm xóc đôi bánh trước Khả năng leo dốc 20˚ – Thuần điện và 32˚ – Trợ lực Hệ thống đèn Đèn led trước và sau Hệ thống truyền động Bộ truyền động các đăng cao cấp","Quận Đống Đa, Hà Nội",Đã sử dụng,Xe đạp điện,Đài Loan,,,9000000,Used,Hà Nội,,
609,https://xe.chotot.com/mua-ban-xe-dap/132605460.htm,2026-05-26 09:19:41,xe_dap_dien,"Xe đạp điện TAILG GR56/ MỚI, GIÁ TƯ NHÂN",1960000,THIÊN KIM ĐIỆN MÁY TẠI NHÀ,"Xe đạp điện TAILG GR56 thiết kế hiện đại, phù hợp cho cả nam và nữ. - Động cơ mạnh mẽ, di chuyển êm ái. - Quãng đường di chuyển tốt, tiện lợi cho đi lại hàng ngày. - Giá góp tư nhân - Hỗ trợ trả góp không qua ngân hàng - Giá trên là giá góp","Huyện Đức Hòa, Long An",Mới,Xe đạp điện,Việt Nam,,,1960000,New,Long An,,
610,https://xe.chotot.com/mua-ban-xe-dap/132604608.htm,2026-05-26 08:41:25,xe_dap_dien,Xe đạp điện Asama màu Bạc,2200000,vyvy,nhà dư cần bán chiếc xe đạp điện Asama sườn inox ace thấy cần liên lạc e,"Thị xã Tân Uyên, Bình Dương",Đã sử dụng,Xe đạp điện,Nhật Bản,,,2200000,Used,Bình Dương,,
611,https://xe.chotot.com/mua-ban-xe-dap/132603979.htm,2026-05-26 08:02:33,xe_dap_dien,Xe đạp điện Đa màu,14000000,KHO SỈ XE ĐIỆN ĐỒNG NAI,"Xe đạp điện đa màu, thiết kế trẻ trung, phù hợp cho cả nam và nữ. - Vận hành êm ái, tiết kiệm năng lượng. - Dễ điều khiển, an toàn khi di chuyển trong phố.","Thành phố Biên Hòa, Đồng Nai",Mới,Xe đạp điện,Việt Nam,,,14000000,New,Đồng Nai,,
612,https://xe.chotot.com/mua-ban-xe-dap/132603344.htm,2026-05-26 07:05:38,xe_dap_dien,Xe đạp điện TKA màu Đỏ,4000000,Lê Minh Phúc,xe đạp điện có thể chạy hơn 20km trạng thái còn tốt,"Huyện Hóc Môn, Tp Hồ Chí Minh",Đã sử dụng,Xe đạp điện,,,,4000000,Used,Hồ Chí Minh,,
613,https://xe.chotot.com/mua-ban-xe-dap/132603343.htm,2026-05-26 07:05:35,xe_dap_dien,Xe đạp điện màu Đỏ,4000000,Lê Minh Phúc,"Xe đạp điện màu đỏ, thiết kế nhỏ gọn, tiện lợi di chuyển trong thành phố. - Xe chạy được 20km, phù hợp đi học, đi làm. - Ngoại hình đẹp, xe giữ gìn cẩn thận.","Huyện Hóc Môn, Tp Hồ Chí Minh",Đã sử dụng,Xe đạp điện,,,,4000000,Used,Hồ Chí Minh,,
614,https://xe.chotot.com/mua-ban-xe-dap/132601120.htm,2026-05-25 21:25:53,xe_dap_dien,Xe đạp điện màu Đen Mới 100%,8500000,Vy,cần bán chiếc xe đạp điện mới 100% . cần sang lại người có thiện chí . ai cần liên hệ e,"Quận Bình Tân, Tp Hồ Chí Minh",Mới,Xe đạp điện,Khác,,,8500000,New,Hồ Chí Minh,,
615,https://xe.chotot.com/mua-ban-xe-dap/132601094.htm,2026-05-25 21:24:11,xe_dap_dien,Xe đạp điện HKbike Cap A Xanh,4800000,Nguyễn Thạnh,"xe đạp điện cap HKbike như hình,xe còn đủ các chức năng, xe đi đc 25-30km cho 1lan sạc, giá 4tr 800.","Huyện Bình Chánh, Tp Hồ Chí Minh",Đã sử dụng,Xe đạp điện,Việt Nam,,,4800000,Used,Hồ Chí Minh,,
616,https://xe.chotot.com/mua-ban-xe-dap/132601093.htm,2026-05-25 21:24:07,xe_dap_dien,Xe đạp điện JVC Đen,4500000,Nguyễn Thạnh,"xe đạp điện JVC xe sử dụng đc 6th,xe đẹp còn đủ các chức năng,xe đi đc 30-35km cho 1 lần sạc, giá 4tr500.","Huyện Bình Chánh, Tp Hồ Chí Minh",Đã sử dụng,Xe đạp điện,Việt Nam,,,4500000,Used,Hồ Chí Minh,,
617,https://xe.chotot.com/mua-ban-xe-dap/132546249.htm,2026-05-25 19:45:27,xe_dap_dien,Xe điện 133 Xanh Đã qua sử dụng,3900000,Xe Điện việt Trung,"Xe điện 133 qua sử dụng còn mới, mọi chức nă Năng bình thường","Quận Tân Phú, Tp Hồ Chí Minh",Đã sử dụng,Xe đạp điện,Trung Quốc,,,3900000,Used,Hồ Chí Minh,,
618,https://xe.chotot.com/mua-ban-xe-dap/131439999.htm,2026-05-25 14:21:59,xe_dap_dien,Xe đạp điện M133 VIP Mới 100% - Góp Tại Cửa Hàng,1250000,Trả Góp Đơn Giản,"Xe điện M133 VIP, số lùi, thẻ từ Bảo hành xe 1 năm Bình lớn 30ah - 60km/1 lần sạc Hỗ trợ giao xe tận nơi Góp tuần/tháng linh hoạt Nhà thuê/trọ vẫn hỗ trợ trả góp Xe mới 100%","Thành phố Biên Hòa, Đồng Nai",Mới,Xe đạp điện,Việt Nam,,,1250000,New,Đồng Nai,,
619,https://xe.chotot.com/mua-ban-xe-dap/132590616.htm,2026-05-25 12:07:29,xe_dap_dien,Xe đạp điện màu Xanh Đã sử dụng,2800000,chung,bán xe đạp điện như hình.hoạt đòng bình thướng.sáng sủa như mới xầy xước đôi chút.mua về chỉ việc đi ko phải sửa gì cả.xạc đầy đủ,"Huyện Củ Chi, Tp Hồ Chí Minh",Đã sử dụng,Xe đạp điện,,,,2800000,Used,Hồ Chí Minh,,
620,https://xe.chotot.com/mua-ban-xe-dap/132585049.htm,2026-05-25 08:34:25,xe_dap_dien,Xe đạp điện Action Sports Xanh dương,2800000,Minh Quy,"Xe đạp điện Action Sports màu xanh dương, phù hợp cho cả nam và nữ. - Thiết kế thể thao, năng động. - Di chuyển nhẹ nhàng, tiện lợi. - Động cơ bền bỉ, tiết kiệm điện. - kèm sạc","Quận 12, Tp Hồ Chí Minh",Đã sử dụng,Xe đạp điện,,,,2800000,Used,Hồ Chí Minh,,
621,https://xe.chotot.com/mua-ban-xe-dap/132584687.htm,2026-05-25 08:14:34,xe_dap_dien,Xe đạp điện màu Trắng đã sử dụng,8000000,trịnh ngọc vũ,"Nhà mình muốn bán bớt 1 chiếc xe đạp có trợ lực và vặn ga,, hàng nhật bãi xe còn đẹp không hỏng học gì 1 lần sạc đi được 20km ai cần ib mình ở mễ trì nam từ liêm","Quận Nam Từ Liêm, Hà Nội",Đã sử dụng,Xe đạp điện,Nhật Bản,,,8000000,Used,Hà Nội,,
622,https://xe.chotot.com/mua-ban-xe-dap/131370958.htm,2026-05-25 07:59:11,xe_dap_dien,Xe đạp điện Giant M133 Plus Xám Mới Có Trả Góp,8200000,Thiên Hương,Bán xe điện Giant M133 plus mới 100% Hỗ trợ Trả Góp Nhanh Chóng Xe chạy 4 bình to Dòng xe đi bền phù hợp mọi lứa tuổi Bảo hành 12 tháng Ib zalo để biết thêm chi tiết Xem xe tại số 658 Đường Láng - Hà Nội,"Quận Đống Đa, Hà Nội",Mới,Xe đạp điện,Việt Nam,,,8200000,New,Hà Nội,,
623,https://xe.chotot.com/mua-ban-xe-dap/131410673.htm,2026-05-25 07:57:46,xe_dap_dien,Xe đạp điện GoGo Kaishi mới 100% Có Trả Góp,15000000,Thiên Hương,Bán xe điện GoGo Kaishi mới 100% Hỗ trợ Trả Góp Nhanh Chóng Có hỗ trợ trả góp Xe chạy 5 bình to khỏe Có thẻ từ NFC Màn hình phun điện tử Bảo hành 12 tháng IB zalo để biết thêm chi tiết Xem xe tại số 658 Đường Láng - Hà Nội Ship cod toàn quốc (có cọc),"Quận Đống Đa, Hà Nội",Mới,Xe đạp điện,Việt Nam,,,15000000,New,Hà Nội,,
624,https://xe.chotot.com/mua-ban-xe-dap/130967507.htm,2026-05-25 07:57:24,xe_dap_dien,Xe đạp điện Giant M133 Plus,5000000,Thiên Hương,"Bán xe điện Giant M133 plus siêu lướt Xe đẹp , đi êm Có hỗ trợ trả góp Xe chạy 4 bình to Ắc quy khỏe có bảo hành ib zalo để biết thêm chi tiết Xem xe tại số 658 Đường Láng - Láng Hạ - Đống Đa - Hà Nội Ship cod toàn quốc ( có cọc)","Quận Đống Đa, Hà Nội",Đã sử dụng,Xe đạp điện,,,,5000000,Used,Hà Nội,,
625,https://xe.chotot.com/mua-ban-xe-dap/132583789.htm,2026-05-25 07:07:27,xe_dap_dien,Xe đạp điện Hugo S3,12800000,Xe Điện Uy Tín ,"Xe đạp điện Hugo S3 không cần đăng ký - Có thẻ từ NFC, có cốp rộng, có bàn đạp - Có bán trả góp, có ship toàn quốc - Xe chạy quy to đi 60-80km một lần sạc - Bảo hành 3 năm khung xe, 3 năm động cơ, 1 năm ắc quy - Địa chỉ: Xe Điện Uy Tín số 257 Hoàng Quốc Việt Cầu Giấy Hà Nội","Quận Cầu Giấy, Hà Nội",Mới,Xe đạp điện,Việt Nam,,,12800000,New,Hà Nội,,
626,https://xe.chotot.com/mua-ban-xe-dap/131365240.htm,2026-05-25 06:42:32,xe_dap_dien,"Xe đạp điện màu Đen, Xanh ngọc học sinh",1000000,Huy Đồng,Xe đạp điện Trả góp bao nợ xấu Thủ tục nhanh chóng Ko giữ CMND/CCCD Bảo mật thông tin khách hàng Hỗ trợ 0 trả trước Bảo hành chính hãng 2 năm Không chi phú phát sinh,"Huyện Đức Hòa, Long An",Đã sử dụng,Xe đạp điện,Nhật Bản,,,1000000,Used,Long An,,
627,https://xe.chotot.com/mua-ban-xe-dap/132578544.htm,2026-05-24 17:17:09,xe_dap_dien,Xe đạp điện FTN-CT20 Đen,24000000,Lộc,Xe đạp điện địa hình FTN-CT20 cao cấp Động cơ: 750W Tốc độ: 50 km/h Di chuyển: 80-120km /1lần sạc Xe mua 43tr thanh lý 26tr Xem xe ở Q7 HCM,"Quận 7, Tp Hồ Chí Minh",Đã sử dụng,Xe đạp điện,Khác,,,24000000,Used,Hồ Chí Minh,,
628,https://xe.chotot.com/mua-ban-xe-dap/132576578.htm,2026-05-24 15:28:42,xe_dap_dien,Xe đạp điện đỏ dùng pin,6700000,hồng dương phước bửu,"Cần bán xe đạp điện màu đỏ, sử dụng pin chạy được 3 tốc độ, số 1 tốc độ 35km/h,có nguồn sạc pin kèm theo xe, ,đồng hồ báo pin, km, đèn,xi nhan,còi xe điều sử dụng tốt, xe IC nguồn đúc và nhún sau mới, xe dùng pin, chạy nhẹ xe mạnh và êm, Anh chị em cần dùng và xem xe xin liên hệ DT nhé như hình đăng Giá: 6.700.000₫ giá xe có pin","Quận 10, Tp Hồ Chí Minh",Đã sử dụng,Xe đạp điện,,,,6700000,Used,Hồ Chí Minh,,
629,https://xe.chotot.com/mua-ban-xe-dap/132575456.htm,2026-05-24 14:32:26,xe_dap_dien,Xe điện Keren Hồng - Cam Mới 100%,13500000,Dũng Tín,"Xe điện Keren màu Hồng - Cam mới 100% nguyên seal. - Xe chưa lăn bánh, còn nguyên bọc nylon. - Cấu hình: 4 bình lớn Thiên Năng 48V 25Ah , 45 - 60km/ lần sạc. - Công nghệ: Khóa từ NFC, cruiscontrol giữ ga, gương LED, đèn LED, cổng sạc USB. - Giá 13.500.000 đồng. - Xem xe tại Khu Tên Lửa, Bình Tân, TP.HCM.","Quận Bình Tân, Tp Hồ Chí Minh",Mới,Xe đạp điện,Trung Quốc,,,13500000,New,Hồ Chí Minh,,
630,https://xe.chotot.com/mua-ban-xe-dap/132574109.htm,2026-05-24 13:19:20,xe_dap_dien,Xe đạp trợ lực BRIDGESTONE Assitsta,8000000,Tên chưa cung cấp,"Dòng xe Trợ lực: BRIDGESTONE Assitsta Xe sườn nhôm . Màu Xanh - Vành bánh 26 in , Căm niềng inox. Yên xe rộng êm ngồi thoải mái - Đèn led trước sáng - Đùm 3 số Shimano Nexus chạy cực nhẹ - Khóa cân cổ - Pin zin 8.7ah cho quãng đường đi được 30km-50km cho chế độ eco ( tiết kiệm điện). - Bảng điều khiển màn hình hiển thị % pin và báo tốc độ điện tử - Trợ lực 3 mức độ : mạnh, thường, eco (tiết kiệm điện) - Sạc điện 110v - Ship toàn quốc có cọc Liên hệ: Đt/Zalo : ***","Thành phố Thủ Đức, Tp Hồ Chí Minh",Đã sử dụng,Xe đạp điện,Nhật Bản,,,8000000,Used,Hồ Chí Minh,,
631,https://xe.chotot.com/mua-ban-xe-dap/132572240.htm,2026-05-24 11:43:00,xe_dap_dien,Xe đẹp len ken bình mới binh nhỏ còn bảo hành 133m,4600000,Nam Nguyen,Xe đẹp len ken bình mới binh nhỏ còn bảo hành 133m bình mới 90%.,"Thành phố Qui Nhơn, Bình Định",Đã sử dụng,Xe đạp điện,Đài Loan,,,4600000,Used,Bình Định,,
632,https://xe.chotot.com/mua-ban-xe-dap/131390629.htm,2026-05-24 11:39:05,xe_dap_dien,Xe đạp điện Osaka 133s Đen,5900000,Nam Nguyen,133s osaka nhật. a e nào đi đường dốc đèo đường trường khỏi phải bàn alo cho mình. Động cơ lớn bình lớn còn bảo hành 👍👍 Có thắng đĩa nha 5tr900k,"Thành phố Qui Nhơn, Bình Định",Đã sử dụng,Xe đạp điện,Nhật Bản,,,5900000,Used,Bình Định,,
633,https://xe.chotot.com/mua-ban-xe-dap/132569661.htm,2026-05-24 09:53:50,xe_dap_dien,Xe đạp điện màu Đen,3600000,hoang van kiem,"có chiếc xe đi chắc nịch, cực kỳ dễ đi, một lần sạc 40km ạ, xe đủ các chức năng, chỉ việc sử dụng ạ, anh chị nào quan tâm inbox cho em.","Quận Hà Đông, Hà Nội",Đã sử dụng,Xe đạp điện,,,,3600000,Used,Hà Nội,,
634,https://xe.chotot.com/mua-ban-xe-dap/132568911.htm,2026-05-24 09:18:57,xe_dap_dien,Xe đạp điện Asama màu Đỏ,2500000,Nguyễn Thạnh,"xe đạp điện Asama cần bán, xe chạy mượt bình khỏe, giá 2tr500.","Huyện Bình Chánh, Tp Hồ Chí Minh",Đã sử dụng,Xe đạp điện,Việt Nam,,,2500000,Used,Hồ Chí Minh,,
635,https://xe.chotot.com/mua-ban-xe-dap/131386812.htm,2026-05-24 08:14:10,xe_dap_dien,Xe đạp điện SONSU bike Đen trắng,2800000,  An như,"Xe đạp điện SONSU bike màu đen trắng, thiết kế hiện đại, phù hợp cho cả nam và nữ. - Động cơ mạnh mẽ, di chuyển êm ái. - Tiết kiệm năng lượng, thân thiện môi trường. - Xe bền bỉ, an toàn khi sử dụng.","Thành phố Biên Hòa, Đồng Nai",Đã sử dụng,Xe đạp điện,Đài Loan,,,2800000,Used,Đồng Nai,,
636,https://xe.chotot.com/mua-ban-xe-dap/132567193.htm,2026-05-24 07:15:19,xe_dap_dien,Xe điện màu Đỏ,8500000,Nhật Hoan,Xe dành cho người già chân tay yếu Hoặc người bị tai biến sử dụng 1 tay Hệ thống thắng điện tự động Cân bằng thông minh chống lật Điều chỉnh tốc độ tuỳ ý Rất tiện lợi và hữu ích Xe nhu moi Bác nào cần liên hệ em nhé,"Quận Gò Vấp, Tp Hồ Chí Minh",Đã sử dụng,Xe đạp điện,Nhật Bản,,,8500000,Used,Hồ Chí Minh,,
637,https://xe.chotot.com/mua-ban-xe-dap/132567129.htm,2026-05-24 07:08:53,xe_dap_dien,Xe đạp điện Nijia Plus Xám,3300000,Xe điện Bình Phương,"✅ Xe đạp điện Nijia Plus nhập khẩu ắc quy 2026 siêu lướt bao khoẻ giá 3tr3 ➡️ Hình thức đẹp, xe chạy êm, động cơ zin ➡️ Mọi chức năng hoạt động tốt, xe đã được bảo dưỡng toàn bộ, ☎️ *** (zalo,fb,mess) có trả góp 📌 Cửa hàng xe điện Bình Phương, sn 15 ngõ 195/91 Trần Cung, Hà Nội","Quận Bắc Từ Liêm, Hà Nội",Đã sử dụng,Xe đạp điện,Đài Loan,,,3300000,Used,Hà Nội,,
638,https://xe.chotot.com/mua-ban-xe-dap/132567061.htm,2026-05-24 07:01:48,xe_dap_dien,Xe đạp điện Galaxy màu Đen,6000000,Tuyết Lam,"Xe đạp điện Galaxy màu đen, thiết kế gọn gàng, phù hợp đi lại trong thành phố. - Động cơ bền bỉ, vận hành êm ái. - Tiết kiệm điện, dễ dàng sạc tại nhà. - Xe còn tốt, sẵn sàng sử dụng.","Huyện Thới Bình, Cà Mau",Đã sử dụng,Xe đạp điện,,,,6000000,Used,Cà Mau,,
639,https://xe.chotot.com/mua-ban-xe-dap/132564723.htm,2026-05-23 21:09:14,xe_dap_dien,Xe đạp điện Sonsu Xanh dương,2800000,Điện Tử Nguyễn Hiếu,"Xe đạp điện Sonsu màu xanh dương, thiết kế trẻ trung, năng động. - Di chuyển nhẹ nhàng, tiện lợi. - Phù hợp đi học, đi làm, dạo phố. - xe còn chạy nghiêm chỉnh không lổi lầm gì, - Bình còn tốt.","Huyện Mỹ Tú, Sóc Trăng",Đã sử dụng,Xe đạp điện,,,,2800000,Used,Sóc Trăng,,
640,https://xe.chotot.com/mua-ban-xe-dap/132564619.htm,2026-05-23 21:02:31,xe_dap_dien,Xe đạp điện Moka Bình Mới Thay t2/2026 Siêu Lướt,4800000,Khang Xe Điện HCM,"Xe đạp điện Moka màu vàng Siêu Lướt Bình Mới Thay Tháng 2/ 2026, thiết kế trẻ trung, phù hợp cho cả nam và nữ. - Động cơ bền bỉ, vận hành êm ái. - Quãng đường di chuyển tốt. - Tiện lợi cho việc đi lại hàng ngày. - Bao Gồm khoá + Sạc Bình Theo Xe. - Bao test Mở Bình Kiểm Tra - Bình Ắc Quy Mới Thay 09/02/2026 - Sử Dụng Ít Nên Muốn Bán","Huyện Củ Chi, Tp Hồ Chí Minh",Đã sử dụng,Xe đạp điện,,,,4800000,Used,Hồ Chí Minh,,
641,https://xe.chotot.com/mua-ban-xe-dap/131378185.htm,2026-05-23 17:28:20,xe_dap_dien,Xe đạp điện đã qua sử dụng,2900000,Thái Bình,"Xe chạy êm, còn rất ok, phù hợp với mấy bé đi học và chị em đi chợ","Thành phố Thủ Dầu Một, Bình Dương",Đã sử dụng,Xe đạp điện,Trung Quốc,,,2900000,Used,Bình Dương,,
642,https://xe.chotot.com/mua-ban-xe-dap/132559358.htm,2026-05-23 15:40:59,xe_dap_dien,Xe điện Pega bình mới,5300000,Khang Nguyễn,"Xe điện pega Giá 5tr3 Yên gọt hrt, dè v4 Heo trước 2pis , tay thắng agl Ôla: ***","Huyện Càng Long, Trà Vinh",Đã sử dụng,Xe đạp điện,Việt Nam,,,5300000,Used,Trà Vinh,,
643,https://xe.chotot.com/mua-ban-xe-dap/132558738.htm,2026-05-23 15:14:41,xe_dap_dien,xe điện zin nguyên bản sử dụng 5 Bình,3000000,Tuấn Hoàng,em đang thừa một xe điện sử dụng 5 bình ắc quy hoạt động tốt nguyên bản ai có nhu cầu liên hệ trực tiếp qua nhà để kiểm tra xe sẽ có giá xe cả bình và xe không Bình.,"Quận Tây Hồ, Hà Nội",Đã sử dụng,Xe đạp điện,Khác,,,3000000,Used,Hà Nội,,
644,https://xe.chotot.com/mua-ban-xe-dap/132556153.htm,2026-05-23 13:20:54,xe_dap_dien,Xe đạp điện màu Hồng,3200000,Hưng,"nhà dư xe cần bán 1 chiếc xe mới thay 4 bình mới tinh , xe của bà cô , cao quá đi ko dc nên để lại cho ai mua cho con đi học hoặc cho ai mua đi làm ai thiện chí có bớt ( thậm chí bớt mạnh cho ai mua nhanh gọn )","Quận 8, Tp Hồ Chí Minh",Đã sử dụng,Xe đạp điện,,,,3200000,Used,Hồ Chí Minh,,
645,https://xe.chotot.com/mua-ban-xe-dap/123743038.htm,2026-05-23 11:26:42,xe_dap_dien,xe đạp điện chính hãng CAP A,8500000,Khánh Duy,"Xe đạp điện cao cấp chính hãnh CAP A mới hoàn toàn 100/100, động cơ 350w, thắng đĩa phụt dầu, mẫu mới đủ màu sắc, bảo hành lên đến 18 tháng ❤️có hỗ trợ trả góp❤️ ✅hỗ trợ trả trước 0đ, khách đủ 18 tuổi ✅nhận quẹt thẻ tín dụng 🏡 405 Ngô Quyền, Sơn Trà, Đà Nẵng 📞***","Quận Sơn Trà, Đà Nẵng",Mới,Xe đạp điện,,,,8500000,New,Đà Nẵng,,
646,https://xe.chotot.com/mua-ban-xe-dap/114084944.htm,2026-05-23 11:25:49,xe_dap_dien,xe đạp điện,7950000,Khánh Duy,"Xe điện chính hãng MoKa hot hit năm 2024, mẫu mã thon gọn, phù hợp với mọi lứa tuổi, công suất 60km/h Da dạng màu sắc, bảo hành lên đến 18th, giá chỉ 8tr700 bao hồm bình điện ❤có hỗ trợ trả góp❤️ 🍀nợ xấu trả trước 3tr2 dắt xe, bao đậu hồ sơ 🍀góp ngân hàng trả trước 0đ, 0 lãi suất ☘️nhận quẹt thẻ tín dụng 🏡 405 ngô quyền, sơn trà, đà nẵng 📞 ***","Quận Sơn Trà, Đà Nẵng",Mới,Xe đạp điện,,,,7950000,New,Đà Nẵng,,
647,https://xe.chotot.com/mua-ban-xe-dap/132553262.htm,2026-05-23 11:07:40,xe_dap_dien,Xe đạp điện Yadea i8 Xanh mint,11000000,Dy Dy,"⛔️Thanh lý xe đạp điện Yadea i8 xanh mint new 99,9%🌿 Xe còn bảo hành 14 tháng ( 1 đổi 1 pin & bình ắc quy) đổi mới luôn nên yên tâm ạ. Mình mua năm ngoái mà gần như ko đi đâu loanh quanh gần nhà thôi.Mới sạc đc 3-4 lần thôi. Bạn nào mua xe mình tặng trọn bộ phụ kiện mình gắn xe trị giá 2tr.Xe mới nên máy móc ngon chạy lướt nhanh lắm mà nhà mình dư xe ko đi nên thanh lí thôi ạ.Chắc toàn để trong nhà chứ ko phơi sương phơi nắng gì ngoài trời luôn ý. Mom nào mua chở con cái hay đi chợ là quá ổn luôn Giá thanh lí 1️⃣1️⃣triệu ạ. Liên hệ: *** Duyên","Thành phố Nha Trang, Khánh Hòa",Đã sử dụng,Xe đạp điện,Trung Quốc,,,11000000,Used,Khánh Hòa,,
648,https://xe.chotot.com/mua-ban-xe-dap/132552622.htm,2026-05-23 10:44:14,xe_dap_dien,Xe đạp điện TTFAIR màu Trắng,4500000,gia nghĩa,Xe đạp điện ttfair Xe vẫn chạy rất ok Lên 4 bình lớn Ai cần liên hệ Đã hạ cổ xuống chạy rất đầm rất chắc chắn,"Quận Bình Tân, Tp Hồ Chí Minh",Đã sử dụng,Xe đạp điện,,,,4500000,Used,Hồ Chí Minh,,
649,https://xe.chotot.com/mua-ban-xe-dap/132549565.htm,2026-05-23 08:35:23,xe_dap_dien,Xe đạp điện màu Xanh bạc hà,5000000,Linh Nguyễn,"Xe đạp điện màu xanh bạc hà, thiết kế trẻ trung, năng động. - Di chuyển nhẹ nhàng, tiện lợi. - Phù hợp đi học, đi làm, dạo phố.","Thành phố Vũng Tàu, Bà Rịa - Vũng Tàu",Đã sử dụng,Xe đạp điện,,,,5000000,Used,Vũng Tàu,,
650,https://xe.chotot.com/mua-ban-xe-dap/132435872.htm,2026-05-23 08:03:55,xe_dap_dien,Xe đạp điện SUFAT LUXY Đỏ,3650000,MUA BÁN TRAO ĐỔI XE ĐẠP MỚI CŨ,"xe điện SUFAT hàng CTY chính hãng đồ còn zin 💯, mọi chức năng còn hoạt động bình thường, bình còn tốt mỗi lần sạc đi được trên 25km, BH toàn bộ 6T, có hỗ trợ ship mọi nơi","Thành phố Thủ Đức, Tp Hồ Chí Minh",Đã sử dụng,Xe đạp điện,,,,3650000,Used,Hồ Chí Minh,,
651,https://xe.chotot.com/mua-ban-xe-dap/132544862.htm,2026-05-22 19:56:15,xe_dap_dien,Xe đạp điện ASAMA màu Đỏ,2000000,Minh Đức,"thanh lý xe tại q12,xe còn chạy rất tốt,giá xinh viên","Quận 12, Tp Hồ Chí Minh",Đã sử dụng,Xe đạp điện,,,,2000000,Used,Hồ Chí Minh,,
652,https://xe.chotot.com/mua-ban-xe-dap/132542264.htm,2026-05-22 17:12:05,xe_dap_dien,XE ĐIỆN SAMURAI 4,6600000,Quỳnh,Xe đạp điện Samurai 4 đời cuối.mua được 2nam. lúc mua 16trieu,"Quận Tân Bình, Tp Hồ Chí Minh",Đã sử dụng,Xe đạp điện,,,,6600000,Used,Hồ Chí Minh,,
653,https://xe.chotot.com/mua-ban-xe-dap/132535452.htm,2026-05-22 12:11:24,xe_dap_dien,Xe đạp điện Yadea i8 Xanh nhạt,10500000, Cường ,"Xe đạp điện Yadea i8 chính hãng màu xanh nhạt, thiết kế hiện đại, vận hành êm ái. - Động cơ mạnh mẽ, quãng đường di chuyển xa. - Trang bị nhiều tính năng thông minh, an toàn. - Phù hợp di chuyển trong đô thị. Xe như mới dùng được gần 1 năm","Thành phố Dĩ An, Bình Dương",Đã sử dụng,Xe đạp điện,,,,10500000,Used,Bình Dương,,
654,https://xe.chotot.com/mua-ban-xe-dap/132529931.htm,2026-05-22 08:44:53,xe_dap_dien,"Xe đạp điện K1 Vàng, hồng, xanh",7700000,Nguyễn Thạnh,"xe đạp điện k1 5 bình lớn xe còn đủ các chức năng,xe đi đc 50-55km cho 1lan sạc giá 7tr700.","Huyện Bình Chánh, Tp Hồ Chí Minh",Đã sử dụng,Xe đạp điện,Việt Nam,,,7700000,Used,Hồ Chí Minh,,
655,https://xe.chotot.com/mua-ban-xe-dap/132528350.htm,2026-05-22 07:02:21,xe_dap_dien,Xe đạp điện Pega Cap A9+ Đen Đã sử dụng,6200000,XE ĐIỆN HUY BẢO ,"BÁN lại xe đạp điện : Cap A9+ pega Giá: 6tr200 bình khỏe , xe zin đẹp xe ở Cầu Vượt Sóng Thần quốc lộ 1A ☎️LH: ***","Thành phố Dĩ An, Bình Dương",Đã sử dụng,Xe đạp điện,,,,6200000,Used,Bình Dương,,
656,https://xe.chotot.com/mua-ban-xe-dap/132520287.htm,2026-05-21 15:48:00,xe_dap_dien,Xe đạp điện màu Đỏ,5200000,Diemnguyen,"Xe đạp điện màu đỏ, phù hợp cho cả nam và nữ. - Thiết kế nhỏ gọn, dễ điều khiển. - Tiện lợi di chuyển trong thành phố. - Động cơ bền bỉ, tiết kiệm điện.","Thị xã Gò Công, Tiền Giang",Mới,Xe đạp điện,Việt Nam,,,5200000,New,Tiền Giang,,
657,https://xe.chotot.com/mua-ban-xe-dap/132518991.htm,2026-05-21 15:00:58,xe_dap_dien,Xe điện VP79 màu Đen,5500000,Chieu,"Xe điện VP79 màu đen,l - Xe đi ngon, bình còn tốt. - Phù hợp di chuyển trong thành phố Bình đi được 50km/1 lần sạc, hình thức còn đẹp.","Quận Hoàng Mai, Hà Nội",Đã sử dụng,Xe đạp điện,,,,5500000,Used,Hà Nội,,
658,https://xe.chotot.com/mua-ban-xe-dap/132512848.htm,2026-05-21 10:40:45,xe_dap_dien,Thanh lý Xe đạp điện Niịia kèm pin,6000000,Kết Nối Đam Mê,"Xe đạp điện Nijia chính hãng màu hồng, thiết kế nhỏ gọn, phù hợp cho cả nam và nữ. - Xe vận hành êm ái, tiết kiệm điện. - Dễ dàng di chuyển trong phố.","Huyện Cư Kuin, Đắk Lắk",Đã sử dụng,Xe đạp điện,,,,6000000,Used,Đắk Lắk,,
659,https://xe.chotot.com/mua-ban-xe-dap/132510937.htm,2026-05-21 09:35:06,xe_dap_dien,bán xe đạp điện học sinh,8000000,Nguyễn Sơn ,"Xe mới mua 12 triệu, đi 2100km. Dư nên bán","Quận Cẩm Lệ, Đà Nẵng",Đã sử dụng,Xe đạp điện,Trung Quốc,,,8000000,Used,Đà Nẵng,,
660,https://xe.chotot.com/mua-ban-xe-dap/132510128.htm,2026-05-21 09:04:13,xe_dap_dien,Xe máy điện TailG Go Xám Mới - Tả góp tư nhân-CCCD,1200000,NHƯ ĐIỆN MÁY TRẢ GÓP LÊ TRIỀU,"Xe máy điện TailG Go màu xám - Bán trả góp - Góp không qua ngân hàng - Góp bao nợ xấu - chỉ cần CCCD - Thiết kế nhỏ gọn, phù hợp di chuyển trong phố. - Động cơ bền bỉ, vận hành êm ái. - Tiết kiệm năng lượng, thân thiện môi trường. - Xe còn mới, ít sử dụng.","Thành phố Thủ Dầu Một, Bình Dương",Mới,Xe đạp điện,Việt Nam,,,1200000,New,Bình Dương,,
661,https://xe.chotot.com/mua-ban-xe-dap/132510028.htm,2026-05-21 09:00:29,xe_dap_dien,Xe đạp điện Zengbu X5 Pro Xám 98% mới,11500000,Minkang,mình ít dùng nên cần thanh lý xe đạp trợ lực Zengbu X5 pro còn mới 98%. pin tốt chạy dc 50 60km ga. trợ lực 100km. lúc minh mua gần 20tr nay bán lại 11t5 ạ. ai có nhu cầu liên hệ mình ạ.,"Quận 7, Tp Hồ Chí Minh",Đã sử dụng,Xe đạp điện,,,,11500000,Used,Hồ Chí Minh,,
662,https://xe.chotot.com/mua-ban-xe-dap/132508388.htm,2026-05-21 07:15:11,xe_dap_dien,"Xe điện mini Lihaze Tím, xanh, trắng",4500000,bobo,Xe điện mini Lihaze Pin đóng mới cho Ace yên tâm sử dụng Thanh lý nhanh,"Huyện Cần Giuộc, Long An",Đã sử dụng,Xe đạp điện,,,,4500000,Used,Long An,,
663,https://xe.chotot.com/mua-ban-xe-dap/132504215.htm,2026-05-20 19:21:30,xe_dap_dien,Xe đạp điện Nike màu Đen,4700000,Tuyệt Đẹp ,Nike bike 4 bình lớn còn bảo hành chính hãng có síp . liên hệ.***,"Quận 12, Tp Hồ Chí Minh",Đã sử dụng,Xe đạp điện,,,,4700000,Used,Hồ Chí Minh,,
664,https://xe.chotot.com/mua-ban-xe-dap/132503426.htm,2026-05-20 18:29:59,xe_dap_dien,Xe đạp điện HAMACHI Trắng,3200000,Phạm hải Nam,Bán xe đạp điện HAMACHI xe còn tốt .ảnh chụp điện thoại . tình trạng xe còn hoạt động hoàn hảo không hư hỏng gì . xe 4 bình .có sạc theo xe ....xe còn chạy khỏe bao đi. ace nào quan tâm muốn mua xin lh với em ah. thanks chợ tốt đã duyệt bài,"Thành phố Thủ Đức, Tp Hồ Chí Minh",Đã sử dụng,Xe đạp điện,,,,3200000,Used,Hồ Chí Minh,,
665,https://xe.chotot.com/mua-ban-xe-dap/130983843.htm,2026-05-20 17:22:29,xe_dap_dien,Xe điện trả góp 0d không qua ngân hàng,1111200,THIỆN ĐIỆN MÁY TRẢ GÓP LÊ TRIỀU,"Xe đạp điện trả góp không qua ngân hàng 👉 Duyệt nhanh – Nhận hàng liền trong ngày 👉 Không cần trả trước đổi với nhà chính chủ 👉 Hỗ trợ tại nhà - góp linh hoạt tuần/tháng 👉 Chỉ cần CCCD photto 👉 Nhà thuê, chính chủ, công nhân.. đều hỗ trợ LIÊN HỆ : *** ( CÓ ZALO ) để được tư vẫn mẫu mã đa dạng cho mình ạ.","Quận 12, Tp Hồ Chí Minh",Đã sử dụng,Xe đạp điện,Nhật Bản,,,1111200,Used,Hồ Chí Minh,,
666,https://xe.chotot.com/mua-ban-xe-dap/132498640.htm,2026-05-20 14:56:33,xe_dap_dien,Đội cửa hàng không bán nên thanh lý xe mới 100p100,8000000,Như ý kho xưởng miền nam,Em phá sản không bán nữa nên chỉ để lại giá góc 1 lần sạt có thể đi 30km Em sẽ giao hàng tận nơi nếu khách cần ạ,"Thành phố Thủ Dầu Một, Bình Dương",Mới,Xe đạp điện,Trung Quốc,,,8000000,New,Bình Dương,,
667,https://xe.chotot.com/mua-ban-xe-dap/132494368.htm,2026-05-20 11:44:47,xe_dap_dien,Xe đạp điện Pega Capa Xanh,5600000,Thang mai,Bán xe điện cáp a pega còn tôt đẹp như hình mua về là đi luân xe ko hư hỏng gì cả 4 bình chạy mạnh ! Ai cần alo,"Quận 12, Tp Hồ Chí Minh",Đã sử dụng,Xe đạp điện,,,,5600000,Used,Hồ Chí Minh,,
668,https://xe.chotot.com/mua-ban-xe-dap/132493272.htm,2026-05-20 11:07:45,xe_dap_dien,Xe đạp điện Asama Vàng đồng,2200000,Dai Tran,Bán xe đạp điện Asama cũ (Hàng nhật). Bình điện còn đi được hơn 20km/lần sạc. Giá: 2.200.000 đồng. Liên hệ: ***,"Thành phố Buôn Ma Thuột, Đắk Lắk",Đã sử dụng,Xe đạp điện,Nhật Bản,,,2200000,Used,Đắk Lắk,,
669,https://xe.chotot.com/mua-ban-xe-dap/132492806.htm,2026-05-20 10:52:35,xe_dap_dien,Xe điện 133s bình to bình mới 100%,4300000,Xe điện Huân Linh,"133s 4 bình to giá rẻ cho quý khách sở hữu. Xe đã được bảo dưỡng toàn bộ. Bảo hành dài - Chuyên mua bán xe điện cũ mới giá rẻ bảo hành dài, nhiều ưu đãi … - Nhận sửa chữa thay thế acquy tại nhà giá tốt -Địa chỉ: 23 Trần Đăng Khoa - Long Biên - Hà Nội -Google maps: Xe điện Huân Linh - Có ship xe theo yêu cầu.","Quận Long Biên, Hà Nội",Đã sử dụng,Xe đạp điện,,,,4300000,Used,Hà Nội,,
670,https://xe.chotot.com/mua-ban-xe-dap/132490351.htm,2026-05-20 09:25:25,xe_dap_dien,Xe đạp điện đã qua sử dụng,3500000,Thoại Nguyễn,"Xe đạp điện màu bạc, thiết kế thể thao, năng động. - Động cơ mạnh mẽ, di chuyển êm ái. - Phù hợp đi học, đi làm, dạo phố.","Thành phố Thuận An, Bình Dương",Đã sử dụng,Xe đạp điện,,,,3500000,Used,Bình Dương,,
671,https://xe.chotot.com/mua-ban-xe-dap/132490272.htm,2026-05-20 09:22:17,xe_dap_dien,XE MỚI HÃNG PEGA ĐÃ BAO GỒM BÌNH ĐIÊN,12500000,Minh,CAPA MỚI HÀNG CÔNG TY PEGA CHẤT LƯỢNG TỐT. MOI CHỨC NĂNG ĐÂY ĐU. ĐA BAO GỒM BÌNH ĐIÊN. LH 539/15 HƯƠNG LÔ 3.PHƯỜNG BÌNH HƯNG HOA QUÂN BÌNH TÂN,"Quận Bình Tân, Tp Hồ Chí Minh",Mới,Xe đạp điện,Việt Nam,,,12500000,New,Hồ Chí Minh,,
672,https://xe.chotot.com/mua-ban-xe-dap/132490126.htm,2026-05-20 09:17:44,xe_dap_dien,Xe đạp điện Nữ Nhiều màu,5200000,tài c1,Xe điện mua mà ít đi nay e cần bán. Chị e nào đi chợ hay mua cho cháu nhỏ đi học liên hệ nha. Xe còn ok tất cả đều hoạt đồng,"Huyện Kế Sách, Sóc Trăng",Đã sử dụng,Xe đạp điện,,,,5200000,Used,Sóc Trăng,,
673,https://xe.chotot.com/mua-ban-xe-dap/122285315.htm,2026-05-20 08:16:48,xe_dap_dien,"Bán trả góp, Xe đạp điện cao cấp, Không trả trước",1000000,Trả Góp Điện Máy Lê Triều,"- Bán trả góp, không trả trước , Không qua ngân hàng - Trả góp tuần/tháng - Miễn phí lắp đặt vận chuyển - Bảo hành chính hãng 2 năm","Quận 12, Tp Hồ Chí Minh",Mới,Xe đạp điện,Nhật Bản,,,1000000,New,Hồ Chí Minh,,
674,https://xe.chotot.com/mua-ban-xe-dap/132488270.htm,2026-05-20 07:40:15,xe_dap_dien,Xe đạp điện Asama màu Đỏ,1700000,Hoàng Cường,"Xe đạp điện thu khách còn tốt full cn không lỗi,bình còn tốt chạy cứng cáp ok","Huyện Hóc Môn, Tp Hồ Chí Minh",Đã sử dụng,Xe đạp điện,Khác,,,1700000,Used,Hồ Chí Minh,,
675,https://xe.chotot.com/mua-ban-xe-dap/132483217.htm,2026-05-19 18:12:28,xe_dap_dien,Xe đạp điện Honda màu Xám,1900000,Bùi Đức Thắng,Xe đạp điện cũ nhật đèn còi xi nhan đầy đủ ￼,"Huyện Bình Chánh, Tp Hồ Chí Minh",Đã sử dụng,Xe đạp điện,Nhật Bản,,,1900000,Used,Hồ Chí Minh,,
676,https://xe.chotot.com/mua-ban-xe-dap/132481901.htm,2026-05-19 16:52:41,xe_dap_dien,Xe đạp điện Lucky màu Trắng Mới 100%,5500000,Như ý kho xưởng miền nam,Xe mới 100% mình phá sản chuyển đổi ngành nghề không bán nữa mình bán rẻ hơn thị trường gần 1 chiệu 1 chiếc nếu không tin thì đến xem xe nhe mình chỉ còn một con ***,"Thành phố Thủ Dầu Một, Bình Dương",Mới,Xe đạp điện,Trung Quốc,,,5500000,New,Bình Dương,,
677,https://xe.chotot.com/mua-ban-xe-dap/132300253.htm,2026-05-19 14:31:15,xe_dap_dien,XE MỚI ĐÃ ĐU BÌNH MỚI GIÁ RE,10800000,Minh,V1 MỚI HÀNG HOTTREN XỊN XO CHẤT LƯỢNG TỐT. MOI CHỨC NĂNG ĐÂY ĐU. ĐA BAO GỒM BÌNH ĐIÊN MỚI. LH 539/15 HƯƠNG LÔ 3.PHƯỜNG BÌNH HƯNG HOA QUÂN BÌNH TÂN,"Quận Bình Tân, Tp Hồ Chí Minh",Mới,Xe đạp điện,Việt Nam,,,10800000,New,Hồ Chí Minh,,
678,https://xe.chotot.com/mua-ban-xe-dap/132476266.htm,2026-05-19 12:48:47,xe_dap_dien,Xe đạp điện Trung Quốc màu Cam,6700000,Đức Khang Lê,"Xe đạp điện . kiểu dáng trẻ trung, năng động. - Xe đã chạy hơn 1.000km. - Vận hành ổn định, phù hợp đi lại hàng ngày. - Chạy 50km/1 lần sạc - có điều chỉnh tốc độ","Huyện Long Điền, Bà Rịa - Vũng Tàu",Đã sử dụng,Xe đạp điện,Trung Quốc,,,6700000,Used,Vũng Tàu,,
679,https://xe.chotot.com/mua-ban-xe-dap/132474530.htm,2026-05-19 11:30:49,xe_dap_dien,Xe đạp trợ lực điện Panasonic Xanh ngọc,6500000,NGUYỄN BÁ THANH,"Xe đạp điện Panasonic màu xanh ngọc, thiết kế nhỏ gọn, phù hợp cho cả nam và nữ. - Động cơ bền bỉ, vận hành êm ái. - Tiết kiệm điện, dễ dàng di chuyển trong phố.","Quận Tân Bình, Tp Hồ Chí Minh",Mới,Xe đạp điện,Nhật Bản,,,6500000,New,Hồ Chí Minh,,
680,https://xe.chotot.com/mua-ban-xe-dap/132315466.htm,2026-05-19 09:49:29,xe_dap_dien,Xe đạp điện màu Đen,2000000,Thanh Tú ,xe bán 2 triệu có sạch đầy đủ cho học xinh,"Quận 11, Tp Hồ Chí Minh",Đã sử dụng,Xe đạp điện,,,,2000000,Used,Hồ Chí Minh,,
681,https://xe.chotot.com/mua-ban-xe-dap/132471546.htm,2026-05-19 09:46:43,xe_dap_dien,xe đạp điện tailg gr56 -mới - góp tại nhà,2310000,Vy Điện Máy Trả Góp Nhanh,🔥 TAILG GR56 – XE ĐIỆN THỜI TRANG HOT 2026 🔥 🛵 Thiết kế thể thao trẻ trung – đèn LED hiện đại ⚡ Vận tốc tối đa lên tới 50km/h 🔋 Đi được 60–90km cho 1 lần sạc ⏱️ Sạc đầy khoảng 6–8 tiếng 💨 Chạy êm – tăng tốc mượt – tiết kiệm điện 💥 HỖ TRỢ TRẢ GÓP BAO NỢ XẤU 💥 KHÔNG QUA NGÂN HÀNG 💥 Chỉ cần CCCD nhận xe nhanh ✅ Trả trước thấp ✅ Bảo hành chính hãng 2 năm ✅ Hỗ trợ giao xe tận nơi 🌈 Nhiều màu đẹp – có sẵn giao ngay,"Quận 4, Tp Hồ Chí Minh",Mới,Xe đạp điện,Trung Quốc,,,2310000,New,Hồ Chí Minh,,
682,https://xe.chotot.com/mua-ban-xe-dap/132470775.htm,2026-05-19 09:16:54,xe_dap_dien,Xe đạp điện Asuka M133 góp tại nhà,2500000,Vy Điện Máy Trả Góp Tại Nhà,"⚡ XE ĐẠP ĐIỆN ASUKA M133 ⚡ Mẫu hot cho học sinh – sinh viên, nhỏ gọn dễ chạy, tiết kiệm điện 🔥 ✅ Máy khỏe chạy bền ✅ Đi xa tiết kiệm điện ✅ Thiết kế đẹp, sàn rộng tiện lợi ✅ Phù hợp đi học, đi làm, đi chợ 💥 HỖ TRỢ TRẢ GÓP TẠI NHÀ ✔ Bao nợ xấu ✔ Không qua ngân hàng ✔ Không cần trả trước ✔ Thủ tục đơn giản – nhận xe nhanh 📩 Inbox ngay để được tư vấn và giữ xe đẹp nhé 🚴⚡","Quận Bình Thạnh, Tp Hồ Chí Minh",Mới,Xe đạp điện,Nhật Bản,,,2500000,New,Hồ Chí Minh,,
683,https://xe.chotot.com/mua-ban-xe-dap/132470425.htm,2026-05-19 09:04:22,xe_dap_dien,Xe điện K1 màu Đỏ,12000000,Yến Nhi,Bán xe điện k1 mua chạy được 4 tháng chán cần bán lại mua xe khác,"Thành phố Thủ Đức, Tp Hồ Chí Minh",Đã sử dụng,Xe đạp điện,Việt Nam,,,12000000,Used,Hồ Chí Minh,,
684,https://xe.chotot.com/mua-ban-xe-dap/132468460.htm,2026-05-19 07:14:50,xe_dap_dien,Xe đạp điện Hàn Quốc màu Bạc,3500000,Nha,"Xe đạp điện Hàn Quốc màu bạc, thiết kế gọn gàng, dễ điều khiển. - Động cơ bền bỉ, vận hành êm ái. - Phù hợp đi lại trong thành phố.","Huyện Nhơn Trạch, Đồng Nai",Đã sử dụng,Xe đạp điện,Khác,,,3500000,Used,Đồng Nai,,
685,https://xe.chotot.com/mua-ban-xe-dap/132468348.htm,2026-05-19 07:03:11,xe_dap_dien,Xe đạp điện màu Xanh,1999000,Phạm Tâm,"Xin đọc hết tin đăng dùm cám ơn, cần bán xe đạp điện như hình chụp, xe êm cứng cáp mạnh bình chạy được từ 25 đến 30km cho lần sạc, căm niềng còn rất mới thắng trước sau OK hết, dòng này xe rất bền (tin còn là còn bán) tiện cho con đi học chị đi chợ OK, ACE cần xin gọi trực tiếp đến xem cho ăn tâm (không trả lời tin nhắn vì bận đi làm) mong ACE thông cảm cám ơn nhiều","Huyện Củ Chi, Tp Hồ Chí Minh",Đã sử dụng,Xe đạp điện,Trung Quốc,,,1999000,Used,Hồ Chí Minh,,
686,https://xe.chotot.com/mua-ban-xe-dap/132467359.htm,2026-05-18 23:14:33,xe_dap_dien,Xe đạp điện màu Xanh lá Đã sử dụng,3400000,Dong,mình ko đi đến cần bán gấp xe đạp điện bình còn mới lốp vừa thay thanh lý giá 3400k nhanh gọn lẹ,"Quận Tân Phú, Tp Hồ Chí Minh",Đã sử dụng,Xe đạp điện,,,,3400000,Used,Hồ Chí Minh,,
687,https://xe.chotot.com/mua-ban-xe-dap/132465730.htm,2026-05-18 20:45:59,xe_dap_dien,"BH 5 tháng, xe đạp điện bò to 133S yên dài, động c",4500000,Trần Tuấn Phong,"BH 5 tháng, xe đạp điện bò to 133S yên dài, động cơ momentum. 2 lốp còn dày","Huyện Hải Hậu, Nam Định",Đã sử dụng,Xe đạp điện,Trung Quốc,,,4500000,Used,Nam Định,,
688,https://xe.chotot.com/mua-ban-xe-dap/132463875.htm,2026-05-18 18:49:36,xe_dap_dien,Xe đạp điện ASAMA hoạt động tốt.,2900000,Nguyễn Minh Trí,"⚡ Cần bán xe đạp điện ASAMA chạy êm mạnh ✔️ Bình ắc quy khỏe, sạc đầy đủ. ✔️ Phù hợp đi chợ, cho học sinh đi học. ✔️ Xe vận hành ổn định. ✔️ Kiểu dáng gọn nhẹ, dễ chạy. 💰 Giá bán: 2 triệu 9 📍 Xem xe tại: Lê Việt Thắng, Phường 5, Mỹ Tho, Tiền Giang 📞 LH: *** Ai cần xe đi học, đi làm, chở đồ nhẹ tiết kiệm xăng thì rinh em về 🚲","Thành phố Mỹ Tho, Tiền Giang",Đã sử dụng,Xe đạp điện,Đài Loan,,,2900000,Used,Tiền Giang,,
689,https://xe.chotot.com/mua-ban-xe-dap/132459249.htm,2026-05-18 14:57:20,xe_dap_dien,Xe đạp điện RUSHIKI Đỏ xám,8000000,thanh cong,"Xe đạp điện RUSHIKI màu đỏ xám, thiết kế trẻ trung, năng động. - Động cơ bền bỉ, vận hành êm ái. - Quãng đường di chuyển tốt. - Phù hợp đi học, đi làm.","Quận 12, Tp Hồ Chí Minh",Mới,Xe đạp điện,Việt Nam,,,8000000,New,Hồ Chí Minh,,
690,https://xe.chotot.com/mua-ban-xe-dap/132453837.htm,2026-05-18 11:04:48,xe_dap_dien,Sealup Q28 đã vè đến sài thành,14000000,Tuệ An,"sealup Q28 mới cứng đã về đến sài gòn anh chị nào mua cho bé đi học ,hoặc các bác lái hộ liên hệ nhé xe ở thủ dầu hcm ạ","Thành phố Thủ Đức, Tp Hồ Chí Minh",Đã sử dụng,Xe đạp điện,Trung Quốc,,,14000000,Used,Hồ Chí Minh,,
691,https://xe.chotot.com/mua-ban-xe-dap/132402920.htm,2026-05-18 10:41:46,xe_dap_dien,Xe đạp điện Dylaxe X1 5 bình xe lướt odo 750km,9900000,thành loc ,"xe đạp điện dylaxe x1 5 bình lớn xe mới tốc độ 55kmh 👉tải trọng lên đến 180kg 👉quãng đường đi 70km 1 lần sạc 👉kết nối loa bluetooth , tiếng pô giả lập on /off fom đẹp mạnh 👉động cơ 1200w 👉nhiều công nghệ cao xe cứng cáp chạy đầm 👉giá 9t9 xem xe bình tân hcm zálo xem xe tại nhà xe mình đang đi","Quận Bình Tân, Tp Hồ Chí Minh",Đã sử dụng,Xe đạp điện,,,,9900000,Used,Hồ Chí Minh,,
692,https://xe.chotot.com/mua-ban-xe-dap/132450973.htm,2026-05-18 09:28:23,xe_dap_dien,Xe điện màu Đen,5500000,Lê Trung Vương ,"Xe điện mới mua về con đi chơi nhiều quá nên cần bán lại.giá 5,5tr liên hệ:***","Quận Liên Chiểu, Đà Nẵng",Đã sử dụng,Xe đạp điện,Nhật Bản,,,5500000,Used,Đà Nẵng,,
693,https://xe.chotot.com/mua-ban-xe-dap/132450972.htm,2026-05-18 09:28:20,xe_dap_dien,Xe đạp điện Pega Đỏ Trắng,2500000,Nguyễn Mạnh Nam,thanh lý xe pega xe đang còn zin nguyên bản đi khỏe emm ru xi nhan đèn kèn kêu to bình khỏe mỗi lần sạc đi được 35 đến 40km . ai có nhu cầu sử dụng thì gọi cho mình xin cảm ơn,"Huyện Hóc Môn, Tp Hồ Chí Minh",Đã sử dụng,Xe đạp điện,,,,2500000,Used,Hồ Chí Minh,,
694,https://xe.chotot.com/mua-ban-xe-dap/132448637.htm,2026-05-18 07:12:24,xe_dap_dien,Xe đạp điện Adiman Hồng,1800000,Xe điện TRI TÔN ,"Xe đạp điện Adiman màu hồng, thiết kế nữ tính, phù hợp cho phái nữ. - Xe nhỏ gọn, dễ điều khiển. - Di chuyển êm ái, tiết kiệm năng lượng. - Phù hợp đi học, đi làm. Xe không pin,không sạc.","Huyện Tri Tôn, An Giang",Đã sử dụng,Xe đạp điện,,,,1800000,Used,An Giang,,
695,https://xe.chotot.com/mua-ban-xe-dap/132448634.htm,2026-05-18 07:12:17,xe_dap_dien,Xe đạp điện Yamaha màu Xanh dương,3200000,Xe điện TRI TÔN ,"Xe Yamaha nhập khẩu. Chất lượng ok. Thích hợp cho các em học sinh. Xe bao mạnh, đẹp, bền. Giá tốt cho anh em.","Huyện Tri Tôn, An Giang",Đã sử dụng,Xe đạp điện,,,,3200000,Used,An Giang,,
696,https://xe.chotot.com/mua-ban-xe-dap/132448630.htm,2026-05-18 07:11:49,xe_dap_dien,Xe đạp điện DK Bike,3500000,Xe điện TRI TÔN ,"Xe kiểu dáng thiết kế thời trang, phong cách trẻ trung. Thích hợp cho các em học sinh. Xe cực kỳ chắc chắn. Acquy bao mạnh. Giá hợp lý cho anh em.","Huyện Tri Tôn, An Giang",Đã sử dụng,Xe đạp điện,,,,3500000,Used,An Giang,,
697,https://xe.chotot.com/mua-ban-xe-dap/132443059.htm,2026-05-17 17:05:23,xe_dap_dien,Xe đạp điện 133 A20 Xanh đen,9800000,Như Ngọc,"Xe đạp điện 133 A20 màu xanh đen, thiết kế nhỏ gọn, dễ điều khiển. - Phù hợp đi học, đi làm. - Tiết kiệm chi phí di chuyển.","Huyện Long Mỹ, Hậu Giang",Mới,Xe đạp điện,Việt Nam,,,9800000,New,Hậu Giang,,
699,https://xe.chotot.com/mua-ban-xe-dap/132438509.htm,2026-05-17 13:14:55,xe_dap_dien,Xe đạp điện trợ lực Longwies Trắng,6700000,Trần Nghi,"xe đạp mini trợ lưc và có có cá chế độ văn ga đi luôn ko phải đạp. xe đạp Longwies của nhật,vành 20inch pin mới cứng 15ah cho bạn đi được 30 đến 40km/xạc, xạc điện 220v BH xe cửa Nhật và bh pin 1 năm","Quận Long Biên, Hà Nội",Đã sử dụng,Xe đạp điện,Nhật Bản,,,6700000,Used,Hà Nội,,
700,https://xe.chotot.com/mua-ban-xe-dap/132437121.htm,2026-05-17 12:09:52,xe_dap_dien,Xe đạp điện màu Đen,4200000,Tran Binh,nhà đi giờ mua xe máy ko đi nữa cần bán lại cho anh chị em nào cần đi chơ đi chơi chơ con đi học..sdt...***,"Quận Bình Tân, Tp Hồ Chí Minh",Đã sử dụng,Xe đạp điện,,,,4200000,Used,Hồ Chí Minh,,
701,https://xe.chotot.com/mua-ban-xe-dap/132435430.htm,2026-05-17 10:57:17,xe_dap_dien,Xe đạp điện VC màu Trắng,8200000,Nguyễn Thạnh,"xe đạp điện VC 5 bình lớn ko dùng cần bán, xe đẹp còn đủ các chức năng,xe đi đc 50-55km cho 1lan sạc, giá 8tr 200.","Huyện Bình Chánh, Tp Hồ Chí Minh",Đã sử dụng,Xe đạp điện,Việt Nam,,,8200000,Used,Hồ Chí Minh,,
702,https://xe.chotot.com/mua-ban-xe-dap/132352219.htm,2026-05-17 09:44:42,xe_dap_dien,Xe đạp điện ASAMA . xe 4 bình chạy khoẻ. có ship,3300000,Thu Hồng,"Xe đạp điện ASAMA SPORT màu đen, thiết kế thể thao, năng động. - Động cơ mạnh mẽ, di chuyển êm ái. - Phù hợp đi học, đi làm, dạo phố.","Quận 12, Tp Hồ Chí Minh",Đã sử dụng,Xe đạp điện,,,,3300000,Used,Hồ Chí Minh,,
703,https://xe.chotot.com/mua-ban-xe-dap/132433080.htm,2026-05-17 09:15:39,xe_dap_dien,Xe đạp điện TAILG GR56 MỚI/ GIÁ TƯ NHÂN,3600000,THIÊN KIM ĐIỆN MÁY TẠI NHÀ,"Xe đạp điện TAILG GR56 màu xám, thiết kế hiện đại, vận hành êm ái. - Xe có khả năng di chuyển quãng đường dài. - Phù hợp đi học, đi làm. - Có hỗ trợ trả góp 0 đồng.","Quận 12, Tp Hồ Chí Minh",Mới,Xe đạp điện,Việt Nam,,,3600000,New,Hồ Chí Minh,,
704,https://xe.chotot.com/mua-ban-xe-dap/129092132.htm,2026-05-17 06:55:18,xe_dap_dien,XE đạp điện Asuka màu đỏ công suất 350W,1300000,Huy Đồng,Trả góp bao nợ xấu Thủ tục nhanh chóng Ko giữ CMND/CCCD Bảo mật thông tin khách hàng Hỗ trợ 0 trả trước Bảo hành chính hãng 2 năm Không chi phú phát sinh,"Quận 8, Tp Hồ Chí Minh",Mới,Xe đạp điện,Nhật Bản,,,1300000,New,Hồ Chí Minh,,
705,https://xe.chotot.com/mua-ban-xe-dap/132430489.htm,2026-05-17 00:00:59,xe_dap_dien,Xe đạp điện G9 Dior Xám,8000000,kimkim,Cần bán xe đạp điện mua được 9 tháng còn ngon chạy lướt. Muốn đổi xe máy cho con gái đã đủ tuổi chạy xe máy nên mún nhương lại cho ai cần,"Thị xã Ninh Hòa, Khánh Hòa",Đã sử dụng,Xe đạp điện,,,,8000000,Used,Khánh Hòa,,
706,https://xe.chotot.com/mua-ban-xe-dap/132429570.htm,2026-05-16 21:58:30,xe_dap_dien,Xe đạp điện BOMELI Xanh dương,1200000,duc,ban xe đạp điện không kèm bình cho ae nào cần,"Huyện Tân Hiệp, Kiên Giang",Đã sử dụng,Xe đạp điện,,,,1200000,Used,Kiên Giang,,
707,https://xe.chotot.com/mua-ban-xe-dap/132426944.htm,2026-05-16 18:45:57,xe_dap_dien,xe đạp điện moka màu trắng siêu mới siêu lướt,4800000,phạm kha,"Xe đạp điện Moka I8 màu trắng ,tình trạng siêu mới, siêu lướt. - Bình điện còn tốt, đi được quãng đường dài. - Thiết kế hiện đại, di chuyển êm ái. - Phù hợp đi học, đi làm.","Thị xã Cai Lậy, Tiền Giang",Đã sử dụng,Xe đạp điện,,,,4800000,Used,Tiền Giang,,
708,https://xe.chotot.com/mua-ban-xe-dap/132425923.htm,2026-05-16 17:40:21,xe_dap_dien,Xe đạp điện JU TITER Đen,2200000,nguyen,nhà dư chiếc xe đạp điện chính hãng chạy rất tốt tiện đi học hay đi chơi đi chợ rất OK nay ko dùng bán lại cho ai có nhu cầu xe bình tốt chạy êm bán tại nhà yên tâm,"Huyện Bình Chánh, Tp Hồ Chí Minh",Đã sử dụng,Xe đạp điện,Nhật Bản,,,2200000,Used,Hồ Chí Minh,,
709,https://xe.chotot.com/mua-ban-xe-dap/132424286.htm,2026-05-16 16:14:34,xe_dap_dien,xe đạp điện,6000000,nguyễn thái sơn,"Xe đạp học sinh đi được 1 năm học lớp 10,xe còn mới . LH *** ,***","Thành phố Dĩ An, Bình Dương",Đã sử dụng,Xe đạp điện,,,,6000000,Used,Bình Dương,,
710,https://xe.chotot.com/mua-ban-xe-dap/132423644.htm,2026-05-16 15:47:15,xe_dap_dien,Xe đạp điện trợ lực màu Đen Mới,7000000,Đức Anh,Xe đạp điện trợ lực mới 100% nguyên hộp chưa bóc,"Huyện Thiệu Hóa, Thanh Hóa",Mới,Xe đạp điện,Khác,,,7000000,New,Thanh Hóa,,
711,https://xe.chotot.com/mua-ban-xe-dap/132418469.htm,2026-05-16 11:49:14,xe_dap_dien,Xe đạp điện Jun88 Carbon Đen,4500000,Tên chưa cung cấp,"Xe đạp điện Jun88 sở hữu thiết kế đột phá với khả năng gấp gọn chỉ trong vài giây, giúp tiết kiệm không gian cất giữ. Khung xe bằng carbon cao cấp, bền chắc nhưng siêu nhẹ, chỉ nặng 23kg. Lớp sơn tĩnh điện sang trọng làm xe thêm phần nổi bật. Trang bị hệ thống đèn chiếu sáng, còi báo, và các phụ kiện tiện ích như giá đỡ điện thoại, ổ cắm sạc, giá để chai nước... giúp bạn thoải mái sử dụng trên mọi hành trình. Động cơ mạnh mẽ, pin lithium chất lượng, mang tới tốc độ ổn định ai cần ib mìh hàng mới chưa khuii","Huyện Gò Công Đông, Tiền Giang",Mới,Xe đạp điện,Trung Quốc,,,4500000,New,Tiền Giang,,
712,https://xe.chotot.com/mua-ban-xe-dap/132415882.htm,2026-05-16 10:06:17,xe_dap_dien,Xe đạp điện màu Đen,4500000,Trường  an,"Xe đạp điện màu đen, thiết kế gọn gàng, phù hợp đi lại trong thành phố. - Động cơ bền bỉ, vận hành êm ái. - Tiết kiệm năng lượng, thân thiện môi trường. - Xe sẵn sàng sử dụng. e còn nhiều xe thanh lý giá tốt a chị LH e báo giá ok","Quận Bình Tân, Tp Hồ Chí Minh",Đã sử dụng,Xe đạp điện,,,,4500000,Used,Hồ Chí Minh,,
713,https://xe.chotot.com/mua-ban-xe-dap/131203054.htm,2026-05-16 08:15:29,xe_dap_dien,Xe đạp điện Nhiều màu sắc,1450000,Trả Góp Điện Máy Lê Triều,"Xe đạp điện nhiều màu sắc, phù hợp cho cả nam và nữ. - Trả góp tuần/tháng, không qua ngân hàng. - Bảo hành chính hãng 2 năm. - Kiểm tra xe tại nhà, miễn phí vận chuyển và lắp đặt.","Quận 12, Tp Hồ Chí Minh",Mới,Xe đạp điện,Việt Nam,,,1450000,New,Hồ Chí Minh,,
714,https://xe.chotot.com/mua-ban-xe-dap/132412835.htm,2026-05-16 07:27:03,xe_dap_dien,Xe đạp điện TAILG Trắng Xám Đen,1800000,Lê Khôi Điện Máy Chuyên Góp,"Xe máy điện TAILG với nhiều lựa chọn màu sắc: trắng, xám, đen. - ZA GÓP BAO NỢ XẤU K QUA NGÂN HÀNG - Thiết kế hiện đại, vận hành êm ái. - Tiết kiệm năng lượng, thân thiện môi trường. - Phù hợp di chuyển trong thành phố.","Quận 11, Tp Hồ Chí Minh",Mới,Xe đạp điện,Việt Nam,,,1800000,New,Hồ Chí Minh,,
715,https://xe.chotot.com/mua-ban-xe-dap/132409867.htm,2026-05-15 20:49:02,xe_dap_dien,xe đang chạy bth,5000000,Nguyễn Quí,xe hơi cu gia thuong lượng xe đang bình thường,"Thành phố Thủ Đức, Tp Hồ Chí Minh",Đã sử dụng,Xe đạp điện,,,,5000000,Used,Hồ Chí Minh,,
716,https://xe.chotot.com/mua-ban-xe-dap/132403640.htm,2026-05-15 14:54:03,xe_dap_dien,XE ĐẠP ĐIỆN SAMURAI 4,6600000,Quyền,Xe đạp điện SAMURAI 4.ít sử dụng còn mới. lúc mua 16trieu,"Quận Tân Bình, Tp Hồ Chí Minh",Đã sử dụng,Xe đạp điện,,,,6600000,Used,Hồ Chí Minh,,
717,https://xe.chotot.com/mua-ban-xe-dap/132401223.htm,2026-05-15 13:18:23,xe_dap_dien,Xe Đạp Điện Trợ Lực YAMAHA Bãi Nhật (ĐÃ LÊN TAY GA,5780000,VƯƠNG THỊ MỸ LINH ,"🌟 XE ĐẠP ĐIỆN TRỢ LỰC YAMAHA BÃI NHẬT - ĐÃ LÊN TAY GA 🔹 Bánh 26in 🔹 Sườn nhôm, máy móc + nước sơn nguyên zin 🔹 Sử dụng pin lithium-ion cao cấp 🔹 Di chuyển 35km/1 lần sạc 🔹 Xem xe trực tiếp tại QUẬN 12 ( Gần Cầu Tham Lương - Trường Chinh ) 🔹 HỖ TRỢ TRẢ GÓP CHỈ CẦN THANH TOÁN TRƯỚC 20%","Quận 12, Tp Hồ Chí Minh",Đã sử dụng,Xe đạp điện,Nhật Bản,,,5780000,Used,Hồ Chí Minh,,
718,https://xe.chotot.com/mua-ban-xe-dap/132397444.htm,2026-05-15 10:34:16,xe_dap_dien,Xe đạp điện màu Đen,5000000,Tô Quang Hưng,"Xe đạp điện màu đen, thiết kế gọn gàng, phù hợp đi lại trong thành phố. - Động cơ bền bỉ, vận hành êm ái. - Tiết kiệm năng lượng, thân thiện môi trường. - Xe sẵn sàng sử dụng.","Thành phố Ninh Bình, Ninh Bình",Mới,Xe đạp điện,Trung Quốc,,,5000000,New,Ninh Bình,,
719,https://xe.chotot.com/mua-ban-xe-dap/132395672.htm,2026-05-15 09:27:57,xe_dap_dien,Xe đạp điện 133s màu Đen,4500000,Hoàng anh,Gia ban xe điện 133s 4 bình to Bình khỏe mới dc 1 năm,"Huyện Thiệu Hóa, Thanh Hóa",Đã sử dụng,Xe đạp điện,,,,4500000,Used,Thanh Hóa,,
720,https://xe.chotot.com/mua-ban-xe-dap/132393599.htm,2026-05-15 07:48:36,xe_dap_dien,Xe đạp điện honda . xe đẹp chạy êm bình khoẻ,3500000,Thu Hồng,"Xe đạp điện Hon Da . Xe đẹp thiết kế thể thao, năng động. - Động cơ mạnh mẽ, vận hành êm ái. - Quãng đường di chuyển xa, pin bền. - Phù hợp đi học, đi làm, dạo phố.","Quận 12, Tp Hồ Chí Minh",Đã sử dụng,Xe đạp điện,,,,3500000,Used,Hồ Chí Minh,,
721,https://xe.chotot.com/mua-ban-xe-dap/132393191.htm,2026-05-15 07:10:35,xe_dap_dien,Xe đạp điện Gấp gọn màu Đen Mới,1111111,long ka,"xe mới 100% được tặng full box, xe đạp điện gấp gọn, mình bán lại, bạn nào mua liên hệ","Quận Phú Nhuận, Tp Hồ Chí Minh",Mới,Xe đạp điện,Khác,,,1111111,New,Hồ Chí Minh,,
722,https://xe.chotot.com/mua-ban-xe-dap/132393177.htm,2026-05-15 07:09:32,xe_dap_dien,XE ĐẠP ĐIỆN VESPA 946 - PHÚC DŨNG,15500000,Đình Đình,"XE BAO GỒM BÌNH ẮC QUY, FULL PHỤ KIỆN GƯƠNG SẠC THẢM BỌC YÊN GIỎ DA PU CHỐNG NƯỚC BIỂN SỐ","Quận 8, Tp Hồ Chí Minh",Mới,Xe đạp điện,Trung Quốc,,,15500000,New,Hồ Chí Minh,,
723,https://xe.chotot.com/mua-ban-xe-dap/132392007.htm,2026-05-14 23:18:20,xe_dap_dien,Xe đạp điện E26 màu Đỏ,13000000,Huy,"Xe như mới, sử dụng rất ít Xe đạp điện địa hình bánh béo 26 inch Kenda E26. - Thiết kế mạnh mẽ, thách thức mọi địa hình. - Bánh béo 26 inch Kenda bám đường tốt, lái ổn định, êm ái. - Khung xe chắc chắn, tải trọng cao. - Động cơ mạnh mẽ, leo dốc khỏe. - Màn hình LCD hiển thị tốc độ, pin, quãng đường. - Phanh đĩa an toàn trước/sau. - Phù hợp đi phố, đi phượt, địa hình nhẹ.","Quận 8, Tp Hồ Chí Minh",Đã sử dụng,Xe đạp điện,,,,13000000,Used,Hồ Chí Minh,,
724,https://xe.chotot.com/mua-ban-xe-dap/132390846.htm,2026-05-14 21:28:16,xe_dap_dien,Xe đạp điện Đỏ Đen Đã sử dụng,3500000,Dung,"Cần bán xe điện ít chạy.xe hoạt động bình thường,bình mới bình rất ok.gía còn thương lượng.","Huyện Châu Thành, Kiên Giang",Đã sử dụng,Xe đạp điện,,,,3500000,Used,Kiên Giang,,
725,https://xe.chotot.com/mua-ban-xe-dap/132389866.htm,2026-05-14 20:20:56,xe_dap_dien,Xe đạp điện OSAKA A8 Đỏ đen,3900000,Nguyễn Văn Toàn,OSAKA A8 MÀU ĐỎ ĐEN PIN LITHIUM CHẠY 60Km/ sạc,"Thành phố Dĩ An, Bình Dương",Đã sử dụng,Xe đạp điện,Nhật Bản,,,3900000,Used,Bình Dương,,
726,https://xe.chotot.com/mua-ban-xe-dap/132389817.htm,2026-05-14 20:18:16,xe_dap_dien,Xe đạp điện OSAKAR A8 Đen,3900000,Nguyễn Văn Toàn,MÌNH CÓ CHIẾC XE ĐẠP OSAKA A8 KHÔNG DÙNG MUỐN BÁN LẠI CHO BẠN NÀO CÓ NHU CẦU. ẮC QUY ĐÃ ĐƯỢC THAY BẰNG PIN SONY VTC6A. XE CÓ REMOVE VÀ CHÌA KHÁO. GIÁ: 3.900K (***),"Thành phố Dĩ An, Bình Dương",Đã sử dụng,Xe đạp điện,,,,3900000,Used,Bình Dương,,
727,https://xe.chotot.com/mua-ban-xe-dap/132388734.htm,2026-05-14 19:06:37,xe_dap_dien,Xe đạp điện HKbike Cap A2 Trắng đen,5500000,Nguyễn Thạnh,"xe đạp điện cap HKbike trắng đen,xe đẹp còn đủ các chức năng xe chạy mượt bình khỏe,xe đi đc 25-30km cho 1lan sạc, giá 5tr500","Huyện Bình Chánh, Tp Hồ Chí Minh",Đã sử dụng,Xe đạp điện,,,,5500000,Used,Hồ Chí Minh,,
728,https://xe.chotot.com/mua-ban-xe-dap/132383438.htm,2026-05-14 14:55:01,xe_dap_dien,Xe điện SEALUP Q28 Đen đỏ,14500000,Phạm Văn Dự,"Xe điện SEALUP Q28 60V25A màu đen đỏ, thiết kế thể thao, vận hành êm ái. - Động cơ mạnh mẽ, di chuyển linh hoạt. - Đi làm, đi học, đi chợ, dạo phố, du lịch. - Gấp gọn đem lên xe hơi, xe bus","Quận Gò Vấp, Tp Hồ Chí Minh",Mới,Xe đạp điện,Trung Quốc,,,14500000,New,Hồ Chí Minh,,
729,https://xe.chotot.com/mua-ban-xe-dap/132255329.htm,2026-05-14 12:28:58,xe_dap_dien,Xe đạp điện SONSU s10 Đỏ Mới Đủ Màu,7000000,Mua Bán Trao Đổi Xe Cũ Mới,XE MỚi Xe đạp điện giá rẻ chỉ từ 7triệu đồng Xe có nhiều màu . Anh chị em ai ưng ai thích liên hệ em nhé Sdt: ***,"Thị xã Tân Uyên, Bình Dương",Mới,Xe đạp điện,Việt Nam,,,7000000,New,Bình Dương,,
730,https://xe.chotot.com/mua-ban-xe-dap/132375311.htm,2026-05-14 09:36:46,xe_dap_dien,Xe đạp điện Asama màu Đỏ,1000000,tung ,Bán xe đạp điện 1 tr cho ai về thay bình,"Huyện Bình Chánh, Tp Hồ Chí Minh",Đã sử dụng,Xe đạp điện,,,,1000000,Used,Hồ Chí Minh,,
731,https://xe.chotot.com/mua-ban-xe-dap/132374972.htm,2026-05-14 09:23:49,xe_dap_dien,Xe điện Lihaze V1 Plus Trắng,14000000,Thi,"Tính năng nổi bật Thiết kế thời trang, cá tính - Xe sở hữu kiểu dáng hiện đại, trẻ trung, cùng gam màu đa dạng, phù hợp với mọi phong cách và lứa tuổi. Động cơ mạnh mẽ - Xe được trang bị động cơ công suất 1000W, giúp xe vận hành mạnh mẽ, leo dốc nhẹ nhàng, chinh phục mọi địa hình. Quãng đường di chuyển ấn tượng - Xe có thể di chuyển quãng đường lên đến 100km chỉ với một lần sạc, đáp ứng mọi nhu cầu di chuyển của bạn. Hệ thống phanh an toàn - Xe được trang bị hệ thống phanh đĩa, đảm bảo an toàn cho người sử dụng trong mọi tình huống. - Hệ thống đi lùi được cập nhật mới so với những mẫu xe cũ. Đèn LED hiện đại - Xe sử dụng hệ thống đèn LED trước và sau, giúp tăng khả năng chiếu sáng và tiết kiệm điện năng. Chìa khóa thông minh - Xe được trang bị chìa khóa thông minh chống trộm, giúp bạn dễ dàng khởi động và khóa xe chỉ với một nút bấm. Cổng sạc USB tiện lợi - Xe có cổng sạc USB giúp bạn sạc điện thoại hoặc các thiết bị điện tử khác khi di chuyển. Lý do nên mua Xe Điện V1 Plus - Xe chính hãng uy tín với chất lượng đảm bảo. - Xe có thiết kế hiện đại, thời trang, phù hợp với mọi phong cách và lứa tuổi. - Xe sở hữu động cơ mạnh mẽ, quãng đường di chuyển ấn tượng, cùng nhiều tính năng tiện ích. - Giá thành hợp lý, phù hợp với túi tiền của người tiêu dùng Việt Nam.","Thành phố Buôn Ma Thuột, Đắk Lắk",Mới,Xe đạp điện,Đài Loan,,,14000000,New,Đắk Lắk,,
732,https://xe.chotot.com/mua-ban-xe-dap/132373659.htm,2026-05-14 08:26:18,xe_dap_dien,Bán Xe đạp điện màu Type 1,10500000,Tú Thì Lú,"Xe Đạp điện màu xanh lá, thiết kế trẻ trung, năng động. - Vận hành êm ái, tiết kiệm năng lượng. - Phù hợp di chuyển trong thành phố. Xe Chất .","Quận Hoàn Kiếm, Hà Nội",Đã sử dụng,Xe đạp điện,Trung Quốc,,,10500000,Used,Hà Nội,,
733,https://xe.chotot.com/mua-ban-xe-dap/132373464.htm,2026-05-14 08:16:07,xe_dap_dien,Xe đạp điện Adiman Hồng Hư pin,1000000,linh,xe điện bị hư pin cần bán anh em cần mua gọi điện trực tiếp cảm ơn,"Thành phố Hội An, Quảng Nam",Đã sử dụng,Xe đạp điện,,,,1000000,Used,Quảng Nam,,
734,https://xe.chotot.com/mua-ban-xe-dap/128902010.htm,2026-05-14 06:39:36,xe_dap_dien,Xe đạp điện Tai LG 500W,1210000,Huy Đồng,Trả góp bao nợ xấu Thủ tục nhanh chóng Ko giữ CMND/CCCD Bảo mật thông tin khách hàng Hỗ trợ 0 trả trước Bảo hành chính hãng 2 năm,"Thành phố Biên Hòa, Đồng Nai",Mới,Xe đạp điện,Nhật Bản,,,1210000,New,Đồng Nai,,
735,https://xe.chotot.com/mua-ban-xe-dap/132367432.htm,2026-05-13 18:15:33,xe_dap_dien,Xe đạp điện Venus Xanh ngọc,5000000,Thành Công,Cần bán chiếc xe đạp điên ít sài tình trạng mới tay bình chưa đc tháng còn bảo hành xe,"Huyện Phú Giáo, Bình Dương",Đã sử dụng,Xe đạp điện,Khác,,,5000000,Used,Bình Dương,,
736,https://xe.chotot.com/mua-ban-xe-dap/132359610.htm,2026-05-13 12:40:33,xe_dap_dien,Xe đạp điện màu Đỏ đã sử dụng,4800000,Phu Nguyen,"Xe đạp điện màu đỏ, phù hợp cho cả nam và nữ mới 96%. - Thiết kế nhỏ gọn, dễ điều khiển. - Tiện lợi di chuyển trong thành phố. - Động cơ bền bỉ, tiết kiệm điện. xem xe ngã 6 An Phú Bình Dương cũ ***","Thành phố Thuận An, Bình Dương",Đã sử dụng,Xe đạp điện,,,,4800000,Used,Bình Dương,,
737,https://xe.chotot.com/mua-ban-xe-dap/132358272.htm,2026-05-13 11:39:14,xe_dap_dien,"Xe đạp điện SunRa và ninja,133",3500000,Hung,"Xe đạp điện SunRa và ninja , thiết kế trẻ trung, năng động. - Xe chạy êm, bền bỉ. - Phù hợp đi học, đi làm, dạo phố. - Tiết kiệm chi phí.","Huyện Phú Tân, An Giang",Đã sử dụng,Xe đạp điện,,,,3500000,Used,An Giang,,
739,https://xe.chotot.com/mua-ban-xe-dap/132353171.htm,2026-05-13 08:51:22,xe_dap_dien,Xe đạp điện 133m màu Đen,3300000,Ninh,"Xe đạp điện 133m màu đen, thiết kế gọn gàng, phù hợp đi lại trong thành phố. - Động cơ bền bỉ, vận hành êm ái. - Tiết kiệm năng lượng, dễ dàng sạc điện. - Xe sẵn sàng sử dụng.","Huyện Thái Thụy, Thái Bình",Đã sử dụng,Xe đạp điện,,,,3300000,Used,Thái Bình,,
740,https://xe.chotot.com/mua-ban-xe-dap/132351528.htm,2026-05-13 07:10:02,xe_dap_dien,Xe đạp điện Sun Su S10,8500000,XE ĐIỆN  trả góp Quang Chung ,sun su s10 chất lượng lắp bốn bình tốt bảo hành lên tới ba năm,"Huyện Hóc Môn, Tp Hồ Chí Minh",Mới,Xe đạp điện,Việt Nam,,,8500000,New,Hồ Chí Minh,,
741,https://xe.chotot.com/mua-ban-xe-dap/132080808.htm,2026-05-13 06:59:04,xe_dap_dien,Xe đạp điện 2 xe cap Pega xe mua về . bình ok,3500000,Quách khải tuấn,"Xe đạp điện cap xe màu xanh 3tr700.. . xe đỏ 4tr ...40km một lần sạc màu , xe trưa rửa..thiết kế nhỏ gọn, phù hợp cho nữ. - Dễ điều khiển, di chuyển linh hoạt trong phố. - Tiết kiệm chi phí nhiên liệu. có Chào đôi ta các loại xe bù chừ tính sao Xem xe tại nhà","Quận Bình Thạnh, Tp Hồ Chí Minh",Đã sử dụng,Xe đạp điện,Đài Loan,,,3500000,Used,Hồ Chí Minh,,
742,https://xe.chotot.com/mua-ban-xe-dap/132350591.htm,2026-05-12 23:46:18,xe_dap_dien,Xe đạp điện ADO A28 Lite Xám Đã sử dụng,18400000,Trần Lâm,"Pass lại ADO A28 Lite mới 99% – còn BH 14 tháng Mình pass lại chiếc ADO A28 Lite do hiện ít dùng tới. Xe mới đi hơn 1 tháng nên còn rất mới, đi cực thích và trợ lực rất nhàn. ✔ Mua chính hãng tại *** – 109 Trần Duy Hưng ✔ Còn bảo hành 14 tháng ✔ Pin khỏe, trợ lực mượt, chạy rất êm ✔ Form đẹp, đi phố hoặc đi cafe cực hợp Đã đầu tư thêm đồ chơi: - Yên béo ngồi cực êm - Gác để chân - Đệm yên ba-ga chở người sau Xe mình giữ kỹ nên ngoại hình gần như mới tinh, mua về đi luôn. 📍Địa chỉ nhà mình: 47 Văn Cao, Ngọc Hà, Hà Nội 📍SĐT: ***","Quận Ba Đình, Hà Nội",Đã sử dụng,Xe đạp điện,Đức,,,18400000,Used,Hà Nội,,
743,https://xe.chotot.com/mua-ban-xe-dap/132348226.htm,2026-05-12 20:17:41,xe_dap_dien,Xe đạp điện màu Trắng,3100000,Hoangquy,"Xe đạp điện màu trắng, thiết kế phù hợp cho cả nam và nữ. - Kiểu dáng hiện đại, nhỏ gọn. - Di chuyển tiện lợi trong thành phố. - Tiết kiệm chi phí phù hợp cho hssv, giá rẻ","Quận Hoàng Mai, Hà Nội",Đã sử dụng,Xe đạp điện,Việt Nam,,,3100000,Used,Hà Nội,,
744,https://xe.chotot.com/mua-ban-xe-dap/132348193.htm,2026-05-12 20:15:47,xe_dap_dien,Xe đạp điện M133 màu Đỏ,2000000,Nguyen ,"Chật nhà nên bán xe đạp điện m133, ai cần mua cho con đi học, hoặc đi chợ, cafe thì liên hệ nhé.","Thành phố Qui Nhơn, Bình Định",Đã sử dụng,Xe đạp điện,Việt Nam,,,2000000,Used,Bình Định,,
745,https://xe.chotot.com/mua-ban-xe-dap/132348083.htm,2026-05-12 20:08:51,xe_dap_dien,Xe đạp điện Ebike G10 Sport,5300000,KHO SỈ XE ĐIỆN ĐỒNG NAI,"Xe đạp điện Ebike G10 Sport, thiết kế thể thao, cá tính. - Nhiều màu sắc: Đen, Xanh, Đỏ, Xám. - Động cơ mạnh mẽ, vận hành êm ái. - Phù hợp đi học, đi làm, dạo phố.","Thành phố Biên Hòa, Đồng Nai",Mới,Xe đạp điện,Việt Nam,,,5300000,New,Đồng Nai,,
746,https://xe.chotot.com/mua-ban-xe-dap/132347184.htm,2026-05-12 19:11:47,xe_dap_dien,BÁN lại xe đạp điện : JVC g9 Giá: 6tr700 bình k,6700000,XE ĐIỆN HUY BẢO ,"BÁN lại xe đạp điện : JVC g9 Đỏ Giá: 6tr700 bình khỏe , xe zin đẹp 90% xe ở Cầu Vượt Sóng Thần quốc lộ 1A ☎️LH: ***","Thành phố Dĩ An, Bình Dương",Đã sử dụng,Xe đạp điện,,,,6700000,Used,Bình Dương,,
747,https://xe.chotot.com/mua-ban-xe-dap/132346220.htm,2026-05-12 18:15:09,xe_dap_dien,"Xe đạp điện Sonsu Camel Đen, Xanh",4900000,Thiện Nghĩa,xe cũ sonsu camel xe chạy tốt bao êm bão hành 6th liên hệ trực tiếp hoặc sdt :***,"Huyện Cờ Đỏ, Cần Thơ",Đã sử dụng,Xe đạp điện,Khác,,,4900000,Used,Cần Thơ,,
748,https://xe.chotot.com/mua-ban-xe-dap/132342824.htm,2026-05-12 15:34:42,xe_dap_dien,"Xe đạp điện 133 Đỏ, Đen",7500000,Nhật An,pass rẽ cho anh em ở bình tân xe 133 bao keng combo nhỏ bánh 1k5 6b nhỏ ic2k tặng cho ae con votol 80s,"Quận Bình Tân, Tp Hồ Chí Minh",Đã sử dụng,Xe đạp điện,,,,7500000,Used,Hồ Chí Minh,,
749,https://xe.chotot.com/mua-ban-xe-dap/132340545.htm,2026-05-12 14:14:09,xe_dap_dien,XE ĐIỆN HKBIKE,3100000,trần châu,Bán xe điện HKBIKE chạy 4 bình các chức năng hoạt động tốt lưu ý hàng có bảo hành 3 tháng cho ace yên tâm mua sữ dụng,"Thành phố Sóc Trăng, Sóc Trăng",Đã sử dụng,Xe đạp điện,,,,3100000,Used,Sóc Trăng,,
750,https://xe.chotot.com/mua-ban-xe-dap/125545612.htm,2026-05-12 13:54:31,xe_dap_dien,Xe đạpđiện x-sport trả góp - bao nợ xấu - cần cccd,1500000,NHƯ ĐIỆN MÁY TRẢ GÓP LÊ TRIỀU,"Xe đạp điện X-SPORT trả góp - Xe đạp điện mẫu mã đơn giản - Nam nữ đều chạy được - Kiểu dáng sang trọng , hiện đại - Bán trả góp - Góp không qua ngân hàng - Bao nợ xấu - Chỉ cần cccd - Góp tuần/ tháng LIÊN HỆ : INB EM NGAY","Quận 12, Tp Hồ Chí Minh",Mới,Xe đạp điện,Nhật Bản,,,1500000,New,Hồ Chí Minh,,
751,https://xe.chotot.com/mua-ban-xe-dap/132337533.htm,2026-05-12 11:58:37,xe_dap_dien,Xe đạp trợ lực điện 2 pin 36V-350W,12000000,Trọng Nguyễn Văn,"Xe đạp trợ lực điện, động cơ 2 pin 36V-350W. - Vận tốc tối đa 45km/h. - Quãng đường trợ lực 120km/sạc. - Xe phù hợp đi lại hàng ngày, tập thể dục số *** nhé","Huyện Gia Lâm, Hà Nội",Đã sử dụng,Xe đạp điện,Khác,,,12000000,Used,Hà Nội,,
752,https://xe.chotot.com/mua-ban-xe-dap/132337294.htm,2026-05-12 11:49:35,xe_dap_dien,Xe đạp điện Yadea i5s Đỏ trắng Như mới,7000000,lê duy phước,Xe đạp điện i5s. Mua xong để đó không chạy nên còn như mới. Hết bình nên cần thay bình mới.,"Quận Bình Thạnh, Tp Hồ Chí Minh",Đã sử dụng,Xe đạp điện,,,,7000000,Used,Hồ Chí Minh,,
753,https://xe.chotot.com/mua-ban-xe-dap/132336650.htm,2026-05-12 11:27:15,xe_dap_dien,BÁN GẤP XE ĐẠP ĐIỆN GÒ VẤP,2600000,TRỊNHMY LAND,E dư chiếc xe đạp điện đang chạy ai cần ib em ở gò vấp nhé,"Quận Gò Vấp, Tp Hồ Chí Minh",Đã sử dụng,Xe đạp điện,,,,2600000,Used,Hồ Chí Minh,,
754,https://xe.chotot.com/mua-ban-xe-dap/132335633.htm,2026-05-12 10:53:01,xe_dap_dien,Xe đạp điện 133 Xanh,4200000,Nguyễn Kiên Anh,thanh lý rẻ xe điện 133 giá rẻ chỉ 4tr200k xe chạy êm đèn còi xi nhan xạc đầy đủ có síp,"Thị xã Bến Cát, Bình Dương",Đã sử dụng,Xe đạp điện,,,,4200000,Used,Bình Dương,,
755,https://xe.chotot.com/mua-ban-xe-dap/120808012.htm,2026-05-12 10:03:59,xe_dap_dien,Xe đạp điện mi mới 100%,6500000,xe đạp điện   xe điện,"• Bán xe đạp điện mới 100%, bình điện đi được quãng đường 50-60km,khóa điều khiển bằng remote • Bảo hành 1 năm • Giao xe tận nơi","Quận Gò Vấp, Tp Hồ Chí Minh",Mới,Xe đạp điện,Trung Quốc,,,6500000,New,Hồ Chí Minh,,
756,https://xe.chotot.com/mua-ban-xe-dap/132333380.htm,2026-05-12 09:44:45,xe_dap_dien,Xe đạp điện TAILG GR55- BÁN TRẢ GÓP,5100000,THIÊN Ý ĐIỆN MÁY TRẢ GÓP,"Xe đạp điện TAILG GR55 màu xám, thiết kế hiện đại, vận hành êm ái. - Xe mới, chưa qua sử dụng. - Giá tư nhân","Thành phố Thuận An, Bình Dương",Mới,Xe đạp điện,Việt Nam,,,5100000,New,Bình Dương,,
757,https://xe.chotot.com/mua-ban-xe-dap/132328248.htm,2026-05-11 22:07:19,xe_dap_dien,nhà dư xe cần bán gấp,2800000,Thảo,nhà chật dư xe cần bán gấp xe đẹp chắc chắn phu hợp với các chị em đi chợ hoặc đi làm chở con đi chơi hoặc các con đi học rất tiện,"Thành phố Thuận An, Bình Dương",Đã sử dụng,Xe đạp điện,Nhật Bản,,,2800000,Used,Bình Dương,,
759,https://xe.chotot.com/mua-ban-xe-dap/132324149.htm,2026-05-11 17:41:05,xe_dap_dien,Xe đạp điện ASAMA màu Bạc,2900000,Nguyễn Nghiêm Dũng,Để chat Nha nên muốn bán chiếc xe đạp điện ÁMA này bình thay mới mấy tháng nên rất khỏe để chat Nha nên bán giá 2tr9 anh em nào có nhu cầu thì alo giúp mình nha,"Quận 4, Tp Hồ Chí Minh",Mới,Xe đạp điện,Việt Nam,,,2900000,New,Hồ Chí Minh,,
760,https://xe.chotot.com/mua-ban-xe-dap/129821280.htm,2026-05-11 15:44:45,xe_dap_dien,Xe đạp điện Mactin 107 màu Đỏ đen,5500000,trần thị thu hạnh ,"Xe đạp điện mactin 107 ,xe chạy được 2 năm, máy móc vẫn còn rất tốt,xe còn mới thay bình được 1 lần ,xe màu đỏ đen,anh chị nào cần thì liên hệ e ạ ☺️","Huyện Gò Dầu, Tây Ninh",Đã sử dụng,Xe đạp điện,,,,5500000,Used,Tây Ninh,,
761,https://xe.chotot.com/mua-ban-xe-dap/132320713.htm,2026-05-11 15:12:53,xe_dap_dien,Xe đạp điện V1 màu Xám,12000000,Trần đạt,"Bên em có tất cả các dòng v1, k1, genz, vespa,... Xe bên em lắp 5 bình lớn có nhiều sự lựa chọn cho anh chị nào có nhu cầu sở hữu 1 em về vi vu ạ Giá bên em vô cùng cạnh tranh chỉ từ 12.xx với vô vàng quà tặng từ phía cửa hàng Chế độ bảo hành dài giúp anh chị yên tâm trong quá trình sử dụng cũng như trải nghiệm xe đạp điện đời mới nhất Bên em cũng có chương trình thu cũ đổi mới cũng như trả góp không cần trả trước dành cho anh chị nào có nhu cầu ạ Bên em có nhận giao xe nếu anh chị không có thời gian đến cửa hàng ạ Địa chỉ cửa hàng : ấp rừng dầu, xã bến cầu tỉnh tây ninh (xã tiên thuận cũ) Anh chị có nhu cầu sở hữu em nó đừng ngại nhắn em nha Cảm ơn rất nhiều !!!","Huyện Bến Cầu, Tây Ninh",Mới,Xe đạp điện,Trung Quốc,,,12000000,New,Tây Ninh,,
762,https://xe.chotot.com/mua-ban-xe-dap/132319452.htm,2026-05-11 14:27:32,xe_dap_dien,Xe đạp điện màu Xanh dương,5500000,Bảo An,"#Xe đạp điện có bàn đạp Siêu cu te dễ thương ✅Xe Sơn nhựa đẹp như ảnh đăng ✅Ác quy 4b to khỏe ✅Kiểu dáng nhỏ nhắn xinh xắn dễ thao tác ✅Mọi chức năng hoạt động tốt Ac mua cho cháu đi hoặc các bà đi chợ hết ý GIÁ E BÁN công khai 5x😜 Xem xe và mua bán tại : Cửa hàng xe máy Cao Thăng Số 11, QL5 cũ,cống trắng , quán toan, Hải Phòng #xemaygiagie #xedienhocsinh #xedien #uytin #giacanhtranh #muabanxemaycu","Quận Hồng Bàng, Hải Phòng",Đã sử dụng,Xe đạp điện,,,,5500000,Used,Hải Phòng,,
763,https://xe.chotot.com/mua-ban-xe-dap/132317829.htm,2026-05-11 13:27:35,xe_dap_dien,Xe đạp điện Pega Bình mới,7800000,gac Hktac,Bình mới có bảo hành Giá có thương lượng Xe 2 chìa khoá *** 12a bis Bùi Minh Trực phường 5 quận 8 Thành phố Hồ Chí Minh,"Quận 8, Tp Hồ Chí Minh",Đã sử dụng,Xe đạp điện,Đài Loan,,,7800000,Used,Hồ Chí Minh,,
764,https://xe.chotot.com/mua-ban-xe-dap/126144859.htm,2026-05-11 13:12:58,xe_dap_dien,Xe đạp điện M133 công suất 650W,1250000,Lê Hiếu Điện Máy Trả Góp,"Xe đạp điện màu đen, dùng tốt. * Xe chạy êm ái, tiết kiệm điện. * Ngoại hình còn đẹp. * Phù hợp cho việc - ĐIỆN MÁY LÊ TRIỀU - GÓP TRỰC TIẾP CỬA HÀNG - GIAO NHANH TẬN NHÀ - BẢO HÀNH TẠI NHÀ Chuyên: Tivi, Máy Lạnh, Tủ Lạnh, Máy Giặt… • Ưu đãi đặc biệt: - Hỗ trợ mua trả góp tại nhà – không cần qua ngân hàng - Thủ tục siêu nhanh, chỉ cần CCCD - Lắp đặt – vận chuyển – bảo hành tận nơi - Cam kết hàng chính hãng, kiểm tra kỹ trước khi nhận - Có nhân viên hỗ trợ làm hồ sơ tại nhà - já góp 01 tháng","Huyện Hóc Môn, Tp Hồ Chí Minh",Mới,Xe đạp điện,,,,1250000,New,Hồ Chí Minh,,
765,https://xe.chotot.com/mua-ban-xe-dap/114064033.htm,2026-05-11 11:19:38,xe_dap_dien,"Xe đạp điện new 4 bình, mới 100%",5800000,xe đạp điện   xe điện,"• Bán xe đạp điện mới 100%, bình điện đi được quãng đường 50-60km,khóa điều khiển bằng remote • Bảo hành 1 năm • Giao xe tận nơi","Quận Gò Vấp, Tp Hồ Chí Minh",Mới,Xe đạp điện,Trung Quốc,,,5800000,New,Hồ Chí Minh,,
766,https://xe.chotot.com/mua-ban-xe-dap/132313202.htm,2026-05-11 10:25:03,xe_dap_dien,Xe đạp điện JUKA BIKE JK8 PRO Đỏ,14000000,KHO SỈ XE ĐIỆN ĐỒNG NAI,"Xe đạp điện JUKA BIKE JK8 PRO màu đỏ, thiết kế phù hợp cho cả nam và nữ. - Kiểu dáng thể thao, năng động. - Động cơ mạnh mẽ, di chuyển êm ái. - Pin bền, quãng đường đi xa.","Thành phố Biên Hòa, Đồng Nai",Mới,Xe đạp điện,Việt Nam,,,14000000,New,Đồng Nai,,
767,https://xe.chotot.com/mua-ban-xe-dap/131020960.htm,2026-05-11 10:06:15,xe_dap_dien,Xe đạp điện,3300000,Thái Bình,"Cần bán xe đạp điện ,còn bảo hành 3 tháng","Thành phố Thủ Dầu Một, Bình Dương",Đã sử dụng,Xe đạp điện,,,,3300000,Used,Bình Dương,,
768,https://xe.chotot.com/mua-ban-xe-dap/131121461.htm,2026-05-11 10:05:09,xe_dap_dien,"Xe đạp điện, bình mới 100%",4100000,Thái Bình,"Cần bán xe đã qua sử dụng, bình mới 100%, bình còn bảo hành 1 năm","Thành phố Thủ Dầu Một, Bình Dương",Đã sử dụng,Xe đạp điện,,,,4100000,Used,Bình Dương,,
769,https://xe.chotot.com/mua-ban-xe-dap/132310785.htm,2026-05-11 08:56:28,xe_dap_dien,Xe đạp điện XSPORT MỚI CHÍNH HÃNG- LONG AN,4100000,THIÊN Ý ĐIỆN MÁY TRẢ GÓP,XE ĐẠP ĐIỆN XSPORT CHÍNH HÃNG giá tốt Hỗ trợ trả góp Giá trên là giá góp,"Thành phố Tân An, Long An",Mới,Xe đạp điện,Việt Nam,,,4100000,New,Long An,,
770,https://xe.chotot.com/mua-ban-xe-dap/131121547.htm,2026-05-11 08:44:16,xe_dap_dien,XE ĐIỆN TAILG HỖ TRỢ TRẢ GÓP B.A.O N.Ợ X.Ấ.U,1008989,Trả Góp Nhanh,"Bạn đang cần xe điện Tailg nhưng chưa đủ tiền trả thẳng? Bên mình hỗ trợ trả góp nhanh – không cần ngân hàng – duyệt tại nhà. ✅ Chỉ cần CCCD ✅ Hô trợ làm hồ sơ tại nhà ✅ Duyệt hồ sơ nhanh trong ngày ✅ Giao xe tận nhà – nhận xe trước trả sau Xe điện TAILG là thương hiệu xe điện lớn được thành lập từ năm 2003, có hàng chục nghìn cửa hàng và hàng triệu người dùng trên thế giới. Xe nổi bật với động cơ mạnh, tiết kiệm điện, vận hành êm và chi phí sử dụng thấp nên rất được học sinh – sinh viên và người đi làm lựa chọn. 📦 Hỗ trợ giao xe tận nhà – thủ tục cực đơn giản 📞 Liên hệ ngay tư vấn trả gópBạn đang cần xe điện Tailg nhưng chưa đủ tiền trả thẳng? Bên mình hỗ trợ trả góp nhanh – không cần ngân hàng – duyệt tại nhà. ✅ Chỉ cần CCCD ✅ Hô trợ làm hồ sơ tại nhà ✅ Duyệt hồ sơ nhanh trong ngày ✅ Giao xe tận nhà – nhận xe trước trả sau Xe điện TAILG là thương hiệu xe điện lớn được thành lập từ năm 2003, có hàng chục nghìn cửa hàng và hàng triệu người dùng trên thế giới. Xe nổi bật với động cơ mạnh, tiết kiệm điện, vận hành êm và chi phí sử dụng thấp nên rất được học sinh – sinh viên và người đi làm lựa chọn. 📦 Hỗ trợ giao xe tận nhà – thủ tục cực đơn giản 📞 Liên hệ ngay tư vấn trả góp","Quận 12, Tp Hồ Chí Minh",Mới,Xe đạp điện,Khác,,,1008989,New,Hồ Chí Minh,,
771,https://xe.chotot.com/mua-ban-xe-dap/132309152.htm,2026-05-11 07:14:07,xe_dap_dien,Xe đạp điện LG GR55 Trắng ở Hóc Môn Hồ CHí Minh,1056000,Huy Đồng,Xe đạp điện tai Lg Gr55 mẫu mới công suất mạnh Phù hợp sinh viên và học sinh Trả góp bao nợ xấu Thủ tục nhanh chóng Ko giữ CMND/CCCD Bảo mật thông tin khách hàng Hỗ trợ 0 trả trước Bảo hành chính hãng 2 năm Không chi phú phát sinh,"Huyện Hóc Môn, Tp Hồ Chí Minh",Mới,Xe đạp điện,Nhật Bản,,,1056000,New,Hồ Chí Minh,,
772,https://xe.chotot.com/mua-ban-xe-dap/132309077.htm,2026-05-11 07:08:49,xe_dap_dien,cần thanh lý,10000000,An An,"Xe còn mới, chạy cực êm và tiết kiệm. Pin còn rất tốt, sạc nhanh – đi học, đi làm hay đi chơi đều tiện. Ngoại hình đẹp, giữ kỹ nên nhìn rất xịn. Xe chính chủ, giấy tờ đầy đủ, mua về chỉ việc chạy. 👉 Giá còn thương lượng nhẹ cho người thiện chí. 1100KM","Thành phố Thủ Đức, Tp Hồ Chí Minh",Đã sử dụng,Xe đạp điện,,,,10000000,Used,Hồ Chí Minh,,
773,https://xe.chotot.com/mua-ban-xe-dap/132306261.htm,2026-05-10 20:19:15,xe_dap_dien,Xe đạp điện Bomeli màu Xanh dương,999999,Be Tien Yun,Bán xe đạp điện Bomeli chạy bình thường . Không cần thay gì hết. Do mua xe máy nên bán lại.,"Thành phố Thủ Đức, Tp Hồ Chí Minh",Đã sử dụng,Xe đạp điện,,,,999999,Used,Hồ Chí Minh,,
774,https://xe.chotot.com/mua-ban-xe-dap/132301739.htm,2026-05-10 15:38:45,xe_dap_dien,xe điện giá rẻ,2500000,Ngọc Hoa,nhà dư cần bán xe đã độ lên 6 bình điện hiện tại hư 2 bình đã lấy ra còn 4 bình,"Quận Ngũ Hành Sơn, Đà Nẵng",Đã sử dụng,Xe đạp điện,,,,2500000,Used,Đà Nẵng,,
775,https://xe.chotot.com/mua-ban-xe-dap/132301163.htm,2026-05-10 15:13:07,xe_dap_dien,"Xe đạp điện màu Đỏ, Hồng",2200000,cầm đồ hoàng lạc,"Thanh lí xe đạp điện giá rẻ xe chạy ok , đông cơ xin xò , giá chưa bình , lấy bình cộng thêm 700k , có sạc .cho bình vào là chạy .,giá 1chiếc .","Quận Gò Vấp, Tp Hồ Chí Minh",Đã sử dụng,Xe đạp điện,,,,2200000,Used,Hồ Chí Minh,,
776,https://xe.chotot.com/mua-ban-xe-dap/132300957.htm,2026-05-10 15:03:10,xe_dap_dien,Cần bán xe để đổi xe mới,4500000,Phương Thảo,Còn 85% Chưa qua sửa chữa Số điện thoại liên hệ *** Xe bán ra 4 Triệu,"Quận 10, Tp Hồ Chí Minh",Đã sử dụng,Xe đạp điện,Trung Quốc,,,4500000,Used,Hồ Chí Minh,,
777,https://xe.chotot.com/mua-ban-xe-dap/132299161.htm,2026-05-10 13:23:39,xe_dap_dien,Xe đạp điện TAILG GR56 - HỒ CHÍ MINH,4500000,THIÊN Ý ĐIỆN MÁY TRẢ GÓP,"Xe đạp điện TAILG GR56 màu đen, thiết kế hiện đại, vận hành êm ái. - Xe có khả năng di chuyển quãng đường dài. - Phù hợp đi học, đi làm. - Có hỗ trợ trả góp. - Giá trên là giá góp ạ","Quận 5, Tp Hồ Chí Minh",Mới,Xe đạp điện,Việt Nam,,,4500000,New,Hồ Chí Minh,,
778,https://xe.chotot.com/mua-ban-xe-dap/132295705.htm,2026-05-10 10:44:50,xe_dap_dien,Xe đạp điện Bridgestone nhật bản,8000000,bắc nguyễn,Hàng độc—- xe đạp điện Bridgestone nhập khẩu nhật bản—siêu bền siêu tiết kiệm- Xe như mới-vừa chạy điện vừa đạp khoẻ người Thân thiện với môi trường lắm ạ Zá 8 triệu ạ ☎️ ***,"Quận Cầu Giấy, Hà Nội",Đã sử dụng,Xe đạp điện,Nhật Bản,,,8000000,Used,Hà Nội,,
779,https://xe.chotot.com/mua-ban-xe-dap/132294901.htm,2026-05-10 10:11:43,xe_dap_dien,Xe đạp điện màu Đỏ,2100000,Mình tiến,"Xe đạp điện màu đỏ, thiết kế phù hợp cho cả nam và nữ. - Xe nhỏ gọn, dễ điều khiển. - Tiện lợi di chuyển trong thành phố. - Động cơ bền bỉ, tiết kiệm điện.","Huyện Giồng Trôm, Bến Tre",Đã sử dụng,Xe đạp điện,,,,2100000,Used,Bến Tre,,
780,https://xe.chotot.com/mua-ban-xe-dap/132294809.htm,2026-05-10 10:08:41,xe_dap_dien,Xe đạp điện HITASA Q8 Xanh,9500000,nguyên duy tâm,"Xe đạp điện HITASA Q8 màu xanh, thiết kế phù hợp cho cả nam và nữ. - Xe chạy êm, bền bỉ. - Kiểu dáng hiện đại, tiện lợi di chuyển trong thành phố.","Quận 11, Tp Hồ Chí Minh",Đã sử dụng,Xe đạp điện,,,,9500000,Used,Hồ Chí Minh,,
781,https://xe.chotot.com/mua-ban-xe-dap/132293127.htm,2026-05-10 08:49:58,xe_dap_dien,Xe đạp điện Yamaha Xám,6500000,Quang Huy,"Xe đạp điện trợ lực Nhật Bản hiệu Yamaha, chạy êm ái, gọn nhẹ. Pin đã đóng mới chạy được 40 đến 50 km mỗi lần sạc. Phù hợp cho các cháu học sinh, chị em, các bà chị đi chợ,đưa đón học sinh..","Quận Bình Tân, Tp Hồ Chí Minh",Đã sử dụng,Xe đạp điện,Nhật Bản,,,6500000,Used,Hồ Chí Minh,,
782,https://xe.chotot.com/mua-ban-xe-dap/132288079.htm,2026-05-09 19:26:48,xe_dap_dien,Cần bán gấp xe đạp điện Nike bike,3800000,  An như,Xe đang sử dụng Không có người đi Cần bán,"Thành phố Biên Hòa, Đồng Nai",Đã sử dụng,Xe đạp điện,,,,3800000,Used,Đồng Nai,,
783,https://xe.chotot.com/mua-ban-xe-dap/132286646.htm,2026-05-09 18:00:00,xe_dap_dien,Xe đạp điện SONSU Ruby Đen,8000000,TuấnAnh,xe mới mua để dành đi chợ mà dư dùng quá nên bán,"Quận Cái Răng, Cần Thơ",Đã sử dụng,Xe đạp điện,,,,8000000,Used,Cần Thơ,,
784,https://xe.chotot.com/mua-ban-xe-dap/132285778.htm,2026-05-09 17:11:31,xe_dap_dien,Xe đạp điện Milan Đỏ Nguyên bản còn ngon nghẻ,4444444,Duy Hưng,"Xe đạp điện milan nguyên bản, lành lặn, ngon khoẻ, chỉ hơi xước","Quận Nam Từ Liêm, Hà Nội",Đã sử dụng,Xe đạp điện,,,,4444444,Used,Hà Nội,,
785,https://xe.chotot.com/mua-ban-xe-dap/132284467.htm,2026-05-09 16:10:51,xe_dap_dien,Xe đạp trợ lực Yamaha PAS City Đen,9000000,Đức Mạnh,"XE ĐẠP TRỢ LỰC NHẬT YAMAHA – SIZE 27 LƯỚT SIÊU NHANHCần gả em Yamaha PAS City hàng tuyển, zin từ con ốc: ✅ Ưu điểm: Bánh lớn 27"" đạp cực lướt, ít tốn sức. Khung nhôm, phụ kiện full inox (vành, nan, giỏ, baga) sáng loáng. ✅ Công nghệ: Màn hình LCD đời mới, bộ 5 số âm thay đổi tốc độ mượt mà. Động cơ Yamaha bao zin, bao khỏe. ✅ Pin: 12Ah (Bảo hành 1 năm). Có thể nâng cấp pin 25-30Ah đi đường dài .✅ Tình trạng: Nguyên bản trợ lực Nhật, phụ tùng chưa thay thế hay sửa chữa. (Có hỗ trợ lên tay ga theo yêu cầu).📍 Xem xe tại: phố thượng kiệm,kim sơn ỉ📞 Alo là có xe:***","Huyện Kim Sơn, Ninh Bình",Đã sử dụng,Xe đạp điện,Nhật Bản,,,9000000,Used,Ninh Bình,,
786,https://xe.chotot.com/mua-ban-xe-dap/132084693.htm,2026-05-09 14:49:17,xe_dap_dien,Xe đạp điện Asama Nhật Bản Đỏ,2500000,Anh Tuấn ,Xe đạp điện Asama chính hiệu nhật bản Xe còn chạy ngon lành bình tốt Mua bán tại nhà,"Quận 7, Tp Hồ Chí Minh",Đã sử dụng,Xe đạp điện,Nhật Bản,,,2500000,Used,Hồ Chí Minh,,
787,https://xe.chotot.com/mua-ban-xe-dap/132280423.htm,2026-05-09 13:21:32,xe_dap_dien,nhà dư thanh lý lại ạ,5500000,Trần Minh Huy,nhà dư ko chạy e cần bán lại xe đạp điện pega a9 như hình bình mới thay hãng tình trạng thắng trước mòn xi nhan gãy mất dò đạp chạy còn oke,"Quận 5, Tp Hồ Chí Minh",Đã sử dụng,Xe đạp điện,,,,5500000,Used,Hồ Chí Minh,,
788,https://xe.chotot.com/mua-ban-xe-dap/132275036.htm,2026-05-09 09:48:21,xe_dap_dien,Xe đạp điện màu Đen,6000000,XE DIEN DONG NAI,Cần bán gấp xe điện Combo 6 bình nhỏ Votol 80s Bánh 1k5 Nhận shipcod toàn quốc Zép lào : ***,"Huyện Cẩm Mỹ, Đồng Nai",Đã sử dụng,Xe đạp điện,Việt Nam,,,6000000,Used,Đồng Nai,,
789,https://xe.chotot.com/mua-ban-xe-dap/132274986.htm,2026-05-09 09:46:18,xe_dap_dien,Xe đạp điện màu Đỏ Đã sử dụng,7000000,Nguyen thi ngoc Chau,Bán xe đạp điện đã sử dụng còn mới mua 1năm .nhà chật nên bán lại cho ai có nhu cầu (7tr)liên hệ sđt ***,"Quận Bình Thạnh, Tp Hồ Chí Minh",Đã sử dụng,Xe đạp điện,,,,7000000,Used,Hồ Chí Minh,,
790,https://xe.chotot.com/mua-ban-xe-dap/132274451.htm,2026-05-09 09:27:31,xe_dap_dien,Xe đạp điện ASUKA 133 PRO -,2000000,Ngọc Bích Điện Máy Trả Góp ,"⚡ ASUKA 133 PRO – XE ĐIỆN HOT TREND 2026 ⚡ 💥 Trả trước 2.000k nhận xe trong ngày Không cần trả hết mới được đi xe đẹp 😎 ✔️ Trả góp nhẹ nhàng – duyệt nhanh ✔️ Hỗ trợ cả khách có nợ xấu ✔️ Thiết kế trẻ trung, chạy êm – tiết kiệm điện ✔️ Giao xe tận nơi khu vực Hồ Chí Minh - Bình Dương - Long an - Tây Ninh - Đồng Nai 📩 Inbox ngay để được báo giá ưu đãi hôm nay!","Quận 12, Tp Hồ Chí Minh",Mới,Xe đạp điện,Trung Quốc,,,2000000,New,Hồ Chí Minh,,
791,https://xe.chotot.com/mua-ban-xe-dap/132274414.htm,2026-05-09 09:26:15,xe_dap_dien,Xe đạp điện HK bike Cap A Đen,4800000,Xe Điện Lam Anh,"Bay nhanh Cap A, HK bike, xe hoạt động bình thường, ngoại hình khá mới, bình mạnh. Xem xe gần chợ Hóc Môn","Huyện Hóc Môn, Tp Hồ Chí Minh",Đã sử dụng,Xe đạp điện,Đài Loan,,,4800000,Used,Hồ Chí Minh,,
792,https://xe.chotot.com/mua-ban-xe-dap/132272229.htm,2026-05-09 07:29:46,xe_dap_dien,Xe đạp điện Bò to 133S bình khoẻ BH 6 tháng,4100000,Trần Tuấn Phong,"Bò to 133S bình khoẻ bảo hành 6 tháng. Động cơ khoẻ, êm. Lên dốc 40 độ nhẹ nhàng","Huyện Hải Hậu, Nam Định",Đã sử dụng,Xe đạp điện,Đài Loan,,,4100000,Used,Nam Định,,
793,https://xe.chotot.com/mua-ban-xe-dap/129457566.htm,2026-05-09 06:59:34,xe_dap_dien,Xe đạp điện Pega Cap A9,1430000,Huy Đồng,Trả góp bao nợ xấu Thủ tục nhanh chóng Ko giữ CMND/CCCD Bảo mật thông tin khách hàng Hỗ trợ 0 trả trước Bảo hành chính hãng 2 năm Không chi phú phát sinh,"Thành phố Thủ Dầu Một, Bình Dương",Mới,Xe đạp điện,Nhật Bản,,,1430000,New,Bình Dương,,
794,https://xe.chotot.com/mua-ban-xe-dap/132265580.htm,2026-05-08 17:03:58,xe_dap_dien,Cần bán xe đạp điện Asama,2000000,Quang Tùng,Cần bán xe đạp điện Asama -( ae nhanh gọn có lộc ),"Thành phố Thủ Đức, Tp Hồ Chí Minh",Đã sử dụng,Xe đạp điện,,,,2000000,Used,Hồ Chí Minh,,
795,https://xe.chotot.com/mua-ban-xe-dap/132264943.htm,2026-05-08 16:35:48,xe_dap_dien,Xe đạp điện Samurai 4 Đen,6700000,Hiền,"Xe đạp điện Samurai 4 xanh màu đen, thiết kế thể thao, phù hợp cho cả nam và nữ. - Động cơ mạnh mẽ, lúc mua 16trieu","Quận Tân Bình, Tp Hồ Chí Minh",Đã sử dụng,Xe đạp điện,,,,6700000,Used,Hồ Chí Minh,,
796,https://xe.chotot.com/mua-ban-xe-dap/132263162.htm,2026-05-08 15:23:00,xe_dap_dien,Xe điện Uyên Nhi,14900000,AN AN,"Chuyên mua bán xe đạp điện cho học sinh Hổ trợ trả góp Bảo hành chính hãng Giấy tờ rõ ràng Địa chỉ : 14 Trần Kế Xương, Hải Châu, Đà Nẵng","Quận Hải Châu, Đà Nẵng",Đã sử dụng,Xe đạp điện,Việt Nam,,,14900000,Used,Đà Nẵng,,
797,https://xe.chotot.com/mua-ban-xe-dap/132258891.htm,2026-05-08 12:18:16,xe_dap_dien,Xe đạp điện màu Đen Mới 2025,5700000,Đỗ toàn Thắng,"xe lướt mới tinh, giấy tờ mua bán cửa hàng còn nguyên, mua tháng 3 ,2025, đi 40 đến 45km","Quận Lê Chân, Hải Phòng",Đã sử dụng,Xe đạp điện,Việt Nam,,,5700000,Used,Hải Phòng,,
798,https://xe.chotot.com/mua-ban-xe-dap/132257629.htm,2026-05-08 11:29:41,xe_dap_dien,Xe đạp điện M133 Đen Đã sử dụng,3500000,Xe điện Huân Linh,"Xe đạp điện M133 giá rẻ , xe đẹp nguyên bản. Học sinh đi được. 3.x/tr cho ai quan tâm. Bảo hành dài hạn. - Chuyên mua bán xe điện cũ mới giá rẻ bảo hành dài, nhiều ưu đãi … - Nhận sửa chữa thay thế acquy tại nhà giá tốt -Địa chỉ: 23 Trần Đăng Khoa - Long Biên - Hà Nội -Google maps: Xe điện Huân Linh - Có ship xe theo yêu cầu.","Quận Long Biên, Hà Nội",Đã sử dụng,Xe đạp điện,Việt Nam,,,3500000,Used,Hà Nội,,
799,https://xe.chotot.com/mua-ban-xe-dap/128341363.htm,2026-05-08 09:49:40,xe_dap_dien,M133 điện tử cao cấp chay 4 binh 50km 1 lần xac,6500000,HOANG TƯỞNG XE ĐIỆN,Xe mới bình moi bh 12th hỗ trợ ship tại nhà cho quý khach địa chi 106/9 Tân Chánh hiệp 10 quận 12 tphcm,"Quận 12, Tp Hồ Chí Minh",Mới,Xe đạp điện,,,,6500000,New,Hồ Chí Minh,,
800,https://xe.chotot.com/mua-ban-xe-dap/132252573.htm,2026-05-08 08:34:28,xe_dap_dien,Xe đạp điện SONSU . xe chạy tốt bình khoẻ. BH3 t,3300000,Thu Hồng,"Xe đạp điện SONSU . Xe chạy khoẻ, bình khoẻ - Thiết kế trẻ trung, năng động. - Động cơ bền bỉ, quãng đường di chuyển tốt. - Phù hợp đi học, đi làm, dạo phố.","Quận 12, Tp Hồ Chí Minh",Đã sử dụng,Xe đạp điện,,,,3300000,Used,Hồ Chí Minh,,
801,https://xe.chotot.com/mua-ban-xe-dap/132252461.htm,2026-05-08 08:28:32,xe_dap_dien,Xe đạp điện SK8 Hồng,3000000,Minh Hoàng,"Bán xe đạp điện SK8 màu hồng, thiết kế nhỏ gọn, phù hợp cho nữ. - Xe chạy êm, dễ điều khiển. - Tiện lợi di chuyển trong thành phố.","Quận 12, Tp Hồ Chí Minh",Đã sử dụng,Xe đạp điện,,,,3000000,Used,Hồ Chí Minh,,
802,https://xe.chotot.com/mua-ban-xe-dap/132252450.htm,2026-05-08 08:27:59,xe_dap_dien,Xe đạp điện Sangone G10 Đỏ,9900000,Trương phước,Xe 2 yên phù họp cho học sinh6 đến lớp 12 Xe chính hãng chất mạnh Bảo hành dài hạn Hỗ trợ sữa tận nhà Lh***,"Huyện Cần Đước, Long An",Đã sử dụng,Xe đạp điện,Thái Lan,,,9900000,Used,Long An,,
803,https://xe.chotot.com/mua-ban-xe-dap/132252449.htm,2026-05-08 08:27:52,xe_dap_dien,Xe đạp điện Hengchi màu Cam,7400000,Trương phước,Hen chi md xe mới chính hãng Xã kho cho học sinh cô chú đi chợ Giao xe tận nơi giá rẽ Phù họp học sinh lóp 6/9 Bảo hành dài hạng Hỗ trợ sữa tận nhà Lh ***,"Huyện Cần Đước, Long An",Đã sử dụng,Xe đạp điện,Đài Loan,,,7400000,Used,Long An,,
804,https://xe.chotot.com/mua-ban-xe-dap/132252440.htm,2026-05-08 08:27:11,xe_dap_dien,Xe đạp điện Mới 100%,5900000,Trương phước,Hen chi giá học sinh Xe mới 100% Có bảo hành giao xe tận nơi Lh ***,"Huyện Cần Đước, Long An",Mới,Xe đạp điện,Đài Loan,,,5900000,New,Long An,,
805,https://xe.chotot.com/mua-ban-xe-dap/115718094.htm,2026-05-08 07:50:43,xe_dap_dien,"Bán trả góp, Xe đạp điện, Trả góp tại nhà",560000,Trả Góp Điện Máy Lê Triều,"- Xe đạp điện trả góp tại nhà - Hỗ trợ nợ xấu, thủ tục đơn giản - Giao hàng trong ngày kiểm tra - Trả góp theo tuần/tháng, Miễn phí vận chuyển","Quận 12, Tp Hồ Chí Minh",Mới,Xe đạp điện,Nhật Bản,,,560000,New,Hồ Chí Minh,,
806,https://xe.chotot.com/mua-ban-xe-dap/132250548.htm,2026-05-08 00:10:27,xe_dap_dien,"Xe đạp điện LIHAZE Hồng, xanh, vàng",3500000,Anh Thư,"Xe đạp điện LIHAZE nhiều màu sắc: hồng, xanh, vàng. - Pin xe còn tốt, dùng ổn định. - Xe nhỏ gọn, dễ di chuyển. gập đc để cốp ôtô","Huyện Định Quán, Đồng Nai",Đã sử dụng,Xe đạp điện,,,,3500000,Used,Đồng Nai,,
807,https://xe.chotot.com/mua-ban-xe-dap/132244375.htm,2026-05-07 16:47:45,xe_dap_dien,Xe đạp điện màu Xanh,2850000,XE ĐIỆN LONG XUYÊN,xe 04 bình 20a Mạnh bao ngon .Đi học đi chợ đôi khi đi nhậu khá ok hợp lý.Xem không ưng ý mình mời cafe trà sữa giao lưu. Chúc sức khỏe đến mọi người.,"Thành phố Long Xuyên, An Giang",Đã sử dụng,Xe đạp điện,,,,2850000,Used,An Giang,,
808,https://xe.chotot.com/mua-ban-xe-dap/132243406.htm,2026-05-07 16:05:55,xe_dap_dien,Xe đạp trợ lực điện Super 73 còn bảo hành,13000000,Nguyễn Duy,Xe đạp trợ lực điện Super 73 còn bảo hành,"Huyện Hoài Đức, Hà Nội",Đã sử dụng,Xe đạp điện,Mỹ,,,13000000,Used,Hà Nội,,
809,https://xe.chotot.com/mua-ban-xe-dap/132242450.htm,2026-05-07 15:31:04,xe_dap_dien,Xe đạp điện Cap A dáng 133 bánh đúc không ruột,4800000,XE ĐIỆN THÚY DUYÊN,"Bán xe đạp điện cap A phối bánh 133 tân trang 95%, bánh đúc 10 inch. bình mới 100% bảo hành bình 12 tháng. bh xe 3 tháng Xe dọn sạch sẽ từ trong ra ngoài. phuộc nhún siêu yêm. khung sườn chắc chắn. hàng hiếm khó tìm. giá bán 4tr8 lắp bình mới 100%. bảo hành xe 3 tháng. bảo hành bình 12 tháng.","Thành phố Biên Hòa, Đồng Nai",Đã sử dụng,Xe đạp điện,,,,4800000,Used,Đồng Nai,,
810,https://xe.chotot.com/mua-ban-xe-dap/132240132.htm,2026-05-07 14:06:01,xe_dap_dien,Nhà trật dư dùng cần bán,3000000,Quốc Thành,"Nhà trật nên nhượng lại cho ace nào cần mua cho con đi học cho vợ đi chợ xe hoat động bình thường ken,đèn,xi nhan đầy đủ. ngoại hình ưa nhìn pin tốt 30km/1 lần sạc bớt chút lộc cho ae thiện chí. cảm ơn chợ tốt đã duyệt","Quận Bình Tân, Tp Hồ Chí Minh",Đã sử dụng,Xe đạp điện,,,,3000000,Used,Hồ Chí Minh,,
811,https://xe.chotot.com/mua-ban-xe-dap/132238906.htm,2026-05-07 13:10:19,xe_dap_dien,Xe đạp điện hàng nhật gấp gọn,6500000,Trường  an,"xe gấp gọn dành cho a chị có xe hơi bỏ vô xe để dành đi đâu đó khá OK Xe đạp điện màu đỏ, phù hợp cho cả nam và nữ. - Thiết kế nhỏ gọn, dễ điều khiển. - Tiện lợi di chuyển trong thành phố. - Động cơ bền bỉ, tiết kiệm điện. -hàng nhật","Quận Bình Tân, Tp Hồ Chí Minh",Đã sử dụng,Xe đạp điện,,,,6500000,Used,Hồ Chí Minh,,
813,https://xe.chotot.com/mua-ban-xe-dap/132236268.htm,2026-05-07 11:16:10,xe_dap_dien,Xe đạp điện Forever Xám,10500000,Thanh Dũng,"Xe đạp điện Forever màu xám, thiết kế phù hợp cho cả nam và nữ. Chạy điện và đạp trợ lực dùng trục khuỷu không sử dụng sên nên sạch sẽ và êm. - Xe chạy êm, bền bỉ. - Tiết kiệm chi phí đi lại. - Phù hợp đi học, đi làm. - Gấp gọn bỏ cốp xe ô tô. - Kết nối app điện thoại không cần chìa khoá.","Quận Phú Nhuận, Tp Hồ Chí Minh",Đã sử dụng,Xe đạp điện,Trung Quốc,,,10500000,Used,Hồ Chí Minh,,
814,https://xe.chotot.com/mua-ban-xe-dap/132235257.htm,2026-05-07 10:43:42,xe_dap_dien,nhà cần bán xe điện sonsu chính là,3500000,Xongtoan,nhà cần bán xe điện sonsu chính hãng sửa dụng tốt ko lỗi lầm giá 3t5 a.chị thiện trí mua liên hệ tới nhà xem...,"Thành phố Thủ Đức, Tp Hồ Chí Minh",Đã sử dụng,Xe đạp điện,,,,3500000,Used,Hồ Chí Minh,,
815,https://xe.chotot.com/mua-ban-xe-dap/132232876.htm,2026-05-07 09:27:25,xe_dap_dien,Xe đạp điện 133 màu Đen,4300000,Nguyễn Mạnh Nam,"Xe điện 133 màu đen, thiết kế nhỏ gọn, phù hợp cả nam và nữ. - Xe chạy êm, bền bỉ. - Tiết kiệm chi phí đi lại. - Xe sẵn sàng sử dụng.","Huyện Hóc Môn, Tp Hồ Chí Minh",Đã sử dụng,Xe đạp điện,,,,4300000,Used,Hồ Chí Minh,,
816,https://xe.chotot.com/mua-ban-xe-dap/132230219.htm,2026-05-07 07:11:40,xe_dap_dien,Xe đạp điện GR 55 Hồng,1140000,Huy Đồng,XE đạp điện Tai LG GR 55 chuẩn công nghệ quốc tế sản xuất Thái Lan Trả góp bao nợ xấu Thủ tục nhanh chóng Ko giữ CMND/CCCD Bảo mật thông tin khách hàng Hỗ trợ 0 trả trước Bảo hành chính hãng 2 năm Không chi phú phát sinh,"Quận 7, Tp Hồ Chí Minh",Mới,Xe đạp điện,Thái Lan,,,1140000,New,Hồ Chí Minh,,
817,https://xe.chotot.com/mua-ban-xe-dap/132227667.htm,2026-05-06 21:09:34,xe_dap_dien,Xe đạp điện TAILG màu Đen,22222222,Trịnh Hưng,"Xe đạp điện TAILG màu đen, thiết kế hiện đại, nhỏ gọn, dễ di chuyển trong phố. - Động cơ bền bỉ, tiết kiệm điện. - Phù hợp đi học, đi làm.","Huyện Đồng Phú, Bình Phước",Đã sử dụng,Xe đạp điện,,,,22222222,Used,Bình Phước,,
818,https://xe.chotot.com/mua-ban-xe-dap/132226829.htm,2026-05-06 20:15:50,xe_dap_dien,Xe đạp điện M133 Đen Đã sử dụng,4500000,Lynhlynh,Xe đạp điện M133 mình vừa thay bình tốt còn bảo hành 9 thang,"Quận 4, Tp Hồ Chí Minh",Đã sử dụng,Xe đạp điện,,,,4500000,Used,Hồ Chí Minh,,
819,https://xe.chotot.com/mua-ban-xe-dap/132226498.htm,2026-05-06 19:51:36,xe_dap_dien,Xe đạp điện Sport X,1550000,THIÊN Ý ĐIỆN MÁY TRẢ GÓP,"Xe điện Sport X màu đen, thiết kế thể thao, vận hành êm ái. - Xe trả góp, thủ tục đơn giản. - Phù hợp đi lại hàng ngày.","Thành phố Biên Hòa, Đồng Nai",Mới,Xe đạp điện,Nhật Bản,,,1550000,New,Đồng Nai,,
820,https://xe.chotot.com/mua-ban-xe-dap/132226097.htm,2026-05-06 19:31:38,xe_dap_dien,Xe đạp điện VC 3 yên 2025 Đen,7900000,Xe điện,"xe vc 3 yên bọc dior 2025, thiết kế nhỏ gọn tải trọng và động cơ mạnh mẽ, phù hợp cho các em cấp 2 đi học, các chị hay chở theo con nhỏ, được gắn 5 bình lớn sẽ đi được dài km hơn, trẻ trung, thời trang, vặn ga là lướt 5 bình đi được 50-60km/ 1 lần sạc giá 7,9 triệu","Quận Gò Vấp, Tp Hồ Chí Minh",Đã sử dụng,Xe đạp điện,,,,7900000,Used,Hồ Chí Minh,,
821,https://xe.chotot.com/mua-ban-xe-dap/132225733.htm,2026-05-06 19:09:45,xe_dap_dien,Xe đạp điện màu Đỏ,5000000,Anh,"xe đẹp nước sơn như mới. mới thay đầu đèn, lên pin, lên ic. xe chạy khoẻ đi xa/sạc","Quận Gò Vấp, Tp Hồ Chí Minh",Đã sử dụng,Xe đạp điện,Đài Loan,,,5000000,Used,Hồ Chí Minh,,
822,https://xe.chotot.com/mua-ban-xe-dap/132224794.htm,2026-05-06 18:11:27,xe_dap_dien,Xe đạp điện Aima 133 Đỏ,4900000,Xe điện,"133 aima 4 bình lớn 40-50km cho 1 lần sạc Động cơ 500W, tốc độ 40-45km/h Tải trọng 150kg hàng chính hãng (Nếu lấy bình mới thì giá 6,8 triệu, bảo hành 1 năm) Form dáng thể thao, màu đỏ nam tính, gầm xe cao thách thức mọi địa hình, được trang bị động cơ 500w mạnh mẽ, gắn với nguồn điện 4 bình ắc quy lớn giúp xe di chuyển được lâu hơn trong một lần sạc","Quận Gò Vấp, Tp Hồ Chí Minh",Đã sử dụng,Xe đạp điện,,,,4900000,Used,Hồ Chí Minh,,
823,https://xe.chotot.com/mua-ban-xe-dap/132220289.htm,2026-05-06 14:57:28,xe_dap_dien,Xe đạp điện giá siêu rẻ (đẹp leng keng),2500000,Dương Duy Tân,"Xe đạp điện màu xanh dương, phù hợp cho cả nam và nữ. - Thiết kế nhỏ gọn, dễ di chuyển. - Có 3 chỗ ngồi tiện lợi. - Xe chạy êm, tiết kiệm điện.","Huyện Long Hồ, Vĩnh Long",Đã sử dụng,Xe đạp điện,Đài Loan,,,2500000,Used,Vĩnh Long,,
824,https://xe.chotot.com/mua-ban-xe-dap/132218731.htm,2026-05-06 13:55:35,xe_dap_dien,Xe đạp điện Nhật Bản Xanh dương,2930000,XE ĐIỆN LONG XUYÊN,Xe Nhật Bản chạy 20 năm nữa em nó vẫn vậy .Đi học thể thao Vợ đi chợ mình đi nhậu khá ok.Xem không ưng ý mình mời cafe trà sữa giao lưu. Chúc sức khỏe đến với mọi người.,"Thành phố Long Xuyên, An Giang",Đã sử dụng,Xe đạp điện,Nhật Bản,,,2930000,Used,An Giang,,
825,https://xe.chotot.com/mua-ban-xe-dap/132218100.htm,2026-05-06 13:29:05,xe_dap_dien,Xe đạp điện iBike Trắng Mới 100% zá 5tr7 bh 1 năm.,5700000,Mua Bán Đồ Gia Dụng Điện Tử Âm Thanh khoan pin,"Xe đạp điện iBike màu trắng, thiết kế hiện đại, nhỏ gọn. - Di chuyển nhẹ nhàng, tiện lợi. - Phù hợp đi học, đi làm, dạo phố. - Xe mới 100% chir test chay thử đầy đủ phụ kiện theo xe sạc ,cặp kính hậu ,bàn đạp… - Xe đã lắp 4 bình mới 100% ,sạc đầy đi xa khoản 30/40km - Tốc độ phù hợp cho hoc sinh chạy ko cần bằng lái 25km ( có thể chạy nhanh hơn ) … - màn hình hiểm thị tốc độ ,cấp số .khoản đường đi được ,báo mở đèn .Xi nhan ,đèn cảnh báo khẩn cấp - khoá chìa ,khoá chống trộm còi báo trộm ,thông minh… - Giá bán 5tr7 xe mới đầy đủ phụ kiện - hàng tồn kho nên hơi trầy nhẹ ah . Được cái mới chưa dùng và giá cực rẻ dể xài ạh. - xem xe hẻm 70 đg trần hưng đạo nk cần thơ . - kết bạn zalo sđt trên bài biết thêm ạh…","Quận Ninh Kiều, Cần Thơ",Mới,Xe đạp điện,Trung Quốc,,,5700000,New,Cần Thơ,,
826,https://xe.chotot.com/mua-ban-xe-dap/132217562.htm,2026-05-06 13:05:22,xe_dap_dien,Thanh lý Xe đạp điện Revan R12 Xám đen,7000000,Thái Phương Loan,"Xe đạp điện Revan R12 còn mới, đẹp, kèm bình và dây sạc. - Dòng xe hiện đại, nhỏ gọn, phù hợp học sinh, sinh viên, người lớn tuổi. - Động cơ 350W, tốc độ tối đa 35km/h, đi xa 50km mỗi lần sạc. - Xe chạy êm, nhẹ, bánh xe lớn chắc chắn, ổn định. - Kiểu dáng hiện đại, màu xám đen, yên da nâu. - Giá 7 triệu.","Quận Ninh Kiều, Cần Thơ",Đã sử dụng,Xe đạp điện,Nhật Bản,,,7000000,Used,Cần Thơ,,
827,https://xe.chotot.com/mua-ban-xe-dap/132213688.htm,2026-05-06 10:28:43,xe_dap_dien,Xe đạp điện TAILG GR 55 - Góp Tư Nhân,2100000,Lê Huy,"Xe đạp điện TAILG GR 55màu trắng hồng, thiết kế trẻ trung, phù hợp cả nam và nữ. - ZÁ TRÊN GÓP BAO NỢ XẤU K QUA NGÂN HÀNG - Động cơ mạnh mẽ, vận hành êm ái. - Quãng đường di chuyển xa, tiện lợi cho việc đi lại hàng ngày. - Xe có đầy đủ tính năng an toàn.","Thành phố Biên Hòa, Đồng Nai",Mới,Xe đạp điện,Việt Nam,,,2100000,New,Đồng Nai,,
828,https://xe.chotot.com/mua-ban-xe-dap/132213686.htm,2026-05-06 10:28:39,xe_dap_dien,"Xe điện Lihaze Trắng 3 yên, Đã nâng cấp pin đi xa",8400000,Mr Thành,"Bán xe điện mini Lihaze, xe chạy ổn, em đi ít và còn mới lắm. Đã nâng cấp thêm pin phụ thứ 2, hộp CB chuyển đổi giữa 2 pin, gắn gương chiếu hậu an toàn và ghế chở trẻ em. Hiện xe đi được khoảng 50–60 km cho 1 lần sạc Xe phù hợp đi làm, đi chợ, chở con nhỏ, chạy phố rất tiện, xe cute gọn đẹp, khoang chứa nhiều đồ. Tình trạng: Máy móc ổn định, vỏ lốp mới. Pin mới nâng cấp, đi xa hơn chính hãng, hộp CB chuyển pin nhanh, tiện dụng. Có gương hậu an toàn và ghế chở trẻ em. Có thương lượng nhẹ cho ae thiện chí.","Thành phố Dĩ An, Bình Dương",Đã sử dụng,Xe đạp điện,Đài Loan,,,8400000,Used,Bình Dương,,
829,https://xe.chotot.com/mua-ban-xe-dap/132206485.htm,2026-05-05 20:53:01,xe_dap_dien,Xe đạp điện màu Xanh kẹt bánh sau,1300000,Lê,xe đạp điện hiện trạng bị kẹt bánh sau bác nào mua liên hệ ***,"Quận Bình Tân, Tp Hồ Chí Minh",Đã sử dụng,Xe đạp điện,Khác,,,1300000,Used,Hồ Chí Minh,,
830,https://xe.chotot.com/mua-ban-xe-dap/132204039.htm,2026-05-05 18:19:11,xe_dap_dien,Xe đạp điện Asama Xanh xám,2100000,Hai Hoang,"Xe đạp điện Asama màu xanh xám, thiết kế gọn gàng, phù hợp cho cả nam và nữ. - Xe chạy êm, bình còn tốt (mới thay 12/2025) - Tiết kiệm năng lượng, dễ dàng di chuyển trong phố.","Thành phố Thủ Đức, Tp Hồ Chí Minh",Đã sử dụng,Xe đạp điện,,,,2100000,Used,Hồ Chí Minh,,
831,https://xe.chotot.com/mua-ban-xe-dap/132204029.htm,2026-05-05 18:18:52,xe_dap_dien,Xe Điện Công Suất Siêu Mạnh,4000000,Kiều Khang Hy,"Xe có ngoại hình đã cũ theo thời gian, nhưng đã được nâng cấp IC giúp đạt vận tốc khoảng 70 km/h. Quãng đường di chuyển mỗi lần sạc đầy: 45 – 50 km Vừa thay mới 5 bình ắc quy, tình trạng tốt Xe ít sử dụng sau khi thay bình Phù hợp cho nhu cầu đi lại hằng ngày, tiết kiệm chi phí.","Quận Tân Bình, Tp Hồ Chí Minh",Đã sử dụng,Xe đạp điện,,,,4000000,Used,Hồ Chí Minh,,
832,https://xe.chotot.com/mua-ban-xe-dap/132203802.htm,2026-05-05 18:06:45,xe_dap_dien,Xe đạp điện màu Trắng,9500000,Hồng Phát,"Xe đạp điện nhà ít sử dụng nên bán rẻ cho bạn nào cần , dòng xe này chạy 5 bình lớn rất mạnh và vọt , xe đời mới kiểu dáng bự rất đẹp . Nói chung xe rất ok Trước mua 16tr mấy nay bán lại 9tr500k bạn nào cần alo cho mình nha , mình không rep tn trên đây nha","Quận Bình Tân, Tp Hồ Chí Minh",Đã sử dụng,Xe đạp điện,Nhật Bản,,,9500000,Used,Hồ Chí Minh,,
833,https://xe.chotot.com/mua-ban-xe-dap/132197449.htm,2026-05-05 13:30:50,xe_dap_dien,Xe đạp điện màu Đỏ Đã sử dụng,2500000,Lam van toan,xe còn chạy tốt bình ok đèn còi bình thường mua về là chạy ko phải sửa chứa gì,"Thành phố Thuận An, Bình Dương",Đã sử dụng,Xe đạp điện,Đài Loan,,,2500000,Used,Bình Dương,,
834,https://xe.chotot.com/mua-ban-xe-dap/130894626.htm,2026-05-05 11:43:30,xe_dap_dien,Xe đạp điện Moka màu Xanh Mới,6500000,Xe Điện Lam Anh,"Do chuyển kho, shop cần xả nhanh 1 em Moka xanh như hình, xe mới, đầy đủ phụ kiện, bảo hành đầy đủ Xem xe gần chợ Hóc Môn cảm ơn chợ tốt duyệt tin","Huyện Hóc Môn, Tp Hồ Chí Minh",Mới,Xe đạp điện,Đài Loan,,,6500000,New,Hồ Chí Minh,,
835,https://xe.chotot.com/mua-ban-xe-dap/129205559.htm,2026-05-05 11:40:58,xe_dap_dien,Xe điện T3 hotrend mẫu mới,11500000,Xe Điện Lam Anh,"Shop còn 1 chiếc T3 hotrend mẫu mới, màu xám như hình, xe chạy 4,5,6 bình lớn, tốc độ 50Km/h, khoản cách khoản 50-70km Xe mới, bình mới, có đầy đủ phụ kiện, thẻ từ, chống trộm, 3 tốc độ, bảo hành 12 tháng. Xem xe gần chợ Thới Tứ Hóc Môn","Huyện Hóc Môn, Tp Hồ Chí Minh",Mới,Xe đạp điện,Đài Loan,,,11500000,New,Hồ Chí Minh,,
836,https://xe.chotot.com/mua-ban-xe-dap/130944157.htm,2026-05-05 11:14:03,xe_dap_dien,Xe đạp điện pega chính hãng chạy êm zu bình khoẻ,3600000,Thu Hồng,"Xe đạp điện pega chính hãng thiết kế trẻ trung, phù hợp cho cả nam và nữ. - Động cơ bền bỉ, vận hành êm ái. - Quãng đường di chuyển tốt. - Xe có đầy đủ chức năng.","Quận 12, Tp Hồ Chí Minh",Đã sử dụng,Xe đạp điện,,,,3600000,Used,Hồ Chí Minh,,
837,https://xe.chotot.com/mua-ban-xe-dap/131002784.htm,2026-05-05 08:22:24,xe_dap_dien,Xe đạp điện Nija chỗ để chân rộng ( Có Trả Góp ),4800000,Thiên Hương,Bán xe đạp điện Nija chỗ để chân rộng đẹp 90% sạc đầy đi 25 - 30km /1 lần sạc đầy đủ chức năng xe đi êm ( có trả góp ) Ib zalo để biết thêm chi tiết Xem xe tại số 658 Đường Láng - Hà Nội,"Quận Đống Đa, Hà Nội",Đã sử dụng,Xe đạp điện,Khác,,,4800000,Used,Hà Nội,,
838,https://xe.chotot.com/mua-ban-xe-dap/132188502.htm,2026-05-05 07:10:17,xe_dap_dien,Xe đạp điện Lihaze Mini Đen,4800000,như Nguyễn,"cần bán xe điện mini lihaze xe còn rất mới lột keo , đủ 2 chìa + remote chống trộm xe đi xa 40-50km 1 lần sạc khu vực tphcm quận tân phú ( phú thọ hòa ) giá 4tr8 còn bớt đầy đủ sạc chìa khóa remote","Quận Tân Phú, Tp Hồ Chí Minh",Đã sử dụng,Xe đạp điện,,,,4800000,Used,Hồ Chí Minh,,
839,https://xe.chotot.com/mua-ban-xe-dap/132187658.htm,2026-05-05 00:12:37,xe_dap_dien,Xe điện bán,3900000,Trang Nghiêm,Bán rẻ lại cho ai cần xe vẫn còn rất mới đi giữ rất kỹ Động cơ êm ái lướt vivu hoạt động bình thường... Thank you!,"Thành phố Thủ Đức, Tp Hồ Chí Minh",Đã sử dụng,Xe đạp điện,,,,3900000,Used,Hồ Chí Minh,,
840,https://xe.chotot.com/mua-ban-xe-dap/132186000.htm,2026-05-04 21:19:00,xe_dap_dien,Xe đạp điện Samurai Xanh đậm Rất mới,5800000,Nguyễn Hoàng Diệu,"Bán xe điện, giá rẻ Giá 5tr8 Xe còn rất mới","Quận Tân Bình, Tp Hồ Chí Minh",Đã sử dụng,Xe đạp điện,,,,5800000,Used,Hồ Chí Minh,,
841,https://xe.chotot.com/mua-ban-xe-dap/130962456.htm,2026-05-04 18:00:49,xe_dap_dien,Xe đạp điện màu Đen,18000000,Trần Lý Chiêu Hoàng,"Xe đạp điện màu đen, thiết kế phù hợp cho cả nam và nữ. - Di chuyển tiện lợi trong thành phố. - Tiết kiệm chi phí xăng xe. - Dễ dàng sử dụng.","Quận 5, Tp Hồ Chí Minh",Đã sử dụng,Xe đạp điện,,,,18000000,Used,Hồ Chí Minh,,
842,https://xe.chotot.com/mua-ban-xe-dap/132176852.htm,2026-05-04 13:15:44,xe_dap_dien,Xe đạp điện Cute Nhỏ Gọn,3900000,Xe điện Pega Cần Thơ,Xe đạp điện còn khoảng 80% 1 Lần sạc chạy trên 30km Đèn còi xi nhan đầy đủ Có phụ kiện. có sạc Mua là sử dụng. không phát sinh chi phí Bên em có giao xe Chi tiết xin liên hệ z.a.l.o Thanks,"Quận Thốt Nốt, Cần Thơ",Đã sử dụng,Xe đạp điện,Việt Nam,,,3900000,Used,Cần Thơ,,
843,https://xe.chotot.com/mua-ban-xe-dap/132176269.htm,2026-05-04 12:46:17,xe_dap_dien,Xe đạp điện Model 2017 Đỏ,3000000,Hoàng Minh,xe chạy bình thường ac quy yếu còn lại ksao,"Thành phố Ninh Bình, Ninh Bình",Đã sử dụng,Xe đạp điện,,,,3000000,Used,Ninh Bình,,
844,https://xe.chotot.com/mua-ban-xe-dap/126840400.htm,2026-05-04 10:00:07,xe_dap_dien,"Xe đạp điện công suất 350w, khoá chống trộm",1300000,Lê Hiếu Điện Máy Trả Góp,"Xe điện nhiều màu sắc lựa chọn: hồng, xanh nhạt, xám. * Xe điện nhỏ gọn, dễ di chuyển. * Phù hợp cho nhiều đối tượng. * Thiết kế hiện đại, bắt mắt. 𝐓𝐫ả 𝐆ó𝐩 𝐁𝐚𝐨 𝐍ợ 𝐗ấ𝐮𝐊𝐡ô𝐧𝐠 𝐂ầ𝐧 𝐍𝐠â𝐧 𝐇à𝐧𝐠 𝐇à𝐧𝐠 𝐂𝐡í𝐧𝐡 𝐇ã𝐧𝐠 ZÁ TRÊN ZÁ GÓP 1 THÁNG 👉🏾Đặc biệt : 1️⃣ KHÔNG trả trước 2️⃣ KHÔNG qua ngân hàng 3️⃣ THỦ TỤC nhanh, gọn, lẹ 4️⃣ BẢO HÀNH chính hãng dài lâu 5️⃣ LẮP ĐẶT miễn phí, chuyên nghiệp 6️⃣ GÓP TIỀN tuần hoặc tháng ----------------------------------------------------- - Bán Trả Góp-Các hàng điện máy (TV, Tủ lạnh, Máy lạnh, Máy giặt, Loa kéo, Xe đạp điện...)","Quận 6, Tp Hồ Chí Minh",Mới,Xe đạp điện,,,,1300000,New,Hồ Chí Minh,,
845,https://xe.chotot.com/mua-ban-xe-dap/132162518.htm,2026-05-03 16:24:27,xe_dap_dien,Xe đạp điện JVC FI ONE STEEP AEMOVE Trắng,3200000,Vi Nguyễn,hãng xe JVC FI ONE STEEP AEMOVE đã sử dụng chưa sửa chữa,"Huyện Cần Giuộc, Long An",Đã sử dụng,Xe đạp điện,Nhật Bản,,,3200000,Used,Long An,,
846,https://xe.chotot.com/mua-ban-xe-dap/132162093.htm,2026-05-03 16:01:49,xe_dap_dien,Xe đạp điện màu Trắng kem,4500000,loan,"Xe đạp điện màu trắng kem, thiết kế phù hợp cho cả nam và nữ. - Kiểu dáng hiện đại, nhỏ gọn. cần bán.gia 4.500.000 LH *** -","Quận 12, Tp Hồ Chí Minh",Đã sử dụng,Xe đạp điện,Trung Quốc,,,4500000,Used,Hồ Chí Minh,,
847,https://xe.chotot.com/mua-ban-xe-dap/132158292.htm,2026-05-03 12:33:37,xe_dap_dien,Xe đạp điện trợ lực Gấp gọn Engwe P20 màu Xám 97%,12000000,Trân Trân ,"Tình trạng: : Xe còn mới 97%, ít sử dụng, ngoại hình đẹp như hình). Ít sử dụng nên bán nữ đi .Trải nghiệm: Xe đi rất êm nhờ truyền động dây đai, không lo bẩn quần áo vì dầu xích. Gấp gọn cực tiện cho anh em ở chung cư hoặc mang đi du lịch. Phụ kiện đi kèm gồm: Sạc zin, túi treo khung (như trong ảnh)","Quận Bình Tân, Tp Hồ Chí Minh",Đã sử dụng,Xe đạp điện,,,,12000000,Used,Hồ Chí Minh,,
848,https://xe.chotot.com/mua-ban-xe-dap/132157485.htm,2026-05-03 11:48:42,xe_dap_dien,Xe đạp điện màu Xanh Đã qua sử dụng,2500000,Nguyễn Thanh Lam,"Mình bán xe đạp điện đã qua sử dụng. giá 2,5 triệu bạn nào có nhu cầu IB ***","Quận Bình Tân, Tp Hồ Chí Minh",Đã sử dụng,Xe đạp điện,,,,2500000,Used,Hồ Chí Minh,,
849,https://xe.chotot.com/mua-ban-xe-dap/132157266.htm,2026-05-03 11:37:55,xe_dap_dien,Xe đạp điện màu Xanh,7500000,ATran,"xe đạp điện ,xe đạp chợlực ai cần LH hoặc zaaloo","Huyện Bình Chánh, Tp Hồ Chí Minh",Đã sử dụng,Xe đạp điện,,,,7500000,Used,Hồ Chí Minh,,
850,https://xe.chotot.com/mua-ban-xe-dap/127634785.htm,2026-05-03 10:24:32,xe_dap_dien,Xe đạp điện,1200000,Lê Hiếu Điện Máy Trả Góp,"🔥 Mua sắm dễ dàng – Bao nợ xấu 🔥 🏠 Ở trọ: chỉ cần trả trước 10–30% 🏡 Nhà chính chủ: 0đ trả trước – nhận ngay sản phẩm 🛒 Danh mục góp trả góp: - Điện máy: máy lạnh, tủ lạnh, máy giặt, máy lọc nước… - Điện tử: TV, laptop, điện thoại, dàn karaoke… - Xe điện, xe đạp điện – mẫu mã hot trend ⚡ Thủ tục nhanh gọn – duyệt liền tay – nhận hàng liền chỗ! 📲 Nhắn tin ngay để được hỗ trợ!","Huyện Bình Chánh, Tp Hồ Chí Minh",Mới,Xe đạp điện,,,,1200000,New,Hồ Chí Minh,,
851,https://xe.chotot.com/mua-ban-xe-dap/132154607.htm,2026-05-03 09:26:08,xe_dap_dien,Xe đạp điện màu Xám,2100000,Trả Góp Điện Máy Lê Triều,Xe đạp điện cao cấp - Bán trả góp tại nhà - Không qua ngân hàng - Xe chính hãng bảo hành 12 tháng - Trả góp tuần/tháng - Miễn phí giao hàng tại nhà,"Quận 12, Tp Hồ Chí Minh",Mới,Xe đạp điện,Nhật Bản,,,2100000,New,Hồ Chí Minh,,
852,https://xe.chotot.com/mua-ban-xe-dap/132153755.htm,2026-05-03 08:29:29,xe_dap_dien,Xe đạp điện Tailg GR55 2026 Đen Nhám - Mới 100%,4500000,Trả Góp Điện Máy Tại Nhà ,"Xe Điện Tailg GR55 – Thiết Kế Đẹp, Chạy Êm, Giá Tốt 2026 | Trả Góp 0đ Nhận Xe Ngay Bạn đang tìm một chiếc xe đạp điện vừa đẹp, vừa bền, lại tiết kiệm chi phí? 🚴‍♂️ Tailg GR55 chính là lựa chọn cực kỳ đáng cân nhắc trong năm 2026! ✨ Điểm nổi bật của Tailg GR55: Thiết kế hiện đại, trẻ trung Động cơ mạnh mẽ, chạy êm Tiết kiệm điện, chi phí thấp Dễ điều khiển, an toàn khi di chuyển 📍 Liên hệ ngay để được tư vấn và mua xe với giá tốt","Quận Gò Vấp, Tp Hồ Chí Minh",Mới,Xe đạp điện,Trung Quốc,,,4500000,New,Hồ Chí Minh,,
853,https://xe.chotot.com/mua-ban-xe-dap/132150771.htm,2026-05-02 20:36:41,xe_dap_dien,Xe đạp điện Toseco Đỏ,6000000,Nguyen thi tuyet mai,Cần bán xe đạp điện giá 6tr. xe còn chạy tốt,"Quận 4, Tp Hồ Chí Minh",Đã sử dụng,Xe đạp điện,,,,6000000,Used,Hồ Chí Minh,,
854,https://xe.chotot.com/mua-ban-xe-dap/132147097.htm,2026-05-02 16:07:19,xe_dap_dien,Xe đạp điện KAZUKI Đen,5000000,Nguyễn Văn Trung,"Xe đạp điện KAZUKI màu đen, thiết kế phù hợp cho cả nam và nữ. - Xe chạy êm, bền. - Tiết kiệm - Mới thay 4 bình điện.","Thị xã Điện Bàn, Quảng Nam",Đã sử dụng,Xe đạp điện,,,,5000000,Used,Quảng Nam,,
855,https://xe.chotot.com/mua-ban-xe-dap/132144228.htm,2026-05-02 13:19:57,xe_dap_dien,TAILG GR56,1111000,HIỀN ĐIỆN MÁY TRẢ GÓP 0 ĐỒNG,"Thiết kế đẹp, hiện đại ZÁ GÓP THÁNG KHÔNG QUA NGÂN HÀNG BAO NỢ XẤU Vận hành êm – tiết kiệm Phù hợp đi học, đi làm Giá tốt – hỗ trợ trả góp Xe đẹp – giá ngon – chốt nhanh","Quận 3, Tp Hồ Chí Minh",Mới,Xe đạp điện,Việt Nam,,,1111000,New,Hồ Chí Minh,,
856,https://xe.chotot.com/mua-ban-xe-dap/127111915.htm,2026-05-02 12:24:26,xe_dap_dien,xe đạp điện còn vài mẫu thanh lý nốt nghỉ.,6000000,Đăng Trung Nguyễn,. xe mới 100% đầy đủ mẫu má mới 2026 . Đang có chương trình khuyến mãi giảm giá . Nhanh tay ghé cửa hàng em giá niêm yết còn giảm . Giá niêm yết đã có luôn bình từ bốn bình đến năm bình . Đầy đủ phụ tùng sửa chữa chữa nâng cấp trao đổi xe cũ lấy xe mới . Các bác yên tâm và sử dụng thích hợp cho học sinh sinh viên đi học cô bác đi chợ xe điện rất rất thịnh hành . Động cơ điện êm bền đậm chất đặt tốc độ 50 60 80 km/h không khác gì xe xăng mà tiết kiệm một số tiền kha khá thì ngại gì không đi xe điện ạ,"Huyện Trảng Bom, Đồng Nai",Mới,Xe đạp điện,,,,6000000,New,Đồng Nai,,
857,https://xe.chotot.com/mua-ban-xe-dap/132142442.htm,2026-05-02 11:27:23,xe_dap_dien,Xe đạp điện HKbike Đỏ trắng,3800000,Thang Hoang,"Xe đạp điện HKbike màu đỏ trắng, thiết kế trẻ trung, năng động. - Xe chạy êm, bền bỉ. - Phù hợp đi học, đi làm, dạo phố. bánh 18in,bình mới 48v,xe mới đẹp","Quận Tân Phú, Tp Hồ Chí Minh",Đã sử dụng,Xe đạp điện,,,,3800000,Used,Hồ Chí Minh,,
858,https://xe.chotot.com/mua-ban-xe-dap/128341070.htm,2026-05-02 08:00:31,xe_dap_dien,xe điện moka i8 600w chạy 50km 1 lần xac bh 12th,6500000,HOANG TƯỞNG XE ĐIỆN,Xe mới bình mới bh 12th hỗ trợ ship tại nhà đủ các màu giá tại kho DC 106/9 Tân Chánh hiệp 10 quận 12 tphcm,"Quận 12, Tp Hồ Chí Minh",Mới,Xe đạp điện,Trung Quốc,,,6500000,New,Hồ Chí Minh,,
859,https://xe.chotot.com/mua-ban-xe-dap/132135228.htm,2026-05-01 18:41:10,xe_dap_dien,Xe đạp điện Homesheel T20 Xám,16500000,RẠNG ĐÔNG,"Không có nhu cầu sử dụng, cần bán lại xe đạp điện homesheel T20. Xe mới đi 2800km ( còn rất mới ). Tốc độ tối đa 50km/h ( mua mới giá 28.8tr) bán lại giá chỉ còn 16,5tr sđt liên hệ : *** ( a Quang) tphcm","Quận 6, Tp Hồ Chí Minh",Đã sử dụng,Xe đạp điện,,,,16500000,Used,Hồ Chí Minh,,
860,https://xe.chotot.com/mua-ban-xe-dap/132133158.htm,2026-05-01 15:24:50,xe_dap_dien,Xe đạp điện K1 màu Kem,8000000,Nguyễn Thạnh,"xe đạp điện k1 5 bình lớn xe đẹp bình khỏe xe chạy mượt ,xe đi đc 50-55km cho 1lan sạc, giá 8tr","Huyện Bình Chánh, Tp Hồ Chí Minh",Đã sử dụng,Xe đạp điện,,,,8000000,Used,Hồ Chí Minh,,
861,https://xe.chotot.com/mua-ban-xe-dap/132133051.htm,2026-05-01 15:17:38,xe_dap_dien,Xe đạp điện,2200000,Trần Văn Hữu,cần bán chiếc xe đạp điện như hình chạy pin tuần xạc 1 lần 2tr2,"Thành phố Vũng Tàu, Bà Rịa - Vũng Tàu",Đã sử dụng,Xe đạp điện,,,,2200000,Used,Vũng Tàu,,
862,https://xe.chotot.com/mua-ban-xe-dap/132131030.htm,2026-05-01 12:48:31,xe_dap_dien,Xe điện chạy pin,3500000,kim vũ,"Xe đạp điện HKbike nhiều màu sắc: đỏ, đen, trắng. - Thiết kế trẻ trung, năng động. - Động cơ bền bỉ, quãng đường di chuyển tốt. mới thay pin hãng hết 2trieu 200","Quận Tân Bình, Tp Hồ Chí Minh",Đã sử dụng,Xe đạp điện,,,,3500000,Used,Hồ Chí Minh,,
864,https://xe.chotot.com/mua-ban-xe-dap/132129013.htm,2026-05-01 10:30:02,xe_dap_dien,Xe đạp điện ASAMA màu Đỏ,1800000,Bao,"Xe đạp điện ASAMA màu đỏ, bán cho anh em nào về làm lại chạy đi chợ đi học xe còn chạy bình thường xe không bàn đạp có sạc","Huyện Hóc Môn, Tp Hồ Chí Minh",Đã sử dụng,Xe đạp điện,,,,1800000,Used,Hồ Chí Minh,,
865,https://xe.chotot.com/mua-ban-xe-dap/132126474.htm,2026-05-01 07:27:30,xe_dap_dien,Xe đạp điện Niija Đen Đã qua sử dụng,3900000,Nga Bùi,bán xe đạp điện Niija đã qua sử dụng như hình.xe đã được bảo dưỡng sửa chữa kiểm tra an toàn . bình mới tinh bảo hành một năm.giá bán 3.900 nghìn,"Huyện An Lão, Hải Phòng",Đã sử dụng,Xe đạp điện,,,,3900000,Used,Hải Phòng,,
866,https://xe.chotot.com/mua-ban-xe-dap/132118995.htm,2026-04-30 12:40:00,xe_dap_dien,Xe đạp điện màu Đen,2500000,NGUYEN TRONG KHANH,xe hoạt động tot các chưc năng đầy đủ để lại cho a e nào cần,"Thành phố Thủ Đức, Tp Hồ Chí Minh",Đã sử dụng,Xe đạp điện,,,,2500000,Used,Hồ Chí Minh,,
867,https://xe.chotot.com/mua-ban-xe-dap/132110291.htm,2026-04-29 17:58:09,xe_dap_dien,XE ĐẠP ĐIỆN M133 -GÓP KHÔNG QUA NGÂN HÀNG BAO NXAU,12860000,XE ĐIỆN TRẢ GÓP,"Xe đạp điện Bike 133 màu đỏ, thiết kế trẻ trung, năng động. - Động cơ bền bỉ, vận hành êm ái. - Quãng đường di chuyển tốt. - Phù hợp đi học, đi làm. LH ***","Quận 12, Tp Hồ Chí Minh",Mới,Xe đạp điện,Khác,,,12860000,New,Hồ Chí Minh,,
868,https://xe.chotot.com/mua-ban-xe-dap/132106671.htm,2026-04-29 14:32:33,xe_dap_dien,Xe đạp điện Tailg GR55 Đen nhám- MỚI 100%,4200000,Vy Điện Máy Trả Góp Tại Nhà,"Xe Đạp Điện Tailg GR55 – Thiết Kế Đẹp, Chạy Êm, Giá Tốt 2026 | Trả Góp 0đ Nhận Xe Ngay Bạn đang tìm một chiếc xe đạp điện vừa đẹp, vừa bền, lại tiết kiệm chi phí? 🚴‍♂️ Tailg GR55 chính là lựa chọn cực kỳ đáng cân nhắc trong năm 2026! Trong video này, mình sẽ review chi tiết xe đạp điện Tailg GR55 từ thiết kế, động cơ, pin cho đến trải nghiệm thực tế khi sử dụng. Đây là mẫu xe phù hợp cho học sinh, sinh viên và người đi làm cần phương tiện di chuyển tiện lợi, tiết kiệm. ✨ Điểm nổi bật của Tailg GR55: Thiết kế hiện đại, trẻ trung Động cơ mạnh mẽ, chạy êm Tiết kiệm điện, chi phí thấp Dễ điều khiển, an toàn khi di chuyển 📍 Liên hệ ngay để được tư vấn và mua xe với giá ***!","Thành phố Thủ Dầu Một, Bình Dương",Mới,Xe đạp điện,Trung Quốc,,,4200000,New,Bình Dương,,
869,https://xe.chotot.com/mua-ban-xe-dap/132106662.htm,2026-04-29 14:31:55,xe_dap_dien,Xe đạp điện Nữ màu Hồng,2500000,Tạ TÍNH,mua xe cho con trai đi học mà nó nói xe màu hồng con gái bạn chọc ko chịu đi nay mình để lại cho bạn nào cần. mình mua 3.5 triệu mới dc nữa tháng giờ để lại 2.5 trieu,"Thành phố Thủ Đức, Tp Hồ Chí Minh",Đã sử dụng,Xe đạp điện,,,,2500000,Used,Hồ Chí Minh,,
870,https://xe.chotot.com/mua-ban-xe-dap/132106586.htm,2026-04-29 14:28:05,xe_dap_dien,Bán xe đạp điện fli21 màu đen còn rất mới,8000000,Mai,"Xe điện 3 chỗ ngồi : ghế trước+ ghế giữa (lái) + ghế sau (2 người lớn + 1 em bé hay 2 3m bé 1 người lớn) Pin đi 60km, 5 cục, vận tốc tối đa 32km/giờ. Sạc 4 5 tiếng đầy. Trên tay lái trước có : lỗ sạc điện thoại usb + giá đỡ ôm điện thoại+ đồng hồ km điện tử + đồng hồ báo số pin + khớp gấp + ổ khoá + còi kêu to rõ + đèn + xi nhan phải trái đầy đủ. Có rổ trước và rổ dưới ghế trước+ 3 bộ gác chân cho 3 ghế + 3 yên cực êm Hông ghế sau có lỗ bộ sạc + cục sạc mới đầy đủ Đặc biệt, xe thiết kế 3 khóa cài để gấp làm 3 nhỏ gọn khi cần để lên ô tô Di chuyển đường dài. Hàng còn Nguyên zin của hãng, cô chủ giữ rất kỹ. Giá mua mới 15tr để lại người thiện chí 8tr. Lh em cô chủ: ***","Huyện Đức Hòa, Long An",Đã sử dụng,Xe đạp điện,Trung Quốc,,,8000000,Used,Long An,,
871,https://xe.chotot.com/mua-ban-xe-dap/132102103.htm,2026-04-29 10:43:11,xe_dap_dien,Xe điện Weikesi Urban Glider Trắng,4900000,Nguyễn Phúc Phong An,Lô cũ cháy sạch hàng 🔥 về thêm lô mới ngon hơn Xe điện Scooter Weikesi Urban Glider Tốc độ: 25km/h Quãng đường: 30km/ lần sạc Trọng tải: 120kg 🏷️ Giá chỉ 4tr9 thôi,"Quận 7, Tp Hồ Chí Minh",Mới,Xe đạp điện,Trung Quốc,,,4900000,New,Hồ Chí Minh,,
872,https://xe.chotot.com/mua-ban-xe-dap/132100976.htm,2026-04-29 09:58:48,xe_dap_dien,"Xe đạp điện màu Đen, Trắng, Đỏ, Xanh",6800000,Xe điện TRI TÔN ,"Xe đẹp keng như hình. Kiểu dáng thời trang. Thích hợp cho các em học sinh. Acquy cực mạnh Bao mạnh,bền,đẹp. Giá tốt cho anh em tham khảo.","Huyện Tri Tôn, An Giang",Đã sử dụng,Xe đạp điện,,,,6800000,Used,An Giang,,
874,https://xe.chotot.com/mua-ban-xe-dap/132097745.htm,2026-04-29 05:13:28,xe_dap_dien,Xe đạp điện SAMA Xanh dương Đã sử dụng,2300000,Cường Bình Dương,"Xe đạp điện SAMA màu xanh dương, xe để không đi nên bán xe còn chạy tốt không hư hỏng","Thành phố Thuận An, Bình Dương",Đã sử dụng,Xe đạp điện,Nhật Bản,,,2300000,Used,Bình Dương,,
875,https://xe.chotot.com/mua-ban-xe-dap/132090801.htm,2026-04-28 15:45:08,xe_dap_dien,Xe đạp điện Hitachi Xanh dương,1800000,huy,"Xe đạp điện Hitachi màu xanh dương, thiết kế trẻ trung, năng động. - Xe chạy êm, bền bỉ. - Phù hợp đi học, đi làm, dạo phố.","Huyện Hóc Môn, Tp Hồ Chí Minh",Đã sử dụng,Xe đạp điện,,,,1800000,Used,Hồ Chí Minh,,
876,https://xe.chotot.com/mua-ban-xe-dap/132081051.htm,2026-04-28 08:36:34,xe_dap_dien,Xe đạp trợ lực Bridgestone Albelt Nhật Bản,14000000,Trần Ngọc Huy,"Cần bán xe đạp trợ lục của nhật . Xe hoạt động hoàn hảo , xe sử dụng ba cấp trợ lục chạy dây curoa và đùm âm 5 số simano , nước Sơn rin còn chưa qua dặm tút lai. Xe có công nghệ tự sạc ngược lại khi pin về dưới 80% nên rất lâu mới hết pin.Giá bán 14 triệu.","Huyện Hóc Môn, Tp Hồ Chí Minh",Đã sử dụng,Xe đạp điện,Nhật Bản,,,14000000,Used,Hồ Chí Minh,,
877,https://xe.chotot.com/mua-ban-xe-dap/132080426.htm,2026-04-28 07:57:11,xe_dap_dien,Bình acquy mới Xe đạp điện 133M màu Đen,4700000,Trần Tuấn Phong,"Bình acquy mới, xe điện bò nhỏ 133M, Bình acquy mới, đồng hồ, xinhan, đèn hậu mới. Linh kiện điện mới bảo hành 1 năm. lốp trước mới, lốp sau mới thay 1 thời gian. IC điều tốc, động cơ bảo hành 6 tháng","Huyện Hải Hậu, Nam Định",Đã sử dụng,Xe đạp điện,Việt Nam,,,4700000,Used,Nam Định,,
878,https://xe.chotot.com/mua-ban-xe-dap/132079860.htm,2026-04-28 07:14:16,xe_dap_dien,Bán xe điện hiệu Aima G5 xanh ánh tím mới 95%,5500000,Tên chưa cung cấp,"Xe chính hãng Đài Loan qua sử dụng mới 95% 4 bình lớn chạy trên 50km cần tiền bán gấp Xem xe tại 48/1a đường 14a phường Bình Hưng Hòa A, quận Bình Tân tphcm. ĐT: ***","Quận Bình Tân, Tp Hồ Chí Minh",Đã sử dụng,Xe đạp điện,Đài Loan,,,5500000,Used,Hồ Chí Minh,,
879,https://xe.chotot.com/mua-ban-xe-dap/132079807.htm,2026-04-28 07:09:52,xe_dap_dien,"Xe đạp điện 133m Đen, Đỏ",6500000,Bếu Pham,Bán 133m mới giá rẻ Xe và bình bảo hành 1 năm,"Huyện Ý Yên, Nam Định",Đã sử dụng,Xe đạp điện,Việt Nam,,,6500000,Used,Nam Định,,
880,https://xe.chotot.com/mua-ban-xe-dap/132079779.htm,2026-04-28 07:06:55,xe_dap_dien,Xe đạp điện SONSU màu Đỏ,3500000,Thoại Nguyễn,Cần bán xe đã qua sử dụng Còn đầy đủ mọi chức năng,"Thành phố Thuận An, Bình Dương",Đã sử dụng,Xe đạp điện,,,,3500000,Used,Bình Dương,,
881,https://xe.chotot.com/mua-ban-xe-dap/132079770.htm,2026-04-28 07:06:12,xe_dap_dien,"Xe đạp điện màu Trắng, xanh",1500000,An,"Xe đạp điện màu trắng, xanh, phù hợp cho cả nam và nữ. - Thiết kế gọn gàng, dễ điều khiển. - Động cơ bền bỉ, quãng đường di chuyển tốt. - Tiện lợi cho việc đi lại hàng ngày.","Thị xã Điện Bàn, Quảng Nam",Đã sử dụng,Xe đạp điện,,,,1500000,Used,Quảng Nam,,
882,https://xe.chotot.com/mua-ban-xe-dap/132079766.htm,2026-04-28 07:05:54,xe_dap_dien,"Xe đạp điện Ninjia Đỏ, Xám Hỏng bình",1000000,Vũ Nga,Bán xe ninjia như hình cho ai cần bình hỏng,"Thành phố Hải Dương, Hải Dương",Đã sử dụng,Xe đạp điện,Khác,,,1000000,Used,Hải Dương,,
883,https://xe.chotot.com/mua-ban-xe-dap/132073983.htm,2026-04-27 16:55:39,xe_dap_dien,"Xe điện mới 100% thanh lý ngưng KD , còn ít mẫu",8000000,Nguyễn đình anh tú,"Xe điện vespa + v1 còn vài màu thanh lý hàng mới 100% . xem xe tại cửa hàng. Thanh lý ngưng KD , vui lòng không ép giá. ae ai cần IB","Quận Bình Tân, Tp Hồ Chí Minh",Mới,Xe đạp điện,Trung Quốc,,,8000000,New,Hồ Chí Minh,,
884,https://xe.chotot.com/mua-ban-xe-dap/132071776.htm,2026-04-27 15:13:48,xe_dap_dien,Xe đạp điện M 133 2024 Đỏ,3500000,Văn Trung,"Xe đạp điện M 13, Học sinh cấp 2,3 đi học. Dư dùng nên bán lại cho ace có nhu cầu. Xe rất ok.","Thành phố Tuy Hòa, Phú Yên",Đã sử dụng,Xe đạp điện,,,,3500000,Used,Phú Yên,,
885,https://xe.chotot.com/mua-ban-xe-dap/132070025.htm,2026-04-27 13:50:15,xe_dap_dien,Xe đạp điện THELI Đỏ,4500000,Ngọc Minh,"xe đạp điện THELI đã thay pin 1 lần(pin còn mới) Xe được trang bị động cơ 350W, cho phép leo dốc 30 độ. Thân xe thiết kế nhỏ, gọn, nhẹ, có thể gấp gọn để trong cốp sau xe ô tô. Màn hình nhỏ xinh, giúp bạn có thể theo dõi số pin, quãng đường và tốc độ Xe chịu được tải trọng lên đến 250kg, có 3 ghế","Thành phố Bến Tre, Bến Tre",Đã sử dụng,Xe đạp điện,Trung Quốc,,,4500000,Used,Bến Tre,,
886,https://xe.chotot.com/mua-ban-xe-dap/132070004.htm,2026-04-27 13:49:17,xe_dap_dien,Xe điện màu Đen,9000000,phước tài,Nhà dư thanh lý mẫu xe điện hottrend Xe chạy cực kì mạnh. Lắp sẵn ghế ngồi cho trẻ em và tay cầm Xe sạc đầy chạy max đc 50km Giá ra đi 9tr có bớt Alo *** xem xe tại nhà,"Quận Sơn Trà, Đà Nẵng",Đã sử dụng,Xe đạp điện,,,,9000000,Used,Đà Nẵng,,
887,https://xe.chotot.com/mua-ban-xe-dap/132069240.htm,2026-04-27 13:11:40,xe_dap_dien,Xe đạp điện AIMA màu Đen,4000000,đinh huyền trân,"Xe đạp điện AIMA màu đen, thiết kế phù hợp cho cả nam và nữ. - Xe vận hành êm ái, tiết kiệm điện. - Kiểu dáng hiện đại, dễ điều khiển. - Phù hợp đi học, đi làm, dạo phố.","Huyện Hòa Vang, Đà Nẵng",Đã sử dụng,Xe đạp điện,,,,4000000,Used,Đà Nẵng,,
888,https://xe.chotot.com/mua-ban-xe-dap/132069228.htm,2026-04-27 13:11:19,xe_dap_dien,Xe đạp điện AIMA màu Đen Đã sử dụng,4000000,đinh huyền trân,xe:AIMA bình cũ chạy vẫn ổn kèm sạc giá : 4tr ib: ***,"Huyện Hòa Vang, Đà Nẵng",Đã sử dụng,Xe đạp điện,Việt Nam,,,4000000,Used,Đà Nẵng,,
889,https://xe.chotot.com/mua-ban-xe-dap/132065848.htm,2026-04-27 10:33:03,xe_dap_dien,Xe đạp điện màu Đỏ,5900000,Trương phước,Sk8 xe mới thanh lý cho học sinh Giá rẽ hỗ trợ xăng cho anh chị đi chợ,"Huyện Cần Đước, Long An",Đã sử dụng,Xe đạp điện,Đài Loan,,,5900000,Used,Long An,,
890,https://xe.chotot.com/mua-ban-xe-dap/132065014.htm,2026-04-27 09:59:38,xe_dap_dien,xe đạp điện màu xám,9000000,An Nhiên,xe mới mua được 3 tháng dư nên cần bán ai cần alo em nhé ***,"Thành phố Buôn Ma Thuột, Đắk Lắk",Đã sử dụng,Xe đạp điện,,,,9000000,Used,Đắk Lắk,,
892,https://xe.chotot.com/mua-ban-xe-dap/132062051.htm,2026-04-27 07:03:04,xe_dap_dien,Xe đạp điện Sanyo Eneloop Bike Đen,9000000,Sự Nguyễn,"Xe đạp điện Sanyo Eneloop Bike màu đen, thiết kế gọn gàng, dễ điều khiển. - Động cơ bền bỉ, vận hành êm ái. - Phù hợp đi lại trong thành phố. Hết nhu cầu sd cần chia lại cho ai cần Zép lào 097. 401 0123","Thị xã Tân Uyên, Bình Dương",Đã sử dụng,Xe đạp điện,Nhật Bản,,,9000000,Used,Bình Dương,,
893,https://xe.chotot.com/mua-ban-xe-dap/132054144.htm,2026-04-26 14:05:13,xe_dap_dien,Xe đạp điện SK8 Hồng Còn mới,2900000,Trương phước,"Xe đạp điện sk8 ,bình mới thay Xe chạy ok ,còn mới","Huyện Cần Đước, Long An",Mới,Xe đạp điện,Đài Loan,,,2900000,New,Long An,,
894,https://xe.chotot.com/mua-ban-xe-dap/132051430.htm,2026-04-26 11:27:36,xe_dap_dien,XE ĐẠP ĐIỆN MỚI 100% - GÓP HỖ TRỢ NỢ XẤU - P.TRỌ,600000,NGÂN ĐIỆN MÁY TRẢ GÓP,"Xe đạp điện màu xanh dương và hồng, thiết kế nhỏ gọn, phù hợp đi học, đi làm. - Xe chạy êm, tiết kiệm điện. - Dễ dàng điều khiển, an toàn khi sử dụng. - BÁN XE TRẢ GÓP KHÔNG QUA NGÂN HÀNG - GÓP HỖ TRỢ NỢ XẤU - THỦ TỤC ĐƠN GIẢN + NHANH CHÓNG - LH *** ĐỂ NHẬN XE XE","Quận 12, Tp Hồ Chí Minh",Mới,Xe đạp điện,Việt Nam,,,600000,New,Hồ Chí Minh,,
895,https://xe.chotot.com/mua-ban-xe-dap/132051372.htm,2026-04-26 11:24:16,xe_dap_dien,Xe điện bình mới 2026 nhập Đài Loan,5000000,Vân Anh Nguyễn Thị,"Xe mới bình mới 2026 Kiểm tra bình trước khi thanh toán Xe nhập Đài Loan chỉ vừa đi 70km, cứng cáp đầy đủ phụ kiện, xe mới 90% kv Tân Bình","Quận Tân Bình, Tp Hồ Chí Minh",Đã sử dụng,Xe đạp điện,Đài Loan,,,5000000,Used,Hồ Chí Minh,,
896,https://xe.chotot.com/mua-ban-xe-dap/132049407.htm,2026-04-26 09:49:21,xe_dap_dien,Xe đạp điện màu Hồng Đã sử dụng,1500000,Xe điện trẻ em,"Xe đạp điện màu hồng, thiết kế nhỏ gọn, phù hợp cho cả nam và nữ. xe không bình còn sạc khung gầm không mọt","Thành phố Thủ Đức, Tp Hồ Chí Minh",Đã sử dụng,Xe đạp điện,,,,1500000,Used,Hồ Chí Minh,,
897,https://xe.chotot.com/mua-ban-xe-dap/128500499.htm,2026-04-26 09:08:53,xe_dap_dien,Xe đạp điện giant m133 bình to Có Trả Góp,8200000,Thiên Hương,"Chào bán xe đạp điện giant m133 plus bình to mới 100% Hỗ trợ Trả Góp Nhanh Chóng Xe đi êm , ắc quy bền Mọi chức năng hoạt động tốt Ib zalo để biết thêm chi tiết Xem xe tại số 658 Đường Láng - Láng Hạ - Đống Đa - Hà Nội","Quận Đống Đa, Hà Nội",Mới,Xe đạp điện,Khác,,,8200000,New,Hà Nội,,
898,https://xe.chotot.com/mua-ban-xe-dap/132033470.htm,2026-04-25 10:38:32,xe_dap_dien,Xe điện TAILG GR56 hót BÌNH DƯƠNG/ GÓP,2900000,THIÊN Ý ĐIỆN MÁY TRẢ GÓP,"Xe điện TAILG GR56 màu trắng hồng, thiết kế trẻ trung, phù hợp cả nam và nữ. - Hỗ trợ trả góp, không giữ giấy tờ. - Bảo hành chính hãng 2 năm. - Không phát sinh chi phí. - Giá trên là giá góp","Thành phố Dĩ An, Bình Dương",Mới,Xe đạp điện,Trung Quốc,,,2900000,New,Bình Dương,,
899,https://xe.chotot.com/mua-ban-xe-dap/132033281.htm,2026-04-25 10:31:27,xe_dap_dien,XE ĐIỆN TIPPRO HOT HIT 2026 ĐÃ VỀ HÀNG GIÁ CỰC TỐT,15000000,XE ĐIỆN ĐỨC THÀNH SA ĐÉC,"🚀 **HOT HIT 2026 – XE ĐIỆN TIP PRO SIÊU NGẦU ĐÃ VỀ HÀNG!** 🔥 Thiết kế hiện đại – nhìn là mê 🔥 Vận hành êm ái – chạy cực đã 🔥 Tiết kiệm điện – đi học, đi làm vô tư 💥 **GIÁ CHỈ: 15.000.000** 💥 👉 Xe mới 100% – bảo hành đầy đủ 👉 Hỗ trợ giao xe tận nơi 👉 Uy tín – chất lượng hàng đầu Sa Đéc 🎁 **KHUYẾN MÃI DỊP LỄ CỰC LỚN:** ✔️ Mua xe điện tặng ngay: * Áo mưa * Nón bảo hiểm * Chai nhớt * Ống bơm 📞 **HOTLINE: *** (QUANG)** 📍 Đức Thành – Chuyên xe điện giá *** Sa Đéc ⚡ Số lượng có hạn – chốt sớm kẻo hết! #Ducthanhkhuyenmai #xediengiatot #xedienuytin #muaxediensadec #giotoHUNGVUONG #GIAIPHONGMIENNAM #TONGKHOXEDIENDUCTHANH","Thành phố Sa Đéc, Đồng Tháp",Mới,Xe đạp điện,Trung Quốc,,,15000000,New,Đồng Tháp,,
900,https://xe.chotot.com/mua-ban-xe-dap/132032067.htm,2026-04-25 09:44:54,xe_dap_dien,Xe đạp điện màu Trắng,8000000,An Nguyen,Xe còn mới .thay pin 25ah chạy 60km 1 lần sạc .tuổi thọ pin 4/5 năm,"Thị xã Phú Mỹ, Bà Rịa - Vũng Tàu",Đã sử dụng,Xe đạp điện,,,,8000000,Used,Vũng Tàu,,
901,https://xe.chotot.com/mua-ban-xe-dap/132028573.htm,2026-04-24 23:36:02,xe_dap_dien,Xe đạp điện ASAMA Đỏ trắng Đã sử dụng,3500000,TUẤN HUỲNH,"Xe đạp điện ASAMA màu đỏ trắng, - Mới thay ruột & vỏ bánh trước sau. - mới thay bình , đèn còi đầy đủ GIÁ 3TR5 có bớt","Thành phố Thủ Dầu Một, Bình Dương",Đã sử dụng,Xe đạp điện,,,,3500000,Used,Bình Dương,,
902,https://xe.chotot.com/mua-ban-xe-dap/132028340.htm,2026-04-24 22:59:32,xe_dap_dien,Xe đạp điện màu Đỏ Đã sử dụng,2699000,Nt,Xe đạp điện thanh lý giá rẻ còn đẹp sử dụng tốt,"Huyện Tân Phước, Tiền Giang",Đã sử dụng,Xe đạp điện,,,,2699000,Used,Tiền Giang,,
903,https://xe.chotot.com/mua-ban-xe-may/132420480.htm,2026-06-23 19:30:18,xe_may_dien,Xe máy điện Datbike Quantum S3 Trắng,40500000,trần thức,Xe điẹn Datbike Quantum s3 Odo 3000km ( đẹp hơn xe mới ) Nhiều đồ chơi trên 20tr De chinha chủ bao ký + bao rút hso cho em về ra tên,"Quận 1, Tp Hồ Chí Minh",Đã sử dụng,Xe máy điện,Unknown,2025,3000,40500000,Used,Hồ Chí Minh,2025.0,3000.0
904,https://xe.chotot.com/mua-ban-xe-may/133150774.htm,2026-06-23 19:24:15,xe_may_dien,EvoGrand 2Pin Bstp,26900000,Pink Ev Premiun Quận 8,"EvoGrand 2Pin Bstp bao công chứng - Odo lướt 1200km - 2 Pin mua 2.4kw - Xe đẹp keng 98% - Ốc tán đẹp keng 98% - Còn đủ phụ kiện theo xe ❤️Xe keng 99% so với xe new 🏠𝟭𝟭𝟱 𝗣𝗵𝗮̣𝗺 𝗧𝗵𝗲̂̉ 𝗛𝗶𝗲̂̉𝗻 - 𝗤𝘂𝗮̣̂𝗻 𝟴 - 𝗛𝗖𝗠 ❤️Mợ Ấu đưa 2tr7 hay 5tr7 tuỳ khách ❤️Mợ Ấu đưa 50% Ko xác minh nhà ở ❤️Mợ Ấu đưa 80% ko phí hồ sơ lẽ sức ❤️Tặng 12 tháng xe hư đưa xe khác dùng ❤️Tặng đổi pin đi liền ko chờ sạc nhiều ở 8 đến 12 cơ sở ở Sài Gòn ( Ở Quận 4 -6 -8 -12 , Tân Bình, Bình Tân, Tân Phú, Thủ Đức, Phú Nhuận )","Quận 8, Tp Hồ Chí Minh",Đã sử dụng,Xe máy điện,Unknown,2026,1200,26900000,Used,Hồ Chí Minh,2026.0,1200.0
905,https://xe.chotot.com/mua-ban-xe-may/133076387.htm,2026-06-23 18:28:06,xe_may_dien,Xe máy điện Yadea Odora Pro màu Đỏ,9500000,Trương Công Chung,"Xe máy điện Yadea màu đỏ, kiểu dáng thời trang, vận hành êm ái. - Thiết kế trẻ trung, phù hợp đi lại hàng ngày. - Tiết kiệm năng lượng, thân thiện với môi trường. - Xe còn mới, ít sử dụng.","Thành phố Dĩ An, Bình Dương",Đã sử dụng,Xe máy điện,Unknown,2023,20000,9500000,Used,Bình Dương,2023.0,20000.0
906,https://xe.chotot.com/mua-ban-xe-may/133114124.htm,2026-06-23 18:25:25,xe_may_dien,Xe máy điện Osaka 45-50km,6800000,Đình Hồng,"Xe OSAKA chính hãng Bình thay 7/2025 chạy 45-50km biển MD không cần bằng lái, học sinh cấp 3 hay gđ sử dụng ok","Quận Gò Vấp, Tp Hồ Chí Minh",Đã sử dụng,Xe máy điện,Unknown,2018,0,6800000,Used,Hồ Chí Minh,2018.0,0.0
907,https://xe.chotot.com/mua-ban-xe-may/133149875.htm,2026-06-23 18:21:35,xe_may_dien,Xe máy điện Dat Bike Weaver Xám/Đen,6000000,Ngô Thuỵ Minh Anh,"CẦN BÁN XE MÁY ĐIỆN DAT BIKE 🚨 Xe: Dat Bike Weaver (xe điện) Màu: xám/đen Tình trạng: xe còn sử dụng tốt, ngoại hình như hình Máy móc/điện hoạt động ổn ( còn đầy đủ phụ kiện ) Xe chạy êm, tiết kiệm, không tốn xăng, phù hợp đi học/đi làm Sđt liên lạc : ***","Quận Bình Tân, Tp Hồ Chí Minh",Đã sử dụng,Xe máy điện,Unknown,2023,5000,6000000,Used,Hồ Chí Minh,2023.0,5000.0
908,https://xe.chotot.com/mua-ban-xe-may/133149873.htm,2026-06-23 18:21:32,xe_may_dien,Xe máy điện Vespa Trắng 40-45 km/h,5300000,huynh son,xe đang đi bình thường chạy khoảng 40 / 45 km mới xạc lại loại xe 5 bình lớn xe ít chạy còn mới a c nào cần mua thì xin lh wua sđt,"Quận Liên Chiểu, Đà Nẵng",Đã sử dụng,Xe máy điện,Unknown,2019,8000,5300000,Used,Đà Nẵng,2019.0,8000.0
909,https://xe.chotot.com/mua-ban-xe-may/133139045.htm,2026-06-23 18:11:03,xe_may_dien,Xe máy điện VinFast đa dạng màu sắc,35295000,phạm văn giang,"XE MÁY ĐIỆN VINFAST CHÍNH HÃNG - HỖ TRỢ TRẢ GÓP LINH HOẠT (GÓP TUẦN/THÁNG) Cửa hàng em sẵn số lượng lớn xe máy điện VinFast đủ màu sắc, cam kết xe chính hãng, chạy cực êm và tiết kiệm chi phí! Nhằm hỗ trợ anh chị em dễ dàng sở hữu xe đi làm, đi học, bên em triển khai chương trình HỖ TRỢ TRẢ GÓP SIÊU ĐƠN GIẢN: Hình thức góp: Linh hoạt chọn Góp theo Tuần hoặc Góp theo Tháng phù hợp với thu nhập. Thủ tục: Chỉ cần Căn cước công dân (CCCD) gắn chíp. Xét duyệt: Nhanh chóng trong 15-20 phút, nhận xe ngay trong ngày. Không chứng minh thu nhập, không thẩm định rườm rà. THÔNG TIN XE: Tình trạng: Xe đẹp xuất sắc, máy móc nguyên bản, bình điện/pin hoạt động hoàn hảo, đầy đủ phụ kiện. Màu sắc: Đầy đủ các màu thời thượng như trong hình (Đỏ, Trắng, Đen nhám, Xanh rêu, Vàng cát...) cho anh chị thoải mái lựa chọn phong thủy. Ưu điểm: Xe đi đầm, tôn dáng, cốp rộng, cực kỳ tiết kiệm chi phí vận hành so với xe xăng. CHÍNH SÁCH BẢO HÀNH & ƯU ĐÃI: Bảo hành uy tín . Hỗ trợ giao xe tận nơi cho anh em thu tiền tận nhà","Quận 12, Tp Hồ Chí Minh",Mới,Xe máy điện,Unknown,2026,,35295000,New,Hồ Chí Minh,2026.0,
910,https://xe.chotot.com/mua-ban-xe-may/133149694.htm,2026-06-23 18:10:20,xe_may_dien,Xe máy điện VinFast Evo Grand Trắng 808 km,21000000,Lê Duy,tôi cần bán con xe máy điện evo grand chạy được 808 km biển số TP.,"Quận Bình Tân, Tp Hồ Chí Minh",Đã sử dụng,Xe máy điện,Unknown,2025,808,21000000,Used,Hồ Chí Minh,2025.0,808.0
911,https://xe.chotot.com/mua-ban-xe-may/132126616.htm,2026-06-23 17:43:03,xe_may_dien,"Xe điện Đen, vang 5binh lớn",8800000,Ngọc Trang,Thanh lý xe điên 5 binh lớn nhu hinh chay êm manh su dung ok binh khoẻ gia 8tr7 fix lôc cho ai mua nhanh,"Quận Bình Tân, Tp Hồ Chí Minh",Đã sử dụng,Xe máy điện,Unknown,2024,3000,8800000,Used,Hồ Chí Minh,2024.0,3000.0
912,https://xe.chotot.com/mua-ban-xe-may/132283387.htm,2026-06-23 17:40:37,xe_may_dien,Xe máy điện Vento Neo 2025 Trắng,33900000,Kiệt Xe Điện 3sGo,#Vento_Neo Trắng - DK 2025 BST Đồng Nai Chính Chủ Bao Công Chứng - Pin Mua 3.5kw - Dàn áo keng ko trầy 99% - Óc tán 7 màu keng 99% - Còn đủ phụ kiện theo xe ❤️Xe keng 99% so với xe new #Giá_33tr9 - Nậu Xớ 12tr Lấy Xe ❤️Nậu Xớ Đưa Từ 30tr Ko L//ã//i Suất ❤️Lên hồ sơ Online nhận xe tại nhà ❤️Nậu Xớ trả chậm trong 24 tháng ❤️Tặng 1 năm hư Pink đưa xe dùng khi chờ sửa ❤️Tặng đổi pin đi liền ko sạc ở 8 đến 12 cơ sở ( Quận 12 - Quận 6 - Quận 4 - Quận 8 - Bình Tân - Tân Phú - Tân Bình - Phú Nhuận - Thủ Đức ) 📞: *** #𝙆𝙞𝙚̣̂𝙩 (𝟮𝟰/𝟳) 🏠𝟮𝟴𝟴 𝗧𝗿𝘂̛𝗼̛̀𝗻𝗴 𝗖𝗵𝗶𝗻𝗵 - 𝗤𝘂𝗮̣̂𝗻 𝟭𝟮 - 𝗧𝗣.𝗛𝗖𝗠,"Quận 12, Tp Hồ Chí Minh",Đã sử dụng,Xe máy điện,Unknown,2025,0,33900000,Used,Hồ Chí Minh,2025.0,0.0
913,https://xe.chotot.com/mua-ban-xe-may/133148656.htm,2026-06-23 17:19:54,xe_may_dien,Vinfast FelizS Pin 3.5kwh. chính chủ công chứng,23000000,Xe Điện Kim Thảo,- FelizS Biển MĐ . Pin 3.5kw mua đứt - chính chủ công chứng - Còn Bảo hành hãng đến 2027 - Odo 59k - Giá 23 triệu - Địa chỉ : 24/6. Đ.TL44. P.thạnh lộc. Q12,"Quận 12, Tp Hồ Chí Minh",Đã sử dụng,Xe máy điện,Unknown,2022,59000,23000000,Used,Hồ Chí Minh,2022.0,59000.0
914,https://xe.chotot.com/mua-ban-xe-may/133148540.htm,2026-06-23 17:15:48,xe_may_dien,Xe máy điện Yadea V1 Plus Xám,9000000,Thanh Thư,"Xe máy điện Yadea v1 plus màu xám, kiểu dáng hiện đại, vận hành êm ái. - Động cơ mạnh mẽ, tiết kiệm năng lượng. - Phù hợp di chuyển trong thành phố.","Huyện Hóc Môn, Tp Hồ Chí Minh",Đã sử dụng,Xe máy điện,Unknown,2025,236,9000000,Used,Hồ Chí Minh,2025.0,236.0
915,https://xe.chotot.com/mua-ban-xe-may/133148444.htm,2026-06-23 17:11:58,xe_may_dien,Xe máy điện VinFast Feliz S Trắng,28500000,Thu Tuyền,Feliz S pin 3.5 kw sạc nhanh 1000W Giá 28.5 tr Chính chủ,"Quận Bình Tân, Tp Hồ Chí Minh",Đã sử dụng,Xe máy điện,Unknown,2025,15000,28500000,Used,Hồ Chí Minh,2025.0,15000.0
916,https://xe.chotot.com/mua-ban-xe-may/133148404.htm,2026-06-23 17:10:30,xe_may_dien,Xe máy điện VinFast Feliz Trắng 65Ah,16500000,Thu Tuyền,Feliz biển 41 mĐ ko cần bằng lái Lên pin 65ah quãng đường gần 100 Km/ lần sạc Cavet đầy đủ giá 16.5 tr !! Động cơ 3K Ic mở tốc Sạc nhanh,"Quận Bình Tân, Tp Hồ Chí Minh",Đã sử dụng,Xe máy điện,Unknown,2024,0,16500000,Used,Hồ Chí Minh,2024.0,0.0
917,https://xe.chotot.com/mua-ban-xe-may/133148212.htm,2026-06-23 17:03:25,xe_may_dien,Bán xe máy điện 1500w~50cc cho học sinh,14000000,Tuấn Anh,"Cần bán xe máy điện Before All BF bản tiêu chuẩn 2024 màu xám, xe không cần bằng lái cho học sinh Hãng xe: Before All Năm sản xuất: 2024 Số km đã đi: 5070km Pin: Acquy Động cơ: điện 1500w~50cc Quãng đường đi được: 100km/1 lần sạc Khóa smartkey, thẻ từ NFC, chống nước, chống trộm Giá bán 14 triệu có thương lượng","Quận Bình Tân, Tp Hồ Chí Minh",Đã sử dụng,Xe máy điện,Unknown,2024,5070,14000000,Used,Hồ Chí Minh,2024.0,5070.0
918,https://xe.chotot.com/mua-ban-xe-may/133147761.htm,2026-06-23 16:40:43,xe_may_dien,Xe máy điện Yadea YD3000DT Đen 10000 km,32000000,Phúc Lâm,"🛵 XE MÁY ĐIỆN YADEA YD3000DT 📌 Xe chính chủ - giấy tờ pháp lý minh bạch, rõ ràng 📌 Odo ~10.000km – xe đi ổn định, máy bền 📌 Động cơ điện – vận hành linh hoạt 📌 Máy zin nguyên bản – đề nổ êm, chạy mượt, thắng an toàn 📌 Dàn áo còn đẹp, tổng thể xe gọn gàng – không tai nạn, không ngập nước 📌 Phù hợp đi làm, đi chơi 🛠 Cam kết & chính sách tại cửa hàng: ✔️ Không tai nạn – không tua odo – không thủy kích ✔️ Hỗ trợ kiểm tra xe thoải mái hoặc dẫn thợ đi cùng ✔️ Bảo hành động cơ 6 tháng – hỗ trợ kỹ thuật ✔️ Đổi trả trong 6 ngày nếu có lỗi kỹ thuật từ xe Giá bán : 32.000.000Đ 📍 Xem xe tại: 0855 Quang Trung, P.12, Gò Vấp, TP.HCM Zalo/call : ***","Quận Gò Vấp, Tp Hồ Chí Minh",Đã sử dụng,Xe máy điện,Unknown,2025,10000,32000000,Used,Hồ Chí Minh,2025.0,10000.0
919,https://xe.chotot.com/mua-ban-xe-may/132453893.htm,2026-06-23 16:32:27,xe_may_dien,Xe điện VECPA màu Trắng,5200000,Luuducthang,"Cửa hàng Đức Thắng xe đạp , xe điện 163 phố Nguyễn Lương Bằng Đống Đa Hà Nội đang bán em xe điện VECPA nhập khẩu chính hãng màu Trắng * Xe cực đẹp , bình ngon , IC zin , đã bảo dưỡng. * Xe chạy tầm 45 cây nếu sạc đầy . *Liên hệ qua ZALO : *** , hoặc đt theo số trên mình tư vấn thêm cho . * SHIP COD MỌI MIỀN TỔ QUỐC * Cửa hàng phục vụ 24/24 , nếu đóng cửa liên hệ theo số trên , mình sẽ phục vụ nhiệt tình . * Chuyên mua , bán , sửa các loại xe đạp , xe điện có bảo hành","Quận Đống Đa, Hà Nội",Đã sử dụng,Xe máy điện,Unknown,2020,5000,5200000,Used,Hà Nội,2020.0,5000.0
920,https://xe.chotot.com/mua-ban-xe-may/133012429.htm,2026-06-23 16:20:16,xe_may_dien,Xe máy điện VeroX DK Trắng 3000km 2 Pin,37900000,Kiệt Xe Điện 3sGo,"VeroX DK 4/2026 Trắng - 2 Pin Mua Bstp Chính Chủ Công Chứng - Odo 3000km - Dàn áo keng ko trầy 99% - Óc tán 7 màu keng 99% - Còn đủ phụ kiện theo xe ❤️Xe keng 99% so với xe new 💵Giá_37tr9 - Nậu Xớ 12tr Lấy Xe Ko Xác Minh ☎️/𝗭𝗮𝗹𝗼 : *** - 𝙏𝙪̛ 𝙑𝙖̂́𝙣 𝟮𝟰/𝟳 🏠 𝟮𝟴𝟴 𝗧𝗿𝘂̛𝗼̛̀𝗻𝗴 𝗖𝗵𝗶𝗻𝗵 - 𝗤𝘂𝗮̣̂𝗻 𝟭𝟮 - 𝗛𝗖𝗠 ❤️Nợ xấu đưa 6tr hay 9tr tuỳ khách hàng ❤️Nợ Xấu đưa truớc 80% ko phí hồ sơ lãi suất ❤️Tặng 12 tháng xe hư đưa xe khác dùng ❤️Tặng đổi pin đi liền ko chờ sạc nhiều ở 8 đến 12 cơ sở ở Sài Gòn ( Ở Quận 4 -6 -8 -12 , Tân Bình, Bình Tân, Tân Phú, Thủ Đức, Phú Nhuận )","Quận Phú Nhuận, Tp Hồ Chí Minh",Đã sử dụng,Xe máy điện,Unknown,2026,3000,37900000,Used,Hồ Chí Minh,2026.0,3000.0
921,https://xe.chotot.com/mua-ban-xe-may/132894318.htm,2026-06-23 16:10:20,xe_may_dien,Xe máy điện Detech Espero,20500000,  CỬA HÀNG XE MÁY PHƯỚC THỌ,"Xe máy Phước Thọ 402 Luỹ Bán Bích P tân phú, tphcm, cần bán xe máy điện espero detech mới 100 % có đủ mẫu, đủ màu giá 20,5 triệu giao Vat ,xhđ , sử dụng 6 bình lớn 72v, có hỗ trợ trả góp qua ngân hàng lãi xuất thấp, trả góp Cà thẻ tín dụng lãi xuất thấp, có thu mua trao đổi các loại xe,xemay50.vn","Quận Tân Phú, Tp Hồ Chí Minh",Mới,Xe máy điện,Unknown,2026,,20500000,New,Hồ Chí Minh,2026.0,
922,https://xe.chotot.com/mua-ban-xe-may/132841676.htm,2026-06-23 16:10:20,xe_may_dien,Xe máy điện VinFast Evo Grand 2025 Vàng cát,23900000,Kiệt Xe Điện 3sGo,"#EvoGrand Vàng Cát - DK 12/2025 - Pin Mua Bstp Chính Chủ Công Chứng 🌏Xem thêm : *** - Odo 1000 cây - Dàn áo keng ko trầy 99% - Óc tán 7 màu keng 99% - Còn đủ phụ kiện theo xe ❤️Xe keng 99% so với xe new #Giá_23tr9 - Nậu Xớ 8tr Lấy Xe Ko Phát Sinh Thêm & Ko Xác Minh ☎️/𝗭𝗮𝗹𝗼 : *** 🏠 𝟳𝟵 𝗛𝗼𝗮̀𝗻𝗴 𝗩𝗮̆𝗻 𝗧𝗵𝘂̣ - 𝗣𝗵𝘂́ 𝗡𝗵𝘂𝗮̣̂𝗻 - 𝗛𝗖𝗠 ❤️Mợ Ấu đưa 5củ gốp ko lẽ sức 9 tháng ❤️Mợ Ấu đưa 30% (9tr) Ko xác minh nhà ở ❤️Mợ Ấu đưa 50% Ko xác minh nhà ở ❤️Mợ Ấu đưa 80% ko phí hồ sơ lẽ sức ❤️Tặng 12 tháng xe hư đưa xe khác dùng ❤️Tặng đổi pin đi liền ko chờ sạc nhiều ở 8 đến 12 cơ sở ở Sài Gòn ( Ở Quận 4 -6 -8 -12 , Tân Bình, Bình Tân, Tân Phú, Thủ Đức, Phú Nhuận )","Quận Phú Nhuận, Tp Hồ Chí Minh",Đã sử dụng,Xe máy điện,Unknown,2025,1000,23900000,Used,Hồ Chí Minh,2025.0,1000.0
923,https://xe.chotot.com/mua-ban-xe-may/133147142.htm,2026-06-23 16:09:21,xe_may_dien,Xe máy điện VinFast Feliz Xanh 800km,28900000,Pink Ev Premiun Quận 8,"Feliz2025 Bstp bao công chứng - Odo lướt 800km - 1 Pin mua 2.4kw - Xe đẹp keng 99% - Ốc tán đẹp keng 99% - Còn đủ phụ kiện theo xe ❤️Xe keng 99% so với xe new 🏠𝟭𝟭𝟱 𝗣𝗵𝗮̣𝗺 𝗧𝗵𝗲̂̉ 𝗛𝗶𝗲̂̉𝗻 - 𝗤𝘂𝗮̣̂𝗻 𝟴 - 𝗛𝗖𝗠 ❤️Mợ Ấu đưa 3tr3 hay 6tr3 tuỳ khách ❤️Mợ Ấu đưa 50% Ko xác minh nhà ở ❤️Mợ Ấu đưa 80% ko phí hồ sơ lẽ sức ❤️Tặng 12 tháng xe hư đưa xe khác dùng ❤️Tặng đổi pin đi liền ko chờ sạc nhiều ở 8 đến 12 cơ sở ở Sài Gòn ( Ở Quận 4 -6 -8 -12 , Tân Bình, Bình Tân, Tân Phú, Thủ Đức, Phú Nhuận )","Quận 8, Tp Hồ Chí Minh",Đã sử dụng,Xe máy điện,Unknown,2026,800,28900000,Used,Hồ Chí Minh,2026.0,800.0
924,https://xe.chotot.com/mua-ban-xe-may/133147037.htm,2026-06-23 16:04:02,xe_may_dien,🩷Pink An Sương🩷QuantumS2 2025 Xe Máy Điện,38900000,Pink Ev Premium An Sương ,"Fb - Tiktok : Nguyen Minh Long Pink Dragon ==================📌📌📌================== DatBikeS2 đk 2025 Bstp Chính Chủ Công Chứng - 1 Lần Sạc 250km - Dàn áo dán full keo keng - Ốc tán 7 màu keng 99% - Còn đủ phụ kiện theo xe ❤️Xe keng 99% so với xe new 🏠𝟮𝟴𝟴 𝗧𝗿𝘂̛𝗼̛̀𝗻𝗴 𝗖𝗵𝗶𝗻𝗵 - 𝗤𝘂𝗮̣̂𝗻 𝟭𝟮 - 𝗛𝗖𝗠 ❤️Mợ Ấu đưa 9tr3 hay 11tr3 tuỳ khách ❤️Mợ Ấu đưa 50% Ko xác minh nhà ở ❤️Mợ Ấu đưa 80% ko phí hồ sơ lẽ sức ❤️Tặng 12 tháng xe hư đưa xe khác dùng ❤️Tặng đổi pin đi liền ko chờ sạc nhiều ở 8 đến 12 cơ sở ở Sài Gòn ( Ở Quận 4 -6 -8 -12 , Tân Bình, Bình Tân, Tân Phú, Thủ Đức, Phú Nhuận ) ✅𝗚𝗼́𝗽 𝗡𝗴𝗮̂𝗻 𝗛𝗮̀𝗻𝗴 : Đưa 20% ae giữ Cavet ✅𝗖𝗮̀ 𝗧𝗵𝗲̉ - 𝗚𝗼́𝗽: Cà thẻ ,chuyển đổi trả góp ✅𝗕𝗮𝗼 𝗤𝘂𝗮𝘆 Đ𝗮̂̀𝘂 : Từ 20% theo giá thị trường ✅𝗠𝘂𝗮 𝗕𝗮́𝗻 𝗧𝗿𝗮𝗼 Đ𝗼̂̉𝗶 𝗫𝗲 𝗫𝗮̆𝗻𝗴, 𝗫𝗲 Đ𝗶𝗲̣̂𝗻 𝗧𝗮̣̂𝗻 𝗡𝗵𝗮̀ 𝗖𝗧𝗬 𝗣𝗜𝗡𝗞 : 𝙓𝙀 Đ𝙄𝙀̣̂𝙉 𝙎𝘼̆̃𝙉 𝘼𝙋𝙋 - 𝗡𝗔̣̂𝗨 𝗫𝗢̛́ Đ𝗨̛𝗔 𝟲 𝗖𝗨̉ 🏠𝟭𝟳𝟴 𝗧𝗮̂𝗻 𝗧𝗵𝗼̛́𝗶 𝗛𝗶𝗲̣̂𝗽 𝟮𝟭 - 𝗤.𝟭𝟮 - 𝗛𝗖𝗠 🏠𝟮𝟴𝟴 𝗧𝗿𝘂̛𝗼̛̀𝗻𝗴 𝗖𝗵𝗶𝗻𝗵 - 𝗤𝘂𝗮̣̂𝗻 𝟭𝟮 - 𝗛𝗖𝗠 🏠𝟳𝟵 𝗛𝗼𝗮̀𝗻𝗴 𝗩𝗮̆𝗻 𝗧𝗵𝘂̣ - 𝗣𝗵𝘂́ 𝗡𝗵𝘂𝗮̣̂𝗻 - 𝗛𝗖𝗠 🏠𝟭𝟭𝟱 𝗣𝗵𝗮̣𝗺 𝗧𝗵𝗲̂̉ 𝗛𝗶𝗲̂̉𝗻 - 𝗤𝘂𝗮̣̂𝗻 𝟴 - 𝗛𝗖𝗠","Quận 12, Tp Hồ Chí Minh",Đã sử dụng,Xe máy điện,Unknown,2025,10,38900000,Used,Hồ Chí Minh,2025.0,10.0
925,https://xe.chotot.com/mua-ban-xe-may/133146955.htm,2026-06-23 16:00:31,xe_may_dien,🩷Pink An Sương🩷 Feliz2025 Bán Xe Máy Điện,28900000,Pink Ev Premium An Sương ,"Fb - Tiktok : Nguyen Minh Long Pink Dragon ==================📌📌📌================== Feliz2025 Bstp Chính Chủ Công Chứng - 1 pin mua - Dàn áo keng ko trầy 99% - Ốc tán 7 màu keng 99% - Còn đủ phụ kiện theo xe ❤️Xe keng 99% so với xe new 🏠𝟮𝟴𝟴 𝗧𝗿𝘂̛𝗼̛̀𝗻𝗴 𝗖𝗵𝗶𝗻𝗵 - 𝗤𝘂𝗮̣̂𝗻 𝟭𝟮 - 𝗛𝗖𝗠 ❤️Mợ Ấu đưa 3tr3 hay 5tr3 tuỳ khách ❤️Mợ Ấu đưa 50% Ko xác minh nhà ở ❤️Mợ Ấu đưa 80% ko phí hồ sơ lẽ sức ❤️Tặng 12 tháng xe hư đưa xe khác dùng ❤️Tặng đổi pin đi liền ko chờ sạc nhiều ở 8 đến 12 cơ sở ở Sài Gòn ( Ở Quận 4 -6 -8 -12 , Tân Bình, Bình Tân, Tân Phú, Thủ Đức, Phú Nhuận ) ✅𝗚𝗼́𝗽 𝗡𝗴𝗮̂𝗻 𝗛𝗮̀𝗻𝗴 : Đưa 20% ae giữ Cavet ✅𝗖𝗮̀ 𝗧𝗵𝗲̉ - 𝗚𝗼́𝗽: Cà thẻ ,chuyển đổi trả góp ✅𝗕𝗮𝗼 𝗤𝘂𝗮𝘆 Đ𝗮̂̀𝘂 : Từ 20% theo giá thị trường ✅𝗠𝘂𝗮 𝗕𝗮́𝗻 𝗧𝗿𝗮𝗼 Đ𝗼̂̉𝗶 𝗫𝗲 𝗫𝗮̆𝗻𝗴, 𝗫𝗲 Đ𝗶𝗲̣̂𝗻 𝗧𝗮̣̂𝗻 𝗡𝗵𝗮̀ 𝗖𝗧𝗬 𝗣𝗜𝗡𝗞 : 𝙓𝙀 Đ𝙄𝙀̣̂𝙉 𝙎𝘼̆̃𝙉 𝘼𝙋𝙋 - 𝗡𝗔̣̂𝗨 𝗫𝗢̛́ Đ𝗨̛𝗔 𝟲 𝗖𝗨̉ 🏠𝟭𝟳𝟴 𝗧𝗮̂𝗻 𝗧𝗵𝗼̛́𝗶 𝗛𝗶𝗲̣̂𝗽 𝟮𝟭 - 𝗤.𝟭𝟮 - 𝗛𝗖𝗠 🏠𝟮𝟴𝟴 𝗧𝗿𝘂̛𝗼̛̀𝗻𝗴 𝗖𝗵𝗶𝗻𝗵 - 𝗤𝘂𝗮̣̂𝗻 𝟭𝟮 - 𝗛𝗖𝗠 🏠𝟳𝟵 𝗛𝗼𝗮̀𝗻𝗴 𝗩𝗮̆𝗻 𝗧𝗵𝘂̣ - 𝗣𝗵𝘂́ 𝗡𝗵𝘂𝗮̣̂𝗻 - 𝗛𝗖𝗠 🏠𝟭𝟭𝟱 𝗣𝗵𝗮̣𝗺 𝗧𝗵𝗲̂̉ 𝗛𝗶𝗲̂̉𝗻 - 𝗤𝘂𝗮̣̂𝗻 𝟴 - 𝗛𝗖𝗠","Quận 12, Tp Hồ Chí Minh",Đã sử dụng,Xe máy điện,Unknown,2025,10,28900000,Used,Hồ Chí Minh,2025.0,10.0
926,https://xe.chotot.com/mua-ban-xe-may/131604242.htm,2026-06-23 15:53:10,xe_may_dien,🩷Pink An Sương🩷Feliz2025 odo 8k Bán Xe Máy Điện,29900000, Xe Điện Pink Quận 12,"Fb - Tiktok : Nguyen Minh Long Pink Dragon ==================📌📌📌================== Feliz2025 Sài Gòn Bao Công Chứng - Đã mua pin - Odo 8.000km - Dàn áo keng 98% - Ốc tán 7 màu keng 98% - Full bộ dè sau chắn bùn - Còn đủ phụ kiện theo xe ❤️Xe keng 98% so với xe new 🏠𝟮𝟴𝟴 𝗧𝗿𝘂̛𝗼̛̀𝗻𝗴 𝗖𝗵𝗶𝗻𝗵 - 𝗤𝘂𝗮̣̂𝗻 𝟭𝟮 - 𝗛𝗖𝗠 ❤️Nậu Xớ Đưa Từ 6tr Ko L//ã//i Suất ❤️Lên hồ sơ Online nhận xe tại nhà ❤️Nậu Xớ trả chậm trong 24 tháng ❤️Tặng đổi pin đi liền ko sạc ở 8-12 cơ sở ❤️Tặng 1 năm hư Pink đưa xe dùng khi chờ sửa ✅𝗚𝗼́𝗽 𝗡𝗴𝗮̂𝗻 𝗛𝗮̀𝗻𝗴 : Đưa 20% ae giữ Cavet ✅𝗖𝗮̀ 𝗧𝗵𝗲̉ - 𝗚𝗼́𝗽: Cà thẻ ,chuyển đổi trả góp ✅𝗕𝗮𝗼 𝗤𝘂𝗮𝘆 Đ𝗮̂̀𝘂 : Từ 20% theo giá thị trường ✅𝗠𝘂𝗮 𝗕𝗮́𝗻 𝗧𝗿𝗮𝗼 Đ𝗼̂̉𝗶 𝗫𝗲 𝗫𝗮̆𝗻𝗴, 𝗫𝗲 Đ𝗶𝗲̣̂𝗻 𝗧𝗮̣̂𝗻 𝗡𝗵𝗮̀ 𝗖𝗧𝗬 𝗣𝗜𝗡𝗞 : 𝙓𝙀 Đ𝙄𝙀̣̂𝙉 𝙎𝘼̆̃𝙉 𝘼𝙋𝙋 - 𝗡𝗔̣̂𝗨 𝗫𝗢̛́ Đ𝗨̛𝗔 𝟲 𝗖𝗨̉ 🏠𝟭𝟳𝟴 𝗧𝗮̂𝗻 𝗧𝗵𝗼̛́𝗶 𝗛𝗶𝗲̣̂𝗽 𝟮𝟭 - 𝗤.𝟭𝟮 - 𝗛𝗖𝗠 🏠𝟮𝟴𝟴 𝗧𝗿𝘂̛𝗼̛̀𝗻𝗴 𝗖𝗵𝗶𝗻𝗵 - 𝗤𝘂𝗮̣̂𝗻 𝟭𝟮 - 𝗛𝗖𝗠 🏠𝟳𝟵 𝗛𝗼𝗮̀𝗻𝗴 𝗩𝗮̆𝗻 𝗧𝗵𝘂̣ - 𝗣𝗵𝘂́ 𝗡𝗵𝘂𝗮̣̂𝗻 - 𝗛𝗖𝗠","Quận 12, Tp Hồ Chí Minh",Đã sử dụng,Xe máy điện,Unknown,2025,8000,29900000,Used,Hồ Chí Minh,2025.0,8000.0
927,https://xe.chotot.com/mua-ban-xe-may/133146433.htm,2026-06-23 15:39:33,xe_may_dien,Xe máy điện VinFast Evo 200 Xanh 2024,22500000,Thu Tuyền,Evo 200 Date 2024 bstp chính chủ Giá 22.5 tr,"Quận Bình Tân, Tp Hồ Chí Minh",Đã sử dụng,Xe máy điện,Unknown,2024,16647,22500000,Used,Hồ Chí Minh,2024.0,16647.0
928,https://xe.chotot.com/mua-ban-xe-may/132841823.htm,2026-06-23 15:25:27,xe_may_dien,Xe máy điện VinFast Evo200 Lite 2024 Vàng,25900000,Kiệt Xe Điện 3sGo,"#Evo200 Vàng - Date2024 - Pin Mua Bstp Chính Chủ Công Chứng 🌏Xem thêm : *** - Odo 10000km - Đã Lên Phuộc Superfly - Yên KimDan + Cảng Vespa - Dàn áo keng ko trầy 99% - Óc tán 7 màu keng 99% - Còn đủ phụ kiện theo xe ❤️Xe keng 99% so với xe new #Giá_25tr9 - Nậu Xớ 8tr5 Lấy Xe Ko Phát Sinh Thêm & Ko Xác Minh ☎️/𝗭𝗮𝗹𝗼 : *** 🏠 𝟳𝟵 𝗛𝗼𝗮̀𝗻𝗴 𝗩𝗮̆𝗻 𝗧𝗵𝘂̣ - 𝗣𝗵𝘂́ 𝗡𝗵𝘂𝗮̣̂𝗻 - 𝗛𝗖𝗠 ❤️Mợ Ấu đưa 5củ gốp ko lẽ sức 9 tháng ❤️Mợ Ấu đưa 30% (9tr) Ko xác minh nhà ở ❤️Mợ Ấu đưa 50% Ko xác minh nhà ở ❤️Mợ Ấu đưa 80% ko phí hồ sơ lẽ sức ❤️Tặng 12 tháng xe hư đưa xe khác dùng ❤️Tặng đổi pin đi liền ko chờ sạc nhiều ở 8 đến 12 cơ sở ở Sài Gòn ( Ở Quận 4 -6 -8 -12 , Tân Bình, Bình Tân, Tân Phú, Thủ Đức, Phú Nhuận )","Quận Phú Nhuận, Tp Hồ Chí Minh",Đã sử dụng,Xe máy điện,Unknown,2024,10000,25900000,Used,Hồ Chí Minh,2024.0,10000.0
929,https://xe.chotot.com/mua-ban-xe-may/133107734.htm,2026-06-23 15:23:36,xe_may_dien,Xe máy điện Tempest 5500km Xanh đen mới thay pin,9500000,Võ Văn Huy,Tempest lướt Odo 5500km Ắc quy mới thay hãng Còn bh hãng Xe dàn áo đẹp,"Quận 6, Tp Hồ Chí Minh",Đã sử dụng,Xe máy điện,Unknown,2023,5500,9500000,Used,Hồ Chí Minh,2023.0,5500.0
930,https://xe.chotot.com/mua-ban-xe-may/133145969.htm,2026-06-23 15:21:37,xe_may_dien,VinFast Feliz 2026 Điện Đen 5.325 km,29600000,Nguyễn Quốc Việt ,"🚨 CHÍNH CHỦ CẦN BÁN VINFAST FELIZ MÀU ĐEN – ODO 5.325KM – XE ĐẸP KENG 🚨 ⚡ Do nhu cầu đổi xe lớn hơn nên mình cần nhượng lại chiếc VinFast Feliz màu đen, xe sử dụng kỹ, ngoại hình đẹp, vận hành ổn định. 📌 Thông tin xe: ✅ Đăng ký tháng 03/2026 ✅ ODO: 5.325 km ✅ Xe chính chủ ✅ Dán PPF toàn bộ xe từ mới ✅ Ngoại hình đẹp, không va quẹt, không trầy xước đáng kể ✅ Trang bị 2 pin, đi xa thoải mái 🔧 Đồ chơi & nâng cấp: 🔥 Đã xử lý phuộc trước êm ái, hết tiếng cụp cụp 🔥 Nâng cấp phuộc sau NVX đi đầm chắc hơn 🔥 Yên Kimdan ngồi cực êm 🔥 Gù tay lái + cốt inox chống rung 🔥 Hộc để đồ phía trước tiện lợi 🔥 Chân chống inox chắc chắn 💰 Giá bán: 29.600.000đ (không kèm biển số) 🔥 Lấy luôn biển số đấu giá 50AE-813.33 ➡️ Tổng giá: 35.600.000đ 📍 Xem xe tại: 321 Hậu Giang, P.5, Q.6, TP.HCM 📞 *** (Việt) 👉 Xe đẹp như hình, mua về chỉ việc chạy. Anh em thiện chí liên hệ xem xe trực tiếp, có thương lượng nhẹ cho người mua nhanh. 🚀🏍️💨","Quận 6, Tp Hồ Chí Minh",Đã sử dụng,Xe máy điện,Unknown,2026,5325,29600000,Used,Hồ Chí Minh,2026.0,5325.0
931,https://xe.chotot.com/mua-ban-xe-may/133145935.htm,2026-06-23 15:20:28,xe_may_dien,"Xe máy điện Dat Bike W200 2023 Đen, Cam",25000000,Mr TiLo,Cần bán em Dat Bike W200 - 2023. Xe mua về trãi nghiệm rất ít đi,"Quận Gò Vấp, Tp Hồ Chí Minh",Đã sử dụng,Xe máy điện,Unknown,2023,7000,25000000,Used,Hồ Chí Minh,2023.0,7000.0
932,https://xe.chotot.com/mua-ban-xe-may/132584144.htm,2026-06-23 15:15:25,xe_may_dien,Xe máy điện Datbike S1 Trắng,50900000,Kiệt Xe Điện 3sGo,"#DatbikeS1 Trắng - Pin Mua Đi 1 Lần 285km Bstp Chính Chủ Công Chứng 🌏Xem thêm : *** - Odo Hơn 10k Cây - Dàn áo keng ko trầy 99% - Óc tán 7 màu keng 99% - Còn đủ phụ kiện theo xe ❤️Xe keng 99% so với xe new #Giá_50tr9 - Đưa 16tr Lấy Xe Ko Xác Minh ☎️/𝗭𝗮𝗹𝗼 : *** - 𝙏𝙪̛ 𝙑𝙖̂́𝙣 𝟮𝟰/𝟳 🏠 𝟮𝟴𝟴 𝗧𝗿𝘂̛𝗼̛̀𝗻𝗴 𝗖𝗵𝗶𝗻𝗵 - 𝗤𝘂𝗮̣̂𝗻 𝟭𝟮 - 𝗛𝗖𝗠 ❤️Mợ Ấu đưa 5củ gốp ko lẽ sức 9 tháng ❤️Mợ Ấu đưa 30% Ko xác minh nhà ở ❤️Mợ Ấu đưa 50% Ko xác minh nhà ở ❤️Mợ Ấu đưa 80% ko phí hồ sơ lẽ sức ❤️Tặng 12 tháng xe hư đưa xe khác dùng ❤️Tặng đổi pin đi liền ko chờ sạc nhiều ở 8 đến 12 cơ sở ở Sài Gòn ( Ở Quận 4 -6 -8 -12 , Tân Bình, Bình Tân, Tân Phú, Thủ Đức, Phú Nhuận )","Quận 12, Tp Hồ Chí Minh",Đã sử dụng,Xe máy điện,Unknown,2026,10000,50900000,Used,Hồ Chí Minh,2026.0,10000.0
933,https://xe.chotot.com/mua-ban-xe-may/133125064.htm,2026-06-23 15:13:24,xe_may_dien,Feliz S màu Đen pin thuê 350k,17500000,Mua xe  Điện Giá Tốt Sài Gòn,Feliz s pin thuê 350k chạy o giới hạng Chính chủ ký,"Quận 10, Tp Hồ Chí Minh",Đã sử dụng,Xe máy điện,Unknown,2023,75000,17500000,Used,Hồ Chí Minh,2023.0,75000.0
934,https://xe.chotot.com/mua-ban-xe-may/133145510.htm,2026-06-23 15:03:55,xe_may_dien,Xe máy điện VinFast Feliz 2025 Đen 482 km,23200000,Hải louis,"M bán xe vinfats feliz 2025 mới mua 20 ngày đã ra biển,odo 482km như mới, pin 2,4kw đi 80-90km/sạc","Quận Lê Chân, Hải Phòng",Đã sử dụng,Xe máy điện,Unknown,2025,482,23200000,Used,Hải Phòng,2025.0,482.0
935,https://xe.chotot.com/mua-ban-xe-may/132972490.htm,2026-06-23 15:02:02,xe_may_dien,Xe máy điện Vinfast Theon S 2025 Đen 10000 km,45000000,Xe Điện Kim Thảo,- Theon S dòng xe cao cấp Vinfast - Pin 3.5kw đi trên 100km/lần sạc - Biển TP. Chính chủ công chứng - Odo 10k. đăng ký 09/2025 - Bảo hành hãng dài hạn - Dán keo chống trầy full xe - Giá 45 triệu - Địa chỉ : 24/6. Đ.TL44. P.thạnh lộc. Q12,"Quận 12, Tp Hồ Chí Minh",Đã sử dụng,Xe máy điện,Unknown,2025,10000,45000000,Used,Hồ Chí Minh,2025.0,10000.0
936,https://xe.chotot.com/mua-ban-xe-may/133119595.htm,2026-06-23 15:02:02,xe_may_dien,Xe máy điện Vera S 2025 Đen,10900000,Xe Điện Kim Ngân,"Vespa Vera S lướt 2025 Xe 5 bình khoẻ đi 50km/ lần sạc Mọi chức năng zin nguyên bản đầy đủ 2 chìa khoá, sạc theo xe Xe đăng ký 6/2025 mới lăn bánh 3800km Xe đi êm ru khoẻ Bh 3 tháng - ship toàn quốc","Huyện Thanh Trì, Hà Nội",Đã sử dụng,Xe máy điện,Unknown,2025,3800,10900000,Used,Hà Nội,2025.0,3800.0
937,https://xe.chotot.com/mua-ban-xe-may/133044266.htm,2026-06-23 15:00:46,xe_may_dien,Xe đạp điện LYVA Xanh 30km,2500000,Thu Nguyễn ,"Bán chiếc xe điện đang dùng tốt Xe vẫn đầy đủ còi , đèn, xi nhan, cục sạc Một lần sạc đầy đi được tầm 30km Nói chung mua về đi chợ hay loanh quanh đưa đón con rất tiện lợi ạ Ai cần mua xin gọi điện trực tiếp, có bớt tiền xăng xe đi lại","Quận Long Biên, Hà Nội",Đã sử dụng,Xe máy điện,Unknown,2019,22222,2500000,Used,Hà Nội,2019.0,22222.0
938,https://xe.chotot.com/mua-ban-xe-may/133144792.htm,2026-06-23 14:56:18,xe_may_dien,Xe máy điện Vinfast Feliz Neo 2025 Xám,20000000,Vy Nguyễn,"Do ko có như cầu sử dụng nên cần bye em Feliz Neo 2025 Giấy tờ xe chính chủ, xe còn mới, còn bảo hành , mình mua xe trực tiếp tại Vinfast bác nào thiện chí nhắn trực tiếp qua zalo có fix cho bác nào chốt lẹ","Quận Gò Vấp, Tp Hồ Chí Minh",Đã sử dụng,Xe máy điện,Unknown,2025,1000,20000000,Used,Hồ Chí Minh,2025.0,1000.0
939,https://xe.chotot.com/mua-ban-xe-may/133123889.htm,2026-06-23 14:53:42,xe_may_dien,Pega S 2026 Xám 120km,25000000,Mua xe  Điện Giá Tốt Sài Gòn,Pega S 4/2026 lướt keng như new 😍😍😍 Lên pin 72v55ah 1 lần sạc đi 120km Chính chủ ký biển SG,"Quận 10, Tp Hồ Chí Minh",Đã sử dụng,Xe máy điện,Unknown,2026,2000,25000000,Used,Hồ Chí Minh,2026.0,2000.0
940,https://xe.chotot.com/mua-ban-xe-may/133145212.htm,2026-06-23 14:52:53,xe_may_dien,Xe máy điện Vinfast FelizS 2022 Đỏ 20.000km,26000000,Duy An - Bruno Sport,"Bán xe Vinfast FelizS đời 2022, odo 20.000km, xe chạy đi chợ và đi lanh quanh gần nhà nên còn rất mới và ít trầy xước (tình trạng 98%) Pin mua theo xe, máy móc nguyên zin, không đâm đụng ngập nước.","Quận Bình Tân, Tp Hồ Chí Minh",Đã sử dụng,Xe máy điện,Unknown,2022,20000,26000000,Used,Hồ Chí Minh,2022.0,20000.0
941,https://xe.chotot.com/mua-ban-xe-may/133054254.htm,2026-06-23 14:49:29,xe_may_dien,Xe điện Hungstyle Dana V1 Trắng LƯỚT 90%,7500000,THUCŨĐỔIMỚIXEĐIỆN,XE MÁY ĐIỆN HUNGSTYLE V1 P LƯỚT 90% CÒN SỔ BH M133 GRANT# Xe điện quận 7# Tư vấn xe đạp điện qua Zalo e ***#,"Quận Bình Tân, Tp Hồ Chí Minh",Đã sử dụng,Xe máy điện,Unknown,2026,2000,7500000,Used,Hồ Chí Minh,2026.0,2000.0
942,https://xe.chotot.com/mua-ban-xe-may/133144812.htm,2026-06-23 14:37:22,xe_may_dien,Xe máy điện VinFast Feliz2025 Xanh Odo 800 km,28900000,Công Nghĩa,#Feliz2025 BST 9 chủ odo 800km ❤️Mợ Ấu Gốp 3tr3 hoặc 6tr3 - ko phát sinh - ko xác minh nhà ✅Tặng đổi pin đi liền ko chờ sạc 8-13 cơ sở ✅Tặng 1 năm xe hư đưa xe khác dùng tiếp ☎️ /𝗭𝗮𝗹𝗼 : *** - Nghĩa 🏠𝟭𝟭𝟱 𝗣𝗵𝗮̣𝗺 𝗧𝗵𝗲̂́ 𝗛𝗶𝗲̂̉𝗻 - 𝗤𝘂𝗮̣̂𝗻 𝟴 - 𝗛𝗖𝗠,"Quận 8, Tp Hồ Chí Minh",Đã sử dụng,Xe máy điện,Unknown,2025,800,28900000,Used,Hồ Chí Minh,2025.0,800.0
943,https://xe.chotot.com/mua-ban-xe-may/133097074.htm,2026-06-23 14:36:57,xe_may_dien,Vinfast Evo Grand Lite Mới 99%,16000000,Xe Điện Kim Thảo,"- Evo Grand Lite - Xe Mới đi 13 km - Biển tỉnh 68. Học sinh trên 16t đi ko cần bằng lái - Pin 1,2kw thực tế đi dc 50km/lần sạc - Mua bán cửa hàng. giao cavet ,cccd chủ - Giá 16 triệu - Địa chỉ : 24/6. Đ.TL44. P.thạnh lộc. Q12","Quận 12, Tp Hồ Chí Minh",Đã sử dụng,Xe máy điện,Unknown,2026,13,16000000,Used,Hồ Chí Minh,2026.0,13.0
944,https://xe.chotot.com/mua-ban-xe-may/133144796.htm,2026-06-23 14:36:51,xe_may_dien,Vinfast Feliz 2025 Date 2026 Mới 99%,25000000,Xe Điện Kim Thảo,- Feliz 2025 .Sản xuất 2026 .Lướt Mới 99% - Odo 270 km . sạc được 4 lần - Đăng ký 05/2026. Biển TP - xe đang đi 1 pin 2.4kw - Chính chủ công chứng - Giá 25 triệu - Địa chỉ : 24/6. Đ.TL44. P.thạnh lộc. Q12,"Quận 12, Tp Hồ Chí Minh",Đã sử dụng,Xe máy điện,Unknown,2026,270,25000000,Used,Hồ Chí Minh,2026.0,270.0
945,https://xe.chotot.com/mua-ban-xe-may/133065212.htm,2026-06-23 14:35:01,xe_may_dien,"Xe máy điện DAT.BIKE QuantumS1 Trắng, Đen, Xám Mới",49900000,Nguyễn Ngọc Tú,"Xe máy điện DAT.BIKE màu Trắng, màu Đen, màu Xám, thiết kế hiện đại, động cơ mạnh mẽ, vận hành êm ái. - Pin bền bỉ, tuổi thọ lên đến 25 năm. - Di chuyển linh hoạt trong đô thị. - Xe mới.","Quận Tây Hồ, Hà Nội",Mới,Xe máy điện,Unknown,2026,,49900000,New,Hà Nội,2026.0,
946,https://xe.chotot.com/mua-ban-xe-may/133144733.htm,2026-06-23 14:34:02,xe_may_dien,Vinfast Evo Grand new,19700000,Hạ,HCM e có suất mua xe Vinfast giá tốt Xe mới Nhận xe tại showroom chính hãng Xuất hoá đơn chính chủ Evo Grand 19.7,"Quận Tân Bình, Tp Hồ Chí Minh",Mới,Xe máy điện,Unknown,2025,,19700000,New,Hồ Chí Minh,2025.0,
947,https://xe.chotot.com/mua-ban-xe-may/133144714.htm,2026-06-23 14:33:11,xe_may_dien,EVO Grand trắng,20500000,Thu Tuyền,evo grand 1 pin chưa bấm biển giá 20.5 xuất hoá đơn chính chủ,"Quận Bình Tân, Tp Hồ Chí Minh",Đã sử dụng,Xe máy điện,Unknown,2025,10,20500000,Used,Hồ Chí Minh,2025.0,10.0
948,https://xe.chotot.com/mua-ban-xe-may/133144710.htm,2026-06-23 14:33:02,xe_may_dien,Xe máy điện Xmen Combo 3K 100S Đen,17000000,Phan Hữu Chiến ,cần bán xe xmen combo 3k 100s pin 72v 65a gtdd,"Thành phố Thủ Đức, Tp Hồ Chí Minh",Đã sử dụng,Xe máy điện,Unknown,2024,5000,17000000,Used,Hồ Chí Minh,2024.0,5000.0
949,https://xe.chotot.com/mua-ban-xe-may/133144707.htm,2026-06-23 14:32:53,xe_may_dien,VinFast Feliz 2025 xanh oliu 3000km,26900000,DingDing,"Ko còn nhu cầu sử dụng nên bán xe feliz 2025 biển Hà Nội mới đăng ký đc hơn tháng, chạy đc 3000km Đã lên yên kymdan và smartkey, chắn bùn, hộc để đồ, thảm chân Bán kèm 1 pin phụ và 1 giắc đơn Sạc 400w theo xe Mua về chỉ việc đi, chính chủ sang tên phút mốt","Quận Bắc Từ Liêm, Hà Nội",Đã sử dụng,Xe máy điện,Unknown,2025,3000,26900000,Used,Hà Nội,2025.0,3000.0
950,https://xe.chotot.com/mua-ban-xe-may/133073242.htm,2026-06-23 14:29:42,xe_may_dien,kẹt tiền bán gấp,19500000,David Đào,cần bán xe máy điện yadea voltguard 002 chính chủ bình mới thay đi đc100km cho ai cần gọi mình bớt nhanh bsố md ko cần bằng lái,"Quận 8, Tp Hồ Chí Minh",Đã sử dụng,Xe máy điện,Unknown,2023,8000,19500000,Used,Hồ Chí Minh,2023.0,8000.0
951,https://xe.chotot.com/mua-ban-xe-may/133009275.htm,2026-06-23 14:26:56,xe_may_dien,Xe máy điện Vinfast Motio Đỏ Mới,10500000,Xe Điện Kim Thảo,- Motio Vinfast Mới 100% - 5 Bình acquy đi 50-60km/lần sạc - Học sinh trên 16t lưu thông ko cần bằng lai - Bao Hóa đơn VAT - Tặng khung + Thảm lót + nón bảo hiểm - Giá 10tr500k - Địa chỉ : 24/6. Đ.TL44. P.thạnh lộc. Q12,"Quận 12, Tp Hồ Chí Minh",Mới,Xe máy điện,Unknown,2025,,10500000,New,Hồ Chí Minh,2025.0,
952,https://xe.chotot.com/mua-ban-xe-may/132906039.htm,2026-06-23 14:22:28,xe_may_dien,Xe máy điện VinFast Feliz 2025 Xanh rêu,27000000,Võ Văn Huy,"Xe máy điện VinFast Feliz đời 2025 màu xanh rêu, xe còn mới. - Xe 2 pin, đi được quãng đường xa. - Odo thấp 13k km. - Giao cà vẹt đầy đủ.","Quận 6, Tp Hồ Chí Minh",Đã sử dụng,Xe máy điện,Unknown,2025,13000,27000000,Used,Hồ Chí Minh,2025.0,13000.0
953,https://xe.chotot.com/mua-ban-xe-may/133143489.htm,2026-06-23 13:41:11,xe_may_dien,Xe máy điện Yadea Orla Xám 5 bình,13500000,Vinh Nguyễn,"Yadea orla 13tr5 5 bình, bảo hành 6 tháng Quan tâm liên hệ ***","Quận Bình Tân, Tp Hồ Chí Minh",Đã sử dụng,Xe máy điện,Unknown,2026,0,13500000,Used,Hồ Chí Minh,2026.0,0.0
954,https://xe.chotot.com/mua-ban-xe-may/133058436.htm,2026-06-23 13:12:16,xe_may_dien,Xe điện Yadea V1 Trắng 4 bình lớn 45-50 cây sạc,6800000,Johntran,Xe điện yeada V1 trắng chính hãng chạy 45-50 cây mới sạc…4 bình lớn…đang chay ổn định ko lỗi…2 khoá remote + sac zin yeada theo xe….,"Quận Tân Phú, Tp Hồ Chí Minh",Đã sử dụng,Xe máy điện,Unknown,2024,6000,6800000,Used,Hồ Chí Minh,2024.0,6000.0
955,https://xe.chotot.com/mua-ban-xe-may/133142700.htm,2026-06-23 13:07:49,xe_may_dien,Xe máy điện Piaggio Vespa Đen nhám 40-50km/lần sạc,8300000,Xe điện Bình Phương,"VP280 ✅ Xe máy điện Vespa biển HN đen nhám ắc quy bao khoẻ 8tr3 ➡️ Đủ giấy tờ đăng ký biển ➡️40-50km/ lần sạc ➡️Lắp ắc quy mới hỗ trợ giá 50% ➡️ Hình thức đẹp nét, xe chắc chắn, xe đã bảo dưỡng toàn bộ ➡️ full chức năng, đủ phụ kiện, bảo hành dài, ship toàn quốc ☎️ *** (zalo,fb,mess) có trả góp 📌 Cửa hàng xe điện Bình Phương, sn 15 ngõ 195/91 Trần Cung, Hà Nội","Quận Cầu Giấy, Hà Nội",Đã sử dụng,Xe máy điện,Unknown,2020,690,8300000,Used,Hà Nội,2020.0,690.0
956,https://xe.chotot.com/mua-ban-xe-may/133142654.htm,2026-06-23 13:05:39,xe_may_dien,Xe điện thể thao đỏ đen,3200000,Phi,"Xe máy điện màu đỏ đen, kiểu dáng thể thao, vận hành êm ái. phù hợp đi chợ . đi học . 4 bình mới thay","Huyện Châu Thành, Đồng Tháp",Đã sử dụng,Xe máy điện,Unknown,2024,999,3200000,Used,Đồng Tháp,2024.0,999.0
957,https://xe.chotot.com/mua-ban-xe-may/133142638.htm,2026-06-23 13:05:10,xe_may_dien,"Xe điện 3 bánh Super Đỏ, Trắng, Đen",6500000,Vuduyha,Xe điện 3 bánh như hình .xe đẹp bình khoẻ mọi người ai cần vui lòng lh trực tiếp,"Huyện Hóc Môn, Tp Hồ Chí Minh",Đã sử dụng,Xe máy điện,Unknown,2020,4000,6500000,Used,Hồ Chí Minh,2020.0,4000.0
958,https://xe.chotot.com/mua-ban-xe-may/133119609.htm,2026-06-23 12:52:03,xe_may_dien,Xe máy điện Xmen Ninjia Đen mới 60km/lần sạc,11990000,Xe Điện Kim Ngân,Xmen Ninjia mới 100% 2 giảm sóc Xe chạy 5 bình to nặng cân đi 60km/ lần sạc Xe 2 chìa khoá thông minh kết hợp chống trộm. Giấy tờ phụ kiện theo xe đầy đủ Giá thanh lý cho ace mua vào dịp hè cho con em chuẩn bị vào học Bh 12-24 tháng - ship toàn quốc,"Huyện Thanh Trì, Hà Nội",Mới,Xe máy điện,Unknown,2025,,11990000,New,Hà Nội,2025.0,
959,https://xe.chotot.com/mua-ban-xe-may/133120276.htm,2026-06-23 12:50:02,xe_may_dien,Xe máy điện YADEA YD1500DT 2G 2023 Chính Chủ,17000000,iMotorbike Khương Phan,"YADEA YD1500DT 2G – 2023 – Chính Chủ BSTP 📌 Odo 38.000 km chuẩn 📌 Động cơ 1500W bản 2G mạnh mẽ, tăng tốc bốc 📌 Tốc độ tối đa khoảng 50–70 km/h tùy điều kiện sử dụng 📌 Ắc quy Graphene TTFAR 72V, đi 80–100 km/lần sạc 📌 Smartkey, chống trộm, cốp rộng tiện lợi 📌 Xe đẹp, vận hành ổn định, mua về đi ngay ✔️ Bao test xe / test thợ thoải mái ✔️ Bảo hành động cơ & hệ thống điện 6 tháng ✔️ Đổi trả 6 ngày nếu lỗi kỹ thuật 💳 Hỗ trợ góp ngân hàng – góp nợ xấu – quẹt thẻ tín dụng 💰 Giá bán: 17.000.000đ 📍 855 Quang Trung, Phường An Hội Tây, Gò Vấp, TP.HCM 📲 Số điện thoại có zalo","Quận Gò Vấp, Tp Hồ Chí Minh",Đã sử dụng,Xe máy điện,Unknown,2023,38000,17000000,Used,Hồ Chí Minh,2023.0,38000.0
960,https://xe.chotot.com/mua-ban-xe-may/132932795.htm,2026-06-23 12:30:01,xe_may_dien,Evo Grand 2026 Mới 2 pin new 100% đã có biển,26000000,Mua xe  Điện Giá Tốt Sài Gòn,Evo grand 2026 2 pin new 100% mới lấy biển chưa chay,"Quận Tân Phú, Tp Hồ Chí Minh",Mới,Xe máy điện,Unknown,2026,,26000000,New,Hồ Chí Minh,2026.0,
961,https://xe.chotot.com/mua-ban-xe-may/133071989.htm,2026-06-23 12:02:28,xe_may_dien,"Evo grand lite PIN 2.4, biển thành phố HCM",22000000,Mai Diễm Phương ,"vinfast Evo grand lite, biển số thành phố, đã mua pin 2.4kw chính hãng và cục sạc 400 w, mỗi lần sạc đi được gần 100 km khá ok, xe còn mới 99%, chỉ đi Sài Gòn Đà Lạt ,vũng tàu, Nha Trang vài chuyến, xe đi khá ok,bao êm,bao ngon, bao sướng nhé,còn mới, nay đã trải nghiệm xong, cần bán lại cho anh em nào chưa trải nghiệm nhé, xe chính chủ viết giấy bao tranh chấp, cảm ơn mọi người đã xem tin, cảm ơn chợ tốt đã duyệt!","Quận 12, Tp Hồ Chí Minh",Đã sử dụng,Xe máy điện,Unknown,2025,9500,22000000,Used,Hồ Chí Minh,2025.0,9500.0
962,https://xe.chotot.com/mua-ban-xe-may/133029190.htm,2026-06-23 11:58:14,xe_may_dien,Xe máy điện Dat Bike Quantum S1 2026 Trắng,50900000,Điền Phan DAT BIKE,"Xe máy điện Dat Bike Quantum S1 2026 màu Trắng, xe mới 100%. Thiết kế hiện đại, hiệu năng mạnh mẽ: Động cơ 7000W, tốc độ tối đa 100 km/h. Di chuyển lên đến 285 km sau một lần sạc, sạc đầy trong 4 giờ. Trang bị công nghệ Hill Assist, Cruise Control và hệ thống chống trộm thông minh. Phanh đĩa CBS trước sau, cốp rộng rãi 41L.","Thành phố Thủ Đức, Tp Hồ Chí Minh",Mới,Xe máy điện,Unknown,2026,,50900000,New,Hồ Chí Minh,2026.0,
963,https://xe.chotot.com/mua-ban-xe-may/133140927.htm,2026-06-23 11:47:52,xe_may_dien,Xe máy điện Yadea Quantum S3 bs 50aa-20928,29000000,Thanh Hùng xebachin ,"- sx 2025 - Kiểu dáng hiện đại, vận hành êm ái. - Tình trạng hiện tại xe mua về sử dụng ngay : dàn ốp nhựa và bộ phận máy móc nguyên bản 90% mua về sd ngay - Giá : 29.000.000 - Giấy tờ xe chính chủ - Xe không ủy quyền lại đc - Sang tên/ rút hồ sơ thoải mái ạ - Xe39 bán ra giấy tờ đầy đủ bản chính - Cam kết sang tên rút hồ sơ ok có phí dịch vụ - Xe39 bảo hành 1 năm hoặc 10.000km cho khách hàng yên tâm sử dụng sản phẩm - Đc : 141 Hoàng Văn Thụ, Phú Nhuận TPHCM - QK chỉ cần nhắn tin hoặc gọi ĐT / ZeLo = Xe39 Lh tư vấn ngay 🏠 Xe39 cam kết 100% bằng Văn bản Với các chính sách: 👉 Giấy Tờ: Đầy đủ và đúng pháp luật VN, Sang Tên - Rút hồ sơ gốc ok ( có + phí ) ( hoàn đủ tiền ngay nếu sai phạm ) 👉 Xe39 bảo hành : 100% xe trong 10 ngày đầu SD, bảo hành toàn Bộ Phận Máy Móc 06 - 12 tháng -5000km /10.000km ( tùy giá trị xe) 👉 Có Bán trả góp qua bank/cty , 👉Có nhận thu xe cũ đổi xe mới với giá cao 👉 luôn luôn 100% Khuyến mãi : 2 nón bảo hiểm, giấy bảo hiểm xe máy, 1 bình Dầu nhớt ☺️ 👉 Xe39 cam kết 1 đổi 1 trong các ngày đầu sd (ko cần lý do) Có Thu Mua lại với giá tốt thị trường ( trừ phí chỉ từ 5% đến 20% tùy giá trị xe 💪 👉 Hổ trợ Ship tận nơi tại TPHCM và các tỉnh lân cận, 👉 Xe39 Hơn 10 năm hoạt động, với gần 300 sản phẩm xe máy đã được kiểm định luôn luôn có tại hệ thống 👉Xe39 Cam kết mang lại cho quý khách hàng sự hài lòng nhất.","Quận Phú Nhuận, Tp Hồ Chí Minh",Đã sử dụng,Xe máy điện,Unknown,2025,5000,29000000,Used,Hồ Chí Minh,2025.0,5000.0
964,https://xe.chotot.com/mua-ban-xe-may/133140347.htm,2026-06-23 11:29:15,xe_may_dien,Quantum S3 2025 Xám 1 chủ,32800000,Trung xe,#Quantum S3 biển tp chính chủ ✅️date 2025 2026 Odo 1600. 200km 1 lần sạc. Sạc zin theo xe ✅Xe đẹp. Áo liền lạc. Máy zin êm. Xe lướt. Áo trùm keo nguyên xe. Có bh máy móc cho ae trãi nghiệm. Giá 32tr800 ( có fix cho ae mau lẹ). Giấy tờ đầy đủ hợp lệ. Chính chủ sang tên 🏠🏠Xem xe tại quận 3 ☎️☎️ *** ***nhận giao lưu trao đổi mọi dòng xe *** ***hổ trợ trả góp qua thẻ tín dụng*** ***check gốc xe máy toàn quốc*** ***hỗ trợ ship xe toàn quốc***,"Quận 3, Tp Hồ Chí Minh",Đã sử dụng,Xe máy điện,Unknown,2016,1600,32800000,Used,Hồ Chí Minh,2016.0,1600.0
965,https://xe.chotot.com/mua-ban-xe-may/133139075.htm,2026-06-23 10:50:18,xe_may_dien,Xe điện VLAX 2026 Xám 2 tháng,27000000,Nguyen Minh,"Xe điện VLAX model 2026 màu xám, mới sử dụng 2 tháng. - Xe còn rất mới, hoạt động tốt. - Thiết kế hiện đại, tiện lợi di chuyển. - Phù hợp đi lại hàng ngày.","Thành phố Buôn Ma Thuột, Đắk Lắk",Đã sử dụng,Xe máy điện,Unknown,2026,2000,27000000,Used,Đắk Lắk,2026.0,2000.0
966,https://xe.chotot.com/mua-ban-xe-may/133139059.htm,2026-06-23 10:49:51,xe_may_dien,Vinfast Klara S2 2025 Đỏ 5480km,28000000,Duyen,"Bán xe Vinfast Klara S2 màu đỏ đăng kí 2025, pin mua, sạc nhanh 1000W Xe mới đi 5480km, xe còn bảo hành đến năm 2030 Mọi chức năng hoạt động hoàn hảo. xe biển số Tphcm. Xe chính chủ Ai có nhu cầu mua xin liên hệ qua điện thoại. cảm ơn!","Quận 10, Tp Hồ Chí Minh",Đã sử dụng,Xe máy điện,Unknown,2025,5480,28000000,Used,Hồ Chí Minh,2025.0,5480.0
967,https://xe.chotot.com/mua-ban-xe-may/132375304.htm,2026-06-23 10:40:14,xe_may_dien,LÊN ĐỜI OTO PASS XE ĐIỆN ĐẠT BIKE,30999000,Lê Ngân,"Xe máy ĐIỆN Đạt Bike đời 2024 màu đen cam, biển số thành phố. - Xe đi 84.000 km, máy móc ổn định. - Ngoại hình đẹp, xe giữ gìn cẩn thận. - Phù hợp chạy dịch vụ giao hàng.. hàng ngày. Xe chính chủ giấy tờ đầy đủ","Quận 7, Tp Hồ Chí Minh",Đã sử dụng,Xe máy điện,Unknown,2024,84000,30999000,Used,Hồ Chí Minh,2024.0,84000.0
968,https://xe.chotot.com/mua-ban-xe-may/133121772.htm,2026-06-23 10:38:53,xe_may_dien,VinFast Feliz Neo Trắng bstp chính chủ,19500000,Minh Trí,"Feliz neo đklđ 8/2025 đi khoảng 8-9000km bstp màu trắng như ảnh, chính chủ công chứng, uỷ quyền. Đi kèm gương zin và sạc 400W, 1 lần sạc đi được ~80km nguyên bản ko độ đẽo gì. Yên đã làm kim đan bao yêm ái, thoải mái chở gia đình.","Quận Tân Bình, Tp Hồ Chí Minh",Đã sử dụng,Xe máy điện,Unknown,2025,8000,19500000,Used,Hồ Chí Minh,2025.0,8000.0
969,https://xe.chotot.com/mua-ban-xe-may/133138417.htm,2026-06-23 10:30:41,xe_may_dien,Xe máy điện VinFast FELIX Trắng 400km,25000000,NGUYỄN XUÂN HẢI,Cần bán xe điện VINFAST FELIX . Xe lướt ~400km. Công chứng sang tên. Uỷ quyền đều được. Chính chủ.,"Thành phố Thủ Đức, Tp Hồ Chí Minh",Đã sử dụng,Xe máy điện,Unknown,2026,400,25000000,Used,Hồ Chí Minh,2026.0,400.0
970,https://xe.chotot.com/mua-ban-xe-may/133136716.htm,2026-06-23 09:30:01,xe_may_dien,"Xe máy điện VinFast Ludo Trắng, Đen bstp",8500000,nhat minh ,"Xe máy điện VinFast Ludo màu trắng, đen. - Thiết kế hiện đại, nhỏ gọn,phù hợp cho học sinh ,nguoi lớn tuổi mua đi chợ...xe nhẹ dễ di chuyển - Vận hành êm ái, tiết kiệm điện 35km/h ,đầy pin đi được 50km, - Xe còn mới, giữ gìn cẩn thận.có biển số giấy tờ đầy đủ công chứng mua bán.","Thành phố Thủ Đức, Tp Hồ Chí Minh",Đã sử dụng,Xe máy điện,Unknown,2022,13000,8500000,Used,Hồ Chí Minh,2022.0,13000.0
971,https://xe.chotot.com/mua-ban-xe-may/133080610.htm,2026-06-23 09:12:57,xe_may_dien,Xe máy điện Vinfast Evo200 Vàng 2025,22900000,Ngọc ,"- Vinfast Evo200 dán keo nguyên chiếc còn mới keng ko một vết trầy 2025 bảo hành 6 năm đi thoải mái luôn nha ace - Xe chính chủ Bstp ký mua bán ủy quyền đều được nhé - Pin 3.5 mua đứt ,sạc đầy đi được 200km - Giá bán : 22,9tr - Dt : - Xem xe Q6, có ship xa","Quận 6, Tp Hồ Chí Minh",Đã sử dụng,Xe máy điện,Unknown,2025,14000,22900000,Used,Hồ Chí Minh,2025.0,14000.0
972,https://xe.chotot.com/mua-ban-xe-may/132818297.htm,2026-06-23 08:42:32,xe_may_dien,Xe máy điện DK Bike Roma SX 2021 Xanh ngọc,7500000,Trung Đồ Cũ,"Vespa điện hãng Dk bike roma Sx đời cao 2021 Xe đẹp chạy êm ru, bình ác quy khỏe Giấy tờ đầy đủ Thanh lý 7 tr 500k cho các cháu về đi học","Thành phố Nam Định, Nam Định",Đã sử dụng,Xe máy điện,Unknown,2021,8888,7500000,Used,Nam Định,2021.0,8888.0
973,https://xe.chotot.com/mua-ban-xe-may/132848537.htm,2026-06-23 08:41:17,xe_may_dien,Xe máy điện VinFast Evo Grand Đỏ,20000000,Kiệt,Bán xe điện Evo Grand lướt odo 7300 km Đủ giấy cho khách đi đăng ký mới 20tr Xe đẹp nguyên bản như hình Full phụ kiện pin gương sạc Bảo hành đảm bảo lâu dài Xe Xem xe trực tiếp tại Vinhomes Grand Park LH ***,"Thành phố Thủ Đức, Tp Hồ Chí Minh",Đã sử dụng,Xe máy điện,Unknown,2025,7300,20000000,Used,Hồ Chí Minh,2025.0,7300.0
974,https://xe.chotot.com/mua-ban-xe-may/132997953.htm,2026-06-23 08:37:39,xe_may_dien,Xe máy điện Kazuki X-Men Đen 38318 km,8500000,Huỳnh Đăng Bảo Trần Thị Kim Thoa,Bán xe máy điện kazuki z 3 Năm 2023 Nguyên rin Giấy tờ đầy đủ Đc : 552/5 Trưng nữ vương,"Quận Hải Châu, Đà Nẵng",Đã sử dụng,Xe máy điện,Unknown,2023,8000,8500000,Used,Đà Nẵng,2023.0,8000.0
975,https://xe.chotot.com/mua-ban-xe-may/133135401.htm,2026-06-23 08:30:05,xe_may_dien,Xe điện VinFast Flazz Xanh,15200000,Karaoke Jimmy 26 Vạn Phúc Ba Đình Hà Nội,Bán xe điện vinffat flazz màu xanh mới 99/% do ko sử dụng,"Quận Ba Đình, Hà Nội",Đã sử dụng,Xe máy điện,Unknown,2025,250,15200000,Used,Hà Nội,2025.0,250.0
976,https://xe.chotot.com/mua-ban-xe-may/132604486.htm,2026-06-23 08:12:45,xe_may_dien,Xe máy điện Vinfast Grand Lite Neo Tím,16699000,Anh Tư,"Bán Vinfast Evo Grand lite , bản pin 1,2kw theo xe, mới 100%, XHĐ vat về cho Anh Em ra biển số, màu Tím lavender hot nhất, bảo hành chính hãng. Liên hệ để test. Giá 16tr699. Cảm ơn","Quận 8, Tp Hồ Chí Minh",Đã sử dụng,Xe máy điện,Unknown,2026,0,16699000,Used,Hồ Chí Minh,2026.0,0.0
977,https://xe.chotot.com/mua-ban-xe-may/133134919.htm,2026-06-23 07:59:20,xe_may_dien,Xe máy điện Yadea V1 ZEVO Xám 5 bình,8700000,Đỗ Đức Duy,Nhà còn chiếc V1 ZEVO 5 bình càn bán giá 8t7 ai cần lh ***,"Quận Bình Tân, Tp Hồ Chí Minh",Đã sử dụng,Xe máy điện,Unknown,2025,5000,8700000,Used,Hồ Chí Minh,2025.0,5000.0
978,https://xe.chotot.com/mua-ban-xe-may/133134917.htm,2026-06-23 07:59:10,xe_may_dien,Xe điện Osaka đỏ cần sửa chữa,3500000,Mua Bán Đồ Cũ TPHCM 8668,Bán xe điện Osaka như hình ảnh tình trạng xe bánh bị bó mình còn ok đèn coi xinh nhan đều đủ có sạc chìa khóa anh em thợ nào cần lấy về dọn alô mình,"Huyện Nhà Bè, Tp Hồ Chí Minh",Đã sử dụng,Xe máy điện,Unknown,2020,23645,3500000,Used,Hồ Chí Minh,2020.0,23645.0
979,https://xe.chotot.com/mua-ban-xe-may/131350040.htm,2026-06-23 07:55:14,xe_may_dien,Xe điện 3 bánh Đỏ Trắng Đen,3800000,m trung,ai cân thì LH bình mới thay bình lớn 30ah lân xac chạy 25 km,"Quận 12, Tp Hồ Chí Minh",Đã sử dụng,Xe máy điện,Unknown,2018,9999,3800000,Used,Hồ Chí Minh,2018.0,9999.0
980,https://xe.chotot.com/mua-ban-xe-may/133134462.htm,2026-06-23 07:16:23,xe_may_dien,"Xe điện SK8 48V20A Li-ion 500W Trắng, Đen",8000000,Yerbol,"Xe điện SK8 — phương tiện đáng tin cậy cho học tập và đi lại trong thành phố! Thông số kỹ thuật: 🔋 Pin: 48V20A Li-ion — pin lithium nhẹ và bền, đảm bảo quãng đường di chuyển tốt sau mỗi lần sạc ⚡ Động cơ: 500W với cuộn dây đồng nguyên chất — mạnh mẽ, đáng tin cậy và bền bỉ, dễ dàng vượt dốc và di chuyển trong thành phố 🎛️ Bộ điều khiển: bộ điều khiển thông minh 6 ống — tăng tốc êm ái, hoạt động ổn định và an toàn cao 🛞 Bánh xe: lốp không ruột 14×2.75 — khả năng giảm xóc tốt và độ ổn định trên đường 📊 Màn hình: bảng đồng hồ kỹ thuật số — mọi thông tin quan trọng (tốc độ, mức pin) luôn hiện rõ trước mắt 💪 Tải trọng: lên đến 200 kg — có thể chở cặp, túi xách hoặc thậm chí thêm một người ngồi sau 🔌 Sạc dễ dàng từ ổ điện thông thường Vì sao SK8 là lựa chọn tuyệt vời cho sinh viên? ✅ Tiết kiệm chi phí đi lại và đỗ xe ✅ Không cần bằng lái, không cần xăng ✅ Nhỏ gọn, dễ điều khiển ✅ Phù hợp cho việc đi học, về nhà, đi làm Tặng mũ bảo hiểm miễn phí! 🛵 Hãy nhắn tin cho tôi ngay bây giờ để đặt chỗ SK8, và tôi sẽ giao hàng miễn phí đến tận nhà bạn!","Quận Ngũ Hành Sơn, Đà Nẵng",Mới,Xe máy điện,Unknown,2026,,8000000,New,Đà Nẵng,2026.0,
981,https://xe.chotot.com/mua-ban-xe-may/133134461.htm,2026-06-23 07:16:14,xe_may_dien,Xe máy điện 800W Đen 150kg,13780000,Yerbol,"Xe máy điện thời trang, mạnh mẽ và thoải mái Thông số kỹ thuật: 🔋 Pin: 60V20A Li-ion — pin lithium mạnh mẽ với quãng đường di chuyển được tăng cường ⚡ Động cơ: 800W với cuộn dây đồng nguyên chất — đáng tin cậy và bền bỉ, dễ dàng vượt dốc 🛞 Lốp: 300-10 không ruột — độ ổn định tuyệt vời và vận hành êm ái 🔒 Báo động: hệ thống báo động kép có điều khiển từ xa — xe của bạn luôn được bảo vệ an toàn ⛰️ Khả năng vượt dốc: lên đến 20° — dễ dàng lên đồi và cầu vượt 💪 Tải trọng: lên đến 150 kg ✅ Thiết kế thời trang, hiện đại ✅ Yên xe rộng rãi, ngồi thoải mái ✅ Bảo vệ chống trộm hiệu quả ✅ Không cần bằng lái, không cần xăng ✅ Phù hợp cho di chuyển trong thành phố và sử dụng hàng ngày Tặng mũ bảo hiểm miễn phí! 🛵 Hãy nhắn tin cho tôi ngay bây giờ để đặt chỗ xe máy điện, và tôi sẽ giao hàng miễn phí đến tận nhà bạn!","Quận Ngũ Hành Sơn, Đà Nẵng",Mới,Xe máy điện,Unknown,2026,,13780000,New,Đà Nẵng,2026.0,
982,https://xe.chotot.com/mua-ban-xe-may/133134440.htm,2026-06-23 07:14:02,xe_may_dien,Xe điện màu Đỏ ít sử dụng,6500000,Nguyễn Ngọc Thảo My,"Cần bán xe điện ít chạy , xe còn mới chạy rất ít lần qua xem xe và chạy thử thoải mái Không bớt nhiều trả giá ảo thì em không rep ạ","Quận Bình Tân, Tp Hồ Chí Minh",Đã sử dụng,Xe máy điện,Unknown,2025,300,6500000,Used,Hồ Chí Minh,2025.0,300.0
983,https://xe.chotot.com/mua-ban-xe-may/133134406.htm,2026-06-23 07:11:24,xe_may_dien,Xe máy điện Kazuki Vibe màu Hồng,9000000,chuyên xe điện Vinfat Pega,"Kazuki Vibe chính hãng mới lướt, còn bảo hành dài","Thành phố Huế, Thừa Thiên Huế",Đã sử dụng,Xe máy điện,Unknown,2024,3000,9000000,Used,Huế,2024.0,3000.0
984,https://xe.chotot.com/mua-ban-xe-may/133134379.htm,2026-06-23 07:08:47,xe_may_dien,Datbike Quantum S3 Đen 5000 km,31500000,Phong,Chính chủ cần bán Datbike Quantum S3 Odo mới hơn 5K km như mới.,"Thành phố Thủ Đức, Tp Hồ Chí Minh",Đã sử dụng,Xe máy điện,Unknown,2025,5000,31500000,Used,Hồ Chí Minh,2025.0,5000.0
985,https://xe.chotot.com/mua-ban-xe-may/133134321.htm,2026-06-23 07:03:29,xe_may_dien,Xe máy điện Tisago màu Đỏ Trắng Xanh,6200000,Xe điện TRI TÔN ,Xe kiểu dáng thời trang. Mẫu đang thịnh hành nhất hiện nay. Xe đẹp keng. Giá cực tốt cho anh em.,"Huyện Tri Tôn, An Giang",Đã sử dụng,Xe máy điện,Unknown,2023,5000,6200000,Used,An Giang,2023.0,5000.0
986,https://xe.chotot.com/mua-ban-xe-may/133134317.htm,2026-06-23 07:03:15,xe_may_dien,"Xe máy điện Before All Faro Trắng, Cam Dưới 500km",14500000,Nguyễn Mạnh Linh,Xe mới đi chưa đến 500km cần bán do công ty giải thể. Chỉ bàn về giá chất lượng khỏi bàn. Xe ko cần bằng cho người từ 16 tuổi trở lên. Về sẵn đăng ký chính chủ luôn.,"Huyện Đông Anh, Hà Nội",Đã sử dụng,Xe máy điện,Unknown,2026,500,14500000,Used,Hà Nội,2026.0,500.0
987,https://xe.chotot.com/mua-ban-xe-may/133134306.htm,2026-06-23 07:02:38,xe_may_dien,Xe máy điện Xmen đen,3800000,Xe điện TRI TÔN ,"Xmen còn 3 con Giá cực tốt cho anh em. Có bán xe không bình, anh em về lắp acquy hay pin tùy ý. Xe được bảo dưỡng kiểm tra ok.","Huyện Tri Tôn, An Giang",Đã sử dụng,Xe máy điện,Unknown,2020,120000,3800000,Used,An Giang,2020.0,120000.0
988,https://xe.chotot.com/mua-ban-xe-may/133045399.htm,2026-06-23 06:23:28,xe_may_dien,VinFast Evo Neo 4/2026lướt 4800km ngay chủ ký giấy,16500000,Cung Thị Lài,"VinFast Evo neo sx cuối 2025 đăng ký lần đầu t4/2026. chạy 4800km chưa sờ đến con ốc nào. Còn vạch sơn niêm phong cả xe. Xe 1 chủ sử dụng từ đầu, còn đầy đủ sổ sách bảo hành từ hãng. phiên bản đặc biệt, đen đỏ siêu hiếm. chạy lướt như mới. Evo neo sử dụng Pin 2.0kw đã mua đứt từ hãng không phải pin thuê nhé. quảng đường mỗi lần sạc đầy nếu chạy chế độ eco sẽ tới 90km nếu chạy sport thì đạt hơn 70km mới phải sạc lại. vận tốc tối da là 60km/h Mua bán ký giấy cho bên mua tại phòng công chứng nhé. ký uỷ quyền hay ký mua bán đều được Cam kết nguyên zin toàn bộ, đầy đủ phụ kiện sạc zin, 2 chìa khóa zin theo xe Còn bảo hành chính hãng đến năm 2030 Xem xe tại An sương - Tphcm Mua bán hoặc trao đổi xe đã qua sử dụng ***","Quận 12, Tp Hồ Chí Minh",Đã sử dụng,Xe máy điện,Unknown,2026,4800,16500000,Used,Hồ Chí Minh,2026.0,4800.0
989,https://xe.chotot.com/mua-ban-xe-may/132932750.htm,2026-06-23 06:08:49,xe_may_dien,Evo grand bản 2026 mua thêm pin lướt,25300000,Nhớ Click Chuột,Vinfast Evo Grand mua thêm pin phụ 2 pin đúng chuẩn bản 2026 k fai 2025 tồn nha 06/04/2026 đã dán keo sẵn lướt 700km,"Huyện Hóc Môn, Tp Hồ Chí Minh",Đã sử dụng,Xe máy điện,Unknown,2026,700,25300000,Used,Hồ Chí Minh,2026.0,700.0
990,https://xe.chotot.com/mua-ban-xe-may/133133876.htm,2026-06-23 02:27:49,xe_may_dien,Xe máy điện Yadea SK8 Đen,8000000,Yerbol,"⚡️ SK8: Xe máy điện đô thị lý tưởng dành cho bạn ạ! 🔋 Thoải mái vi vu cả tuần: Sở hữu viên pin Lithium 48V 20A mạnh mẽ kèm tính năng sạc nhanh. 💨 Khởi động êm ái, bứt tốc mượt mà: Động cơ lõi đồng nguyên chất 500W (Full copper motor) mang lại lực kéo cực tốt, vận hành bền bỉ, không lo bị nóng máy và tăng tốc tức thì trong phố đông. 🧠 Hệ thống điều khiển thông minh: Bộ điều khiển thông minh 6 ống (6-tube) loại lớn giúp phân phối năng lượng mượt mà, bảo vệ pin khỏi quá tải và phản hồi ga cực kỳ nhạy bén. 💪 Chịu tải siêu đỉnh — Chở thêm bạn thân thoải mái: Tải trọng lên đến 200 kg! Bạn có thể thoải mái mang theo balo nặng chứa laptop, sách vở hoặc chở thêm bạn đồng hành — SK8 vẫn lướt đi cực nhẹ nhàng. 🪐 Êm ái tối đa trên mọi cung đường: Lốp không săm (vacuum tire) bản rộng kích thước 14*2.75 giúp ""nuốt chửng"" mọi gờ giảm tốc, ổ gà hay đường gồ ghề. Không còn nỗi lo thủng săm làm gián đoạn kế hoạch của bạn. 📊 Kiểm soát mọi thông số: Đồng hồ hiển thị kỹ thuật số (Digital meter) sắc nét ngay trước mắt — giúp bạn luôn nắm rõ tốc độ và dung lượng pin thực tế. ✅ Sạc pin dễ dàng từ ổ điện gia đình thông thường Tặng mũ bảo hiểm miễn phí! 📩 Hãy nhắn tin cho tôi ngay bây giờ để đặt chỗ SK8, và tôi sẽ giao hàng miễn phí đến tận nhà bạn!","Quận Ngũ Hành Sơn, Đà Nẵng",Mới,Xe máy điện,Unknown,2026,,8000000,New,Đà Nẵng,2026.0,
991,https://xe.chotot.com/mua-ban-xe-may/133131736.htm,2026-06-22 21:20:55,xe_may_dien,Xe máy điệnV1 Plus Cam,6900000,Hoàng Anh ,Cần ra đi xác xe v1 plus không bình ai cần ib,"Quận 8, Tp Hồ Chí Minh",Đã sử dụng,Xe máy điện,Unknown,2025,400,6900000,Used,Hồ Chí Minh,2025.0,400.0
992,https://xe.chotot.com/mua-ban-xe-may/133130907.htm,2026-06-22 20:31:09,xe_may_dien,Xe máy điện DTP Katana Đỏ đã sử dụng,6000000,Hoang Dung,"tôi cần bán một xe như hình đăng xe máy điện mua mới được một năm con vào đại học nên không sử dụng nữa xe còn mới 95% đã gắn kiếng thêm khóa chống trộm xe xài rất kỹ lúc mua mới 12 triệu mấy, bỏ mấy tháng không chạy hư Bình vừa thay bình mới hết một triệu tám giờ bán lại 6 triệu có thương lượng chút đỉnh Anh Em thiện chí ai cần alo mình nhé để biết thêm thông tin điện gặp mình trực tiếp nhé số điện thoại mình *** số kia máy bỏ ở nhà điện khó gặp lắm","Huyện Châu Thành, Bến Tre",Đã sử dụng,Xe máy điện,Unknown,2025,5000,6000000,Used,Bến Tre,2025.0,5000.0
993,https://xe.chotot.com/mua-ban-xe-may/131917746.htm,2026-06-22 20:19:15,xe_may_dien,✅Pink Metro✅Evo200 Pin 3.5kw odo 8k Xe Máy Điện,25900000,Pink Ev Premium Q12 Metro,"Fb - Tiktok : Nguyen Minh Long Pink Dragon ==================📌📌📌================== Evo200 đk 2025 Sài Gòn 9 Chủ Ký - Pin Mua 3.5kw - Odo : 8.000km - Ốc tán 7 màu keng 99% - Còn đủ phụ kiện theo xe ❤️Xe keng 98% so với xe new 🏠𝟭𝟳𝟴 𝗧𝗮̂𝗻 𝗧𝗵𝗼̛́𝗶 𝗛𝗶𝗲̣̂𝗽 𝟮𝟭 - 𝗤.𝟭𝟮 - 𝗛𝗖𝗠 ❤️Nậu Xớ Đưa Từ 6tr Ko L//ã//i Suất ❤️Lên hồ sơ Online nhận xe tại nhà ❤️Nậu Xớ trả chậm trong 24 tháng ❤️Tặng 1 năm hư Pink đưa xe dùng khi chờ sửa ❤️Tặng đổi pin đi liền ko sạc ở 8 đến 12 cơ sở ( Quận 12 - Quận 6 - Bình Tân - Tân Phú - Tân Bình - Thủ Đức - Quận 4 ) ✅𝗚𝗼́𝗽 𝗡𝗴𝗮̂𝗻 𝗛𝗮̀𝗻𝗴 : Đưa 20% ae giữ Cavet ✅𝗖𝗮̀ 𝗧𝗵𝗲̉ - 𝗚𝗼́𝗽: Cà thẻ ,chuyển đổi trả góp ✅𝗕𝗮𝗼 𝗤𝘂𝗮𝘆 Đ𝗮̂̀𝘂 : Từ 20% theo giá thị trường ✅𝗠𝘂𝗮 𝗕𝗮́𝗻 𝗧𝗿𝗮𝗼 Đ𝗼̂̉𝗶 𝗫𝗲 𝗫𝗮̆𝗻𝗴, 𝗫𝗲 Đ𝗶𝗲̣̂𝗻 𝗧𝗮̣̂𝗻 𝗡𝗵𝗮̀ 𝗖𝗧𝗬 𝗣𝗜𝗡𝗞 : 𝙓𝙀 Đ𝙄𝙀̣̂𝙉 𝙎𝘼̆̃𝙉 𝘼𝙋𝙋 - 𝗡𝗔̣̂𝗨 𝗫𝗢̛́ Đ𝗨̛𝗔 𝟲 𝗖𝗨̉ 🏠𝟭𝟳𝟴 𝗧𝗮̂𝗻 𝗧𝗵𝗼̛́𝗶 𝗛𝗶𝗲̣̂𝗽 𝟮𝟭 - 𝗤.𝟭𝟮 - 𝗛𝗖𝗠 🏠𝟮𝟴𝟴 𝗧𝗿𝘂̛𝗼̛̀𝗻𝗴 𝗖𝗵𝗶𝗻𝗵 - 𝗤𝘂𝗮̣̂𝗻 𝟭𝟮 - 𝗛𝗖𝗠 🏠𝟳𝟵 𝗛𝗼𝗮̀𝗻𝗴 𝗩𝗮̆𝗻 𝗧𝗵𝘂̣ - 𝗣𝗵𝘂́ 𝗡𝗵𝘂𝗮̣̂𝗻 - 𝗛𝗖𝗠","Quận 12, Tp Hồ Chí Minh",Đã sử dụng,Xe máy điện,Unknown,2025,8000,25900000,Used,Hồ Chí Minh,2025.0,8000.0
994,https://xe.chotot.com/mua-ban-xe-may/131628692.htm,2026-06-22 20:18:49,xe_may_dien,✅Pink Metro✅FelizS 2024 odo 13k Bán Xe Máy Điện,29900000,Xe Điện Pink Quận Mười Hai,"Fb - Tiktok : Nguyen Minh Long Pink Dragon ==================📌📌📌================== FelizS 2024 Sài Gòn (mới) 9 chủ bao ký - Pin mua 3.5kw zin bảo hành đến 2029 - Odo 13.000km - Dàn ngòai keng ( sướt nhẹ 1 chỗ ) - Ốc tán 7 màu bao keng 🏠𝟭𝟳𝟴 𝗧𝗮̂𝗻 𝗧𝗵𝗼̛́𝗶 𝗛𝗶𝗲̣̂𝗽 𝟮𝟭 - 𝗤.𝟭𝟮 - 𝗛𝗖𝗠 ❤️Nậu Xớ Đưa Từ 6tr Ko L//ã//i Suất ❤️Lên hồ sơ Online nhận xe tại nhà ❤️Nậu Xớ trả chậm trong 24 tháng ❤️Tặng đổi pin đi liền ko sạc ở 8-12 cơ sở ❤️Tặng 1 năm hư Pink đưa xe dùng khi chờ sửa ✅𝗚𝗼́𝗽 𝗡𝗴𝗮̂𝗻 𝗛𝗮̀𝗻𝗴 : Đưa 20% ae giữ Cavet ✅𝗖𝗮̀ 𝗧𝗵𝗲̉ - 𝗚𝗼́𝗽: Cà thẻ ,chuyển đổi trả góp ✅𝗕𝗮𝗼 𝗤𝘂𝗮𝘆 Đ𝗮̂̀𝘂 : Từ 20% theo giá thị trường ✅𝗠𝘂𝗮 𝗕𝗮́𝗻 𝗧𝗿𝗮𝗼 Đ𝗼̂̉𝗶 𝗫𝗲 𝗫𝗮̆𝗻𝗴, 𝗫𝗲 Đ𝗶𝗲̣̂𝗻 𝗧𝗮̣̂𝗻 𝗡𝗵𝗮̀ 𝗖𝗧𝗬 𝗣𝗜𝗡𝗞 : 𝙓𝙀 Đ𝙄𝙀̣̂𝙉 𝙎𝘼̆̃𝙉 𝘼𝙋𝙋 - 𝗡𝗔̣̂𝗨 𝗫𝗢̛́ Đ𝗨̛𝗔 𝟲 𝗖𝗨̉ 🏠𝟭𝟳𝟴 𝗧𝗮̂𝗻 𝗧𝗵𝗼̛́𝗶 𝗛𝗶𝗲̣̂𝗽 𝟮𝟭 - 𝗤.𝟭𝟮 - 𝗛𝗖𝗠 🏠𝟮𝟴𝟴 𝗧𝗿𝘂̛𝗼̛̀𝗻𝗴 𝗖𝗵𝗶𝗻𝗵 - 𝗤𝘂𝗮̣̂𝗻 𝟭𝟮 - 𝗛𝗖𝗠 🏠𝟳𝟵 𝗛𝗼𝗮̀𝗻𝗴 𝗩𝗮̆𝗻 𝗧𝗵𝘂̣ - 𝗣𝗵𝘂́ 𝗡𝗵𝘂𝗮̣̂𝗻 - 𝗛𝗖𝗠","Quận 12, Tp Hồ Chí Minh",Đã sử dụng,Xe máy điện,Unknown,2024,13000,29900000,Used,Hồ Chí Minh,2024.0,13000.0
995,https://xe.chotot.com/mua-ban-xe-may/131956904.htm,2026-06-22 20:13:32,xe_may_dien,🩷Pink An Sương🩷FelizS Pin Mua Xe Máy Điện,26900000, Xe Điện Pink Quận 12,"Fb - Tiktok : Nguyen Minh Long Pink Dragon ==================📌📌📌================== FelizS BST 9 Chủ Bao Công Chứng - Pin mua 3.5kw - Còn đủ phụ kiện theo xe - Dàn áo keng 98% - Ốc tán 7 màu keng 98% ❤️Xe keng 98% so với xe new 🏠𝟮𝟴𝟴 𝗧𝗿𝘂̛𝗼̛̀𝗻𝗴 𝗖𝗵𝗶𝗻𝗵 - 𝗤𝘂𝗮̣̂𝗻 𝟭𝟮 - 𝗛𝗖𝗠 ❤️Nậu Xớ Đưa Từ 6tr Ko L//ã//i Suất ❤️Lên hồ sơ Online nhận xe tại nhà ❤️Nậu Xớ trả chậm trong 24 tháng ❤️Tặng 1 năm hư Pink đưa xe dùng khi chờ sửa ❤️Tặng đổi pin đi liền ko sạc ở 8 đến 12 cơ sở ( Quận 12 - Quận 6 - Bình Tân - Tân Phú - Tân Bình - Thủ Đức - Quận 4 ) ✅𝗚𝗼́𝗽 𝗡𝗴𝗮̂𝗻 𝗛𝗮̀𝗻𝗴 : Đưa 20% ae giữ Cavet ✅𝗖𝗮̀ 𝗧𝗵𝗲̉ - 𝗚𝗼́𝗽: Cà thẻ ,chuyển đổi trả góp ✅𝗕𝗮𝗼 𝗤𝘂𝗮𝘆 Đ𝗮̂̀𝘂 : Từ 20% theo giá thị trường ✅𝗠𝘂𝗮 𝗕𝗮́𝗻 𝗧𝗿𝗮𝗼 Đ𝗼̂̉𝗶 𝗫𝗲 𝗫𝗮̆𝗻𝗴, 𝗫𝗲 Đ𝗶𝗲̣̂𝗻 𝗧𝗮̣̂𝗻 𝗡𝗵𝗮̀ 𝗖𝗧𝗬 𝗣𝗜𝗡𝗞 : 𝙓𝙀 Đ𝙄𝙀̣̂𝙉 𝙎𝘼̆̃𝙉 𝘼𝙋𝙋 - 𝗡𝗔̣̂𝗨 𝗫𝗢̛́ Đ𝗨̛𝗔 𝟲 𝗖𝗨̉ 🏠𝟭𝟳𝟴 𝗧𝗮̂𝗻 𝗧𝗵𝗼̛́𝗶 𝗛𝗶𝗲̣̂𝗽 𝟮𝟭 - 𝗤.𝟭𝟮 - 𝗛𝗖𝗠 🏠𝟮𝟴𝟴 𝗧𝗿𝘂̛𝗼̛̀𝗻𝗴 𝗖𝗵𝗶𝗻𝗵 - 𝗤𝘂𝗮̣̂𝗻 𝟭𝟮 - 𝗛𝗖𝗠 🏠𝟳𝟵 𝗛𝗼𝗮̀𝗻𝗴 𝗩𝗮̆𝗻 𝗧𝗵𝘂̣ - 𝗣𝗵𝘂́ 𝗡𝗵𝘂𝗮̣̂𝗻 - 𝗛𝗖𝗠","Quận 12, Tp Hồ Chí Minh",Đã sử dụng,Xe máy điện,Unknown,2023,20000,26900000,Used,Hồ Chí Minh,2023.0,20000.0
996,https://xe.chotot.com/mua-ban-xe-may/131909030.htm,2026-06-22 20:13:15,xe_may_dien,🩷Pink An Sương🩷Evo200 Đã Rút Gốc Sẵn Xe Máy Điện,25900000, Xe Điện Pink Quận 12,"Fb - Tiktok : Nguyen Minh Long Pink Dragon ==================📌📌📌================== Evo200 đk 6/2024 Đã Rút Sẵn Gốc Sang Tên 30s - Pin mua 3.5kw - Dàn áo keng dán keo - Ốc tán 7 màu keng 99% - Còn đủ phụ kiện theo xe ❤️Xe keng 99% so với xe new 🏠𝟮𝟴𝟴 𝗧𝗿𝘂̛𝗼̛̀𝗻𝗴 𝗖𝗵𝗶𝗻𝗵 - 𝗤𝘂𝗮̣̂𝗻 𝟭𝟮 - 𝗛𝗖𝗠 ❤️Nậu Xớ Đưa Từ 6tr Ko L//ã//i Suất ❤️Lên hồ sơ Online nhận xe tại nhà ❤️Nậu Xớ trả chậm trong 24 tháng ❤️Tặng 1 năm hư Pink đưa xe dùng khi chờ sửa ❤️Tặng đổi pin đi liền ko sạc ở 8 đến 12 cơ sở ( Quận 12 - Quận 6 - Bình Tân - Tân Phú - Tân Bình - Thủ Đức - Quận 4 ) ✅𝗚𝗼́𝗽 𝗡𝗴𝗮̂𝗻 𝗛𝗮̀𝗻𝗴 : Đưa 20% ae giữ Cavet ✅𝗖𝗮̀ 𝗧𝗵𝗲̉ - 𝗚𝗼́𝗽: Cà thẻ ,chuyển đổi trả góp ✅𝗕𝗮𝗼 𝗤𝘂𝗮𝘆 Đ𝗮̂̀𝘂 : Từ 20% theo giá thị trường ✅𝗠𝘂𝗮 𝗕𝗮́𝗻 𝗧𝗿𝗮𝗼 Đ𝗼̂̉𝗶 𝗫𝗲 𝗫𝗮̆𝗻𝗴, 𝗫𝗲 Đ𝗶𝗲̣̂𝗻 𝗧𝗮̣̂𝗻 𝗡𝗵𝗮̀ 𝗖𝗧𝗬 𝗣𝗜𝗡𝗞 : 𝙓𝙀 Đ𝙄𝙀̣̂𝙉 𝙎𝘼̆̃𝙉 𝘼𝙋𝙋 - 𝗡𝗔̣̂𝗨 𝗫𝗢̛́ Đ𝗨̛𝗔 𝟲 𝗖𝗨̉ 🏠𝟭𝟳𝟴 𝗧𝗮̂𝗻 𝗧𝗵𝗼̛́𝗶 𝗛𝗶𝗲̣̂𝗽 𝟮𝟭 - 𝗤.𝟭𝟮 - 𝗛𝗖𝗠 🏠𝟮𝟴𝟴 𝗧𝗿𝘂̛𝗼̛̀𝗻𝗴 𝗖𝗵𝗶𝗻𝗵 - 𝗤𝘂𝗮̣̂𝗻 𝟭𝟮 - 𝗛𝗖𝗠 🏠𝟳𝟵 𝗛𝗼𝗮̀𝗻𝗴 𝗩𝗮̆𝗻 𝗧𝗵𝘂̣ - 𝗣𝗵𝘂́ 𝗡𝗵𝘂𝗮̣̂𝗻 - 𝗛𝗖𝗠","Quận 12, Tp Hồ Chí Minh",Đã sử dụng,Xe máy điện,Unknown,2024,20,25900000,Used,Hồ Chí Minh,2024.0,20.0
997,https://xe.chotot.com/mua-ban-xe-may/131963964.htm,2026-06-22 20:12:47,xe_may_dien,🩷Pink An Sương🩷QuantumS1 đk2026 Full Đồ Chơi,53900000, Xe Điện Pink Quận 12,"Fb - Tiktok : Nguyen Minh Long Pink Dragon ==================📌📌📌================== Datbike Quantum S1 đk 03/2026 Sài Gòn 9 Chủ Bao Ký - Odo lướt 900km - Pin Mua Đi 1 Lần Sạc 285km - Phuộc Sau Profender - Heo Trước + Sau RD Speed - Dây Dầu Bấm Trước Sau + Pass Heo Trước Sau - Bao Tay Daytona + Gù Tạ + Cảng - Đĩa Trước Brembo + Đĩa Sau TQ6 - Tay Thắng Nhôm GH Racing - Dàn áo keng full keo - Ốc tán 7 màu keng 99% - Còn đủ phụ kiện theo xe ❤️Xe keng 99% so với xe new 🏠𝟮𝟴𝟴 𝗧𝗿𝘂̛𝗼̛̀𝗻𝗴 𝗖𝗵𝗶𝗻𝗵 - 𝗤𝘂𝗮̣̂𝗻 𝟭𝟮 - 𝗛𝗖𝗠 ❤️Nậu Xớ Đưa Từ 6tr Ko L//ã//i Suất ❤️Lên hồ sơ Online nhận xe tại nhà ❤️Nậu Xớ trả chậm trong 24 tháng ❤️Tặng 1 năm hư Pink đưa xe dùng khi chờ sửa ❤️Tặng đổi pin đi liền ko sạc ở 8 đến 12 cơ sở ( Quận 12 - Quận 6 - Quận 4 - Quận 8 - Bình Tân - Tân Phú - Tân Bình - Phú Nhuận - Thủ Đức ) ✅𝗚𝗼́𝗽 𝗡𝗴𝗮̂𝗻 𝗛𝗮̀𝗻𝗴 : Đưa 20% ae giữ Cavet ✅𝗖𝗮̀ 𝗧𝗵𝗲̉ - 𝗚𝗼́𝗽: Cà thẻ ,chuyển đổi trả góp ✅𝗕𝗮𝗼 𝗤𝘂𝗮𝘆 Đ𝗮̂̀𝘂 : Từ 20% theo giá thị trường ✅𝗠𝘂𝗮 𝗕𝗮́𝗻 𝗧𝗿𝗮𝗼 Đ𝗼̂̉𝗶 𝗫𝗲 𝗫𝗮̆𝗻𝗴, 𝗫𝗲 Đ𝗶𝗲̣̂𝗻 𝗧𝗮̣̂𝗻 𝗡𝗵𝗮̀ 𝗖𝗧𝗬 𝗣𝗜𝗡𝗞 : 𝙓𝙀 Đ𝙄𝙀̣̂𝙉 𝙎𝘼̆̃𝙉 𝘼𝙋𝙋 - 𝗡𝗔̣̂𝗨 𝗫𝗢̛́ Đ𝗨̛𝗔 𝟲 𝗖𝗨̉ 🏠𝟭𝟳𝟴 𝗧𝗮̂𝗻 𝗧𝗵𝗼̛́𝗶 𝗛𝗶𝗲̣̂𝗽 𝟮𝟭 - 𝗤.𝟭𝟮 - 𝗛𝗖𝗠 🏠𝟮𝟴𝟴 𝗧𝗿𝘂̛𝗼̛̀𝗻𝗴 𝗖𝗵𝗶𝗻𝗵 - 𝗤𝘂𝗮̣̂𝗻 𝟭𝟮 - 𝗛𝗖𝗠 🏠𝟳𝟵 𝗛𝗼𝗮̀𝗻𝗴 𝗩𝗮̆𝗻 𝗧𝗵𝘂̣ - 𝗣𝗵𝘂́ 𝗡𝗵𝘂𝗮̣̂𝗻 - 𝗛𝗖𝗠","Quận 12, Tp Hồ Chí Minh",Đã sử dụng,Xe máy điện,Unknown,2026,900,53900000,Used,Hồ Chí Minh,2026.0,900.0
998,https://xe.chotot.com/mua-ban-xe-may/131878501.htm,2026-06-22 20:12:26,xe_may_dien,🩷Pink An Sương🩷FelizS 2024 Pin Thuê Xe Máy Điện,19900000, Xe Điện Pink Quận 12,"Fb - Tiktok : Nguyen Minh Long Pink Dragon ==================📌📌📌================== FelizS 5/2024 BSTP Giao Cavet BTC - Pin Thuê 350k/tháng KGH Kilomet - Dàn áo keng 98% - Ốc tán 7 màu keng 98% - Còn đủ phụ kiện theo xe ❤️Xe keng 98% so với xe new 🏠𝟮𝟴𝟴 𝗧𝗿𝘂̛𝗼̛̀𝗻𝗴 𝗖𝗵𝗶𝗻𝗵 - 𝗤𝘂𝗮̣̂𝗻 𝟭𝟮 - 𝗛𝗖𝗠 ❤️Nậu Xớ Đưa Từ 6tr Ko L//ã//i Suất ❤️Lên hồ sơ Online nhận xe tại nhà ❤️Nậu Xớ trả chậm trong 24 tháng ❤️Tặng 1 năm hư Pink đưa xe dùng khi chờ sửa ❤️Tặng đổi pin đi liền ko sạc ở 8 đến 12 cơ sở ( Quận 12 - Quận 6 - Bình Tân - Tân Phú - Tân Bình - Thủ Đức - Quận 4 ) ✅𝗚𝗼́𝗽 𝗡𝗴𝗮̂𝗻 𝗛𝗮̀𝗻𝗴 : Đưa 20% ae giữ Cavet ✅𝗖𝗮̀ 𝗧𝗵𝗲̉ - 𝗚𝗼́𝗽: Cà thẻ ,chuyển đổi trả góp ✅𝗕𝗮𝗼 𝗤𝘂𝗮𝘆 Đ𝗮̂̀𝘂 : Từ 20% theo giá thị trường ✅𝗠𝘂𝗮 𝗕𝗮́𝗻 𝗧𝗿𝗮𝗼 Đ𝗼̂̉𝗶 𝗫𝗲 𝗫𝗮̆𝗻𝗴, 𝗫𝗲 Đ𝗶𝗲̣̂𝗻 𝗧𝗮̣̂𝗻 𝗡𝗵𝗮̀ 𝗖𝗧𝗬 𝗣𝗜𝗡𝗞 : 𝙓𝙀 Đ𝙄𝙀̣̂𝙉 𝙎𝘼̆̃𝙉 𝘼𝙋𝙋 - 𝗡𝗔̣̂𝗨 𝗫𝗢̛́ Đ𝗨̛𝗔 𝟲 𝗖𝗨̉ 🏠𝟭𝟳𝟴 𝗧𝗮̂𝗻 𝗧𝗵𝗼̛́𝗶 𝗛𝗶𝗲̣̂𝗽 𝟮𝟭 - 𝗤.𝟭𝟮 - 𝗛𝗖𝗠 🏠𝟮𝟴𝟴 𝗧𝗿𝘂̛𝗼̛̀𝗻𝗴 𝗖𝗵𝗶𝗻𝗵 - 𝗤𝘂𝗮̣̂𝗻 𝟭𝟮 - 𝗛𝗖𝗠 🏠𝟳𝟵 𝗛𝗼𝗮̀𝗻𝗴 𝗩𝗮̆𝗻 𝗧𝗵𝘂̣ - 𝗣𝗵𝘂́ 𝗡𝗵𝘂𝗮̣̂𝗻 - 𝗛𝗖𝗠","Quận 12, Tp Hồ Chí Minh",Đã sử dụng,Xe máy điện,Unknown,2024,20,19900000,Used,Hồ Chí Minh,2024.0,20.0
999,https://xe.chotot.com/mua-ban-xe-may/131901006.htm,2026-06-22 20:11:00,xe_may_dien,💙Pink Phú Nhuận💙Evo200 Lite 2024 Bán Xe Máy Điện,23900000,Pink Ev Premium Phú Nhuận,"Fb - Tiktok : Nguyen Minh Long Pink Dragon ==================📌📌📌================== Evo200Lite 2024 Sài Gòn 9 Chủ Ký - Odo 9k đã mua pin - Dàn áo đẹp keng 95% - Ốc tán sáng đẹp 95% - Bảo hành 2029 Toàn Quốc ❤️ Xe keng 95% so với xe New 🏠𝟳𝟵 𝗛𝗼𝗮̀𝗻𝗴 𝗩𝗮̆𝗻 𝗧𝗵𝘂̣ - 𝗣𝗵𝘂́ 𝗡𝗵𝘂𝗮̣̂𝗻 - 𝗛𝗖𝗠 ❤️Nậu Xớ Đưa Từ 6tr Ko L//ã//i Suất ❤️Lên hồ sơ Online nhận xe tại nhà ❤️Nậu Xớ trả chậm trong 24 tháng ❤️Tặng 1 năm hư Pink đưa xe dùng khi chờ sửa ❤️Tặng đổi pin đi liền ko sạc ở 8 đến 12 cơ sở ( Quận 12 - Quận 6 - Bình Tân - Tân Phú - Tân Bình - Thủ Đức - Quận 4 ) ✅𝗚𝗼́𝗽 𝗡𝗴𝗮̂𝗻 𝗛𝗮̀𝗻𝗴 : Đưa 20% ae giữ Cavet ✅𝗖𝗮̀ 𝗧𝗵𝗲̉ - 𝗚𝗼́𝗽: Cà thẻ ,chuyển đổi trả góp ✅𝗕𝗮𝗼 𝗤𝘂𝗮𝘆 Đ𝗮̂̀𝘂 : Từ 20% theo giá thị trường ✅𝗠𝘂𝗮 𝗕𝗮́𝗻 𝗧𝗿𝗮𝗼 Đ𝗼̂̉𝗶 𝗫𝗲 𝗫𝗮̆𝗻𝗴, 𝗫𝗲 Đ𝗶𝗲̣̂𝗻 𝗧𝗮̣̂𝗻 𝗡𝗵𝗮̀ 𝗖𝗧𝗬 𝗣𝗜𝗡𝗞 : 𝙓𝙀 Đ𝙄𝙀̣̂𝙉 𝙎𝘼̆̃𝙉 𝘼𝙋𝙋 - 𝗡𝗔̣̂𝗨 𝗫𝗢̛́ Đ𝗨̛𝗔 𝟲 𝗖𝗨̉ 🏠𝟭𝟳𝟴 𝗧𝗮̂𝗻 𝗧𝗵𝗼̛́𝗶 𝗛𝗶𝗲̣̂𝗽 𝟮𝟭 - 𝗤.𝟭𝟮 - 𝗛𝗖𝗠 🏠𝟮𝟴𝟴 𝗧𝗿𝘂̛𝗼̛̀𝗻𝗴 𝗖𝗵𝗶𝗻𝗵 - 𝗤𝘂𝗮̣̂𝗻 𝟭𝟮 - 𝗛𝗖𝗠 🏠𝟳𝟵 𝗛𝗼𝗮̀𝗻𝗴 𝗩𝗮̆𝗻 𝗧𝗵𝘂̣ - 𝗣𝗵𝘂́ 𝗡𝗵𝘂𝗮̣̂𝗻 - 𝗛𝗖𝗠","Quận Phú Nhuận, Tp Hồ Chí Minh",Đã sử dụng,Xe máy điện,Unknown,2024,9000,23900000,Used,Hồ Chí Minh,2024.0,9000.0
1000,https://xe.chotot.com/mua-ban-xe-may/131961557.htm,2026-06-22 20:10:46,xe_may_dien,💙Pink Phú Nhuận💙FelizS 2024 odo 9k Xe Máy Điện,32900000,Pink Ev Premium Phú Nhuận,"Fb - Tiktok : Nguyen Minh Long Pink Dragon ==================📌📌📌================== FelizS 2024 Pin Mua Sài Gòn 9 Chủ Ký - Pin mua 3.5kw - Odo hiển thị : 9.000km - Dàn áo leng keng như hình - Ốc tán đẹp keng sáng 7 màu - Bảo hành Vinfast toàn quốc 🏠𝟳𝟵 𝗛𝗼𝗮̀𝗻𝗴 𝗩𝗮̆𝗻 𝗧𝗵𝘂̣ - 𝗣𝗵𝘂́ 𝗡𝗵𝘂𝗮̣̂𝗻 - 𝗛𝗖𝗠 ❤️Nậu Xớ Đưa Từ 6tr Ko L//ã//i Suất ❤️Lên hồ sơ Online nhận xe tại nhà ❤️Nậu Xớ trả chậm trong 24 tháng ❤️Tặng 1 năm hư Pink đưa xe dùng khi chờ sửa ❤️Tặng đổi pin đi liền ko sạc ở 8 đến 12 cơ sở ( Quận 12 - Quận 6 - Bình Tân - Tân Phú - Tân Bình - Thủ Đức - Quận 4 ) ✅𝗚𝗼́𝗽 𝗡𝗴𝗮̂𝗻 𝗛𝗮̀𝗻𝗴 : Đưa 20% ae giữ Cavet ✅𝗖𝗮̀ 𝗧𝗵𝗲̉ - 𝗚𝗼́𝗽: Cà thẻ ,chuyển đổi trả góp ✅𝗕𝗮𝗼 𝗤𝘂𝗮𝘆 Đ𝗮̂̀𝘂 : Từ 20% theo giá thị trường ✅𝗠𝘂𝗮 𝗕𝗮́𝗻 𝗧𝗿𝗮𝗼 Đ𝗼̂̉𝗶 𝗫𝗲 𝗫𝗮̆𝗻𝗴, 𝗫𝗲 Đ𝗶𝗲̣̂𝗻 𝗧𝗮̣̂𝗻 𝗡𝗵𝗮̀ 𝗖𝗧𝗬 𝗣𝗜𝗡𝗞 : 𝙓𝙀 Đ𝙄𝙀̣̂𝙉 𝙎𝘼̆̃𝙉 𝘼𝙋𝙋 - 𝗡𝗔̣̂𝗨 𝗫𝗢̛́ Đ𝗨̛𝗔 𝟲 𝗖𝗨̉ 🏠𝟭𝟳𝟴 𝗧𝗮̂𝗻 𝗧𝗵𝗼̛́𝗶 𝗛𝗶𝗲̣̂𝗽 𝟮𝟭 - 𝗤.𝟭𝟮 - 𝗛𝗖𝗠 🏠𝟮𝟴𝟴 𝗧𝗿𝘂̛𝗼̛̀𝗻𝗴 𝗖𝗵𝗶𝗻𝗵 - 𝗤𝘂𝗮̣̂𝗻 𝟭𝟮 - 𝗛𝗖𝗠 🏠𝟳𝟵 𝗛𝗼𝗮̀𝗻𝗴 𝗩𝗮̆𝗻 𝗧𝗵𝘂̣ - 𝗣𝗵𝘂́ 𝗡𝗵𝘂𝗮̣̂𝗻 - 𝗛𝗖𝗠","Quận Phú Nhuận, Tp Hồ Chí Minh",Đã sử dụng,Xe máy điện,Unknown,2024,9000,32900000,Used,Hồ Chí Minh,2024.0,9000.0
1001,https://xe.chotot.com/mua-ban-xe-may/133129319.htm,2026-06-22 19:07:41,xe_may_dien,Xe máy điện VinFast Evo Max Trắng 4592 km,18100000,Dung,"⚡ Evo Max chính chủ – BSTP 🔋 1 pin thuê, pin đổi tại trạm tiện lợi ✨ Xe đẹp, vận hành ổn định 💰 Giá chỉ 18.1 triệu 📄 Chính chủ sang tên nhanh gọn. Hỗ trợ trả góp, bao no xấu 🏠Xem trực tiếp quận bình tân 📞Dung: *** Tư Vấn Nhanh ZALO: *** Lưu ý: Có thu mua - giao đổi- thu xe máy đổi xe điện giá tốt...","Quận Bình Tân, Tp Hồ Chí Minh",Đã sử dụng,Xe máy điện,Unknown,2025,4592,18100000,Used,Hồ Chí Minh,2025.0,4592.0
1002,https://xe.chotot.com/mua-ban-xe-may/133127702.htm,2026-06-22 17:39:14,xe_may_dien,Xe điện 3 bánh màu Vàng,17000000,nguyen van loc,Cần bán xe điện như hình đã độ pin giá tốt,"Huyện Nhà Bè, Tp Hồ Chí Minh",Đã sử dụng,Xe máy điện,Unknown,2025,500,17000000,Used,Hồ Chí Minh,2025.0,500.0
1003,https://xe.chotot.com/mua-ban-xe-may/133127574.htm,2026-06-22 17:32:12,xe_may_dien,Xe máy điện VinFast Evo Lite Neo Trắng 75 km,13500000,Trâm Bích,"Cần pass chiếc Evo lite neo, giá 13tr5, 5 bình theo xe vinfast, mới chạy 75km, giao toàn quốc, anh/chị quan tâm liên hệ ""***"" zalo Phước Vinh","Quận Bình Tân, Tp Hồ Chí Minh",Đã sử dụng,Xe máy điện,Unknown,2025,75,13500000,Used,Hồ Chí Minh,2025.0,75.0
1004,https://xe.chotot.com/mua-ban-xe-may/133127503.htm,2026-06-22 17:28:13,xe_may_dien,Evo max trắng new trúng thưởng,175000000,Mua xe  Điện Giá Tốt Sài Gòn,Evo max new vừa ra biển chính chủ ký liền o nhu cầu sd nên bán,"Quận 10, Tp Hồ Chí Minh",Đã sử dụng,Xe máy điện,Unknown,2026,10,175000000,Used,Hồ Chí Minh,2026.0,10.0
1005,https://xe.chotot.com/mua-ban-xe-may/133127490.htm,2026-06-22 17:27:25,xe_may_dien,Xe máy điện VinFast Feliz 2025 Đen Dưới 1000km,27000000,Quang Tâm Gearupcam,"Cần bán Feliz 2025 do không có nhu cầu sử dụng. - Xe chính chủ đăng ký biển 60 - Xe đăng ký T5/2026 đi chắc chưa được 1000km - Pin 2.4 mua sau khi mua xe 1 tuần. sạc 2-3 lần Giá bán: 27tr Xem xe tại Dĩ An, Bình Dương","Thành phố Dĩ An, Bình Dương",Đã sử dụng,Xe máy điện,Unknown,2025,1000,27000000,Used,Bình Dương,2025.0,1000.0
1006,https://xe.chotot.com/mua-ban-xe-may/133127040.htm,2026-06-22 17:04:58,xe_may_dien,Xe máy điện TAFU Kiểu dáng hiện đại màu Đen Ít sử,4800000,Nguyễn Được,"Xe máy điện TAFU màu đen, kiểu dáng hiện đại, vận hành êm ái. - Xe mới, ít sử dụng. - Động cơ mạnh mẽ, tiết kiệm năng lượng. - Phù hợp di chuyển trong thành phố.","Huyện Phong Điền, Cần Thơ",Đã sử dụng,Xe máy điện,Unknown,2021,123456,4800000,Used,Cần Thơ,2021.0,123456.0
1007,https://xe.chotot.com/mua-ban-xe-may/133126894.htm,2026-06-22 16:58:06,xe_may_dien,Xe máy điện Yadea iCandy Trắng hồng mới,14200000,Trần Hương Giang,"Xe máy điện Yadea iCandy màu trắng hồng, thiết kế thời trang, phù hợp cho cả nam và nữ. - Kiểu dáng nhỏ gọn, dễ điều khiển. - Động cơ mạnh mẽ, vận hành êm ái. - Pin bền bỉ, di chuyển xa. - Xe còn mới, ít sử dụng. Odo 2km mua cho con gái chạy mà bé không dám chạy nên bán. Giá bán 14.200.000đ","Quận 8, Tp Hồ Chí Minh",Mới,Xe máy điện,Unknown,2026,2,14200000,New,Hồ Chí Minh,2026.0,2.0
1008,https://xe.chotot.com/mua-ban-xe-may/133126877.htm,2026-06-22 16:57:26,xe_may_dien,Xe máy điện VinFast EvoMax Trắng 30-40km,16500000,Nguyễn Ngọc Minh Châu,EvoMax không pin mới 100% pin đi được 30-40km đổi tại các trạm,"Quận Gò Vấp, Tp Hồ Chí Minh",Mới,Xe máy điện,Unknown,2026,,16500000,New,Hồ Chí Minh,2026.0,
1009,https://xe.chotot.com/mua-ban-xe-may/133126876.htm,2026-06-22 16:57:24,xe_may_dien,Xe máy điện Yadea Oris Xám 80km/sạc,16000000,quốc,"yadea oris còn bảo hành 09.2026 biển sài gòn chính chủ ký giấy mua bán,1 lần sạc đi dc tầm 80km,app yadea thông minh,tốc độ <50 km không cần bằng lái,giá iu chỉ 16t bao gồm sạc ,pm sg bà điểm","Huyện Hóc Môn, Tp Hồ Chí Minh",Đã sử dụng,Xe máy điện,Unknown,2023,80,16000000,Used,Hồ Chí Minh,2023.0,80.0
1010,https://xe.chotot.com/mua-ban-xe-may/133126842.htm,2026-06-22 16:55:59,xe_may_dien,Xe máy điện VinFast Klara S2 2025 Đen 2000 km,27000000,Phạm Thanh Phong,"Xe máy điện VinFast Klara S2 màu đen, kiểu dáng hiện đại, vận hành êm ái. - Xe mới, ít sử dụng. - Sạc đầy Pin 3-4 tiếng ( Tự sạc tại nhà, pin liền với xe ) chạy được 80km còn 20% pin sạc tiếp. - Xe mua từ tháng 8/2025 do ít sử dụng nên tới nay mới chạy được tầm 2.000km - Đảm bảo chưa sửa chữa thay thế gì - BẢO HÀNH hãng Vinfast 10 năm","Quận 10, Tp Hồ Chí Minh",Đã sử dụng,Xe máy điện,Unknown,2025,2000,27000000,Used,Hồ Chí Minh,2025.0,2000.0
1011,https://xe.chotot.com/mua-ban-xe-may/132989168.htm,2026-06-22 16:19:43,xe_may_dien,SONCO LYN.2026.ODO 900km Ắc quy 5 bình lớn,11500000,Trần Hùng,Xe Điện SONCO LYN.2026.Xe MỚI 99%.ODO 900km.Bản 5 Bình Ắc quy Lớn.Một lần sạc chạy được trên 70km.Xe Kiểu Đáng rất đẹp.Giống Piaggio Vespa ý Bản Giới hạn.(Xe mới mua chính hãng Được hơn 1 tháng Giá 16tr5.Nay không có như cầu sử dụng nữa nên bán lại giá 11tr5.Xe mới như Xe hãng.Mới chạy đươc 900km),"Quận Tân Phú, Tp Hồ Chí Minh",Đã sử dụng,Xe máy điện,Unknown,2026,900,11500000,Used,Hồ Chí Minh,2026.0,900.0
1012,https://xe.chotot.com/mua-ban-xe-may/133125238.htm,2026-06-22 15:51:15,xe_may_dien,💙Pink Phú Nhuận💙QuantumS2 đk 2025 Xe Máy Điện,44900000,Pink Ev Premium Phú Nhuận,"Fb - Tiktok : Nguyen Minh Long Pink Dragon ==================📌📌📌================== DATBIKE S2 8/2025 Bstp bao công chứng - Odo lướt 3000km - 1 pin mua sạc đầy đi 285km - Xe đẹp keng 99% - Ốc tán đẹp keng 99% - Còn đủ phụ kiện theo xe ❤️Xe keng 99% so với xe new 🏠𝟳𝟵 𝗛𝗼𝗮̀𝗻𝗴 𝗩𝗮̆𝗻 𝗧𝗵𝘂̣ - 𝗣𝗵𝘂́ 𝗡𝗵𝘂𝗮̣̂𝗻 - 𝗛𝗖𝗠 ❤️Mợ Ấu đưa 8tr1 hay 11tr1 tuỳ khách ❤️Mợ Ấu đưa 50% Ko xác minh nhà ở ❤️Mợ Ấu đưa 80% ko phí hồ sơ lẽ sức ❤️Tặng 12 tháng xe hư đưa xe khác dùng ❤️Tặng đổi pin đi liền ko chờ sạc nhiều ở 8 đến 12 cơ sở ở Sài Gòn ( Ở Quận 4 -6 -8 -12 , Tân Bình, Bình Tân, Tân Phú, Thủ Đức, Phú Nhuận ) ✅𝗚𝗼́𝗽 𝗡𝗴𝗮̂𝗻 𝗛𝗮̀𝗻𝗴 : Đưa 20% ae giữ Cavet ✅𝗖𝗮̀ 𝗧𝗵𝗲̉ - 𝗚𝗼́𝗽: Cà thẻ ,chuyển đổi trả góp ✅𝗕𝗮𝗼 𝗤𝘂𝗮𝘆 Đ𝗮̂̀𝘂 : Từ 20% theo giá thị trường ✅𝗠𝘂𝗮 𝗕𝗮́𝗻 𝗧𝗿𝗮𝗼 Đ𝗼̂̉𝗶 𝗫𝗲 𝗫𝗮̆𝗻𝗴, 𝗫𝗲 Đ𝗶𝗲̣̂𝗻 𝗧𝗮̣̂𝗻 𝗡𝗵𝗮̀ 𝗖𝗧𝗬 𝗣𝗜𝗡𝗞 : 𝙓𝙀 Đ𝙄𝙀̣̂𝙉 𝙎𝘼̆̃𝙉 𝘼𝙋𝙋 - 𝗡𝗔̣̂𝗨 𝗫𝗢̛́ Đ𝗨̛𝗔 𝟲 𝗖𝗨̉ 🏠𝟭𝟳𝟴 𝗧𝗮̂𝗻 𝗧𝗵𝗼̛́𝗶 𝗛𝗶𝗲̣̂𝗽 𝟮𝟭 - 𝗤.𝟭𝟮 - 𝗛𝗖𝗠 🏠𝟮𝟴𝟴 𝗧𝗿𝘂̛𝗼̛̀𝗻𝗴 𝗖𝗵𝗶𝗻𝗵 - 𝗤𝘂𝗮̣̂𝗻 𝟭𝟮 - 𝗛𝗖𝗠 🏠𝟳𝟵 𝗛𝗼𝗮̀𝗻𝗴 𝗩𝗮̆𝗻 𝗧𝗵𝘂̣ - 𝗣𝗵𝘂́ 𝗡𝗵𝘂𝗮̣̂𝗻 - 𝗛𝗖𝗠","Quận Phú Nhuận, Tp Hồ Chí Minh",Đã sử dụng,Xe máy điện,Unknown,2025,3000,44900000,Used,Hồ Chí Minh,2025.0,3000.0
1013,https://xe.chotot.com/mua-ban-xe-may/133125018.htm,2026-06-22 15:43:52,xe_may_dien,💙Pink Phú Nhuận💙Feliz2025 odo 3k Xe Máy Điện,29900000,Pink Ev Premium Phú Nhuận,"Fb - Tiktok : Nguyen Minh Long Pink Dragon ==================📌📌📌================== Feliz 2025 Đk 4/2026 Bstp bao công chứng - 1 Pin mua - Odo 3000km - Yên kimdang , áo full keo - Ốc tán 7 màu keng 99% - Dàn áo đẹp keng 99% - Còn đủ phụ kiện theo xe ❤️Xe keng 99% so với xe new 🏠𝟳𝟵 𝗛𝗼𝗮̀𝗻𝗴 𝗩𝗮̆𝗻 𝗧𝗵𝘂̣ - 𝗣𝗵𝘂́ 𝗡𝗵𝘂𝗮̣̂𝗻 - 𝗛𝗖𝗠 ❤️Mợ Ấu đưa 3tr6 hay 6tr6 tuỳ khách ❤️Mợ Ấu đưa 50% Ko xác minh nhà ở ❤️Mợ Ấu đưa 80% ko phí hồ sơ lẽ sức ❤️Tặng 12 tháng xe hư đưa xe khác dùng ❤️Tặng đổi pin đi liền ko chờ sạc nhiều ở 8 đến 12 cơ sở ở Sài Gòn ( Ở Quận 4 -6 -8 -12 , Tân Bình, Bình Tân, Tân Phú, Thủ Đức, Phú Nhuận ) ✅𝗚𝗼́𝗽 𝗡𝗴𝗮̂𝗻 𝗛𝗮̀𝗻𝗴 : Đưa 20% ae giữ Cavet ✅𝗖𝗮̀ 𝗧𝗵𝗲̉ - 𝗚𝗼́𝗽: Cà thẻ ,chuyển đổi trả góp ✅𝗕𝗮𝗼 𝗤𝘂𝗮𝘆 Đ𝗮̂̀𝘂 : Từ 20% theo giá thị trường ✅𝗠𝘂𝗮 𝗕𝗮́𝗻 𝗧𝗿𝗮𝗼 Đ𝗼̂̉𝗶 𝗫𝗲 𝗫𝗮̆𝗻𝗴, 𝗫𝗲 Đ𝗶𝗲̣̂𝗻 𝗧𝗮̣̂𝗻 𝗡𝗵𝗮̀ 𝗖𝗧𝗬 𝗣𝗜𝗡𝗞 : 𝙓𝙀 Đ𝙄𝙀̣̂𝙉 𝙎𝘼̆̃𝙉 𝘼𝙋𝙋 - 𝗡𝗔̣̂𝗨 𝗫𝗢̛́ Đ𝗨̛𝗔 𝟲 𝗖𝗨̉ 🏠𝟭𝟳𝟴 𝗧𝗮̂𝗻 𝗧𝗵𝗼̛́𝗶 𝗛𝗶𝗲̣̂𝗽 𝟮𝟭 - 𝗤.𝟭𝟮 - 𝗛𝗖𝗠 🏠𝟮𝟴𝟴 𝗧𝗿𝘂̛𝗼̛̀𝗻𝗴 𝗖𝗵𝗶𝗻𝗵 - 𝗤𝘂𝗮̣̂𝗻 𝟭𝟮 - 𝗛𝗖𝗠 🏠𝟳𝟵 𝗛𝗼𝗮̀𝗻𝗴 𝗩𝗮̆𝗻 𝗧𝗵𝘂̣ - 𝗣𝗵𝘂́ 𝗡𝗵𝘂𝗮̣̂𝗻 - 𝗛𝗖𝗠","Quận Phú Nhuận, Tp Hồ Chí Minh",Đã sử dụng,Xe máy điện,Unknown,2025,3000,29900000,Used,Hồ Chí Minh,2025.0,3000.0
1014,https://xe.chotot.com/mua-ban-xe-may/132703970.htm,2026-06-22 15:43:16,xe_may_dien,Xe máy điện Vero X 2026 Trắng odo 1600,29000000,trần duy cường ,Vero X. Dk 03 2026. Odo 1600km Đã dán full keo + tay dắt CNC như vespas Bstp ký mua bán cho ng dùng Tìm ng dùng ạ tphcm trừ 500 nếu ko lấy sạc Trừ 300 nếu không lấy tay dắt cnc,"Quận 8, Tp Hồ Chí Minh",Đã sử dụng,Xe máy điện,Unknown,2025,1200,29000000,Used,Hồ Chí Minh,2025.0,1200.0
1015,https://xe.chotot.com/mua-ban-xe-may/133124830.htm,2026-06-22 15:36:59,xe_may_dien,💙Pink Phú Nhuận💙EvoGand 2026 odo 3k Xe Máy Điện,27900000,Pink Ev Premium Phú Nhuận,"Fb - Tiktok : Nguyen Minh Long Pink Dragon ==================📌📌📌================== EvoGrand 2026 BST 9 Chủ Bao Ký - 2 Pin mua 2.4kw - Odo 3000km - Ốc tán 7 màu keng 99% - Dàn áo đẹp keng 99% - Còn đủ phụ kiện theo xe ❤️Xe keng 99% so với xe new 🏠𝟳𝟵 𝗛𝗼𝗮̀𝗻𝗴 𝗩𝗮̆𝗻 𝗧𝗵𝘂̣ - 𝗣𝗵𝘂́ 𝗡𝗵𝘂𝗮̣̂𝗻 - 𝗛𝗖𝗠 ❤️Mợ Ấu đưa 3tr hay 6tr tuỳ khách ❤️Mợ Ấu đưa 50% Ko xác minh nhà ở ❤️Mợ Ấu đưa 80% ko phí hồ sơ lẽ sức ❤️Tặng 12 tháng xe hư đưa xe khác dùng ❤️Tặng đổi pin đi liền ko chờ sạc nhiều ở 8 đến 12 cơ sở ở Sài Gòn ( Ở Quận 4 -6 -8 -12 , Tân Bình, Bình Tân, Tân Phú, Thủ Đức, Phú Nhuận ) ✅𝗚𝗼́𝗽 𝗡𝗴𝗮̂𝗻 𝗛𝗮̀𝗻𝗴 : Đưa 20% ae giữ Cavet ✅𝗖𝗮̀ 𝗧𝗵𝗲̉ - 𝗚𝗼́𝗽: Cà thẻ ,chuyển đổi trả góp ✅𝗕𝗮𝗼 𝗤𝘂𝗮𝘆 Đ𝗮̂̀𝘂 : Từ 20% theo giá thị trường ✅𝗠𝘂𝗮 𝗕𝗮́𝗻 𝗧𝗿𝗮𝗼 Đ𝗼̂̉𝗶 𝗫𝗲 𝗫𝗮̆𝗻𝗴, 𝗫𝗲 Đ𝗶𝗲̣̂𝗻 𝗧𝗮̣̂𝗻 𝗡𝗵𝗮̀ 𝗖𝗧𝗬 𝗣𝗜𝗡𝗞 : 𝙓𝙀 Đ𝙄𝙀̣̂𝙉 𝙎𝘼̆̃𝙉 𝘼𝙋𝙋 - 𝗡𝗔̣̂𝗨 𝗫𝗢̛́ Đ𝗨̛𝗔 𝟲 𝗖𝗨̉ 🏠𝟭𝟳𝟴 𝗧𝗮̂𝗻 𝗧𝗵𝗼̛́𝗶 𝗛𝗶𝗲̣̂𝗽 𝟮𝟭 - 𝗤.𝟭𝟮 - 𝗛𝗖𝗠 🏠𝟮𝟴𝟴 𝗧𝗿𝘂̛𝗼̛̀𝗻𝗴 𝗖𝗵𝗶𝗻𝗵 - 𝗤𝘂𝗮̣̂𝗻 𝟭𝟮 - 𝗛𝗖𝗠 🏠𝟳𝟵 𝗛𝗼𝗮̀𝗻𝗴 𝗩𝗮̆𝗻 𝗧𝗵𝘂̣ - 𝗣𝗵𝘂́ 𝗡𝗵𝘂𝗮̣̂𝗻 - 𝗛𝗖𝗠","Quận Phú Nhuận, Tp Hồ Chí Minh",Đã sử dụng,Xe máy điện,Unknown,2026,3000,27900000,Used,Hồ Chí Minh,2026.0,3000.0
1016,https://xe.chotot.com/mua-ban-xe-may/131110733.htm,2026-06-22 15:29:27,xe_may_dien,Evo grand 2pin sạc 1000w,27500000,Xe TỐT,"Chạy trải nghiệm chán bán evo trắng mới tink odo 12k xe mình mua đập thùng hãng 2pin đã lên sạc 1000w 2cu5 sạc 2 tieng đầy 👉1 lần sạc cho 1pin chay 170km,tốc độ 75km/h BH8 năm như xe mới Màu trắng đẹp và hiếm xe và pin ""ỔN ĐỊNH"" ko lỗi. Xe ngay tôidung tênh ký liền k chờ đợi Mua alo miễn tiếp tin nhắn. Alo sdt (Anh Bell Q12 35tuổi)","Quận 12, Tp Hồ Chí Minh",Mới,Xe máy điện,Unknown,2025,,27500000,New,Hồ Chí Minh,2025.0,
1017,https://xe.chotot.com/mua-ban-xe-may/133098906.htm,2026-06-22 15:15:03,xe_may_dien,Xe máy điện VinFast Feliz S Bạc 66000 km,20700000,nguyen tuan khanh,feliz s bstp odo 66k pin mua sk 2022 xe có sẵn sạc 1000w lên rổ trước bạc đạn trước sau vừa thay fix phuộc trước + chén cổ. thay phuộc sau giá ra đi 20.700 ae nhanh lẹ còn fix mạnh xem xe thủ đức hcm,"Thành phố Thủ Đức, Tp Hồ Chí Minh",Đã sử dụng,Xe máy điện,Unknown,2022,66000,20700000,Used,Hồ Chí Minh,2022.0,66000.0
1018,https://xe.chotot.com/mua-ban-xe-may/133012185.htm,2026-06-22 14:57:37,xe_may_dien,Xe máy điện Vento ABS 2025 Đỏ 20000 km,43900000,Kiệt Xe Điện 3sGo,"#VentoABS Đỏ - Dk10/2025 Bstp Chính Chủ Công Chứng - 2 Pin Zin + Pin Đút Sàn 50AH ( 1 lần sạc đi được tầm 180km ) - Odo 20 ngàn - Dàn áo keng ko trầy 99% - Óc tán 7 màu keng 99% - Còn đủ phụ kiện theo xe ❤️Xe keng 99% so với xe new #Giá_43tr9 - Nậu Xớ 14tr Lây Xe Ko Xác Minh ☎️/𝗭𝗮𝗹𝗼 : *** - 𝙏𝙪̛ 𝙑𝙖̂́𝙣 𝟮𝟰/𝟳 🏠 𝟮𝟴𝟴 𝗧𝗿𝘂̛𝗼̛̀𝗻𝗴 𝗖𝗵𝗶𝗻𝗵 - 𝗤𝘂𝗮̣̂𝗻 𝟭𝟮 - 𝗛𝗖𝗠 ❤️Nợ xấu đưa 7tr8 hay 10tr8 tuỳ khách hàng ❤️Nợ Xấu đưa truớc 80% ko phí hồ sơ lãi suất ❤️Tặng 12 tháng xe hư đưa xe khác dùng ❤️Tặng đổi pin đi liền ko chờ sạc nhiều ở 8 đến 12 cơ sở ở Sài Gòn ( Ở Quận 4 -6 -8 -12 , Tân Bình, Bình Tân, Tân Phú, Thủ Đức, Phú Nhuận )","Quận Phú Nhuận, Tp Hồ Chí Minh",Đã sử dụng,Xe máy điện,Unknown,2025,20000,43900000,Used,Hồ Chí Minh,2025.0,20000.0
1019,https://xe.chotot.com/mua-ban-xe-may/132722293.htm,2026-06-22 14:57:02,xe_may_dien,👉 VinFast Feliz 2025 Bản 2 Pin Chính Chủ Xe Đẹp,32500000,iMotorbike Khương Phan,"VINFAST FELIZ 2025 – BẢN 2 PIN – CHÍNH CHỦ BSTP 📌 Chính chủ biển TP.HCM – giấy tờ đầy đủ 📌 Odo 6.700 km chuẩn 📌 Bản 2 pin – đi xa, tiết kiệm chi phí sử dụng 📌 Xe lướt, vận hành êm ái 📌 Ngoại hình đẹp, dàn áo liền lạc 📌 Mua về sử dụng ngay ✔️ Bao test xe / test thợ thoải mái ✔️ Pin hoạt động ổn định ✔️ Đổi trả 6 ngày nếu xe có lỗi kỹ thuật 💳 Hỗ trợ góp ngân hàng – góp nợ xấu – quẹt thẻ tín dụng 💰 Giá em bán: 32.500.000đ 📍 855 Quang Trung, Gò Vấp 📲 Số điện thoại có zalo","Quận Gò Vấp, Tp Hồ Chí Minh",Đã sử dụng,Xe máy điện,Unknown,2025,6700,32500000,Used,Hồ Chí Minh,2025.0,6700.0
1020,https://xe.chotot.com/mua-ban-xe-may/133098926.htm,2026-06-22 14:46:30,xe_may_dien,Xe máy điện YADEA ADORA 2022 Xanh,9000000,Chú Quí,"Nhà dư dùng cần bán xe máy điện YADEA ADORA 2022 như hình chụp, xe còn đẹp, 5 bình ắc quy còn tốt, chạy được 55-60km 1 lần sạc. Xe biển tphcm cũ, giấy tờ hợp lệ, sang tên nhanh. ACE có nhu cầu sử dụng, xin liên hệ trực tiếp. Xin cám ơn.","Quận 6, Tp Hồ Chí Minh",Đã sử dụng,Xe máy điện,Unknown,2022,11700,9000000,Used,Hồ Chí Minh,2022.0,11700.0
1021,https://xe.chotot.com/mua-ban-xe-may/133123384.htm,2026-06-22 14:40:38,xe_may_dien,Feliz 2025 2 pin,29500000,Minh Đăng,👉 Feliz 2025 Siêu Hot 2 Pin 👉 Odo lướt chỉ 3.000km đẹp như mới 👉 Sẵn 2 Pin cho ae chạy xa liên tục ko sạc 👉 Sạc đầy 1 lần đi 150km thoải mái 👉 Chính Chủ Ký Công Chứng 💰💰 Giá chỉ 29triệu500 🛎️ Hỗ Trợ Góp Nợ Xấu Bao Đậu Đưa Trước 30% nhận xe ☎️📞Gọi Trực Tiếp *** Kết Bạn Zalo Em 🛎️ Thu Mua Tất Cả Các Dòng Xe điện Cũ 🚀 Khu vực Tphcm và các tỉnh miền Tây lân cận ( Cà mau em cũng tiếp ✅ ),"Quận Tân Phú, Tp Hồ Chí Minh",Đã sử dụng,Xe máy điện,Unknown,2025,7000,29500000,Used,Hồ Chí Minh,2025.0,7000.0
1022,https://xe.chotot.com/mua-ban-xe-may/133008938.htm,2026-06-22 14:15:22,xe_may_dien,Xe máy điện VinFast Feliz S Đen,18500000,Tân,"Tình trạng: Xe nguyên bản, còn rất mới, chạy êm và đầm. Đầy đủ giấy tờ chính chủ. Pin & Sạc: Xe chạy pin LFP (thuê pin). Đã nâng cấp lên bộ sạc nhanh 1000W thế hệ mới Giá bán: 18,5 triệu (có bớt lộc) Xem xe tại: Tòa S2.05, Vinhomes Quận 9 Tốc độ tối đa: Xe có thể đạt vận tốc lên đến 78 - 80 km/h, ga đi mượt và bốc hơn hẳn các phiên bản cũ.","Thành phố Thủ Đức, Tp Hồ Chí Minh",Đã sử dụng,Xe máy điện,Unknown,2022,18000,18500000,Used,Hồ Chí Minh,2022.0,18000.0
1023,https://xe.chotot.com/mua-ban-xe-may/133122698.htm,2026-06-22 14:13:45,xe_may_dien,Xe máy điện Lihaze K1 Xám 126 km,5500000,Thắng,Xe lihaze k1 hỏng bình. Xe bỏ xó sau khi ng nhà đi ko quen bị ngã. Odo 126km nên chất lượng thì khỏi phải bàn ngoài vết va quệt như hình,"Huyện Đức Trọng, Lâm Đồng",Đã sử dụng,Xe máy điện,Unknown,2024,126,5500000,Used,Lâm Đồng,2024.0,126.0
1024,https://xe.chotot.com/mua-ban-xe-may/133122193.htm,2026-06-22 13:52:31,xe_may_dien,Datbike Quantum S1 Xanh 15.000km,45000000,Xe Điện GV,"🔴⚡️ 𝑫𝑨𝑻 𝑩𝑰𝑲𝑬 𝑸𝑼𝑨𝑵𝑻𝑼𝑴 𝑺1 ⚡️🔴 🔺 Odo 15.000km 🔺 Biển số 60 🔺 Xe full keo đẹp 🔺 Pin chưa lệch cell, vận hành ổn định 💰 Giá 4x 📞 *** 📱 Zalo: *** #Datbike #QuantumS1 #XeDienCu #XeDienTPHCM #XeDienGiaTot","Quận Bình Tân, Tp Hồ Chí Minh",Đã sử dụng,Xe máy điện,Unknown,2025,15000,45000000,Used,Hồ Chí Minh,2025.0,15000.0
1025,https://xe.chotot.com/mua-ban-xe-may/132649747.htm,2026-06-22 13:34:44,xe_may_dien,Vinfast Klara Neo Xe mới Chưa lăn bánh,24500000,Xe Điện Kim Thảo,- Klara Neo . Xe mới chưa lăn bánh. đã bấm biển - Pin 2.0kw đi 70km/lần sạc - Chính chủ công chứng uỷ quyền hoặc mua bán - Giá 24tr500k (ko phát sinh thêm phí) - Địa chỉ : 24/6. Đ.TL44. P.thạnh lộc. Q12,"Quận 12, Tp Hồ Chí Minh",Mới,Xe máy điện,Unknown,2025,,24500000,New,Hồ Chí Minh,2025.0,
1026,https://xe.chotot.com/mua-ban-xe-may/133121676.htm,2026-06-22 13:26:21,xe_may_dien,"Xe máy điện Xmen Đỏ, Đen đã sử dụng",2800000,Sửa bếp gas nhật,Xmen Rơi đăng ký Ắc quy yếu Thanh lý nhanh cho ae,"Quận Lê Chân, Hải Phòng",Đã sử dụng,Xe máy điện,Unknown,2020,123456,2800000,Used,Hải Phòng,2020.0,123456.0
1027,https://xe.chotot.com/mua-ban-xe-may/133121538.htm,2026-06-22 13:19:28,xe_may_dien,Xe máy điện VinFast EVO MAX Trắng 900 km,18900000,Dung,"⚡ EVO MAX SIÊU LƯỚT ⚡ ✅ Odo chỉ 900 km như mới ✅ 1 pin thuê đổi tại trạm ✅ Chính chủ BSTP ✅ Xe đẹp, vận hành êm ái 💰 Giá chỉ: 18.9 triệu Hỗ trợ trả góp, bao no xấu 🏠Xem trực tiếp quận bình tân 📞Dung: *** Tư Vấn Nhanh ZALO: *** Lưu ý: Có thu mua - giao đổi- thu xe máy đổi xe điện giá tốt...","Quận Bình Tân, Tp Hồ Chí Minh",Đã sử dụng,Xe máy điện,Unknown,2026,900,18900000,Used,Hồ Chí Minh,2026.0,900.0
1028,https://xe.chotot.com/mua-ban-xe-may/133121330.htm,2026-06-22 13:08:40,xe_may_dien,Xe điện Milan II Xám xi măng,4700000,Xe điện Bình Phương,"M58 ✅ Xe điện milanII nhập khẩu xám xi măng cực nét ắc quy lướt 4tr7 ➡️ Hình thức đẹp, xe chạy êm, động cơ zin ➡️ Mọi chức năng hoạt động tốt, xe đã được bảo dưỡng toàn bộ, ☎️ *** (zalo,fb,mess) có trả góp 📌 Cửa hàng xe điện Bình Phương, sn 15 ngõ 195/91 Trần Cung, Hà Nội","Quận Cầu Giấy, Hà Nội",Đã sử dụng,Xe máy điện,Unknown,2020,3256,4700000,Used,Hà Nội,2020.0,3256.0
1029,https://xe.chotot.com/mua-ban-xe-may/133120652.htm,2026-06-22 12:31:32,xe_may_dien,"Xe máy điện Ally màu Đỏ, Tím, Kem mới 100%",11900000,Phong motor,"Xe máy điện Ally New 100%, có nhiều màu sắc cho bạn lựa chọn: đỏ, tím, kem. .... - Xe mới 100%, kiểu dáng thời trang. - Động cơ mạnh mẽ, vận hành êm ái. - pin sử dụng từ 6 đến 70km cho một lần nạp - giá chỉ 11 củ 9 đã bao VAT góp trả 0đ nhận xe Phong Motor: *** - 64 Nguyễn Tri Phương, KP.Bình Minh 2, P. Dĩ An, TP Hồ Chí Minh","Thành phố Dĩ An, Bình Dương",Mới,Xe máy điện,Unknown,2023,,11900000,New,Bình Dương,2023.0,
1030,https://xe.chotot.com/mua-ban-xe-may/133120520.htm,2026-06-22 12:25:09,xe_may_dien,Xe Dat Bike Quantum S1 2026 Trắng mới 100%,50900000,Ân,"Xe máy điện Dat Bike Quantum S1 màu trắng, đời 2026. - Xe mới 100%, chưa qua sử dụng. - Thiết kế hiện đại, động cơ mạnh mẽ. - Pin dung lượng lớn, đi được quãng đường xa.","Thành phố Thủ Đức, Tp Hồ Chí Minh",Mới,Xe máy điện,Unknown,2026,,50900000,New,Hồ Chí Minh,2026.0,
1031,https://xe.chotot.com/mua-ban-xe-may/133120352.htm,2026-06-22 12:17:48,xe_may_dien,Xe đạp điện Pega 6 bình màu Hồng,4800000,Gia Huy,Xe điện pega 6 bình Xe đẹp mạnh đã lên 1 số đồ chơi,"Thành phố Thủ Đức, Tp Hồ Chí Minh",Đã sử dụng,Xe máy điện,Unknown,2016,1000,4800000,Used,Hồ Chí Minh,2016.0,1000.0
1032,https://xe.chotot.com/mua-ban-xe-may/133119631.htm,2026-06-22 11:45:24,xe_may_dien,Xe điện Honda Icon E Xanh rêu,23000000,NY-NA TV,"Xe điện Honda Icon E trúng thưởng nhưng không có nhu cầu xà Full Pin, chưa chạy chưa có Odo.","Thành phố Dĩ An, Bình Dương",Đã sử dụng,Xe máy điện,Unknown,2026,1,23000000,Used,Bình Dương,2026.0,1.0
1033,https://xe.chotot.com/mua-ban-xe-may/133060310.htm,2026-06-22 11:14:14,xe_may_dien,Xe máy điện Vinfast Evo Max Đen,29000000,Ngô Hoàng Phi,"Xe máy điện Vinfast Evo Max màu đen, có cả pin thuê và pin 52Ah. Pin Độ 76,6v 52ah đi đc 130km bảo hành 2 năm - Xe thiết kế hiện đại, vận hành êm ái. - Phù hợp di chuyển trong thành phố.","Quận Tây Hồ, Hà Nội",Đã sử dụng,Xe máy điện,Unknown,2026,1800,29000000,Used,Hà Nội,2026.0,1800.0
1034,https://xe.chotot.com/mua-ban-xe-may/133118140.htm,2026-06-22 10:51:05,xe_may_dien,Xe điện Trung Quốc 48V màu Đen,4800000,Phạm vịnh,"Bán 1 trong 2 chiếc xe, nhà mình bạn lớn nên dư xe. Hàng nội địa trung quốc, mọi thứ oke chạy bền, pin 48v","Quận Cầu Giấy, Hà Nội",Đã sử dụng,Xe máy điện,Unknown,2023,100,4800000,Used,Hà Nội,2023.0,100.0
1035,https://xe.chotot.com/mua-ban-xe-may/133082919.htm,2026-06-22 10:38:38,xe_may_dien,Chaly ngay chủ kí giấy sang tên,6500000,Nam Nhà Ngon,Hàng hiếm Chaly ngay chủ sang tên được Dư xe nên bán bớt 1 e chaly Tình trạng như ảnh,"Quận 1, Tp Hồ Chí Minh",Đã sử dụng,Xe máy điện,Unknown,1999,999,6500000,Used,Hồ Chí Minh,1999.0,999.0
1036,https://xe.chotot.com/mua-ban-xe-may/133116421.htm,2026-06-22 09:52:08,xe_may_dien,Xe máy điện Piaggio Vespa Trắng,3400000,Hong Truong Phuoc,DỌN NHÀ CẦN TL XÁC XE ĐIỆN KIỂU DÁNG VESPA TÌNH TRẠNG ĐỂ LÂU KHÔNG BÌNH,"Quận 10, Tp Hồ Chí Minh",Đã sử dụng,Xe máy điện,Unknown,2010,5000,3400000,Used,Hồ Chí Minh,2010.0,5000.0
1037,https://xe.chotot.com/mua-ban-xe-may/133115629.htm,2026-06-22 09:20:07,xe_may_dien,Vinfast TheonS 2025 Đỏ 3.500km,59000000,Lyns,Mình chính chủ bán xe máy điện Vinfast TheonS đời 2025. Xe ít dùng chỉ chạy có 3.500km.,"Quận Thanh Khê, Đà Nẵng",Đã sử dụng,Xe máy điện,Unknown,2025,3500,59000000,Used,Đà Nẵng,2025.0,3500.0
1038,https://xe.chotot.com/mua-ban-xe-may/133115059.htm,2026-06-22 08:49:36,xe_may_dien,Xe máy điện VinFast Feliz 2025 Trắng 2pin,32000000,Quang,"Xe máy điện VinFast Feliz 2025 2pin màu trắng, kiểu dáng hiện đại, vận hành êm ái. Ði được 160km cho 1 lần sạc xe đã fix full những gì cần làm . -Đã lên heo đia phuoc bình dầu xịn 9 hãng chạy bao ngon xe còn bảo hành 8 năm ỡ hãng - Phù hợp di chuyển trong thành phố. Xe 9 chủ bao công chứng uy quyền 1p30s.","Quận 1, Tp Hồ Chí Minh",Đã sử dụng,Xe máy điện,Unknown,2026,5820,32000000,Used,Hồ Chí Minh,2026.0,5820.0
1039,https://xe.chotot.com/mua-ban-xe-may/133115025.htm,2026-06-22 08:47:15,xe_may_dien,Xe máy điện IMPES Đen,11000000,CÒN TIN LÀ CÒN HÀNG,"Xe máy điện IMPES màu đen, thiết kế hiện đại, phù hợp cho cả nam và nữ. - Kiểu dáng thời trang, dễ điều khiển. - Động cơ mạnh mẽ, vận hành êm ái. - Tiết kiệm năng lượng, thân thiện môi trường. Xe như mới dán nguyên con odo mới 500km, chưa đăng ký luôn, sạc ,pin đầy đủ","Quận Tân Phú, Tp Hồ Chí Minh",Đã sử dụng,Xe máy điện,Unknown,1980,5000,11000000,Used,Hồ Chí Minh,1980.0,5000.0
1040,https://xe.chotot.com/mua-ban-xe-may/133114955.htm,2026-06-22 08:43:37,xe_may_dien,Xe máy điện VinFast Evo Max Trắng 900km,18000000,Ng Th Hòa,"Evo Max chính chủ, odo siêu lướt 900km - Đã thuê 1 pin, sẵn pin 2 cho ae thuê - Ký ủy quyền,mua bán 5 phút có xe chạy - Ngoại hình không vết xước - Dá 18 đồng","Thành phố Biên Hòa, Đồng Nai",Đã sử dụng,Xe máy điện,Unknown,2026,900,18000000,Used,Đồng Nai,2026.0,900.0
1041,https://xe.chotot.com/mua-ban-xe-may/133114926.htm,2026-06-22 08:42:02,xe_may_dien,VinFast EvoGrand 2025 Trắng 2pin bstp 9chủ.,24800000,Kenny Đặng,"🛵 EvoGrand date 2025 xe keng cực đẹp 📌Odo 15k/km, BSTP chính chủ. 📌 phụ kiện 2 chìa 2 kính zin. Sạc zin. 📌2 pin mua đứt 180 200km/ lần xạc Dá 2x triệu(fix nhẹ) 📲*** Xe máy Khoa Đặng. 🏠Bà điểm Hóc Môn.","Huyện Hóc Môn, Tp Hồ Chí Minh",Đã sử dụng,Xe máy điện,Unknown,2025,15000,24800000,Used,Hồ Chí Minh,2025.0,15000.0
1042,https://xe.chotot.com/mua-ban-xe-may/133114908.htm,2026-06-22 08:41:15,xe_may_dien,VinFast Evo 200 bst chính chủ,20800000,Kenny Đặng,"🛵 Evo 200 pin 3.5 xe keng cực đẹp 📌Odo 18k/km, BST chính chủ. 📌 phụ kiện Sạc 1000w 4h đầy 📌1 pin 3.5kw 100/120km 1lần xạc. Dá 2x triệu(fix nhẹ) 📲*** Xe máy Khoa Đặng. 🏠Bà điểm Hóc Môn.","Huyện Hóc Môn, Tp Hồ Chí Minh",Đã sử dụng,Xe máy điện,Unknown,2023,18000,20800000,Used,Hồ Chí Minh,2023.0,18000.0
1043,https://xe.chotot.com/mua-ban-xe-may/133113919.htm,2026-06-22 07:17:45,xe_may_dien,Xe máy điện JVC Xmen F1 Thể thao Đen Mới,5500000,Nguyễn Tiếp,"Xe máy điện JVC Xmen F1 màu đen, kiểu dáng thể thao, mạnh mẽ. - Động cơ bền bỉ, vận hành êm ái. - Thiết kế hiện đại, phù hợp di chuyển trong thành phố. - Xe còn mới, ít sử dụng.","Thị xã Từ Sơn, Bắc Ninh",Mới,Xe máy điện,Unknown,2019,,5500000,New,Bắc Ninh,2019.0,
1044,https://xe.chotot.com/mua-ban-xe-may/133113775.htm,2026-06-22 07:06:34,xe_may_dien,Xe điện Milan II Xám Nhập khẩu,4500000,Xe điện Bình Phương,"M57 ✅ Xe điện milanII nhập khẩu xám cực nét ắc quy lướt 4tr5 ➡️ Hình thức đẹp, xe chạy êm, động cơ zin ➡️ Mọi chức năng hoạt động tốt, xe đã được bảo dưỡng toàn bộ, ☎️ *** (zalo,fb,mess) có trả góp 📌 Cửa hàng xe điện Bình Phương, sn 15 ngõ 195/91 Trần Cung, Hà Nội","Quận Cầu Giấy, Hà Nội",Đã sử dụng,Xe máy điện,Unknown,2020,362,4500000,Used,Hà Nội,2020.0,362.0
1045,https://xe.chotot.com/mua-ban-xe-may/133113760.htm,2026-06-22 07:05:45,xe_may_dien,Xe máy điện Evo Grand màu Đen,24500000,Xích Lô,"evo grand 2 pin . 2 phuộc đã thay xịn sò không rung lắc . giá bán 24,5tr . có thương lượng","Huyện Hóc Môn, Tp Hồ Chí Minh",Đã sử dụng,Xe máy điện,Unknown,2025,10000,24500000,Used,Hồ Chí Minh,2025.0,10000.0
1046,https://xe.chotot.com/mua-ban-xe-may/133113742.htm,2026-06-22 07:04:25,xe_may_dien,Xe máy điện VinFast Feliz Xanh 10.000km 6 bình,14000000,Xe Điện Phát Đạt,"Vinfas feliz odo 10.000km ..xe đẹp .,zin ,giấy tờ đầy đủ,,💯 biển mđ k cần bằng lái 🔋🔋 ắc quy 6 bình đi 50-60km ..Ace qta kb za lo tư vấn","Quận Hoàng Mai, Hà Nội",Đã sử dụng,Xe máy điện,Unknown,2021,10000,14000000,Used,Hà Nội,2021.0,10000.0
1047,https://xe.chotot.com/mua-ban-xe-may/133113714.htm,2026-06-22 07:01:33,xe_may_dien,Xe máy điện VinFast Feliz S Đen 2022,29000000,Nguyễn Ngọc Minh Châu,"Feliz S cũ và Mới date 2022-2024 Giá 3X-4X (tuỳ mới và cũ) Xe đẹp,pin 3.5","Quận Gò Vấp, Tp Hồ Chí Minh",Đã sử dụng,Xe máy điện,Unknown,2024,30000,29000000,Used,Hồ Chí Minh,2024.0,30000.0
1048,https://xe.chotot.com/mua-ban-xe-may/132177471.htm,2026-06-22 06:47:40,xe_may_dien,VinFast Evo200 Pin 3.5kw đã mua và ký giấy ngay,21500000,Cung Thị Lài,"VinFast Evo200 chạy đúng 9000km. xe 1 chủ sử dụng ký giấy mua bán tại phòng công chứng cho bên mua về ra tên chính chủ. Xe cực đẹp - vỏ lốp còn mới. Dòng Evo200 trang bị Pin LFP 3.5kw nên chạy siêu khoẻ và nhiều km. Mỗi 100% chạy 150km nếu chạy chế độ eco và 120km nếu chạy chế độ sport nhé.. tốc độ đạt70km/h. đặc biệt evo200 có trang bị đồng hồ thời gian trên bảng taplo nhé, rất tiện lợi. trang bị esim để kết nối hãng..... Còn đầy đủ sạc zin, 2 kiếng đầy đủ nhé Pin đã mua đứt nhé, không phải pin thuê. vỏ lốp trước sau còn như mới, chạy chưa hết rodai nên rất an tâm sử dụng nhé xem xe tại Quận 12 cũ, gần ngã tư an sương mua bán trao đổi xe đã qua sử dụng, yêu cầu xe rõ ràng và ký giấy tờ đầy đủ nhé.","Quận 12, Tp Hồ Chí Minh",Đã sử dụng,Xe máy điện,Unknown,2023,9000,21500000,Used,Hồ Chí Minh,2023.0,9000.0
1049,https://xe.chotot.com/mua-ban-xe-may/133111191.htm,2026-06-21 20:26:25,xe_may_dien,Xe máy điện Vespa Xanh Xám,6000000,Hiên,"E mới mua xe mới giờ nhà dư 1 xe điện không còn nhu cầu dùng đến Achi hoặc bố mẹ có con e đi học muốn mua thì ib e ạ Vì xe cũ có vài chỗ cũng không còn đẹp nên e bán 6tr có thể thương lượng giá lại ạ Xe đã thay bình lần 2, bán sẽ kèm theo sạc Lh e coi trực tiếp *** đc Tân Vĩnh Hiệp, Tân Uyên, Bình Dương","Thị xã Tân Uyên, Bình Dương",Đã sử dụng,Xe máy điện,Unknown,2024,7000,6000000,Used,Bình Dương,2024.0,7000.0
1050,https://xe.chotot.com/mua-ban-xe-may/133111104.htm,2026-06-21 20:19:18,xe_may_dien,Xe điện Dibao Milan Đen đã sử dụng,3500000,Thu Van,"🚗 BÁN XE ĐIỆN DIBAO MÀU ĐEN Xe vẫn sử dụng đi lại hằng ngày bình thường. * Ngoại hình cũ theo thời gian sử dụng, có trầy xước và vỡ một vài chỗ như hình. * Đèn, còi, xi nhan vẫn hoạt động bth * Xe dùng ắc quy đi 40-50km mỗi lần sạc * Đến xem và chạy thử trực tiếp. * Phù hợp hssv, các bà các mẹ hoặc chỉ cần phương tiện đi lại hàng ngày vẫn dùng tốt Xe cá nhân cần bán vì đổi xe nhà hết chỗ và không còn nhu cầu sử dụng. 💰 Giá: 3.500.000đ hoặc ai ra giá ok hợp lí thì e bán luôn ạ","Quận Hoàng Mai, Hà Nội",Đã sử dụng,Xe máy điện,Unknown,2023,0,3500000,Used,Hà Nội,2023.0,0.0
1051,https://xe.chotot.com/mua-ban-xe-may/132901481.htm,2026-06-21 19:30:58,xe_may_dien,Xe máy điện Datbike Quantum S2 Cam,43500000,Anh trần,"chủ xe bon chen đôi xe mới nên bán 1 con xe điện Đatbike Quantum S2 xe MỚI KENG XÀ BENG bIển số TPHCM, đã dán decal màu cam, tình trạng rất đep chạy rât ngon và êm, máy mạnh tương đương xe xăng xe chạy odo 4200km. luôn pin luôn sạc + Độ đàn phuộc PCX bao êm 1.000.000 + Gắn ốp sên, ốp dè, barga, móc treo 1.000.000 + Decal trước và keo thân sau 1.200.000 + Thuế xe mới và TB 1.400.000+600.000 giá trị tổng cộng 50.000.000 vnd--) nay bán lỗ gần 7tr vì thói bon chen cốp rộng thênh thang, chính chủ ký bán công chứng sang tên 1 nốt nhạ, kè","Quận Bình Thạnh, Tp Hồ Chí Minh",Đã sử dụng,Xe máy điện,Unknown,2026,4200,43500000,Used,Hồ Chí Minh,2026.0,4200.0
1052,https://xe.chotot.com/mua-ban-xe-may/131447216.htm,2026-06-21 19:28:42,xe_may_dien,TAILG JS50 NEW 100% SALE CHẤN ĐỘNG CHỈ *** 1,11400000,XE MÁY THIỆN PHÁT AN GIANG,"❌❌❌ SALE OFF - XÃ KHO THU HỒI VỐN ❌❌❌ ❤️ TAILG JS50 NEW 100% SALE CHẤN ĐỘNG CHỈ *** 1 XE ❤️ XE SÀI 5 BÌNH TO 60v-20A ❤️ QUẢNG ĐƯỜNG ĐI ĐƯỢC : 50 - 80KM ❤️ HÃNG SẢN XUẤT : TAILG ♻️ THÔNG TIN CHUNG : 🌟 Đặc điểm nổi bật của xe điện TAILG JS50 ♻️ Xe đạp điện TAILG JS50 là mẫu xe điện được đánh giá cao về cả ngoại hình lẫn khả năng vận hành. Nếu bạn đang tìm một mẫu xe điện nhỏ gọn, xinh xắn phục vụ nhu cầu di chuyển hàng ngày thì đây là phương án lý tưởng vì: ♻️ Thiết kế nhỏ gọn, kiểu dáng nhẹ nhàng, gam màu pastel tươi sáng, trẻ trung Động cơ mạnh mẽ, lướt êm ái, lái nhẹ tênh Hệ thống phanh cơ tang trống và lốp không săm dễ dàng kiểm soát tốc độ Thiết kế yên đôi riêng biệt, sàn để chân rộng rãi thoải mái khi di chuyển đường dài ♻️ Động cơ với công suất 400W ♻️ Đèn pha thấu kính độ sáng cao ♻️ Mặt đồng hồ cỡ lớn ♻️ Phanh tang trống an toàn và lốp không săm ♻️ Yên với thiết kế đôi ♻️ Khoảng sàn để chân rộng rãi 💵 GIÁ GỐC : 15.400.000 SALE CÒN 11.400.000 (HỖ TRỢ TRẢ GÓP) ❤️ MỌI CHI TIẾT LIÊN HỆ : 📲 HOTLINE & ZALO : *** 📲 [HỖ TRỢ TRẢ GÓP] ❤️ ĐỊA CHỈ : 135 ĐƯỜNG CHÂU VĂN LIÊM KHÓM THỊ 2 THỊ TRẤN MỸ LUÔNG HUYỆN CHỢ MỚI TÍNH AN GIANG (GẦN SACOMBANK MỸ LUÔNG) ❤️ LƯU Ý : XE BÊN E BÁN RA CHẤP NHẬN QUAY ĐẦU - ĐỔI XE, CHO QUÝ KHÁCH THẬT SỰ VỪA Ý ( PHÍ QUAY ĐẦU TỪ 10 - 15% TÙY THEO TÌNH TRẠNG XE KHI QUAY ĐẦU) XE MÁY THIỆN PHÁT ĐẠO ĐỨC LÀM NÊN UY TÍN A DI ĐÀ PHẬT #Xedienthienphat #xedientragop #xedienthongminh #xedienyadea #yadea #xuhuong #xediengiare #xedienangiang #yadeathienphat #tailg #tailgangiang #pega #gos","Huyện Chợ Mới, An Giang",Đã sử dụng,Xe máy điện,Unknown,2026,0,11400000,Used,An Giang,2026.0,0.0
1053,https://xe.chotot.com/mua-ban-xe-may/132997999.htm,2026-06-21 18:08:41,xe_may_dien,YADEA E3S NEW 100% SALE CHẤN ĐỘNG CHỈ *** 1 X,11990000,XE MÁY THIỆN PHÁT AN GIANG,"❤️ YADEA E3S NEW 100% SALE CHẤN ĐỘNG CHỈ *** 1 XE ❤️ XE SÀI 5 BÌNH TO 60v-20A ❤️ QUẢNG ĐƯỜNG ĐI ĐƯỢC : 50 - 80KM ❤️ HÃNG SẢN XUẤT : YADEA ♻️ THÔNG TIN CHUNG : 🍀Xe máy điện Yadea E3S màu Trắng – Thanh lịch, nhỏ gọn và bền bỉ ✅ Thiết kế tinh tế – Phong cách thanh lịch ✅ Màu Trắng tạo cảm giác tinh khiết, sang trọng, làm nổi bật mọi chi tiết thiết kế tối giản nhưng hiện đại. ✅ Khoang cốp 20L rộng rãi, đủ chứa mũ bảo hiểm nửa đầu, áo mưa cùng nhiều vật dụng cá nhân. ✅ Bình Ắc quy Graphene TTFAR – Quãng đường dài, tuổi thọ cao • Sử dụng ắc quy Graphene TTFAR 60V – 22Ah, công nghệ độc quyền của Yadea. • Quãng đường đi được đến 50-60km mỗi lần sạc đầy, đáp ứng nhu cầu đi học, đi làm hằng ngày. • Thời gian sạc 7 – 8 giờ, có thể sạc qua đêm tiện lợi. • Độ bền cao, tuổi thọ gấp 3 lần ắc quy chì truyền thống, giảm chi phí thay thế. 💵 GIÁ GỐC : 16.99000.000 SALE CÒN 11.990.000 (HỖ TRỢ TRẢ GÓP)","Huyện Chợ Mới, An Giang",Mới,Xe máy điện,Unknown,2026,,11990000,New,An Giang,2026.0,
1054,https://xe.chotot.com/mua-ban-xe-may/133109479.htm,2026-06-21 18:04:53,xe_may_dien,Xe máy điện Vinfast Flazz Đen bóng odo 285km,14000000,XE ĐIỆN 90s,♻️ Vinfast Flazz đen bóng siêu nhân ~ xe ko cần bằng lái ~ odo lướt mới 285km ~ 1 pin 1.2kwh bảo hành 8 năm (đi 50km/sạc) ~ cốp rộng có thể lắp thêm pin phụ tăng quãng đường lên tới 100km/sạc ~ bst 69 - chính chủ ký Dá 14.000.000₫ Ace mến ới e 📲 *** ✔️ Hỗ trợ ship xe – cà thẻ – trả góp ♻️ Giao lưu bù trừ hợp lý các dòng xe 📞Call/Zalo: *** xem xe Gò Vấp,"Quận Gò Vấp, Tp Hồ Chí Minh",Đã sử dụng,Xe máy điện,Unknown,2026,285,14000000,Used,Hồ Chí Minh,2026.0,285.0
1055,https://xe.chotot.com/mua-ban-xe-may/133109328.htm,2026-06-21 17:56:21,xe_may_dien,Xe điện Honda Chaly Xám Trắng,4500000,lee,Xe chaly chế xe điện 5 bình điện Độnh cơ 60v/800w chạy 34-40km/1h đi được tầm 2-25km Ae có điều kiện về độ pin thì vip luôn Ae có xe gấp gọn giao lưu cũng được,"Thành phố Biên Hòa, Đồng Nai",Đã sử dụng,Xe máy điện,Unknown,2024,123456,4500000,Used,Đồng Nai,2024.0,123456.0
1056,https://xe.chotot.com/mua-ban-xe-may/133109303.htm,2026-06-21 17:55:12,xe_may_dien,Xe điện Yadea Odora Pro 2023 Trắng 3580 km,11500000,Nguyễn Linh,"Bán xe điện Yadea Odora Pro mua năm 2023. Xe ít sử dụng, để lâu trong nhà nên ngoại hình còn đẹp, có trầy xước nhẹ như hình. Xe chính chủ, xem xe trực tiếp. Giá 11 triệu, thương lượng cho người thiện chí.","Thành phố Thuận An, Bình Dương",Đã sử dụng,Xe máy điện,Unknown,2023,3580,11500000,Used,Bình Dương,2023.0,3580.0
1057,https://xe.chotot.com/mua-ban-xe-may/133108484.htm,2026-06-21 17:09:49,xe_may_dien,Xe máy điện VinFast Evo Grand Đen đã qua sử dụng,18000000,Thanh,"Xe máy điện VinFast Evo Grand màu đen, đã qua sử dụng. - Thiết kế hiện đại, động cơ mạnh mẽ. - Vận hành êm ái, tiết kiệm năng lượng. - Xe còn tốt, phù hợp di chuyển trong thành phố.","Quận Bình Tân, Tp Hồ Chí Minh",Đã sử dụng,Xe máy điện,Unknown,2026,17000,18000000,Used,Hồ Chí Minh,2026.0,17000.0
1058,https://xe.chotot.com/mua-ban-xe-may/130800599.htm,2026-06-21 16:35:40,xe_may_dien,🌈 TPhcm Xsr155 chính chủ siêuđẹp..giá Sinh viên🥰,59000000,An Lộc Phát ,🌈🥰TPhcm..em bán nhanh Yamaha Xsr155.. xe chính chủ 2020..Bs TPHCM..bao zin đẹp..🌈Giá Rẻ chỉ 59triệu. Chính chủ Bao công chứng. #Sdt . nhanh tay alo.. Có ship toàn quốc . Xem xe TP HCM. ae.nhanh tay chốt đc xe Rẻ chơi ngay..,"Quận 12, Tp Hồ Chí Minh",Đã sử dụng,Xe máy điện,Unknown,2020,20,59000000,Used,Hồ Chí Minh,2020.0,20.0
1059,https://xe.chotot.com/mua-ban-xe-may/133107154.htm,2026-06-21 15:57:48,xe_may_dien,Vinfast Evo 200 - BSTP chính chủ,23300000,Mr Thien,"Vinfast Evo 200 bstp một chủ mua mới từ đầu. Xe gia đình sử dụng ít đi, bảo quản tốt nên động cơ và pin còn hoàn hảo. Sạc zin theo xe, pin 3.5 kwh mua đứt theo xe tuổi thọ còn 100%, động cơ êm mượt. Sơn zin 100% có trầy xước nhẹ do để xe trong bãi, 2 vỏ theo xe, app e-scooter, 2 kính, 2 chìa theo xe còn đầy đủ. Bảo hành chính hãng đến năm 2030. Xe bstp chính chủ, công chứng ủy quyền hay mua bán sang tên đều được. Cảm ơn ACE đã xem tin","Quận Gò Vấp, Tp Hồ Chí Minh",Đã sử dụng,Xe máy điện,Unknown,2025,10,23300000,Used,Hồ Chí Minh,2025.0,10.0
1060,https://xe.chotot.com/mua-ban-xe-may/132603755.htm,2026-06-21 15:57:40,xe_may_dien,🔥Cần BÁN XE ĐIỆN CŨ Vespa osakar..biển số TP,8700000,XE ĐIỆN CŨ SÓNG THẦN ,"🔥Cần BÁN XE ĐIỆN CŨ Vespa osakar..cavet-biển số TPHCM.Giá:8tr700..Xe đẹp,bình khỏe chạy khoảng 30-40km/một lần xạc, đầy đủ chức năng . Xem xe tại Cầu Vượt Sóng Thần/ Thủ Đức .","Thành phố Thủ Đức, Tp Hồ Chí Minh",Đã sử dụng,Xe máy điện,Unknown,2021,7898,8700000,Used,Hồ Chí Minh,2021.0,7898.0
1061,https://xe.chotot.com/mua-ban-xe-may/133093861.htm,2026-06-21 15:48:04,xe_may_dien,Xe máy điện Lima Vespa điện Đen chống trộm,7900000,Trung Đồ Cũ,"Vespa điện hãng Lima Đèn led , Chống trộm đầy đủ Bình ác quy vừa thay mấy tháng cực khỏe Sạc đầy chạy 50-60 km Giấy tờ đầy đủ Thanh lý 7 tr 900k cho các cháu về đi học","Thành phố Nam Định, Nam Định",Đã sử dụng,Xe máy điện,Unknown,2020,8888,7900000,Used,Nam Định,2020.0,8888.0
1062,https://xe.chotot.com/mua-ban-xe-may/133106951.htm,2026-06-21 15:47:55,xe_may_dien,Xe máy điện Datbike Quantum S2 Trắng 9000 km,36000000,sơn bự,cần bán xe datbike quatum s2. xe còn rất đẹp. mới tinh. odo 9000km. xe êm . mua về là chạy. xe biển tỉnh đồng tháp. xe mua bán ko chính chủ. bao ko ai tránh chấp trọn đợi. có giấy mua bán của cửa hàng. mình người dùng chạy nên rất kỹ. xin cảm ơn.,"Huyện Hóc Môn, Tp Hồ Chí Minh",Đã sử dụng,Xe máy điện,Unknown,2025,9000,36000000,Used,Hồ Chí Minh,2025.0,9000.0
1063,https://xe.chotot.com/mua-ban-xe-may/133106434.htm,2026-06-21 15:23:15,xe_may_dien,Xe máy điện Yadea màu Cam Đen Trắng,2500000,Chau,bé nhà k sử dụng mình cần bán xe đã thay 2 bình mới,"Quận Bình Tân, Tp Hồ Chí Minh",Đã sử dụng,Xe máy điện,Unknown,2025,6666,2500000,Used,Hồ Chí Minh,2025.0,6666.0
1064,https://xe.chotot.com/mua-ban-xe-may/133106425.htm,2026-06-21 15:22:48,xe_may_dien,Yadea Oris 2024 Xanh 11.000 km,15900000,Thanh Sang,⚙️ Yadea Oris 2024 Bstp 9c ký giấy liền ⚙️ - Ngoại hình đẹp long lanh Keo full xe - Odo chỉ 11.000 km - Mọi chức năng hoạt động tốt - 80-100km lần sạc Giâ em bán : 15tr900 ✅ Hổ trợ góp - Bao no xấu ✅ Giao lưu bù trừ các dòng xe Đc : 77 vĩnh hội P4 Q4 - Sđt ***,"Quận 4, Tp Hồ Chí Minh",Đã sử dụng,Xe máy điện,Unknown,2024,11000,15900000,Used,Hồ Chí Minh,2024.0,11000.0
1065,https://xe.chotot.com/mua-ban-xe-may/133105585.htm,2026-06-21 14:46:34,xe_may_dien,xe điện 50 cho các bé người lớn tuổi o cần bằng la,8500000,xe máy THÀNH LONG,"Xe điện 50 cho các bé học sinh người lớn tuổi o cần bằng lái chính chủ sang tên hay ủy quyền đều được đầy đủ chức năng giá 8,5 tr đc 477 trường chinh phường đông Hưng thuận","Quận 12, Tp Hồ Chí Minh",Đã sử dụng,Xe máy điện,Unknown,2022,3000,8500000,Used,Hồ Chí Minh,2022.0,3000.0
1066,https://xe.chotot.com/mua-ban-xe-may/133026993.htm,2026-06-21 14:42:14,xe_may_dien,"Bán xe điện Vinfast Klara S2 đời đầu, bền",15500000,Nhiên,"Xe gia đình, chạy ít, êm nhẹ, pin lâu, thuộc dòng xịn đời đầu của Vin (tầm 100-120km/1 lần sạc). Phí thuê pin từ 200-350k/tháng. Càng đi nhiều, phí thuê càng giảm. Tiếp người người thiện chí.","Quận 7, Tp Hồ Chí Minh",Đã sử dụng,Xe máy điện,Unknown,2022,20,15500000,Used,Hồ Chí Minh,2022.0,20.0
1067,https://xe.chotot.com/mua-ban-xe-may/133105096.htm,2026-06-21 14:25:08,xe_may_dien,Xe máy điện VinFast Vento Neo Xám,28500000,duy hiệp ,"Xe máy điện VinFast Vento Neo màu xám, kiểu dáng hiện đại, vận hành êm ái. - Xe mới, ít sử dụng. - Động cơ mạnh mẽ, tiết kiệm năng lượng. - sạc 1000w kèm giỏ đựng bộ sạc","Huyện Trảng Bom, Đồng Nai",Đã sử dụng,Xe máy điện,Unknown,2025,13782,28500000,Used,Đồng Nai,2025.0,13782.0
1068,https://xe.chotot.com/mua-ban-xe-may/132979445.htm,2026-06-21 13:08:47,xe_may_dien,"Xe máy điện Yadea OVA Kem, Xanh lá 295 km",17500000,PHẠM TUẤN MUA BÁN XE ĐIỆN,Yadea OVA 300km new mới ra biển Chính chủ ký Zá 17.5tr Mua xe điện cũ giá cao,"Quận Tân Phú, Tp Hồ Chí Minh",Đã sử dụng,Xe máy điện,Unknown,2026,295,17500000,Used,Hồ Chí Minh,2026.0,295.0
1069,https://xe.chotot.com/mua-ban-xe-may/132905982.htm,2026-06-21 12:58:45,xe_may_dien,Xe máy điện VinFast Evo200 Lite Trắng,18500000,PHẠM TUẤN MUA BÁN XE ĐIỆN,Evo200 lite biển MD ko cần bằg lái Đã mua đứt pin + sạc 1000w Zá 18.5tr Mua xe điện cũ giá cao tận nơi....,"Quận Tân Phú, Tp Hồ Chí Minh",Đã sử dụng,Xe máy điện,Unknown,2023,20000,18500000,Used,Hồ Chí Minh,2023.0,20000.0
1070,https://xe.chotot.com/mua-ban-xe-may/133103495.htm,2026-06-21 12:57:41,xe_may_dien,Xe máy điện Yadea iCandy Xanh ngọc,11000000,Anh Tư,"Xe máy điện Yadea iCandy màu xanh ngọc, thiết kế thời trang, phù hợp cho cả nam và nữ. Không cần bằng lái và đăng ký - Kiểu dáng hiện đại, nhỏ gọn, dễ điều khiển. - Động cơ mạnh mẽ, vận hành êm ái. - Pin bền bỉ, di chuyển xa. - Xe lướt trên 100km, ko ắc quy. Giá 11tr.","Quận 8, Tp Hồ Chí Minh",Đã sử dụng,Xe máy điện,Unknown,2026,100,11000000,Used,Hồ Chí Minh,2026.0,100.0
1071,https://xe.chotot.com/mua-ban-xe-may/132957192.htm,2026-06-21 12:57:30,xe_may_dien,Vinfast Evo 200 /2025,20500000,Xe Điện Kim Thảo,"- Evo 200 . đăng ký 07/2025 . Odo 34k - Bản pin 3.5kw đi trên 100km/lần sạc ( pin mua ) - Bảo hành hãng dài hạn - Dán keo chống trầy full xe ,2 Chìa zin - Chính chủ công chứng - Giá 20tr500k - Địa chỉ : 24/6. Đ.TL44. P.thạnh lộc. Q12","Quận 12, Tp Hồ Chí Minh",Đã sử dụng,Xe máy điện,Unknown,2025,34000,20500000,Used,Hồ Chí Minh,2025.0,34000.0
1072,https://xe.chotot.com/mua-ban-xe-may/132906049.htm,2026-06-21 12:48:45,xe_may_dien,Xe máy điện Vento Neo 2025 Xám,33500000,PHẠM TUẤN MUA BÁN XE ĐIỆN,Vento Neo 8/2025 luớt 12000km đẹp lenkeng Lên phuộc YSS . Heo brembo Pin 3.5kw . Sạc đời mới 1000w Biển Sg chính chủ ký.. Zá 33.5tr,"Quận Tân Phú, Tp Hồ Chí Minh",Đã sử dụng,Xe máy điện,Unknown,2025,12000,33500000,Used,Hồ Chí Minh,2025.0,12000.0
1073,https://xe.chotot.com/mua-ban-xe-may/133008350.htm,2026-06-21 12:38:44,xe_may_dien,Xe máy điện Vento Neo 2025 Trắng 10000km,32500000,PHẠM TUẤN MUA BÁN XE ĐIỆN,Vento neo 2025 odo 10000km lenkeng Chính chủ ký . Lun pin 3.5kw . Zá 32.5tr Mua xe điện cũ giá cao.,"Quận Tân Phú, Tp Hồ Chí Minh",Đã sử dụng,Xe máy điện,Unknown,2025,10000,32500000,Used,Hồ Chí Minh,2025.0,10000.0
1074,https://xe.chotot.com/mua-ban-xe-may/132680765.htm,2026-06-21 12:28:48,xe_may_dien,Xe máy điện VinFast Theon S Trắng,52000000,PHẠM TUẤN MUA BÁN XE ĐIỆN,Theon S lun pin biển SG chính chủ Lun pin + sạc . Zá 52tr Mua xe điện cũ giá cao thu xăng đổi điện.,"Quận Tân Phú, Tp Hồ Chí Minh",Đã sử dụng,Xe máy điện,Unknown,2024,14000,52000000,Used,Hồ Chí Minh,2024.0,14000.0
1075,https://xe.chotot.com/mua-ban-xe-may/133102932.htm,2026-06-21 12:22:42,xe_may_dien,Xe máy điện VinFast Feliz S 2025 Bạc 10.000 km,26500000,PHẠM TUẤN MUA BÁN XE ĐIỆN,Feliz S date 2025 chính chủ ký Odo 10 ngàn hơn Zá 26.5tr Mua xe điện cũ giá cao .,"Quận Tân Phú, Tp Hồ Chí Minh",Đã sử dụng,Xe máy điện,Unknown,2025,10000,26500000,Used,Hồ Chí Minh,2025.0,10000.0
1076,https://xe.chotot.com/mua-ban-xe-may/133102904.htm,2026-06-21 12:20:57,xe_may_dien,"Xe máy điện VinFast Feliz 2025 Trắng, Đen 2 pin",30500000,PHẠM TUẤN MUA BÁN XE ĐIỆN,Nợ xấu đưa trc 30% Feliz 2025 lun 2 pin + sạc Chính chủ ký . Xe lướt đẹp keng Zá 30tr500 Mua xe điện cũ giá cao.,"Quận Tân Phú, Tp Hồ Chí Minh",Đã sử dụng,Xe máy điện,Unknown,2025,7000,30500000,Used,Hồ Chí Minh,2025.0,7000.0
1077,https://xe.chotot.com/mua-ban-xe-may/133102898.htm,2026-06-21 12:20:44,xe_may_dien,Xe máy điện Pega S Xám Việt Nam,25500000,PHẠM TUẤN MUA BÁN XE ĐIỆN,Pega S 4/2026 lướt keng như new 😍😍😍 Lên pin 72v55ah 1 lần sạc đi 120km Chính chủ ký biển SG Zá 25.5tr Mua xe điện cũ giá cao .,"Quận Tân Phú, Tp Hồ Chí Minh",Đã sử dụng,Xe máy điện,Unknown,2026,2000,25500000,Used,Hồ Chí Minh,2026.0,2000.0
1078,https://xe.chotot.com/mua-ban-xe-may/133102567.htm,2026-06-21 12:04:13,xe_may_dien,xe điện Zoomer Anbico,4800000,Nguyễn Sang,Chào bán Xe điện zoomer Anbico xe còn nguyên bản IC động cơ bao zin theo xe Xe chạy êm ko lỗi lầm,"Quận Hai Bà Trưng, Hà Nội",Đã sử dụng,Xe máy điện,Unknown,2023,1633,4800000,Used,Hà Nội,2023.0,1633.0
1079,https://xe.chotot.com/mua-ban-xe-may/133101431.htm,2026-06-21 11:11:40,xe_may_dien,Xe máy điện Wear++ 2023 Trắng 3.800km,29990000,nguyenchuyenpin,"@@@ Về trong đêm : - Wear++ 2023 Chính Chủ , bssg Giá : 29tr990 - Quantum S1 Chính Chủ , Bssg , Odo 3.800km Giá : 45tr990 Call : ***","Quận Tân Phú, Tp Hồ Chí Minh",Đã sử dụng,Xe máy điện,Unknown,2023,3800,29990000,Used,Hồ Chí Minh,2023.0,3800.0
1080,https://xe.chotot.com/mua-ban-xe-may/133101013.htm,2026-06-21 10:53:36,xe_may_dien,Xe máy điện VinFast EVO 200 2025 Xanh,20000000,Kero,"Xe máy điện VinFast EVO 200 pin 3.5kg màu xanh, sản xuất năm 2025. - Xe chính chủ, biển số TP. - Tình trạng xe zin, còn tốt. - Giá 20.000.000.","Quận Phú Nhuận, Tp Hồ Chí Minh",Đã sử dụng,Xe máy điện,Unknown,2025,20,20000000,Used,Hồ Chí Minh,2025.0,20.0
1081,https://xe.chotot.com/mua-ban-xe-may/131359985.htm,2026-06-21 10:47:07,xe_may_dien,Xe máy điện màu Đỏ mới lột keo,8700000,Yến,"Xe máy điện màu đỏ, thiết kế hiện đại, phù hợp cho cả nam và nữ. - Vận hành êm ái, tiết kiệm năng lượng. - Di chuyển linh hoạt trong đô thị. - Xe bền bỉ, ít hỏng vặt.","Quận Tân Phú, Tp Hồ Chí Minh",Đã sử dụng,Xe máy điện,Unknown,2025,12345,8700000,Used,Hồ Chí Minh,2025.0,12345.0
1082,https://xe.chotot.com/mua-ban-xe-may/133100449.htm,2026-06-21 10:29:22,xe_may_dien,Xe đạp điện Yadea 133 Super đen còn mới,3500000,Nguyen hiep,"Xe điện 133 Super màu đen, xe thanh lý do nhà chật. - Xe còn chạy tốt, ngoại hình còn mới. - Thích hợp đi lại hàng ngày.","Huyện Trảng Bom, Đồng Nai",Đã sử dụng,Xe máy điện,Unknown,2020,10000,3500000,Used,Đồng Nai,2020.0,10000.0
1083,https://xe.chotot.com/mua-ban-xe-may/133100031.htm,2026-06-21 10:13:38,xe_may_dien,Mua xe đạp điện YADEA chỉ cần đưa trước 10%,1200000,YADEA MINH CHÂU,"‼️Chỉ Cần Đưa Trước 10% Là Lấy Ngay Em Xe Đạp Điện Về🫶🏻 Kỳ Hạn 6-12 Tháng Vô Tư 📅 Thời gian áp dụng: Từ ngày 06/06/2026 đến hết ngày 31/07/2026 📍 HỆ THỐNG YADEA MINH CHÂU SÓC TRĂNG 📞 Hotline: *** 📍Địa chỉ: 127-129 Phú Lợi, Phường 2, Tp. Sóc Trăng 💳Có quẹt thẻ tín dụng ------------------ ✨Link tới cửa hàng trên google: #Yadeavietnam #yadeaminhchau #xemaydienthongminh #chatluongcao","Thành phố Sóc Trăng, Sóc Trăng",Mới,Xe máy điện,Unknown,2026,,1200000,New,Sóc Trăng,2026.0,
1084,https://xe.chotot.com/mua-ban-xe-may/133099599.htm,2026-06-21 09:54:42,xe_may_dien,"Xe máy điện VinFast 50cc, 70cc Đa dạng",13000000,ngọc thảo,"🚛 Xe VinFast mới về ngập showroom! Hàng mới về số lượng lớn, đủ màu, đủ phiên bản! 🔥 Giảm 16% xe 50cc 🔥 Giảm 8% xe 70cc 🔥Quà tặng kèm giá trị • Trả góp 0đ 💥 Giá *** trong đợt ưu đãi này – nhanh tay sở hữu trước khi hết chương trình! 📍 Inbox em ngay để được báo giá và nhận quà tặng hấp dẫn. Lh zalo : ***📞","Thành phố Thuận An, Bình Dương",Mới,Xe máy điện,Unknown,2025,,13000000,New,Bình Dương,2025.0,
1085,https://xe.chotot.com/mua-ban-xe-may/133099116.htm,2026-06-21 09:33:03,xe_may_dien,Xe máy điện VinFast Evo200 Đen đã qua sử dụng,21000000,Thanh,"Xe máy điện VinFast Evo200 màu đen, đã qua sử dụng. - Xe còn hoạt động tốt, ngoại hình còn đẹp. - Thiết kế hiện đại, di chuyển êm ái. - Phù hợp đi lại hàng ngày.","Quận Bình Tân, Tp Hồ Chí Minh",Đã sử dụng,Xe máy điện,Unknown,2024,70000,21000000,Used,Hồ Chí Minh,2024.0,70000.0
1086,https://xe.chotot.com/mua-ban-xe-may/131932170.htm,2026-06-21 09:17:27,xe_may_dien,Xe máy điện VinFast Evo Grand Lite,3500000,Lê Hiếu Điện Máy Trả Góp,"Xe máy điện VinFast Evo Grand Litemàu xám, thiết kế hiện đại, vận hành êm ái. - ZÁ GÓP BAO NỢ XẤU - KHÔNG QUA NGÂN HÀNG - Động cơ mạnh mẽ, quãng đường di chuyển xa. - Tiết kiệm chi phí, thân thiện môi trường. - Xe sẵn sàng sử dụng.","Quận 11, Tp Hồ Chí Minh",Mới,Xe máy điện,Unknown,2026,,3500000,New,Hồ Chí Minh,2026.0,
1087,https://xe.chotot.com/mua-ban-xe-may/132947970.htm,2026-06-21 08:13:07,xe_may_dien,Xe máy điện Vespa Dk 2023 40-45km,8200000,XE ĐIỆN HUY BẢO ,BÁN XE MÁY ĐIỆN cũ Vespa Đk Giá:8tr200 Bình khoẻ 40km/1 sạc Đk 2023 biển số Đồng Nai xe ở Cầu Vượt Sóng Thần quốc lộ 1A ☎️LH: *** Có đổi xe điện cũ các loại,"Thành phố Dĩ An, Bình Dương",Đã sử dụng,Xe máy điện,Unknown,2022,6789,8200000,Used,Bình Dương,2022.0,6789.0
1088,https://xe.chotot.com/mua-ban-xe-may/132879719.htm,2026-06-21 07:21:29,xe_may_dien,Xe máy điện M133 màu Đen đỏ Mới 100%,5900000,THUCŨĐỔIMỚIXEĐIỆN,"===>TẶNG (REMOTE CHỐNG TRỘM 3 trong 1 ĐIỀU KHIỂN XE THÔNG MINH,SẠC ĐA NĂNG 2 CHẾ ĐỘ VỪA ĐI VỪA SẠC )))TRỊ GIÁ 4000K ===>XE MỚI 100% BẢO HÀNH TẬN NHÀ 1 NĂM ==>MÀN HÌNH LED HIỂN THỊ NHIỆT ĐỘ,VẬN TỐC ====>(SẠC NHANH TRONG VÒNG 2 tiếng))!! ====> XE SỬ DỤNG IC ĐÚC CHẤT LƯỢNG CAO! GIAO HÀNG TOÀN QUỐC CÁC TỈNH LÂN CẬN!! KÍNH MỜI ANH CHỊ ĐẾN SỐ","Quận Bình Tân, Tp Hồ Chí Minh",Mới,Xe máy điện,Unknown,2026,,5900000,New,Hồ Chí Minh,2026.0,
1089,https://xe.chotot.com/mua-ban-xe-may/132888550.htm,2026-06-20 23:24:50,xe_may_dien,Xe máy điện Vespa LX150 Hồng,8600000,Xe điện Bình Phương,"VP277 ✅ Xe máy điện Vespa lx150 hồng cực nét ắc quy siêu lướt 2026 giá 8tr6 ➡️ Đủ giấy tờ đăng ký biển ➡️40-50km/ lần sạc ➡️Lắp ắc quy mới hỗ trợ giá 50% ➡️ Hình thức đẹp nét, xe chắc chắn, xe đã bảo dưỡng toàn bộ ➡️ full chức năng, đủ phụ kiện, bảo hành dài, ship toàn quốc ☎️ *** (zalo,fb,mess) có trả góp 📌 Cửa hàng xe điện Bình Phương, sn 15 ngõ 195/91 Trần Cung, Hà Nội","Quận Cầu Giấy, Hà Nội",Đã sử dụng,Xe máy điện,Unknown,2021,600,8600000,Used,Hà Nội,2021.0,600.0
1090,https://xe.chotot.com/mua-ban-xe-may/133095237.htm,2026-06-20 21:33:56,xe_may_dien,Xe máy điện NISPA Limited Xanh đen,9000000,Lưu Nguyên,bán xe máy điện vespa giấy tờ đầy đủ như trên ảnh,"Quận 12, Tp Hồ Chí Minh",Đã sử dụng,Xe máy điện,Unknown,2020,1012,9000000,Used,Hồ Chí Minh,2020.0,1012.0
1091,https://xe.chotot.com/mua-ban-xe-may/132466837.htm,2026-06-20 20:45:41,xe_may_dien,Xe điện học sinh Yadea Vekoo 2026 Trắng,11800000,Xe Điện Lướt Sài Gòn,"🔥 Yadea Vekoo 2026 - siêu lướt odo 1000km 🔥 📌 Xe điện học sinh, không cần bằng lái 📌 Odo 1000km ----------------------- 💚 Xe Điện Lướt Sài Gòn – Chuyên mua bán xe máy điện đã qua sử dụng tại TP.HCM ✅ Có trả góp – Cà thẻ – Giao tận nhà 📍 118A Chiến Lược, P. Bình Trị Đông, TP.HCM","Quận Bình Tân, Tp Hồ Chí Minh",Đã sử dụng,Xe máy điện,Unknown,2026,1000,11800000,Used,Hồ Chí Minh,2026.0,1000.0
1092,https://xe.chotot.com/mua-ban-xe-may/132525614.htm,2026-06-20 20:35:41,xe_may_dien,Xe máy điện VinFast Motio 2025 Trắng,9500000,Xe Điện Lướt Sài Gòn,"🔥 XE ĐIỆN KHÔNG CẦN BẰNG LÁI VINFAST MOTIO – 2025 – BSTP CHÍNH CHỦ 🔥 📌 BSTP – date 2025 – chính chủ 📌 ODO 7000km 📍 118A Chiến Lược, P. Bình Trị Đông, TP.HCM","Quận Bình Tân, Tp Hồ Chí Minh",Đã sử dụng,Xe máy điện,Unknown,2025,7000,9500000,Used,Hồ Chí Minh,2025.0,7000.0
1093,https://xe.chotot.com/mua-ban-xe-may/132468403.htm,2026-06-20 20:25:41,xe_may_dien,Xe điện không cần bằng lái Yadea iCandy 2026 Xám,12800000,Xe Điện Lướt Sài Gòn,"🔥 Yadea iCandy - 2026 - siêu lướt odo 300km 🔥 📌 Date 2026 📌 Odo 300km ----------------------- 💚 Xe Điện Lướt Sài Gòn – Chuyên mua bán xe máy điện đã qua sử dụng tại TP.HCM ✅ Có trả góp – Cà thẻ – Giao tận nhà 📍 118A Chiến Lược, P. Bình Trị Đông, TP.HCM","Quận Bình Tân, Tp Hồ Chí Minh",Đã sử dụng,Xe máy điện,Unknown,2025,700,12800000,Used,Hồ Chí Minh,2025.0,700.0
1094,https://xe.chotot.com/mua-ban-xe-may/133093799.htm,2026-06-20 19:47:24,xe_may_dien,Xe máy điện Yadea i8 Trắng kem <1000km 90-95% mới,9500000,Lê vĩnh hoàng,"yadea i8 chính hãng, xe chạy được 1 năm chưa tới 1000km. Còn bảo hành đầy đủ, xe còn đẹp 90-95%. Cháu đủ tuổi nên đổi xe khác. Lúc mua 14tr.","Thành phố Huế, Thừa Thiên Huế",Đã sử dụng,Xe máy điện,Unknown,2025,900,9500000,Used,Huế,2025.0,900.0
1095,https://xe.chotot.com/mua-ban-xe-may/132725151.htm,2026-06-20 19:37:47,xe_may_dien,Xe máy điện v1 Mới 100%,6000000,Thư Thư,"Em thanh lí mới 100% , kèm giỏ + ghế em bé như hình ạ Giá : 6trchưa kèm bình ạ ✅ Gò Vấp-Tphcm","Quận Gò Vấp, Tp Hồ Chí Minh",Mới,Xe máy điện,Unknown,2025,,6000000,New,Hồ Chí Minh,2025.0,
1096,https://xe.chotot.com/mua-ban-xe-may/133091675.htm,2026-06-20 17:30:08,xe_may_dien,"Xe máy điện Yadea V1 Hồng, Vàng đồng",12990000,Minh Nhựt,V1 hottrend giá tốt. Xe mới bảo hành 12 tháng. Giao xe tận nơi khu vực TPHCM. Có ship code toàn quốc.,"Huyện Hóc Môn, Tp Hồ Chí Minh",Mới,Xe máy điện,Unknown,2026,,12990000,New,Hồ Chí Minh,2026.0,
1097,https://xe.chotot.com/mua-ban-xe-may/130448541.htm,2026-06-20 17:27:56,xe_may_dien,Xe máy điện BEFOREALL BF 26,22500000,  CỬA HÀNG XE MÁY PHƯỚC THỌ,"Xe máy Phước Thọ 402 Luỹ Bán Bích P hoà thạnh q tân phú, cần bán xe máy điện BEFOREALL BF26, mẫu mới 6bình , 72V 1500W mới 100 %, có hỗ trợ trả góp qua ngân hàng lãi xuất thấp, trả góp Cà thẻ tín dụng lãi xuất thấp, có thu mua trao đổi các loại xe,","Quận Tân Phú, Tp Hồ Chí Minh",Mới,Xe máy điện,Unknown,2026,,22500000,New,Hồ Chí Minh,2026.0,
1098,https://xe.chotot.com/mua-ban-xe-may/133015959.htm,2026-06-20 17:01:27,xe_may_dien,Xe đạp điện Yadea màu Đen đã sử dụng,4000000,Đông,xe điện như ảnh xe mới thấy bình chạy khá ngon ae mua được giá inbox mình thank xe đang sử dụng. mua giá nàoninbox mình,"Quận Gò Vấp, Tp Hồ Chí Minh",Đã sử dụng,Xe máy điện,Unknown,2023,54636,4000000,Used,Hồ Chí Minh,2023.0,54636.0
1099,https://xe.chotot.com/mua-ban-xe-may/133090017.htm,2026-06-20 16:19:40,xe_may_dien,Xe máy điện Vespa Dibao zin sịn khoẻ,7400000,Duy Hưng,"Xe máy điện Vespa Dibao sịn đẹp, zin ngon và đầy đủ. Acquy đi tầm 40-50km, đèn còi đầy đủ, phanh ăn. Ai cần hãy gọi","Quận Nam Từ Liêm, Hà Nội",Đã sử dụng,Xe máy điện,Unknown,2020,9999,7400000,Used,Hà Nội,2020.0,9999.0
1100,https://xe.chotot.com/mua-ban-xe-may/133089239.htm,2026-06-20 15:48:21,xe_may_dien,"Xe máy điện Vinfast Vento ABS 2025 thường,bstp59",27800000,Gái út ,"ra đi e Vinfast vento abs 2025 bản thường zin nguyên bản odo 52 ngàn xe rất đẹp mới nha 2 pin tầm 100km 1 lần sạc(pin có thể tháo rời sạc chung cư dc) kèm remote thông minh+ sạc 800w tầm 4 5h đầy 2 pin Xe bstp cavet đầy đủ hợp lệ có căn cước công dân,chữ kí chủ xe,Xe mình mua lại tiệm cầm đồ nên chỉ bảo tranh chấp giáo cavet xe. Xe còn Bảo hành xe và Pin theo hãng vinfast","Quận 12, Tp Hồ Chí Minh",Đã sử dụng,Xe máy điện,Unknown,2025,52000,27800000,Used,Hồ Chí Minh,2025.0,52000.0
1101,https://xe.chotot.com/mua-ban-xe-may/133089215.htm,2026-06-20 15:46:50,xe_may_dien,Xe máy điện VinFast Evo 200 Đen,21000000,cô xuân,"Xe máy điện VinFast Evo 200 màu đen, đã qua sử dụng. - Động cơ 2.5 kw mạnh mẽ, vận hành êm ái. - Biển số 59NA-284.43(T). - Thiết kế hiện đại, phù hợp di chuyển trong thành phố.","Quận Bình Tân, Tp Hồ Chí Minh",Đã sử dụng,Xe máy điện,Unknown,2024,70000,21000000,Used,Hồ Chí Minh,2024.0,70000.0
1102,https://xe.chotot.com/mua-ban-xe-may/133089097.htm,2026-06-20 15:41:22,xe_may_dien,có 3 Xe máy điện Vespa,6500000,Xe điện TRI TÔN ,"Còn mấy con Vespa đẹp long lanh. Xe kiểu dáng thời trang. Động cơ, acquy bao mạnh. Thích hợp các em học sinh, các cô các chị. Giá bao tốt cho anh em.","Huyện Tri Tôn, An Giang",Đã sử dụng,Xe máy điện,Unknown,2022,12000,6500000,Used,An Giang,2022.0,12000.0
1103,https://xe.chotot.com/mua-ban-xe-may/133089067.htm,2026-06-20 15:40:20,xe_may_dien,Xe máy điện Yadea Trắng 5 bình lớn,8500000,Xe điện TRI TÔN ,"Chinh hãng Yadea .Dòng xe cao cấp chạy 5 acquy lớn .. Xe bao đẹp, mạnh, cực kỳ thời trang. Các em học sinh, các cô các chị chạy bao xinh. Xe bao giá tốt cho anh em.","Huyện Tri Tôn, An Giang",Đã sử dụng,Xe máy điện,Unknown,2023,12000,8500000,Used,An Giang,2023.0,12000.0
1104,https://xe.chotot.com/mua-ban-xe-may/133088786.htm,2026-06-20 15:27:33,xe_may_dien,Xe máy điện Piaggio Vespa Nữ acquy 5,4800000,Xe điện TRI TÔN ,"Vespa trắng đẹp như hình. 5 acquy bao mạnh. Kiểu dáng thích hợp các em nữ sinh, các cô,các chị. Bao xinh. Giá tốt cho anh em","Huyện Tri Tôn, An Giang",Đã sử dụng,Xe máy điện,Unknown,2021,15000,4800000,Used,An Giang,2021.0,15000.0
1105,https://xe.chotot.com/mua-ban-xe-may/133063305.htm,2026-06-20 15:20:04,xe_may_dien,Xe máy điện Vespa 2023 Trắng,8500000,Trung Đồ Cũ,Vespa điện đời cao 2023 đèn vuông Động cơ ic zin chạy êm tít Bình khỏe thay cuối 2025 giấy tờ đầy đủ Thanh lý 8 tr 500k cho các cháu về đi học,"Thành phố Nam Định, Nam Định",Đã sử dụng,Xe máy điện,Unknown,2023,8888,8500000,Used,Nam Định,2023.0,8888.0
1106,https://xe.chotot.com/mua-ban-xe-may/133034412.htm,2026-06-20 15:04:03,xe_may_dien,VENTOS LƯỚT 6900 CHÍNH CHỦ,55000000,Tên chưa cung cấp,ventos chính chủ biển số sài gòn đăng ký lần đầu 2024 bh dài 2029,"Quận Tân Phú, Tp Hồ Chí Minh",Đã sử dụng,Xe máy điện,Unknown,2022,6900,55000000,Used,Hồ Chí Minh,2022.0,6900.0
1107,https://xe.chotot.com/mua-ban-xe-may/133073156.htm,2026-06-20 14:56:03,xe_may_dien,Xe máy điện YADEA TALG BEF trắng mới 100% BH 1 năm,3000000,THUCŨĐỔIMỚIXEĐIỆN,XE MÁY ĐIỆN GIÁ TẬN XƯỞNG MỚI 100% CÒN BH BÌNH SẠC ĐẦY ĐỦ BẢO HÀNH DÀI HẠN ZALO-GỌI TRỰC TIẾP *** XE ĐẸP NHƯ HÌNH,"Quận Bình Tân, Tp Hồ Chí Minh",Mới,Xe máy điện,Unknown,2026,,3000000,New,Hồ Chí Minh,2026.0,
1108,https://xe.chotot.com/mua-ban-xe-may/133073116.htm,2026-06-20 14:27:01,xe_may_dien,Xe máy điện VinFast FELIZ II 2026 Xám Việt Nam,2000000,gia long,Bán xe Vin FELIZ II mới đăng ký tháng 5 -2026 xe như mới biển HN 29 AG - 15824,"Quận Hoàng Mai, Hà Nội",Đã sử dụng,Xe máy điện,Unknown,2026,100,2000000,Used,Hà Nội,2026.0,100.0
1109,https://xe.chotot.com/mua-ban-xe-may/133086789.htm,2026-06-20 13:58:37,xe_may_dien,Xe điện Royzer Z3 màu Hồng,8500000,Thang mai,Bán xe điện z3 5 binh lớn còn tốt đẹp ko hư hỏng gì cả ! Mua về là chạy ai cầm alo,"Quận 12, Tp Hồ Chí Minh",Đã sử dụng,Xe máy điện,Unknown,2015,123456,8500000,Used,Hồ Chí Minh,2015.0,123456.0
1110,https://xe.chotot.com/mua-ban-xe-may/133086230.htm,2026-06-20 13:31:32,xe_may_dien,Xe máy điện VinFast Feliz 2025 Trắng/Xanh oliu,24300000,Hạ,"HCM e có suất mua xe feliz 2025 giá tốt, sẵn 2 màu trắng/ xanh oliu nhận xe tại đại lý Vin3s chính hãng. Xe mới xuất hoá đơn chính chủ","Quận Tân Bình, Tp Hồ Chí Minh",Mới,Xe máy điện,Unknown,2025,,24300000,New,Hồ Chí Minh,2025.0,
1111,https://xe.chotot.com/mua-ban-xe-may/133086198.htm,2026-06-20 13:29:57,xe_may_dien,Xe máy điện VinFast Impess Đỏ Mới,8500000,Mỹ ,"cần bán xe máy điện vinfast impess, còn mới ,chạy em ,pin sạc đầy đủ","Huyện Hòa Vang, Đà Nẵng",Mới,Xe máy điện,Unknown,2021,,8500000,New,Đà Nẵng,2021.0,
1112,https://xe.chotot.com/mua-ban-xe-may/133086166.htm,2026-06-20 13:28:19,xe_may_dien,Xe máy điện VinFast Feliz S 2024 Trắng 15000 km,29500000,Dung,"Feliz S 2024 chính chủ Odo 15 K Km Giá 29.5 tr Pin sạc mua đứt Hỗ trợ trả góp, bao no xấu 🏠Xem trực tiếp quận bình tân 📞Dung: *** Tư Vấn Nhanh ZALO: *** Lưu ý: Có thu mua - giao đổi- thu xe máy đổi xe điện giá tốt...","Quận Bình Tân, Tp Hồ Chí Minh",Đã sử dụng,Xe máy điện,Unknown,2024,15000,29500000,Used,Hồ Chí Minh,2024.0,15000.0
1113,https://xe.chotot.com/mua-ban-xe-may/116525470.htm,2026-06-20 13:18:47,xe_may_dien,xe điện DatBike & Quantum,20500000,Chú Minh,"Cần thu+mua Datbike weaver 200 hoặc Quantum, xe lướt mới 80 % ,BSTP hay số Tỉnh ngay chủ ,chúng tôi cần mua có Công chứng , xe BSTP hay BS tỉnh ngay chủ muốn bán xin gọi trước 20 phút tại hẻm 71 đường Cô Bắc, phường Cô Giang Q1,gần chung cư Novaland Q1, thanks .","Quận 1, Tp Hồ Chí Minh",Đã sử dụng,Xe máy điện,Unknown,2023,12345,20500000,Used,Hồ Chí Minh,2023.0,12345.0
1114,https://xe.chotot.com/mua-ban-xe-may/133085954.htm,2026-06-20 13:18:32,xe_may_dien,Xe điện DK Bike màu Đen,3500000,minh tien dau,xe điện dk bike còn tốt nhưng không có nhu cầu sài muốn thanh lý,"Huyện Hòa Vang, Đà Nẵng",Đã sử dụng,Xe máy điện,Unknown,2021,20000,3500000,Used,Đà Nẵng,2021.0,20000.0
1115,https://xe.chotot.com/mua-ban-xe-may/133085948.htm,2026-06-20 13:18:23,xe_may_dien,Xe máy điện VinFast Evo200 2024 Đen 20000 km,15000000,Thành ,evo200 15tr 2024 đã chạy 20k km *** vĩnh thạnh,"Thành phố Nha Trang, Khánh Hòa",Đã sử dụng,Xe máy điện,Unknown,2024,20000,15000000,Used,Khánh Hòa,2024.0,20000.0
1116,https://xe.chotot.com/mua-ban-xe-may/133085947.htm,2026-06-20 13:18:20,xe_may_dien,Xe máy điện VinFast Feliz 2025 Trắng 6000km,29500000,bé út ,Cần bán feliz 2025 2pin odo siu lướt 6000km còn bảo hành hãng 8 năm mới keng ko một vết xước Giá cần bán 29tr5. Có bớt cho ae nhanh gọn Chính chủ kí công chứng hay ủy quyền đều được.,"Huyện Hòa Thành, Tây Ninh",Đã sử dụng,Xe máy điện,Unknown,2025,6000,29500000,Used,Tây Ninh,2025.0,6000.0
1117,https://xe.chotot.com/mua-ban-xe-may/133060325.htm,2026-06-20 13:06:27,xe_may_dien,Xe máy điện Yadea Oris Trắng,18000000,Thiên Thư,"Xe máy điện Yadea Oris bstp màu trắng, thiết kế hiện đại, phù hợp cho cả nam và nữ. - Xe vận hành êm ái, tiết kiệm năng lượng. - Trang bị nhiều tính năng tiện ích. - Xe mới, ít sử dụng. Fix mạnh tay cho ai lẹ làng","Huyện Hóc Môn, Tp Hồ Chí Minh",Đã sử dụng,Xe máy điện,Unknown,2024,4000,18000000,Used,Hồ Chí Minh,2024.0,4000.0
1118,https://xe.chotot.com/mua-ban-xe-may/133000405.htm,2026-06-20 12:29:44,xe_may_dien,Xe máy điện VinFast Evo Lite Neo Đen mới,13800000,Xe Điện Kim Thảo,- Evo Lite Neo Mới 100% - Học sinh trên 16t đi ko cần bằng lái - 5 Bình acquy đi 50-60km/lần sạc - Giá 13tr 800k - Bao xuất hoá đơn - Địa chỉ : 24/6. Đ.TL44. P.thạnh lộc. Q12,"Quận 12, Tp Hồ Chí Minh",Mới,Xe máy điện,Unknown,2025,,13800000,New,Hồ Chí Minh,2025.0,
1119,https://xe.chotot.com/mua-ban-xe-may/133084269.htm,2026-06-20 11:49:32,xe_may_dien,Xe máy điện DIBAO màu Đen,6500000,Thuy Vi Nguyen,Xe máy điện giá tốt nhãn hiệu DIBAO Màu sơn Đen số khung EK5YLAF04254 số loại PANSYS Dung tích 1.50KW Biển số đăng ký 41MĐ1-568.01,"Quận 11, Tp Hồ Chí Minh",Đã sử dụng,Xe máy điện,Unknown,2020,10418,6500000,Used,Hồ Chí Minh,2020.0,10418.0
1120,https://xe.chotot.com/mua-ban-xe-may/133082664.htm,2026-06-20 10:52:44,xe_may_dien,Xe máy điện Xmen đỏ đã qua sử dụng,3700000,XE ĐIỆN HUY BẢO ,"Thanh lý: xe máy điện Xmen: 3tr700 cho AE về Dọn lại, Xmen Cavet biển số,có 5 Bình HƯ ,Xe chạy êm zin xe ở Cầu Vượt Sóng Thần quốc lộ 1A ☎️LH: ***","Thành phố Thủ Đức, Tp Hồ Chí Minh",Đã sử dụng,Xe máy điện,Unknown,2019,9876,3700000,Used,Hồ Chí Minh,2019.0,9876.0
1121,https://xe.chotot.com/mua-ban-xe-may/133034485.htm,2026-06-20 10:44:57,xe_may_dien,Xe máy điện VinFast EVO Grand 2026.ODO 3000km,18500000,Chị út,"Xe Máy Điện Vifast EVO Grand Đời2026.1 Pin Mua Đứt.1 Lần Sạc Chạy được 100km.Xe Biển 60. Chính Chủ mới mua chính hãng được 3 tháng.Xe còn rất mới.Chạy được 3000km.Còn mới 99,9%.Sơn áo không trầy xước.Chính Chủ bán xe tại nhà.Giấy tờ Công Chứng Sang Tên hợp lệ.","Quận Tân Phú, Tp Hồ Chí Minh",Đã sử dụng,Xe máy điện,Unknown,2026,3000,18500000,Used,Hồ Chí Minh,2026.0,3000.0
1122,https://xe.chotot.com/mua-ban-xe-may/133081407.htm,2026-06-20 10:04:49,xe_may_dien,Xe máy điện VinFast Amio Xám Mới 9km,10200000,Thủy Nguyên ,"Xe máy điện VinFast Amio màu xám, mới tinh, mới đi 9km. - Xe còn rất mới, chưa đăng ký. - Thích hợp cho học sinh. - Giá yêu thương.xe mình mua cho con mà chưa đủ tuổi đi","Thành phố Thủ Đức, Tp Hồ Chí Minh",Mới,Xe máy điện,Unknown,2026,9,10200000,New,Hồ Chí Minh,2026.0,9.0
1123,https://xe.chotot.com/mua-ban-xe-may/132982844.htm,2026-06-20 09:23:39,xe_may_dien,"Xe điện VinFast Ludo Đỏ, Đen đã sử dụng",7800000,cầm đồ hoàng lạc,"Xe điện ludo bán hình trên , giấy tờ đầy đủ , xe đẹp pin tốt anh chị mua alo em .","Quận Gò Vấp, Tp Hồ Chí Minh",Đã sử dụng,Xe máy điện,Unknown,2020,2179,7800000,Used,Hồ Chí Minh,2020.0,2179.0
1124,https://xe.chotot.com/mua-ban-xe-may/133053750.htm,2026-06-20 08:09:28,xe_may_dien,Xe máy điện Victoria V38-PRO 2025 Xám 3500 km,14800000,Cửa hàng xe Đức Mạnh,"Em cần bán chiếc xe máy điện xe 2025 Odo 3,500km em bao công chứng Ace quan tâm lh *** 👉 Em muốn đổi qua xe 50cc anh chị em có chiếc xe ga kimco em trao đổi bù trừ. Xem xe: 1141 Đường Tỉnh Lộ 10 Phường Tân Tạo Quận Bình Tân","Quận Bình Tân, Tp Hồ Chí Minh",Đã sử dụng,Xe máy điện,Unknown,2025,3500,14800000,Used,Hồ Chí Minh,2025.0,3500.0
1125,https://xe.chotot.com/mua-ban-xe-may/133078541.htm,2026-06-20 07:16:50,xe_may_dien,Xe máy điện VinFast Evo Grand Lite Trắng,14500000,Nguyễn,Thanh lý Evo grand lite trắng 14tr500 xe mới kem pin 1.2 chưa biển số đang bán cửa hàng,"Quận Bình Thạnh, Tp Hồ Chí Minh",Mới,Xe máy điện,Unknown,2026,,14500000,New,Hồ Chí Minh,2026.0,
1126,https://xe.chotot.com/mua-ban-xe-may/133078452.htm,2026-06-20 07:10:20,xe_may_dien,Xe máy điện Vespa Đen 30-40km/sạc mới thay pin,6000000,Sơn,"BÁN XE MÁY ĐIỆN VESPA ĐEN - 1 lần sạc đi được 30-40km - ắc quy tốt mới thay được nửa năm - phù hợp cho hssv, nội trợ đi trong nội đô D/c ngõ 75 Trần Quang Diệu, Đống Đa, Hn Giá: 6.5tr (có thương lượng)","Quận Đống Đa, Hà Nội",Đã sử dụng,Xe máy điện,Unknown,2019,5000,6000000,Used,Hà Nội,2019.0,5000.0
1127,https://xe.chotot.com/mua-ban-xe-may/132793364.htm,2026-06-19 23:42:01,xe_may_dien,Xe máy điện Vespa Đen đủ giấy tờ,8700000,Xe điện Bình Phương,"VP272 ✅ Xe máy điện Vespa cực nét ắc quy siêu lướt giá 8tr7 ➡️ Đủ giấy tờ đăng ký biển ➡️40-50km/ lần sạc ➡️Lắp ắc quy mới hỗ trợ giá 50% ➡️ Hình thức đẹp nét, xe chắc chắn, xe đã bảo dưỡng toàn bộ ➡️ full chức năng, đủ phụ kiện, bảo hành dài, ship toàn quốc ☎️ *** (zalo,fb,mess) có trả góp 📌 Cửa hàng xe điện Bình Phương, sn 15 ngõ 195/91 Trần Cung, Hà Nội","Quận Cầu Giấy, Hà Nội",Đã sử dụng,Xe máy điện,Unknown,2021,3652,8700000,Used,Hà Nội,2021.0,3652.0
1128,https://xe.chotot.com/mua-ban-xe-may/132733568.htm,2026-06-19 23:26:25,xe_may_dien,Xe máy điện Piaggio Vespa Xanh bơ,8500000,Xe điện Bình Phương,"VP270 ✅ Xe máy điện Vespa Xanh bơ ắc quy siêu lướt giá 8tr5 ➡️ Đủ giấy tờ đăng ký biển ➡️40-50km/ lần sạc ➡️Lắp ắc quy mới hỗ trợ giá 50% ➡️ Hình thức đẹp nét, xe chắc chắn, xe đã bảo dưỡng toàn bộ ➡️ full chức năng, đủ phụ kiện, bảo hành dài, ship toàn quốc ☎️ *** (zalo,fb,mess) có trả góp 📌 Cửa hàng xe điện Bình Phương, sn 15 ngõ 195/91 Trần Cung, Hà Nội","Quận Cầu Giấy, Hà Nội",Đã sử dụng,Xe máy điện,Unknown,2020,3695,8500000,Used,Hà Nội,2020.0,3695.0
1129,https://xe.chotot.com/mua-ban-xe-may/133033591.htm,2026-06-19 19:37:01,xe_may_dien,Xe máy điện Vinfast Vento Neo Đen bóng 17000 km,29000000,Trần Trí Tâm,"Cần bán Vinfast Vento neo đen bóng, chính chủ, bs tỉnh, odo 17k","Thành phố Thủ Đức, Tp Hồ Chí Minh",Đã sử dụng,Xe máy điện,Unknown,2025,17000,29000000,Used,Hồ Chí Minh,2025.0,17000.0
1130,https://xe.chotot.com/mua-ban-xe-may/132868543.htm,2026-06-19 18:54:59,xe_may_dien,Xe máy điện Yadea M6i 2022 Trắng bstp,8900000,phong,"cần bán xe yadea m6i xe điện cho học sinh và người ko bằng lái đi Yadea M6i bstp giấy tờ đầy đủ đk 2022 Xe đi 14.000km vừa đc bảo dưỡng thay bộ bình mới Tffar mới thay ở hãng yadea đi đc trên 60-70km/1 lần sạc. Mới thay cặp vỏ trước sau mới lun Xe mua về là đi thui. chạy ổn tốc độ 48km/h ,ko lỗi vặt Giá bán lh Xem xe aeon tân phú","Quận Tân Phú, Tp Hồ Chí Minh",Đã sử dụng,Xe máy điện,Unknown,2022,14000,8900000,Used,Hồ Chí Minh,2022.0,14000.0
1131,https://xe.chotot.com/mua-ban-xe-may/131731948.htm,2026-06-19 16:27:58,xe_may_dien,"🔥Cần BÁN XE ĐIỆN yadea đẹp keng, zin.",11900000,XE ĐIỆN CŨ SÓNG THẦN ,Cần bán xe máy điện dưới 50cc. Đang kí 2024.. càvet biển số 60..zin.đẹp keng .Mới chạy hơn 4 nghìn.Xem xe ngay gầm cầu vượt sóng thần.,"Thành phố Thủ Đức, Tp Hồ Chí Minh",Đã sử dụng,Xe máy điện,Unknown,2024,4200,11900000,Used,Hồ Chí Minh,2024.0,4200.0
1132,https://xe.chotot.com/mua-ban-xe-may/133065672.htm,2026-06-19 16:09:38,xe_may_dien,Xe máy điện Xmen Nữ Thể thao màu Đen,4100000,hoang trung,"Xe máy điện Xmen màu đen, kiểu dáng thể thao, phù hợp cho nữ. - Xe còn tốt, chạy êm. - Thiết kế cá tính, dễ điều khiển. - Xe đã được kiểm tra kỹ lưỡng.","Quận Hoàng Mai, Hà Nội",Đã sử dụng,Xe máy điện,Unknown,2022,60000,4100000,Used,Hà Nội,2022.0,60000.0
1133,https://xe.chotot.com/mua-ban-xe-may/133071695.htm,2026-06-19 16:05:38,xe_may_dien,Xe máy điện Xmen 2022 Đen,4000000,trần văn tuyên,"Xe máy điện Xmen đời 2022 màu đen, kiểu dáng thể thao, mạnh mẽ. - Xe còn mới, ít sử dụng. - Động cơ bền bỉ, vận hành êm ái. - Phù hợp di chuyển trong thành phố.","Quận Cầu Giấy, Hà Nội",Đã sử dụng,Xe máy điện,Unknown,2022,50000,4000000,Used,Hà Nội,2022.0,50000.0
1134,https://xe.chotot.com/mua-ban-xe-may/133070402.htm,2026-06-19 15:12:33,xe_may_dien,Xe máy điện NJOSHIMA X Đen 1100W Ắc quy,5800000,Quốc Trị,"Nhà thừa xe điện NJOSHIMA giấy tờ đầy đủ, sử dụng 5 bình ác quy to, đi được 40-50km/lần sạc.","Quận Hai Bà Trưng, Hà Nội",Đã sử dụng,Xe máy điện,Unknown,2018,3000,5800000,Used,Hà Nội,2018.0,3000.0
1135,https://xe.chotot.com/mua-ban-xe-may/133070332.htm,2026-06-19 15:10:45,xe_may_dien,Xe máy điện VinFast VeroX 2026 Trắng 3646.7 km,28500000,Dung,"✨️ VeroX 2026 1 Pin – Chính Chủ BSTP ✨️ ⚡ Xe đời mới, kiểu dáng thể thao cực đẹp ⚡ Chính chủ, giấy tờ đầy đủ, sang tên nhanh gọn ⚡ Pin zin theo xe, vận hành êm ái ⚡ Ngoại hình đẹp, sử dụng giữ gìn kỹ 💰 Giá chỉ: 28.5 triệu Hỗ trợ trả góp, bao no xấu 🏠Xem trực tiếp quận bình tân 📞Dung: *** Tư Vấn Nhanh ZALO: *** Lưu ý: Có thu mua - giao đổi- thu xe máy đổi xe điện giá tốt...","Quận Bình Tân, Tp Hồ Chí Minh",Đã sử dụng,Xe máy điện,Unknown,2026,0,28500000,Used,Hồ Chí Minh,2026.0,0.0
1136,https://xe.chotot.com/mua-ban-xe-may/133068890.htm,2026-06-19 14:28:43,xe_may_dien,Xe máy điện VinFast Klara S 2025 Xanh rêu,27500000,Nguyễn Văn Lợi,"Xe máy điện VinFast Klara S màu xanh rêu, đã đi 19.473 km. Date 7/2025 Bảo Hành : 2030 Chú Ý : Xe kí mua bán Bao thu hồi HS gốc - Xe thiết kế hiện đại, vận hành êm ái. - Phù hợp di chuyển trong thành phố. - Xe còn tốt, giữ gìn cẩn thận.","Quận 6, Tp Hồ Chí Minh",Đã sử dụng,Xe máy điện,Unknown,2025,19473,27500000,Used,Hồ Chí Minh,2025.0,19473.0
1137,https://xe.chotot.com/mua-ban-xe-may/133068882.htm,2026-06-19 14:18:23,xe_may_dien,Xe máy điện Yadea 36V Vàng mới,2800000,gốm sứ châu âu england,"Xe máy điện màu vàng, kiểu dáng thời trang, phù hợp cho cả nam và nữ. - Thiết kế hiện đại, dễ điều khiển. - Vận hành êm ái, tiết kiệm năng lượng. - Xe mới, ít sử dụng. xe đang chạy pin 36v anh chị em cần liên hệ giá 2800k xin cảm ơn","Huyện Bình Chánh, Tp Hồ Chí Minh",Mới,Xe máy điện,Unknown,2025,,2800000,New,Hồ Chí Minh,2025.0,
1138,https://xe.chotot.com/mua-ban-xe-may/133068829.htm,2026-06-19 14:16:17,xe_may_dien,Xe máy điện VinFast VeroX 1 Trắng 2898.2 km,29200000,Dung,"🔥 VeroX 1 Pin chính chủ BSTP ✅ Xe đẹp, vận hành ổn định ✅ Chính chủ, sang tên nhanh gọn 💰 Giá: 29.2 triệu 📞 Dung: *** 💬 Zalo: *** 🏠 Xem xe trực tiếp Quận Bình Tân 🔄 Hỗ trợ trả góp – bao nợ xấu – thu mua, giao đổi xe máy và xe điện.","Quận Bình Tân, Tp Hồ Chí Minh",Đã sử dụng,Xe máy điện,Unknown,2025,0,29200000,Used,Hồ Chí Minh,2025.0,0.0
1139,https://xe.chotot.com/mua-ban-xe-may/133067116.htm,2026-06-19 12:45:21,xe_may_dien,Xe đạp điện VinFast Đen,14000000,khôi,Đã trải nghiệm xong bán anh em trải nghiêm giá 14t,"Quận Lê Chân, Hải Phòng",Đã sử dụng,Xe máy điện,Unknown,2015,900,14000000,Used,Hải Phòng,2015.0,900.0
1140,https://xe.chotot.com/mua-ban-xe-may/132682291.htm,2026-06-19 12:38:11,xe_may_dien,Xe máy điện Kalara S2 2022 Xanh,23500000,Xuan Huong Nguyen,"Xe máy điện kalara S2 đời 2022 mới đi 11000km ,pin mua đức,còn bão hành chính hãng, phụ kiện đầy đủ ,ai cần thì liên hệ qua đt,xin lỗi không tiếp tin nhắn.Biển số tp Đà Nẵng.","Quận Hải Châu, Đà Nẵng",Đã sử dụng,Xe máy điện,Unknown,2022,11000,23500000,Used,Đà Nẵng,2022.0,11000.0
1141,https://xe.chotot.com/mua-ban-xe-may/133028015.htm,2026-06-19 12:06:36,xe_may_dien,Vinfast Evo Grand /2025,18000000,Xe Điện Kim Thảo,- Evo Grand - 1pin 2.4kw đi 80km/lần sạc - Odo 9k. đăng ký 09/2025 - Giấy tờ đầy đủ . Cửa hàng viết giấy bao tranh chấp - Giá 18triệu - Địa chỉ: 24/6. Đ.TL44. P.thạnh lộc. Q12,"Quận 12, Tp Hồ Chí Minh",Đã sử dụng,Xe máy điện,Unknown,2025,9000,18000000,Used,Hồ Chí Minh,2025.0,9000.0
1142,https://xe.chotot.com/mua-ban-xe-may/133064364.htm,2026-06-19 10:45:30,xe_may_dien,Xe máy điện Pega S+ 2023 Đỏ Ắc quy chì,17500000,Xe Điện Lam Anh,"Bán pega S+, đời 2023, chạy 6 bình đại 12v-32-38ah, bình còn khoản 60%, ngoại hình còn rất mới, còn dán keo nguyên chiếc, xe chính chủ, biển SG, xe hoạt động tốt. Xem xe gần chợ Hóc Môn","Huyện Hóc Môn, Tp Hồ Chí Minh",Đã sử dụng,Xe máy điện,Unknown,2023,12000,17500000,Used,Hồ Chí Minh,2023.0,12000.0
1143,https://xe.chotot.com/mua-ban-xe-may/133063698.htm,2026-06-19 10:21:43,xe_may_dien,"2 Chiếc Thoens 2025 , lên Pin 120ah , Chính Chủ",52000000,nguyenchuyenpin,"2 Chiếc Thoens Chính Chủ Giá Iu : 1. Theons 2025 , Bs Cần Thơ , 2 remote , Odo 6.500km , BH Pin 2034 nha . Giá : 52tr 2 . Thoens 2023 , Bs Trà Vinh , 2 Remote , Pin Calb 120ah ( làm hết 25tr ) . Thay Cục Máy New 9tr ( chưa chạy luôn ) . Sạc 15a Giá : 42tr 😚🥰🤪💁..........THU XĂNG ĐỔI ĐIỆN ĐỔI ĐỜI..........😍😄😄😄 - MÌNH CAM KẾT THU CAO HƠN NHỮNG CỬA HÀNG KHÁC 1 ĐẾN 2TR NHÉ . - CẦM XE MÁY _ XE ĐIỆN _ XE HƠI ĐIỆN _ LAPTOP _ LOA _ DÀN CDJ _ HIEND _ VÀNG _ HỘT XOÀN ...VV. GIÁ CAO ( CHÍNH CHỦ ) KỂ CẢ XE ĐANG CẦM NGÂN HÀNG . ĐỊNH GIÁ NGAY CÓ TIỀN SAU 19 PHÚT . - CHUYÊN ĐỘ PIN _ SỮA CHỮA_ TÂN TRANG CHO TẤT CẢ CÁC LOẠI XE ĐIỆN . - CHUYÊN LÀM GIẤY TỜ XE MÁY & XE HƠI TOÀN QUỐC ( RÚT GỐC + ĐK MỚI ) MỌI GIẤY TỜ XE KHÓ XÁC MINH GỐC - TUYỂN CTV BÁN XE + LIVE BÁN HÀNG 1TR / 1 CHIẾC TIỀN TƯƠI .( LƯƠNG CĂN BẢN 6TR ) . ........nguyenchuyenpin.com.......... ✅ 𝐂Ó 𝐓𝐑Ả 𝐆Ó𝐏 – 𝐂À 𝐓𝐇Ẻ – 𝐆𝐈𝐀𝐎 𝐓Ậ𝐍 𝐍𝐇À ✅ 𝐍Ợ 𝐗Ấ𝐔 𝐁𝐀𝐎 ĐẬ𝐔 𝟏𝟎𝟎% ✅ 𝐂𝐀𝐌 𝐊Ế𝐓 𝐗𝐄 𝐓𝐇Ậ𝐓 – 𝐆𝐈Á 𝐓𝐇Ậ𝐓 – 𝐁Ả𝐎 𝐇À𝐍𝐇 𝐌𝐈𝐍𝐇 𝐁Ạ𝐂𝐇 😛ĐỊA CHỈ : 21 Nguyễn Súy . Phú Thọ Hoà ( Tân Phú Cũ ) . 😭🤪🥵😉 Time Mở Cửa : 6Am _ 24Pm ☎ *** ☎ 📢 QUÝ KHÁCH VUI LÒNG GỌI TRƯỚC KHI QUA . XIN CÁM ƠN QUÝ KHÁCH ĐÃ QUAN TÂM .","Quận Tân Phú, Tp Hồ Chí Minh",Đã sử dụng,Xe máy điện,Unknown,2025,6500,52000000,Used,Hồ Chí Minh,2025.0,6500.0
1144,https://xe.chotot.com/mua-ban-xe-may/133063679.htm,2026-06-19 10:21:18,xe_may_dien,VinFast Klara S 2022 Xám 40-50KM/sạc,14500000,Xe Điện Lam Anh,"Bán Klara S màu xám, đời 2022, dàn áo có trầy xước chúc, 1 pin hãng, xạc hãng, xe hoạt động tốt, pin còn khỏe 40-50KM/sạc, biển MĐ 41, giấy tờ đầy đủ. Xem xe gần chợ Hóc Môn","Huyện Hóc Môn, Tp Hồ Chí Minh",Đã sử dụng,Xe máy điện,Unknown,2022,30000,14500000,Used,Hồ Chí Minh,2022.0,30000.0
1145,https://xe.chotot.com/mua-ban-xe-may/132955132.htm,2026-06-19 09:33:17,xe_may_dien,BÁN XE MÁY ĐIỆN cũ Vespa Đk Giá:8tr200 Bình khoẻ 4,8200000,XE ĐIỆN HUY BẢO ,BÁN XE MÁY ĐIỆN cũ Vespa Đk Giá:8tr200 Bình khoẻ 40km/1 sạc Đk 2023 biển số Đồng Nai xe ở Cầu Vượt Sóng Thần quốc lộ 1A ☎️LH: *** Có đổi xe điện cũ các loại👍👍👍👍👍👍,"Thành phố Thủ Đức, Tp Hồ Chí Minh",Đã sử dụng,Xe máy điện,Unknown,2023,0,8200000,Used,Hồ Chí Minh,2023.0,0.0
1146,https://xe.chotot.com/mua-ban-xe-may/132969431.htm,2026-06-19 09:27:39,xe_may_dien,Xe máy điện VinFast Vento ABS bs Q1 pin 100,32500000,phuong38,"Cần bán vento abs , xe nhà mình đang đi hoàn hảo không lỗi,2 pin mua đứt sức khoẻ 100 sạc mới 80 lần ,esim ,sài app vin ngon lành.Đã bảo dưỡng tại hãng về là đi không làm gì hết. Ngay chủ kí bán ,bs sg 🌟Bao test hãng ,xem xe tại nhà Dĩ An","Thành phố Dĩ An, Bình Dương",Đã sử dụng,Xe máy điện,Unknown,2022,29000,32500000,Used,Bình Dương,2022.0,29000.0
1147,https://xe.chotot.com/mua-ban-xe-may/133062067.htm,2026-06-19 09:15:47,xe_may_dien,"S3 Xám 180km , Full PPF + Cản Vision Hãng",33990000,nguyenchuyenpin,"- Bán QuanTum S3 , Bs Tỉnh , Odo 180km , Chính Chủ Công Chứng . Lên Cảng Vision Hãng 1tr Dán Full PPF 2tr5 có Bill BH 1 Năm 2tr5 Giá : 33tr990 😚🥰🤪💁..........THU XĂNG ĐỔI ĐIỆN ĐỔI ĐỜI..........😍😄😄😄 - MÌNH CAM KẾT THU CAO HƠN NHỮNG CỬA HÀNG KHÁC 1 ĐẾN 2TR NHÉ . - CẦM XE MÁY _ XE ĐIỆN _ XE HƠI ĐIỆN _ LAPTOP _ LOA _ DÀN CDJ _ HIEND _ VÀNG _ HỘT XOÀN ...VV. GIÁ CAO ( CHÍNH CHỦ ) KỂ CẢ XE ĐANG CẦM NGÂN HÀNG . ĐỊNH GIÁ NGAY CÓ TIỀN SAU 19 PHÚT . - CHUYÊN ĐỘ PIN _ SỮA CHỮA_ TÂN TRANG CHO TẤT CẢ CÁC LOẠI XE ĐIỆN . - CHUYÊN LÀM GIẤY TỜ XE MÁY & XE HƠI TOÀN QUỐC ( RÚT GỐC + ĐK MỚI ) MỌI GIẤY TỜ XE KHÓ XÁC MINH GỐC - TUYỂN CTV BÁN XE + LIVE BÁN HÀNG 1TR / 1 CHIẾC TIỀN TƯƠI .( LƯƠNG CĂN BẢN 6TR ) . ........nguyenchuyenpin.com.......... ✅ 𝐂Ó 𝐓𝐑Ả 𝐆Ó𝐏 – 𝐂À 𝐓𝐇Ẻ – 𝐆𝐈𝐀𝐎 𝐓Ậ𝐍 𝐍𝐇À ✅ 𝐍Ợ 𝐗Ấ𝐔 𝐁𝐀𝐎 ĐẬ𝐔 𝟏𝟎𝟎% ✅ 𝐂𝐀𝐌 𝐊Ế𝐓 𝐗𝐄 𝐓𝐇Ậ𝐓 – 𝐆𝐈Á 𝐓𝐇Ậ𝐓 – 𝐁Ả𝐎 𝐇À𝐍𝐇 𝐌𝐈𝐍𝐇 𝐁Ạ𝐂𝐇 😛ĐỊA CHỈ : 21 Nguyễn Súy . Phú Thọ Hoà ( Tân Phú Cũ ) . 😭🤪🥵😉 Time Mở Cửa : 6Am _ 24Pm ☎ *** ☎ 📢 QUÝ KHÁCH VUI LÒNG GỌI TRƯỚC KHI QUA . XIN CÁM ƠN QUÝ KHÁCH ĐÃ QUAN TÂM .","Quận Tân Phú, Tp Hồ Chí Minh",Đã sử dụng,Xe máy điện,Unknown,2026,180,33990000,Used,Hồ Chí Minh,2026.0,180.0
1148,https://xe.chotot.com/mua-ban-xe-may/132683363.htm,2026-06-19 09:10:18,xe_may_dien,Xe máy điện Yadea Vekoo 2025 Đen,11900000,Kenny Đặng,Vừa về cho anh chị mình : - Pé Yadea Vekoo 2025 đen lướt 5k/km - 4 Bình chạy 50km/lần xạc Chìa remos đầy đủ. 2 kính zin Zá 11tr9 ( fix xăng cộ cho ae ) Call : *** xem xe Hóc Môn.,"Huyện Hóc Môn, Tp Hồ Chí Minh",Đã sử dụng,Xe máy điện,Unknown,2025,5000,11900000,Used,Hồ Chí Minh,2025.0,5000.0
1149,https://xe.chotot.com/mua-ban-xe-may/132669422.htm,2026-06-19 09:09:12,xe_may_dien,Xe máy điện màu Bạc,12500000,Quốc sự cầm đồ,Càm đồ bán xe máy điện giấy tờ đầy đủ chính chủ sang tên được xe biển số TPHCM ạ xe đã thẩm định kỹ ae mua về ai chê cho trả lại ạ xe mới mua,"Quận 12, Tp Hồ Chí Minh",Đã sử dụng,Xe máy điện,Unknown,2025,1200,12500000,Used,Hồ Chí Minh,2025.0,1200.0
1150,https://xe.chotot.com/mua-ban-xe-may/133061158.htm,2026-06-19 08:23:52,xe_may_dien,Xe máy điện Motio Đỏ 7244 km,9500000,tường vi ,"Em đổi xe máy nên bán lại xe motio , xe chính chủ đăng ký 7/2025 , kí giấy được nhé , xem xe tại Gò Vấp tphcm","Quận Gò Vấp, Tp Hồ Chí Minh",Đã sử dụng,Xe máy điện,Unknown,2025,7244,9500000,Used,Hồ Chí Minh,2025.0,7244.0
1151,https://xe.chotot.com/mua-ban-xe-may/132683495.htm,2026-06-19 08:22:38,xe_may_dien,Honda Icon E 2025 xe điện Pin Mua,23000000,Cửa Hàng Xe Nhật Tài,Honda Icon E 2025 odo 3000km Pin Mua Biển 65 chính chủ Hỗ trợ sang tên ( có phí ) Hỗ trợ quẹt thẻ tín dụng Hỗ trợ trả góp thủ tục chỉ cần CMND hoặc CCCD lãi xuất ưu đãi Từ 20 tuổi và dưới 60 tuổi Đưa trước 20% hoặc không cần trả trước tuỳ Ngân Hàng Xem xe trực tiếp Cửa Hàng Xe Nhật Tài 186/17B Nguyễn Văn Cừ (Lộ 20) P.Cái Khế TP.Cần Thơ ( Hẻm 186 đối diện UBND phường Cái Khế ) Nhận trao đổi xe zin chính chủ biển 65 Mọi chi tiết xin LH sđt,"Quận Ninh Kiều, Cần Thơ",Đã sử dụng,Xe máy điện,Unknown,2025,3000,23000000,Used,Cần Thơ,2025.0,3000.0
1152,https://xe.chotot.com/mua-ban-xe-may/133061019.htm,2026-06-19 08:12:18,xe_may_dien,Xe máy điện Evo Grandlite Đen 6000km,17000000,Hoàng Khôi,Evo grandlite odo 6000km cho học sinh tình trạng còn mới tại mới mua được 3tháng,"Thành phố Thủ Dầu Một, Bình Dương",Đã sử dụng,Xe máy điện,Unknown,2026,6000,17000000,Used,Bình Dương,2026.0,6000.0
1153,https://xe.chotot.com/mua-ban-xe-may/133060721.htm,2026-06-19 07:49:37,xe_may_dien,Xe máy điện Vinfast Felix 2 2026 Đen,24500000,Hà Lê,"Bán xe điện Felix 2 của hãng Vinfast vừa mua tháng 5/2026 vừa lăn bánh tầm 100-200km, do không cần nhu cầu sử dụng nên bán lại 24,5tr, biển số đẹp tphcm. Liên hệ số đt ***.","Huyện Nhà Bè, Tp Hồ Chí Minh",Đã sử dụng,Xe máy điện,Unknown,2026,200,24500000,Used,Hồ Chí Minh,2026.0,200.0
1154,https://xe.chotot.com/mua-ban-xe-may/133060594.htm,2026-06-19 07:35:31,xe_may_dien,Xe máy điện VinFast viber màu Xám limited,38000000,Thắng Lợi Mobile,Mua về vợ nhần quá em thanh lý lại ạ Sơn xe lại màu xám tại cửa hàng vinfasts 3 triệu Thay xi nhan 300k Thay phuộc rcb ti vàng chính hãng gần 7tr Ốp 5 món cacbon 1tr2 Odo 180km Tổng làm lại xe 49triệu em thanh lý lại 39tr có fix nhẹ cho anh em Em ở An Giang,"Huyện Chợ Mới, An Giang",Đã sử dụng,Xe máy điện,Unknown,2026,180,38000000,Used,An Giang,2026.0,180.0
1155,https://xe.chotot.com/mua-ban-xe-may/133060350.htm,2026-06-19 07:08:15,xe_may_dien,Xe máy điện Osakar MEN Đỏ,4200000,Bích Ngọc,"Xe máy điện Osakar MEN màu đỏ, thiết kế năng động, phù hợp cho cả nam và nữ. - Kiểu dáng thời trang, dễ điều khiển. - Động cơ mạnh mẽ, vận hành êm ái. - Tiết kiệm năng lượng, thân thiện môi trường.","Quận Gò Vấp, Tp Hồ Chí Minh",Đã sử dụng,Xe máy điện,Unknown,2022,2000,4200000,Used,Hồ Chí Minh,2022.0,2000.0
1156,https://xe.chotot.com/mua-ban-xe-may/133060288.htm,2026-06-19 07:01:18,xe_may_dien,Xe máy điện Yadea Oris Trắng,16000000,Thiên Thư,"Xe máy điện màu trắng, thiết kế hiện đại, phù hợp di chuyển trong thành phố. - Xe có 2 chỗ ngồi, vận hành êm ái. - Tiết kiệm năng lượng, thân thiện môi trường. - Xe mới, ít sử dụng.","Huyện Hóc Môn, Tp Hồ Chí Minh",Mới,Xe máy điện,Unknown,2025,,16000000,New,Hồ Chí Minh,2025.0,
1157,https://xe.chotot.com/mua-ban-xe-may/133060286.htm,2026-06-19 07:01:14,xe_may_dien,Xe máy điện VinFast Evo200 Vàng 2025 7436.5 km,22000000,tuấn anh,"Bán xe evo200 chính chủ saigon, còn 2 kính 2 chìa đời 2025 odo 7k pin mua","Quận 10, Tp Hồ Chí Minh",Đã sử dụng,Xe máy điện,Unknown,2025,7400,22000000,Used,Hồ Chí Minh,2025.0,7400.0
1158,https://xe.chotot.com/mua-ban-xe-may/132398743.htm,2026-06-18 21:01:58,xe_may_dien,Xe máy điện Vinfast Impes Đỏ,8500000,Nguyễn Huy Hoàng,"Xe Vinfast Impes - Màu đỏ Xe ngoại quan đẹp ko vỡ ,xe bảo dưỡng đầy đủ động cơ Bosch chạy ếm ái Pin chạy được 45km/ lần sạc Xe biển Hà Nội","Quận Ba Đình, Hà Nội",Đã sử dụng,Xe máy điện,Unknown,2021,20000,8500000,Used,Hà Nội,2021.0,20000.0
1159,https://xe.chotot.com/mua-ban-xe-may/133057741.htm,2026-06-18 20:54:57,xe_may_dien,Xe đạp điện cap a osaka 4bình,5500000,Thang mai,Bán xe điện cáp A osaka còn tốt đẹp đời mới mua về là chạy luân xe 4 bình mạnh êm ! Xe bh 3 tháng !,"Quận 12, Tp Hồ Chí Minh",Đã sử dụng,Xe máy điện,Unknown,2015,35000,5500000,Used,Hồ Chí Minh,2015.0,35000.0
1160,https://xe.chotot.com/mua-ban-xe-may/132945755.htm,2026-06-18 19:12:54,xe_may_dien,Evo Max Trắng Mới 100% vừa ra biển,16500000,Mua xe  Điện Giá Tốt Sài Gòn,Evo max mới 100% Vừa bấm bs Pin thuê 175k 1 tháng,"Quận Tân Phú, Tp Hồ Chí Minh",Mới,Xe máy điện,Unknown,2026,,16500000,New,Hồ Chí Minh,2026.0,
1161,https://xe.chotot.com/mua-ban-xe-may/133055437.htm,2026-06-18 18:14:30,xe_may_dien,"Xe máy điện Yadea V1 Plus 2020 trắng 2 km 99,99%",13000000,Minh Hung,"xe e mơi mua dk 2 thang do it sư dung nên e ban lay cho a chi mua cho con e đi hoc xe mơi chay đi chơ vay lân gân nha công lay chưa đây 2km xe còn mơi 99,99% xe con bao hanh hảng 1 năm,e mua mơi la 14tr900 chay 2km e ban lay cho a chi 13tr a chi quan tâm liên hê e ***","Huyện Cần Đước, Long An",Đã sử dụng,Xe máy điện,Unknown,2026,2,13000000,Used,Long An,2026.0,2.0
1162,https://xe.chotot.com/mua-ban-xe-may/133054764.htm,2026-06-18 17:34:09,xe_may_dien,Xe điện Dibao Pansy S2 2022 màu Đỏ,9900000,Dream,Dibao Pansy S2 mua năm 2022 - xe điện cho học sinh chạy ok bán lại 9tr9 mua mới là 20tr rồi,"Huyện Quỳnh Lưu, Nghệ An",Đã sử dụng,Xe máy điện,Unknown,2022,50000,9900000,Used,Nghệ An,2022.0,50000.0
1163,https://xe.chotot.com/mua-ban-xe-may/133053508.htm,2026-06-18 16:27:26,xe_may_dien,Xe máy điện Yadea M6i TTFAR 2023 Xanh,10000000,Sản phẩm Sức khỏe,"Xe máy điện Yadea M6i TTFAR - Sản xuất 2023 màu xanh - Thiết kế thời trang hiện đại phong cách châu Âu thanh lịch, cốp rộng 18l, phù hợp di chuyển trong thành phố. - Động cơ bền bỉ chống nước IPX7 kèm công nghệ thu hồi năng lượng TTFAR vận hành êm ái. - Hệ thống đèn full LED - Xe nữ sinh ít đi còn mới, giữ gìn cẩn thận nguyên bản Liên hệ anh Lạc","Quận Bình Thạnh, Tp Hồ Chí Minh",Đã sử dụng,Xe máy điện,Unknown,2023,4596,10000000,Used,Hồ Chí Minh,2023.0,4596.0
1164,https://xe.chotot.com/mua-ban-xe-may/131842993.htm,2026-06-18 16:05:19,xe_may_dien,✅Pink Metro✅EvoLite Neo 2025 odo 5k Xe Máy Điện,14900000,Pink Ev Premium Q12 Metro,"Fb - Tiktok : Nguyen Minh Long Pink Dragon ==================📌📌📌================== Evo Lite Neo 2025 Sài Gòn 9 Chủ Ký - Không cần bằng lái học sinh chạy được - Odo : 5.000km - Dàn áo đẹp 98% leng keng - Ốc tán 7 màu bao 98% keng ❤️ Xe keng 98% so với xe New 🏠𝟭𝟳𝟴 𝗧𝗮̂𝗻 𝗧𝗵𝗼̛́𝗶 𝗛𝗶𝗲̣̂𝗽 𝟮𝟭 - 𝗤.𝟭𝟮 - 𝗛𝗖𝗠 ❤️Nậu Xớ Đưa Từ 6tr Ko L//ã//i Suất ❤️Lên hồ sơ Online nhận xe tại nhà ❤️Nậu Xớ trả chậm trong 24 tháng ❤️Tặng 1 năm hư Pink đưa xe dùng khi chờ sửa ❤️Tặng đổi pin đi liền ko sạc ở 8 đến 12 cơ sở ( Quận 12 - Quận 6 - Bình Tân - Tân Phú - Tân Bình - Thủ Đức - Quận 4 ) ✅𝗚𝗼́𝗽 𝗡𝗴𝗮̂𝗻 𝗛𝗮̀𝗻𝗴 : Đưa 20% ae giữ Cavet ✅𝗖𝗮̀ 𝗧𝗵𝗲̉ - 𝗚𝗼́𝗽: Cà thẻ ,chuyển đổi trả góp ✅𝗕𝗮𝗼 𝗤𝘂𝗮𝘆 Đ𝗮̂̀𝘂 : Từ 20% theo giá thị trường ✅𝗠𝘂𝗮 𝗕𝗮́𝗻 𝗧𝗿𝗮𝗼 Đ𝗼̂̉𝗶 𝗫𝗲 𝗫𝗮̆𝗻𝗴, 𝗫𝗲 Đ𝗶𝗲̣̂𝗻 𝗧𝗮̣̂𝗻 𝗡𝗵𝗮̀ 𝗖𝗧𝗬 𝗣𝗜𝗡𝗞 : 𝙓𝙀 Đ𝙄𝙀̣̂𝙉 𝙎𝘼̆̃𝙉 𝘼𝙋𝙋 - 𝗡𝗔̣̂𝗨 𝗫𝗢̛́ Đ𝗨̛𝗔 𝟲 𝗖𝗨̉ 🏠𝟭𝟳𝟴 𝗧𝗮̂𝗻 𝗧𝗵𝗼̛́𝗶 𝗛𝗶𝗲̣̂𝗽 𝟮𝟭 - 𝗤.𝟭𝟮 - 𝗛𝗖𝗠 🏠𝟮𝟴𝟴 𝗧𝗿𝘂̛𝗼̛̀𝗻𝗴 𝗖𝗵𝗶𝗻𝗵 - 𝗤𝘂𝗮̣̂𝗻 𝟭𝟮 - 𝗛𝗖𝗠 🏠𝟳𝟵 𝗛𝗼𝗮̀𝗻𝗴 𝗩𝗮̆𝗻 𝗧𝗵𝘂̣ - 𝗣𝗵𝘂́ 𝗡𝗵𝘂𝗮̣̂𝗻 - 𝗛𝗖𝗠","Quận 12, Tp Hồ Chí Minh",Đã sử dụng,Xe máy điện,Unknown,2025,5000,14900000,Used,Hồ Chí Minh,2025.0,5000.0
1165,https://xe.chotot.com/mua-ban-xe-may/131822684.htm,2026-06-18 16:04:48,xe_may_dien,✅Pink Metro✅Feliz2025 Xe 2pin Odo 4k Xe Máy Điện,33900000,Pink Ev Premium Q12 Metro,"Fb - Tiktok : Nguyen Minh Long Pink Dragon ==================📌📌📌================== Feliz2025 An Giang 9 Chủ Ký - 2 Pin mua bảo hành đến 2032 - Odo : 4.000km - Dàn áo full keo 98% keng xà beng - Ốc tán 7 màu bao keng 🏠𝟭𝟳𝟴 𝗧𝗮̂𝗻 𝗧𝗵𝗼̛́𝗶 𝗛𝗶𝗲̣̂𝗽 𝟮𝟭 - 𝗤.𝟭𝟮 - 𝗛𝗖𝗠 ❤️Nậu Xớ Đưa Từ 6tr Ko L//ã//i Suất ❤️Lên hồ sơ Online nhận xe tại nhà ❤️Nậu Xớ trả chậm trong 24 tháng ❤️Tặng đổi pin đi liền ko sạc ở 8-12 cơ sở ❤️Tặng 1 năm hư Pink đưa xe dùng khi chờ sửa ✅𝗚𝗼́𝗽 𝗡𝗴𝗮̂𝗻 𝗛𝗮̀𝗻𝗴 : Đưa 20% ae giữ Cavet ✅𝗖𝗮̀ 𝗧𝗵𝗲̉ - 𝗚𝗼́𝗽: Cà thẻ ,chuyển đổi trả góp ✅𝗕𝗮𝗼 𝗤𝘂𝗮𝘆 Đ𝗮̂̀𝘂 : Từ 20% theo giá thị trường ✅𝗠𝘂𝗮 𝗕𝗮́𝗻 𝗧𝗿𝗮𝗼 Đ𝗼̂̉𝗶 𝗫𝗲 𝗫𝗮̆𝗻𝗴, 𝗫𝗲 Đ𝗶𝗲̣̂𝗻 𝗧𝗮̣̂𝗻 𝗡𝗵𝗮̀ 𝗖𝗧𝗬 𝗣𝗜𝗡𝗞 : 𝙓𝙀 Đ𝙄𝙀̣̂𝙉 𝙎𝘼̆̃𝙉 𝘼𝙋𝙋 - 𝗡𝗔̣̂𝗨 𝗫𝗢̛́ Đ𝗨̛𝗔 𝟲 𝗖𝗨̉ 🏠𝟭𝟳𝟴 𝗧𝗮̂𝗻 𝗧𝗵𝗼̛́𝗶 𝗛𝗶𝗲̣̂𝗽 𝟮𝟭 - 𝗤.𝟭𝟮 - 𝗛𝗖𝗠 🏠𝟮𝟴𝟴 𝗧𝗿𝘂̛𝗼̛̀𝗻𝗴 𝗖𝗵𝗶𝗻𝗵 - 𝗤𝘂𝗮̣̂𝗻 𝟭𝟮 - 𝗛𝗖𝗠 🏠𝟳𝟵 𝗛𝗼𝗮̀𝗻𝗴 𝗩𝗮̆𝗻 𝗧𝗵𝘂̣ - 𝗣𝗵𝘂́ 𝗡𝗵𝘂𝗮̣̂𝗻 - 𝗛𝗖𝗠","Quận 12, Tp Hồ Chí Minh",Đã sử dụng,Xe máy điện,Unknown,2025,4000,33900000,Used,Hồ Chí Minh,2025.0,4000.0
1166,https://xe.chotot.com/mua-ban-xe-may/133051401.htm,2026-06-18 15:08:11,xe_may_dien,💙Pink Phú Nhuận💙QuantumS2 đk 6/2026 odo 8km,46900000,Pink Ev Premium Phú Nhuận,"Fb - Tiktok : Nguyen Minh Long Pink Dragon ==================📌📌📌================== QuantumS2 đk 6/2026 Sài Gòn 9 Chủ Ký - Xe chạy từ hãng về 8km - 1 pin mua sạc đầy đi 285km - Ốc tán leng keng 99.99%. - Xe đẹp keng 99.99%. - Còn đủ phụ kiện theo xe ❤️Xe keng 99% so với xe new 🏠𝟳𝟵 𝗛𝗼𝗮̀𝗻𝗴 𝗩𝗮̆𝗻 𝗧𝗵𝘂̣ - 𝗣𝗵𝘂́ 𝗡𝗵𝘂𝗮̣̂𝗻 - 𝗛𝗖𝗠 ❤️Mợ Ấu đưa 9tr hay 12tr tuỳ khách ❤️Mợ Ấu đưa 50% Ko xác minh nhà ở ❤️Mợ Ấu đưa 80% ko phí hồ sơ lẽ sức ❤️Tặng 12 tháng xe hư đưa xe khác dùng ❤️Tặng đổi pin đi liền ko chờ sạc nhiều ở 8 đến 12 cơ sở ở Sài Gòn ( Ở Quận 4 -6 -8 -12 , Tân Bình, Bình Tân, Tân Phú, Thủ Đức, Phú Nhuận ) ✅𝗚𝗼́𝗽 𝗡𝗴𝗮̂𝗻 𝗛𝗮̀𝗻𝗴 : Đưa 20% ae giữ Cavet ✅𝗖𝗮̀ 𝗧𝗵𝗲̉ - 𝗚𝗼́𝗽: Cà thẻ ,chuyển đổi trả góp ✅𝗕𝗮𝗼 𝗤𝘂𝗮𝘆 Đ𝗮̂̀𝘂 : Từ 20% theo giá thị trường ✅𝗠𝘂𝗮 𝗕𝗮́𝗻 𝗧𝗿𝗮𝗼 Đ𝗼̂̉𝗶 𝗫𝗲 𝗫𝗮̆𝗻𝗴, 𝗫𝗲 Đ𝗶𝗲̣̂𝗻 𝗧𝗮̣̂𝗻 𝗡𝗵𝗮̀ 𝗖𝗧𝗬 𝗣𝗜𝗡𝗞 : 𝙓𝙀 Đ𝙄𝙀̣̂𝙉 𝙎𝘼̆̃𝙉 𝘼𝙋𝙋 - 𝗡𝗔̣̂𝗨 𝗫𝗢̛́ Đ𝗨̛𝗔 𝟲 𝗖𝗨̉ 🏠𝟭𝟳𝟴 𝗧𝗮̂𝗻 𝗧𝗵𝗼̛́𝗶 𝗛𝗶𝗲̣̂𝗽 𝟮𝟭 - 𝗤.𝟭𝟮 - 𝗛𝗖𝗠 🏠𝟮𝟴𝟴 𝗧𝗿𝘂̛𝗼̛̀𝗻𝗴 𝗖𝗵𝗶𝗻𝗵 - 𝗤𝘂𝗮̣̂𝗻 𝟭𝟮 - 𝗛𝗖𝗠 🏠𝟳𝟵 𝗛𝗼𝗮̀𝗻𝗴 𝗩𝗮̆𝗻 𝗧𝗵𝘂̣ - 𝗣𝗵𝘂́ 𝗡𝗵𝘂𝗮̣̂𝗻 - 𝗛𝗖𝗠","Quận 12, Tp Hồ Chí Minh",Mới,Xe máy điện,Unknown,2026,,46900000,New,Hồ Chí Minh,2026.0,
1167,https://xe.chotot.com/mua-ban-xe-may/133051222.htm,2026-06-18 15:01:55,xe_may_dien,Xe máy điện Tailg Tím,17000000,Trâm Bích,"Cần pass xe điện Tailg R71 màu tím, mới mua hồi 26/03/2026, giấy tờ đầy đủ, bảo hành 15 tháng, bình 100%, cần tiền gấp pass 17tr anh/chị quan tâm liên hệ sđt ""***"" zalo Phước Vinh","Quận Bình Tân, Tp Hồ Chí Minh",Đã sử dụng,Xe máy điện,Unknown,2025,100,17000000,Used,Hồ Chí Minh,2025.0,100.0
1168,https://xe.chotot.com/mua-ban-xe-may/131814122.htm,2026-06-18 15:01:37,xe_may_dien,💙Pink Phú Nhuận💙FelizS Pin mua Bán Xe Máy Điện,26900000,Pink Ev Premium Phú Nhuận,"Fb - Tiktok : Nguyen Minh Long Pink Dragon ==================📌📌📌================== FelizS bs Gia Lai 9 Chủ Bao Công Chứng - Pin mua 3.5kw - 2 kính, 2 chìa remote zin theo xe đầy đủ - Dàn áo đẹp chi tiết như hình - Dàn chân ốc tán, cặp lốp còn oke - Bả hành Vinfast toàn quốc 🏠𝟳𝟵 𝗛𝗼𝗮̀𝗻𝗴 𝗩𝗮̆𝗻 𝗧𝗵𝘂̣ - 𝗣𝗵𝘂́ 𝗡𝗵𝘂𝗮̣̂𝗻 - 𝗛𝗖𝗠 ❤️Nậu Xớ Đưa Từ 6tr Ko L//ã//i Suất ❤️Lên hồ sơ Online nhận xe tại nhà ❤️Nậu Xớ trả chậm trong 24 tháng ❤️Tặng đổi pin đi liền ko sạc ở 8-12 cơ sở ❤️Tặng 1 năm hư Pink đưa xe dùng khi chờ sửa ✅𝗚𝗼́𝗽 𝗡𝗴𝗮̂𝗻 𝗛𝗮̀𝗻𝗴 : Đưa 20% ae giữ Cavet ✅𝗖𝗮̀ 𝗧𝗵𝗲̉ - 𝗚𝗼́𝗽: Cà thẻ ,chuyển đổi trả góp ✅𝗕𝗮𝗼 𝗤𝘂𝗮𝘆 Đ𝗮̂̀𝘂 : Từ 20% theo giá thị trường ✅𝗠𝘂𝗮 𝗕𝗮́𝗻 𝗧𝗿𝗮𝗼 Đ𝗼̂̉𝗶 𝗫𝗲 𝗫𝗮̆𝗻𝗴, 𝗫𝗲 Đ𝗶𝗲̣̂𝗻 𝗧𝗮̣̂𝗻 𝗡𝗵𝗮̀ 𝗖𝗧𝗬 𝗣𝗜𝗡𝗞 : 𝙓𝙀 Đ𝙄𝙀̣̂𝙉 𝙎𝘼̆̃𝙉 𝘼𝙋𝙋 - 𝗡𝗔̣̂𝗨 𝗫𝗢̛́ Đ𝗨̛𝗔 𝟲 𝗖𝗨̉ 🏠𝟭𝟳𝟴 𝗧𝗮̂𝗻 𝗧𝗵𝗼̛́𝗶 𝗛𝗶𝗲̣̂𝗽 𝟮𝟭 - 𝗤.𝟭𝟮 - 𝗛𝗖𝗠 🏠𝟮𝟴𝟴 𝗧𝗿𝘂̛𝗼̛̀𝗻𝗴 𝗖𝗵𝗶𝗻𝗵 - 𝗤𝘂𝗮̣̂𝗻 𝟭𝟮 - 𝗛𝗖𝗠 🏠𝟳𝟵 𝗛𝗼𝗮̀𝗻𝗴 𝗩𝗮̆𝗻 𝗧𝗵𝘂̣ - 𝗣𝗵𝘂́ 𝗡𝗵𝘂𝗮̣̂𝗻 - 𝗛𝗖𝗠","Quận Phú Nhuận, Tp Hồ Chí Minh",Đã sử dụng,Xe máy điện,Unknown,2023,20,26900000,Used,Hồ Chí Minh,2023.0,20.0
1169,https://xe.chotot.com/mua-ban-xe-may/131638679.htm,2026-06-18 15:01:22,xe_may_dien,💙Pink Phú Nhuận💙Evo200 Lite 2025 Xe Máy Điện,21900000,Pink Ev Premium Phú Nhuận,"Fb - Tiktok : Nguyen Minh Long Pink Dragon ==================📌📌📌================== Evo200 Lite 2025 Long An 9 Chủ Bao Ký - 1 pin mua 3.5kw - Odo vài nghìn km - Còn đủ phụ kiện theo xe - Ốc tán đẹp keng 95% - Bảo hành theo hãng Vinfast 🏠𝟳𝟵 𝗛𝗼𝗮̀𝗻𝗴 𝗩𝗮̆𝗻 𝗧𝗵𝘂̣ - 𝗣𝗵𝘂́ 𝗡𝗵𝘂𝗮̣̂𝗻 - 𝗛𝗖𝗠 ❤️Nậu Xớ Đưa Từ 6tr Ko L//ã//i Suất ❤️Lên hồ sơ Online nhận xe tại nhà ❤️Nậu Xớ trả chậm trong 24 tháng ❤️Tặng đổi pin đi liền ko sạc ở 8-12 cơ sở ❤️Tặng 1 năm hư Pink đưa xe dùng khi chờ sửa ✅𝗚𝗼́𝗽 𝗡𝗴𝗮̂𝗻 𝗛𝗮̀𝗻𝗴 : Đưa 20% ae giữ Cavet ✅𝗖𝗮̀ 𝗧𝗵𝗲̉ - 𝗚𝗼́𝗽: Cà thẻ ,chuyển đổi trả góp ✅𝗕𝗮𝗼 𝗤𝘂𝗮𝘆 Đ𝗮̂̀𝘂 : Từ 20% theo giá thị trường ✅𝗠𝘂𝗮 𝗕𝗮́𝗻 𝗧𝗿𝗮𝗼 Đ𝗼̂̉𝗶 𝗫𝗲 𝗫𝗮̆𝗻𝗴, 𝗫𝗲 Đ𝗶𝗲̣̂𝗻 𝗧𝗮̣̂𝗻 𝗡𝗵𝗮̀ 𝗖𝗧𝗬 𝗣𝗜𝗡𝗞 : 𝙓𝙀 Đ𝙄𝙀̣̂𝙉 𝙎𝘼̆̃𝙉 𝘼𝙋𝙋 - 𝗡𝗔̣̂𝗨 𝗫𝗢̛́ Đ𝗨̛𝗔 𝟲 𝗖𝗨̉ 🏠𝟭𝟳𝟴 𝗧𝗮̂𝗻 𝗧𝗵𝗼̛́𝗶 𝗛𝗶𝗲̣̂𝗽 𝟮𝟭 - 𝗤.𝟭𝟮 - 𝗛𝗖𝗠 🏠𝟮𝟴𝟴 𝗧𝗿𝘂̛𝗼̛̀𝗻𝗴 𝗖𝗵𝗶𝗻𝗵 - 𝗤𝘂𝗮̣̂𝗻 𝟭𝟮 - 𝗛𝗖𝗠 🏠𝟳𝟵 𝗛𝗼𝗮̀𝗻𝗴 𝗩𝗮̆𝗻 𝗧𝗵𝘂̣ - 𝗣𝗵𝘂́ 𝗡𝗵𝘂𝗮̣̂𝗻 - 𝗛𝗖𝗠","Quận Phú Nhuận, Tp Hồ Chí Minh",Đã sử dụng,Xe máy điện,Unknown,2025,8000,21900000,Used,Hồ Chí Minh,2025.0,8000.0
1170,https://xe.chotot.com/mua-ban-xe-may/133050561.htm,2026-06-18 14:36:38,xe_may_dien,Xe máy điện Yadea Xmen Neo,12000000,Vuong Thien,Xe máy điện yadea xmen neo nd990 6 bình 12v30ah date 2025,"Huyện Cẩm Mỹ, Đồng Nai",Đã sử dụng,Xe máy điện,Unknown,2025,1000,12000000,Used,Đồng Nai,2025.0,1000.0
1171,https://xe.chotot.com/mua-ban-xe-may/129795299.htm,2026-06-18 14:30:10,xe_may_dien,Mua xe điện lướt,99999999,Xanh Future,"Theon S lướt Evo lướt Klara lướt Filez, s , lite lướt Quantum Các dòng nào cũng dc gọi mình nhanh lẹ bao giấy tờ","Quận Tân Phú, Tp Hồ Chí Minh",Đã sử dụng,Xe máy điện,Unknown,0,0,99999999,Used,Hồ Chí Minh,0.0,0.0
1172,https://xe.chotot.com/mua-ban-xe-may/133048814.htm,2026-06-18 13:28:43,xe_may_dien,Xe điện 3 bánh Vogue Nâu Trắng,5000000,HAI Nguyễn,"xe 3 bánh đi tốt dùng bền, rất thích hợp để đi trong khuông viên khu dân cư ,nhỏ gọn tốc độ ổn định","Huyện Hóc Môn, Tp Hồ Chí Minh",Đã sử dụng,Xe máy điện,Unknown,2023,8000,5000000,Used,Hồ Chí Minh,2023.0,8000.0
1173,https://xe.chotot.com/mua-ban-xe-may/132827946.htm,2026-06-18 13:14:59,xe_may_dien,Xe điện K1 màu Nâu đồng,11900000, phi,Xe điện k1 mới . 5 bình lớn . Phụ kiện + bảo hành đủ . Bao giá rẻ so vs thị trường . Mua bán tại cửa hàng . Có ship tận nơi cho ae .,"Huyện Cẩm Mỹ, Đồng Nai",Đã sử dụng,Xe máy điện,Unknown,2026,1,11900000,Used,Đồng Nai,2026.0,1.0
1174,https://xe.chotot.com/mua-ban-xe-may/133048274.htm,2026-06-18 13:00:18,xe_may_dien,Xe máy điện Yadea Type 3 Pro Đa màu,12345678,Hoàng Hải,"Cần thanh lý lại lô 5 xe type 3 pro , có bán lẻ .. bán lấy vốn nên giá sẽ rẻ hơn các cửa hàng khác","Thành phố Hội An, Quảng Nam",Mới,Xe máy điện,Unknown,2026,,12345678,New,Quảng Nam,2026.0,
1175,https://xe.chotot.com/mua-ban-xe-may/133024355.htm,2026-06-18 12:25:03,xe_may_dien,Xe máy điện Vespa đẹp,7900000,Trung Đồ Cũ,"Vespa điện ,xe đẹp bình ác quy thay date 2025 cực khỏe sạc đầy chạy tầm 40-50 km Giấy tờ đầy đủ Thanh lý 7 tr 900k cho các cháu về đi học nhé","Thành phố Nam Định, Nam Định",Đã sử dụng,Xe máy điện,Unknown,2020,8888,7900000,Used,Nam Định,2020.0,8888.0
1176,https://xe.chotot.com/mua-ban-xe-may/130409902.htm,2026-06-18 12:18:53,xe_may_dien,Xe máy điện Xanh dương Đã sử dụng,7000000,đa khoa Trung ương  cần Thơ ,"Xe máy điện màu xanh dương, đã dùng 3 năm nhưng ít sử dụng. - Xe còn mới, vận hành êm ái. - Phù hợp đi lại trong thành phố.","Thành phố Sa Đéc, Đồng Tháp",Đã sử dụng,Xe máy điện,Unknown,0,0,7000000,Used,Đồng Tháp,0.0,0.0
1177,https://xe.chotot.com/mua-ban-xe-may/133033339.htm,2026-06-18 12:14:01,xe_may_dien,Xe máy điện Vinfast Motio 5 bình acquy 60km,12500000,Xe Điện Kim Ngân,Vinfast Motio mới 100% về đủ màu Xe 5 bình acquy đi 60km/ lần sạc Xe đầy đủ giấy tờ phụ kiện theo xe Bảo hành chính hãng toàn quốc Dòng xe điện nhỏ nhẹ của nhà Vin các linh kiện rất xịn sò Đc 194 Đông Mỹ - thanh trì - hà nội,"Huyện Thanh Trì, Hà Nội",Mới,Xe máy điện,Unknown,2026,,12500000,New,Hà Nội,2026.0,
1178,https://xe.chotot.com/mua-ban-xe-may/132834116.htm,2026-06-18 11:58:30,xe_may_dien,Xe máy điện Yadea Ocean 2023 Tím,9900000,Thanh Phong 1990,"Xe điện Yadea Ocean đời 2023 Lăn bánh được 7000 km xe giữ kỹ còn mới trên 85% Rin nguyên bản ko độ chế Tốc độ tối đa dc 49km/h Nhỏ gọn dễ chạy kiểu dáng dễ thương Bình còn ok chạy được 40 cây 1 lần sạc Xe hoàn chỉnh về chạy thôi ạ Xe không có đăng ký biển số hay cavet xe gì hết chạy như xe đạp điện thôi ạ Có 1 chìa khoá , 2 kiếng , và cục sạc rin theo xe Xem xe giao dịch tại nhà ở chợ Hóc Môn E bớt xíu lộc 300 cho người nhanh gọn","Huyện Hóc Môn, Tp Hồ Chí Minh",Đã sử dụng,Xe máy điện,Unknown,2023,7000,9900000,Used,Hồ Chí Minh,2023.0,7000.0
1179,https://xe.chotot.com/mua-ban-xe-may/132942440.htm,2026-06-18 11:57:19,xe_may_dien,Xe máy điện VinFast Evo 200 2024 Xanh 10000 km,19500000,Xe Điện Kim Thảo,- Evo 200. Pin 3.5kw đi trên 100km/lần sạc. Thích hợp cho ae chạy công nghệ - Pin mua đứt - Chủ đã lên yên kym đan + yên phụ - Odo 10k. Đăng ký 2024 - Giấy tờ đầy đủ . Bao tranh chấp - Giá 20 triệu - Địa chỉ : 24/6. Đ.TL44. P.thạnh lộc. Q12,"Quận 12, Tp Hồ Chí Minh",Đã sử dụng,Xe máy điện,Unknown,2024,10000,19500000,Used,Hồ Chí Minh,2024.0,10000.0
1180,https://xe.chotot.com/mua-ban-xe-may/133046650.htm,2026-06-18 11:42:08,xe_may_dien,"Xe điện màu Xám, cam 90% mới",8500000,Cầm đồ  ĐẠI NAM,thanh lý xe điện như hình bình sạc đầy đủ xe còn mới 90%,"Huyện Hóc Môn, Tp Hồ Chí Minh",Đã sử dụng,Xe máy điện,Unknown,2024,3000,8500000,Used,Hồ Chí Minh,2024.0,3000.0
1181,https://xe.chotot.com/mua-ban-xe-may/133000400.htm,2026-06-18 10:47:20,xe_may_dien,VinFast Evo Lite Neo Xanh Mới 100%,13800000,Xe Điện Kim Thảo,- Evo Lite Neo Mới 100% - Học sinh trên 16t đi ko cần bằng lái - 5 Bình acquy đi 50-60km/lần sạc - Giá 13tr 800k - Bao xuất hoá đơn - Địa chỉ : 24/6. Đ.TL44. P.thạnh lộc. Q12,"Quận 12, Tp Hồ Chí Minh",Mới,Xe máy điện,Unknown,2025,,13800000,New,Hồ Chí Minh,2025.0,
1182,https://xe.chotot.com/mua-ban-xe-may/133032034.htm,2026-06-18 10:38:43,xe_may_dien,Xe máy điện VinFast Feliz S 2024 Trắng 40k km,26500000,Xe Điện GV,🟢⚡️ 𝑽𝑰𝑵𝑭𝑨𝑺𝑻 𝑭𝑬𝑳𝑰𝒁 𝑺 ⚡️🟢 🔹 BS 67 - Date 12/2024 🔹 Odo 40k km 🔹 Sạc trước tiện lợi 🔹 Phuộc đã fix - Yên kim đan 🔹 Sạc 1000W đời mới 🔹 Giá 2x lớn 📞 *** - Zalo *** 🚛 Thu mua xe điện TP.HCM & các tỉnh lân cận. #VinFastFelizS #XeDienCu #ThuMuaXeDien #TPHCM #FelizS2024,"Quận Bình Tân, Tp Hồ Chí Minh",Đã sử dụng,Xe máy điện,Unknown,2024,40000,26500000,Used,Hồ Chí Minh,2024.0,40000.0
1183,https://xe.chotot.com/mua-ban-xe-may/133044263.htm,2026-06-18 10:14:52,xe_may_dien,Xe máy điện VinFast Evo Max 2026 Xám,16500000,Nguyễn Ngọc Minh Châu,Evo Max 2026 1 chiếc pin mua và 1 chiếc pin thuê,"Quận Gò Vấp, Tp Hồ Chí Minh",Đã sử dụng,Xe máy điện,Unknown,2026,150,16500000,Used,Hồ Chí Minh,2026.0,150.0
1184,https://xe.chotot.com/mua-ban-xe-may/132816311.htm,2026-06-18 10:13:13,xe_may_dien,Xe máy điện Yadea Ocean Hồng,11000000,Trang Rg,Nhà dư dùng cần bán xe điện yadea ocean hồng. xe nữ chạy dán full keo. Lột ra như mới. đã ra biển số TP. Giá 11 triệu. chưa bao gồm bình acqui. khách mua về tự mua bình về lắp. Mua bình tại hãng. xe còn đầy đủ phụ kiện.sac đây đi đc 70km . Vui lòng nhắn tin a,"Quận Bình Tân, Tp Hồ Chí Minh",Đã sử dụng,Xe máy điện,Unknown,2025,18000,11000000,Used,Hồ Chí Minh,2025.0,18000.0
1185,https://xe.chotot.com/mua-ban-xe-may/133043148.htm,2026-06-18 09:37:56,xe_may_dien,Xe máy điện VinFast Feliz 2025 Xanh Oliu,24000000,Đinh Văn Quân,"Xe máy điện VinFast Feliz 2025 thiết kế hiện đại, phù hợp cho cả nam và nữ. - Kiểu dáng thời trang, vận hành êm ái. - Tiết kiệm năng lượng, thân thiện môi trường. - Xe mới, ít sử dụng - Odo chỉ mới gần 4000km LƯU Ý : GIÁ TRÊN ĐÃ BAO GỒM PHÍ HỒ SƠ MUA BÁN CÔNG CHỨNG VÀ THU HỒI BSX . Anh chị em mua về chỉ có đi","Thành phố Dĩ An, Bình Dương",Đã sử dụng,Xe máy điện,Unknown,2025,4000,24000000,Used,Bình Dương,2025.0,4000.0
1186,https://xe.chotot.com/mua-ban-xe-may/133041912.htm,2026-06-18 08:48:59,xe_may_dien,Xe điện 3 bánh màu Đen có số lùi cũ,8500000,Nguyễn Thị ngoan,thanh lý xe điện 3 bánh đã qua sử dụng. xe còn rất đẹp và tốt. còi đèn xi nhan và sạc và bình điện đầy đủ. xe có số lùi. có hỗ trợ giao xe tận nhà . xe ở Thái Bình,"Thị xã Bến Cát, Bình Dương",Đã sử dụng,Xe máy điện,Unknown,2025,200,8500000,Used,Bình Dương,2025.0,200.0
1187,https://xe.chotot.com/mua-ban-xe-may/133041456.htm,2026-06-18 08:23:40,xe_may_dien,Xe máy điện Dat BIKE Quantum S2 Xanh 27500 km,35000000,Thanh Hieu,Mình cần bán xe máy điện Đat BIKE quantum S2 chạy được285km di 27500 km và cục sạc nhanh S1 .4tieng đầy pin Biển Số TP giá 35 triệu. anh em có nhu cầu liên hệ SDT ***.cảm ơn,"Quận Tân Bình, Tp Hồ Chí Minh",Đã sử dụng,Xe máy điện,Unknown,2025,27500,35000000,Used,Hồ Chí Minh,2025.0,27500.0
1188,https://xe.chotot.com/mua-ban-xe-may/133041051.htm,2026-06-18 07:52:34,xe_may_dien,Xe máy điện Dat Bike Weaver v1,25000000,Lý Hoài Thanh Trúc,"Xe máy điện Dat Bike màu đen, kiểu dáng hiện đại, mạnh mẽ. - Xe chạy êm, tiết kiệm chi phí. - Phù hợp di chuyển trong thành phố. - Xe đi giữ gìn tốt, còn mới, ít trầy xước - Xe chính chủ","Huyện Bình Chánh, Tp Hồ Chí Minh",Đã sử dụng,Xe máy điện,Unknown,2023,15000,25000000,Used,Hồ Chí Minh,2023.0,15000.0
1189,https://xe.chotot.com/mua-ban-xe-may/133040753.htm,2026-06-18 07:18:19,xe_may_dien,Xe máy điện VinFast Vero X Trắng Mới,29000000,Long,"Xe máy điện VinFast Vero Xmàu trắng, kiểu dáng hiện đại, vận hành êm ái. - Xe mới, lấy từ cửa hàng ra . cần tiền bán luôn... *** có đầy đủ hóa đơn, giấy tờ kèm theo và chưa vào QR ( viết hóa đơn thẳng từ đại lý cho ng mua) *** ACE mua về cầm giấy tờ + hóa đơn đi lấy biển chính chủ luôn ạ em ở Khâm Thiên Hà Nội, mong lỗ ít nhất có thể ạ","Quận Đống Đa, Hà Nội",Mới,Xe máy điện,Unknown,2026,,29000000,New,Hà Nội,2026.0,
1190,https://xe.chotot.com/mua-ban-xe-may/133040644.htm,2026-06-18 07:09:25,xe_may_dien,Xe máy điện Vespa Xám Hồng 40km/lần sạc,6900000,Xe điện Bình Phương,"VP280 ✅ Xe máy điện Vespa Xám Hồng ắc quy bao khoẻ 6tr9 ➡️40km/lần sạc ➡️Lắp ắc quy mới hỗ trợ giá 50% ➡️ Hình thức đẹp nét, xe chắc chắn, xe đã bảo dưỡng toàn bộ, đco zin êm ➡️ full chức năng, đủ phụ kiện, bảo hành dài, ship toàn quốc ☎️ *** (zalo,fb,mess) có trả góp 📌 Cửa hàng xe điện Bình Phương, sn 15 ngõ 195/91 Trần Cung, Hà Nội","Quận Cầu Giấy, Hà Nội",Đã sử dụng,Xe máy điện,Unknown,2020,3692,6900000,Used,Hà Nội,2020.0,3692.0
1191,https://xe.chotot.com/mua-ban-xe-may/133040638.htm,2026-06-18 07:09:03,xe_may_dien,Xe máy điện Vespa LX150 Galaxy AQ2026,8700000,Xe điện Bình Phương,"VP279 ✅ Xe máy điện Vespa lx150 galaxy cực nét ắc quy siêu lướt 2026 giá 8tr7 ➡️ Đủ giấy tờ đăng ký biển ➡️40-50km/ lần sạc ➡️Lắp ắc quy mới hỗ trợ giá 50% ➡️ Hình thức đẹp nét, xe chắc chắn, xe đã bảo dưỡng toàn bộ ➡️ full chức năng, đủ phụ kiện, bảo hành dài, ship toàn quốc ☎️ *** (zalo,fb,mess) có trả góp 📌 Cửa hàng xe điện Bình Phương, sn 15 ngõ 195/91 Trần Cung, Hà Nội","Quận Cầu Giấy, Hà Nội",Đã sử dụng,Xe máy điện,Unknown,2020,253,8700000,Used,Hà Nội,2020.0,253.0
1192,https://xe.chotot.com/mua-ban-xe-may/133040559.htm,2026-06-18 07:01:59,xe_may_dien,"Xe máy điện Yadea 2020 Trắng, Đen đã sử dụng",6500000,A Phong,xe nhà không sử dụng đến cần bán .Xe còn mới mọi chức năng hoạt động bình thường .Ace nào thích xin liên hệ,"Quận Nam Từ Liêm, Hà Nội",Đã sử dụng,Xe máy điện,Unknown,2024,50000,6500000,Used,Hà Nội,2024.0,50000.0
1193,https://xe.chotot.com/mua-ban-xe-may/132853081.htm,2026-06-18 07:00:01,xe_may_dien,Xe điện Vespa Dior 946 Đỏ Cherry Mới,14200000,LƯU BẢO TRÂN,Xe điện Vespa dior 946 màu đỏ cherry Hàng mới 100% sử dụng 5 bình ắc quy giá 14tr2 sử dụng pin lithium 17tr3,"Quận 8, Tp Hồ Chí Minh",Mới,Xe máy điện,Unknown,2026,,14200000,New,Hồ Chí Minh,2026.0,
1194,https://xe.chotot.com/mua-ban-xe-may/132942335.htm,2026-06-17 23:41:46,xe_may_dien,Quantum S3 Xám 7958 km chính chủ,32500000,Mua xe  Điện Giá Tốt Sài Gòn,Quantum s3 lướt 8k xe đẹo keng chính chủ ký Có thu xăng đổi điện Thua xe điện cũ,"Quận Tân Phú, Tp Hồ Chí Minh",Đã sử dụng,Xe máy điện,Unknown,2025,7958,32500000,Used,Hồ Chí Minh,2025.0,7958.0
1195,https://xe.chotot.com/mua-ban-xe-may/133037766.htm,2026-06-17 21:12:19,xe_may_dien,VeroX Xanh 1000km,28500000,Mua xe  Điện Giá Tốt Sài Gòn,"⚠️ VeroX - Odo 1000km Đẹp leng keng ko 1 lỗi lầm Chính chủ ký công chứng Giá 28,5tr - AE nợ xấu đưa trước 30% nhận xe • Hỗ trợ AE thu xăng - đổi điện • Quét thẻ tín dụng , chuyển đổi góp • Bao quay đầu khi AE chơi chán 📌 244 Thoại Ngọc Hầu ,Phú Thạnh ,TP.HCM","Quận Tân Phú, Tp Hồ Chí Minh",Đã sử dụng,Xe máy điện,Unknown,2025,1000,28500000,Used,Hồ Chí Minh,2025.0,1000.0
1196,https://xe.chotot.com/mua-ban-xe-may/133036327.htm,2026-06-17 19:44:36,xe_may_dien,Xe máy điện Dat Bike Quantum S1 Đen 27.000 km,44500000,Dung,"⚡️ Dat Bike Quantum S1 – Chính Chủ BSTP ⚡️ ✅ Odo: 27.000 km ✅ Chính chủ biển số TP, sang tên dễ ✅ Đã lên phuộc sau êm ái ✅ Tay thắng bình dầu Redleo xịn sò ✅ Kèm sạc nhanh 1800W 🔥 Xe vận hành ổn định, máy mạnh, ngoại hình đẹp 💰 Giá bán: 44.5 triệu Hỗ trợ trả góp, bao no xấu 🏠Xem trực tiếp quận bình tân 📞Dung: *** Tư Vấn Nhanh ZALO: *** Lưu ý: Có thu mua - giao đổi- thu xe máy đổi xe điện giá tốt...","Quận Bình Tân, Tp Hồ Chí Minh",Đã sử dụng,Xe máy điện,Unknown,2026,27000,44500000,Used,Hồ Chí Minh,2026.0,27000.0
1197,https://xe.chotot.com/mua-ban-xe-may/133035939.htm,2026-06-17 19:19:30,xe_may_dien,EVO 200 LITE 2024 Vàng,20500000,Mua xe  Điện Giá Tốt Sài Gòn,"Evov200lite, pin đã mua đứt theo xe, date2024 Dán full keo chống trày, sạc nhanh 1000w Biển số sài gòn chính chủ ký, ko cần bằng lái Giá 20,5tr - ae góp đưa trc 30% nhận xe","Quận Tân Phú, Tp Hồ Chí Minh",Đã sử dụng,Xe máy điện,Unknown,2024,21000,20500000,Used,Hồ Chí Minh,2024.0,21000.0
1198,https://xe.chotot.com/mua-ban-xe-may/133035921.htm,2026-06-17 19:18:09,xe_may_dien,Yadea Ocean 2024 màu Kem 8900 km,13800000,Kenny Đặng,"Xe máy điện Yadea Ocean màu kem, sản xuất 2024, odo 8900 km. - Xe chính chủ, biển số TP.HCM, hỗ trợ sang tên. - Đầy đủ phụ kiện: 1 chìa, 1 remote, sạc zin. - Vỏ xe mới, bình zin đi được khoảng 50km mỗi lần sạc. - Xe zin nguyên bản, giữ gìn cẩn thận.","Huyện Hóc Môn, Tp Hồ Chí Minh",Đã sử dụng,Xe máy điện,Unknown,2024,8900,13800000,Used,Hồ Chí Minh,2024.0,8900.0
1199,https://xe.chotot.com/mua-ban-xe-may/133035908.htm,2026-06-17 19:17:11,xe_may_dien,Xe máy điện Quantum S1 Trắng 35430 km,45500000,Dung,"Quantum S1 Bstp lên nhìu đồ chơi Phuộc Ohlin xịn Tay thắng bình dầu redleo Sạc nhanh 1800 W Giá 45.5 tr Hỗ trợ trả góp, bao no xấu 🏠Xem trực tiếp quận bình tân 📞Dung: *** Tư Vấn Nhanh ZALO: *** Lưu ý: Có thu mua - giao đổi- thu xe máy đổi xe điện giá tốt...","Quận Bình Tân, Tp Hồ Chí Minh",Đã sử dụng,Xe máy điện,Unknown,2026,35430,45500000,Used,Hồ Chí Minh,2026.0,35430.0
1200,https://xe.chotot.com/mua-ban-xe-may/133035414.htm,2026-06-17 18:49:44,xe_may_dien,Xe máy điện Lavia GX 2025 Xám đã sử dụng,10000000,Nguyen Le Luc,xe máy điện Lavia GX 2025 chính hãng chưa qua sửa chữa phù hợp dáng con gái xe êm mạnh ko cần bằng lái xe đã sử dụng nguyên bản chỉ về lắp bình mới là chạy chưa đăng kí xe đủ giấy tờ hoá đơn giá 10tr chưa bình accquy phù cát bình định,"Huyện Phù Cát, Bình Định",Đã sử dụng,Xe máy điện,Unknown,2025,2000,10000000,Used,Bình Định,2025.0,2000.0
1201,https://xe.chotot.com/mua-ban-xe-may/133035230.htm,2026-06-17 18:37:23,xe_may_dien,Xe máy điện VinFast Evo MAX Trắng mới 100%,17800000,Xe điện Nhất Phương,"Evo MAX đổi pin, odo như mới 21km dắt hãng về nhà Biển số bến tre chính chủ Xe đẹp keng không vết trầy, đầy đủ phụ kiện Pin thuê đổi tạm trạm tiện lợi ✅Giá 17tr8 🏦Địa chỉ: 1a Văn cao, quận Tân Phú, TPHCM","Quận Tân Phú, Tp Hồ Chí Minh",Mới,Xe máy điện,Unknown,2026,21,17800000,New,Hồ Chí Minh,2026.0,21.0
1202,https://xe.chotot.com/mua-ban-xe-may/133034195.htm,2026-06-17 17:39:29,xe_may_dien,Xe máy điện Feliz 2025 Đen 5000 Km,27500000,Dung,"Feliz 2025 Chính chủ bst Giá 27.5 tr 1 pin mua đứt Odo lướt 5000 Km Hỗ trợ trả góp, bao no xấu 🏠Xem trực tiếp quận bình tân 📞Dung: *** Tư Vấn Nhanh ZALO: *** Lưu ý: Có thu mua - giao đổi- thu xe máy đổi xe điện giá tốt...","Quận Bình Tân, Tp Hồ Chí Minh",Đã sử dụng,Xe máy điện,Unknown,2025,5000,27500000,Used,Hồ Chí Minh,2025.0,5000.0
1203,https://xe.chotot.com/mua-ban-xe-may/133033170.htm,2026-06-17 16:50:08,xe_may_dien,Xe máy điện VinFast Evo Lite Neo Trắng,20000000,ken Nguyễn,bán xe evo lite neo full đồ chơi compo 3k 150s 6b,"Quận Cẩm Lệ, Đà Nẵng",Đã sử dụng,Xe máy điện,Unknown,2025,2000,20000000,Used,Đà Nẵng,2025.0,2000.0
1204,https://xe.chotot.com/mua-ban-xe-may/132385105.htm,2026-06-17 16:49:21,xe_may_dien,🩷Pink An Sương🩷VentoNeo 2025 Xe Máy Điện,33900000,Pink Ev Premium An Sương ,"Fb - Tiktok : Nguyen Minh Long Pink Dragon ==================📌📌📌================== Vento_Neo Trắng 2025 Đồng Nai 9 Chủ Bao Chứng - Pin Mua 3.5kw - Dàn áo keng ko trầy 99% - Ốc tán 7 màu keng 99% - Còn đủ phụ kiện theo xe ❤️Xe keng 99% so với xe new 🏠𝟮𝟴𝟴 𝗧𝗿𝘂̛𝗼̛̀𝗻𝗴 𝗖𝗵𝗶𝗻𝗵 - 𝗤𝘂𝗮̣̂𝗻 𝟭𝟮 - 𝗛𝗖𝗠 ❤️Mợ Ấu đưa 5củ gốp ko lẽ sức 9 tháng ❤️Mợ Ấu đưa 50% Ko xác minh nhà ở ❤️Mợ Ấu đưa 80% ko phí hồ sơ lẽ sức ❤️Tặng 12 tháng xe hư đưa xe khác dùng ❤️Tặng đổi pin đi liền ko chờ sạc nhiều ở 8 đến 12 cơ sở ở Sài Gòn ( Ở Quận 4 -6 -8 -12 , Tân Bình, Bình Tân, Tân Phú, Thủ Đức, Phú Nhuận ) ✅𝗚𝗼́𝗽 𝗡𝗴𝗮̂𝗻 𝗛𝗮̀𝗻𝗴 : Đưa 20% ae giữ Cavet ✅𝗖𝗮̀ 𝗧𝗵𝗲̉ - 𝗚𝗼́𝗽: Cà thẻ ,chuyển đổi trả góp ✅𝗕𝗮𝗼 𝗤𝘂𝗮𝘆 Đ𝗮̂̀𝘂 : Từ 20% theo giá thị trường ✅𝗠𝘂𝗮 𝗕𝗮́𝗻 𝗧𝗿𝗮𝗼 Đ𝗼̂̉𝗶 𝗫𝗲 𝗫𝗮̆𝗻𝗴, 𝗫𝗲 Đ𝗶𝗲̣̂𝗻 𝗧𝗮̣̂𝗻 𝗡𝗵𝗮̀ 𝗖𝗧𝗬 𝗣𝗜𝗡𝗞 : 𝙓𝙀 Đ𝙄𝙀̣̂𝙉 𝙎𝘼̆̃𝙉 𝘼𝙋𝙋 - 𝗡𝗔̣̂𝗨 𝗫𝗢̛́ Đ𝗨̛𝗔 𝟲 𝗖𝗨̉ 🏠𝟭𝟳𝟴 𝗧𝗮̂𝗻 𝗧𝗵𝗼̛́𝗶 𝗛𝗶𝗲̣̂𝗽 𝟮𝟭 - 𝗤.𝟭𝟮 - 𝗛𝗖𝗠 🏠𝟮𝟴𝟴 𝗧𝗿𝘂̛𝗼̛̀𝗻𝗴 𝗖𝗵𝗶𝗻𝗵 - 𝗤𝘂𝗮̣̂𝗻 𝟭𝟮 - 𝗛𝗖𝗠 🏠𝟳𝟵 𝗛𝗼𝗮̀𝗻𝗴 𝗩𝗮̆𝗻 𝗧𝗵𝘂̣ - 𝗣𝗵𝘂́ 𝗡𝗵𝘂𝗮̣̂𝗻 - 𝗛𝗖𝗠","Quận 12, Tp Hồ Chí Minh",Đã sử dụng,Xe máy điện,Unknown,2025,10,33900000,Used,Hồ Chí Minh,2025.0,10.0
1205,https://xe.chotot.com/mua-ban-xe-may/132920078.htm,2026-06-17 16:34:53,xe_may_dien,💙Pink Phú Nhuận💙QuantumS3 bh 10 năm Xe Máy Điện,34900000,Pink Ev Premium Phú Nhuận,"Fb - Tiktok : Nguyen Minh Long Pink Dragon ==================📌📌📌================== DATBIKE S3 6/2025 Bst bao công chứng - Odo trên 10k - Có bảo hành pin 10 năm - 1 pin mua sạc đầy đi 180km - Ốc tán 7 màu keng 99% - Yên kimdang , cảng sh , nsd mới thay . - Còn đủ phụ kiện theo xe ❤️Xe keng 99% so với xe new 🏠𝟳𝟵 𝗛𝗼𝗮̀𝗻𝗴 𝗩𝗮̆𝗻 𝗧𝗵𝘂̣ - 𝗣𝗵𝘂́ 𝗡𝗵𝘂𝗮̣̂𝗻 - 𝗛𝗖𝗠 ✅𝗚𝗼́𝗽 𝗡𝗴𝗮̂𝗻 𝗛𝗮̀𝗻𝗴 : Đưa 20% ae giữ Cavet ✅𝗖𝗮̀ 𝗧𝗵𝗲̉ - 𝗚𝗼́𝗽: Cà thẻ ,chuyển đổi trả góp ✅𝗕𝗮𝗼 𝗤𝘂𝗮𝘆 Đ𝗮̂̀𝘂 : Từ 20% theo giá thị trường ✅𝗠𝘂𝗮 𝗕𝗮́𝗻 𝗧𝗿𝗮𝗼 Đ𝗼̂̉𝗶 𝗫𝗲 𝗫𝗮̆𝗻𝗴, 𝗫𝗲 Đ𝗶𝗲̣̂𝗻 𝗧𝗮̣̂𝗻 𝗡𝗵𝗮̀ 𝗖𝗧𝗬 𝗣𝗜𝗡𝗞 : 𝙓𝙀 Đ𝙄𝙀̣̂𝙉 𝙎𝘼̆̃𝙉 𝘼𝙋𝙋 - 𝗡𝗔̣̂𝗨 𝗫𝗢̛́ Đ𝗨̛𝗔 𝟲 𝗖𝗨̉ 🏠𝟭𝟳𝟴 𝗧𝗮̂𝗻 𝗧𝗵𝗼̛́𝗶 𝗛𝗶𝗲̣̂𝗽 𝟮𝟭 - 𝗤.𝟭𝟮 - 𝗛𝗖𝗠 🏠𝟮𝟴𝟴 𝗧𝗿𝘂̛𝗼̛̀𝗻𝗴 𝗖𝗵𝗶𝗻𝗵 - 𝗤𝘂𝗮̣̂𝗻 𝟭𝟮 - 𝗛𝗖𝗠 🏠𝟳𝟵 𝗛𝗼𝗮̀𝗻𝗴 𝗩𝗮̆𝗻 𝗧𝗵𝘂̣ - 𝗣𝗵𝘂́ 𝗡𝗵𝘂𝗮̣̂𝗻 - 𝗛𝗖𝗠","Quận Phú Nhuận, Tp Hồ Chí Minh",Đã sử dụng,Xe máy điện,Unknown,2025,10000,34900000,Used,Hồ Chí Minh,2025.0,10000.0
1206,https://xe.chotot.com/mua-ban-xe-may/131822252.htm,2026-06-17 16:34:15,xe_may_dien,💙Pink Phú Nhuận💙Evo200 Lite 2025 Bán Xe Máy Điện,24900000,Pink Ev Premium Phú Nhuận,"Fb - Tiktok : Nguyen Minh Long Pink Dragon ==================📌📌📌================== Evo200Lite 2025 Sài Gòn 9 Chủ Ký - Pin mua 3.5kw - Odo : 10k - Dàn áo đẹp keng 95% - Ốc tán sáng đẹp 95% - Bảo hành Vinfast toàn quốc ❤️ Xe keng 95% so với xe New 🏠𝟳𝟵 𝗛𝗼𝗮̀𝗻𝗴 𝗩𝗮̆𝗻 𝗧𝗵𝘂̣ - 𝗣𝗵𝘂́ 𝗡𝗵𝘂𝗮̣̂𝗻 - 𝗛𝗖𝗠 ❤️Nậu Xớ Đưa Từ 6tr Ko L//ã//i Suất ❤️Lên hồ sơ Online nhận xe tại nhà ❤️Nậu Xớ trả chậm trong 24 tháng ❤️Tặng 1 năm hư Pink đưa xe dùng khi chờ sửa ❤️Tặng đổi pin đi liền ko sạc ở 8 đến 12 cơ sở ( Quận 12 - Quận 6 - Bình Tân - Tân Phú - Tân Bình - Thủ Đức - Quận 4 ) ✅𝗚𝗼́𝗽 𝗡𝗴𝗮̂𝗻 𝗛𝗮̀𝗻𝗴 : Đưa 20% ae giữ Cavet ✅𝗖𝗮̀ 𝗧𝗵𝗲̉ - 𝗚𝗼́𝗽: Cà thẻ ,chuyển đổi trả góp ✅𝗕𝗮𝗼 𝗤𝘂𝗮𝘆 Đ𝗮̂̀𝘂 : Từ 20% theo giá thị trường ✅𝗠𝘂𝗮 𝗕𝗮́𝗻 𝗧𝗿𝗮𝗼 Đ𝗼̂̉𝗶 𝗫𝗲 𝗫𝗮̆𝗻𝗴, 𝗫𝗲 Đ𝗶𝗲̣̂𝗻 𝗧𝗮̣̂𝗻 𝗡𝗵𝗮̀ 𝗖𝗧𝗬 𝗣𝗜𝗡𝗞 : 𝙓𝙀 Đ𝙄𝙀̣̂𝙉 𝙎𝘼̆̃𝙉 𝘼𝙋𝙋 - 𝗡𝗔̣̂𝗨 𝗫𝗢̛́ Đ𝗨̛𝗔 𝟲 𝗖𝗨̉ 🏠𝟭𝟳𝟴 𝗧𝗮̂𝗻 𝗧𝗵𝗼̛́𝗶 𝗛𝗶𝗲̣̂𝗽 𝟮𝟭 - 𝗤.𝟭𝟮 - 𝗛𝗖𝗠 🏠𝟮𝟴𝟴 𝗧𝗿𝘂̛𝗼̛̀𝗻𝗴 𝗖𝗵𝗶𝗻𝗵 - 𝗤𝘂𝗮̣̂𝗻 𝟭𝟮 - 𝗛𝗖𝗠 🏠𝟳𝟵 𝗛𝗼𝗮̀𝗻𝗴 𝗩𝗮̆𝗻 𝗧𝗵𝘂̣ - 𝗣𝗵𝘂́ 𝗡𝗵𝘂𝗮̣̂𝗻 - 𝗛𝗖𝗠","Quận Phú Nhuận, Tp Hồ Chí Minh",Đã sử dụng,Xe máy điện,Unknown,2025,10000,24900000,Used,Hồ Chí Minh,2025.0,10000.0
1207,https://xe.chotot.com/mua-ban-xe-may/131721665.htm,2026-06-17 16:33:48,xe_may_dien,💙Pink Phú Nhuận💙FelizS BST Bán Xe Máy Điện,26900000,Pink Ev Premium Phú Nhuận,"Fb - Tiktok : Nguyen Minh Long Pink Dragon ==================📌📌📌================== FelizS Bs Tỉnh 9 Chủ Bao Công Chứng - 1 pin mua 3.5kw - Còn đủ phụ kiện theo xe - Ốc tán đẹp keng 95% - Bảo hành theo hãng Vinfast 🏠𝟳𝟵 𝗛𝗼𝗮̀𝗻𝗴 𝗩𝗮̆𝗻 𝗧𝗵𝘂̣ - 𝗣𝗵𝘂́ 𝗡𝗵𝘂𝗮̣̂𝗻 - 𝗛𝗖𝗠 ❤️Nậu Xớ Đưa Từ 6tr Ko L//ã//i Suất ❤️Lên hồ sơ Online nhận xe tại nhà ❤️Nậu Xớ trả chậm trong 24 tháng ❤️Tặng đổi pin đi liền ko sạc ở 8-12 cơ sở ❤️Tặng 1 năm hư Pink đưa xe dùng khi chờ sửa ✅𝗚𝗼́𝗽 𝗡𝗴𝗮̂𝗻 𝗛𝗮̀𝗻𝗴 : Đưa 20% ae giữ Cavet ✅𝗖𝗮̀ 𝗧𝗵𝗲̉ - 𝗚𝗼́𝗽: Cà thẻ ,chuyển đổi trả góp ✅𝗕𝗮𝗼 𝗤𝘂𝗮𝘆 Đ𝗮̂̀𝘂 : Từ 20% theo giá thị trường ✅𝗠𝘂𝗮 𝗕𝗮́𝗻 𝗧𝗿𝗮𝗼 Đ𝗼̂̉𝗶 𝗫𝗲 𝗫𝗮̆𝗻𝗴, 𝗫𝗲 Đ𝗶𝗲̣̂𝗻 𝗧𝗮̣̂𝗻 𝗡𝗵𝗮̀ 𝗖𝗧𝗬 𝗣𝗜𝗡𝗞 : 𝙓𝙀 Đ𝙄𝙀̣̂𝙉 𝙎𝘼̆̃𝙉 𝘼𝙋𝙋 - 𝗡𝗔̣̂𝗨 𝗫𝗢̛́ Đ𝗨̛𝗔 𝟲 𝗖𝗨̉ 🏠𝟭𝟳𝟴 𝗧𝗮̂𝗻 𝗧𝗵𝗼̛́𝗶 𝗛𝗶𝗲̣̂𝗽 𝟮𝟭 - 𝗤.𝟭𝟮 - 𝗛𝗖𝗠 🏠𝟮𝟴𝟴 𝗧𝗿𝘂̛𝗼̛̀𝗻𝗴 𝗖𝗵𝗶𝗻𝗵 - 𝗤𝘂𝗮̣̂𝗻 𝟭𝟮 - 𝗛𝗖𝗠 🏠𝟳𝟵 𝗛𝗼𝗮̀𝗻𝗴 𝗩𝗮̆𝗻 𝗧𝗵𝘂̣ - 𝗣𝗵𝘂́ 𝗡𝗵𝘂𝗮̣̂𝗻 - 𝗛𝗖𝗠","Quận Phú Nhuận, Tp Hồ Chí Minh",Đã sử dụng,Xe máy điện,Unknown,2023,20000,26900000,Used,Hồ Chí Minh,2023.0,20000.0
1208,https://xe.chotot.com/mua-ban-xe-may/132629984.htm,2026-06-17 16:30:21,xe_may_dien,"Xe máy điện Ecoter EH1 Đỏ, Đen",25000000,Nhim Tran ,Mẫu xe Điện hot nhất ở Thái Lan và Indo đã về dc vài xe. 👉🏻 mẫu này cải tiên hơn mẫu lion cũ rất nhiều. -Cấu hình động cơ 1.500w tóc độ chạy 7-80km/h -xe sử dụng Pin 1 lần sạc chạy dc 100km/ lần sạc - bánh mâm đúc 12in sẵn luôn (xe lion thì bánh 10in về độ lên 12 tốn thêm khúc nữa) - sk nằm trên sườn và sm nằm trên gấp (ae đam mê sẽ hiểu dc lợi thế của nó) Xe mới 100% xuất hoá đơn ra tên bấm số liền. ❌Giá chỉ 2x thôi ae số lượng có hạn. (Rẻ hơn cửa hàng gần 10củ nha),"Quận Gò Vấp, Tp Hồ Chí Minh",Mới,Xe máy điện,Unknown,2026,,25000000,New,Hồ Chí Minh,2026.0,
1209,https://xe.chotot.com/mua-ban-xe-may/132384937.htm,2026-06-17 16:29:21,xe_may_dien,🩷Pink An Sương🩷Yadea G5 odo 2k Xe Máy Điện,32900000,Pink Ev Premium An Sương ,"Fb - Tiktok : Nguyen Minh Long Pink Dragon ==================📌📌📌================== Yadea_G5 Đỏ - Biển MĐ Ko Cần Bằng Lái Bstp 9 Chủ Công Chứng - Odo 2000km - Pin Châu Âu - Dàn áo keng 99% - Ốc tán 7 màu keng 99% - Còn đủ phụ kiện theo xe ❤️Xe keng 99% so với xe new 🏠𝟮𝟴𝟴 𝗧𝗿𝘂̛𝗼̛̀𝗻𝗴 𝗖𝗵𝗶𝗻𝗵 - 𝗤𝘂𝗮̣̂𝗻 𝟭𝟮 - 𝗛𝗖𝗠 ❤️Mợ Ấu đưa 5củ gốp ko lẽ sức 9 tháng ❤️Mợ Ấu đưa 50% Ko xác minh nhà ở ❤️Mợ Ấu đưa 80% ko phí hồ sơ lẽ sức ❤️Tặng 12 tháng xe hư đưa xe khác dùng ❤️Tặng đổi pin đi liền ko chờ sạc nhiều ở 8 đến 12 cơ sở ở Sài Gòn ( Ở Quận 4 -6 -8 -12 , Tân Bình, Bình Tân, Tân Phú, Thủ Đức, Phú Nhuận ) ✅𝗚𝗼́𝗽 𝗡𝗴𝗮̂𝗻 𝗛𝗮̀𝗻𝗴 : Đưa 20% ae giữ Cavet ✅𝗖𝗮̀ 𝗧𝗵𝗲̉ - 𝗚𝗼́𝗽: Cà thẻ ,chuyển đổi trả góp ✅𝗕𝗮𝗼 𝗤𝘂𝗮𝘆 Đ𝗮̂̀𝘂 : Từ 20% theo giá thị trường ✅𝗠𝘂𝗮 𝗕𝗮́𝗻 𝗧𝗿𝗮𝗼 Đ𝗼̂̉𝗶 𝗫𝗲 𝗫𝗮̆𝗻𝗴, 𝗫𝗲 Đ𝗶𝗲̣̂𝗻 𝗧𝗮̣̂𝗻 𝗡𝗵𝗮̀ 𝗖𝗧𝗬 𝗣𝗜𝗡𝗞 : 𝙓𝙀 Đ𝙄𝙀̣̂𝙉 𝙎𝘼̆̃𝙉 𝘼𝙋𝙋 - 𝗡𝗔̣̂𝗨 𝗫𝗢̛́ Đ𝗨̛𝗔 𝟲 𝗖𝗨̉ 🏠𝟭𝟳𝟴 𝗧𝗮̂𝗻 𝗧𝗵𝗼̛́𝗶 𝗛𝗶𝗲̣̂𝗽 𝟮𝟭 - 𝗤.𝟭𝟮 - 𝗛𝗖𝗠 🏠𝟮𝟴𝟴 𝗧𝗿𝘂̛𝗼̛̀𝗻𝗴 𝗖𝗵𝗶𝗻𝗵 - 𝗤𝘂𝗮̣̂𝗻 𝟭𝟮 - 𝗛𝗖𝗠 🏠𝟳𝟵 𝗛𝗼𝗮̀𝗻𝗴 𝗩𝗮̆𝗻 𝗧𝗵𝘂̣ - 𝗣𝗵𝘂́ 𝗡𝗵𝘂𝗮̣̂𝗻 - 𝗛𝗖𝗠","Quận 12, Tp Hồ Chí Minh",Đã sử dụng,Xe máy điện,Unknown,2024,2000,32900000,Used,Hồ Chí Minh,2024.0,2000.0
1210,https://xe.chotot.com/mua-ban-xe-may/133012906.htm,2026-06-17 16:28:54,xe_may_dien,🩷Pink An Sương🩷QuantumS2 đk 2025 Xe Máy Điện,41900000,Pink Ev Premium An Sương ,"Fb - Tiktok : Nguyen Minh Long Pink Dragon ==================📌📌📌================== DatBikeS2 DK 2025 - 1 Lần Sạc 250km Bstp Chính Chủ Công Chứng - Yên Kimdan + Phuộc Redleo - Dây Curoa Mới chạy 2000km - Dàn áo keng ko trầy 99% - Ốc tán 7 màu keng 99% - Còn đủ phụ kiện theo xe ❤️Xe keng 99% so với xe new 🏠𝟮𝟴𝟴 𝗧𝗿𝘂̛𝗼̛̀𝗻𝗴 𝗖𝗵𝗶𝗻𝗵 - 𝗤𝘂𝗮̣̂𝗻 𝟭𝟮 - 𝗛𝗖𝗠 ❤️Mợ Ấu đưa 7tr2 hay 10tr2 tuỳ khách ❤️Mợ Ấu đưa 50% Ko xác minh nhà ở ❤️Mợ Ấu đưa 80% ko phí hồ sơ lẽ sức ❤️Tặng 12 tháng xe hư đưa xe khác dùng ❤️Tặng đổi pin đi liền ko chờ sạc nhiều ở 8 đến 12 cơ sở ở Sài Gòn ( Ở Quận 4 -6 -8 -12 , Tân Bình, Bình Tân, Tân Phú, Thủ Đức, Phú Nhuận ) ✅𝗚𝗼́𝗽 𝗡𝗴𝗮̂𝗻 𝗛𝗮̀𝗻𝗴 : Đưa 20% ae giữ Cavet ✅𝗖𝗮̀ 𝗧𝗵𝗲̉ - 𝗚𝗼́𝗽: Cà thẻ ,chuyển đổi trả góp ✅𝗕𝗮𝗼 𝗤𝘂𝗮𝘆 Đ𝗮̂̀𝘂 : Từ 20% theo giá thị trường ✅𝗠𝘂𝗮 𝗕𝗮́𝗻 𝗧𝗿𝗮𝗼 Đ𝗼̂̉𝗶 𝗫𝗲 𝗫𝗮̆𝗻𝗴, 𝗫𝗲 Đ𝗶𝗲̣̂𝗻 𝗧𝗮̣̂𝗻 𝗡𝗵𝗮̀ 𝗖𝗧𝗬 𝗣𝗜𝗡𝗞 : 𝙓𝙀 Đ𝙄𝙀̣̂𝙉 𝙎𝘼̆̃𝙉 𝘼𝙋𝙋 - 𝗡𝗔̣̂𝗨 𝗫𝗢̛́ Đ𝗨̛𝗔 𝟲 𝗖𝗨̉ 🏠𝟭𝟳𝟴 𝗧𝗮̂𝗻 𝗧𝗵𝗼̛́𝗶 𝗛𝗶𝗲̣̂𝗽 𝟮𝟭 - 𝗤.𝟭𝟮 - 𝗛𝗖𝗠 🏠𝟮𝟴𝟴 𝗧𝗿𝘂̛𝗼̛̀𝗻𝗴 𝗖𝗵𝗶𝗻𝗵 - 𝗤𝘂𝗮̣̂𝗻 𝟭𝟮 - 𝗛𝗖𝗠 🏠𝟳𝟵 𝗛𝗼𝗮̀𝗻𝗴 𝗩𝗮̆𝗻 𝗧𝗵𝘂̣ - 𝗣𝗵𝘂́ 𝗡𝗵𝘂𝗮̣̂𝗻 - 𝗛𝗖𝗠","Quận 12, Tp Hồ Chí Minh",Đã sử dụng,Xe máy điện,Unknown,2025,2000,41900000,Used,Hồ Chí Minh,2025.0,2000.0
1211,https://xe.chotot.com/mua-ban-xe-may/133032330.htm,2026-06-17 16:09:20,xe_may_dien,Xe máy điện VinFast Feliz 2025 Xanh rêu 2 pin,35500000,Dung,"Feliz 2025 siêu lướt Mới dắt hãng 200 Km Giá 35.5 tr 2 pin Bstp chính chủ Hỗ trợ trả góp, bao no xấu 🏠Xem trực tiếp quận bình tân 📞Dung: *** Tư Vấn Nhanh ZALO: *** Lưu ý: Có thu mua - giao đổi- thu xe máy đổi xe điện giá tốt...","Quận Bình Tân, Tp Hồ Chí Minh",Đã sử dụng,Xe máy điện,Unknown,2025,200,35500000,Used,Hồ Chí Minh,2025.0,200.0
1212,https://xe.chotot.com/mua-ban-xe-may/131761316.htm,2026-06-17 15:30:04,xe_may_dien,Xe máy điện Kazuki Slay Fashion Trắng hồng Mới,10500000,Điện Biên,"Cần bán xe như hình, xe trong tình trạng hoạt động *** Xe mới hon 90% như hình ko trầy Còn đủ 2 chìa khoá, 2 thẻ từ Giá 10,5triệu Địa chỉ xem xe : chung cư Topza Elite,Blook D1A, 547-549 Đ. Tạ Quang Bửu, Phường 4, Quận 8","Quận 8, Tp Hồ Chí Minh",Đã sử dụng,Xe máy điện,Unknown,2026,3500,10500000,Used,Hồ Chí Minh,2026.0,3500.0
1213,https://xe.chotot.com/mua-ban-xe-may/133031069.htm,2026-06-17 15:21:12,xe_may_dien,Xe máy điện VinFast Feliz S Đen pin và sạc mới,28000000,Phan Minh Minh,"Xe Feliz S đã mua pin, tuổi thọ pin 100% và sạc mới mua loại mới. Mình ở Củ Chi, có gì liên hệ trực tiếp qua ZaIo mình để xem xe. Xe biển số Sài Gòn KHÔNG buôn gian dối, định giá vàng, BẢY ngày Chợ Tốt, uy tín mang. SÁU nẻo anh em đều biết tiếng, NĂM tháng kinh doanh, khách xếp hàng. BỐN bề khảo giá, đây sát nhất, HAI chữ ""kỳ kèo"", xin cất ngang. NĂM mười sòng phẳng, tiền trao nhận, BỐN phương tin tưởng, chốt nhẹ nhàng. HAI bên thuận ý, giao dịch gọn, NĂM sao đánh giá, sáng nguyên trang.","Huyện Củ Chi, Tp Hồ Chí Minh",Đã sử dụng,Xe máy điện,Unknown,2023,63000,28000000,Used,Hồ Chí Minh,2023.0,63000.0
1214,https://xe.chotot.com/mua-ban-xe-may/132699023.htm,2026-06-17 15:02:41,xe_may_dien,Vinfast Evo neo siêu lướt 400km - BSTP chính chủ,16600000,Mr Thien,"Xe máy điện VinFast Evo neo màu đen, thiết kế hiện đại, phù hợp cho cả nam và nữ. - Động cơ mạnh mẽ, vận hành êm ái. - Quãng đường di chuyển xa, sạc zin theo xe chính hãng - Tiết kiệm chi phí, thân thiện môi trường. - Xe BSTP chính chủ, đăng ký lần đầu tháng 4/2026, xe như mới dắt hãng, full phụ kiện đi kèm. bảo hàng chính hãng còn 8 năm đối với pin và 6 năm đối với xe dài miên man. Keo đã dán nguyên xe, sơn không vết trầy, ốc tán toàn xe chưa đụng chạm. cảm ơn ACE đã xem tin.","Quận Gò Vấp, Tp Hồ Chí Minh",Đã sử dụng,Xe máy điện,Unknown,2026,466,16600000,Used,Hồ Chí Minh,2026.0,466.0
1215,https://xe.chotot.com/mua-ban-xe-may/132878456.htm,2026-06-17 14:39:32,xe_may_dien,Xe máy điện Dibao Gogo Cross 2023 Xám,11800000,Trung Đồ Cũ,Gogo Cross chính hãng Dibao đời cao 2023 Xe đẹp bình khỏe chạy êm ru Giấy tờ đầy đủ Thanh lý 11 tr 800k cho các cháu về đi học nhé,"Thành phố Nam Định, Nam Định",Đã sử dụng,Xe máy điện,Unknown,2023,8888,11800000,Used,Nam Định,2023.0,8888.0
1216,https://xe.chotot.com/mua-ban-xe-may/133028778.htm,2026-06-17 13:47:53,xe_may_dien,Xe máy điện Before All BF 150S 2026 Đỏ,39800000,Ích Quân Ngô,"BF 150S Before All sản xuất năm 2026 màu đỏ, dành cho các bạn phong cách trẻ trung, năng động Vận hành êm ái, bứt tốc ngoạn mục và an toàn nhất trên mọi nẻo đường Tốc độ tối đa lên tới 90km /h Di chuyển 150km/lần sạc Xe bảo hành đến 3 năm, PIN bảo hành đến 10 năm Chúng tôi vừa là Đại lý cấp I, vừa là Trung tâm bảo hành của Before All, đến với XE ĐIỆN KHÁNH PHƯƠNG 38 Nguyễn Khánh Toàn, Hà Nội các bạn sẽ nhận được ưu đãi *** và chính sách hậu đãi tuyệt vời của hãng tại Trung tâm và Cửa hàng của chúng tôi","Quận Cầu Giấy, Hà Nội",Mới,Xe máy điện,Unknown,2026,,39800000,New,Hà Nội,2026.0,
1217,https://xe.chotot.com/mua-ban-xe-may/132613429.htm,2026-06-17 13:42:03,xe_may_dien,Xe máy điện Vinfast Ludo Đen trắng,8000000,Xe Điện Kim Thảo,- LuDo Vinfast. Odo 9k . Biển TP - Xe ko cần bằng lái - Vận tốc tối đa 35km/h. Quãng đường đi 50km/lần sạc - Bảo hành pin 03 tháng - Giá 8 triệu - Địa chỉ : 24/6. Đ.TL44. P.thạnh lộc. Q12,"Quận 12, Tp Hồ Chí Minh",Đã sử dụng,Xe máy điện,Unknown,2021,9000,8000000,Used,Hồ Chí Minh,2021.0,9000.0
1218,https://xe.chotot.com/mua-ban-xe-may/132903582.htm,2026-06-17 12:51:07,xe_may_dien,Xe máy điện Pega Aura 9 Đen,7500000,Trung Đồ Cũ,"Khách đổi xe mới thanh lý em vespa điện Bình khỏe date 2024 Lốp mới thay dầy cộp Đã bảo dưỡng đầy đủ , chạy êm ru Giá 7 tr 500k cho các cháu về đi học nhé","Thành phố Nam Định, Nam Định",Đã sử dụng,Xe máy điện,Unknown,2019,8888,7500000,Used,Nam Định,2019.0,8888.0
1219,https://xe.chotot.com/mua-ban-xe-may/133026821.htm,2026-06-17 12:15:24,xe_may_dien,"Xe máy điện X-Men Đen, Đỏ",3850000,Mr Lee,"xe nhà dư dùng vì có xe mới nên bán lại cho nhà anh chị em nào cần,bớt ngay 200k cho người thiện chí chốt nhanh gọn ạ","Thành phố Cao Lãnh, Đồng Tháp",Đã sử dụng,Xe máy điện,Unknown,2025,40,3850000,Used,Đồng Tháp,2025.0,40.0
1220,https://xe.chotot.com/mua-ban-xe-may/133026170.htm,2026-06-17 11:50:37,xe_may_dien,Xe máy điện VinFast Evo Grand Trắng 2026,19500000,EVBATTERY,"- ODO : 3.300km - Pin / Ắc Quy : Zin hãng 2.4Kw - Ngoại hình : 95% - Thủ tục mua bán : Ủy quyền - Năm đăng ký : 04/2026 - Giá bán: 19,500,000","Quận Tân Bình, Tp Hồ Chí Minh",Đã sử dụng,Xe máy điện,Unknown,2026,3300,19500000,Used,Hồ Chí Minh,2026.0,3300.0
1221,https://xe.chotot.com/mua-ban-xe-may/133025701.htm,2026-06-17 11:32:21,xe_may_dien,Xe máy điện Evo Grand 1 Pin Trắng,20500000,Dung,"🚨 Evo Grand 1 Pin - Xe Mới Cần Nhượng Lại 🚨 ✅ Xe mới tinh, nhượng lại rẻ hơn hãng 2 triệu ✅ Giá chỉ 20.5 triệu ✅ Bao xuất hóa đơn chính chủ ✅ Evo Grand 1 pin chính hãng ✅ Giá hãng hiện tại 23.9 triệu (chưa gồm biển số) Hỗ trợ trả góp, bao no xấu 🏠Xem trực tiếp quận bình tân 📞Dung: *** Tư Vấn Nhanh ZALO: *** Lưu ý: Có thu mua - giao đổi- thu xe máy đổi xe điện giá tốt...","Quận Bình Tân, Tp Hồ Chí Minh",Đã sử dụng,Xe máy điện,Unknown,2026,10,20500000,Used,Hồ Chí Minh,2026.0,10.0
1222,https://xe.chotot.com/mua-ban-xe-may/132661336.htm,2026-06-17 11:02:34,xe_may_dien,Xe máy điện Zoomer Đỏ Đã sử dụng,3600000,xuân thao,"cần bán xe điện như hình, bình tốt,đèn còi ,xinhan,phanh pháo cực ngon ,đi học,đi làm,đi nhậu thì ok luôn ạ,bác nào có nhu cầu sms hoặc zalo em ạ","Quận Hoàng Mai, Hà Nội",Đã sử dụng,Xe máy điện,Unknown,2022,10000,3600000,Used,Hà Nội,2022.0,10000.0
1223,https://xe.chotot.com/mua-ban-xe-may/132878616.htm,2026-06-17 11:02:14,xe_may_dien,Xe máy điện TailG GR56 Trắng hồng Mới,14800000,Trung Đồ Cũ,"Gr56 chính hãng TaiLG mới 100% chưa lăn bánh - Dòng xe mới hot trend - Cốp to rộng rãi - phụ kiện , sạc , gương , bàn đạp đầy đủ - Chế độ bảo hành 1 năm * Giá 14 tr 800k Địa chỉ 183 đặng xuân bảng Nam Định","Thành phố Nam Định, Nam Định",Mới,Xe máy điện,Unknown,2026,,14800000,New,Nam Định,2026.0,
1224,https://xe.chotot.com/mua-ban-xe-may/132879256.htm,2026-06-17 10:42:17,xe_may_dien,Xe máy điện DK bike Roma Lite Đỏ Candy,15500000,Trung Đồ Cũ,Lên cho anh chị em 1 siêu phẩm mới về... Dk bike roma Lite màu đỏ Candy đẹp mê ly 😘 Hàng mới 100% chưa lăn bánh Giá thị trường đang bán hơn 2 chục Nay em Trung xả nốt 15 tr 500k Bảo hành 1 năm ( Bên em vẫn nhận thu xe cũ đổi xe mới nhé ) Địa chỉ 183 đặng xuân bảng Nam Định,"Thành phố Nam Định, Nam Định",Mới,Xe máy điện,Unknown,2026,,15500000,New,Nam Định,2026.0,
1225,https://xe.chotot.com/mua-ban-xe-may/133023423.htm,2026-06-17 10:08:53,xe_may_dien,"Xe máy điện Lavia sx đời mới, bản 2 phanh đĩa",15500000,Hồ Anh Dũng,"Xe máy điện cao cấp Lavia sx bản 2 phanh đĩa, đời mới, xe khoẻ lăm","Quận Cầu Giấy, Hà Nội",Mới,Xe máy điện,Unknown,2026,,15500000,New,Hà Nội,2026.0,
1226,https://xe.chotot.com/mua-ban-xe-may/127435750.htm,2026-06-17 10:02:17,xe_may_dien,xe điện tự chế 102 thế gioi,18000000,Hoàng sang,"xe điện tự chế 102 thế gioi luon nha ,đi ra đuong bao nổi tiếng nha ,tự mình làm và thiet kế","Quận Gò Vấp, Tp Hồ Chí Minh",Đã sử dụng,Xe máy điện,Unknown,0,0,18000000,Used,Hồ Chí Minh,0.0,0.0
1227,https://xe.chotot.com/mua-ban-xe-may/131790137.htm,2026-06-17 09:52:59,xe_may_dien,Xe máy điện Evo Grand Lite - Góp Tư Nhân,3500000,HIỀN ĐIỆN MÁY TRẢ GÓP 0 ĐỒNG,"Xe máy điện VinFast Evo Grand Lite màu hồng, thiết kế hiện đại, phù hợp cho cả nam và nữ. - ZÁ TRÊN LÀ GÓP HÀNG THÁNG, BAO NỢ XẤU KHÔNG QUA NGÂN HÀNG - Động cơ mạnh mẽ, vận hành êm ái. - Quãng đường di chuyển xa, sạc nhanh. - Trang bị nhiều tính năng thông minh.","Quận 11, Tp Hồ Chí Minh",Mới,Xe máy điện,Unknown,2026,,3500000,New,Hồ Chí Minh,2026.0,
1228,https://xe.chotot.com/mua-ban-xe-may/132692030.htm,2026-06-17 08:53:40,xe_may_dien,Xe máy điện VinFast Klara A2 Đỏ,10500000,Nguyễn thái hoài,"Xe máy điện VinFast Klara a2 màu đỏ, thiết kế hiện đại, vận hành êm ái. - Động cơ mạnh mẽ, quãng đường di chuyển tốt. - Tiết kiệm chi phí, thân thiện môi trường. - Xe 5 bình mới thay sẵn sàng sử dụng. -giấy tờ biển số đầy đủ","Quận Sơn Trà, Đà Nẵng",Đã sử dụng,Xe máy điện,Unknown,2019,20000,10500000,Used,Đà Nẵng,2019.0,20000.0
1229,https://xe.chotot.com/mua-ban-xe-may/133020959.htm,2026-06-17 08:24:20,xe_may_dien,Xe điệnPin con manh chay 45km/h,6500000,Tam Dac,"Xe điện màu kem, - Kiểu dáng thời trang, nhỏ gọn, dễ điều khiển. - Động cơ mạnh mẽ, vận hành êm ái. - Pin bền bỉ, 70km một lân xặc di chuyển quãng đường xa. - Xe mới, ít sử dụng. thẻ từ va cục xac. con đày đú","Quận Bình Tân, Tp Hồ Chí Minh",Đã sử dụng,Xe máy điện,Unknown,2025,1000,6500000,Used,Hồ Chí Minh,2025.0,1000.0
1230,https://xe.chotot.com/mua-ban-xe-may/133020659.htm,2026-06-17 08:00:03,xe_may_dien,Xe máy điện BF Siêu lướt Xám Việt Nam,6888000,Xe Bảo Tín 61 Nguyễn Lương Bằng HN,"Xe máy Điện BF siêu lướt. Đã đki biển HN. Bảo hành còn rất dài của hãng. Trả góp chỉ cần 6tr là có xe đi luôn. Xem xe và đi thử tại 61 Nguyễn Lương Bằng. Đống Đa, HN. Sdt/zalo hỗ trợ *** Nhận trao đổi thu mua xe cũ sabg xe mới. Sửa chữa thay thế phụ tùng xe điện tại nhà có bảo hành. Phân phối bán buôn bán lẻ toàn quốc.","Quận Đống Đa, Hà Nội",Đã sử dụng,Xe máy điện,Unknown,2026,2000,6888000,Used,Hà Nội,2026.0,2000.0
1231,https://xe.chotot.com/mua-ban-xe-may/133020653.htm,2026-06-17 07:59:40,xe_may_dien,cho thuê xe và app chạy xanh sm,2500000,Liên,"mình có dư vài chiếc xe cho thuê tháng. sẵn xe và app xanh sm cho ae cày kiếm cơm. ae nhận xe chỉ việc mở app và kiếm tiền thôi thủ tục nhanh, gọn, lẹ. chỉ cần cccd và bằng lái","Huyện Bình Chánh, Tp Hồ Chí Minh",Đã sử dụng,Xe máy điện,Unknown,2025,5000,2500000,Used,Hồ Chí Minh,2025.0,5000.0
1232,https://xe.chotot.com/mua-ban-xe-may/132749934.htm,2026-06-17 07:29:20,xe_may_dien,✅Cần bán xe điện cũ 133M. chạy 4 bình khỏe,3900000,XE ĐIỆN CŨ SÓNG THẦN ,"✅Cần bán xe điện cũ 133M.giá:3tr900..👉4 bình lớn khoẻ ,khoảng 20-25km/1 lần xạc.Xe Ngay gầm cầu vượt sóng thần📞📞📞","Thành phố Thủ Đức, Tp Hồ Chí Minh",Đã sử dụng,Xe máy điện,Unknown,2024,1234,3900000,Used,Hồ Chí Minh,2024.0,1234.0
1233,https://xe.chotot.com/mua-ban-xe-may/133020225.htm,2026-06-17 07:20:11,xe_may_dien,"Xe điện Xmen màu Đen, Đỏ",6000000,Hien Nguyen,Bán chiếc xe điện Xmen như hình Giá 6tr. Chạy được 49km/h. Chạy được khoảng 50km khi sạc đầy. Nếu thay bình mới luôn thì 80km/h,"Quận 1, Tp Hồ Chí Minh",Đã sử dụng,Xe máy điện,Unknown,2020,1500,6000000,Used,Hồ Chí Minh,2020.0,1500.0
1234,https://xe.chotot.com/mua-ban-xe-may/133020200.htm,2026-06-17 07:18:31,xe_may_dien,Xe máy điện Dexing Xanh bạc hà,5000000,sang sang,"Xe đạp điện màu xanh bạc hà, kiểu dáng hiện đại, vận hành êm ái. - Thiết kế trẻ trung, năng động. - Động cơ mạnh mẽ, tiết kiệm năng lượng. - Phù hợp di chuyển trong thành phố. giá bán: 5 triệu","Quận Bình Tân, Tp Hồ Chí Minh",Đã sử dụng,Xe máy điện,Unknown,2025,50,5000000,Used,Hồ Chí Minh,2025.0,50.0
1235,https://xe.chotot.com/mua-ban-xe-may/133020151.htm,2026-06-17 07:14:43,xe_may_dien,Xe máy điện Kazuki Xmen Xanh bình điện mới bh 12t,7900000,Xe Điện Cũ Nz,"bán xe máy điện xmen màu xanh chính hãng kazuki, xe đời mới 2 giảm sốc sau, bình điện mới 100% nguyên hộp bảo hành 1 năm. lần sạc đi 60-70km. rất tiết kiệm chi phí, dễ sử dụng","Quận Liên Chiểu, Đà Nẵng",Đã sử dụng,Xe máy điện,Unknown,2020,7777,7900000,Used,Đà Nẵng,2020.0,7777.0
1236,https://xe.chotot.com/mua-ban-xe-may/133020148.htm,2026-06-17 07:14:37,xe_may_dien,Xe điện Osakar Vespa đèn vuông Xám titan bình mới,10500000,Xe Điện Cũ Nz,"bán xe điện vespa đèn vuông màu xám titan, xe chính hãng osakar bình điện mới nguyên hộp bảo hành 1 năm. lần sạc đi 60-70km. không cần bằng lái xe, rất dễ sử dụng và tiết kiệm chi phí vận hành","Quận Liên Chiểu, Đà Nẵng",Đã sử dụng,Xe máy điện,Unknown,2021,8888,10500000,Used,Đà Nẵng,2021.0,8888.0
1237,https://xe.chotot.com/mua-ban-xe-may/133020140.htm,2026-06-17 07:14:04,xe_may_dien,Xe máy điện VinFast Feliz S Đỏ mận,22000000,Xe Điện Cũ Nz,"bán xe điện feliz S màu đỏ mận, pin 3500w, sạc 1000w.","Quận Liên Chiểu, Đà Nẵng",Đã sử dụng,Xe máy điện,Unknown,2022,70000,22000000,Used,Đà Nẵng,2022.0,70000.0
1238,https://xe.chotot.com/mua-ban-xe-may/133020139.htm,2026-06-17 07:14:00,xe_may_dien,Xe điện Vespa Bạc 5 bình lớn 60-70km Đã sử dụng,8000000,Trương Tuấn,"Xe điện Vespa xe mới 85% 5 bình lớn , đầy đủ chức năng , 1 lần sạc đi đc khoảng 60~70km ~Xe ở khu vực Bình tân , tân phú ạ .. 🛵 Ace ưng Lh sđt zalo em :*** ạ.. ✅ Giá e để :8.xxx.xxx em còn fix nhẹ chút lộc cho Ace thiện chí muốn mua ạ ..🛵🛵 Xe điện Vespa xe mới 85% 5 bình lớn , đầy đủ chức năng , 1 lần sạc đi đc khoảng 60~70km","Quận Bình Tân, Tp Hồ Chí Minh",Đã sử dụng,Xe máy điện,Unknown,2020,9000,8000000,Used,Hồ Chí Minh,2020.0,9000.0
1239,https://xe.chotot.com/mua-ban-xe-may/133020125.htm,2026-06-17 07:13:05,xe_may_dien,Xe máy điện Vespa 2022 màu Đen,7900000,Xe Điện Phát Đạt,"Vespa đèn vuông đk 2022 chạy êm ,,hình thức đẹp,.🔋🔋 ắc quy đi 40-50km ..giấy tờ đầy đủ ..Ace qtam kb za lo tư vấn","Quận Hoàng Mai, Hà Nội",Đã sử dụng,Xe máy điện,Unknown,2022,15000,7900000,Used,Hà Nội,2022.0,15000.0
1240,https://xe.chotot.com/mua-ban-xe-may/133017451.htm,2026-06-16 20:44:46,xe_may_dien,Xe máy điện VinFast Evo 200 màu Đỏ,19000000,Anh ba,bán xe evo 200 đang làm biển số ae nào ưng gả ngay,"Quận Gò Vấp, Tp Hồ Chí Minh",Đã sử dụng,Xe máy điện,Unknown,2025,30000,19000000,Used,Hồ Chí Minh,2025.0,30000.0
1241,https://xe.chotot.com/mua-ban-xe-may/133016226.htm,2026-06-16 19:25:42,xe_may_dien,Xe máy điện SMB Neo Xám,14000000,Nguyễn Văn Hữu,"Xe máy điện SMB Neo màu xám, kiểu dáng hiện đại, phù hợp cho cả nam và nữ. - Xe chạy êm, tiết kiệm năng lượng. - Thiết kế nhỏ gọn, dễ điều khiển. - Động cơ bền bỉ, vận hành ổn định. CHO HỌC SINH CẤP 2 VÀ CẤP 3 DI HỌC","Quận Tân Bình, Tp Hồ Chí Minh",Mới,Xe máy điện,Unknown,2026,,14000000,New,Hồ Chí Minh,2026.0,
1242,https://xe.chotot.com/mua-ban-xe-may/133016225.htm,2026-06-16 19:25:36,xe_may_dien,VinFast Feliz 2025 Đen 80km,25000000,Trung Trung,"Xe máy điện VinFast Feliz đời 2025, màu đen, mới chạy 80km. - Xe còn rất mới, giữ gìn cẩn thận. - Thiết kế hiện đại, vận hành êm ái. - Phù hợp di chuyển trong thành phố.","Thành phố Mỹ Tho, Tiền Giang",Đã sử dụng,Xe máy điện,Unknown,2025,80,25000000,Used,Tiền Giang,2025.0,80.0
1243,https://xe.chotot.com/mua-ban-xe-may/133016075.htm,2026-06-16 19:15:37,xe_may_dien,Xe máy điện Datbike Quantum S3 2026,33500000,Hai Pham,"Xe máy điện Quantum S3 màu xanh, mới chạy gần 500 km. - Xe còn rất mới, ít sử dụng. - Thiết kế hiện đại, vận hành êm ái. - Động cơ mạnh mẽ, tiết kiệm năng lượng. - Sạc 1800w","Huyện Thanh Trì, Hà Nội",Đã sử dụng,Xe máy điện,Unknown,2026,500,33500000,Used,Hà Nội,2026.0,500.0
1244,https://xe.chotot.com/mua-ban-xe-may/132802955.htm,2026-06-16 17:32:23,xe_may_dien,Tailg T71 Xanh như new mới mua 1 tháng,22500000,Mua xe  Điện Giá Tốt Sài Gòn,Tailg T71 1 lần sạc đi 100km xe mới 26 củ lăng bánh 29 mới đi 1k km mới mua 1 tháng lên phuộc 2tr5 cần ra đi nên bán,"Quận Tân Phú, Tp Hồ Chí Minh",Đã sử dụng,Xe máy điện,Unknown,2026,100,22500000,Used,Hồ Chí Minh,2026.0,100.0
1245,https://xe.chotot.com/mua-ban-xe-may/132411319.htm,2026-06-16 15:56:42,xe_may_dien,🩷Pink An Sương🩷QuantumS1 đk 2025 Xe Máy Điện,51900000,Pink Ev Premium An Sương ,"Fb - Tiktok : Nguyen Minh Long Pink Dragon ==================📌📌📌================== DatbikeS1 Đen - Đi 285km/ 1 lần sạc Bstp Chính Chủ Công Chứng - Odo 10 ngàn - Dàn áo keng ko trầy 99% - Ốc tán 7 màu keng 99% - Còn đủ phụ kiện theo xe ❤️Xe keng 99% so với xe new 🏠𝟮𝟴𝟴 𝗧𝗿𝘂̛𝗼̛̀𝗻𝗴 𝗖𝗵𝗶𝗻𝗵 - 𝗤𝘂𝗮̣̂𝗻 𝟭𝟮 - 𝗛𝗖𝗠 ❤️Mợ Ấu đưa 5củ gốp ko lẽ sức 9 tháng ❤️Mợ Ấu đưa 50% Ko xác minh nhà ở ❤️Mợ Ấu đưa 80% ko phí hồ sơ lẽ sức ❤️Tặng 12 tháng xe hư đưa xe khác dùng ❤️Tặng đổi pin đi liền ko chờ sạc nhiều ở 8 đến 12 cơ sở ở Sài Gòn ( Ở Quận 4 -6 -8 -12 , Tân Bình, Bình Tân, Tân Phú, Thủ Đức, Phú Nhuận ) ✅𝗚𝗼́𝗽 𝗡𝗴𝗮̂𝗻 𝗛𝗮̀𝗻𝗴 : Đưa 20% ae giữ Cavet ✅𝗖𝗮̀ 𝗧𝗵𝗲̉ - 𝗚𝗼́𝗽: Cà thẻ ,chuyển đổi trả góp ✅𝗕𝗮𝗼 𝗤𝘂𝗮𝘆 Đ𝗮̂̀𝘂 : Từ 20% theo giá thị trường ✅𝗠𝘂𝗮 𝗕𝗮́𝗻 𝗧𝗿𝗮𝗼 Đ𝗼̂̉𝗶 𝗫𝗲 𝗫𝗮̆𝗻𝗴, 𝗫𝗲 Đ𝗶𝗲̣̂𝗻 𝗧𝗮̣̂𝗻 𝗡𝗵𝗮̀ 𝗖𝗧𝗬 𝗣𝗜𝗡𝗞 : 𝙓𝙀 Đ𝙄𝙀̣̂𝙉 𝙎𝘼̆̃𝙉 𝘼𝙋𝙋 - 𝗡𝗔̣̂𝗨 𝗫𝗢̛́ Đ𝗨̛𝗔 𝟲 𝗖𝗨̉ 🏠𝟭𝟳𝟴 𝗧𝗮̂𝗻 𝗧𝗵𝗼̛́𝗶 𝗛𝗶𝗲̣̂𝗽 𝟮𝟭 - 𝗤.𝟭𝟮 - 𝗛𝗖𝗠 🏠𝟮𝟴𝟴 𝗧𝗿𝘂̛𝗼̛̀𝗻𝗴 𝗖𝗵𝗶𝗻𝗵 - 𝗤𝘂𝗮̣̂𝗻 𝟭𝟮 - 𝗛𝗖𝗠 🏠𝟳𝟵 𝗛𝗼𝗮̀𝗻𝗴 𝗩𝗮̆𝗻 𝗧𝗵𝘂̣ - 𝗣𝗵𝘂́ 𝗡𝗵𝘂𝗮̣̂𝗻 - 𝗛𝗖𝗠","Quận 12, Tp Hồ Chí Minh",Đã sử dụng,Xe máy điện,Unknown,2025,10000,51900000,Used,Hồ Chí Minh,2025.0,10000.0
1246,https://xe.chotot.com/mua-ban-xe-may/132842841.htm,2026-06-16 15:42:49,xe_may_dien,Xe máy điện Vento Neo 2025 Đen,35900000,Kiệt Xe Điện 3sGo,"#VentoNeo Đen - DK 2025 - Pin Mua Bstp Chính Chủ Công Chứng 🌏Xem thêm : *** - Odo 10000 cây - Dàn áo keng ko trầy 99% - Óc tán 7 màu keng 99% - Còn đủ phụ kiện theo xe ❤️Xe keng 99% so với xe new #Giá_35tr9 - Nậu Xớ 11tr5 Lấy Xe Ko Phát Sinh Thêm & Ko Xác Minh ☎️/𝗭𝗮𝗹𝗼 : *** 🏠 𝟳𝟵 𝗛𝗼𝗮̀𝗻𝗴 𝗩𝗮̆𝗻 𝗧𝗵𝘂̣ - 𝗣𝗵𝘂́ 𝗡𝗵𝘂𝗮̣̂𝗻 - 𝗛𝗖𝗠 ❤️Mợ Ấu đưa 5củ gốp ko lẽ sức 9 tháng ❤️Mợ Ấu đưa 30% (9tr) Ko xác minh nhà ở ❤️Mợ Ấu đưa 50% Ko xác minh nhà ở ❤️Mợ Ấu đưa 80% ko phí hồ sơ lẽ sức ❤️Tặng 12 tháng xe hư đưa xe khác dùng ❤️Tặng đổi pin đi liền ko chờ sạc nhiều ở 8 đến 12 cơ sở ở Sài Gòn ( Ở Quận 4 -6 -8 -12 , Tân Bình, Bình Tân, Tân Phú, Thủ Đức, Phú Nhuận )","Quận Phú Nhuận, Tp Hồ Chí Minh",Đã sử dụng,Xe máy điện,Unknown,2025,10000,35900000,Used,Hồ Chí Minh,2025.0,10000.0
1247,https://xe.chotot.com/mua-ban-xe-may/133011343.htm,2026-06-16 15:14:36,xe_may_dien,Xe điện TAILG GR56 Xám cam- mới chính hãng,3520000,Vy Điện Máy Trả Góp Tại Nhà,"Xe điện TAILG GR56 màu xám cam, thiết kế hiện đại, phù hợp cho cả nam và nữ. - Động cơ mạnh mẽ, vận hành êm ái. - Ắc quy bền bỉ, đi được quãng đường xa. - An toàn với hệ thống phanh và đèn LED. ✔️ Không cần trả trước (tùy hồ sơ) ✔️ Chỉ cần CCCD gắn chip ✔️ Duyệt hồ sơ trong 15 phút ✔️ Góp nhẹ hàng tháng ✔️ Giao hàng tận nơi","Quận Gò Vấp, Tp Hồ Chí Minh",Mới,Xe máy điện,Unknown,2025,,3520000,New,Hồ Chí Minh,2025.0,
1248,https://xe.chotot.com/mua-ban-xe-may/133010865.htm,2026-06-16 14:54:18,xe_may_dien,Xe máy điện Vinfast Evo200 2025 Đỏ 23.000km,20500000,ĐỨC LINH ,"Xe vinfast evo200 đã chạy đc 23.000km , đăng ký 3/2025 Xe vẫn còn 2 chìa , 2 kính theo xe , sổ bảo hành còn hơn 4 năm Pin vẫn sử dụng tốt chạy tối đa 1 lần sạc đầy được 130km Xe đang sử tốt k lỗi lầm gì hết mua về chỉ việc sử dụng thôi Xe đi kèm có sạc 400w , e tặng kèm theo sạc 1000w đang sử dụng Xe chính chủ mua bán công chứng sang tên vô tư trong ngày Xe có vài chỗ trày phần yếm như ảnh , zin tất cả chưa sửa chữa gì , xe có sao nói vậy cho đỡ mất thời gian Bán 20.500.000d ( thiện chí e có bớt nhẹ cafe ạ )","Huyện Đức Hòa, Long An",Đã sử dụng,Xe máy điện,Unknown,2025,23000,20500000,Used,Long An,2025.0,23000.0
1249,https://xe.chotot.com/mua-ban-xe-may/133010377.htm,2026-06-16 14:35:53,xe_may_dien,Xe điện Latina Vi 2.0 Trắng bóng 60-70km,17500000,Phúc Văn,xe điện latina vi 2.0 đi được 60km -70km bảo hành pin 1năm mới mua được 1 ngày đang cần tiền bán giá mua mới 19tr500 bán lại 17tr500,"Thị xã Điện Bàn, Quảng Nam",Đã sử dụng,Xe máy điện,Unknown,2026,100,17500000,Used,Quảng Nam,2026.0,100.0
1250,https://xe.chotot.com/mua-ban-xe-may/132909185.htm,2026-06-16 14:08:06,xe_may_dien,VinFast EVOLITE NEO,14400000,Nguyễn Huy Hoàng,"VinFast - EVOLITE NEO ( Màu Trắng- Xanh Rêu ) Phiên bản dành cho học sinh và người lớn chưa có bằng lái Thiết kế trẻ trung , năng động Tốc độ max : 49km/h Xe được trang bị 5 bình ác quy => Cho quãng đường di chuyển thực tế đạt 50km/lần sạc , ưu điểm giá thành rẻ , dễ sửa chữa Cốp rộng 17 lít Chính sách bảo hành : xe bảo hành 3 năm , Ác quy bảo hành 1 năm Anh/Chị có nhu cầu LH : *** Xem xe trực tiếp tại : 75 Vĩnh Phúc - Ba Đình-Hà Nội","Quận Ba Đình, Hà Nội",Mới,Xe máy điện,Unknown,2026,,14400000,New,Hà Nội,2026.0,
1251,https://xe.chotot.com/mua-ban-xe-may/133009715.htm,2026-06-16 14:07:47,xe_may_dien,"theons 2025 , odo 6.500km , Chính Chủ Giá Iu .....",52000000,nguyenchuyenpin,"• Xe chính chủ, còn như mới 99%. • Máy móc, điện đóm nguyên zin không lỗi lầm. • Pin sạc chạy 150km, tăng tốc mượt mà không giật cục. ** Xe sản xuất 2025, đăng kí tháng 6/2025 ** Phụ kiện kèm theo: 2 chìa và 1 sạc 1000W zin hãng. Giá: 52.000.000 Vnd 😚🥰🤪💁..........THU XĂNG ĐỔI ĐIỆN ĐỔI ĐỜI..........😍😄😄😄 - MÌNH CAM KẾT THU CAO HƠN NHỮNG CỬA HÀNG KHÁC 1 ĐẾN 2TR NHÉ . - CẦM XE MÁY _ XE ĐIỆN _ XE HƠI ĐIỆN _ LAPTOP _ LOA _ DÀN CDJ _ HIEND _ VÀNG _ HỘT XOÀN ...VV. GIÁ CAO ( CHÍNH CHỦ ) KỂ CẢ XE ĐANG CẦM NGÂN HÀNG . ĐỊNH GIÁ NGAY CÓ TIỀN SAU 19 PHÚT . - CHUYÊN ĐỘ PIN _ SỮA CHỮA_ TÂN TRANG CHO TẤT CẢ CÁC LOẠI XE ĐIỆN . - CHUYÊN LÀM GIẤY TỜ XE MÁY & XE HƠI TOÀN QUỐC ( RÚT GỐC + ĐK MỚI ) MỌI GIẤY TỜ XE KHÓ XÁC MINH GỐC - TUYỂN CTV BÁN XE + LIVE BÁN HÀNG 1TR / 1 CHIẾC TIỀN TƯƠI .( LƯƠNG CĂN BẢN 6TR ) . ........nguyenchuyenpin.com.......... ✅ 𝐂Ó 𝐓𝐑Ả 𝐆Ó𝐏 – 𝐂À 𝐓𝐇Ẻ – 𝐆𝐈𝐀𝐎 𝐓Ậ𝐍 𝐍𝐇À ✅ 𝐍Ợ 𝐗Ấ𝐔 𝐁𝐀𝐎 ĐẬ𝐔 𝟏𝟎𝟎% ✅ 𝐂𝐀𝐌 𝐊Ế𝐓 𝐗𝐄 𝐓𝐇Ậ𝐓 – 𝐆𝐈Á 𝐓𝐇Ậ𝐓 – 𝐁Ả𝐎 𝐇À𝐍𝐇 𝐌𝐈𝐍𝐇 𝐁Ạ𝐂𝐇 😛ĐỊA CHỈ : 21 Nguyễn Súy . Phú Thọ Hoà ( Tân Phú Cũ ) . 😭🤪🥵😉 Time Mở Cửa : 6Am _ 24Pm ☎ *** ☎ 📢 QUÝ KHÁCH VUI LÒNG GỌI TRƯỚC KHI QUA . XIN CÁM ƠN QUÝ KHÁCH ĐÃ QUAN TÂM .","Quận Tân Phú, Tp Hồ Chí Minh",Đã sử dụng,Xe máy điện,Unknown,2025,150,52000000,Used,Hồ Chí Minh,2025.0,150.0
1252,https://xe.chotot.com/mua-ban-xe-may/132749665.htm,2026-06-16 13:54:48,xe_may_dien,Xe máy điện Vinfast EVOGRAND LITE,16600000,Nguyễn Huy Hoàng,"Vinfast - EVOGRAND LITE ( xe gồm màu : Hồng , trắng , đen , vàng ) Mẫu xe cho các bạn học sinh không cần bằng lái Từ ngày 1/6/2026 : VF đã ra chính sách giảm giá 16% để các bạn học sinh Xe được trang bị công nghệ Pin LFP chống cháy nổ Xe có thể tích hợp 2 loại Pin : 1.2KW => quãng đường di chuyển thực tế : 45Km/Lần sạc , Pin 2.4KW => Quãng đường : 90Km/lần sạc Anh/chị sẽ chọn Pin phù hợp với nhu cầu đi lại của bạn nhà mình Xe được bảo hành 6 năm , Pin 8 năm Từ ngày 1/6/2026 : VF đã ra chính sách giảm giá 16% để các bạn học sinh","Quận Ba Đình, Hà Nội",Mới,Xe máy điện,Unknown,2026,,16600000,New,Hà Nội,2026.0,
1253,https://xe.chotot.com/mua-ban-xe-may/133008535.htm,2026-06-16 13:14:24,xe_may_dien,Xe máy điện TAILG Trắng GR55,2100000,Lê Hiếu Điện Máy Trả Góp,"Xe máy điện TAILG màu trắng, kiểu dáng hiện đại, vận hành êm ái. - ZÁ TRÊN GÓP BAO NỢ XẤU - K QUA NGÂN HÀNH - Thiết kế nhỏ gọn, dễ điều khiển. - Tiết kiệm năng lượng, thân thiện môi trường. - Phù hợp di chuyển trong thành phố.","Quận Tân Bình, Tp Hồ Chí Minh",Mới,Xe máy điện,Unknown,2026,,2100000,New,Hồ Chí Minh,2026.0,
1254,https://xe.chotot.com/mua-ban-xe-may/133008521.htm,2026-06-16 13:13:34,xe_may_dien,Xe máy điện TAILG Gr55 - Trắng - Góp tư nhân,1700000,Lê Hiếu Điện Máy Trả Góp,"Xe máy điện TAILG YEAH màu trắng, kiểu dáng trẻ trung, năng động. - ZÁ GÓP BAO NỢ XẤU - KHÔNG QUA NGÂN HÀNG - Xe chạy êm, tiết kiệm năng lượng. - Phù hợp di chuyển trong thành phố. - Xe còn mới, giữ gìn cẩn thận.","Huyện Bình Chánh, Tp Hồ Chí Minh",Mới,Xe máy điện,Unknown,2026,,1700000,New,Hồ Chí Minh,2026.0,
1255,https://xe.chotot.com/mua-ban-xe-may/133008362.htm,2026-06-16 13:06:30,xe_may_dien,Xe máy điện VinFast Klara S1 Xám 1 pin,13500000,Thu Tuyền,Klara S1 bstp chính chủ 1 pin theo xe Giá 13.5 tr,"Quận Bình Tân, Tp Hồ Chí Minh",Đã sử dụng,Xe máy điện,Unknown,2022,17000,13500000,Used,Hồ Chí Minh,2022.0,17000.0
1256,https://xe.chotot.com/mua-ban-xe-may/133008355.htm,2026-06-16 13:06:14,xe_may_dien,Xe máy điện VinFast Evo Maxx 2026 Đen,18500000,PHẠM TUẤN MUA BÁN XE ĐIỆN,Evo maxx 2026 đổi pin trụ Thuê 1 pin Zá 18.5tr,"Quận Tân Phú, Tp Hồ Chí Minh",Đã sử dụng,Xe máy điện,Unknown,2026,7000,18500000,Used,Hồ Chí Minh,2026.0,7000.0
1257,https://xe.chotot.com/mua-ban-xe-may/133008324.htm,2026-06-16 13:05:14,xe_may_dien,Xe máy điện VinFast Evo Max Đen 1000 Km,18300000,Thu Tuyền,Evo max 1 pin thuê Lướt 1000 Km Giá 18.3 tr,"Quận Bình Tân, Tp Hồ Chí Minh",Đã sử dụng,Xe máy điện,Unknown,2025,1000,18300000,Used,Hồ Chí Minh,2025.0,1000.0
1258,https://xe.chotot.com/mua-ban-xe-may/133008307.htm,2026-06-16 13:04:32,xe_may_dien,Xe máy điện Quatums2 S2 Đen Vài ngàn KM,36500000,Quý Minh Xe Điện,"QuaTumS2 Lướt Vài Ngàn KM , Bảo Hành Dài Chính Chủ Giấy , Góp Bao Nợ Xấu Đưa Trước 30% Giá..36tr5 ( Góp Đưa Trước 11Tr )","Quận Tân Phú, Tp Hồ Chí Minh",Đã sử dụng,Xe máy điện,Unknown,2025,5008,36500000,Used,Hồ Chí Minh,2025.0,5008.0
1259,https://xe.chotot.com/mua-ban-xe-may/133008302.htm,2026-06-16 13:04:20,xe_may_dien,VinFast Feliz 2025 Xanh 4K Km,33500000,Thu Tuyền,Feliz 2025 2 Pin siêu lướt 4K Km Lên nệm kymdan Giá 33.5 tr,"Quận Bình Tân, Tp Hồ Chí Minh",Đã sử dụng,Xe máy điện,Unknown,2025,4000,33500000,Used,Hồ Chí Minh,2025.0,4000.0
1260,https://xe.chotot.com/mua-ban-xe-may/133008283.htm,2026-06-16 13:03:38,xe_may_dien,Xe máy điện Vespa Evo Max Trắng 100 Km,18900000,Thu Tuyền,Evo max cực lướt 100 Km Giá 18.9 tr Chính chủ bstp Bao app pin,"Quận Bình Tân, Tp Hồ Chí Minh",Đã sử dụng,Xe máy điện,Unknown,2025,100,18900000,Used,Hồ Chí Minh,2025.0,100.0
1261,https://xe.chotot.com/mua-ban-xe-may/132855344.htm,2026-06-16 13:03:07,xe_may_dien,Xe máy điện VinFast Evo200 Trắng,21500000,PHẠM TUẤN MUA BÁN XE ĐIỆN,Evo200 pin 3.5kw đi 100km 1l sạc Màu trắng ngọc trai cực đẹp . Lên phuộc cực êm Odo 15k siêu đẹp Zá 21tr500..,"Quận Tân Phú, Tp Hồ Chí Minh",Đã sử dụng,Xe máy điện,Unknown,2022,15000,21500000,Used,Hồ Chí Minh,2022.0,15000.0
1262,https://xe.chotot.com/mua-ban-xe-may/132994423.htm,2026-06-16 12:58:04,xe_may_dien,Xe điện Vinfast Feliz 2025 Xám 6500 km,32500000,Phúc Lâm,"🛵 Xe điện vinfast Feliz 2025- bstp 📌 Xe chính chủ - giấy tờ pháp lý minh bạch, rõ ràng 📌 Odo ~6.500km – xe đi ổn định, máy bền 📌 Động cơ vận hành linh hoạt 📌 Máy zin nguyên bản – đề nổ êm, chạy mượt, thắng an toàn 📌 Dàn áo còn đẹp, tổng thể xe gọn gàng – không tai nạn, không ngập nước 📌 Phù hợp đi làm, đi chơi 🛠 Cam kết & chính sách tại cửa hàng: ✔️ Không tai nạn – không tua odo – không thủy kích ✔️ Hỗ trợ kiểm tra xe thoải mái hoặc dẫn thợ đi cùng ✔️ Bảo hành động cơ 6 tháng – hỗ trợ kỹ thuật ✔️ Đổi trả trong 6 ngày nếu có lỗi kỹ thuật từ xe Giá bán : 32.500.000Đ 📍 Xem xe tại: 855 Quang Trung, P.12, Gò Vấp, TP.HCM Zalo/call : ***","Quận Gò Vấp, Tp Hồ Chí Minh",Đã sử dụng,Xe máy điện,Unknown,2025,6500,32500000,Used,Hồ Chí Minh,2025.0,6500.0
1263,https://xe.chotot.com/mua-ban-xe-may/132930282.htm,2026-06-16 12:45:26,xe_may_dien,Xe điện Giant 133s Đen đã sử dụng có trả góp,4800000,Thiên Hương,Bán xe điện giant 133s nhập khẩu mới 90% các chức năng hoạt động đầy đủ sạc đầy đi 35 - 40km xem xe tại số 658 đường láng - Hà Nội,"Quận Đống Đa, Hà Nội",Đã sử dụng,Xe máy điện,Unknown,2020,50,4800000,Used,Hà Nội,2020.0,50.0
1264,https://xe.chotot.com/mua-ban-xe-may/132495908.htm,2026-06-16 12:40:44,xe_may_dien,Xe máy Vinfast Feliz 2025 mới,24300000,Hạ,"Nay e có xe Feliz 2025 new chưa đăng ký, xuất hoá đơn chính chủ kèm phiếu xuất xưởng cho a/c về tự làm biển số. Chỉ thanh toán trả thẳng ko góp","Quận Tân Bình, Tp Hồ Chí Minh",Mới,Xe máy điện,Unknown,2025,,24300000,New,Hồ Chí Minh,2025.0,
1265,https://xe.chotot.com/mua-ban-xe-may/132423615.htm,2026-06-16 12:40:38,xe_may_dien,✅Pink Metro✅EvoGand2026 odo 200km Xe Máy Điện,27900000,Pink Ev Premium Q12 Metro,"Fb - Tiktok : Nguyen Minh Long Pink Dragon ==================📌📌📌================== EvoGand 2026 Sài Gòn 9 Chủ Bao Ký - 2 pin mua 2.4kw - Odo : 200km - Dàn áo leng keng 98% đẹp - Ốc tán keng 98% màu - Bảo hành Vinfast toàn quốc 2031 #zá_27tr9 bao xuất hoá đơn #zá_28tr9 bao sang tên - Nợ Xấu có 5tr có xe liền 🏠𝟭𝟳𝟴 𝗧𝗮̂𝗻 𝗧𝗵𝗼̛́𝗶 𝗛𝗶𝗲̣̂𝗽 𝟮𝟭 - 𝗤.𝟭𝟮 - 𝗛𝗖𝗠 ❤️Mợ Ấu đưa 5củ gốp ko lẽ sức 9 tháng ❤️Mợ Ấu đưa 50% Ko xác minh nhà ở ❤️Mợ Ấu đưa 80% ko phí hồ sơ lẽ sức ❤️Tặng 12 tháng xe hư đưa xe khác dùng ❤️Tặng đổi pin đi liền ko chờ sạc nhiều ở 8 đến 12 cơ sở ở Sài Gòn ( Ở Quận 4 -6 -8 -12 , Tân Bình, Bình Tân, Tân Phú, Thủ Đức, Phú Nhuận ) ✅𝗚𝗼́𝗽 𝗡𝗴𝗮̂𝗻 𝗛𝗮̀𝗻𝗴 : Đưa 20% ae giữ Cavet ✅𝗖𝗮̀ 𝗧𝗵𝗲̉ - 𝗚𝗼́𝗽: Cà thẻ ,chuyển đổi trả góp ✅𝗕𝗮𝗼 𝗤𝘂𝗮𝘆 Đ𝗮̂̀𝘂 : Từ 20% theo giá thị trường ✅𝗠𝘂𝗮 𝗕𝗮́𝗻 𝗧𝗿𝗮𝗼 Đ𝗼̂̉𝗶 𝗫𝗲 𝗫𝗮̆𝗻𝗴, 𝗫𝗲 Đ𝗶𝗲̣̂𝗻 𝗧𝗮̣̂𝗻 𝗡𝗵𝗮̀ 𝗖𝗧𝗬 𝗣𝗜𝗡𝗞 : 𝙓𝙀 Đ𝙄𝙀̣̂𝙉 𝙎𝘼̆̃𝙉 𝘼𝙋𝙋 - 𝗡𝗔̣̂𝗨 𝗫𝗢̛́ Đ𝗨̛𝗔 𝟲 𝗖𝗨̉ 🏠𝟭𝟳𝟴 𝗧𝗮̂𝗻 𝗧𝗵𝗼̛́𝗶 𝗛𝗶𝗲̣̂𝗽 𝟮𝟭 - 𝗤.𝟭𝟮 - 𝗛𝗖𝗠 🏠𝟮𝟴𝟴 𝗧𝗿𝘂̛𝗼̛̀𝗻𝗴 𝗖𝗵𝗶𝗻𝗵 - 𝗤𝘂𝗮̣̂𝗻 𝟭𝟮 - 𝗛𝗖𝗠 🏠𝟳𝟵 𝗛𝗼𝗮̀𝗻𝗴 𝗩𝗮̆𝗻 𝗧𝗵𝘂̣ - 𝗣𝗵𝘂́ 𝗡𝗵𝘂𝗮̣̂𝗻 - 𝗛𝗖𝗠","Quận 12, Tp Hồ Chí Minh",Đã sử dụng,Xe máy điện,Unknown,2025,200,27900000,Used,Hồ Chí Minh,2025.0,200.0
1266,https://xe.chotot.com/mua-ban-xe-may/132795880.htm,2026-06-16 12:35:25,xe_may_dien,Xe máy điện Lavia Plus 2026 màu Ánh Tím có trả góp,15500000,Thiên Hương,"Xe máy điện Lavia Plus đời 2026 màu xám. - Màn hình điện tử hiển thị rõ nét. - Trang bị thẻ từ NFC, khóa Smakey tiện lợi. - Kết nối điện thoại thông minh. - Xem xe tại số 658 Đường Láng - Hà Nội.","Quận Đống Đa, Hà Nội",Mới,Xe máy điện,Unknown,2026,,15500000,New,Hà Nội,2026.0,
1267,https://xe.chotot.com/mua-ban-xe-may/132795671.htm,2026-06-16 12:25:24,xe_may_dien,Xe máy điện Milan ( Có Trả Góp ),4800000,Thiên Hương,"Xe điện Milan , thiết kế hiện đại, vận hành êm ái. - Xe chạy 4 bình to, sạc đầy đi 35-40km - Mọi chức năng hoạt động tốt. - Có hỗ trợ trả góp. - Xem xe tại số 658 Đường Láng - Hà Nội.","Quận Đống Đa, Hà Nội",Đã sử dụng,Xe máy điện,Unknown,2020,2,4800000,Used,Hà Nội,2020.0,2.0
1268,https://xe.chotot.com/mua-ban-xe-may/133007520.htm,2026-06-16 12:21:02,xe_may_dien,Xe máy điện VeroX Xanh 1000km,29500000,Quý Minh Xe Điện,"⚠️ VeroX - Odo 1000km Đẹp leng keng ko 1 lỗi lầm Chính chủ ký công chứng Giá 29,5tr - AE nợ xấu đưa trước 30% nhận xe • Hỗ trợ AE thu xăng - đổi điện • Quét thẻ tín dụng , chuyển đổi góp • Bao quay đầu khi AE chơi chán 📌 244 Thoại Ngọc Hầu ,Phú Thạnh ,TP.HCM ☎️ *** Minh Khờ","Quận Tân Phú, Tp Hồ Chí Minh",Đã sử dụng,Xe máy điện,Unknown,2025,1000,29500000,Used,Hồ Chí Minh,2025.0,1000.0
1269,https://xe.chotot.com/mua-ban-xe-may/131201891.htm,2026-06-16 12:15:28,xe_may_dien,Xe đạp điện Vespa Lavia 2026 Đen Có Trả Góp,15500000,Thiên Hương,🛵 Xe Điện Vespa Lavia Gx Mới 100% Bản Cao Cấp 2026 Hỗ trợ Trả Góp Nhanh Chóng ✅Đang giảm giá 1 triệu 💎 Vì sao ai cũng chọn VESPA LAVIA GX? ✅ Thiết kế sang như Vespa xăng ✅ Công nghệ mới – kết nối điện thoại thông minh ✅ Smartkey + thẻ từ NFC hiện đại ✅ Chạy 80km/1 lần sạc ✅ Tốc độ hơn 60km/h ✅ Không tốn xăng – siêu tiết kiệm 💰 Xe mới 100% fun phụ kiện 🚛 Ship COD toàn quốc (có cọc) ⚠️ Lô đăng kiểm mới nhất 2026 – màu hot rất nhanh hết 📍 Xem xe tại số 658 Đường Láng - Láng Hạ - Đống Đa – Hà Nội Ib zalo để biết thêm chi tiết,"Quận Đống Đa, Hà Nội",Mới,Xe máy điện,Unknown,2026,,15500000,New,Hà Nội,2026.0,
1270,https://xe.chotot.com/mua-ban-xe-may/133007411.htm,2026-06-16 12:15:09,xe_may_dien,Xe máy điện Vento Neo Trắng 10.000KM,32500000,Quý Minh Xe Điện,"Vento Neo Lướt 10.000KM Chính Chủ Ký Giấy Giá..32.5Tr , Góp Đưa Trước 30% Nhận Xe , Không Thẩm Định","Quận Tân Phú, Tp Hồ Chí Minh",Đã sử dụng,Xe máy điện,Unknown,2025,10000,32500000,Used,Hồ Chí Minh,2025.0,10000.0
1271,https://xe.chotot.com/mua-ban-xe-may/132394668.htm,2026-06-16 12:05:26,xe_may_dien,Xe máy điện Dibao Vespa Pansy Xanh ( Có Trả Góp ),8700000,Thiên Hương,"Xe máy điện Dibao Vespa Pansy màu xanh, thiết kế đẹp, vận hành êm ái. - Xe đi bền, êm. - Đầy đủ biển đăng ký, mọi chức năng hoạt động tốt. - Có hỗ trợ trả góp. - Xem xe tại số 658 Đường Láng - Hà Nội.","Quận Đống Đa, Hà Nội",Đã sử dụng,Xe máy điện,Unknown,2019,3,8700000,Used,Hà Nội,2019.0,3.0
1272,https://xe.chotot.com/mua-ban-xe-may/132994167.htm,2026-06-16 12:00:02,xe_may_dien,Xe điện Vinfast Feliz 2026 Đen 4.800km,32500000,Phúc Lâm,"🛵 Xe điện vinfast Feliz 2026- bstp 📌 Xe chính chủ - giấy tờ pháp lý minh bạch, rõ ràng 📌 Odo ~4.800km – xe đi ổn định, máy bền 📌 Động cơ 2 – tiết kiệm xăng, vận hành linh hoạt 📌 Máy zin nguyên bản – đề nổ êm, chạy mượt, thắng an toàn 📌 Dàn áo còn đẹp, tổng thể xe gọn gàng – không tai nạn, không ngập nước 📌 Phù hợp đi làm, đi chơi 🛠 Cam kết & chính sách tại cửa hàng: ✔️ Không tai nạn – không tua odo – không thủy kích ✔️ Hỗ trợ kiểm tra xe thoải mái hoặc dẫn thợ đi cùng ✔️ Bảo hành động cơ 6 tháng – hỗ trợ kỹ thuật ✔️ Đổi trả trong 6 ngày nếu có lỗi kỹ thuật từ xe Giá bán : 32.500.000Đ 📍 Xem xe tại: 855 Quang Trung, P.12, Gò Vấp, TP.HCM Zalo/call : ***","Quận Gò Vấp, Tp Hồ Chí Minh",Đã sử dụng,Xe máy điện,Unknown,2026,4800,32500000,Used,Hồ Chí Minh,2026.0,4800.0
1273,https://xe.chotot.com/mua-ban-xe-may/131044902.htm,2026-06-16 11:55:23,xe_may_dien,Bán xe máy điện hot HuGo Mới 100% Có Trả Góp,12500000,Thiên Hương,Bán xe máy điện Hót HuGo Mới 100% Hỗ Trợ Trả Góp Nhanh xe chạy 4 bình to xe đầy đủ giấy tờ Màn hình fun điện tử ib zalo để biết thêm chi tiết Xem xe tại số 658 Đường Láng - Láng Hạ - Đống Đa - Hà Nội,"Quận Đống Đa, Hà Nội",Mới,Xe máy điện,Unknown,2026,,12500000,New,Hà Nội,2026.0,
1274,https://xe.chotot.com/mua-ban-xe-may/128001754.htm,2026-06-16 11:45:26,xe_may_dien,Bán xe điện Vespa màu trắng có Trả Góp,7400000,Thiên Hương,"Chào bán xe điện Vespa màu trắng Hỗ trợ Trả Góp Nhanh Chóng Xe đầy đủ biển đăng kí Dòng xe đi êm , bền . Xe đã bảo dưỡng kĩ Ib zalo để biết thêm chi tiết Xem xe tại số 658 Đường Láng - Láng Hạ - Đống Đa - Hà Nội","Quận Đống Đa, Hà Nội",Đã sử dụng,Xe máy điện,Unknown,2017,1,7400000,Used,Hà Nội,2017.0,1.0
1275,https://xe.chotot.com/mua-ban-xe-may/131541649.htm,2026-06-16 11:35:24,xe_may_dien,Xe máy điện Zoomer Anbico Chính Hãng Có Trả Góp,4800000,Thiên Hương,🚨 bán xe điện zoomer chính hãng anbico 👉 xe đầy đủ chức năng ✔️ sạc đầy đi 40 - 45km ✔️ xe đi êm nhẹ nhàng Có Hỗ Trả Góp (Zalo / Inbox) để chốt giá ưu đãi 🛵 Xem xe trực tiếp: 658 Đường Láng – Hà Nội 🚚 Ship COD toàn quốc – Free ship nội thành hà nội 👉 Quan tâm ib sớm để giữ xe giá đẹp!,"Quận Đống Đa, Hà Nội",Đã sử dụng,Xe máy điện,Unknown,2024,100,4800000,Used,Hà Nội,2024.0,100.0
1276,https://xe.chotot.com/mua-ban-xe-may/132218855.htm,2026-06-16 11:26:23,xe_may_dien,Xe máy điện V1 Plus màu xám bạc Mới,9900000,Cầm đồ Trường Thịnh Tân Bình thanh lý,"xe điện V1 Plus màu xám bạc. Dòng xe này thường được trang bị động cơ công suất khoảng 800W, cho tốc độ tối đa khoảng 60km/h. Thiết kế xe nhỏ gọn, không cần bằng lái, phù hợp cho học sinh hoặc di chuyển trong đô thị. Phiên bản xám bạc này có thiết kế giống Vespa với ghế ngồi được bọc da có tính thẩm mỹ cao Xe còn rất mới và chưa qua sửa chữa","Quận Tân Bình, Tp Hồ Chí Minh",Mới,Xe máy điện,Unknown,2024,,9900000,New,Hồ Chí Minh,2024.0,
1277,https://xe.chotot.com/mua-ban-xe-may/132394684.htm,2026-06-16 11:25:28,xe_may_dien,Xe máy điện VC màu đen ( Có Trả Góp ),7500000,Thiên Hương,"Xe máy điện VC màu đen , thiết kế trẻ trung, phù hợp di chuyển trong phố. - Xe chạy 4 bình to, vận hành ổn định. - Màn hình phun điện tử, thẻ từ NFC, khóa Smakey. - Mọi chức năng hoạt động tốt. - Xem xe tại số 658 Đường Láng - Hà Nội.","Quận Đống Đa, Hà Nội",Đã sử dụng,Xe máy điện,Unknown,2024,3,7500000,Used,Hà Nội,2024.0,3.0
1278,https://xe.chotot.com/mua-ban-xe-may/132295677.htm,2026-06-16 11:15:25,xe_may_dien,Xe máy điện Lavia SX 2026 Hồng ( Có Trả Góp ),15500000,Thiên Hương,"Xe máy điện Lavia SX màu hồng, bản cao cấp 2026, mới 100%. - Màn hình phun điện tử, thẻ từ NFC, khóa Smakey. - Thiết kế hiện đại, vận hành êm ái. - Có hỗ trợ trả góp. - Xem xe tại 658 Đường Láng, Hà Nội.","Quận Đống Đa, Hà Nội",Mới,Xe máy điện,Unknown,2026,,15500000,New,Hà Nội,2026.0,
1279,https://xe.chotot.com/mua-ban-xe-may/133004701.htm,2026-06-16 10:35:43,xe_may_dien,Xe điện A2 màu Đen ( Có Trả Góp ),3300000,Thiên Hương,Bán mẫu xe điện Cáp A2 màu đen Xe đã bảo dưỡng kĩ Mọi chức năng hoạt động tốt Ib zalo để biết thêm chi tiết Xem xe tại số 658 Đường Láng - Hà Nội Ship cod toàn quốc,"Quận Đống Đa, Hà Nội",Đã sử dụng,Xe máy điện,Unknown,2020,1,3300000,Used,Hà Nội,2020.0,1.0
1280,https://xe.chotot.com/mua-ban-xe-may/133004695.htm,2026-06-16 10:35:35,xe_may_dien,Xe điện YAKA Lavara 2026 Xám ( Có Trả Góp ),12500000,Thiên Hương,Bán mẫu xe điện YAKA Lavara mới 2026 Dòng xe có bàn đạp phù hợp cho H/S cấp 2 Khóa Smakey thẻ từ NFC IB zalo để biết thêm chi tiết Xem xe tại số 658 Đường Láng - Hà Nội ship cod toàn quốc,"Quận Đống Đa, Hà Nội",Mới,Xe máy điện,Unknown,2026,0,12500000,New,Hà Nội,2026.0,0.0
1281,https://xe.chotot.com/mua-ban-xe-may/133004690.htm,2026-06-16 10:35:29,xe_may_dien,Xe điện Vespa Lavia 2026 Xám ( Có Trả Góp ),15500000,Thiên Hương,Chào bán mẫu xe điện Vespa Lavia bản cao cấp 2026 Có hỗ trợ trả góp Kết lối điện thoại thông minh thẻ từ NFC khóa smakey IB zalo để biết thêm chi tiết Xem xe tại số 658 Đường Láng - Hà Nội,"Quận Đống Đa, Hà Nội",Mới,Xe máy điện,Unknown,2026,,15500000,New,Hà Nội,2026.0,
1282,https://xe.chotot.com/mua-ban-xe-may/133004686.htm,2026-06-16 10:35:24,xe_may_dien,Xe điện Vespa Lavia 2026 Xám xi măng Có Trả Góp,15500000,Thiên Hương,Bán mẫu xe điện Vespa Lavia mới bản cao cấp 2026 Có hỗ trợ trả góp kết lối điện thoại thông minh thẻ từ NFC khóa Smakey Ib zalo để biết thêm chi tiết Xem xe tại số 658 Đường Láng - Hà Nội,"Quận Đống Đa, Hà Nội",Mới,Xe máy điện,Unknown,2026,0,15500000,New,Hà Nội,2026.0,0.0
1283,https://xe.chotot.com/mua-ban-xe-may/133004358.htm,2026-06-16 10:23:43,xe_may_dien,xe điện 133,3500000,Xe Máy Minh Hậu,Xe điện 133 pìn mới thay chạy mạnh pin trâu,"Quận Sơn Trà, Đà Nẵng",Đã sử dụng,Xe máy điện,Unknown,2019,9999,3500000,Used,Đà Nẵng,2019.0,9999.0
1284,https://xe.chotot.com/mua-ban-xe-may/133003452.htm,2026-06-16 09:52:51,xe_may_dien,Xe điện Yadea Orla Kem 2000km,14500000,Quý Xuân,"Bán xe điện yadea orla mới chạy hơn 2000km, xe còn mới. biển số thành phố dễ nhìn, ai cần alo nhé.","Quận Tân Bình, Tp Hồ Chí Minh",Đã sử dụng,Xe máy điện,Unknown,2024,2000,14500000,Used,Hồ Chí Minh,2024.0,2000.0
1285,https://xe.chotot.com/mua-ban-xe-may/132757946.htm,2026-06-16 09:33:24,xe_may_dien,Xe máy điện Powelldd Sweetea 2025 Trắng,11666000,Thái Dũng,"🛵 Bán xe điện Powelldd Sweetea mới 100% ✔️ Xe mới nguyên thùng, chưa sử dụng ✔️ Màu trắng, đời 2025 ✔️ Ắc quy Tianneng 60V22.3Ah ✔️ Có hóa đơn VAT, xuất hóa đơn đầy đủ nếu cần thiết ✔️ Phù hợp học sinh, sinh viên, đi làm gần 📍 TP.HCM - Tân Kỳ Tân Quý","Quận Tân Phú, Tp Hồ Chí Minh",Mới,Xe máy điện,Unknown,2025,,11666000,New,Hồ Chí Minh,2025.0,
1286,https://xe.chotot.com/mua-ban-xe-may/133000681.htm,2026-06-16 07:30:19,xe_may_dien,Xe máy điện VinFast Feliz 2025 Đen 2300 km,32000000,Luân Nguyen,"felix 2025 full 2 pin đăng ký tháng 4/2026 chạy được 2k3km như mới, xe sao chụp vậy không rửa gì cho ae cảm nhận, có sẵn sạc 1000w bán kèm xe cho ae, giá mong muốn 32tr ae qtam liên hệ nhé!","Thành phố Dĩ An, Bình Dương",Đã sử dụng,Xe máy điện,Unknown,2025,2300,32000000,Used,Bình Dương,2025.0,2300.0
1287,https://xe.chotot.com/mua-ban-xe-may/133000427.htm,2026-06-16 07:08:56,xe_may_dien,Xe điện Type3 Pro màu Xám,12345678,Cường Cá,Cần bán xe điện type 3 pro mới mua đang Hot nhất hiện nay,"Huyện Xuân Lộc, Đồng Nai",Đã sử dụng,Xe máy điện,Unknown,2026,2700,12345678,Used,Đồng Nai,2026.0,2700.0
1288,https://xe.chotot.com/mua-ban-xe-may/133000422.htm,2026-06-16 07:08:37,xe_may_dien,Xe máy điện VinFast Feliz S 2023 Đen 29000 km,25500000,Trần Tùng,"feliz s 2023 29 ngàn km 2 chìa 2 gương có gps định vị theo xe khoá chống trộm đã fix chén cổ đã fix phuộc biển 15 tên công ty vinfast giá 25,5 triệu *** 15 võ quý huân hà nội thợ xe thông cảm giá thấp em không bán được","Quận Bắc Từ Liêm, Hà Nội",Đã sử dụng,Xe máy điện,Unknown,2023,29000,25500000,Used,Hà Nội,2023.0,29000.0
1289,https://xe.chotot.com/mua-ban-xe-may/133000403.htm,2026-06-16 07:07:00,xe_may_dien,Xe máy điện SONGO LYN 2026 Đỏ 5 bình lớn,15000000,Hương Nhớ,"Xe máy điện SONGO LYN màu đỏ, sản xuất 2026, trang bị 5 bình lớn cho quãng đường di chuyển xa. - Xe còn đang kiểm, hoạt động tốt. - Giá 15 triệu.","Quận 7, Tp Hồ Chí Minh",Mới,Xe máy điện,Unknown,2026,0,15000000,New,Hồ Chí Minh,2026.0,0.0
1290,https://xe.chotot.com/mua-ban-xe-may/133000397.htm,2026-06-16 07:06:31,xe_may_dien,Xe máy điện Yadea Gấu Dâu Hồng Trắng 8.000km,14000000,Ruby Đoàn,Yadea gấu dâu • Chính chủ TpHcm. 10/2023 • Odo: ~8.000km • Pin chạy hơn 80km/sạc • Giàn vỏ còn mới. Giảm nhẹ cho ae thiện chí.,"Quận Bình Tân, Tp Hồ Chí Minh",Đã sử dụng,Xe máy điện,Unknown,2023,8000,14000000,Used,Hồ Chí Minh,2023.0,8000.0
1291,https://xe.chotot.com/mua-ban-xe-may/133000358.htm,2026-06-16 07:03:48,xe_may_dien,Xe điện màu Đen 50km/ 1lẩn sạc,13000000,qvuong,Mình cần bán xe điện typ 3 Mua tháng 5 năm 2026 Mới đi hơn tháng Đã trải ngiệm ok Chạy đc khoảng 50km,"Thành phố Dĩ An, Bình Dương",Đã sử dụng,Xe máy điện,Unknown,2026,1950,13000000,Used,Bình Dương,2026.0,1950.0
1292,https://xe.chotot.com/mua-ban-xe-may/133000333.htm,2026-06-16 07:01:25,xe_may_dien,Xe điện Pega Cap AS+ 2025 9500 km,9000000,Nghi Đây Bà Con,pega cap as+ zin mua năm 2025 em muốn thanh lý nhanh giá 9tr ( còn bớt ) máy còn mạnh lh:*** kv tphcm,"Quận 6, Tp Hồ Chí Minh",Đã sử dụng,Xe máy điện,Unknown,2025,9500,9000000,Used,Hồ Chí Minh,2025.0,9500.0
1293,https://xe.chotot.com/mua-ban-xe-may/132999333.htm,2026-06-15 23:16:44,xe_may_dien,Xe máy điện VinFast Evo Grand Vàng cát Lướt 100km,20500000,Xe Điện Việt Hiếu,"Xe máy điện VinFast Evo 200 màu vàng cát, mới 100% chưa qua sử dụng. - Xe có thiết kế hiện đại, động cơ mạnh mẽ. - Quãng đường di chuyển xa, tiết kiệm năng lượng. - Phù hợp di chuyển trong thành phố.","Quận Nam Từ Liêm, Hà Nội",Mới,Xe máy điện,Unknown,2026,,20500000,New,Hà Nội,2026.0,
1294,https://xe.chotot.com/mua-ban-xe-may/132998188.htm,2026-06-15 21:23:55,xe_may_dien,Xe máy điện Vinfast Verox Trắng Dưới 3000km 2 pin,29000000,Huda Huế,"Mình ít dùng nên bán lại cho ai cần Xe chạy chưa tới 3000km Xe mình dán keo từ đầu, đã mua thêm pin hết 5tr, thay kiếng FelizS, thay tay cầm sau bằng nhôm (đồ zin còn đủ) Giá 1 pin 29tr Giá 2 pin 33tr","Huyện Phú Lộc, Thừa Thiên Huế",Đã sử dụng,Xe máy điện,Unknown,2026,2999,29000000,Used,Huế,2026.0,2999.0
1295,https://xe.chotot.com/mua-ban-xe-may/132997900.htm,2026-06-15 21:05:34,xe_may_dien,Xe máy điện YADEA S3 PRO Đen nhám 9chủ,16800000,Kenny Đặng,"Xe máy điện YADEA S3 PRO màu đen nhám, trang bị 6 bình lớn 72V-38Ah cho quãng đường đi 70-80km mỗi lần sạc. Xe có biển số TP.HCM, chính chủ, có thể ủy quyền hoặc sang tên. Áo xe còn zin, có trầy nhẹ, cặp vỏ còn mới. - Xe đi khỏe, không cần bằng lái. - Giá 16.800.000 đồng.","Huyện Hóc Môn, Tp Hồ Chí Minh",Đã sử dụng,Xe máy điện,Unknown,2024,1000,16800000,Used,Hồ Chí Minh,2024.0,1000.0
1296,https://xe.chotot.com/mua-ban-xe-may/132997824.htm,2026-06-15 21:01:18,xe_may_dien,Xe máy điện ESPERO Gogo 2022 Đen,8800000,Duy Anh Lê,"🚗 GÓC THANH LÝ XE 🚗 Cần bán Gogo ESPERO đời 2022, xe còn đẹp, vận hành ổn định, máy móc nguyên bản, đi lại hằng ngày rất tiết kiệm. Phù hợp cho học sinh, sinh viên hoặc người cần phương tiện di chuyển. ✅ Đời xe: 2022 ✅ Giấy tờ đầy đủ ✅ Sang tên nhanh gọn 💰 Giá: 8800k 📞 Liên hệ: *** Ai có nhu cầu hoặc biết người cần mua xe thì giới thiệu giúp em với ạ. Xin cảm ơn! 🙏","Quận Kiến An, Hải Phòng",Đã sử dụng,Xe máy điện,Unknown,2022,1800,8800000,Used,Hải Phòng,2022.0,1800.0
1297,https://xe.chotot.com/mua-ban-xe-may/132997661.htm,2026-06-15 20:50:16,xe_may_dien,VinFast Evo Max Đen 1000 Km,18300000,Dung,"Evo max 1 pin thuê Lướt 1000 Km Giá 18.3 tr Hỗ trợ trả góp, bao no xấu 🏠Xem trực tiếp quận bình tân 📞Dung: *** Tư Vấn Nhanh ZALO: ***","Quận Bình Tân, Tp Hồ Chí Minh",Đã sử dụng,Xe máy điện,Unknown,2026,1000,18300000,Used,Hồ Chí Minh,2026.0,1000.0
1298,https://xe.chotot.com/mua-ban-xe-may/132941861.htm,2026-06-15 17:49:44,xe_may_dien,"Xe máy điện Vinfast Zgoo màu Đỏ, Đen",12300000,Trung Nguyễn,"Thanh lý Vinfast Zgoo hàng trúng thưởng 💥 Xe new 100% Bao xuất hoá đơn Luôn pin Bảo hành xe 6 năm, pin 8 năm Sẵn 2 màu: đỏ, đen Không cần bằng lái Đủ 16 tuổi là đi được Anh chị tham khảo xe cho các bạn học sinh đi học quá hợp lí 💰12.xxx.xxx 🏡 Xem xe tại Tân Phú, HCM 📞 Lhe em ***","Quận Tân Phú, Tp Hồ Chí Minh",Mới,Xe máy điện,Unknown,2025,,12300000,New,Hồ Chí Minh,2025.0,
1299,https://xe.chotot.com/mua-ban-xe-may/132994818.htm,2026-06-15 17:45:24,xe_may_dien,Xe máy điện Yadea S3 Pro 2024 Trắng 7500km,39000000,Tên chưa cung cấp,"BÁN XE MÁY ĐIỆN S3 PRO HIỆU YADEA Xe mua mới 26,7tr độ thêm 36tr full xe tổng cộng là: 62,7tr Nay trải nghiệm xong chia sẻ lại cho Anh Em nào có nhu cầu xe máy điện. giá mong muốn 39tr có thương lượng trực tiếp xe mua cuối 2024 đầu 2025 mới đi được 7500km Anh Em có nhu cầu alo. ***. trân trọng","Quận 11, Tp Hồ Chí Minh",Đã sử dụng,Xe máy điện,Unknown,2024,7500,39000000,Used,Hồ Chí Minh,2024.0,7500.0
1300,https://xe.chotot.com/mua-ban-xe-may/132994751.htm,2026-06-15 17:41:32,xe_may_dien,Xe máy điện VinFast Feliz S 2025 Xanh 4.000km,33500000,Dung,"⚡️ Feliz S 2025 – 2 Pin Siêu Lướt ⚡️ ✅ Odo chỉ 4.000km ✅ Trang bị 2 pin đi xa thoải mái ✅ Đã lên nệm Kymdan ngồi cực êm ✅ Xe đẹp, vận hành ổn định 💰 Giá: 33.5 triệu Hỗ trợ trả góp, bao no xấu 🏠Xem trực tiếp quận bình tân 📞Dung: *** Tư Vấn Nhanh ZALO: ***","Quận Bình Tân, Tp Hồ Chí Minh",Đã sử dụng,Xe máy điện,Unknown,2025,4000,33500000,Used,Hồ Chí Minh,2025.0,4000.0
1301,https://xe.chotot.com/mua-ban-xe-may/132994628.htm,2026-06-15 17:33:15,xe_may_dien,Xe đạp điện Yadea,14000000,Nguyễn Thị Huyền Minh,"Mình cần bán chiếc xe đạp điện mới mua 01/05/2026 Hãng Yadea, mới tinh, chưa 1 vết xước, sạc pin đúng 2 lần Do mang lên công ty để lại lại cho tiện nhưng ko được để dưới hầm qua đêm nên cần bán lại Giá: 14M, thương lượng nhẹ Liên hệ: *** xem xe tại 11 Trần Hưng Đạo, BMT","Thành phố Buôn Ma Thuột, Đắk Lắk",Đã sử dụng,Xe máy điện,Unknown,2026,60,14000000,Used,Đắk Lắk,2026.0,60.0
1302,https://xe.chotot.com/mua-ban-xe-may/132994617.htm,2026-06-15 17:32:42,xe_may_dien,Xe máy điện Vinfast Klara S2 2024 Xanh 6.000 km,28500000,Quý Minh Xe Điện,"Vinfast Kalara S2 Lướt 7.000KM Klara S2 luôn pin date:24/ đk:25 bảo hành dài hạn Odo chuẩn 6.000km, kèm sạc nhanh kháng nước 2025 Biển sài gòn chính chủ công chứng Zá 28tr500 GÓP ĐƯA TRƯỚC 30% BAO NỢ XẤU ✅ Call ***","Quận Tân Phú, Tp Hồ Chí Minh",Đã sử dụng,Xe máy điện,Unknown,2025,6000,28500000,Used,Hồ Chí Minh,2025.0,6000.0
1303,https://xe.chotot.com/mua-ban-xe-may/132994587.htm,2026-06-15 17:31:08,xe_may_dien,Xe máy điện Yadea Quantum S2 Xám 24310 km,38500000,Quý Minh Xe Điện,"QuatumS2 Bảo Hành 3 Năm Hoặc 30.000KM Chính Chủ Ký Liền Giá..38.5Tr , Nợ Xấu Đưa Trước 30%","Quận Tân Phú, Tp Hồ Chí Minh",Đã sử dụng,Xe máy điện,Unknown,2024,24310,38500000,Used,Hồ Chí Minh,2024.0,24310.0
1304,https://xe.chotot.com/mua-ban-xe-may/132994547.htm,2026-06-15 17:28:11,xe_may_dien,pass xe điện 3 bánh,10000000,Minh Vu,xe mới mua được 2 năm ít đi gdtt hà nội chi tiết thắc mắc inbox mình ***,"Quận Hoàng Mai, Hà Nội",Đã sử dụng,Xe máy điện,Unknown,2024,0,10000000,Used,Hà Nội,2024.0,0.0
1305,https://xe.chotot.com/mua-ban-xe-may/132974048.htm,2026-06-15 15:39:03,xe_may_dien,Xe máy điện VinFast Evo 200 Xanh 7800km biển số,23000000,Trung Nguyễn,"Cần bán Evo 200 hàng lướt 🌟 Odo 7.800km Ngoại hình liền lạc Pin 3.5kwh mua đứt Hồ sơ cầm tay Ốc tán zin theo xe Xem xe tại Tân Phú, HCM Lhe em ***","Quận Tân Phú, Tp Hồ Chí Minh",Đã sử dụng,Xe máy điện,Unknown,2023,7800,23000000,Used,Hồ Chí Minh,2023.0,7800.0
1306,https://xe.chotot.com/mua-ban-xe-may/132992027.htm,2026-06-15 15:33:10,xe_may_dien,Xe máy điện Osakar E-MEN Mini 1.0 Đỏ,3500000,Lưu Đình Dũng ,"Bán xe Máy Điện ! * Do dư không dùng = cần bán lại chiếc xe máy điện cho gia đình bác nào đang có nhu cầu ạ ; Trước em mua 13.5 tr , giờ em bán lại 3.5 tr thôi ạ","Quận 12, Tp Hồ Chí Minh",Đã sử dụng,Xe máy điện,Unknown,2023,200,3500000,Used,Hồ Chí Minh,2023.0,200.0
1307,https://xe.chotot.com/mua-ban-xe-may/132990620.htm,2026-06-15 14:36:25,xe_may_dien,Xe máy điện Dibao Vespa Galaxy biển HN,8600000,Xe điện Bình Phương,"VP278 ✅ Xe máy điện Vespa Dibao Galaxy ắc quy siêu lướt 2026 giá 8tr6 ➡️ Đủ giấy tờ đăng ký biển HN ➡️40-50km/ lần sạc ➡️Lắp ắc quy mới hỗ trợ giá 50% ➡️ Hình thức đẹp nét, xe chắc chắn, xe đã bảo dưỡng toàn bộ ➡️ full chức năng, đủ phụ kiện, bảo hành dài, ship toàn quốc ☎️ *** (zalo,fb,mess) có trả góp 📌 Cửa hàng xe điện Bình Phương, sn 15 ngõ 195/91 Trần Cung, Hà Nội","Quận Cầu Giấy, Hà Nội",Đã sử dụng,Xe máy điện,Unknown,2020,369,8600000,Used,Hà Nội,2020.0,369.0
1308,https://xe.chotot.com/mua-ban-xe-may/132988307.htm,2026-06-15 12:38:00,xe_may_dien,Xe đạp điện Yadea V1 Bạc cũ,7500000,cửa hàng xe máy DUY HIỆP,Cửa Hàng Xe Máy Dịch Vụ Cầm Đồ Duy Hiệp 🏪mua bán trao đổi cầm cố xe máy ô tô 🛵 xe dien v1 👉dàn ngoai đep máy móc zin 👉sang tên định danh nhanh gọn 🏦có hỗ trợ trả góp và thanh toán thẻ tin dụng 📍483 hồ thị hương phường long khánh T.Đông Nai,"Thành phố Long Khánh, Đồng Nai",Đã sử dụng,Xe máy điện,Unknown,2025,5000,7500000,Used,Đồng Nai,2025.0,5000.0
1309,https://xe.chotot.com/mua-ban-xe-may/132987923.htm,2026-06-15 12:16:37,xe_may_dien,Xe máy điện Vespa Xanh dương đậm,5500000,Kim Ánh,"Cần bán xe máy điện Vespa màu xanh tím đậm, bình điện mới thay được 9 tháng, giấy tờ đầy đủ, mua về là sử dụng thôi. 5tr5 liên hệ: ***","Quận Hải Châu, Đà Nẵng",Đã sử dụng,Xe máy điện,Unknown,2016,25682,5500000,Used,Đà Nẵng,2016.0,25682.0
1310,https://xe.chotot.com/mua-ban-xe-may/132987490.htm,2026-06-15 11:55:25,xe_may_dien,Xe điện Vingo A11 Hồng,12000000,Nam,"Xe điện vingo A11 Động cơ mạnh. Tốc độ 𝟔𝟎𝐤𝐦/𝐡 đi đầm chắc không rung lắc. Tải trọng 𝟐𝟎𝟎𝐤𝐠. Tích hợp nhiều chế độ xịn sò. Ga tự động, phanh ABS an toàn, tiếng bô, kết nối Bluetooth nghe nhạc trên xe, Led định vị ban đêm nổi bật,..vv Xe mới,bảo hành 1 năm cho ace yên tâm sử dụng Giá 12tr (hỗ trợ góp qua ngân hàng)","Huyện Tân Châu, Tây Ninh",Mới,Xe máy điện,Unknown,2026,,12000000,New,Tây Ninh,2026.0,
1311,https://xe.chotot.com/mua-ban-xe-may/132985323.htm,2026-06-15 10:33:13,xe_may_dien,Yadea Vekoo,12500000,Chính Nghĩa,"Yadea Vekoo , mới mua 1/2026 Xe zin nguyên bản Full phụ kiện theo xe Zá 12.5 (Có bớt xăng cộ khi qua xem xe , ko bớt nhìu ạ) Xem xe quận tân phú","Quận Tân Phú, Tp Hồ Chí Minh",Đã sử dụng,Xe máy điện,Unknown,2026,1900,12500000,Used,Hồ Chí Minh,2026.0,1900.0
1312,https://xe.chotot.com/mua-ban-xe-may/132652450.htm,2026-06-15 09:37:30,xe_may_dien,Xe máy điện Yadea Ocean Gấu Dâu 2024,13800000,Kenny Đặng,"♻️YADEA OCEAN Gấu Dâu phiên bản giới hạn siêu lướt DK 2024 – odo chỉ 5000/km 📌 Xe chính chủ 9 chủ. 📌 Sang tên hay ủy quyền đều đc. 📌 Xe đầy đủ 2 chìa 2 remote 📌 Cặp vỏ mới tinh. Sạc zin. 📌 Xe zin nguyên bản, bình zin hãng 70km/lần sạc) 💰 Giá: 1x triệu( fix ac e mình đến xem ạ ) ✔️ Hỗ trợ ship xe – cà thẻ – trả góp Giao lưu bù trừ hợp lý các dòng xe 📞Call/Zalo: *** xem xe Hóc Môn ạ.","Huyện Hóc Môn, Tp Hồ Chí Minh",Đã sử dụng,Xe máy điện,Unknown,2024,5000,13800000,Used,Hồ Chí Minh,2024.0,5000.0
1313,https://xe.chotot.com/mua-ban-xe-may/132983311.htm,2026-06-15 09:10:47,xe_may_dien,xe điện cần bán mới thay bình còn bảo hành bình,4800000,Thong Nguyen,"Nhà dư xe em trai mua đi học,giờ đổi xe máy cần bán xe điện như trên, giá nhẹ nhàng mới thay bình được tháng còn bảo hành bình 1 năm Ai cần liên hệ (***)","Quận Tân Phú, Tp Hồ Chí Minh",Đã sử dụng,Xe máy điện,Unknown,2025,2222,4800000,Used,Hồ Chí Minh,2025.0,2222.0
1314,https://xe.chotot.com/mua-ban-xe-may/132894209.htm,2026-06-15 08:47:39,xe_may_dien,Xe máy điện Vespa Espero Classic Plus 2 Đen Mới,17500000,  CỬA HÀNG XE MÁY PHƯỚC THỌ,"Xe máy Phước Thọ 402 Luỹ Bán Bích P tân phú, tphcm, cần bán xe máy điện vespa espero mới 100 % có đủ mẫu, đủ màu giá 17,5 triệu giao Vat ,xhđ , sử dụng 5 bình lớn 60v, có hỗ trợ trả góp qua ngân hàng lãi xuất thấp, trả góp Cà thẻ tín dụng lãi xuất thấp, có thu mua trao đổi các loại xe,","Quận Tân Phú, Tp Hồ Chí Minh",Mới,Xe máy điện,Unknown,2026,,17500000,New,Hồ Chí Minh,2026.0,
1315,https://xe.chotot.com/mua-ban-xe-may/132888489.htm,2026-06-15 08:13:14,xe_may_dien,Xe máy điện Lihaze V1 Hồng trắng,7300000,Thiện Huy,"Xe máy điện Lihaze v1 màu hồng trắng, thiết kế thời trang, độc đáo. - Xe chạy êm, tốc độ 50km/h, tiết kiệm điện, bình khỏe đi tầm hơn 50 km - Đi học, đi làm không cần bằng lái - Giá 7tr3 không bớt quan tâm hãy ib để đỡ mất thời gian.","Quận Ninh Kiều, Cần Thơ",Đã sử dụng,Xe máy điện,Unknown,2022,8000,7300000,Used,Cần Thơ,2022.0,8000.0
1316,https://xe.chotot.com/mua-ban-xe-may/132979993.htm,2026-06-14 21:50:42,xe_may_dien,"Xe máy điện Vespa lướt zin đẹp, khoẻ khoắn",7700000,Duy Hưng,"Xe máy điện Vespa lướt, đèn vuông zin đẹp, khoẻ khoắn, không hỏng hóc gì. Xe đi được khoảng 40-50km. - Màu bạc sang trọng. Ai cần hãy gọi hoặc nhắn zall","Quận Nam Từ Liêm, Hà Nội",Đã sử dụng,Xe máy điện,Unknown,2022,11111,7700000,Used,Hà Nội,2022.0,11111.0
1317,https://xe.chotot.com/mua-ban-xe-may/132979442.htm,2026-06-14 21:00:36,xe_may_dien,Xe máy điện VinFast Feliz 2 Trắng 200km,23500000,PHẠM TUẤN MUA BÁN XE ĐIỆN,Feliz 2 đổi pin trụ odo lướt 200km như new😍😍😍 Biển sg chính chủ Zá 23tr5 . Mua xe điẹn cũ giá ccao,"Quận Tân Phú, Tp Hồ Chí Minh",Đã sử dụng,Xe máy điện,Unknown,2026,200,23500000,Used,Hồ Chí Minh,2026.0,200.0
1318,https://xe.chotot.com/mua-ban-xe-may/132979384.htm,2026-06-14 20:54:30,xe_may_dien,"Xe đạp điện cũ JVC G9 , zin -bình khỏe 👍",6900000,XE ĐIỆN CŨ SÓNG THẦN ,"🔥Cần BÁN XE ĐIỆN CŨ JVC G9 Zin. 👉Giá:6tr900 .bình khỏe ,chạy khoảng 30-35km/một lần xạc, đầy đủ chức năng . Xem xe tại Cầu Vượt Sóng Thần-Quốc Lộ 1A.📞📞📞","Thành phố Thủ Đức, Tp Hồ Chí Minh",Đã sử dụng,Xe máy điện,Unknown,2024,1237,6900000,Used,Hồ Chí Minh,2024.0,1237.0
1319,https://xe.chotot.com/mua-ban-xe-may/132978180.htm,2026-06-14 19:10:46,xe_may_dien,Xe máy ba bánh điện đã sử dụng 95%,6000000,Mạnh Cường,Mua cho bà ngoại để đi chợ. Bà sợ không dám chạy nên đành phải thanh lý. Xe mới 95%. Chưa sửa chữa. Còn đầy đủ phụ kiện theo xe Giá thanh lý là 6 triệu. AC nào quan tâm xin vui lòng gọi ***. hoặc gửi tin nhắn cho tui do số điện thoại bị khóa ah. tui sẽ liên hệ lại. cám ơn mọi người quan tâm,"Thành phố Biên Hòa, Đồng Nai",Đã sử dụng,Xe máy điện,Unknown,2025,300,6000000,Used,Đồng Nai,2025.0,300.0
1320,https://xe.chotot.com/mua-ban-xe-may/132976023.htm,2026-06-14 16:46:49,xe_may_dien,Vinfast EvoGrand Xanh Oliu 9000 km,18500000,Vinh vinfast Đồng Nai,"EvoGrand xanh Oliu lướt ĐẸP Xe đẹp keng Odo 9k Pin 2.4 theo xe chạy gần 100km/lần sạc Bảo hành hãng Vinfast theo chính sách xe 6 năm, pin 8 năm Lh Vinh: ***","Huyện Trảng Bom, Đồng Nai",Đã sử dụng,Xe máy điện,Unknown,2025,9000,18500000,Used,Đồng Nai,2025.0,9000.0
1321,https://xe.chotot.com/mua-ban-xe-may/132962780.htm,2026-06-14 16:06:00,xe_may_dien,VinFast Feliz 2025 Xám 6500km,32500000,Nhật Trường ,"XE MÁY ĐIỆN VINFAST FELIZ 2025 📌 Feliz đời 2025 – form xe đẹp Biển số: 50AB-825.63 📌 Xe chính chủ - giấy tờ pháp lý minh bạch, rõ ràng 📌 Odo ~6500km 📌 Dàn áo còn đẹp, tổng thể xe gọn gàng – không tai nạn, không ngập nước 📌 Phù hợp đi làm, đi chơi, đi học 🛠 Cam kết & chính sách tại cửa hàng: ✔️ Không tai nạn – không tua odo – không thủy kích ✔️ Hỗ trợ kiểm tra xe thoải mái hoặc dẫn thợ đi cùng ✔️ Bảo hành động cơ 6-12 tháng – hỗ trợ kỹ thuật ✔️ Đổi trả trong 6 ngày nếu có lỗi kỹ thuật từ xe ☑️Hỗ trợ góp qua các hình thức: - Quẹt thẻ - Ngân hàng - Tay đôi 💰 Giá bán: 32.500.000đ 📍 Xem xe tại: 855 Quang Trung, P.12, Gò Vấp, TP.HCM","Quận Gò Vấp, Tp Hồ Chí Minh",Đã sử dụng,Xe máy điện,Unknown,2025,6500,32500000,Used,Hồ Chí Minh,2025.0,6500.0
1322,https://xe.chotot.com/mua-ban-xe-may/132957749.htm,2026-06-14 15:57:03,xe_may_dien,🩷Pink An Sương🩷Feliz2025 odo 2k Xe Máy Điện,36900000,Pink Ev Premium An Sương ,"Fb - Tiktok : Nguyen Minh Long Pink Dragon ==================📌📌📌================== Feliz2025 đk 2026 Bstp Chính Chủ Công Chứng - 2 pin mua 2.4kw - Odo 2k - Dàn áo keng 99% như hình - Ốc tán 7 màu keng 99% - Còn đủ phụ kiện theo xe - Dán full keo ppf - Phuộc sau x1r tăng chỉnh ❤️Xe keng 99% so với xe new 🏠𝟮𝟴𝟴 𝗧𝗿𝘂̛𝗼̛̀𝗻𝗴 𝗖𝗵𝗶𝗻𝗵 - 𝗤𝘂𝗮̣̂𝗻 𝟭𝟮 - 𝗛𝗖𝗠 ❤️Mợ Ấu đưa 5tr hay 8tr tuỳ khách ❤️Mợ Ấu đưa 50% Ko xác minh nhà ở ❤️Mợ Ấu đưa 80% ko phí hồ sơ lẽ sức ❤️Tặng 12 tháng xe hư đưa xe khác dùng ❤️Tặng đổi pin đi liền ko chờ sạc nhiều ở 8 đến 12 cơ sở ở Sài Gòn ( Ở Quận 4 -6 -8 -12 , Tân Bình, Bình Tân, Tân Phú, Thủ Đức, Phú Nhuận ) ✅𝗚𝗼́𝗽 𝗡𝗴𝗮̂𝗻 𝗛𝗮̀𝗻𝗴 : Đưa 20% ae giữ Cavet ✅𝗖𝗮̀ 𝗧𝗵𝗲̉ - 𝗚𝗼́𝗽: Cà thẻ ,chuyển đổi trả góp ✅𝗕𝗮𝗼 𝗤𝘂𝗮𝘆 Đ𝗮̂̀𝘂 : Từ 20% theo giá thị trường ✅𝗠𝘂𝗮 𝗕𝗮́𝗻 𝗧𝗿𝗮𝗼 Đ𝗼̂̉𝗶 𝗫𝗲 𝗫𝗮̆𝗻𝗴, 𝗫𝗲 Đ𝗶𝗲̣̂𝗻 𝗧𝗮̣̂𝗻 𝗡𝗵𝗮̀ 𝗖𝗧𝗬 𝗣𝗜𝗡𝗞 : 𝙓𝙀 Đ𝙄𝙀̣̂𝙉 𝙎𝘼̆̃𝙉 𝘼𝙋𝙋 - 𝗡𝗔̣̂𝗨 𝗫𝗢̛́ Đ𝗨̛𝗔 𝟲 𝗖𝗨̉ 🏠𝟭𝟳𝟴 𝗧𝗮̂𝗻 𝗧𝗵𝗼̛́𝗶 𝗛𝗶𝗲̣̂𝗽 𝟮𝟭 - 𝗤.𝟭𝟮 - 𝗛𝗖𝗠 🏠𝟮𝟴𝟴 𝗧𝗿𝘂̛𝗼̛̀𝗻𝗴 𝗖𝗵𝗶𝗻𝗵 - 𝗤𝘂𝗮̣̂𝗻 𝟭𝟮 - 𝗛𝗖𝗠 🏠𝟳𝟵 𝗛𝗼𝗮̀𝗻𝗴 𝗩𝗮̆𝗻 𝗧𝗵𝘂̣ - 𝗣𝗵𝘂́ 𝗡𝗵𝘂𝗮̣̂𝗻 - 𝗛𝗖𝗠","Quận 12, Tp Hồ Chí Minh",Đã sử dụng,Xe máy điện,Unknown,2026,2000,36900000,Used,Hồ Chí Minh,2026.0,2000.0
1323,https://xe.chotot.com/mua-ban-xe-may/130738571.htm,2026-06-14 15:47:01,xe_may_dien,✅ THU - MUA XE MÁY ĐIỆN TẬN NHÀ ✅,8888888, Xe Điện Pink Quận 12,𝗠𝘂𝗮 𝗫𝗲 Đ𝗶𝗲̣̂𝗻 𝗧𝗮̣𝗶 𝗡𝗵𝗮̀ - 𝗚𝗶𝗮́ 𝗖𝗮𝗼 𝗛𝗼̛𝗻 𝗧𝗵𝗶̣ 𝗧𝗿𝘂̛𝗼̛̀𝗻𝗴 _______𝗖𝗮𝗼 𝗛𝗼̛𝗻 𝗧𝘂̛̀ 𝟱𝟬𝟬𝗸 - 𝟮𝘁𝗿 𝗧𝘂𝘆̀ 𝗫𝗲 _______ 𝗖𝗵𝘂𝘆𝗲̂𝗻: 𝗩𝗶𝗻𝗳𝗮𝘀𝘁 𝘃𝗮̀ 𝗬𝗮𝗱𝗲𝗮 -Ư𝘂 𝗧𝗶𝗲̂𝗻: 𝗫𝗲 Đ𝗼̣̂ 𝗞𝗶𝗲̂̉𝗻𝗴 ❌ Có Thể Ký Mua Bán Sang Tên Nếu Khách Ngại Pháp Lý Về Sau ❌Lo Hết Pháp Lý Nếu Khách Hàng Ko Có Thời Gian Hoặc Ko Rành Pháp Lý ❌Nhận Mua Những Xe Vắng Chủ Hay Ko Ký Giấy Được Nhưng Phải Rõ Ràng Pháp Lý ❌Thanh Toán 1 Lần Nếu Pháp Lý Rõ Ràng ✅Thu Mua Những Xe Của Đại Lý Vinfast Sẽ Có Giá Ưu Đãi Riêng Ae Đại Lý Cứ Inbox Thử Nhé _______________________________________ 𝗖𝗧𝗬 𝗣𝗜𝗡𝗞 : 𝗫𝗘 Đ𝗜Ệ𝗡 𝗦𝗔̆̃𝗡 𝗔𝗣𝗣 - 𝗡Ậ𝗨 𝗫Ớ 𝗞𝗢 𝗟Ã𝗜 ☎️/𝗭𝗮𝗹𝗼 : *** #𝗟𝗼𝗻𝗴𝗣𝗶𝗻𝗸 🏠𝟮𝟴𝟴 𝗧𝗿𝘂̛𝗼̛̀𝗻𝗴 𝗖𝗵𝗶𝗻𝗵 - 𝗤𝘂𝗮̣̂𝗻 𝟭𝟮 - 𝗛𝗖𝗠 🏠𝟭𝟳𝟴 𝗧𝗮̂𝗻 𝗧𝗵𝗼̛́𝗶 𝗛𝗶𝗲̣̂𝗽 𝟮𝟭 - 𝗤𝘂𝗮̣̂𝗻 𝟭𝟮 - 𝗛𝗖𝗠 🏠 𝟳𝟵 𝗛𝗼𝗮̀𝗻𝗴 𝗩𝗮̆𝗻 𝗧𝗵𝘂̣ - 𝗣𝗵𝘂́ 𝗡𝗵𝘂𝗮̣̂𝗻 - 𝗛𝗖𝗠,"Quận 12, Tp Hồ Chí Minh",Đã sử dụng,Xe máy điện,Unknown,2026,1,8888888,Used,Hồ Chí Minh,2026.0,1.0
1324,https://xe.chotot.com/mua-ban-xe-may/132956469.htm,2026-06-14 15:35:04,xe_may_dien,Xe máy điện VinFast Evo 200 Lite 2023 Đen,20000000,Trung Nguyễn,"🚨 Hàng hiếm VinFast Evo 200 Lite – Xe đẹp zin 🌟 ✔️ Date 2023 – xe còn mới ✔️ Nguyên zin – ốc tán chưa mở, chuẩn xe kỹ ✔️ Chính chủ ký giấy – mua bán nhanh gọn, an tâm ✔️ Không cần bằng lái – đủ 16 tuổi là chạy được ✔️ Phù hợp học sinh, sinh viên – tiết kiệm, dễ sử dụng 💰 Giá chỉ: 2x.xxx.xxx 🏡 Xem xe trực tiếp tại Tân Phú, HCM 📞 Liên hệ *** (zalo/call)","Quận Tân Phú, Tp Hồ Chí Minh",Đã sử dụng,Xe máy điện,Unknown,2023,19000,20000000,Used,Hồ Chí Minh,2023.0,19000.0
1325,https://xe.chotot.com/mua-ban-xe-may/132957685.htm,2026-06-14 15:29:00,xe_may_dien,🩷Pink An Sương🩷Quantum S3 odo 1k Xe Máy Điện,36900000,Pink Ev Premium An Sương ,"Fb - Tiktok : Nguyen Minh Long Pink Dragon ==================📌📌📌================== DatBikeS3 DK 2025 - 1 Lần Sạc 180km Bstp Chính Chủ Công Chứng - Odo 1000km - Dàn áo keng ko trầy 99% - Ốc tán 7 màu keng 99% - Còn đủ phụ kiện theo xe ❤️Xe keng 99% so với xe new 🏠𝟮𝟴𝟴 𝗧𝗿𝘂̛𝗼̛̀𝗻𝗴 𝗖𝗵𝗶𝗻𝗵 - 𝗤𝘂𝗮̣̂𝗻 𝟭𝟮 - 𝗛𝗖𝗠 ❤️Mợ Ấu đưa 5tr hay 8tr tuỳ khách ❤️Mợ Ấu đưa 50% Ko xác minh nhà ở ❤️Mợ Ấu đưa 80% ko phí hồ sơ lẽ sức ❤️Tặng 12 tháng xe hư đưa xe khác dùng ❤️Tặng đổi pin đi liền ko chờ sạc nhiều ở 8 đến 12 cơ sở ở Sài Gòn ( Ở Quận 4 -6 -8 -12 , Tân Bình, Bình Tân, Tân Phú, Thủ Đức, Phú Nhuận ) ✅𝗚𝗼́𝗽 𝗡𝗴𝗮̂𝗻 𝗛𝗮̀𝗻𝗴 : Đưa 20% ae giữ Cavet ✅𝗖𝗮̀ 𝗧𝗵𝗲̉ - 𝗚𝗼́𝗽: Cà thẻ ,chuyển đổi trả góp ✅𝗕𝗮𝗼 𝗤𝘂𝗮𝘆 Đ𝗮̂̀𝘂 : Từ 20% theo giá thị trường ✅𝗠𝘂𝗮 𝗕𝗮́𝗻 𝗧𝗿𝗮𝗼 Đ𝗼̂̉𝗶 𝗫𝗲 𝗫𝗮̆𝗻𝗴, 𝗫𝗲 Đ𝗶𝗲̣̂𝗻 𝗧𝗮̣̂𝗻 𝗡𝗵𝗮̀ 𝗖𝗧𝗬 𝗣𝗜𝗡𝗞 : 𝙓𝙀 Đ𝙄𝙀̣̂𝙉 𝙎𝘼̆̃𝙉 𝘼𝙋𝙋 - 𝗡𝗔̣̂𝗨 𝗫𝗢̛́ Đ𝗨̛𝗔 𝟲 𝗖𝗨̉ 🏠𝟭𝟳𝟴 𝗧𝗮̂𝗻 𝗧𝗵𝗼̛́𝗶 𝗛𝗶𝗲̣̂𝗽 𝟮𝟭 - 𝗤.𝟭𝟮 - 𝗛𝗖𝗠 🏠𝟮𝟴𝟴 𝗧𝗿𝘂̛𝗼̛̀𝗻𝗴 𝗖𝗵𝗶𝗻𝗵 - 𝗤𝘂𝗮̣̂𝗻 𝟭𝟮 - 𝗛𝗖𝗠 🏠𝟳𝟵 𝗛𝗼𝗮̀𝗻𝗴 𝗩𝗮̆𝗻 𝗧𝗵𝘂̣ - 𝗣𝗵𝘂́ 𝗡𝗵𝘂𝗮̣̂𝗻 - 𝗛𝗖𝗠","Quận 12, Tp Hồ Chí Minh",Đã sử dụng,Xe máy điện,Unknown,2025,1000,36900000,Used,Hồ Chí Minh,2025.0,1000.0
1326,https://xe.chotot.com/mua-ban-xe-may/132957189.htm,2026-06-14 15:25:02,xe_may_dien,"Xe máy điện VinFast FLAZZ Đen, Xanh rêu",13500000,Trung Nguyễn,"🚨 VINFAST FLAZZ – XE KHÁCH TRÚNG THƯỞNG GIÁ TỐT 🚨 ✔️ Xe mới 100% – pin hãng – đi 50–60km/lần sạc ✔️ 16 tuổi chạy được – không cần bằng ✔️ Có sẵn: đen & xanh rêu – giao ngay ✔️ Bao hoá đơn – giá rẻ hơn hãng 💰1x.xxx.xxx 📍 Luỹ Bán Bích, Tân Phú 📞 ***","Quận Tân Phú, Tp Hồ Chí Minh",Mới,Xe máy điện,Unknown,2025,,13500000,New,Hồ Chí Minh,2025.0,
1327,https://xe.chotot.com/mua-ban-xe-may/132974565.htm,2026-06-14 15:22:30,xe_may_dien,Xe máy điện VinFast EVO 200 Đen 7000 km,18500000,văn vũ,cần bán vinfast EVO 200 biển tp chính chủ --- làm giấy mua bán bao ko ai tranh chấp --- ----- pin thuê odo 7 ngàn cây ----- --- dào áo đẹp keng xà beng --- xem xe số 3 nguyễn xí p26 bình thạnh --- có trao đổi xe 2 bánh thank you,"Quận Bình Thạnh, Tp Hồ Chí Minh",Đã sử dụng,Xe máy điện,Unknown,2025,7000,18500000,Used,Hồ Chí Minh,2025.0,7000.0
1328,https://xe.chotot.com/mua-ban-xe-may/131626975.htm,2026-06-14 15:12:04,xe_may_dien,🩷Pink An Sương🩷Evo200 Bs đẹp 272.72 Xe Máy Điện,26900000, Xe Điện Pink Quận 12,"Fb - Tiktok : Nguyen Minh Long Pink Dragon ==================📌📌📌================== Evo200 đk 6/2024 BS Đẹp 272.72 Chính Chủ Ký - Đã mua pin - Dàn áo keng - Full bodykit - Ốc tán 7 màu keng 99% - Còn đủ phụ kiện theo xe ❤️Xe keng 99% so với xe new 🏠𝟮𝟴𝟴 𝗧𝗿𝘂̛𝗼̛̀𝗻𝗴 𝗖𝗵𝗶𝗻𝗵 - 𝗤𝘂𝗮̣̂𝗻 𝟭𝟮 - 𝗛𝗖𝗠 ❤️Nậu Xớ Đưa Từ 6tr Ko L//ã//i Suất ❤️Lên hồ sơ Online nhận xe tại nhà ❤️Nậu Xớ trả chậm trong 24 tháng ❤️Tặng đổi pin đi liền ko sạc ở 8-12 cơ sở ❤️Tặng 1 năm hư Pink đưa xe dùng khi chờ sửa ✅𝗚𝗼́𝗽 𝗡𝗴𝗮̂𝗻 𝗛𝗮̀𝗻𝗴 : Đưa 20% ae giữ Cavet ✅𝗖𝗮̀ 𝗧𝗵𝗲̉ - 𝗚𝗼́𝗽: Cà thẻ ,chuyển đổi trả góp ✅𝗕𝗮𝗼 𝗤𝘂𝗮𝘆 Đ𝗮̂̀𝘂 : Từ 20% theo giá thị trường ✅𝗠𝘂𝗮 𝗕𝗮́𝗻 𝗧𝗿𝗮𝗼 Đ𝗼̂̉𝗶 𝗫𝗲 𝗫𝗮̆𝗻𝗴, 𝗫𝗲 Đ𝗶𝗲̣̂𝗻 𝗧𝗮̣̂𝗻 𝗡𝗵𝗮̀ 𝗖𝗧𝗬 𝗣𝗜𝗡𝗞 : 𝙓𝙀 Đ𝙄𝙀̣̂𝙉 𝙎𝘼̆̃𝙉 𝘼𝙋𝙋 - 𝗡𝗔̣̂𝗨 𝗫𝗢̛́ Đ𝗨̛𝗔 𝟲 𝗖𝗨̉ 🏠𝟭𝟳𝟴 𝗧𝗮̂𝗻 𝗧𝗵𝗼̛́𝗶 𝗛𝗶𝗲̣̂𝗽 𝟮𝟭 - 𝗤.𝟭𝟮 - 𝗛𝗖𝗠 🏠𝟮𝟴𝟴 𝗧𝗿𝘂̛𝗼̛̀𝗻𝗴 𝗖𝗵𝗶𝗻𝗵 - 𝗤𝘂𝗮̣̂𝗻 𝟭𝟮 - 𝗛𝗖𝗠 🏠𝟳𝟵 𝗛𝗼𝗮̀𝗻𝗴 𝗩𝗮̆𝗻 𝗧𝗵𝘂̣ - 𝗣𝗵𝘂́ 𝗡𝗵𝘂𝗮̣̂𝗻 - 𝗛𝗖𝗠","Quận 12, Tp Hồ Chí Minh",Đã sử dụng,Xe máy điện,Unknown,2024,1,26900000,Used,Hồ Chí Minh,2024.0,1.0
1329,https://xe.chotot.com/mua-ban-xe-may/132973130.htm,2026-06-14 14:06:22,xe_may_dien,Xe máy điện VinFast Evo 200,22500000,Ng Châu Tấn,VIP xe Evo 200 Pin sạc đã mua còn bảo hành dài chính hãng gần 5 năm yên tâm sử dụng bạn nào cần thì hãy xem kỹ rồi hãy hỏi không mặc cả giá đỡ mất thời gian đôi bên! Mua về chỉ việc sử dụng tên chính chủ yên tâm!?,"Quận Liên Chiểu, Đà Nẵng",Đã sử dụng,Xe máy điện,Unknown,2022,35000,22500000,Used,Đà Nẵng,2022.0,35000.0
1330,https://xe.chotot.com/mua-ban-xe-may/132963620.htm,2026-06-14 14:04:00,xe_may_dien,Bán scooter điện,25200000,Nguyễn Hiểu,"Cần bán Scooter điện Xe nhập nguyên chiếc từ Mỹ Pin 60V30A, đi đc 70km/ sạc Thời gian sạc: 4-5 tiếng Cần đổi lên xe lớn hơn nên cần bán lại ACE quan tâm vui lòng liên hệ Zalo(nt vui lòng ko gọi điện mình đi làm k tiện nghe máy)","Quận Phú Nhuận, Tp Hồ Chí Minh",Đã sử dụng,Xe máy điện,Unknown,2024,7000,25200000,Used,Hồ Chí Minh,2024.0,7000.0
1331,https://xe.chotot.com/mua-ban-xe-may/132972290.htm,2026-06-14 13:16:47,xe_may_dien,Xe máy điện VinFast Evo200 Đen 2025,23000000,trần văn phụng,"Evo200 , pin mua đứt , xe t6/2025 1 đời chủ ký thoải mái. 23tr ( nguyên xe ) 20tr ( lấy lại cặp tay thắng + heo dầu ) Chi phí tháo lắp về zin bên mua tự chịu","Quận Tân Phú, Tp Hồ Chí Minh",Đã sử dụng,Xe máy điện,Unknown,2025,0,23000000,Used,Hồ Chí Minh,2025.0,0.0
1332,https://xe.chotot.com/mua-ban-xe-may/132972192.htm,2026-06-14 13:11:55,xe_may_dien,Xe điện Vespa 946 Bản 5B lớn màu Cam,13000000,Thanh Tuấn,Mùa banh bóng đã đến em cần nhượng lại xe điện vespa 946 bản 5b lớn còn bh gần 12th ace thiện chí ib e nhé,"Thành phố Biên Hòa, Đồng Nai",Đã sử dụng,Xe máy điện,Unknown,2026,500,13000000,Used,Đồng Nai,2026.0,500.0
1333,https://xe.chotot.com/mua-ban-xe-may/132972109.htm,2026-06-14 13:07:16,xe_may_dien,Xe máy điện Yadea 133M Đen đã sử dụng,3000000,Mai Hòa,cần bán xe máy điện 133M giá 3 triệu đang xử dụng,"Quận Thanh Khê, Đà Nẵng",Mới,Xe máy điện,Unknown,2025,,3000000,New,Đà Nẵng,2025.0,
1334,https://xe.chotot.com/mua-ban-xe-may/132957527.htm,2026-06-14 12:49:00,xe_may_dien,🩷Pink An Sương🩷Feliz2025 odo 1k Xe Máy Điện,35900000,Pink Ev Premium An Sương ,"Fb - Tiktok : Nguyen Minh Long Pink Dragon ==================📌📌📌================== Feliz2025 DK 2026 Bstp Chính Chủ Công Chứng - 2 pin mua 2.4kw - Odo 1800km - Dàn áo keng ko trầy 99% - Ốc tán 7 màu keng 99% - Còn đủ phụ kiện theo xe ❤️Xe keng 99% so với xe new 🏠𝟮𝟴𝟴 𝗧𝗿𝘂̛𝗼̛̀𝗻𝗴 𝗖𝗵𝗶𝗻𝗵 - 𝗤𝘂𝗮̣̂𝗻 𝟭𝟮 - 𝗛𝗖𝗠 ❤️Mợ Ấu đưa 1tr5 hay 4tr5 tuỳ khách ❤️Mợ Ấu đưa 50% Ko xác minh nhà ở ❤️Mợ Ấu đưa 80% ko phí hồ sơ lẽ sức ❤️Tặng 12 tháng xe hư đưa xe khác dùng ❤️Tặng đổi pin đi liền ko chờ sạc nhiều ở 8 đến 12 cơ sở ở Sài Gòn ( Ở Quận 4 -6 -8 -12 , Tân Bình, Bình Tân, Tân Phú, Thủ Đức, Phú Nhuận ) ✅𝗚𝗼́𝗽 𝗡𝗴𝗮̂𝗻 𝗛𝗮̀𝗻𝗴 : Đưa 20% ae giữ Cavet ✅𝗖𝗮̀ 𝗧𝗵𝗲̉ - 𝗚𝗼́𝗽: Cà thẻ ,chuyển đổi trả góp ✅𝗕𝗮𝗼 𝗤𝘂𝗮𝘆 Đ𝗮̂̀𝘂 : Từ 20% theo giá thị trường ✅𝗠𝘂𝗮 𝗕𝗮́𝗻 𝗧𝗿𝗮𝗼 Đ𝗼̂̉𝗶 𝗫𝗲 𝗫𝗮̆𝗻𝗴, 𝗫𝗲 Đ𝗶𝗲̣̂𝗻 𝗧𝗮̣̂𝗻 𝗡𝗵𝗮̀ 𝗖𝗧𝗬 𝗣𝗜𝗡𝗞 : 𝙓𝙀 Đ𝙄𝙀̣̂𝙉 𝙎𝘼̆̃𝙉 𝘼𝙋𝙋 - 𝗡𝗔̣̂𝗨 𝗫𝗢̛́ Đ𝗨̛𝗔 𝟲 𝗖𝗨̉ 🏠𝟭𝟳𝟴 𝗧𝗮̂𝗻 𝗧𝗵𝗼̛́𝗶 𝗛𝗶𝗲̣̂𝗽 𝟮𝟭 - 𝗤.𝟭𝟮 - 𝗛𝗖𝗠 🏠𝟮𝟴𝟴 𝗧𝗿𝘂̛𝗼̛̀𝗻𝗴 𝗖𝗵𝗶𝗻𝗵 - 𝗤𝘂𝗮̣̂𝗻 𝟭𝟮 - 𝗛𝗖𝗠 🏠𝟳𝟵 𝗛𝗼𝗮̀𝗻𝗴 𝗩𝗮̆𝗻 𝗧𝗵𝘂̣ - 𝗣𝗵𝘂́ 𝗡𝗵𝘂𝗮̣̂𝗻 - 𝗛𝗖𝗠","Quận 12, Tp Hồ Chí Minh",Đã sử dụng,Xe máy điện,Unknown,2026,1800,35900000,Used,Hồ Chí Minh,2026.0,1800.0
1335,https://xe.chotot.com/mua-ban-xe-may/132948027.htm,2026-06-14 12:42:01,xe_may_dien,👉 VinFast Vento ABS 2022 2 Pin Odo 828Km Chính Chủ,35000000,Khương Phan,"🔥 VinFast Vento ABS – 2022 – Bản 2 Pin – Chính Chủ Biển 29 📌 Odo chỉ 828 km chuẩn – xe lướt cực mới 📌 Chính chủ biển 29 – giấy tờ đầy đủ, sang tên nhanh gọn 📌 Phiên bản 2 pin, quãng đường sử dụng dài hơn 📌 Trang bị ABS an toàn theo xe 📌 Động cơ điện vận hành êm ái, tăng tốc mượt mà 📌 Xe đẹp như mới, dàn áo keng, mua về sử dụng ngay 📌 Pin và hệ thống điện hoạt động ổn định ✔️ Bao test xe / test thợ thoải mái ✔️ Không tai nạn – không ngập nước – không lỗi điện ✔️ Bảo hành 6 tháng phần động cơ & hệ thống điện ✔️ Đổi trả 6 ngày nếu xe có lỗi kỹ thuật 💳 Hỗ trợ góp ngân hàng 💳 Hỗ trợ góp nợ xấu 💳 Hỗ trợ quẹt thẻ tín dụng 💰 Giá bán: 35.000.000đ 📍 855 Quang Trung, Gò Vấp 📲 Số điện thoại có zalo","Quận Gò Vấp, Tp Hồ Chí Minh",Đã sử dụng,Xe máy điện,Unknown,2022,828,35000000,Used,Hồ Chí Minh,2022.0,828.0
1336,https://xe.chotot.com/mua-ban-xe-may/132957617.htm,2026-06-14 12:39:04,xe_may_dien,🩷Pink An Sương🩷VeroX 2026 odo 3k Xe Máy Điện,37900000,Pink Ev Premium An Sương ,"Fb - Tiktok : Nguyen Minh Long Pink Dragon ==================📌📌📌================== VeroX 4/2026 Bstp Chính Chủ Công Chứng - 2 pin mua 2.4kw - Odo 3000km - Dàn áo keng ko trầy 99% - Ốc tán 7 màu keng 99% - Còn đủ phụ kiện theo xe ❤️Xe keng 99% so với xe new 🏠𝟮𝟴𝟴 𝗧𝗿𝘂̛𝗼̛̀𝗻𝗴 𝗖𝗵𝗶𝗻𝗵 - 𝗤𝘂𝗮̣̂𝗻 𝟭𝟮 - 𝗛𝗖𝗠 ❤️Mợ Ấu đưa 6tr hay 9tr tuỳ khách ❤️Mợ Ấu đưa 50% Ko xác minh nhà ở ❤️Mợ Ấu đưa 80% ko phí hồ sơ lẽ sức ❤️Tặng 12 tháng xe hư đưa xe khác dùng ❤️Tặng đổi pin đi liền ko chờ sạc nhiều ở 8 đến 12 cơ sở ở Sài Gòn ( Ở Quận 4 -6 -8 -12 , Tân Bình, Bình Tân, Tân Phú, Thủ Đức, Phú Nhuận ) ✅𝗚𝗼́𝗽 𝗡𝗴𝗮̂𝗻 𝗛𝗮̀𝗻𝗴 : Đưa 20% ae giữ Cavet ✅𝗖𝗮̀ 𝗧𝗵𝗲̉ - 𝗚𝗼́𝗽: Cà thẻ ,chuyển đổi trả góp ✅𝗕𝗮𝗼 𝗤𝘂𝗮𝘆 Đ𝗮̂̀𝘂 : Từ 20% theo giá thị trường ✅𝗠𝘂𝗮 𝗕𝗮́𝗻 𝗧𝗿𝗮𝗼 Đ𝗼̂̉𝗶 𝗫𝗲 𝗫𝗮̆𝗻𝗴, 𝗫𝗲 Đ𝗶𝗲̣̂𝗻 𝗧𝗮̣̂𝗻 𝗡𝗵𝗮̀ 𝗖𝗧𝗬 𝗣𝗜𝗡𝗞 : 𝙓𝙀 Đ𝙄𝙀̣̂𝙉 𝙎𝘼̆̃𝙉 𝘼𝙋𝙋 - 𝗡𝗔̣̂𝗨 𝗫𝗢̛́ Đ𝗨̛𝗔 𝟲 𝗖𝗨̉ 🏠𝟭𝟳𝟴 𝗧𝗮̂𝗻 𝗧𝗵𝗼̛́𝗶 𝗛𝗶𝗲̣̂𝗽 𝟮𝟭 - 𝗤.𝟭𝟮 - 𝗛𝗖𝗠 🏠𝟮𝟴𝟴 𝗧𝗿𝘂̛𝗼̛̀𝗻𝗴 𝗖𝗵𝗶𝗻𝗵 - 𝗤𝘂𝗮̣̂𝗻 𝟭𝟮 - 𝗛𝗖𝗠 🏠𝟳𝟵 𝗛𝗼𝗮̀𝗻𝗴 𝗩𝗮̆𝗻 𝗧𝗵𝘂̣ - 𝗣𝗵𝘂́ 𝗡𝗵𝘂𝗮̣̂𝗻 - 𝗛𝗖𝗠","Quận 12, Tp Hồ Chí Minh",Đã sử dụng,Xe máy điện,Unknown,2026,3000,37900000,Used,Hồ Chí Minh,2026.0,3000.0
1337,https://xe.chotot.com/mua-ban-xe-may/132971441.htm,2026-06-14 12:31:10,xe_may_dien,"Icon E , biển số thành phố chính chủ",16800000,Chính Nghĩa,"Dư dùng xe Icon E , biển số thành phố chính chủ Mới mua 2 tuần Đã cọc pin 2triệu và 6 tháng thuê pin (Pin thuê) Xem xe quận tân phú","Quận Tân Phú, Tp Hồ Chí Minh",Đã sử dụng,Xe máy điện,Unknown,2026,200,16800000,Used,Hồ Chí Minh,2026.0,200.0
1338,https://xe.chotot.com/mua-ban-xe-may/131459735.htm,2026-06-14 12:27:01,xe_may_dien,🩷Pink An Sương🩷EvoGand 2026 odo 200km Xe Máy Điện,28900000, Xe Điện Pink Quận 12,"Fb - Tiktok : Nguyen Minh Long Pink Dragon ==================📌📌📌================== EvoGand 3/2026 Sài Gòn 9 Chủ Công Chứng - 2 Pin mua 2.4kw - Odo 100km - Dàn áo leng keng ko 1 vết xước - Ốc tán 7 màu keng 99% - Còn đủ phụ kiện theo xe ❤️Xe keng 99% so với xe new 🏠𝟮𝟴𝟴 𝗧𝗿𝘂̛𝗼̛̀𝗻𝗴 𝗖𝗵𝗶𝗻𝗵 - 𝗤𝘂𝗮̣̂𝗻 𝟭𝟮 - 𝗛𝗖𝗠 ❤️Nậu Xớ Đưa Từ 6tr Ko L//ã//i Suất ❤️Lên hồ sơ Online nhận xe tại nhà ❤️Nậu Xớ trả chậm trong 24 tháng ❤️Tặng đổi pin đi liền ko sạc ở 8-12 cơ sở ❤️Tặng 1 năm hư Pink đưa xe dùng khi chờ sửa ✅𝗚𝗼́𝗽 𝗡𝗴𝗮̂𝗻 𝗛𝗮̀𝗻𝗴 : Đưa 20% ae giữ Cavet ✅𝗖𝗮̀ 𝗧𝗵𝗲̉ - 𝗚𝗼́𝗽: Cà thẻ ,chuyển đổi trả góp ✅𝗕𝗮𝗼 𝗤𝘂𝗮𝘆 Đ𝗮̂̀𝘂 : Từ 20% theo giá thị trường ✅𝗠𝘂𝗮 𝗕𝗮́𝗻 𝗧𝗿𝗮𝗼 Đ𝗼̂̉𝗶 𝗫𝗲 𝗫𝗮̆𝗻𝗴, 𝗫𝗲 Đ𝗶𝗲̣̂𝗻 𝗧𝗮̣̂𝗻 𝗡𝗵𝗮̀ 𝗖𝗧𝗬 𝗣𝗜𝗡𝗞 : 𝙓𝙀 Đ𝙄𝙀̣̂𝙉 𝙎𝘼̆̃𝙉 𝘼𝙋𝙋 - 𝗡𝗔̣̂𝗨 𝗫𝗢̛́ Đ𝗨̛𝗔 𝟲 𝗖𝗨̉ 🏠𝟭𝟳𝟴 𝗧𝗮̂𝗻 𝗧𝗵𝗼̛́𝗶 𝗛𝗶𝗲̣̂𝗽 𝟮𝟭 - 𝗤.𝟭𝟮 - 𝗛𝗖𝗠 🏠𝟮𝟴𝟴 𝗧𝗿𝘂̛𝗼̛̀𝗻𝗴 𝗖𝗵𝗶𝗻𝗵 - 𝗤𝘂𝗮̣̂𝗻 𝟭𝟮 - 𝗛𝗖𝗠 🏠𝟳𝟵 𝗛𝗼𝗮̀𝗻𝗴 𝗩𝗮̆𝗻 𝗧𝗵𝘂̣ - 𝗣𝗵𝘂́ 𝗡𝗵𝘂𝗮̣̂𝗻 - 𝗛𝗖𝗠","Quận 12, Tp Hồ Chí Minh",Đã sử dụng,Xe máy điện,Unknown,2026,100,28900000,Used,Hồ Chí Minh,2026.0,100.0
1339,https://xe.chotot.com/mua-ban-xe-may/132970896.htm,2026-06-14 12:03:49,xe_may_dien,Xe máy điện VEMOTOR Cross EV Xám Mới,17600000,Nguyễn Văn Hữu,"Xe máy điện VEMOTOR Cross EV màu xám, thiết kế hiện đại, phù hợp cho cả nam và nữ. - Động cơ mạnh mẽ, vận hành êm ái. - Tiết kiệm năng lượng, thân thiện với môi trường. - Trang bị đầy đủ tính năng an toàn. - Xe mới. Cọc 3tr5","Quận Gò Vấp, Tp Hồ Chí Minh",Mới,Xe máy điện,Unknown,2026,,17600000,New,Hồ Chí Minh,2026.0,
1340,https://xe.chotot.com/mua-ban-xe-may/132722307.htm,2026-06-14 11:39:27,xe_may_dien,Xe điện Xmen màu Đen,5500000,Bền,Cần bán xe điện xmen 5 bình đẹp mua là chạy,"Quận Ninh Kiều, Cần Thơ",Đã sử dụng,Xe máy điện,Unknown,2018,18000,5500000,Used,Cần Thơ,2018.0,18000.0
1341,https://xe.chotot.com/mua-ban-xe-may/132686413.htm,2026-06-14 10:09:10,xe_may_dien,Xe máy điện X-Men Đen . xe chạy 5 bình lớn,6500000,Thu Hồng,"Xe máy điện X-Men màu đen, xe đầy đủ giấy biển thiết kế thể thao, cá tính. - Động cơ mạnh mẽ, vận hành êm ái. - Phù hợp di chuyển trong thành phố.","Quận 12, Tp Hồ Chí Minh",Đã sử dụng,Xe máy điện,Unknown,2022,20000,6500000,Used,Hồ Chí Minh,2022.0,20000.0
1342,https://xe.chotot.com/mua-ban-xe-may/132883335.htm,2026-06-14 09:56:30,xe_may_dien,Xe điện Xmen Đỏ còn mới 80%,7100000,nguyen duc manh,Xe Điện Xmen còn rất mới chạy rất ngon bán cho gon khỏi trật nhà đông cơ 850w Năm bình mới thay 12v /20ạ,"Quận Tân Bình, Tp Hồ Chí Minh",Đã sử dụng,Xe máy điện,Unknown,2023,123123,7100000,Used,Hồ Chí Minh,2023.0,123123.0
1343,https://xe.chotot.com/mua-ban-xe-may/132820845.htm,2026-06-14 08:58:48,xe_may_dien,Xe điện HGT màu Xanh,5300000,Đình Đình,"Xe điện HGT thanh lý Odo <2500km 4 bình lớn Chỉ bị lỗi mũi dè trước, các chức năng khác hoạt động bình thường","Quận 8, Tp Hồ Chí Minh",Đã sử dụng,Xe máy điện,Unknown,2024,2500,5300000,Used,Hồ Chí Minh,2024.0,2500.0
1344,https://xe.chotot.com/mua-ban-xe-may/132966268.htm,2026-06-14 07:59:35,xe_may_dien,Yadea Vekoo Xanh 5000km,11800000,Kenny Đặng,Vừa về cho anh chị mình : - Pé Yadea Vekoo odo 5000km ko khác gì xe mới dắt hãng ra. - 4 Bình chạy 40km/ lần xạc Zá 1xtr nhỏ ( fix xăng cộ cho ae ) Call : ***,"Huyện Hóc Môn, Tp Hồ Chí Minh",Đã sử dụng,Xe máy điện,Unknown,2025,5000,11800000,Used,Hồ Chí Minh,2025.0,5000.0
1345,https://xe.chotot.com/mua-ban-xe-may/132965736.htm,2026-06-14 07:05:05,xe_may_dien,Xe điện Vespa Đen 5 bình lớn Chống trộm,6500000,cá nhân,"Bán xe điện VesPa còn đẹp chạy nhanh khoẻ êm ru ! Xe 5 bình lớn còn tốt nên chạy nhiều chạy xa thoải mái ! Mọi chức năng còi đèn xi nhan khoá khiển chống trộm đầy đủ ....! Phanh trước sau nhẹ nhàng an toàn , 2 lốp còn dày ! Xe dã được kiểm tra và bảo dưỡng kỹ nên mua về chỉ việc sử dụng như xe mới chứ ko phải sửa bất cứ thứ gì , xe và bình điện BH 2 tháng ! Ai cần mua cho con đi học đi làm hay sử dụng gia đình thì liên hệ nhé ! Xem xe tes chạy thử thoải mái !","Quận Liên Chiểu, Đà Nẵng",Đã sử dụng,Xe máy điện,Unknown,2021,99999,6500000,Used,Đà Nẵng,2021.0,99999.0
1346,https://xe.chotot.com/mua-ban-xe-may/132965690.htm,2026-06-14 07:00:59,xe_may_dien,"Xe máy điện VinFast Evo Maxx 2026 Đen, Trắng Mới",18500000,Quý Minh Xe Điện,Evo maxx 2026 new 100% mới ra biển Thuê 1 pin Zá 18.5tr Call📞***,"Quận Tân Phú, Tp Hồ Chí Minh",Mới,Xe máy điện,Unknown,2026,,18500000,New,Hồ Chí Minh,2026.0,
1347,https://xe.chotot.com/mua-ban-xe-may/132965675.htm,2026-06-14 06:59:53,xe_may_dien,Xe máy điện VinFast Ludo Đỏ đen đã sử dụng,8400000,Tên chưa cung cấp,"Xe máy điện VinFast Ludo màu đỏ đen, thiết kế nhỏ gọn, phù hợp di chuyển trong phố. - Động cơ mạnh mẽ, vận hành êm ái. - Trang bị đèn LED hiện đại.","Quận Bình Tân, Tp Hồ Chí Minh",Đã sử dụng,Xe máy điện,Unknown,2020,22000,8400000,Used,Hồ Chí Minh,2020.0,22000.0
1348,https://xe.chotot.com/mua-ban-xe-may/132831138.htm,2026-06-13 23:29:11,xe_may_dien,Xe máy điện Piaggio Vespa Đen nhám,6800000,Xe điện Bình Phương,"VP274 ✅ Xe máy điện Vespa Đen nhám ắc quy bao khoẻ 6tr8 ➡️40/lần sạc ➡️Lắp ắc quy mới hỗ trợ giá 50% ➡️ Hình thức đẹp nét, xe chắc chắn, xe đã bảo dưỡng toàn bộ ➡️ full chức năng, đủ phụ kiện, bảo hành dài, ship toàn quốc ☎️ *** (zalo,fb,mess) có trả góp 📌 Cửa hàng xe điện Bình Phương, sn 15 ngõ 195/91 Trần Cung, Hà Nội","Quận Cầu Giấy, Hà Nội",Đã sử dụng,Xe máy điện,Unknown,2020,6395,6800000,Used,Hà Nội,2020.0,6395.0
1349,https://xe.chotot.com/mua-ban-xe-may/132868408.htm,2026-06-13 23:19:08,xe_may_dien,Xe máy điện Vespa AQ2026 Xám hồng,8900000,Xe điện Bình Phương,"VP276 ✅ Xe máy điện Vespa Xám hồng cực nét ắc quy siêu lướt 2026 giá 8tr9 ➡️ Đủ giấy tờ đăng ký biển ➡️40-50km/ lần sạc ➡️Lắp ắc quy mới hỗ trợ giá 50% ➡️ Hình thức đẹp nét, xe chắc chắn, xe đã bảo dưỡng toàn bộ ➡️ full chức năng, đủ phụ kiện, bảo hành dài, ship toàn quốc ☎️ *** (zalo,fb,mess) có trả góp 📌 Cửa hàng xe điện Bình Phương, sn 15 ngõ 195/91 Trần Cung, Hà Nội","Quận Cầu Giấy, Hà Nội",Đã sử dụng,Xe máy điện,Unknown,2020,3528,8900000,Used,Hà Nội,2020.0,3528.0
1350,https://xe.chotot.com/mua-ban-xe-may/132962933.htm,2026-06-13 20:31:53,xe_may_dien,Xe điện Air Bike màu Đen,4300000,thanh sương,chính chủ dư dùng cần bán xe điện. xe chỉ đi loanh quanh xưởng. Giá bán : 4tr3. Liên hệ : ***,"Quận 12, Tp Hồ Chí Minh",Đã sử dụng,Xe máy điện,Unknown,2025,15,4300000,Used,Hồ Chí Minh,2025.0,15.0
1351,https://xe.chotot.com/mua-ban-xe-may/132962721.htm,2026-06-13 20:14:59,xe_may_dien,Xe máy điện VinFast Evo Neo Đỏ 500km,15900000,Xe Điện GV,🔴⚡️ 𝑽𝑰𝑵𝑭𝑨𝑺𝑻 𝑬𝑽𝑶 𝑵𝑬𝑶 ⚡️🔴 🔺 Biển số 71 🔺 Odo siêu lướt 500km – như dắt hãng 🔺 Sài pin LFP 2.0 bền bỉ 🔺 Chính chủ công chứng 🔺 Xe đẹp zin keng 🔺 Giá 15x 📞 *** 🔴 Zalo: *** #VinFastEvoNeo #EvoNeo #XeDienVinfast #XeDienCu #XeDienDep #XeDienTPHCM #XeDienGiaRe #MuaBanXeDien,"Quận Bình Tân, Tp Hồ Chí Minh",Đã sử dụng,Xe máy điện,Unknown,2025,500,15900000,Used,Hồ Chí Minh,2025.0,500.0
1352,https://xe.chotot.com/mua-ban-xe-may/132909195.htm,2026-06-13 18:24:28,xe_may_dien,Xe máy điện VinFast Flazz Đen- Xanh Rêu,13500000,Nguyễn Huy Hoàng,"🔥 VINFAST FLAZZ – XE ĐIỆN QUỐC DÂN CHO HỌC SINH, SINH VIÊN 🔥 ✅ Không cần bằng lái ✅ Thiết kế trẻ trung, hiện đại ✅ Pin LFP an toàn, bền bỉ ✅ Quãng đường lên đến 70km/lần sạc ✅ Có thể nâng cấp pin phụ đi tới 135km ✅ Động cơ chống nước IP67, yên tâm khi trời mưa *** 2 xe ưu đãi ✅ Giá chỉ từ 13,500,000 đồng VinFast Flazz là lựa chọn hoàn hảo cho học sinh, sinh viên, người đi làm và những ai cần một chiếc xe điện tiết kiệm, dễ sử dụng mỗi ngày. 📞 Liên hệ ngay để được tư vấn và nhận ưu đãi ***!","Quận Ba Đình, Hà Nội",Mới,Xe máy điện,Unknown,2026,,13500000,New,Hà Nội,2026.0,
1353,https://xe.chotot.com/mua-ban-xe-may/132574236.htm,2026-06-13 17:49:30,xe_may_dien,Honda Future Xám chính chủ ký,12000000,trường thịnh,"Xe máy Honda Future màu xám, biển số 53-S9 1031. - Xe bền bỉ, tiết kiệm xăng. - Động cơ mạnh mẽ, vận hành êm ái. - Phù hợp đi lại hàng ngày.","Huyện Nhà Bè, Tp Hồ Chí Minh",Đã sử dụng,Xe máy điện,Unknown,2008,95949,12000000,Used,Hồ Chí Minh,2008.0,95949.0
1354,https://xe.chotot.com/mua-ban-xe-may/132906506.htm,2026-06-13 16:19:52,xe_may_dien,Xe máy điện VinFast Ludo Xanh,7000000,PHẠM TUẤN MUA BÁN XE ĐIỆN,Ludo pin B2 new bảo hành 3 năm Odo 10000km lenkeng Zá 7tr Mua xe điện cũ giá cao,"Quận Tân Phú, Tp Hồ Chí Minh",Đã sử dụng,Xe máy điện,Unknown,2022,10000,7000000,Used,Hồ Chí Minh,2022.0,10000.0
1355,https://xe.chotot.com/mua-ban-xe-may/132906043.htm,2026-06-13 15:59:49,xe_may_dien,Xe máy điện Feliz 2025 Trắng,31500000,PHẠM TUẤN MUA BÁN XE ĐIỆN,Nợ xấu đưa trc 30% Feliz 2025 lun 2 pin + sạc Chính chủ ký . Xe lướt đẹp keng Zá 31tr500.,"Quận Tân Phú, Tp Hồ Chí Minh",Đã sử dụng,Xe máy điện,Unknown,2025,7000,31500000,Used,Hồ Chí Minh,2025.0,7000.0
1356,https://xe.chotot.com/mua-ban-xe-may/132283011.htm,2026-06-13 15:27:18,xe_may_dien,🩷Pink An Sương🩷Datbike S1 odo 10k Xe Máy Điện,49900000,Pink Ev Premium An Sương ,"Fb - Tiktok : Nguyen Minh Long Pink Dragon ==================📌📌📌================== Datbike_S1 Đen - DK 12/2025 BSTP.HCM ( mới ) 9 Chủ Bao Chứng - Odo 10 ngàn - Pin Mua Đi 1 Lần Sạc 285km - Dàn áo keng ko trầy 99% - Ốc tán 7 màu keng 99% - Còn đủ phụ kiện theo xe ❤️Xe keng 99% so với xe new #Giá_49tr9 - Giao lưu xe, Tài sản giá trị 🏠𝟮𝟴𝟴 𝗧𝗿𝘂̛𝗼̛̀𝗻𝗴 𝗖𝗵𝗶𝗻𝗵 - 𝗤𝘂𝗮̣̂𝗻 𝟭𝟮 - 𝗛𝗖𝗠 ❤️Trả chậm tay đôi đưa 20% ko lẻ suất ❤️Ko xác minh nhà ,Ko xác minh thu nhập ❤️Tặng 12 tháng xe hư đưa xe khác dùng ❤️Tặng đổi pin đi liền ko chờ sạc nhiều ở 8 đến 12 cơ sở ở Sài Gòn ( Ở Quận 4 -6 -8 -12 , Tân Bình, Bình Tân, Tân Phú, Thủ Đức, Phú Nhuận ) ✅𝗚𝗼́𝗽 𝗡𝗴𝗮̂𝗻 𝗛𝗮̀𝗻𝗴 : Đưa 20% ae giữ Cavet ✅𝗖𝗮̀ 𝗧𝗵𝗲̉ - 𝗚𝗼́𝗽: Cà thẻ ,chuyển đổi trả góp ✅𝗕𝗮𝗼 𝗤𝘂𝗮𝘆 Đ𝗮̂̀𝘂 : Từ 20% theo giá thị trường ✅𝗠𝘂𝗮 𝗕𝗮́𝗻 𝗧𝗿𝗮𝗼 Đ𝗼̂̉𝗶 𝗫𝗲 𝗫𝗮̆𝗻𝗴, 𝗫𝗲 Đ𝗶𝗲̣̂𝗻 𝗧𝗮̣̂𝗻 𝗡𝗵𝗮̀ 𝗖𝗧𝗬 𝗣𝗜𝗡𝗞 : 𝙓𝙀 Đ𝙄𝙀̣̂𝙉 𝙎𝘼̆̃𝙉 𝘼𝙋𝙋 - 𝗡𝗔̣̂𝗨 𝗫𝗢̛́ Đ𝗨̛𝗔 𝟲 𝗖𝗨̉ 🏠𝟭𝟳𝟴 𝗧𝗮̂𝗻 𝗧𝗵𝗼̛́𝗶 𝗛𝗶𝗲̣̂𝗽 𝟮𝟭 - 𝗤.𝟭𝟮 - 𝗛𝗖𝗠 🏠𝟮𝟴𝟴 𝗧𝗿𝘂̛𝗼̛̀𝗻𝗴 𝗖𝗵𝗶𝗻𝗵 - 𝗤𝘂𝗮̣̂𝗻 𝟭𝟮 - 𝗛𝗖𝗠 🏠𝟳𝟵 𝗛𝗼𝗮̀𝗻𝗴 𝗩𝗮̆𝗻 𝗧𝗵𝘂̣ - 𝗣𝗵𝘂́ 𝗡𝗵𝘂𝗮̣̂𝗻 - 𝗛𝗖𝗠","Quận 12, Tp Hồ Chí Minh",Đã sử dụng,Xe máy điện,Unknown,2025,10000,49900000,Used,Hồ Chí Minh,2025.0,10000.0
1357,https://xe.chotot.com/mua-ban-xe-may/132956250.htm,2026-06-13 14:09:39,xe_may_dien,Feliz 2025 dk 2026 Trắng 850km,24500000,Mua xe  Điện Giá Tốt Sài Gòn,Filez 2025 dk 2026 luot 850k chinh ky lien Thu xang đổi diện Mua xe điện cũ,"Quận Tân Phú, Tp Hồ Chí Minh",Đã sử dụng,Xe máy điện,Unknown,2025,850,24500000,Used,Hồ Chí Minh,2025.0,850.0
1358,https://xe.chotot.com/mua-ban-xe-may/132954681.htm,2026-06-13 12:54:51,xe_may_dien,Xe máy điện Yadea Evo 200 2022 Xanh ngọc,18800000,Lộc,"Evo 200, dk 2022, bstp có giấy chứng củ, giao cavet bao tranh chấp - pin 3.5 mua đứt - quãng đường đi >110km/ lần sạc - sạc 400w đời mới - xe zô dc baga trước & sau - động cơ hoạt động tốt","Quận Gò Vấp, Tp Hồ Chí Minh",Đã sử dụng,Xe máy điện,Unknown,2022,50000,18800000,Used,Hồ Chí Minh,2022.0,50000.0
1359,https://xe.chotot.com/mua-ban-xe-may/115884295.htm,2026-06-13 10:48:13,xe_may_dien,Xe điện 4 bình 24a mới 100%,8200000,xe đạp điện   xe điện,"• Bán xe điện 4 bình 24a mới 100%, bình điện đi được quãng đường 50-60km,khóa điều khiển bằng remote • Bảo hành 1 năm • Giao xe tận nơi","Quận Gò Vấp, Tp Hồ Chí Minh",Mới,Xe máy điện,Unknown,0,0,8200000,New,Hồ Chí Minh,0.0,0.0
1360,https://xe.chotot.com/mua-ban-xe-may/132951762.htm,2026-06-13 10:46:34,xe_may_dien,Xe điện 59 Saigon Hottrend VC 2025 Xám 1500W,8000000,Minh Diep Vi,"Xe điện hottrend VC 2025 Xe còn mới trầy chút đỉnh Có lên gắp , bánh 1kw5 , ic 80s Cần bán gấp","Quận 6, Tp Hồ Chí Minh",Đã sử dụng,Xe máy điện,Unknown,2025,12000,8000000,Used,Hồ Chí Minh,2025.0,12000.0
1361,https://xe.chotot.com/mua-ban-xe-may/132932801.htm,2026-06-13 10:30:29,xe_may_dien,Xe máy điện VinFast Feliz đỏ 22619 km,21500000,Nguyễn đại nam,Odo 2 vạn xe đầy đủ pin sạc và bh chính hãng. Xe lướt đẹp giá rẻ cho ae chạy xanh. Xe tại Xuân Mai Hà Nội. ĐT ***,"Huyện Chương Mỹ, Hà Nội",Đã sử dụng,Xe máy điện,Unknown,2023,0,21500000,Used,Hà Nội,2023.0,0.0
1362,https://xe.chotot.com/mua-ban-xe-may/132951157.htm,2026-06-13 10:24:39,xe_may_dien,Yadea Orla DK2023 bstphcm 9 nút đuôi 68 lộc phát,10500000,XE ĐIỆN 90s,Yadea orla dk2023 - xe đi ko cần bằng lái (>16t) ~bstphcm 9 nút đuôi 68 “lộc phát” ~Full chức năng ko lỗi lầm ~5 bình tốt đi ~40km/sạc ~Keo nguyên chiếc chưa lột ~Giao cavet - bao tranh chấp 💸 10.500.000₫ Ace mến ới e 📲 *** ✔️ Hỗ trợ ship xe – cà thẻ – trả góp ♻️ Giao lưu bù trừ hợp lý các dòng xe 📞Call/Zalo: *** xem xe Gò Vấp,"Quận Gò Vấp, Tp Hồ Chí Minh",Đã sử dụng,Xe máy điện,Unknown,2023,40,10500000,Used,Hồ Chí Minh,2023.0,40.0
1363,https://xe.chotot.com/mua-ban-xe-may/132949754.htm,2026-06-13 09:26:58,xe_may_dien,Xe máy điện Zgoo Trắng 1016 km,11800000,Duy Khánh,Cần bán xe máy điện Zgoo mua được mấy tháng xe chưa bấm biển,"Quận Tây Hồ, Hà Nội",Đã sử dụng,Xe máy điện,Unknown,2026,1016,11800000,Used,Hà Nội,2026.0,1016.0
1364,https://xe.chotot.com/mua-ban-xe-may/132477839.htm,2026-06-13 08:34:32,xe_may_dien,Xe máy điện VinFast Grand Lite - Góp Tư Nhân,3500000,Khánh Điện Máy Chuyên Góp,"Xe máy điện VinFast Grand Lite nhiều màu, thiết kế hiện đại, vận hành êm ái. - ZÁ TRÊN GÓP BAO NỢ XẤU - KHÔNG QUA NGÂN HÀNG - Tốc độ tối đa 49 km/h, quãng đường di chuyển 200 km/lần sạc. ( kèm pin phụ) - Động cơ mạnh mẽ, tiết kiệm năng lượng. - Phù hợp di chuyển trong đô thị.","Quận 3, Tp Hồ Chí Minh",Mới,Xe máy điện,Unknown,2026,,3500000,New,Hồ Chí Minh,2026.0,
1365,https://xe.chotot.com/mua-ban-xe-may/132948029.htm,2026-06-13 07:49:43,xe_may_dien,Xe điện Typro 3 Pro Xám mới,14500000,nguyễn đời,"Xe điện typro 3 pro màu xám, kiểu dáng hiện đại, vận hành êm ái. - Thiết kế trẻ trung, phù hợp di chuyển trong thành phố. - Tiết kiệm năng lượng, thân thiện với môi trường. - Xe mới","Thành phố Thủ Đức, Tp Hồ Chí Minh",Mới,Xe máy điện,Unknown,2026,,14500000,New,Hồ Chí Minh,2026.0,
1366,https://xe.chotot.com/mua-ban-xe-may/132947914.htm,2026-06-13 07:42:02,xe_may_dien,Xe máy điện VinFast Feliz 2025 Vàng 1200km,28500000,Thanh Hoang,"Mình cần ra feliz 2025 màu vàng, còn đủ bh gần 8 năm 2 pin, 6năm xe, có pin phụ 2.4, sạc 1000w hãng (bh 1 năm), sạc zin theo xe, jack chuyển đổi sạc pin rời (bh1 năm), đăng kí cuối tháng 5/2026 đi hơn nửa tháng, odo 1200km (có lắp thêm chắn bùn, lót sàn). Giao dịch tại vĩnh long giá mong muốn 28tr5 cho người dùng.","Huyện Tam Bình, Vĩnh Long",Đã sử dụng,Xe máy điện,Unknown,2025,1200,28500000,Used,Vĩnh Long,2025.0,1200.0
1367,https://xe.chotot.com/mua-ban-xe-may/132945770.htm,2026-06-12 21:44:37,xe_may_dien,Vinfast 2025 Trắng 2 Pin 2.4Kwh,37000000,Trung,"Xe máy điện Vinfast Feliz, sản xuất 2025, màu trắng. - Xe chính chủ, mới đi 25.000km. - Trang bị 2 pin 2.4KWh, mỗi pin đi được 75km, 1 lần sạc đầy đi được 150km. - Pin bảo hành 8 năm. - Xe chạy đầm, chắc, êm ái. - Giá 37 triệu.","Thành phố Thủ Đức, Tp Hồ Chí Minh",Đã sử dụng,Xe máy điện,Unknown,2025,25000,37000000,Used,Hồ Chí Minh,2025.0,25000.0
1368,https://xe.chotot.com/mua-ban-xe-may/132944123.htm,2026-06-12 19:40:34,xe_may_dien,Xe máy điện Yadea Ocean Hồng,12500000,An An,Bán xe máy điện đăng kí giấy tờ đầy đủ,"Quận Nam Từ Liêm, Hà Nội",Đã sử dụng,Xe máy điện,Unknown,2024,12345,12500000,Used,Hà Nội,2024.0,12345.0
1369,https://xe.chotot.com/mua-ban-xe-may/132775994.htm,2026-06-12 19:10:52,xe_may_dien,Xe máy điện Takumi IGO mới 100%,11500000,Cường,"Xe máy điện Takumi IGO - Trang bị động cơ 500W, giúp xe di chuyển mạnh mẽ - Hai phục nhúng trước sau thuỷ lực vận hành cực êm ái - Đèn led đi đêm an toàn Xe bán đầy đủ hoá đơn VAT, đăng kiểm, quý khách có thể bấm biển số - Giá siêu sale chỉ 11.5tr ( có hỗ trợ ship tỉnh)","Thành phố Dĩ An, Bình Dương",Mới,Xe máy điện,Unknown,2026,,11500000,New,Bình Dương,2026.0,
1370,https://xe.chotot.com/mua-ban-xe-may/132938360.htm,2026-06-12 17:57:23,xe_may_dien,Xe máy điện SMB Venus Xanh mới,15000000,Nguyễn Văn Hữu,"Xe máy điện SMB Venus màu xanh, kiểu dáng thời trang, vận hành êm ái. - Xe mới. - Động cơ mạnh mẽ, tiết kiệm năng lượng. - Phù hợp di chuyển trong thành phố.","Quận Gò Vấp, Tp Hồ Chí Minh",Mới,Xe máy điện,Unknown,2026,,15000000,New,Hồ Chí Minh,2026.0,
1371,https://xe.chotot.com/mua-ban-xe-may/132942501.htm,2026-06-12 17:45:50,xe_may_dien,5 Chiếc Feliz 2025 & FeliS 2023 Giá Iu,23000000,nguyenchuyenpin,"5 Chiếc Feliz 2025 & Felizs Giá Iu : 4 Chiếc Feliz 2025 - Giá từ 23 đến 30 ,✓ Chi Tiết Inb Feliz 2023 , Đen Bssg , Odo 20.000km - Giá 22tr 😚🥰🤪💁..........THU XĂNG ĐỔI ĐIỆN ĐỔI ĐỜI..........😍😄😄😄 - MÌNH CAM KẾT THU CAO HƠN NHỮNG CỬA HÀNG KHÁC 1 ĐẾN 2TR NHÉ . - CẦM XE MÁY _ XE ĐIỆN _ XE HƠI ĐIỆN _ LAPTOP _ LOA _ DÀN CDJ _ HIEND _ VÀNG _ HỘT XOÀN ...VV. GIÁ CAO ( CHÍNH CHỦ ) KỂ CẢ XE ĐANG CẦM NGÂN HÀNG . ĐỊNH GIÁ NGAY CÓ TIỀN SAU 19 PHÚT . - CHUYÊN ĐỘ PIN _ SỮA CHỮA_ TÂN TRANG CHO TẤT CẢ CÁC LOẠI XE ĐIỆN . - CHUYÊN LÀM GIẤY TỜ XE MÁY & XE HƠI TOÀN QUỐC ( RÚT GỐC + ĐK MỚI ) MỌI GIẤY TỜ XE KHÓ XÁC MINH GỐC - TUYỂN CTV BÁN XE + LIVE BÁN HÀNG 1TR / 1 CHIẾC TIỀN TƯƠI .( LƯƠNG CĂN BẢN 6TR ) . ........nguyenchuyenpin.com.......... ✅ 𝐂Ó 𝐓𝐑Ả 𝐆Ó𝐏 – 𝐂À 𝐓𝐇Ẻ – 𝐆𝐈𝐀𝐎 𝐓Ậ𝐍 𝐍𝐇À ✅ 𝐍Ợ 𝐗Ấ𝐔 𝐁𝐀𝐎 ĐẬ𝐔 𝟏𝟎𝟎% ✅ 𝐂𝐀𝐌 𝐊Ế𝐓 𝐗𝐄 𝐓𝐇Ậ𝐓 – 𝐆𝐈Á 𝐓𝐇Ậ𝐓 – 𝐁Ả𝐎 𝐇À𝐍𝐇 𝐌𝐈𝐍𝐇 𝐁Ạ𝐂𝐇 😛ĐỊA CHỈ : 21 Nguyễn Súy . Phú Thọ Hoà ( Tân Phú Cũ ) . 😭🤪🥵😉 Time Mở Cửa : 6Am _ 24Pm ☎ *** ☎ 📢 QUÝ KHÁCH VUI LÒNG GỌI TRƯỚC KHI QUA . XIN CÁM ƠN QUÝ KHÁCH ĐÃ QUAN TÂM .","Quận Tân Phú, Tp Hồ Chí Minh",Đã sử dụng,Xe máy điện,Unknown,2025,20000,23000000,Used,Hồ Chí Minh,2025.0,20000.0
1372,https://xe.chotot.com/mua-ban-xe-may/132942408.htm,2026-06-12 17:40:01,xe_may_dien,m Velax H Xám 13573 km như mới,34500000,Mua xe  Điện Giá Tốt Sài Gòn,"YadeaVelax H - 2 Pin zin theo xe Dán full keo chống trày, phuộc x1r Chính chủ ký công chứng Giá 34,5tr - ae góp nợ xấu đưa trc 30% nhận xe","Quận Tân Phú, Tp Hồ Chí Minh",Đã sử dụng,Xe máy điện,Unknown,2026,13573,34500000,Used,Hồ Chí Minh,2026.0,13573.0
1373,https://xe.chotot.com/mua-ban-xe-may/132855382.htm,2026-06-12 17:14:01,xe_may_dien,Xe máy điện Vento S Xanh mint,48000000,PHẠM TUẤN MUA BÁN XE ĐIỆN,Vento S màu xanh mint cực đẹp 😍😍 Biển SG chính chủ ký Xe vừa lột keo đánh pass keng như new Zá 48tr.,"Quận Tân Phú, Tp Hồ Chí Minh",Đã sử dụng,Xe máy điện,Unknown,2023,30000,48000000,Used,Hồ Chí Minh,2023.0,30000.0
1374,https://xe.chotot.com/mua-ban-xe-may/132941859.htm,2026-06-12 17:10:31,xe_may_dien,Datbike Quantum S2 Xám 1800W,42500000,PHẠM TUẤN MUA BÁN XE ĐIỆN,Datbike Quantum s2 luôn sạc 1800w Chính chủ ký liền . Xe lenkeng như mới Zá 42tr500 Mua xe điện cũ giá cao,"Quận Tân Phú, Tp Hồ Chí Minh",Đã sử dụng,Xe máy điện,Unknown,2025,10000,42500000,Used,Hồ Chí Minh,2025.0,10000.0
1375,https://xe.chotot.com/mua-ban-xe-may/132941709.htm,2026-06-12 17:01:36,xe_may_dien,Datbike Quantum S0 Đen,31500000,PHẠM TUẤN MUA BÁN XE ĐIỆN,Datbike QuanTum S0 biển SG chính chủ Xe đẹp keng Zá 31tr500 Mua xe điện cũ giá cao,"Quận Tân Phú, Tp Hồ Chí Minh",Đã sử dụng,Xe máy điện,Unknown,2025,50000,31500000,Used,Hồ Chí Minh,2025.0,50000.0
1376,https://xe.chotot.com/mua-ban-xe-may/132941615.htm,2026-06-12 16:57:16,xe_may_dien,Theons S 2023 Độ Pin 120ah & Quantum S0 giá Iu,43000000,nguyenchuyenpin,"- Mới Về 2 Xe Giá Iu Cho Ae , Nghe là Mua Liền : 1 . Theons 2023 , Bs Tỉnh , Lên Pin Calb 120AH , Chạy Dc 200 km / 1 lần sạc , Thay Động Cơ New ở Hãng 9tr . Còn Đủ 2 remote . Giá : 43tr 2. Quantum S0 , date 2024 , Odo 30.000km Giá : 29tr990 😚🥰🤪💁..........THU XĂNG ĐỔI ĐIỆN ĐỔI ĐỜI..........😍😄😄😄 - MÌNH CAM KẾT THU CAO HƠN NHỮNG CỬA HÀNG KHÁC 1 ĐẾN 2TR NHÉ . - CẦM XE MÁY _ XE ĐIỆN _ XE HƠI ĐIỆN _ LAPTOP _ LOA _ DÀN CDJ _ HIEND _ VÀNG _ HỘT XOÀN ...VV. GIÁ CAO ( CHÍNH CHỦ ) KỂ CẢ XE ĐANG CẦM NGÂN HÀNG . ĐỊNH GIÁ NGAY CÓ TIỀN SAU 19 PHÚT . - CHUYÊN ĐỘ PIN _ SỮA CHỮA_ TÂN TRANG CHO TẤT CẢ CÁC LOẠI XE ĐIỆN . - CHUYÊN LÀM GIẤY TỜ XE MÁY & XE HƠI TOÀN QUỐC ( RÚT GỐC + ĐK MỚI ) MỌI GIẤY TỜ XE KHÓ XÁC MINH GỐC - TUYỂN CTV BÁN XE + LIVE BÁN HÀNG 1TR / 1 CHIẾC TIỀN TƯƠI .( LƯƠNG CĂN BẢN 6TR ) . ........nguyenchuyenpin.com.......... ✅ 𝐂Ó 𝐓𝐑Ả 𝐆Ó𝐏 – 𝐂À 𝐓𝐇Ẻ – 𝐆𝐈𝐀𝐎 𝐓Ậ𝐍 𝐍𝐇À ✅ 𝐍Ợ 𝐗Ấ𝐔 𝐁𝐀𝐎 ĐẬ𝐔 𝟏𝟎𝟎% ✅ 𝐂𝐀𝐌 𝐊Ế𝐓 𝐗𝐄 𝐓𝐇Ậ𝐓 – 𝐆𝐈Á 𝐓𝐇Ậ𝐓 – 𝐁Ả𝐎 𝐇À𝐍𝐇 𝐌𝐈𝐍𝐇 𝐁Ạ𝐂𝐇 😛ĐỊA CHỈ : 21 Nguyễn Súy . Phú Thọ Hoà ( Tân Phú Cũ ) . 😭🤪🥵😉 Time Mở Cửa : 6Am _ 24Pm ☎ *** ☎ 📢 QUÝ KHÁCH VUI LÒNG GỌI TRƯỚC KHI QUA . XIN CÁM ƠN QUÝ KHÁCH ĐÃ QUAN TÂM .","Quận Tân Phú, Tp Hồ Chí Minh",Đã sử dụng,Xe máy điện,Unknown,2023,23497,43000000,Used,Hồ Chí Minh,2023.0,23497.0
1377,https://xe.chotot.com/mua-ban-xe-may/132940813.htm,2026-06-12 16:22:31,xe_may_dien,VinFast Feliz Neo 8000 km Xanh rêu Điện,19500000,Thai Nguyen,"FELIZ NEO – XANH RÊU – LƯỚT >3000km 📌 Biển số Vũng Tàu 72G – đăng ký 10/2025 📌 ODO: Khoảng gần 8.000km 📌 Theo chính sách bảo hành Vinfast – xe 6 năm pin 5 năm 📌 pin 2.0 đi ~70km/sạc. Sạc zin 400w 📌 Xe keng đẹp ko vết trầy 📌 xe chính chủ ký MB ok Xem xe Hồ Tràm, TP.HCM 💰 G.i.á: 19.500.000₫ ***","Huyện Xuyên Mộc, Bà Rịa - Vũng Tàu",Đã sử dụng,Xe máy điện,Unknown,2025,8000,19500000,Used,Vũng Tàu,2025.0,8000.0
1378,https://xe.chotot.com/mua-ban-xe-may/132793370.htm,2026-06-12 15:48:32,xe_may_dien,Xe máy điện Vespa Xanh xi măng đủ giấy,8900000,Xe điện Bình Phương,"VP272 ✅ Xe máy điện Vespa Xanh xi măng cực nét ắc quy siêu lướt giá 8tr9 ➡️ Đủ giấy tờ đăng ký biển ➡️40-50km/ lần sạc ➡️Lắp ắc quy mới hỗ trợ giá 50% ➡️ Hình thức đẹp nét, xe chắc chắn, xe đã bảo dưỡng toàn bộ ➡️ full chức năng, đủ phụ kiện, bảo hành dài, ship toàn quốc ☎️ *** (zalo,fb,mess) có trả góp 📌 Cửa hàng xe điện Bình Phương, sn 15 ngõ 195/91 Trần Cung, Hà Nội","Quận Cầu Giấy, Hà Nội",Đã sử dụng,Xe máy điện,Unknown,2021,3655,8900000,Used,Hà Nội,2021.0,3655.0
1379,https://xe.chotot.com/mua-ban-xe-may/132939898.htm,2026-06-12 15:41:07,xe_may_dien,Xe máy điện Vespa Trắng mix hồng đẹp ko tì vết,7300000,Huylam,"Vespa điện đẹp ko tì vết Vespa điện trắng mix hồng - Dáng Sang, Đi Nhẹ, Cực Bền ♻️ - Giá : 7tr300 💸 📌 BẢO HÀNH LÂU DÀI - UY TÍN ! 📌 Tặng bộ sạc mới 100% và khoá chống trộm 📌 Ship Hàng TOÀN QUỐC - Nhanh chóng ---- 📞 LH tư vấn miễn phí : ***( zalo / video call ) 🕹️ Địa chỉ: 389 đội cấn-ba đình - Hà Nội. ❇️ Cửa Hàng Xe Điện Huy Lâm","Quận Ba Đình, Hà Nội",Đã sử dụng,Xe máy điện,Unknown,2018,15000,7300000,Used,Hà Nội,2018.0,15000.0
1380,https://xe.chotot.com/mua-ban-xe-may/129808516.htm,2026-06-12 14:46:16,xe_may_dien,Xe điện Xmen năm bình đời cao ngon nhé,3700000,Việt Tiến,Xe điện xmen năm bình ắp quy đời cao nhé xe hình thức còn đẹp nhé bình ắp quy còn ngon xe đang dùng bình thường nhé ai vào việc thì kết bạn Zalo với mình nhé,"Quận Hà Đông, Hà Nội",Đã sử dụng,Xe máy điện,Unknown,0,0,3700000,Used,Hà Nội,0.0,0.0
1381,https://xe.chotot.com/mua-ban-xe-may/132938113.htm,2026-06-12 14:28:15,xe_may_dien,vespa 50cc không trả trước,1000000,Thảo nhi,👉TRẢ GÓP KHÔNG TRẢ TRƯỚC 👉chỉ cần CCCD 👉không sao kê lương 👉không chứng minh thu nhập 👉không hỗ trợ nợ xấu Zalo ***,"Thành phố Thuận An, Bình Dương",Mới,Xe máy điện,Unknown,2026,,1000000,New,Bình Dương,2026.0,
1382,https://xe.chotot.com/mua-ban-xe-may/132936678.htm,2026-06-12 13:22:42,xe_may_dien,"feliz 2025 , odo 2000 , đồ chơi giá 23tr",23000000,nguyenchuyenpin,"Feliz 2025 _ Đk 4 / 2026 . Odo 2.000km ,✓ Bs Tỉnh , Lên Phuộc Sau 1tr + Yên Kimdan 500k . Chính Chủ Bán Giao Cavet ( không Công Chứng ) . Giá : 23.000.000 vnd 😚🥰🤪💁..........THU XĂNG ĐỔI ĐIỆN ĐỔI ĐỜI..........😍😄😄😄 - MÌNH CAM KẾT THU CAO HƠN NHỮNG CỬA HÀNG KHÁC 1 ĐẾN 2TR NHÉ . - CẦM XE MÁY _ XE ĐIỆN _ XE HƠI ĐIỆN _ LAPTOP _ LOA _ DÀN CDJ _ HIEND _ VÀNG _ HỘT XOÀN ...VV. GIÁ CAO ( CHÍNH CHỦ ) KỂ CẢ XE ĐANG CẦM NGÂN HÀNG . ĐỊNH GIÁ NGAY CÓ TIỀN SAU 19 PHÚT . - CHUYÊN ĐỘ PIN _ SỮA CHỮA_ TÂN TRANG CHO TẤT CẢ CÁC LOẠI XE ĐIỆN . - CHUYÊN LÀM GIẤY TỜ XE MÁY & XE HƠI TOÀN QUỐC ( RÚT GỐC + ĐK MỚI ) MỌI GIẤY TỜ XE KHÓ XÁC MINH GỐC - TUYỂN CTV BÁN XE + LIVE BÁN HÀNG 1TR / 1 CHIẾC TIỀN TƯƠI .( LƯƠNG CĂN BẢN 6TR ) . ........nguyenchuyenpin.com.......... ✅ 𝐂Ó 𝐓𝐑Ả 𝐆Ó𝐏 – 𝐂À 𝐓𝐇Ẻ – 𝐆𝐈𝐀𝐎 𝐓Ậ𝐍 𝐍𝐇À ✅ 𝐍Ợ 𝐗Ấ𝐔 𝐁𝐀𝐎 ĐẬ𝐔 𝟏𝟎𝟎% ✅ 𝐂𝐀𝐌 𝐊Ế𝐓 𝐗𝐄 𝐓𝐇Ậ𝐓 – 𝐆𝐈Á 𝐓𝐇Ậ𝐓 – 𝐁Ả𝐎 𝐇À𝐍𝐇 𝐌𝐈𝐍𝐇 𝐁Ạ𝐂𝐇 😛ĐỊA CHỈ : 21 Nguyễn Súy . Phú Thọ Hoà ( Tân Phú Cũ ) . 😭🤪🥵😉 Time Mở Cửa : 6Am _ 24Pm ☎ *** ☎ 📢 QUÝ KHÁCH VUI LÒNG GỌI TRƯỚC KHI QUA . XIN CÁM ƠN QUÝ KHÁCH ĐÃ QUAN TÂM .","Quận Tân Phú, Tp Hồ Chí Minh",Đã sử dụng,Xe máy điện,Unknown,2025,2000,23000000,Used,Hồ Chí Minh,2025.0,2000.0
1383,https://xe.chotot.com/mua-ban-xe-may/132935796.htm,2026-06-12 12:37:46,xe_may_dien,Xe máy điện Momentum M133 Đen đã sử dụng,3900000,chuyên xe điện Vinfat Pega,Xe cũ còn keng bình mới thay có bảo hành,"Thành phố Huế, Thừa Thiên Huế",Đã sử dụng,Xe máy điện,Unknown,2025,500,3900000,Used,Huế,2025.0,500.0
1384,https://xe.chotot.com/mua-ban-xe-may/132935530.htm,2026-06-12 12:26:31,xe_may_dien,Xe máy điện màu Xám 6789 km,10000000,Phan Thị Cẩm Loan,"Xe máy điện màu xám, đã đi 6789 km, vận hành êm ái, tiết kiệm năng lượng. - Thiết kế hiện đại, phù hợp di chuyển trong thành phố. - Xe còn mới, giữ gìn cẩn thận. Giá bán: 10.000.000","Thành phố Tây Ninh, Tây Ninh",Đã sử dụng,Xe máy điện,Unknown,2023,6789,10000000,Used,Tây Ninh,2023.0,6789.0
1385,https://xe.chotot.com/mua-ban-xe-may/132935079.htm,2026-06-12 12:04:59,xe_may_dien,Xe máy điện Osaka NISPA SVS 2022 Xanh đen,9000000,Hai Tran,xe hang Osaka chạy 60km lần sac sản xuất 2022 xe ban số tphcm có thể quỹ quyền,"Quận Bình Tân, Tp Hồ Chí Minh",Đã sử dụng,Xe máy điện,Unknown,2022,60,9000000,Used,Hồ Chí Minh,2022.0,60.0
1386,https://xe.chotot.com/mua-ban-xe-may/132933146.htm,2026-06-12 10:49:36,xe_may_dien,Xe đạp điện VC Pro chính hãng nhập khẩu,14500000,Hồ Anh Dũng,"VC Pro xe chính hãng nhập khẩu nguyên chiếc, xe tốt, tặng full pk đi kèm xe, có sẵn đủ mầu","Quận Cầu Giấy, Hà Nội",Mới,Xe máy điện,Unknown,2026,,14500000,New,Hà Nội,2026.0,
1387,https://xe.chotot.com/mua-ban-xe-may/132932812.htm,2026-06-12 10:36:35,xe_may_dien,Xe máy điện VinFast Klara Neo Trắng Mới 100%,24000000,Nguyễn đại nam,Cần bán klara neo mới 100% Em bán rẻ hơn hãng vài triệu cả nhà Một xe *** thôi nhé. Đt ***,"Huyện Chương Mỹ, Hà Nội",Mới,Xe máy điện,Unknown,2025,,24000000,New,Hà Nội,2025.0,
1388,https://xe.chotot.com/mua-ban-xe-may/132932805.htm,2026-06-12 10:36:23,xe_may_dien,Xe máy điện VinFast Feliz S Trắng 5000 km,26500000,Nguyễn đại nam,Cần bán feliz S trắng đẹp như mới. Odo 5000km xe zin 100% chủ ít xử dụng. Xe tại Xuân Mai Hà Nội. ĐT ***,"Huyện Chương Mỹ, Hà Nội",Đã sử dụng,Xe máy điện,Unknown,2023,5000,26500000,Used,Hà Nội,2023.0,5000.0
1389,https://xe.chotot.com/mua-ban-xe-may/132394117.htm,2026-06-12 10:23:07,xe_may_dien,Xe máy điện Đen đã sử dụng,7800000,Ngọc Trang,Thanh ly xe điên nhu hinh đang su dung tôt binh còn ok 40.50 km mới sac lần gia bán nhanh 7tr8,"Quận Bình Tân, Tp Hồ Chí Minh",Đã sử dụng,Xe máy điện,Unknown,2023,2000,7800000,Used,Hồ Chí Minh,2023.0,2000.0
1390,https://xe.chotot.com/mua-ban-xe-may/131721688.htm,2026-06-12 09:29:19,xe_may_dien,Xe máy điện Yadea 2023 Xanh nhạt,10900000,Thuận,"xe máy điện yade chính chủ còn mới 90% đời 2023,bán tại nhà bao công chứng.","Quận 8, Tp Hồ Chí Minh",Đã sử dụng,Xe máy điện,Unknown,2023,7278,10900000,Used,Hồ Chí Minh,2023.0,7278.0
1391,https://xe.chotot.com/mua-ban-xe-may/132930750.htm,2026-06-12 09:22:15,xe_may_dien,Xe máy điện SONCO Đỏ đô Mới,12950000,Thin Hoang,"XE VC SONCO CHÍNH HÃNG XE MỚI 100% EM CÒN ĐÚNG 1 MÀU ĐỎ ĐÔ KÈM ĐĂNG KIỂM, XUẤT HÓA ĐƠN ĐẦY ĐỦ CHO KHÁCH ĐỂ KHÁCH CẦN RA BIỂN SỐ VẪN ĐƯỢC. NHỮNG DÒNG XE NÀY ĐỀU XẾP VÀO XE MÁY ĐIỆN CÔNG XUẤT NHỎ, KHÁCH CHƯA MUỐN RA BIỂN THÌ CHỈ CHẠY ĐÚNG QUY ĐỊNH LẮP GƯƠNG + BÀN ĐẠP THÌ CÓ THỂ LƯU THÔNG BÌNH THƯỜNG, LÚC NÀO MÌNH CÓ NHU CẦU RA BIỂN SỐ THÌ VẪN ĐƯỢC Ạ. BÊN EM KHO SĨ TRỰC TIẾP CÓ THỂ LIÊN HỆ EM ĐỂ CHỌN CỌC TRƯỚC MÀU, HOẶC THAM KHẢO CÁC DÒNG XE ĐIỆN MỚI HƠN NHÉ","Thành phố Thuận An, Bình Dương",Mới,Xe máy điện,Unknown,2026,,12950000,New,Bình Dương,2026.0,
1392,https://xe.chotot.com/mua-ban-xe-may/132930708.htm,2026-06-12 09:20:48,xe_may_dien,Xe máy điện LYN SON Trắng Mới,13950000,Thin Hoang,"XE LYN SON CHÍNH HÃNG XE MỚI 100% KÈM ĐĂNG KIỂM, XUẤT HÓA ĐƠN ĐẦY ĐỦ CHO KHÁCH ĐỂ KHÁCH CẦN RA BIỂN SỐ VẪN ĐƯỢC. NHỮNG DÒNG XE NÀY ĐỀU XẾP VÀO XE MÁY ĐIỆN CÔNG XUẤT NHỎ, KHÁCH CHƯA MUỐN RA BIỂN THÌ CHỈ CHẠY ĐÚNG QUY ĐỊNH LẮP GƯƠNG + BÀN ĐẠP THÌ CÓ THỂ LƯU THÔNG BÌNH THƯỜNG, LÚC NÀO MÌNH CÓ NHU CẦU RA BIỂN SỐ THÌ VẪN ĐƯỢC Ạ. BÊN EM KHO SĨ TRỰC TIẾP CÓ THỂ LIÊN HỆ EM ĐỂ CHỌN CỌC TRƯỚC MÀU, HOẶC THAM KHẢO CÁC DÒNG XE ĐIỆN MỚI HƠN NHÉ","Thành phố Thuận An, Bình Dương",Mới,Xe máy điện,Unknown,2026,,13950000,New,Bình Dương,2026.0,
1393,https://xe.chotot.com/mua-ban-xe-may/131044905.htm,2026-06-12 09:16:04,xe_may_dien,Bán xe điện Vinfat Evo Grand mới 100%,21500000,Thiên Hương,"⚡ VinFast EVO GRAND MÀU trắng – 3 TRIỆU NHẬN XE, BẢO HÀNH 8 NĂM ⚡ ✔️ Xe mới 100% – thiết kế hiện đại ✔️ Động cơ êm – chạy mượt, tiết kiệm ✔️ Pin chính hãng – đi xa, bền bỉ 💥 Bảo hành lên tới 8 NĂM toàn quốc 💥 Hỗ trợ trả góp chỉ cần 3 Triệu CCCD – cầm xe về ngay 📍 Giao xe tận nơi Hà Nội 📩 Inbox để nhận giá video xe thật 👉 Không cần nhiều tiền – vẫn có xe xịn đi ngay! Hotline : *** Có Zalo Địa Chỉ Shop 658 Đường Láng - Hà Nội #vinfastevo #evogrand #tragopxedien","Quận Đống Đa, Hà Nội",Mới,Xe máy điện,Unknown,2026,1,21500000,New,Hà Nội,2026.0,1.0
1394,https://xe.chotot.com/mua-ban-xe-may/129271391.htm,2026-06-12 09:06:03,xe_may_dien,Chào bán mẫu xe điện Evo Grand màu đen mới 100%,21500000,Thiên Hương,"⚡ VinFast EVO GRAND MÀU XANH ULIU– 3 TRIỆU NHẬN XE, BẢO HÀNH 8 NĂM ⚡ ✔️ Xe mới 100% – thiết kế hiện đại ✔️ Động cơ êm – chạy mượt, tiết kiệm ✔️ Pin chính hãng – đi xa, bền bỉ 💥 Bảo hành lên tới 8 NĂM toàn quốc 💥 Hỗ trợ trả góp chỉ cần 3 Triệu CCCD – cầm xe về ngay 📍 Giao xe tận nơi Hà Nội 📩 Inbox để nhận giá video xe thật 👉 Không cần nhiều tiền – vẫn có xe xịn đi ngay! Có Zalo Địa Chỉ Shop 658 Đường Láng - Hà Nội #vinfastevo #evogrand","Quận Đống Đa, Hà Nội",Mới,Xe máy điện,Unknown,2026,,21500000,New,Hà Nội,2026.0,
1395,https://xe.chotot.com/mua-ban-xe-may/132930196.htm,2026-06-12 08:57:32,xe_may_dien,Xe máy điện Sonco Vespa Dior Đỏ đô Mới 100%,14500000,Thin Hoang,"XE VESPA DIOR CHÍNH HÃNG XE MỚI 100% KÈM ĐĂNG KIỂM, XUẤT HÓA ĐƠN ĐẦY ĐỦ CHO KHÁCH ĐỂ KHÁCH CẦN RA BIỂN SỐ VẪN ĐƯỢC. NHỮNG DÒNG XE NÀY ĐỀU XẾP VÀO XE MÁY ĐIỆN CÔNG XUẤT NHỎ, KHÁCH CHƯA MUỐN RA BIỂN THÌ CHỈ CHẠY ĐÚNG QUY ĐỊNH LẮP GƯƠNG + BÀN ĐẠP THÌ CÓ THỂ LƯU THÔNG BÌNH THƯỜNG, LÚC NÀO MÌNH CÓ NHU CẦU RA BIỂN SỐ THÌ VẪN ĐƯỢC Ạ. BÊN EM KHO SĨ TRỰC TIẾP CÓ THỂ LIÊN HỆ EM ĐỂ CHỌN CỌC TRƯỚC MÀU, HOẶC THAM KHẢO CÁC DÒNG XE ĐIỆN MỚI HƠN NHÉ","Thành phố Thuận An, Bình Dương",Mới,Xe máy điện,Unknown,2026,,14500000,New,Bình Dương,2026.0,
1396,https://xe.chotot.com/mua-ban-xe-may/132929568.htm,2026-06-12 08:23:03,xe_may_dien,Xe máy điện Yaka Lavia 50 Xám,18500000,Quan Minh,"xe Máy điện Yaka Lavia 50 không cần bằng lái xe hiện trạng còn rất mới dư dùng cần bán lại. xe mới mua đc một tháng biển số chính chủ ký , nhanh gọn có thương lượng","Quận Bình Tân, Tp Hồ Chí Minh",Đã sử dụng,Xe máy điện,Unknown,2026,715,18500000,Used,Hồ Chí Minh,2026.0,715.0
1397,https://xe.chotot.com/mua-ban-xe-may/132929037.htm,2026-06-12 07:37:53,xe_may_dien,Xe máy điện Vinfast Evo Neo 2025 Trắng 2000 km,15000000,Nessy Huynh,"Xe điện Evo Neo Vinfast 2025 Mua tháng 10/2025 20 chẹo nữ chạy, chính chủ, biển số xe tphcm bán nhanh 15 chẹo giao dịch tphcm. có sẵn xác nhận độc thân rồi. ODO: 2000 km . còn bảo hành , free sạc tại trụ đến 2028.","Quận Tân Bình, Tp Hồ Chí Minh",Đã sử dụng,Xe máy điện,Unknown,2025,2000,15000000,Used,Hồ Chí Minh,2025.0,2000.0
1398,https://xe.chotot.com/mua-ban-xe-may/132929027.htm,2026-06-12 07:36:56,xe_may_dien,Xe điện Elyas 2 VF2 2025 3.400 km,8000000,Nguyễn Thuỳ Bảo Ngọc ,Hãng Xe : Elyas 2 Dòng Xe : Xe Điện VF2 Năm sản xuất : 2025 Số Km đã đi: 3.400 Giá : 8.xxx còn bớt,"Quận 8, Tp Hồ Chí Minh",Đã sử dụng,Xe máy điện,Unknown,2025,3400,8000000,Used,Hồ Chí Minh,2025.0,3400.0
1399,https://xe.chotot.com/mua-ban-xe-may/132928608.htm,2026-06-12 07:02:36,xe_may_dien,Xe đạp điện màu Đen 55km đã thay đồ mới 90%,5000000,Canh Thai,Xe đã thay đồ mới 90% giá hợp lý Tình trạng chạy 55km Giá hợp lý,"Quận Liên Chiểu, Đà Nẵng",Đã sử dụng,Xe máy điện,Unknown,2019,55,5000000,Used,Đà Nẵng,2019.0,55.0
1400,https://xe.chotot.com/mua-ban-xe-may/132714663.htm,2026-06-11 23:37:08,xe_may_dien,Xe máy điện Piaggio Vespa Xanh bơ,8900000,Xe điện Bình Phương,"VP271 ✅ Xe máy điện Vespa Xanh bơ càng đúc ắc quy siêu lướt giá 8tr9 ➡️ Đủ giấy tờ đăng ký biển ➡️40-50km/ lần sạc ➡️Lắp ắc quy mới hỗ trợ giá 50% ➡️ Hình thức đẹp nét, xe chắc chắn, xe đã bảo dưỡng toàn bộ ➡️ full chức năng, đủ phụ kiện, bảo hành dài, ship toàn quốc ☎️ *** (zalo,fb,mess) có trả góp 📌 Cửa hàng xe điện Bình Phương, sn 15 ngõ 195/91 Trần Cung, Hà Nội","Quận Cầu Giấy, Hà Nội",Đã sử dụng,Xe máy điện,Unknown,2021,3685,8900000,Used,Hà Nội,2021.0,3685.0
1401,https://xe.chotot.com/mua-ban-xe-may/132926194.htm,2026-06-11 20:56:44,xe_may_dien,Xe máy điện Yadea Xanh lá Rất mới,17500000,Trường Trần,"Xe mới mua chưa dc 1 tháng còn rất mới,lên cặp đựng đồ sơn mâm bọc ghế đầy đủ chỉ việc về là đi k làm thêm j cả .ai cần về cho con đi học đi chợ rất ok","Quận Thanh Khê, Đà Nẵng",Đã sử dụng,Xe máy điện,Unknown,2026,3000,17500000,Used,Đà Nẵng,2026.0,3000.0
1402,https://xe.chotot.com/mua-ban-xe-may/132926086.htm,2026-06-11 20:48:32,xe_may_dien,Xe máy điện VinFast Feliz S 2024 Bạc 27000 km,25000000,Nguyễn Hiệp Hồng Linh ,"Xe máy điện VinFast Feliz S 2024 màu bạc Xe đã qua sử dụng đi khoảng 27000km, có giấy tờ xe đầy đủ, còn bảo hành 3,5 năm, đi với tốc độ nhanh được khoảng 100km 27.000.000 liên hệ *** để thương lượng","Huyện Hóc Môn, Tp Hồ Chí Minh",Đã sử dụng,Xe máy điện,Unknown,2024,27000,25000000,Used,Hồ Chí Minh,2024.0,27000.0
1403,https://xe.chotot.com/mua-ban-xe-may/132923480.htm,2026-06-11 17:41:01,xe_may_dien,Quantum S2 Xám 12875 km sac nhanh,42500000,Mua xe  Điện Giá Tốt Sài Gòn,Quantum s2 xe dep leng odo 12k Lun sạc 1800 ký lien xe lenkeng,"Quận Tân Phú, Tp Hồ Chí Minh",Đã sử dụng,Xe máy điện,Unknown,2025,12875,42500000,Used,Hồ Chí Minh,2025.0,12875.0
1404,https://xe.chotot.com/mua-ban-xe-may/132878621.htm,2026-06-11 17:36:27,xe_may_dien,Yadea G5 Đen lên pin đi 170km,31000000,Mua xe  Điện Giá Tốt Sài Gòn,Yadea g5 lên pin 30tr lên đồ chơi 10 mấy củ cậu ấm cô chiêu chán nên bán 1 lân sạc đi 170km Sạch nhanh chống nước 3 củ,"Quận Tân Phú, Tp Hồ Chí Minh",Đã sử dụng,Xe máy điện,Unknown,2023,15000,31000000,Used,Hồ Chí Minh,2023.0,15000.0
1405,https://xe.chotot.com/mua-ban-xe-may/132922772.htm,2026-06-11 17:05:08,xe_may_dien,Quantum S2 Đen 16000 km,37500000,Mua xe  Điện Giá Tốt Sài Gòn,Quantum s2 keng odo 16k chính chủ ký Xe đẹp keng Thu xăng đổi điện,"Quận Tân Phú, Tp Hồ Chí Minh",Đã sử dụng,Xe máy điện,Unknown,2025,16000,37500000,Used,Hồ Chí Minh,2025.0,16000.0
1406,https://xe.chotot.com/mua-ban-xe-may/132922611.htm,2026-06-11 16:56:30,xe_may_dien,Yadea VoltGuard V002 Đỏ 12000 km,16500000,Mua xe  Điện Giá Tốt Sài Gòn,Lươt 12000km bình ngon 38ah 😍😍 V002 biển MD chính chủ ký . Dán full keo,"Quận Tân Phú, Tp Hồ Chí Minh",Đã sử dụng,Xe máy điện,Unknown,2024,12000,16500000,Used,Hồ Chí Minh,2024.0,12000.0
1407,https://xe.chotot.com/mua-ban-xe-may/132920998.htm,2026-06-11 15:50:58,xe_may_dien,Xe máy điện Yadea ELYAS 6 Nữ Trắng hồng,8000000,Trần Danh,"Xe máy điện ELYAS 6 màu trắng hồng, kiểu dáng thời trang, phù hợp cho phái nữ. - Xe chạy êm, tiết kiệm năng lượng. - Thiết kế nhỏ gọn, dễ điều khiển. - Động cơ bền bỉ, vận hành ổn định. - Xe đi học , k cần bằng lái ( từ lớp 6 chạy được r ) Mua 14 để lại 8","Huyện Trực Ninh, Nam Định",Đã sử dụng,Xe máy điện,Unknown,2025,7258,8000000,Used,Nam Định,2025.0,7258.0
1408,https://xe.chotot.com/mua-ban-xe-may/132399374.htm,2026-06-11 15:13:48,xe_may_dien,Xe máy điện Peugeot Trắng,38500000,Hiếu Nguyễn,xe mua ít đi mới lắm nhé các bạn ơi bản cao cấp có số đe nhé các bạn bin chạy 260 cây số một lần sạc xe dẫn keo nguyên xe vô môi một cặp xe mua vé chạy thôi không cần làm gì nhé các bạn ơi,"Quận Phú Nhuận, Tp Hồ Chí Minh",Đã sử dụng,Xe máy điện,Unknown,2024,25600,38500000,Used,Hồ Chí Minh,2024.0,25600.0
1409,https://xe.chotot.com/mua-ban-xe-may/132919998.htm,2026-06-11 15:10:52,xe_may_dien,💙Pink Phú Nhuận💙VentoS 2022 Xe Máy Điện,51900000,Pink Ev Premium Phú Nhuận,"Fb - Tiktok : Nguyen Minh Long Pink Dragon ==================📌📌📌================== VentoS Đỏ Cam - DK2022 BSTP bao công chứng - Odo 30000km - pin mua - Ốc tán 7 màu keng 99% - Dàn Áo Keng Ko Trầy 99% - Còn đủ phụ kiện theo xe ❤️Xe keng 99% so với xe new 🏠𝟳𝟵 𝗛𝗼𝗮̀𝗻𝗴 𝗩𝗮̆𝗻 𝗧𝗵𝘂̣ - 𝗣𝗵𝘂́ 𝗡𝗵𝘂𝗮̣̂𝗻 - 𝗛𝗖𝗠 ✅𝗚𝗼́𝗽 𝗡𝗴𝗮̂𝗻 𝗛𝗮̀𝗻𝗴 : Đưa 20% ae giữ Cavet ✅𝗖𝗮̀ 𝗧𝗵𝗲̉ - 𝗚𝗼́𝗽: Cà thẻ ,chuyển đổi trả góp ✅𝗕𝗮𝗼 𝗤𝘂𝗮𝘆 Đ𝗮̂̀𝘂 : Từ 20% theo giá thị trường ✅𝗠𝘂𝗮 𝗕𝗮́𝗻 𝗧𝗿𝗮𝗼 Đ𝗼̂̉𝗶 𝗫𝗲 𝗫𝗮̆𝗻𝗴, 𝗫𝗲 Đ𝗶𝗲̣̂𝗻 𝗧𝗮̣̂𝗻 𝗡𝗵𝗮̀ 𝗖𝗧𝗬 𝗣𝗜𝗡𝗞 : 𝙓𝙀 Đ𝙄𝙀̣̂𝙉 𝙎𝘼̆̃𝙉 𝘼𝙋𝙋 - 𝗡𝗔̣̂𝗨 𝗫𝗢̛́ Đ𝗨̛𝗔 𝟲 𝗖𝗨̉ 🏠𝟭𝟳𝟴 𝗧𝗮̂𝗻 𝗧𝗵𝗼̛́𝗶 𝗛𝗶𝗲̣̂𝗽 𝟮𝟭 - 𝗤.𝟭𝟮 - 𝗛𝗖𝗠 🏠𝟮𝟴𝟴 𝗧𝗿𝘂̛𝗼̛̀𝗻𝗴 𝗖𝗵𝗶𝗻𝗵 - 𝗤𝘂𝗮̣̂𝗻 𝟭𝟮 - 𝗛𝗖𝗠 🏠𝟳𝟵 𝗛𝗼𝗮̀𝗻𝗴 𝗩𝗮̆𝗻 𝗧𝗵𝘂̣ - 𝗣𝗵𝘂́ 𝗡𝗵𝘂𝗮̣̂𝗻 - 𝗛𝗖𝗠","Quận Phú Nhuận, Tp Hồ Chí Minh",Mới,Xe máy điện,Unknown,2022,,51900000,New,Hồ Chí Minh,2022.0,
1410,https://xe.chotot.com/mua-ban-xe-may/132919946.htm,2026-06-11 15:08:42,xe_may_dien,Xe máy điện Yadea S3 Pro bs 59la-21886,15500000,Thanh Hùng xebachin ,"- Thiết kế hiện đại, động cơ mạnh mẽ - Quãng đường di chuyển xa, sạc nhanh - Tiết kiệm chi phí, thân thiện môi trường - Giá : 15.500.000 - Giấy tờ xe chính chủ - Xe39 bán bao ra phòng công chứng ký ủy quyền mua bán đều ok - Sang tên/ rút hồ sơ thoải mái ạ - Xe39 bán ra giấy tờ đầy đủ bản chính - Cam kết sang tên rút hồ sơ ok có phí dịch vụ - Xe39 bảo hành 1 năm hoặc 10.000km cho khách hàng yên tâm sử dụng sản phẩm - Đc : 141 Hoàng Văn Thụ, Phú Nhuận TPHCM - QK chỉ cần nhắn tin hoặc gọi ĐT / ZeLo = Xe39 Lh tư vấn ngay 🏠 Xe39 cam kết 100% bằng Văn bản Với các chính sách: 👉 Giấy Tờ: Đầy đủ và đúng pháp luật VN, Sang Tên - Rút hồ sơ gốc ok ( có + phí ) ( hoàn đủ tiền ngay nếu sai phạm ) 👉 Xe39 bảo hành : 100% xe trong 10 ngày đầu SD, bảo hành toàn Bộ Phận Máy Móc 06 - 12 tháng -5000km /10.000km ( tùy giá trị xe) 👉 Có Bán trả góp qua bank/cty , 👉Có nhận thu xe cũ đổi xe mới với giá cao 👉 luôn luôn 100% Khuyến mãi : 2 nón bảo hiểm, giấy bảo hiểm xe máy, 1 bình Dầu nhớt ☺️ 👉 Xe39 cam kết 1 đổi 1 trong các ngày đầu sd (ko cần lý do) Có Thu Mua lại với giá tốt thị trường ( trừ phí chỉ từ 5% đến 20% tùy giá trị xe 💪 👉 Hổ trợ Ship tận nơi tại TPHCM và các tỉnh lân cận, 👉 Xe39 Hơn 10 năm hoạt động, với gần 300 sản phẩm xe máy đã được kiểm định luôn luôn có tại hệ thống 👉Xe39 Cam kết mang lại cho quý khách hàng sự hài lòng nhất.","Quận Phú Nhuận, Tp Hồ Chí Minh",Đã sử dụng,Xe máy điện,Unknown,2024,11000,15500000,Used,Hồ Chí Minh,2024.0,11000.0
1411,https://xe.chotot.com/mua-ban-xe-may/132919868.htm,2026-06-11 15:05:43,xe_may_dien,💙Pink Phú Nhuận💙EvoMax 2026 odo 1k7 Xe Máy Điện,19900000,Pink Ev Premium Phú Nhuận,"Fb - Tiktok : Nguyen Minh Long Pink Dragon ==================📌📌📌================== Evomax đk 4/2026 Bstp bao công chứng - Odo 1700km - 1 pin thuê đổi trụ vinfast - Ốc tán 7 màu keng 99% - Dàn áo đẹp keng 99% - Còn đủ phụ kiện theo xe ❤️Xe keng 99% so với xe new 🏠𝟳𝟵 𝗛𝗼𝗮̀𝗻𝗴 𝗩𝗮̆𝗻 𝗧𝗵𝘂̣ - 𝗣𝗵𝘂́ 𝗡𝗵𝘂𝗮̣̂𝗻 - 𝗛𝗖𝗠 ✅𝗚𝗼́𝗽 𝗡𝗴𝗮̂𝗻 𝗛𝗮̀𝗻𝗴 : Đưa 20% ae giữ Cavet ✅𝗖𝗮̀ 𝗧𝗵𝗲̉ - 𝗚𝗼́𝗽: Cà thẻ ,chuyển đổi trả góp ✅𝗕𝗮𝗼 𝗤𝘂𝗮𝘆 Đ𝗮̂̀𝘂 : Từ 20% theo giá thị trường ✅𝗠𝘂𝗮 𝗕𝗮́𝗻 𝗧𝗿𝗮𝗼 Đ𝗼̂̉𝗶 𝗫𝗲 𝗫𝗮̆𝗻𝗴, 𝗫𝗲 Đ𝗶𝗲̣̂𝗻 𝗧𝗮̣̂𝗻 𝗡𝗵𝗮̀ 𝗖𝗧𝗬 𝗣𝗜𝗡𝗞 : 𝙓𝙀 Đ𝙄𝙀̣̂𝙉 𝙎𝘼̆̃𝙉 𝘼𝙋𝙋 - 𝗡𝗔̣̂𝗨 𝗫𝗢̛́ Đ𝗨̛𝗔 𝟲 𝗖𝗨̉ 🏠𝟭𝟳𝟴 𝗧𝗮̂𝗻 𝗧𝗵𝗼̛́𝗶 𝗛𝗶𝗲̣̂𝗽 𝟮𝟭 - 𝗤.𝟭𝟮 - 𝗛𝗖𝗠 🏠𝟮𝟴𝟴 𝗧𝗿𝘂̛𝗼̛̀𝗻𝗴 𝗖𝗵𝗶𝗻𝗵 - 𝗤𝘂𝗮̣̂𝗻 𝟭𝟮 - 𝗛𝗖𝗠 🏠𝟳𝟵 𝗛𝗼𝗮̀𝗻𝗴 𝗩𝗮̆𝗻 𝗧𝗵𝘂̣ - 𝗣𝗵𝘂́ 𝗡𝗵𝘂𝗮̣̂𝗻 - 𝗛𝗖𝗠","Quận Phú Nhuận, Tp Hồ Chí Minh",Đã sử dụng,Xe máy điện,Unknown,2026,17000,19900000,Used,Hồ Chí Minh,2026.0,17000.0
1412,https://xe.chotot.com/mua-ban-xe-may/132919726.htm,2026-06-11 15:00:14,xe_may_dien,Xe máy điện VinFast Klara S màu Xám,15990000,EVBATTERY,"- ODO : 16.500km - Pin / Ắc Quy : 2 pin ( 1 pin zin B1 , 1 pin ss 48v 30Ah ) - Ngoại hình : 90% - Thủ tục mua bán : ủy quyền / mua bán - Năm đăng ký : 2020 - Giá bán: 16,000,000 ( luôn 2 pin )","Quận Tân Bình, Tp Hồ Chí Minh",Đã sử dụng,Xe máy điện,Unknown,2020,16500,15990000,Used,Hồ Chí Minh,2020.0,16500.0
1413,https://xe.chotot.com/mua-ban-xe-may/132917736.htm,2026-06-11 13:37:25,xe_may_dien,Xe máy điện Quantum S Trắng,100000000,Tin Home,"Xe máy điện Quantum S màu trắng, thiết kế hiện đại, vận hành êm ái. - Động cơ mạnh mẽ, quãng đường di chuyển tốt. - Tiết kiệm chi phí, thân thiện môi trường. - Phù hợp đi lại trong thành phố. Biển số đấu giá Hà Nội đẹp","Quận 12, Tp Hồ Chí Minh",Đã sử dụng,Xe máy điện,Unknown,2026,800,100000000,Used,Hồ Chí Minh,2026.0,800.0
1414,https://xe.chotot.com/mua-ban-xe-may/132916301.htm,2026-06-11 12:25:42,xe_may_dien,"Xe máy điện Xmen Trắng, Đen",5500000,hbm,"cần bán xe xmen , xe biển MD không cần bằng lái , đã lên dĩa sau và thay dàn áo mới . Ai cần xem xe lh : *** ( bO) .","Quận 4, Tp Hồ Chí Minh",Đã sử dụng,Xe máy điện,Unknown,2019,12345,5500000,Used,Hồ Chí Minh,2019.0,12345.0
1415,https://xe.chotot.com/mua-ban-xe-may/132774412.htm,2026-06-11 12:11:00,xe_may_dien,Xe máy điện VinFast Ludo 2020 Xám đen,7000000,Trần văn hạnh ,"Xe máy điện VinFast Ludo màu xám đen, sản xuất năm 2020. - Xe không dùng tới, còn mới. - Thiết kế nhỏ gọn, phù hợp di chuyển trong phố. - Tiết kiệm chi phí, thân thiện môi trường.","Quận Tân Bình, Tp Hồ Chí Minh",Đã sử dụng,Xe máy điện,Unknown,2020,11639,7000000,Used,Hồ Chí Minh,2020.0,11639.0
1416,https://xe.chotot.com/mua-ban-xe-may/132913045.htm,2026-06-11 10:24:48,xe_may_dien,Xe máy điện VinFast EVO GRAND MỚI/ GÓP TẠI NHÀ,7500000,THIÊN Ý ĐIỆN MÁY TRẢ GÓP,"⚡ XE MÁY ĐIỆN EVO GRAND – THIẾT KẾ ĐẸP, ĐI XA, TIẾT KIỆM CHI PHÍ ⚡ 🔥 Xe máy điện EVO GRAND chính hãng với thiết kế trẻ trung, hiện đại, phù hợp học sinh, sinh viên và người đi làm. ✅ Kiểu dáng thời trang, nhiều màu sắc đẹp. ✅ Động cơ mạnh mẽ, vận hành êm ái. ✅ Quãng đường di chuyển xa sau mỗi lần sạc. ✅ Tiết kiệm chi phí hơn xe xăng. ✅ Cốp rộng, tiện lợi cho nhu cầu hằng ngày. ✅ Bảo hành chính hãng, yên tâm sử dụng. 🎉 HỖ TRỢ TRẢ GÓP 0Đ 🎉 ✔️ Không cần trả trước ✔️ Chỉ cần CCCD ✔️ Duyệt hồ sơ nhanh ✔️ Nhận xe ngay 🚚 Giao xe tận nơi – Hỗ trợ tư vấn nhiệt tình. 📞 Hotline/Zalo: *** Liên hệ ngay để nhận giá ưu đãi và nhiều chương trình khuyến mãi hấp dẫn!","Quận 8, Tp Hồ Chí Minh",Mới,Xe máy điện,Unknown,2026,,7500000,New,Hồ Chí Minh,2026.0,
1417,https://xe.chotot.com/mua-ban-xe-may/132891723.htm,2026-06-11 10:00:15,xe_may_dien,Xe máy điện VinFast EVO200 Đỏ,22000000,Nguyễn Ngọc Minh Châu,"🚨 BÁN XE ĐIỆN VINFAST EVO200 ĐỎ 🚨 • Xe màu đỏ nổi bật, đẹp mắt • Chạy êm, tiết kiệm điện • Đã đi: hơn 25k km • Pin còn tốt, sạc đầy đi xa ổn định • Giấy tờ đầy đủ, sang tên nhanh gọn • Phù hợp đi học, đi làm, chạy phố cực tiện ✨ Ngoại hình đẹp – máy móc zin – mua về chạy ngay 📍 Xem xe trực tiếp tại: 104 Đường số 1,Khu dân cư cityland,phường hạnh thông,q Gò Vấp 💰 Giá bán: 2X 📞 Liên hệ: *** Ai cần ib mình gửi thêm thông tin nha","Quận Gò Vấp, Tp Hồ Chí Minh",Đã sử dụng,Xe máy điện,Unknown,2022,25000,22000000,Used,Hồ Chí Minh,2022.0,25000.0
1418,https://xe.chotot.com/mua-ban-xe-may/132911067.htm,2026-06-11 09:11:18,xe_may_dien,Xe máy điện Xmen Đỏ,2700000,Huynh đình phúc,cần bán xe xmen đẹp như hình chạy mạnh mẽ giá không bình 2tr7 giá có bình cũ 3tr7 giá bình mới 5tr7,"Quận Thanh Khê, Đà Nẵng",Đã sử dụng,Xe máy điện,Unknown,2022,20000,2700000,Used,Đà Nẵng,2022.0,20000.0
1419,https://xe.chotot.com/mua-ban-xe-may/132909184.htm,2026-06-11 07:02:54,xe_may_dien,Theon S Trắng 2026 bh 8 năm,52500000,Mua xe  Điện Giá Tốt Sài Gòn,Theon s luon pin odo 12k xe đẹp keng chính chủ 2026 nha anh em bh 8 năm,"Quận Tân Phú, Tp Hồ Chí Minh",Đã sử dụng,Xe máy điện,Unknown,2026,12000,52500000,Used,Hồ Chí Minh,2026.0,12000.0
1420,https://xe.chotot.com/mua-ban-xe-may/132448542.htm,2026-06-10 23:30:35,xe_may_dien,Xe máy điện Vespa Espero Trắng đủ giấy,8900000,Xe điện Bình Phương,"VP268 ✅ Xe máy điện Vespa Espero đời cao ắc quy siêu lướt 8tr9 ➡️ Đủ giấy tờ đăng ký biển ➡️40-50km/ lần sạc ➡️Lắp ắc quy mới hỗ trợ giá 50% ➡️ Hình thức đẹp nét, xe chắc chắn, xe đã bảo dưỡng toàn bộ ➡️ full chức năng, đủ phụ kiện, bảo hành dài, ship toàn quốc ☎️ *** (zalo,fb,mess) có trả góp 📌 Cửa hàng xe điện Bình Phương, sn 15 ngõ 195/91 Trần Cung, Hà Nội","Quận Cầu Giấy, Hà Nội",Đã sử dụng,Xe máy điện,Unknown,2021,600,8900000,Used,Hà Nội,2021.0,600.0
1421,https://xe.chotot.com/mua-ban-xe-may/132906487.htm,2026-06-10 21:17:18,xe_may_dien,Xe máy điện VinFast Feliz II Đỏ,23500000,PHẠM TUẤN MUA BÁN XE ĐIỆN,Feliz ii Lướt 5.000KM Đổi Pin Tại Trụ Chính Chủ Ký Giấy Zá 23.5tr Mua xe điện cũ giá cao,"Quận Tân Phú, Tp Hồ Chí Minh",Đã sử dụng,Xe máy điện,Unknown,2026,5000,23500000,Used,Hồ Chí Minh,2026.0,5000.0
1422,https://xe.chotot.com/mua-ban-xe-may/132906042.htm,2026-06-10 20:46:27,xe_may_dien,Bán lại cho ai cần xe điện,7800000,phan hoi,Mình có chiếc xe điện cần bán do mình ít đi tới nên mình bán lại cho ai cần. Xe vẫn còn rất mới. Mọi chức năng đèn còi xi nhan đầy đủ không lỗi lầm gì cả. một lần sạc 45km đến 50km xe chạy 3 cấp độ máy chạy êm ru và rất khoẻ chở người cũng chạy phà phà. Ai cần mua xe đi làm hay cho con đi học thì liên hệ với mình nhé.,"Thành phố Dĩ An, Bình Dương",Đã sử dụng,Xe máy điện,Unknown,2025,1700,7800000,Used,Bình Dương,2025.0,1700.0
1423,https://xe.chotot.com/mua-ban-xe-may/132906000.htm,2026-06-10 20:44:13,xe_may_dien,Xe máy điện VinFast EVO LITE Neo Đỏ,1450000,Vinh,"Bán xe điện vinfat evoneo bản dành cho học sinh, xe nguyên zin như mới, mua chưa đc 2 tháng (bản acqui) hàng bỏ mẩu thông dụng khi sữa chữa cũng như thay hơn bản pin. Hổ trợ sang tên chính chủ cho các ace","Huyện Hưng Nguyên, Nghệ An",Đã sử dụng,Xe máy điện,Unknown,2026,2000,1450000,Used,Nghệ An,2026.0,2000.0
1424,https://xe.chotot.com/mua-ban-xe-may/132164920.htm,2026-06-10 20:00:00,xe_may_dien,Evo200lite Vàng lướt như mới,21000000,Minh Khôi xe điện lướt,Evo200lite không cần bằng lái dành cho học sinh • Lướt 11kkm • Xe đẹp như mới • Lần sạc đi 110km • Đk 2025 còn bh hãng đến 2030 • Bs Sài Gòn chính chủ,"Quận Tân Phú, Tp Hồ Chí Minh",Đã sử dụng,Xe máy điện,Unknown,2024,10800,21000000,Used,Hồ Chí Minh,2024.0,10800.0
1425,https://xe.chotot.com/mua-ban-xe-may/132905139.htm,2026-06-10 19:51:40,xe_may_dien,Xe máy điện Evo Max Đen,18300000,Dung,"⚡️ Evo Max 1 pin thuê ⚡️ ✅ Odo lướt 1.000 km như mới ✅ Xe đẹp, vận hành êm ái ✅ Thuê pin đổi trạm tiện lợi 💰 Giá chỉ 18,3 triệu – quá mềm cho xe lướt! Hỗ trợ trả góp, bao no xấu 🏠Xem trực tiếp quận bình tân 📞Dung: *** Tư Vấn Nhanh ZALO: ***","Quận Bình Tân, Tp Hồ Chí Minh",Đã sử dụng,Xe máy điện,Unknown,2026,1000,18300000,Used,Hồ Chí Minh,2026.0,1000.0
1426,https://xe.chotot.com/mua-ban-xe-may/132903612.htm,2026-06-10 18:15:15,xe_may_dien,Xe máy điện Christian Dior Hồng,8000000,nhung,"Xe máy điện Christian Dior màu hồng và xám, thiết kế thời trang, phong cách. - Xe vận hành êm ái, tiết kiệm năng lượng. - Phù hợp di chuyển trong thành phố.","Quận Bình Tân, Tp Hồ Chí Minh",Đã sử dụng,Xe máy điện,Unknown,2025,1111,8000000,Used,Hồ Chí Minh,2025.0,1111.0
1427,https://xe.chotot.com/mua-ban-xe-may/132583787.htm,2026-06-10 16:59:51,xe_may_dien,Xe máy điện Vespa 2026,14800000,Xe Điện Uy Tín ,"Xe điện Vespa 2026 mới nhất - Có khoá điều khiển từ xa, có thẻ từ NFC - Xe đi bao khoẻ, bao êm, bao bền - Có bán trả góp, có ship toàn quốc - Xe chạy 5 ắc quy to đi 80km một lần sạc - Bảo hành 3 năm khung xe, 3 năm động cơ, 1 năm ắc quy - Địa chỉ: Xe Điện Uy Tín số 257 Hoàng Quốc Việt Cầu Giấy Hà Nội","Quận Cầu Giấy, Hà Nội",Mới,Xe máy điện,Unknown,2026,,14800000,New,Hà Nội,2026.0,
1428,https://xe.chotot.com/mua-ban-xe-may/132899726.htm,2026-06-10 15:20:14,xe_may_dien,VinFast Evo Grand 2 pin Đỏ bst odo14k,25000000,XE ĐIỆN 90s,"VINFAST EVO GRAND – ĐỎ – ĐK 12/2025 📌 Bản 2 pin đi đc ~160km/sạc. 📌 Biển số tỉnh 68. Odo 14k 📌 Bảo hành pin 8 năm xe 6 năm theo chính sách 📌 Lên Yên Kimdan, gù đối trọng, hộc đồ, ốp đèn. 📌 Up ic feliz 2025 -> tốc 85km/h 💰 G.i.á: 25.000.000₫ Ace mến ới e 📲 *** ✔️ Hỗ trợ ship xe – cà thẻ – trả góp 👁️‍🗨️ Góp “Nậu Xớ” trả trước 30% ♻️ Giao lưu bù trừ hợp lý các dòng xe 📞Call/Zalo: *** xem xe Gò Vấp","Quận Gò Vấp, Tp Hồ Chí Minh",Đã sử dụng,Xe máy điện,Unknown,2025,14000,25000000,Used,Hồ Chí Minh,2025.0,14000.0
1429,https://xe.chotot.com/mua-ban-xe-may/132583791.htm,2026-06-10 14:00:02,xe_may_dien,Xe máy điện Vespa Đen đã sử dụng,8800000,Xe Điện Uy Tín ,"Xe điện Vespa cũ đầy đủ giấy tờ - Có bán trả góp, có ship toàn quốc - Xe chạy bình khoẻ đi 40-50km một lần sạc - Địa chỉ: Xe Điện Uy Tín số 257 Hoàng Quốc Việt Cầu Giấy Hà Nội","Quận Cầu Giấy, Hà Nội",Đã sử dụng,Xe máy điện,Unknown,2019,5000,8800000,Used,Hà Nội,2019.0,5000.0
1430,https://xe.chotot.com/mua-ban-xe-may/132897445.htm,2026-06-10 13:48:14,xe_may_dien,Xe máy điện VinFast Klara Neo Đen,23000000,Nguyễn Thạnh,"xe máy điện Klara neo,xe mua chưa đc tháng udo 374km,xe đi đc 100km cho 1 lần sạc, giá23tr .","Huyện Bình Chánh, Tp Hồ Chí Minh",Đã sử dụng,Xe máy điện,Unknown,2026,374,23000000,Used,Hồ Chí Minh,2026.0,374.0
1431,https://xe.chotot.com/mua-ban-xe-may/129741708.htm,2026-06-10 11:38:15,xe_may_dien,Xe máy điện Yamaha Neo S 2025 Xanh 900 km,21500000,RiOshop,"Yamaha Neo S 2025 new 99.9%, màu xanh. Xe chính chủ đứng tên sử dụng, xe đăng ký 8+9/2025. Sang tên mua bán, Odo 900 km & 3500 km. Xe gồm 2 pin. Phụ kiện đầy đủ gồm cặp kiếng, 1 chìa khoá smartkey. Giá: 22tr5 fix 21tr5 xe không Pin cho khách về độ. Bán lẻ pin 1 cục 13tr. Bán lẻ sạc 1tr5 Tiết kiệm nhiều triệu so với đk mới.","Quận 10, Tp Hồ Chí Minh",Đã sử dụng,Xe máy điện,Unknown,2025,900,21500000,Used,Hồ Chí Minh,2025.0,900.0
1432,https://xe.chotot.com/mua-ban-xe-may/132894321.htm,2026-06-10 11:22:50,xe_may_dien,Xe máy điện Vinfast Klara trắng,9800000,Hong Dao,Xe máy điện Vinfast giá Klara 9 đồng 8. Nếu lên pin bên em cũng có.,"Quận 6, Tp Hồ Chí Minh",Đã sử dụng,Xe máy điện,Unknown,2025,8000,9800000,Used,Hồ Chí Minh,2025.0,8000.0
1433,https://xe.chotot.com/mua-ban-xe-may/132892276.htm,2026-06-10 10:17:44,xe_may_dien,Xe máy điện LaviA 2026,15500000,Xe Bảo Tín 61 Nguyễn Lương Bằng HN,LaviA model 2026. Tính năng ưu việt vượt trội. Bảo hành toàn quốc 3 năm. Hỗ trợ trả góp 0đ. Nhận thu mua trao đổi xe cũ. Sửa chữa xe điện tại nhà. 61- Nguyễn Lương Bằng. HN Zalo- ***,"Quận Đống Đa, Hà Nội",Mới,Xe máy điện,Unknown,2026,,15500000,New,Hà Nội,2026.0,
1434,https://xe.chotot.com/mua-ban-xe-may/132892021.htm,2026-06-10 10:10:16,xe_may_dien,Xe máy điện Hkbike Xmen Đỏ,5000000,Bích Liên,nhà mình thừa xe cần nhượng lại xe xmen này ạ xe đẹp đi xa ngon mọi thứ hoạt động tốt bình thường ạ ai cần xe điện này thì alo cho mình ạ ở hà nội xem xe trực tiếp ạ,"Quận Hoàng Mai, Hà Nội",Đã sử dụng,Xe máy điện,Unknown,2022,46665,5000000,Used,Hà Nội,2022.0,46665.0
1435,https://xe.chotot.com/mua-ban-xe-may/132890817.htm,2026-06-10 09:33:10,xe_may_dien,Xe máy điện Xmen Trắng,8500000,Bàn Văn Mạnh,"Không đi muốn bán xe xmen độ nhẹ, trong cốp có ic 2500 chưa lắp","Quận Thanh Xuân, Hà Nội",Đã sử dụng,Xe máy điện,Unknown,2020,5000,8500000,Used,Hà Nội,2020.0,5000.0
1436,https://xe.chotot.com/mua-ban-xe-may/132583792.htm,2026-06-10 09:00:02,xe_may_dien,Xe máy điện Lavia 2026 bản cao nhất,15800000,Xe Điện Uy Tín ,"Xe điện Vespa Lavia Sx 2026 bản cao nhất - Có bán trả góp, có ship toàn quốc - Xe chạy 5 bình to 30A tầm 80km một lần sạc - Xe có 2 phanh đĩa trước sau an toàn - Vận tốc tối đa 60km/h xe đi bao khoẻ - Xe có kết nối điện thoại, smartkey, thẻ từ NFC - Địa chỉ: Xe Điện Uy Tín số 257 Hoàng Quốc Việt Cầu Giấy Hà Nội","Quận Cầu Giấy, Hà Nội",Mới,Xe máy điện,Unknown,2026,,15800000,New,Hà Nội,2026.0,
1437,https://xe.chotot.com/mua-ban-xe-may/132889755.htm,2026-06-10 08:51:03,xe_may_dien,3 Chiếc Feliz 2025 2 Pin 1000km & Felizs 2023 giá,29990000,nguyenchuyenpin,"- Feliz 2025 đen odo 1.000 km , 2 pin Giá : 29tr990 - Feliz 2026 trắng , odo 10km , 2 pin Giá : 32tr990 - Feliz S 2023. Odo 20.000km , Bs SG Chính Chủ , pin mua đứt Giá : 21tr990 😚🥰🤪💁..........THU XĂNG ĐỔI ĐIỆN ĐỔI ĐỜI..........😍😄😄😄 - MÌNH CAM KẾT THU CAO HƠN NHỮNG CỬA HÀNG KHÁC 1 ĐẾN 2TR NHÉ . - CẦM XE MÁY _ XE ĐIỆN _ XE HƠI ĐIỆN _ LAPTOP _ LOA _ DÀN CDJ _ HIEND _ VÀNG _ HỘT XOÀN ...VV. GIÁ CAO ( CHÍNH CHỦ ) KỂ CẢ XE ĐANG CẦM NGÂN HÀNG . ĐỊNH GIÁ NGAY CÓ TIỀN SAU 19 PHÚT . - CHUYÊN ĐỘ PIN _ SỮA CHỮA_ TÂN TRANG CHO TẤT CẢ CÁC LOẠI XE ĐIỆN . - CHUYÊN LÀM GIẤY TỜ XE MÁY & XE HƠI TOÀN QUỐC ( RÚT GỐC + ĐK MỚI ) MỌI GIẤY TỜ XE KHÓ XÁC MINH GỐC - TUYỂN CTV BÁN XE + LIVE BÁN HÀNG 1TR / 1 CHIẾC TIỀN TƯƠI .( LƯƠNG CĂN BẢN 6TR ) . ........nguyenchuyenpin.com.......... ✅ 𝐂Ó 𝐓𝐑Ả 𝐆Ó𝐏 – 𝐂À 𝐓𝐇Ẻ – 𝐆𝐈𝐀𝐎 𝐓Ậ𝐍 𝐍𝐇À ✅ 𝐍Ợ 𝐗Ấ𝐔 𝐁𝐀𝐎 ĐẬ𝐔 𝟏𝟎𝟎% ✅ 𝐂𝐀𝐌 𝐊Ế𝐓 𝐗𝐄 𝐓𝐇Ậ𝐓 – 𝐆𝐈Á 𝐓𝐇Ậ𝐓 – 𝐁Ả𝐎 𝐇À𝐍𝐇 𝐌𝐈𝐍𝐇 𝐁Ạ𝐂𝐇 😛ĐỊA CHỈ : 21 Nguyễn Súy . Phú Thọ Hoà ( Tân Phú Cũ ) . 😭🤪🥵😉 Time Mở Cửa : 6Am _ 24Pm ☎ *** ☎ 📢 QUÝ KHÁCH VUI LÒNG GỌI TRƯỚC KHI QUA . XIN CÁM ƠN QUÝ KHÁCH ĐÃ QUAN TÂM .","Quận Tân Phú, Tp Hồ Chí Minh",Đã sử dụng,Xe máy điện,Unknown,2025,1000,29990000,Used,Hồ Chí Minh,2025.0,1000.0
1438,https://xe.chotot.com/mua-ban-xe-may/132863447.htm,2026-06-10 08:28:32,xe_may_dien,Xe máy điện Vinfast Motio Trắng,9800000,Xe Điện GV,"Xe máy điện Vinfast Motio màu trắng, thiết kế nhỏ gọn, phù hợp di chuyển trong phố. - Không cần bằng lái. - Odo 5.000km. - Giấy tờ chính chủ.","Quận Bình Tân, Tp Hồ Chí Minh",Đã sử dụng,Xe máy điện,Unknown,2025,5000,9800000,Used,Hồ Chí Minh,2025.0,5000.0
1439,https://xe.chotot.com/mua-ban-xe-may/132888595.htm,2026-06-10 07:25:14,xe_may_dien,Xe máy điện Yadea Xbull H Xám,12500000,Thanh,"[ HCM Q7 ] Xbull H màu xám , siêu lướt mới chạy 8km từ cửa hàng về nhà do bé nhà mình nhát quá không dám chạy nên thanh lý lại cho ae nào cần mua cho bé , xe bao ae như xe mới không có gì để chê","Quận 7, Tp Hồ Chí Minh",Mới,Xe máy điện,Unknown,2026,8,12500000,New,Hồ Chí Minh,2026.0,8.0
1440,https://xe.chotot.com/mua-ban-xe-may/132888591.htm,2026-06-10 07:24:52,xe_may_dien,"Xe máy điện Đỏ, Đen",4500000,nguyễn văn hải,Xe điện kg bỉnh hoạt động bình thường tốt .Xe đẹp sạch sẽ.gắn bình .hãy pin là chạy vy vụ giá bán 4tr5.ai có nhu cầu gọi số.đt.***.,"Quận Phú Nhuận, Tp Hồ Chí Minh",Đã sử dụng,Xe máy điện,Unknown,2020,220000,4500000,Used,Hồ Chí Minh,2020.0,220000.0
1441,https://xe.chotot.com/mua-ban-xe-may/132888501.htm,2026-06-10 07:17:18,xe_may_dien,Xe máy điện Yadea i8 Trắng kem,10000000,Nguyễn Văn Phương ,"xe yadea i8 xe trưng bày của chính hãng . xe chạy bốn bình lớn 80km cho một lần nạp điện . Giá xe mới là 14 tr nay bán xe trưng bày 10tr , tiết kiệm được 4tr.","Quận 12, Tp Hồ Chí Minh",Mới,Xe máy điện,Unknown,2024,0,10000000,New,Hồ Chí Minh,2024.0,0.0
1442,https://xe.chotot.com/mua-ban-xe-may/132886302.htm,2026-06-09 21:46:48,xe_may_dien,Xe máy điện Datbike Weaver 200 2023 Cam,25000000,thạch,"Cần bán xe Datbike Weaver 200 Xe đăng ký năm 2023,odo 5k km,new keng Pin bao đi thoải mái trên 150km/lần sạc Sạc nhanh chính hãng nên chỉ cần 3h sạc là đầy pin,sạc 1h đi được 100km Xe còn rất mới,máy móc im ru do dùng động cơ inhub ,êm,khỏi chăm sóc Đã gắng ít đồ: mão,cặp tay thắng bình dầu xeoa RCB,gương carbon,bọc yên mới xe đang rút hồ sơ,cặp vỏ Michelin 2 triệu","Quận 7, Tp Hồ Chí Minh",Đã sử dụng,Xe máy điện,Unknown,2023,5000,25000000,Used,Hồ Chí Minh,2023.0,5000.0
1443,https://xe.chotot.com/mua-ban-xe-may/132885093.htm,2026-06-09 20:34:39,xe_may_dien,Xe máy điện Z3 bản độ Trắng,33000000,Nguyễn Minh,Xe điện z3 bản độ 6 bình trang bị phanh đĩa chống đổ hậu vô cực ￼ cốp rộng xi nhan ao lỳ 2 cặp chợ sáng bi cầu 3 chấm không viền lét 7 màu động cơ 3v7 nâng phuộc ic100s giấy tờ đầy đủ mâm cnc tím di ghi đông trung phuộc usd tay ga x5 đến xem Xe cho chạy thử,"Huyện Đông Anh, Hà Nội",Đã sử dụng,Xe máy điện,Unknown,2017,156,33000000,Used,Hà Nội,2017.0,156.0
1444,https://xe.chotot.com/mua-ban-xe-may/132883373.htm,2026-06-09 18:50:17,xe_may_dien,Xe máy điện Vespa Trắng,15000000,hoàng lê,Xe điện giống vespa 5 bình điện chạy chưa được 1000 km Mua 19 triệu cần bán lại giá tốt phù hợp cho các chị em,"Thị Xã Buôn Hồ, Đắk Lắk",Đã sử dụng,Xe máy điện,Unknown,2025,1000,15000000,Used,Đắk Lắk,2025.0,1000.0
1445,https://xe.chotot.com/mua-ban-xe-may/132883135.htm,2026-06-09 18:37:35,xe_may_dien,Xe điện Vespa nàng thơ Trắng,9000000,Trương Tuấn,"Xe điện Vespa nàng thơ , xe mới 90% đầy đủ chức năng , điện bình ổn ,chạy êm 1 lần sạc đi được 50 60km .🛵🛵 Xe Kv bình tân , tân phú .. Giá e để : 9.xxx.xxx e còn fix cho Ace thiện chí muốn mua ạ .. Lh SĐT Zép Lào e : *** Xe điện Vespa Giấy tờ đầy đủ ..✅ Xe còn Bảo hành bình 3 tháng ạ .. ✅ Ace ưng thiện chí mua e còn bớt chút lộc ạ 🛵","Quận Bình Tân, Tp Hồ Chí Minh",Đã sử dụng,Xe máy điện,Unknown,2019,9000,9000000,Used,Hồ Chí Minh,2019.0,9000.0
1446,https://xe.chotot.com/mua-ban-xe-may/132711007.htm,2026-06-09 17:53:01,xe_may_dien,siêu sale 1.6 Xe máy điện Takumi igo mới 100%,10900000,Nguyen Cuong,"Xe máy điện Takumi igo - Động cơ 500w mạnh mẽ, vận hành êm ái. - hàng công ty đã được đăng kiểm nên có thể bấm được biển số. Phuộc nhúng rất êm ái, chạy cực êm - kiểu dáng mạnh mẽ - Giá siêu khuyến mãi","Thành phố Thủ Đức, Tp Hồ Chí Minh",Mới,Xe máy điện,Unknown,2026,,10900000,New,Hồ Chí Minh,2026.0,
1447,https://xe.chotot.com/mua-ban-xe-may/132863053.htm,2026-06-09 16:01:03,xe_may_dien,🩷Pink An Sương🩷Feliz2025 mua 2 pin Xe Máy Điện,31900000,Pink Ev Premium An Sương ,"Fb - Tiktok : Nguyen Minh Long Pink Dragon ==================📌📌📌================== Feliz2025 Sài Gòn 9 Chủ Bao Chứng - 2 pin mua - Odo 20ngàn cây - Dàn áo keng ko trầy 99% - Ốc tán 7 màu keng 99% - Còn đủ phụ kiện theo xe 🏠𝟮𝟴𝟴 𝗧𝗿𝘂̛𝗼̛̀𝗻𝗴 𝗖𝗵𝗶𝗻𝗵 - 𝗤𝘂𝗮̣̂𝗻 𝟭𝟮 - 𝗛𝗖𝗠 ❤️Mợ Ấu đưa 5củ gốp ko lẽ sức 9 tháng ❤️Mợ Ấu đưa 50% Ko xác minh nhà ở ❤️Mợ Ấu đưa 80% ko phí hồ sơ lẽ sức ❤️Tặng 12 tháng xe hư đưa xe khác dùng ❤️Tặng đổi pin đi liền ko chờ sạc nhiều ở 8 đến 12 cơ sở ở Sài Gòn ( Ở Quận 4 -6 -8 -12 , Tân Bình, Bình Tân, Tân Phú, Thủ Đức, Phú Nhuận ) ✅𝗚𝗼́𝗽 𝗡𝗴𝗮̂𝗻 𝗛𝗮̀𝗻𝗴 : Đưa 20% ae giữ Cavet ✅𝗖𝗮̀ 𝗧𝗵𝗲̉ - 𝗚𝗼́𝗽: Cà thẻ ,chuyển đổi trả góp ✅𝗕𝗮𝗼 𝗤𝘂𝗮𝘆 Đ𝗮̂̀𝘂 : Từ 20% theo giá thị trường ✅𝗠𝘂𝗮 𝗕𝗮́𝗻 𝗧𝗿𝗮𝗼 Đ𝗼̂̉𝗶 𝗫𝗲 𝗫𝗮̆𝗻𝗴, 𝗫𝗲 Đ𝗶𝗲̣̂𝗻 𝗧𝗮̣̂𝗻 𝗡𝗵𝗮̀ 𝗖𝗧𝗬 𝗣𝗜𝗡𝗞 : 𝙓𝙀 Đ𝙄𝙀̣̂𝙉 𝙎𝘼̆̃𝙉 𝘼𝙋𝙋 - 𝗡𝗔̣̂𝗨 𝗫𝗢̛́ Đ𝗨̛𝗔 𝟲 𝗖𝗨̉ 🏠𝟭𝟳𝟴 𝗧𝗮̂𝗻 𝗧𝗵𝗼̛́𝗶 𝗛𝗶𝗲̣̂𝗽 𝟮𝟭 - 𝗤.𝟭𝟮 - 𝗛𝗖𝗠 🏠𝟮𝟴𝟴 𝗧𝗿𝘂̛𝗼̛̀𝗻𝗴 𝗖𝗵𝗶𝗻𝗵 - 𝗤𝘂𝗮̣̂𝗻 𝟭𝟮 - 𝗛𝗖𝗠 🏠𝟳𝟵 𝗛𝗼𝗮̀𝗻𝗴 𝗩𝗮̆𝗻 𝗧𝗵𝘂̣ - 𝗣𝗵𝘂́ 𝗡𝗵𝘂𝗮̣̂𝗻 - 𝗛𝗖𝗠","Quận 12, Tp Hồ Chí Minh",Đã sử dụng,Xe máy điện,Unknown,2025,20000,31900000,Used,Hồ Chí Minh,2025.0,20000.0
1448,https://xe.chotot.com/mua-ban-xe-may/132862795.htm,2026-06-09 15:51:00,xe_may_dien,🩷Pink An Sương🩷 Feliz2025 odo 1k Xe Máy Điện,38900000,Pink Ev Premium An Sương ,"Fb - Tiktok : Nguyen Minh Long Pink Dragon ==================📌📌📌================== Feliz2025 DK 2026 Sài Gòn 9 Chủ Công Chứng - 2 pin mua - Odo lướt 1000 ngàn - Sạc 1000W ( Mẫu Mới) + - dây sạc rời - Dàn áo keng ko trầy 99% - Ốc tán 7 màu keng 99% - Còn đủ phụ kiện theo xe ❤️Xe keng 99% so với xe new 🏠𝟮𝟴𝟴 𝗧𝗿𝘂̛𝗼̛̀𝗻𝗴 𝗖𝗵𝗶𝗻𝗵 - 𝗤𝘂𝗮̣̂𝗻 𝟭𝟮 - 𝗛𝗖𝗠 ❤️Mợ Ấu đưa 5củ gốp ko lẽ sức 9 tháng ❤️Mợ Ấu đưa 50% Ko xác minh nhà ở ❤️Mợ Ấu đưa 80% ko phí hồ sơ lẽ sức ❤️Tặng 12 tháng xe hư đưa xe khác dùng ❤️Tặng đổi pin đi liền ko chờ sạc nhiều ở 8 đến 12 cơ sở ở Sài Gòn ( Ở Quận 4 -6 -8 -12 , Tân Bình, Bình Tân, Tân Phú, Thủ Đức, Phú Nhuận ) ✅𝗚𝗼́𝗽 𝗡𝗴𝗮̂𝗻 𝗛𝗮̀𝗻𝗴 : Đưa 20% ae giữ Cavet ✅𝗖𝗮̀ 𝗧𝗵𝗲̉ - 𝗚𝗼́𝗽: Cà thẻ ,chuyển đổi trả góp ✅𝗕𝗮𝗼 𝗤𝘂𝗮𝘆 Đ𝗮̂̀𝘂 : Từ 20% theo giá thị trường ✅𝗠𝘂𝗮 𝗕𝗮́𝗻 𝗧𝗿𝗮𝗼 Đ𝗼̂̉𝗶 𝗫𝗲 𝗫𝗮̆𝗻𝗴, 𝗫𝗲 Đ𝗶𝗲̣̂𝗻 𝗧𝗮̣̂𝗻 𝗡𝗵𝗮̀ 𝗖𝗧𝗬 𝗣𝗜𝗡𝗞 : 𝙓𝙀 Đ𝙄𝙀̣̂𝙉 𝙎𝘼̆̃𝙉 𝘼𝙋𝙋 - 𝗡𝗔̣̂𝗨 𝗫𝗢̛́ Đ𝗨̛𝗔 𝟲 𝗖𝗨̉ 🏠𝟭𝟳𝟴 𝗧𝗮̂𝗻 𝗧𝗵𝗼̛́𝗶 𝗛𝗶𝗲̣̂𝗽 𝟮𝟭 - 𝗤.𝟭𝟮 - 𝗛𝗖𝗠 🏠𝟮𝟴𝟴 𝗧𝗿𝘂̛𝗼̛̀𝗻𝗴 𝗖𝗵𝗶𝗻𝗵 - 𝗤𝘂𝗮̣̂𝗻 𝟭𝟮 - 𝗛𝗖𝗠 🏠𝟳𝟵 𝗛𝗼𝗮̀𝗻𝗴 𝗩𝗮̆𝗻 𝗧𝗵𝘂̣ - 𝗣𝗵𝘂́ 𝗡𝗵𝘂𝗮̣̂𝗻 - 𝗛𝗖𝗠","Quận 12, Tp Hồ Chí Minh",Đã sử dụng,Xe máy điện,Unknown,2026,1000,38900000,Used,Hồ Chí Minh,2026.0,1000.0
1449,https://xe.chotot.com/mua-ban-xe-may/132862914.htm,2026-06-09 15:34:04,xe_may_dien,🩷Pink An Sương🩷Evo200 Pin Mua 3.5kw Xe Máy Điện,22900000,Pink Ev Premium An Sương ,"Fb - Tiktok : Nguyen Minh Long Pink Dragon ==================📌📌📌================== Evo200 Pin Mua 3.5kw Sài Gòn 9 Chủ Công Chứng - Odo 23 ngàn cây - Dàn áo keng ko trầy 99% - Ốc tán 7 màu keng 99% - Còn đủ phụ kiện theo xe 🏠𝟮𝟴𝟴 𝗧𝗿𝘂̛𝗼̛̀𝗻𝗴 𝗖𝗵𝗶𝗻𝗵 - 𝗤𝘂𝗮̣̂𝗻 𝟭𝟮 - 𝗛𝗖𝗠 ❤️Mợ Ấu đưa 5củ gốp ko lẽ sức 9 tháng ❤️Mợ Ấu đưa 50% Ko xác minh nhà ở ❤️Mợ Ấu đưa 80% ko phí hồ sơ lẽ sức ❤️Tặng 12 tháng xe hư đưa xe khác dùng ❤️Tặng đổi pin đi liền ko chờ sạc nhiều ở 8 đến 12 cơ sở ở Sài Gòn ( Ở Quận 4 -6 -8 -12 , Tân Bình, Bình Tân, Tân Phú, Thủ Đức, Phú Nhuận ) ✅𝗚𝗼́𝗽 𝗡𝗴𝗮̂𝗻 𝗛𝗮̀𝗻𝗴 : Đưa 20% ae giữ Cavet ✅𝗖𝗮̀ 𝗧𝗵𝗲̉ - 𝗚𝗼́𝗽: Cà thẻ ,chuyển đổi trả góp ✅𝗕𝗮𝗼 𝗤𝘂𝗮𝘆 Đ𝗮̂̀𝘂 : Từ 20% theo giá thị trường ✅𝗠𝘂𝗮 𝗕𝗮́𝗻 𝗧𝗿𝗮𝗼 Đ𝗼̂̉𝗶 𝗫𝗲 𝗫𝗮̆𝗻𝗴, 𝗫𝗲 Đ𝗶𝗲̣̂𝗻 𝗧𝗮̣̂𝗻 𝗡𝗵𝗮̀ 𝗖𝗧𝗬 𝗣𝗜𝗡𝗞 : 𝙓𝙀 Đ𝙄𝙀̣̂𝙉 𝙎𝘼̆̃𝙉 𝘼𝙋𝙋 - 𝗡𝗔̣̂𝗨 𝗫𝗢̛́ Đ𝗨̛𝗔 𝟲 𝗖𝗨̉ 🏠𝟭𝟳𝟴 𝗧𝗮̂𝗻 𝗧𝗵𝗼̛́𝗶 𝗛𝗶𝗲̣̂𝗽 𝟮𝟭 - 𝗤.𝟭𝟮 - 𝗛𝗖𝗠 🏠𝟮𝟴𝟴 𝗧𝗿𝘂̛𝗼̛̀𝗻𝗴 𝗖𝗵𝗶𝗻𝗵 - 𝗤𝘂𝗮̣̂𝗻 𝟭𝟮 - 𝗛𝗖𝗠 🏠𝟳𝟵 𝗛𝗼𝗮̀𝗻𝗴 𝗩𝗮̆𝗻 𝗧𝗵𝘂̣ - 𝗣𝗵𝘂́ 𝗡𝗵𝘂𝗮̣̂𝗻 - 𝗛𝗖𝗠","Quận 12, Tp Hồ Chí Minh",Đã sử dụng,Xe máy điện,Unknown,2024,23000,22900000,Used,Hồ Chí Minh,2024.0,23000.0
1450,https://xe.chotot.com/mua-ban-xe-may/132878505.htm,2026-06-09 14:56:04,xe_may_dien,✅Pink Metro✅Feliz2025 odo 5k Xe Máy Điện,31900000,Pink Ev Premium Q12 Metro,"Fb - Tiktok : Nguyen Minh Long Pink Dragon ==================📌📌📌================== Feliz2025 Quảng Ngãi 9 Chủ Bao Ký - 2 pin mua 2.4kw - Odo : 5.000km - Dàn áo leng keng 98% đẹp - Ốc tán keng 98% màu - Bảo hành Vinfast toàn quốc 2031 ❤️Xe keng 98% so với xe New 🏠𝟭𝟳𝟴 𝗧𝗮̂𝗻 𝗧𝗵𝗼̛́𝗶 𝗛𝗶𝗲̣̂𝗽 𝟮𝟭 - 𝗤.𝟭𝟮 - 𝗛𝗖𝗠 ❤️Mợ Ấu đưa 5củ gốp ko lẽ sức 9 tháng ❤️Mợ Ấu đưa 50% Ko xác minh nhà ở ❤️Mợ Ấu đưa 80% ko phí hồ sơ lẽ sức ❤️Tặng 12 tháng xe hư đưa xe khác dùng ❤️Tặng đổi pin đi liền ko chờ sạc nhiều ở 8 đến 12 cơ sở ở Sài Gòn ( Ở Quận 4 -6 -8 -12 , Tân Bình, Bình Tân, Tân Phú, Thủ Đức, Phú Nhuận ) ✅𝗚𝗼́𝗽 𝗡𝗴𝗮̂𝗻 𝗛𝗮̀𝗻𝗴 : Đưa 20% ae giữ Cavet ✅𝗖𝗮̀ 𝗧𝗵𝗲̉ - 𝗚𝗼́𝗽: Cà thẻ ,chuyển đổi trả góp ✅𝗕𝗮𝗼 𝗤𝘂𝗮𝘆 Đ𝗮̂̀𝘂 : Từ 20% theo giá thị trường ✅𝗠𝘂𝗮 𝗕𝗮́𝗻 𝗧𝗿𝗮𝗼 Đ𝗼̂̉𝗶 𝗫𝗲 𝗫𝗮̆𝗻𝗴, 𝗫𝗲 Đ𝗶𝗲̣̂𝗻 𝗧𝗮̣̂𝗻 𝗡𝗵𝗮̀ 𝗖𝗧𝗬 𝗣𝗜𝗡𝗞 : 𝙓𝙀 Đ𝙄𝙀̣̂𝙉 𝙎𝘼̆̃𝙉 𝘼𝙋𝙋 - 𝗡𝗔̣̂𝗨 𝗫𝗢̛́ Đ𝗨̛𝗔 𝟲 𝗖𝗨̉ 🏠𝟭𝟳𝟴 𝗧𝗮̂𝗻 𝗧𝗵𝗼̛́𝗶 𝗛𝗶𝗲̣̂𝗽 𝟮𝟭 - 𝗤.𝟭𝟮 - 𝗛𝗖𝗠 🏠𝟮𝟴𝟴 𝗧𝗿𝘂̛𝗼̛̀𝗻𝗴 𝗖𝗵𝗶𝗻𝗵 - 𝗤𝘂𝗮̣̂𝗻 𝟭𝟮 - 𝗛𝗖𝗠 🏠𝟳𝟵 𝗛𝗼𝗮̀𝗻𝗴 𝗩𝗮̆𝗻 𝗧𝗵𝘂̣ - 𝗣𝗵𝘂́ 𝗡𝗵𝘂𝗮̣̂𝗻 - 𝗛𝗖𝗠","Quận 12, Tp Hồ Chí Minh",Đã sử dụng,Xe máy điện,Unknown,2025,5000,31900000,Used,Hồ Chí Minh,2025.0,5000.0
1451,https://xe.chotot.com/mua-ban-xe-may/132878067.htm,2026-06-09 14:38:59,xe_may_dien,Xe máy điện VinFast Feliz 2025 Đen,33000000,Nguyễn Anh Tuấn,"👉 Feliz 2025 2pin biển 65 👉 Xe đen odo mới 5k km 👉 Giấy tờ đầy đủ còn bảo hành 👉 Sẵn phuộc x1r dây sạc song song 👉 Bao nằm hãng 3 tháng 👉 3x công chứng liền tay 👉 Hỗ trợ đăng kí xanhsm platform tại chỗ 👉 Hỗ trợ góp tín dụng, góp tay đôi bao nợ xấu (Không xác minh) 📣 EM VẪN ĐANG CẦN THU XE VINFAST ĐÃ QUA SỬ DỤNG Ở SG, LÂM ĐỒNG, MIỀN TÂY VÀ LÂN CẬN LH : *** 111/87 Đặng Thuỳ Trâm Phường Bình Lợi Trung TP HCM","Quận Bình Thạnh, Tp Hồ Chí Minh",Đã sử dụng,Xe máy điện,Unknown,2025,5000,33000000,Used,Hồ Chí Minh,2025.0,5000.0
1452,https://xe.chotot.com/mua-ban-xe-may/132158248.htm,2026-06-09 14:30:10,xe_may_dien,Xe máy điện Datbike Quantum S0 2024 Cam đen,37900000,Nguyễn Trí,"Datbike Quantum S0 2024 Xe chính chủ, đã đi 51.000km. Bảo hành pin 8 năm hoặc 49.000km còn lại, xe đi còn ngon bốc, các cell pin vẫn đều nhau không bị lệch, sạc đầy chạy thực tế được 230km/1 lần sạc, cấu hình ngang bằng với Quantum S1 động cơ 7000W. Xe chạy đường dài đầm và dáng ngồi cao thoải mái hơn nhiều so với con Datbike Era lùn tịt. Xe mình dùng để đi lại hằng ngày lâu dài nên không hề có ý định bán gấp bán rẻ nhé, nên đừng ép giá mình. Lúc mua mới 57tr. Giờ bán lại Giá chốt 37tr9","Thành phố Thủ Đức, Tp Hồ Chí Minh",Đã sử dụng,Xe máy điện,Unknown,2024,51000,37900000,Used,Hồ Chí Minh,2024.0,51000.0
1453,https://xe.chotot.com/mua-ban-xe-may/132877534.htm,2026-06-09 14:17:29,xe_may_dien,Xe máy điện VinFast Evogrand 2026 Đỏ,22000000,Nguyễn Anh Tuấn,"👉 Cọp Evogrand 2026 biển 66 👉 Xe màu đỏ không 1 vết muỗi đốt 👉 odo cực lướt 3k km 👉 Giấy tờ đầy đủ còn bảo hành 7 năm 👉 Xe kèm kính chắn gió và dán nhựa nhám 👉 Bao nằm hãng 2 tháng 👉 22tr công chứng liền tay 👉 Hỗ trợ đăng kí xanhsm platform tại chỗ 👉 Hỗ trợ góp tín dụng, góp tay đôi bao nợ xấu (Không xác minh) 📣 EM VẪN ĐANG CẦN THU XE VINFAST ĐÃ QUA SỬ DỤNG Ở SG, LÂM ĐỒNG, MIỀN TÂY VÀ LÂN CẬN LH : *** 111/87 Đặng Thuỳ Trâm Phường Bình Lợi Trung TP HCM","Quận Bình Thạnh, Tp Hồ Chí Minh",Đã sử dụng,Xe máy điện,Unknown,2025,3000,22000000,Used,Hồ Chí Minh,2025.0,3000.0
1454,https://xe.chotot.com/mua-ban-xe-may/132877508.htm,2026-06-09 14:16:02,xe_may_dien,Xe máy điện Vento Neo Xám,34500000,Mua xe  Điện Giá Tốt Sài Gòn,Vento neo nhà giàu vô đô chơi đẹp odo 11k biến sg chính chủ ký giá 34tr5 Lh *** #xedienluotsaigon #xecu #vento,"Quận Tân Phú, Tp Hồ Chí Minh",Đã sử dụng,Xe máy điện,Unknown,2025,11000,34500000,Used,Hồ Chí Minh,2025.0,11000.0
1455,https://xe.chotot.com/mua-ban-xe-may/132831274.htm,2026-06-09 13:52:23,xe_may_dien,Xe máy điện VinFast VeroX 2026 Xanh,30000000,Nguyễn Quốc Thắng,"Xe máy điện VinFast VeroX màu xanh oliu, năm 2026, mới đi gần 400 km, kèm 1 pin 2.4kw, chạy được 80km/ lần sạc.","Quận Gò Vấp, Tp Hồ Chí Minh",Đã sử dụng,Xe máy điện,Unknown,2025,400,30000000,Used,Hồ Chí Minh,2025.0,400.0
1456,https://xe.chotot.com/mua-ban-xe-may/132876119.htm,2026-06-09 13:05:42,xe_may_dien,Feliz 2025 xanh oliu,31000000,Minh Đăng,👉 Feliz 2025 Siêu Hot Về Đc Vài Xe 👉 Odo lướt chỉ 3.000km đẹp như mới 👉 Sẵn 2 Pin cho ae chạy xa liên tục ko sạc 👉 Sạc đầy 1 lần đi 150km thoải mái 👉 Chính Chủ Ký Công Chứng 💰💰 Giá chỉ 31triệu 🛎️ Hỗ Trợ Góp Nợ Xấu Bao Đậu Đưa Trước 30% nhận xe ☎️📞Gọi Trực Tiếp ***✅ Kết Bạn Zalo Em ☎️ *** 🛎️ Thu Mua Tất Cả Các Dòng Xe điện Cũ 🚀 Khu vực Tphcm và các tỉnh miền Tây lân cận ( Cà mau em cũng tiếp ✅ ),"Quận Tân Phú, Tp Hồ Chí Minh",Đã sử dụng,Xe máy điện,Unknown,2025,3000,31000000,Used,Hồ Chí Minh,2025.0,3000.0
1457,https://xe.chotot.com/mua-ban-xe-may/132876101.htm,2026-06-09 13:04:54,xe_may_dien,Xe máy điện VinFast Feliz S Bạc 2024,26500000,PHẠM TUẤN MUA BÁN XE ĐIỆN,Feliz s luôn pin 2024 odo24k km chính chủ Giá 26tr5,"Quận Tân Phú, Tp Hồ Chí Minh",Đã sử dụng,Xe máy điện,Unknown,2024,24000,26500000,Used,Hồ Chí Minh,2024.0,24000.0
1458,https://xe.chotot.com/mua-ban-xe-may/131610485.htm,2026-06-09 13:04:22,xe_may_dien,Xe máy điện VinFast EVO Lite Neo,2200000,Lê Huy,"Xe máy điện VinFast EVO Lite Neo màu trắng, thiết kế hiện đại, phù hợp cả nam và nữ. - ZÁ GÓP . BAO NỢ XẤU . KHÔNG QUA NGÂN HÀNG - Xe vận hành êm ái, tiết kiệm năng lượng. - Trang bị nhiều tính năng thông minh. - Dễ dàng di chuyển trong đô thị.","Thành phố Thủ Đức, Tp Hồ Chí Minh",Mới,Xe máy điện,Unknown,2025,,2200000,New,Hồ Chí Minh,2025.0,
1459,https://xe.chotot.com/mua-ban-xe-may/132691623.htm,2026-06-09 12:58:10,xe_may_dien,Xe máy điện VinFast Evo200 Lite Trắng,20500000,PHẠM TUẤN MUA BÁN XE ĐIỆN,Evo200 Lite biển MD odo 20k Màu trắng siêu đẹp Zá 20tr5 Mua xe điện cũ giá cao thu xăng đổi điện,"Quận Tân Phú, Tp Hồ Chí Minh",Đã sử dụng,Xe máy điện,Unknown,2023,20000,20500000,Used,Hồ Chí Minh,2023.0,20000.0
1460,https://xe.chotot.com/mua-ban-xe-may/132875687.htm,2026-06-09 12:41:57,xe_may_dien,Xe máy điện Datbike Quantum S2 Đen,38500000,Quý Minh Xe Điện,Datbike Quantum S2 biển SG chính chủ Odo lướt 9000km lenkeng như mới Zá 38.5tr Call📞*** Minh Khờ,"Quận Tân Phú, Tp Hồ Chí Minh",Đã sử dụng,Xe máy điện,Unknown,2024,9000,38500000,Used,Hồ Chí Minh,2024.0,9000.0
1461,https://xe.chotot.com/mua-ban-xe-may/132875646.htm,2026-06-09 12:39:11,xe_may_dien,Feliz II Đỏ đen đổi pin,23000000,Minh Đăng,"👉 Feliz II Dòng đổi pin tại trụ 👉 Odo lướt đúng 1.000km đẹp ko tùy vết 👉 Màu phối đỏ đen Sporty Zin Chính Hãng 👉 Dky 2026 Bảo Hành Chính Hãng 8năm 👉 Biển 47 Chính Chủ Ký Công Chứng 💰💰💰 Giá 23triệu 🛎️ Hỗ Trợ Góp Nợ Xấu Bao Đậu Đưa Trước 30% nhận xe 📍 Xem xe tại 244 Thoại Ngọc Thầu P. Phú Thạnh , Quận Tân Phú , TPHCM ☎️📞📞 Gọi Trực Tiếp ***✅ ❗️ Kết Bạn Zalo Em ☎️ *** 🛎️ Thu Mua Tất Cả Các Dòng Xe điện Cũ 🚀 Khu vực Tphcm và các tỉnh miền Tây lân cận ( Cà mau em cũng tiếp ✅ )","Quận Tân Phú, Tp Hồ Chí Minh",Đã sử dụng,Xe máy điện,Unknown,2025,1000,23000000,Used,Hồ Chí Minh,2025.0,1000.0
1462,https://xe.chotot.com/mua-ban-xe-may/132862833.htm,2026-06-09 12:15:04,xe_may_dien,🩷Pink An Sương🩷Quantum S3 odo 10k Xe Máy Điện,35900000,Pink Ev Premium An Sương ,"Fb - Tiktok : Nguyen Minh Long Pink Dragon ==================📌📌📌================== DatbikeS3 Trắng - 1 Lần Sạc 180km Bstp Chính Chủ Công Chứng - Odo 10 ngàn cây - Dàn áo keng ko trầy 99% - Ốc tán 7 màu keng 99% - Còn đủ phụ kiện theo xe - Bộ nhông sên dĩa recto + cảng sau - Gói bảo hành Pin 10 năm ❤️Xe keng 99% so với xe new 🏠𝟮𝟴𝟴 𝗧𝗿𝘂̛𝗼̛̀𝗻𝗴 𝗖𝗵𝗶𝗻𝗵 - 𝗤𝘂𝗮̣̂𝗻 𝟭𝟮 - 𝗛𝗖𝗠 ❤️Mợ Ấu đưa 5củ gốp ko lẽ sức 9 tháng ❤️Mợ Ấu đưa 50% Ko xác minh nhà ở ❤️Mợ Ấu đưa 80% ko phí hồ sơ lẽ sức ❤️Tặng 12 tháng xe hư đưa xe khác dùng ❤️Tặng đổi pin đi liền ko chờ sạc nhiều ở 8 đến 12 cơ sở ở Sài Gòn ( Ở Quận 4 -6 -8 -12 , Tân Bình, Bình Tân, Tân Phú, Thủ Đức, Phú Nhuận ) ✅𝗚𝗼́𝗽 𝗡𝗴𝗮̂𝗻 𝗛𝗮̀𝗻𝗴 : Đưa 20% ae giữ Cavet ✅𝗖𝗮̀ 𝗧𝗵𝗲̉ - 𝗚𝗼́𝗽: Cà thẻ ,chuyển đổi trả góp ✅𝗕𝗮𝗼 𝗤𝘂𝗮𝘆 Đ𝗮̂̀𝘂 : Từ 20% theo giá thị trường ✅𝗠𝘂𝗮 𝗕𝗮́𝗻 𝗧𝗿𝗮𝗼 Đ𝗼̂̉𝗶 𝗫𝗲 𝗫𝗮̆𝗻𝗴, 𝗫𝗲 Đ𝗶𝗲̣̂𝗻 𝗧𝗮̣̂𝗻 𝗡𝗵𝗮̀ 𝗖𝗧𝗬 𝗣𝗜𝗡𝗞 : 𝙓𝙀 Đ𝙄𝙀̣̂𝙉 𝙎𝘼̆̃𝙉 𝘼𝙋𝙋 - 𝗡𝗔̣̂𝗨 𝗫𝗢̛́ Đ𝗨̛𝗔 𝟲 𝗖𝗨̉ 🏠𝟭𝟳𝟴 𝗧𝗮̂𝗻 𝗧𝗵𝗼̛́𝗶 𝗛𝗶𝗲̣̂𝗽 𝟮𝟭 - 𝗤.𝟭𝟮 - 𝗛𝗖𝗠 🏠𝟮𝟴𝟴 𝗧𝗿𝘂̛𝗼̛̀𝗻𝗴 𝗖𝗵𝗶𝗻𝗵 - 𝗤𝘂𝗮̣̂𝗻 𝟭𝟮 - 𝗛𝗖𝗠 🏠𝟳𝟵 𝗛𝗼𝗮̀𝗻𝗴 𝗩𝗮̆𝗻 𝗧𝗵𝘂̣ - 𝗣𝗵𝘂́ 𝗡𝗵𝘂𝗮̣̂𝗻 - 𝗛𝗖𝗠","Quận 12, Tp Hồ Chí Minh",Đã sử dụng,Xe máy điện,Unknown,2025,10000,35900000,Used,Hồ Chí Minh,2025.0,10000.0
1463,https://xe.chotot.com/mua-ban-xe-may/132870903.htm,2026-06-09 09:35:27,xe_may_dien,Xe máy điện VinFast Evo Grand 2026 Trắng,26500000,Dung,"Evo Grand 2026 2 pin đã lên nệm kymdan Nhiều đồ chơi theo xe Giá 26.5 tr chính chủ bstp Hỗ trợ trả góp, bao no xấu 🏠Xem trực tiếp quận bình tân 📞Dung: *** Tư Vấn Nhanh ZALO: ***","Quận Bình Tân, Tp Hồ Chí Minh",Đã sử dụng,Xe máy điện,Unknown,2025,34,26500000,Used,Hồ Chí Minh,2025.0,34.0
1464,https://xe.chotot.com/mua-ban-xe-may/132870542.htm,2026-06-09 09:19:46,xe_may_dien,Xe điện Dibao Pansy 2019 Trắng,7600000,Huylam,Xe điện dibao pansy nhập khẩu đẹp như mới 🔥 Xả vespa dibao trắng mix hồng 7tr600 ( có thương lượng ) 🔥 🛵 đủ biển đăng ký 2019🛵 ♻️ Bình lướt đi 50km ♻️ 🚚 ship toàn quốc - nhanh chóng 🛫 🎁 tặng sạc - khoá chống trộm thông minh ☎️ ***( có bảo hành ) ⚡️Xe Điện huy lâm⚡️ 🏢389 đội cấn - ba đình,"Quận Ba Đình, Hà Nội",Đã sử dụng,Xe máy điện,Unknown,2019,50,7600000,Used,Hà Nội,2019.0,50.0
1465,https://xe.chotot.com/mua-ban-xe-may/131619652.htm,2026-06-09 08:27:42,xe_may_dien,Xe máy điện VinFast Feliz Neo MỚI 100%-GÓP TẠI NHÀ,6900000,Bích Điện Máy Trả Góp ,🔥 XE MÁY ĐIỆN TRẢ GÓP – KHÔNG CẦN TRẢ TRƯỚC – NHẬN XE NGAY TRONG NGÀY 🔥 🔹Bảo hành máy móc 24 tháng 🔹Hỗ trợ góp trực tiếp CH - BAO NỢ XẤU - 👉GIAO HÀNG TẬN NHÀ 👉Khu Vực TP. Hồ Chí Minh - Đồng Nai - Tây Ninh - Long An - Bình Dương,"Quận Bình Thạnh, Tp Hồ Chí Minh",Mới,Xe máy điện,Unknown,2025,,6900000,New,Hồ Chí Minh,2025.0,
1466,https://xe.chotot.com/mua-ban-xe-may/131661490.htm,2026-06-09 08:26:23,xe_may_dien,Xe máy điện VinFast Evo Lite Neo MỚI 100% _GÓP NHẸ,6500000,Bích Điện Máy Trả Góp ,"XE MÁY ĐIỆN TRẢ GÓP KHÔNG CẦN TRẢ TRƯỚC - BAO NỢ XẤU 👉 Duyệt nhanh – Nhận máy liền trong ngày 👉 Không cần trả trước đổi với nhà chính chủ 👉 Hỗ trợ tại nhà - góp linh hoạt tuần/tháng 👉 Nhà thuê, chính chủ, công nhân.. đều hỗ trợ 👉Khu Vực TP. Hồ Chí Minh - Đồng Nai - Tây Ninh - Long An - Bình Dương","Quận 12, Tp Hồ Chí Minh",Mới,Xe máy điện,Unknown,2026,,6500000,New,Hồ Chí Minh,2026.0,
1467,https://xe.chotot.com/mua-ban-xe-may/132330445.htm,2026-06-09 08:10:32,xe_may_dien,BÁN XE ĐIỆN CŨ :JVC G9 Giá:6tr900 bình khỏe 30,6900000,XE ĐIỆN HUY BẢO ,"BÁN XE ĐIỆN CŨ :JVC G9 Giá:6tr900 bình khỏe 30/35km/1 lần sạc ,Xem xe Cầu Vượt Sóng Thần ,QL 1A. Lh :*** Nhận trao đổi xe điện cũ.","Thành phố Dĩ An, Bình Dương",Đã sử dụng,Xe máy điện,Unknown,2025,9874,6900000,Used,Bình Dương,2025.0,9874.0
1468,https://xe.chotot.com/mua-ban-xe-may/132868454.htm,2026-06-09 07:12:36,xe_may_dien,Xe máy điện VinFast Evo Grand Trắng,26500000,Thien Voong,"Cần bán evo grand 2 pin , 3/2026, bstp đã ủy quyền lần 2 . òdo 6k Xe đã lên MCu feliz 2025 phuộc x1r Heo RD cánh gió. Xe chạy bao sướng vì xe dùng chứ không phải cò lái . còn giữ đồ zin phuộc heo dây đĩa. do đổi xe mua xe đổi pin cho tiện chạy dịch vụ. giá mong muốn 26tr5 .","Quận Tân Phú, Tp Hồ Chí Minh",Đã sử dụng,Xe máy điện,Unknown,2026,6000,26500000,Used,Hồ Chí Minh,2026.0,6000.0
1469,https://xe.chotot.com/mua-ban-xe-may/132868379.htm,2026-06-09 07:05:41,xe_may_dien,Xe máy điện Before All Napoli S 2.0 Trắng hồng,17999999,Minh Quang,"Xe máy điện Before All Napoli S 2.0 màu trắng hồng, thiết kế trẻ trung, phù hợp cả nam và nữ. - Xe vận hành êm ái, tiết kiệm năng lượng. - Kiểu dáng nhỏ gọn, dễ di chuyển trong phố. - Trang bị đầy đủ tiện ích.","Thành phố Thủ Đức, Tp Hồ Chí Minh",Mới,Xe máy điện,Unknown,2025,,17999999,New,Hồ Chí Minh,2025.0,
1470,https://xe.chotot.com/mua-ban-xe-may/131042615.htm,2026-06-09 07:02:16,xe_may_dien,Wave A trắng giấy tờ đầy đủ. Máy bao êm. đề nhẹ nổ,3900000,Danh,"Cần bán xe wave máy móc bao êm. Hệ thống điện vẫn còn hoạt động bình thường. Giấy tờ đầy đủ hợp lệ. Giá sinh viên còn fit cho bạn nào có thiện chí đến mua xe. Xe mới như hình, chạy rất lợi xăng. Có giao lưu trao đổi xe khác.","Quận 12, Tp Hồ Chí Minh",Đã sử dụng,Xe máy điện,Unknown,2019,30,3900000,Used,Hồ Chí Minh,2019.0,30.0
1471,https://xe.chotot.com/mua-ban-xe-may/131648540.htm,2026-06-08 19:39:00,xe_may_dien,Xe máy điện NEWTECH MĐ1 Đỏ,17200000,Hồ,Xe máy điện PEGA NEWTECH bs MĐ1 không cần bằng láy. Xe đi pin 72-30ah đi đc 80-90km/ lần sạc. Không lấy pin bớt 4.2 triệu. Xe có loa bluetooth cảm giác chạy đầm ấp chắc chắn. Khung bệ chưa mụt mọt. Bao tranh chấp,"Huyện Củ Chi, Tp Hồ Chí Minh",Đã sử dụng,Xe máy điện,Unknown,2019,10000,17200000,Used,Hồ Chí Minh,2019.0,10000.0
1472,https://xe.chotot.com/mua-ban-xe-may/132625743.htm,2026-06-08 17:22:24,xe_may_dien,Xe điện eMobike-R1 Xanh dương,3500000,son,"Xe điện eMobike-R1 màu xanh dương, thiết kế hiện đại, vận hành êm ái. - Tiết kiệm năng lượng, thân thiện môi trường. - Phù hợp di chuyển trong thành phố.","Thành phố Dĩ An, Bình Dương",Đã sử dụng,Xe máy điện,Unknown,2024,1280,3500000,Used,Bình Dương,2024.0,1280.0
1473,https://xe.chotot.com/mua-ban-xe-may/132861340.htm,2026-06-08 16:42:35,xe_may_dien,Feliz S 2024 Bạc luôn pin,26500000,Mua xe  Điện Giá Tốt Sài Gòn,Feliz s luôn pin 2024 odo24k km chính chủ Xe đẹp keng Thua xăng đổi điện,"Quận Tân Phú, Tp Hồ Chí Minh",Đã sử dụng,Xe máy điện,Unknown,2024,24000,26500000,Used,Hồ Chí Minh,2024.0,24000.0
1474,https://xe.chotot.com/mua-ban-xe-may/132861292.htm,2026-06-08 16:40:07,xe_may_dien,Xe máy điện Yadea E3 Trắng,11500000,Nguyễn Trung Dũng,"Xe máy điện Yadea E3 màu trắng, thiết kế nhỏ gọn, phù hợp di chuyển trong phố. - Động cơ mạnh mẽ, vận hành êm ái. - Quãng đường di chuyển tốt. - Tiết kiệm chi phí.","Thành phố Buôn Ma Thuột, Đắk Lắk",Đã sử dụng,Xe máy điện,Unknown,2022,6400,11500000,Used,Đắk Lắk,2022.0,6400.0
1475,https://xe.chotot.com/mua-ban-xe-may/132861206.htm,2026-06-08 16:36:02,xe_may_dien,Xe máy điện DATBIKE S2 Đen,46900000,Kiệt Xe Điện 3sGo,"DATBIKE S2 6/2026 Bstp bao công chứng - Xe chạy từ hãng về 8km - 1 pin mua sạc đầy đi 285km - Xe đẹp keng 99.99%. - Còn đủ phụ kiện theo xe ❤️Xe keng 99% so với xe new #Giá_46tr9 ( Đưa 14tr7 Lấy Xe) Giao lưu xe, Tài sản giá trị Ko Phát Sinh Ko Thẩm Định Nhà ☎️/𝗭𝗮𝗹𝗼 : *** - 𝙏𝙪̛ 𝙑𝙖̂́𝙣 𝟮𝟰/𝟳 🏠 𝟳𝟵 𝙃𝙤𝙖̀𝙣𝙜 𝙑𝙖̆𝙣 𝙏𝙝𝙪̣ - 𝙋𝙝𝙪́ 𝙉𝙝𝙪𝙖̣̂𝙣 - 𝗛𝗖𝗠 ❤️Mợ Ấu đưa 5củ gốp ko lẽ sức 9 tháng ❤️Mợ Ấu đưa 50% Ko xác minh nhà ở ❤️Mợ Ấu đưa 80% ko phí hồ sơ lẽ sức ❤️Tặng 12 tháng xe hư đưa xe khác dùng ❤️Tặng đổi pin đi liền ko chờ sạc nhiều ở 8 đến 12 cơ sở ở Sài Gòn ( Ở Quận 4 -6 -8 -12 , Tân Bình, Bình Tân, Tân Phú, Thủ Đức, Phú Nhuận )","Quận Phú Nhuận, Tp Hồ Chí Minh",Đã sử dụng,Xe máy điện,Unknown,2026,8,46900000,Used,Hồ Chí Minh,2026.0,8.0
1476,https://xe.chotot.com/mua-ban-xe-may/132839983.htm,2026-06-08 15:44:04,xe_may_dien,Xe máy điện DK Bike Feliz 2025 Xanh Oliu,35900000,Kiệt Xe Điện 3sGo,"#Feliz2025 DK 2026 Xanh Oliu - 2 Pin Mua Bstp Chính Chủ Công Chứng 🌏Xem thêm : *** - Odo lướt - Dàn áo keng ko trầy 99% - Óc tán 7 màu keng 99% - Còn đủ phụ kiện theo xe ❤️Xe keng 99% so với xe new #Giá_35tr9 - Nậu Xớ 11tr400 Lấy Xe Ko Xác Minh ☎️/𝗭𝗮𝗹𝗼 : *** - 𝙏𝙪̛ 𝙑𝙖̂́𝙣 𝟮𝟰/𝟳 🏠 𝟮𝟴𝟴 𝗧𝗿𝘂̛𝗼̛̀𝗻𝗴 𝗖𝗵𝗶𝗻𝗵 - 𝗤𝘂𝗮̣̂𝗻 𝟭𝟮 - 𝗛𝗖𝗠 ❤️Mợ Ấu đưa 5củ gốp ko lẽ sức 9 tháng ❤️Mợ Ấu đưa 30% (9tr) Ko xác minh nhà ở ❤️Mợ Ấu đưa 50% Ko xác minh nhà ở ❤️Mợ Ấu đưa 80% ko phí hồ sơ lẽ sức ❤️Tặng 12 tháng xe hư đưa xe khác dùng ❤️Tặng đổi pin đi liền ko chờ sạc nhiều ở 8 đến 12 cơ sở ở Sài Gòn ( Ở Quận 4 -6 -8 -12 , Tân Bình, Bình Tân, Tân Phú, Thủ Đức, Phú Nhuận ) 𝗖𝗧𝗬 𝗣𝗜𝗡𝗞: 𝙓𝙀 Đ𝙄Ệ𝙉 𝙎Ẵ𝙉 𝘼𝙋𝙋 - 𝗡Ậ𝗨 𝗫Ớ Đ𝗨̛𝗔 𝟲𝗖Ủ ☎️/𝗛𝗼𝘁𝗹𝗶𝗻𝗲 : *** #𝗟𝗼𝗻𝗴𝗣𝗶𝗻𝗸 🏠𝟮𝟴𝟴 𝗧r𝘂̛𝗼̛̀𝗻𝗴 𝗖𝗵𝗶𝗻𝗵 - 𝗤𝘂𝗮̣̂𝗻 𝟭𝟮 - 𝗛𝗖𝗠 🏠𝟭𝟳𝟴 𝗧𝗮̂𝗻 𝗧𝗵𝗼̛́𝗶 𝗛𝗶𝗲̣̂𝗽 𝟮𝟭 - 𝗤𝘂𝗮̣̂𝗻 𝟭𝟮 - 𝗛𝗖𝗠 🏠 𝟳𝟵 𝗛𝗼𝗮̀𝗻𝗴 𝗩𝗮̆𝗻 𝗧𝗵𝘂̣ - 𝗣𝗵𝘂́ 𝗡𝗵𝘂𝗮̣̂𝗻 - 𝗛𝗖𝗠","Quận 12, Tp Hồ Chí Minh",Đã sử dụng,Xe máy điện,Unknown,2025,0,35900000,Used,Hồ Chí Minh,2025.0,0.0
1477,https://xe.chotot.com/mua-ban-xe-may/131719648.htm,2026-06-08 15:12:33,xe_may_dien,Xe máy điện Evo Grand Lite - Góp Tư Nhân,1800000,Lê Hiếu Điện Máy Trả Góp,"Xe máy điện VinFast EVO màu trắng, thiết kế hiện đại, phù hợp cho cả nam và nữ. - ZÁ GÓP THÁNG - BAO NỢ XẤU - K QUA NGÂN HÀNG - Động cơ mạnh mẽ, vận hành êm ái. - Quãng đường di chuyển xa, sạc nhanh. - Tiết kiệm chi phí, bảo vệ môi trường.","Quận 10, Tp Hồ Chí Minh",Mới,Xe máy điện,Unknown,2026,,1800000,New,Hồ Chí Minh,2026.0,
1478,https://xe.chotot.com/mua-ban-xe-may/132774896.htm,2026-06-08 15:07:05,xe_may_dien,Vento Neo xanh porches odo 10k,31500000,Mua xe  Điện Giá Tốt Sài Gòn,Vento neo odo 10k xe đẹp keng chính chủ ký Dòng pin 3.5 1 lần sạc đi 100km rất ngon,"Quận Tân Phú, Tp Hồ Chí Minh",Đã sử dụng,Xe máy điện,Unknown,2025,0,31500000,Used,Hồ Chí Minh,2025.0,0.0
1479,https://xe.chotot.com/mua-ban-xe-may/132858775.htm,2026-06-08 14:58:21,xe_may_dien,Datbike QuanTumS2 Đen,38500000,Minh Đăng,Datbike QuanTumS2 Odo lướt 9.900km đẹp như mới Sạc đầy đi 250km thoải mái Biển Sài Gòn Chính Chủ Ký công chứng Kết bạn zalo nha mọi người,"Quận Tân Phú, Tp Hồ Chí Minh",Đã sử dụng,Xe máy điện,Unknown,2025,9900,38500000,Used,Hồ Chí Minh,2025.0,9900.0
1480,https://xe.chotot.com/mua-ban-xe-may/132796179.htm,2026-06-08 14:45:01,xe_may_dien,Xe máy điện VinFast ZE Nhiều màu,16716000,Hoài Phương,"ƯU ĐÃI GIẢM 16% CHO DÒNG XE KHÔNG CẦN BẰNG LÁI 🔥🔥🔥 Chỉ còn 16tr716 ☘️ VINFAST PHAN TRỌNG TUỆ ☘️ 📍 27 đường 2/9, p. Hoà Cường, Tp. Đà Nẵng 📞 *** (bé Phương)","Quận Hải Châu, Đà Nẵng",Mới,Xe máy điện,Unknown,2026,,16716000,New,Đà Nẵng,2026.0,
1481,https://xe.chotot.com/mua-ban-xe-may/132835933.htm,2026-06-08 14:27:01,xe_may_dien,Xe máy điện Vinfast Theon S 2026,52000000,Trường Giang Phạm,"🔥🔥🔥 Xe điện Vinfast Theon S 2026 phanh ABS siêu lướt 4000km ae ơi G.i.á 52 triệu cho ae có nhu cầu #xemaytruonggiang 154 ngõ 553 Giải Phóng , Giáp Bát , Hoàng Mai , Hà Nội","Quận Hoàng Mai, Hà Nội",Đã sử dụng,Xe máy điện,Unknown,2026,4000,52000000,Used,Hà Nội,2026.0,4000.0
1482,https://xe.chotot.com/mua-ban-xe-may/132857559.htm,2026-06-08 14:11:22,xe_may_dien,Xe máy điện VinFast Feliz 2025 Trắng,34000000,võ phúc hau,"Xe 2 pin mua , odo 2xxx km như mới , có làm niệm kymdan , gù tay lái , dè bánh sau , làm phuộc trước + thay phuộc sau mới , remote chống trộm bấm mở tắt máy từ xa . Mình bán feliz 2025 2 pin mới mua t4 , odo 2xxx km đẹp như mơi , biển số tphcm chính chũ như sau : Đồ theo xe : 1 cặp phuộc sau zin mới chạy 350km , 2 sạc [ 1 sạc zin 400w +:1 sạc 1000w 2025 , 2 chìa cơ + 1 remote chống trộm . Giá : 34tr . AE NÀO THIỆN CHÍ BỚT CÒN 32T5 , CÔNG CHỨNG MUA BÁN SANG TÊN THOẢI MÁI xe hiện tại cầm trong tiệm rồi , xe đẹp như mới , miêu tả sau là nó như vậy , khu vực mình gò vấp ace có nhu cầu zalo : ***_Hậu , ko nhận cuộc gọi vì mình lái xe hơi ko bắt máy dc . Xe 2 pin mua , odo 2xxx km như mới , có làm niệm kymdan , gù tay lái , dè bánh sau , làm phuộc trước + thay phuộc sau mới , remote chống trộm bấm mở tắt máy từ xa","Quận Gò Vấp, Tp Hồ Chí Minh",Đã sử dụng,Xe máy điện,Unknown,2026,2400,34000000,Used,Hồ Chí Minh,2026.0,2400.0
1483,https://xe.chotot.com/mua-ban-xe-may/131374945.htm,2026-06-08 13:35:15,xe_may_dien,Xe máy điện VinFast Evo Grand trắng trả góp,3500000,THIỆN ĐIỆN MÁY TRẢ GÓP ,"🔥 XE MÁY ĐIỆN TRẢ GÓP – KHÔNG CẦN TRẢ TRƯỚC – NHẬN XE NGAY TRONG NGÀY 🔥 💥 Bạn đang cần xe đi làm – đi học mà chưa đủ tiền? 💥 Không muốn vay ngân hàng, sợ thủ tục rắc rối? 👉 GIẢI PHÁP SIÊU DỄ: TRẢ GÓP KHÔNG QUA NGÂN HÀNG 🚀 ƯU ĐIỂM NỔI BẬT: ✔ Không cần trả trước ✔ Không cần chứng minh thu nhập ✔ Không qua ngân hàng – không nợ xấu ✔ Duyệt nhanh trong ngày – có xe liền tay ✔ Góp nhẹ mỗi tuần hoặc mỗi tháng 🎯 PHÙ HỢP CHO: 🏠 Người thuê trọ 👷 Công nhân – lao động phổ thông 🎓 Sinh viên – người mới đi làm 👨‍👩‍👧 Gia đình cần xe tiết kiệm ⚡ XE MÁY ĐIỆN BÊN MÌNH: ✔ Nhiều mẫu đẹp – chạy êm – tiết kiệm điện ✔ Không cần xăng – chi phí cực thấp ✔ Bền bỉ – bảo hành rõ ràng ✔ Phù hợp đi làm, đi học, chạy gần 💸 THỦ TỤC SIÊU ĐƠN GIẢN: 👉 Chỉ cần CCCD photo 👉 Không cần người bảo lãnh 🔥 SỐ LƯỢNG CÓ HẠN – DUYỆT NHANH TRONG NGÀY Ai cần xe là có – không để khách chờ lâu!","Quận 12, Tp Hồ Chí Minh",Đã sử dụng,Xe máy điện,Unknown,2026,0,3500000,Used,Hồ Chí Minh,2026.0,0.0
1484,https://xe.chotot.com/mua-ban-xe-may/132856613.htm,2026-06-08 13:27:58,xe_may_dien,Xe máy điện VinFast bstp,9900000,Shop THOA XE ĐIỆN,"Xe máy điện VinFast Natio màu trắng, thiết kế hiện đại, phù hợp cả nam và nữ. - Động cơ mạnh mẽ, vận hành êm ái. - Tiết kiệm năng lượng, thân thiện môi trường. - Xe còn mới, ít sử dụng.","Quận Bình Tân, Tp Hồ Chí Minh",Đã sử dụng,Xe máy điện,Unknown,2025,30,9900000,Used,Hồ Chí Minh,2025.0,30.0
1485,https://xe.chotot.com/mua-ban-xe-may/132833402.htm,2026-06-08 13:21:36,xe_may_dien,Xe máy điện VinFast Impes Đỏ đen,8900000,Nghĩa Lê,"Xe máy điện VinFast Impes màu đỏ đen, thiết kế thể thao, phù hợp cả nam và nữ. - Xe chính chủ giao cà vẹt đầy đủ. - Động cơ mạnh mẽ, di chuyển êm ái. - Tiết kiệm chi phí, thân thiện môi trường.","Huyện Bình Chánh, Tp Hồ Chí Minh",Đã sử dụng,Xe máy điện,Unknown,2021,14000,8900000,Used,Hồ Chí Minh,2021.0,14000.0
1486,https://xe.chotot.com/mua-ban-xe-may/132705977.htm,2026-06-08 12:48:57,xe_may_dien,Xe máy điện VinFast Feliz 2025 Xanh oliu,32500000,PHẠM TUẤN MUA BÁN XE ĐIỆN,Feliz 2025 lun 2 pin + sạc Chính chủ ký . Xanh oliu xiu đẹp ken Zá 32tr500 Mua xe điện cũ giá cao . Thu xăng đổi điện...,"Quận Tân Phú, Tp Hồ Chí Minh",Đã sử dụng,Xe máy điện,Unknown,2025,3000,32500000,Used,Hồ Chí Minh,2025.0,3000.0
1487,https://xe.chotot.com/mua-ban-xe-may/132840010.htm,2026-06-08 12:42:03,xe_may_dien,Xe máy điện VinFast Feliz S Trắng Đã sử dụng,27900000,Kiệt Xe Điện 3sGo,"#FelizS Trắng , Bstp Chính Chủ Công Chứng 🌏Xem thêm : *** - Pin Mua - Dàn áo keng ko trầy 98% - Óc tán 7 màu keng 98% - Còn đủ phụ kiện theo xe ❤️Xe keng 98% so với xe new #Giá_27tr9 - Nậu Xớ 9tr Lấy Xe Ko Xác Minh Ko Thẩm Định Ko Phát Sinh Thêm ☎️/𝗭𝗮𝗹𝗼 : *** - 𝙏𝙪̛ 𝙑𝙖̂́𝙣 𝟮𝟰/𝟳 🏠 𝟮𝟴𝟴 𝗧𝗿𝘂̛𝗼̛̀𝗻𝗴 𝗖𝗵𝗶𝗻𝗵 - 𝗤𝘂𝗮̣̂𝗻 𝟭𝟮 - 𝗛𝗖𝗠 ❤️Mợ Ấu đưa 5củ gốp ko lẽ sức 9 tháng ❤️Mợ Ấu đưa 30% Ko xác minh nhà ở ❤️Mợ Ấu đưa 50% Ko xác minh nhà ở ❤️Mợ Ấu đưa 80% ko phí hồ sơ lẽ sức ❤️Tặng 12 tháng xe hư đưa xe khác dùng ❤️Tặng đổi pin đi liền ko chờ sạc nhiều ở 8 đến 12 cơ sở ở Sài Gòn ( Ở Quận 4 -6 -8 -12 , Tân Bình, Bình Tân, Tân Phú, Thủ Đức, Phú Nhuận ) 𝗖𝗧𝗬 𝗣𝗜𝗡𝗞: 𝙓𝙀 Đ𝙄Ệ𝙉 𝙎Ẵ𝙉 𝘼𝙋𝙋 - 𝗡Ậ𝗨 𝗫Ớ Đ𝗨̛𝗔 𝟲𝗖Ủ ☎️/𝗛𝗼𝘁𝗹𝗶𝗻𝗲: *** #𝗟𝗼𝗻𝗴𝗣𝗶𝗻𝗸 🏠𝟮𝟴𝟴 𝗧r𝘂̛𝗼̛̀𝗻𝗴 𝗖𝗵𝗶𝗻𝗵 - 𝗤𝘂𝗮̣̂𝗻 𝟭𝟮 - 𝗛𝗖𝗠 🏠𝟭𝟳𝟴 𝗧𝗮̂𝗻 𝗧𝗵𝗼̛́𝗶 𝗛𝗶𝗲̣̂𝗽 𝟮𝟭 - 𝗤𝘂𝗮̣̂𝗻 𝟭𝟮 - 𝗛𝗖𝗠 🏠 𝟳𝟵 𝗛𝗼𝗮̀𝗻𝗴 𝗩𝗮̆𝗻 𝗧𝗵𝘂̣ - 𝗣𝗵𝘂́ 𝗡𝗵𝘂𝗮̣̂𝗻 - 𝗛𝗖𝗠","Quận 12, Tp Hồ Chí Minh",Đã sử dụng,Xe máy điện,Unknown,2025,0,27900000,Used,Hồ Chí Minh,2025.0,0.0
1488,https://xe.chotot.com/mua-ban-xe-may/132841747.htm,2026-06-08 12:27:04,xe_may_dien,VinFast EvoGrand 2022 Xanh Oliu,28900000,Kiệt Xe Điện 3sGo,"#EvoGrand Xanh Oliu - DK 5/2026 - 2 Pin Mua Bstp Chính Chủ Công Chứng 🌏Xem thêm : *** - Odo 1000 cây - Dàn áo keng ko trầy 99% - Óc tán 7 màu keng 99% - Còn đủ phụ kiện theo xe ❤️Xe keng 99% so với xe new #Giá_28tr9 - Nậu Xớ 9tr3 Lấy Xe Ko Phát Sinh Thêm & Ko Xác Minh ☎️/𝗭𝗮𝗹𝗼 : *** 🏠 𝟳𝟵 𝗛𝗼𝗮̀𝗻𝗴 𝗩𝗮̆𝗻 𝗧𝗵𝘂̣ - 𝗣𝗵𝘂́ 𝗡𝗵𝘂𝗮̣̂𝗻 - 𝗛𝗖𝗠 ❤️Mợ Ấu đưa 5củ gốp ko lẽ sức 9 tháng ❤️Mợ Ấu đưa 30% (9tr) Ko xác minh nhà ở ❤️Mợ Ấu đưa 50% Ko xác minh nhà ở ❤️Mợ Ấu đưa 80% ko phí hồ sơ lẽ sức ❤️Tặng 12 tháng xe hư đưa xe khác dùng ❤️Tặng đổi pin đi liền ko chờ sạc nhiều ở 8 đến 12 cơ sở ở Sài Gòn ( Ở Quận 4 -6 -8 -12 , Tân Bình, Bình Tân, Tân Phú, Thủ Đức, Phú Nhuận ) 𝗖𝗧𝗬 𝗣𝗜𝗡𝗞: 𝙓𝙀 Đ𝙄Ệ𝙉 𝙎Ẵ𝙉 𝘼𝙋𝙋 - 𝗡Ậ𝗨 𝗫Ớ Đ𝗨̛𝗔 𝟲𝗖Ủ ☎️/𝗛𝗼𝘁𝗹𝗶𝗻𝗲 : *** #𝗟𝗼𝗻𝗴𝗣𝗶𝗻𝗸 🏠𝟮𝟴𝟴 𝗧r𝘂̛𝗼̛̀𝗻𝗴 𝗖𝗵𝗶𝗻𝗵 - 𝗤𝘂𝗮̣̂𝗻 𝟭𝟮 - 𝗛𝗖𝗠 🏠𝟭𝟳𝟴 𝗧𝗮̂𝗻 𝗧𝗵𝗼̛́𝗶 𝗛𝗶𝗲̣̂𝗽 𝟮𝟭 - 𝗤𝘂𝗮̣̂𝗻 𝟭𝟮 - 𝗛𝗖𝗠 🏠 𝟳𝟵 𝗛𝗼𝗮̀𝗻𝗴 𝗩𝗮̆𝗻 𝗧𝗵𝘂̣ - 𝗣𝗵𝘂́ 𝗡𝗵𝘂𝗮̣̂𝗻 - 𝗛𝗖𝗠 bị","Quận Phú Nhuận, Tp Hồ Chí Minh",Đã sử dụng,Xe máy điện,Unknown,2022,1000,28900000,Used,Hồ Chí Minh,2022.0,1000.0
1489,https://xe.chotot.com/mua-ban-xe-may/132855307.htm,2026-06-08 12:22:52,xe_may_dien,Xe máy điện VinFast Vento Neo 2025,34500000,PHẠM TUẤN MUA BÁN XE ĐIỆN,Vento neo 2025 odo 10000km lenkeng Chính chủ ký . Lun pin 3.5kw . Sạc đời mới 2025 Zá 34.5tr,"Quận Tân Phú, Tp Hồ Chí Minh",Đã sử dụng,Xe máy điện,Unknown,2025,10000,34500000,Used,Hồ Chí Minh,2025.0,10000.0
1490,https://xe.chotot.com/mua-ban-xe-may/132855295.htm,2026-06-08 12:22:05,xe_may_dien,Xe máy điện VinFast Evo Maxx 2026 Xanh,18500000,PHẠM TUẤN MUA BÁN XE ĐIỆN,Evo maxx 2026 new 100% mới ra biển Thuê 1 pin Zá 18.5tr,"Quận Tân Phú, Tp Hồ Chí Minh",Mới,Xe máy điện,Unknown,2026,,18500000,New,Hồ Chí Minh,2026.0,
1491,https://xe.chotot.com/mua-ban-xe-may/132841539.htm,2026-06-08 12:17:03,xe_may_dien,Xe máy điện VinFast EvoMax 2022 Trắng,19900000,Kiệt Xe Điện 3sGo,"#EvoMax Trắng - DK 4/2026 - Pin Thuê Đổi Trụ VF Bstp Chính Chủ Công Chứng 🌏Xem thêm : *** - Odo 1700 cây - Dàn áo keng ko trầy 99% - Óc tán 7 màu keng 99% - Còn đủ phụ kiện theo xe ❤️Xe keng 99% so với xe new #Giá_19tr9 - Nậu Xớ 6tr5 Lấy Xe Ko Phát Sinh Thêm & Ko Xác Minh ☎️/𝗭𝗮𝗹𝗼 : *** 🏠 𝟳𝟵 𝗛𝗼𝗮̀𝗻𝗴 𝗩𝗮̆𝗻 𝗧𝗵𝘂̣ - 𝗣𝗵𝘂́ 𝗡𝗵𝘂𝗮̣̂𝗻 - 𝗛𝗖𝗠 ❤️Mợ Ấu đưa 5củ gốp ko lẽ sức 9 tháng ❤️Mợ Ấu đưa 30% (9tr) Ko xác minh nhà ở ❤️Mợ Ấu đưa 50% Ko xác minh nhà ở ❤️Mợ Ấu đưa 80% ko phí hồ sơ lẽ sức ❤️Tặng 12 tháng xe hư đưa xe khác dùng ❤️Tặng đổi pin đi liền ko chờ sạc nhiều ở 8 đến 12 cơ sở ở Sài Gòn ( Ở Quận 4 -6 -8 -12 , Tân Bình, Bình Tân,","Quận Phú Nhuận, Tp Hồ Chí Minh",Đã sử dụng,Xe máy điện,Unknown,2022,1700,19900000,Used,Hồ Chí Minh,2022.0,1700.0
1492,https://xe.chotot.com/mua-ban-xe-may/132853518.htm,2026-06-08 11:16:37,xe_may_dien,Xe máy điện VinFast Evo Grand,23990000,Huỳnh Anh Phương,"Cần bán lại xe Evo Grand lướt như hình. Xe có độ lại và phu kiện: kính chắn gió, mão đèn, hộ để đồ, baga sau có đệm đuôi, combo chắn nước bùn, thay lo xo phuộc trước, phuộc sau yss đổi lại. Xe biển thành phố chính chủ. Giá có thương lượng, cảm ơn chợ tốt và các bạn.","Quận Gò Vấp, Tp Hồ Chí Minh",Đã sử dụng,Xe máy điện,Unknown,2026,600,23990000,Used,Hồ Chí Minh,2026.0,600.0
1493,https://xe.chotot.com/mua-ban-xe-may/132852949.htm,2026-06-08 10:56:15,xe_may_dien,Xe máy điện Vinfast Zgoo Đỏ ko cần bằng lái cho hs,12500000,XE ĐIỆN 90s,"Xe điện học sinh Vinfast #Zgoo likenew 99,9% ~ Xe di chuyển ko cần bằng lái (>16t) ~ Sử dụng pin 1.2kwh (đi 60-70km/sạc) ~ Pin BH 8 năm, xe 6 năm ~ Đăng kiểm, hoá đơn đầy đủ cho ac thích ra bs thoải mái. ~ Tiết kiệm so với xe mới vài củ ~ Xe keng đẹp, odo lướt 45km, cốp xe rộng tiện lợi 💰 12.500.000₫ Ace mến ới e 📲 *** ✔️ Hỗ trợ ship xe – cà thẻ – trả góp ♻️ Giao lưu bù trừ hợp lý các dòng xe 📞Call/Zalo: *** xem xe Gò Vấp","Quận Gò Vấp, Tp Hồ Chí Minh",Đã sử dụng,Xe máy điện,Unknown,2026,45,12500000,Used,Hồ Chí Minh,2026.0,45.0
1494,https://xe.chotot.com/mua-ban-xe-may/131368474.htm,2026-06-08 10:32:04,xe_may_dien,Xe điện AIMA G5 Đa dạng,12000000,Khánh Duy,"Xe điện G5 chính hãng AIMA, mẫu xe quốc dân siêu bền, với ngoại hình nhỏ gọn, trẻ trung, đầy đủ màu sắc, phụ kiện theo kèm đầy đủ ❤️có hỗ trợ trả góp❤️ ✅Hỗ trợ trả trước 0đ, khách đủ 18 tuổi ✅Nhận quẹt thẻ tín dụng 🏡 405 Ngô Quyền, Đà Nẵng 📞***","Quận Sơn Trà, Đà Nẵng",Mới,Xe máy điện,Unknown,2026,,12000000,New,Đà Nẵng,2026.0,
1495,https://xe.chotot.com/mua-ban-xe-may/132722091.htm,2026-06-08 07:11:09,xe_may_dien,Xe máy điện VinFast Klara Xám,12000000,Bền,Bán xe điện klara 1 xe đẹp pin cầm sạc 1 lần đi được 50km có anh chị em nào cần mua thì liên hệ nhé,"Quận Ninh Kiều, Cần Thơ",Đã sử dụng,Xe máy điện,Unknown,2020,0,12000000,Used,Cần Thơ,2020.0,0.0
1496,https://xe.chotot.com/mua-ban-xe-may/132848175.htm,2026-06-08 07:05:15,xe_may_dien,Xe máy điện Christian Dior Xám,10000000,Mai lê ngọc loan,"Xe máy điện Christian Dior màu xám, thiết kế thời trang, động cơ mạnh mẽ. - Vận hành êm ái, tiết kiệm năng lượng. - Phù hợp di chuyển trong thành phố. Xe đã chạy được 869km , còn bh đầy đủ 5b lớn . chế độ 2 chức năng , 2 khoá cơ + 2 thẻ từ + 1 remot . Giá mong muốn 10tr chỉ bị nứt nhẹ như ảnh. Ở sg q1 & q7","Quận 7, Tp Hồ Chí Minh",Đã sử dụng,Xe máy điện,Unknown,2026,869,10000000,Used,Hồ Chí Minh,2026.0,869.0
1497,https://xe.chotot.com/mua-ban-xe-may/132848141.htm,2026-06-08 07:02:37,xe_may_dien,"Xe máy điện Vespa màu Đen ngon lành, khoẻ khoắn",6500000,Duy Hưng,"Xe máy điện Vespa lành lặn, khoẻ đẹp, không hỏng hóc gì. Đi tầm 40-50km. Ai cần hãy gọi nhé","Quận Nam Từ Liêm, Hà Nội",Đã sử dụng,Xe máy điện,Unknown,2019,9999,6500000,Used,Hà Nội,2019.0,9999.0
1498,https://xe.chotot.com/mua-ban-xe-may/132844234.htm,2026-06-07 18:38:46,xe_may_dien,Xe máy điện Quantum S2 chính chủ,39500000,Thu Tuyền,Quantum S2 lướt 22K Km Zin đẹp Pin 99% chính chủ bstp Giá 39.5tr,"Quận Bình Tân, Tp Hồ Chí Minh",Đã sử dụng,Xe máy điện,Unknown,2025,22000,39500000,Used,Hồ Chí Minh,2025.0,22000.0
1499,https://xe.chotot.com/mua-ban-xe-may/132844233.htm,2026-06-07 18:38:43,xe_may_dien,Xe máy điện Quantum S2 Gồm sạc nhanh 1800W,43500000,Thu Tuyền,Quantum S2 lướt 5K Km Giá 43.5 tr chính chủ bstp Đã gồm sạc nhanh 1800w,"Quận Bình Tân, Tp Hồ Chí Minh",Đã sử dụng,Xe máy điện,Unknown,2025,5088,43500000,Used,Hồ Chí Minh,2025.0,5088.0
1500,https://xe.chotot.com/mua-ban-xe-may/132844218.htm,2026-06-07 18:37:16,xe_may_dien,Xe máy điện VinFast Impes Đỏ,8900000,Lê Hoàng Tuấn Phát,"Xe máy điện VinFast Impes màu đỏ, thiết kế trẻ trung, năng động. - Xe chính chủ, giao cà vẹt. - Phù hợp di chuyển trong thành phố.","Quận Bình Tân, Tp Hồ Chí Minh",Đã sử dụng,Xe máy điện,Unknown,2021,30000,8900000,Used,Hồ Chí Minh,2021.0,30000.0
1501,https://xe.chotot.com/mua-ban-xe-may/132843486.htm,2026-06-07 17:47:18,xe_may_dien,Xe điện scooter Xanh lá,70000000,ducanh,xe điiện scooter để lâu ko chạy hỏng pin rồi.xe thì vẫn hoạt động tôt.về thay pin là chơi dc 18-36v.,"Thành phố Dĩ An, Bình Dương",Đã sử dụng,Xe máy điện,Unknown,2025,48,70000000,Used,Bình Dương,2025.0,48.0
1502,https://xe.chotot.com/mua-ban-xe-may/131590227.htm,2026-06-07 16:00:14,xe_may_dien,Xe máy điện Vespa Cam,13800000,XE ĐIỆN GIÁ RẺ TPHCM,"Xe máy điện Vespa màu cam, thiết kế cổ điển, sang trọng. - Xe vận hành êm ái, tiết kiệm năng lượng. - Phù hợp di chuyển trong thành phố.","Huyện Hóc Môn, Tp Hồ Chí Minh",Mới,Xe máy điện,Unknown,2026,,13800000,New,Hồ Chí Minh,2026.0,
1503,https://xe.chotot.com/mua-ban-xe-may/132584349.htm,2026-06-07 15:38:32,xe_may_dien,Xe máy điện VinFast Vento S Đen,48000000,Hải louis,Bán xe vinfast ventos dán full nilong còn đến 8/2029 cho ai cần,"Quận Lê Chân, Hải Phòng",Đã sử dụng,Xe máy điện,Unknown,2024,12000,48000000,Used,Hải Phòng,2024.0,12000.0
1504,https://xe.chotot.com/mua-ban-xe-may/132840336.htm,2026-06-07 15:14:09,xe_may_dien,Xe máy điện Yadea M6I 2024 Trắng,12500000,Hiếu Đoàn,"✨️🛵️ Nhà ít chạy cần pass lại xe máy điện Yadea M6I 2024 (MỚI 95/100 - LƯỚT 1300KM) 📄 Chi tiết xe: • Chưa qua sửa chữa lần nào, máy chạy bao êm • Ngoại hình như mới, dán keo trong PPF full xe • Smartkey chống trộm + đá chống tự ngắt • Phanh tái sinh tự sạc điện khi chạy • Màn hình LCD Led thông minh • Tốc độ tối đa: 46Km/h (Có 2 chế độ chạy) • Quãng đường tối đa: 70Km 💰 Công khai: 13.500.000 ✅️ Nhỏ gọn tiện lợi phù hợp sử dụng cho sinh hoạt gia đình. Thiện chí có thể thương lượng","Huyện Châu Thành, Tiền Giang",Đã sử dụng,Xe máy điện,Unknown,2024,1300,12500000,Used,Tiền Giang,2024.0,1300.0
1505,https://xe.chotot.com/mua-ban-xe-may/132839473.htm,2026-06-07 14:32:52,xe_may_dien,Xe máy điện VinFast giá rẻ,19500000,Shop THOA XE ĐIỆN,"Xe máy điện VinFast Vento S màu đỏ, thiết kế hiện đại, phù hợp cả nam và nữ. - Động cơ mạnh mẽ, vận hành êm ái. - Quãng đường di chuyển xa, sạc nhanh. - Trang bị nhiều tính năng thông minh.","Quận Bình Tân, Tp Hồ Chí Minh",Đã sử dụng,Xe máy điện,Unknown,2022,90,19500000,Used,Hồ Chí Minh,2022.0,90.0
1506,https://xe.chotot.com/mua-ban-xe-may/132839469.htm,2026-06-07 14:32:44,xe_may_dien,Xe máy điện Gogo Đen Đã qua sử dụng,5500000,Le huy hoàng,"Xe máy điện gogo tình trạng đã qua sử dụng,xe di bình thường,50km sạc 1 lần Giá bán 5m5","Huyện Hóc Môn, Tp Hồ Chí Minh",Đã sử dụng,Xe máy điện,Unknown,2024,250,5500000,Used,Hồ Chí Minh,2024.0,250.0
1507,https://xe.chotot.com/mua-ban-xe-may/132838661.htm,2026-06-07 13:47:05,xe_may_dien,Feliz 2021 Đen bstphcm đẹp chính chủ,13500000,XE ĐIỆN 90s,VINFAST FELIZ – ĐEN – ĐK 11/2021 (đời cao) 📌 Xác xe ko bình ko sạc cho ae về lên Pin 📌 Biển số TPHCM. Biển đẹp 882.62 📌 ODO: hơn 10k. Xe keng zin đủ chìa remote gương 📌 Chính chủ - bao ký UQ MB đều ok 💰 G.i.á: 13.500.000₫ Bộ 6 bình tốt + 2trieu Ace mến ới e 📲 *** ✔️ Hỗ trợ ship xe – cà thẻ – trả góp 👁️‍🗨️ Góp “Nậu Xớ” trả trước 30% ♻️ Giao lưu bù trừ hợp lý các dòng xe 📞Call/Zalo: *** xem xe Gò Vấp,"Quận Gò Vấp, Tp Hồ Chí Minh",Đã sử dụng,Xe máy điện,Unknown,2021,10000,13500000,Used,Hồ Chí Minh,2021.0,10000.0
1508,https://xe.chotot.com/mua-ban-xe-may/132837891.htm,2026-06-07 13:09:05,xe_may_dien,Xe điện Kazuki Slay X Đen,14000000,Xuân,"Xe điện Kazuki Slay X màu đen, thiết kế hiện đại, vận hành êm ái. - Xe mới mua, còn nguyên vẹn. - Phù hợp di chuyển trong thành phố.","Thành phố Thủ Đức, Tp Hồ Chí Minh",Đã sử dụng,Xe máy điện,Unknown,2024,20,14000000,Used,Hồ Chí Minh,2024.0,20.0
1509,https://xe.chotot.com/mua-ban-xe-may/132837750.htm,2026-06-07 13:02:01,xe_may_dien,Xe máy điện Kalara A2 Xám,17000000,Xe Điện Sài Gòn,Bán xe kalara a2 dọn full màn hình + ic + pin (80-100lm) Dọn đi trải nghiệm không phải đua - tốc độ vừa phải 60-75km/h . Phuộc sau sh - bi cầu- yên kim đan - sợ full xe kèm tem . Giá mong muốn 17tr( có fix) kèm sạc 10a vỏ nhôm sịn xò. Giao cavet bao tranh chấp .,"Huyện Bình Chánh, Tp Hồ Chí Minh",Đã sử dụng,Xe máy điện,Unknown,2019,40000,17000000,Used,Hồ Chí Minh,2019.0,40000.0
1510,https://xe.chotot.com/mua-ban-xe-may/132837554.htm,2026-06-07 12:52:12,xe_may_dien,GPX Fi150 2023 Đen 7000 km,45000000,Quý Moto Cycle 21 điện biên phủ Đà Nẵng,"🏍️ Gpx Fi150 đời 2023 1 chủ đập thùng mới ✅ ODO chuẩn chỉ 7.000 km ✅ Xe zin đẹp, máy êm, ít sử dụng ✅ Dáng classic hoài cổ, phù hợp đi phố hoặc sưu tầm ✅ Giấy tờ đầy đủ, sang tên nhanh gọn Xe giữ kỹ, ngoại hình đẹp như hình. Anh em cần một chiếc xe cổ điển dễ chơi, tiết kiệm và khác biệt thì đây là lựa chọn đáng cân nhắc. 📞 Inbox hoặc gọi trực tiếp để xem xe và thương lượng giá tốt.","Quận Cẩm Lệ, Đà Nẵng",Đã sử dụng,Xe máy điện,Unknown,2023,7000,45000000,Used,Đà Nẵng,2023.0,7000.0
1511,https://xe.chotot.com/mua-ban-xe-may/132442632.htm,2026-06-07 12:48:12,xe_may_dien,Xe máy điện Yadea,12900000,Quốc Đạt ,"Xe máy điện Yadea F-CBR màu xanh ngọc, thiết kế thể thao, phù hợp cả nam và nữ. - Động cơ mạnh mẽ, vận hành êm ái. - Quãng đường di chuyển xa, sạc nhanh. - Trang bị nhiều tính năng an toàn.","Quận 12, Tp Hồ Chí Minh",Đã sử dụng,Xe máy điện,Unknown,2024,4200,12900000,Used,Hồ Chí Minh,2024.0,4200.0
1512,https://xe.chotot.com/mua-ban-xe-may/132836006.htm,2026-06-07 11:36:27,xe_may_dien,Xe máy điện Vento Neo 2025 Đen,34500000,Quý Minh Xe Điện,VentoNeo 10.000KM Sạc Nhanh 1000W Đời Mới 2025 Giá..34.5Tr Chính Chủ Ký Hỗ Trợ Góp Nợ Xấu Đưa Trước 30% ☎️*** Minh Khờ,"Quận Tân Phú, Tp Hồ Chí Minh",Đã sử dụng,Xe máy điện,Unknown,2025,10000,34500000,Used,Hồ Chí Minh,2025.0,10000.0
1513,https://xe.chotot.com/mua-ban-xe-may/132835959.htm,2026-06-07 11:34:41,xe_may_dien,Xe máy điện VinFast Vento S Xanh ngọc,50000000,Quý Minh Xe Điện,VentoS Date 11/2022 bảo hành tới 11/2027 Giá...50Tr Chính Chủ Ký Liền ☎️*** Minh Khờ,"Quận Tân Phú, Tp Hồ Chí Minh",Đã sử dụng,Xe máy điện,Unknown,2022,34000,50000000,Used,Hồ Chí Minh,2022.0,34000.0
1514,https://xe.chotot.com/mua-ban-xe-may/132835185.htm,2026-06-07 11:01:48,xe_may_dien,Xe máy điện V1 Plus màu Xám,10000000,Anh Beoo,V1 plus - giá 10m bay nhanh Xem xe quận 7,"Quận 7, Tp Hồ Chí Minh",Mới,Xe máy điện,Unknown,2024,,10000000,New,Hồ Chí Minh,2024.0,
1515,https://xe.chotot.com/mua-ban-xe-may/132835159.htm,2026-06-07 11:00:49,xe_may_dien,Xe máy điện Vespa Đen Đã sử dụng,6500000,Nguyễn Kiên Anh,thanh lý xe điện vec pa xe hoạt động tôt đèn còi xi nhan xạc đầy đủ giá rẻ. 6tr500 có síp,"Thị xã Bến Cát, Bình Dương",Đã sử dụng,Xe máy điện,Unknown,2016,0,6500000,Used,Bình Dương,2016.0,0.0
1516,https://xe.chotot.com/mua-ban-xe-may/132440799.htm,2026-06-07 10:18:55,xe_may_dien,Xe máy điện Honda Icon e,25700000,Quang Huy,"✅ Thiết kế đẹp, nhỏ gọn, chạy êm ✅ Pin Lithium 30.6Ah ✅ Sạc đầy khoảng 7–8 tiếng ✅ Quãng đường đi ~70km/lần sạc ✅ Tốc độ tối đa khoảng 50km/h ✅ Tương đương xe 50cc – phù hợp học sinh, sinh viên ✅ Tiết kiệm chi phí, không cần đổ xăng ✅ Giá xe bao giấy Hồ Chí Minh+ pin 🎁 Tặng bảo hiểm xe máy + nón bảo hiểm chính hãng","Huyện Củ Chi, Tp Hồ Chí Minh",Mới,Xe máy điện,Unknown,2026,,25700000,New,Hồ Chí Minh,2026.0,
1517,https://xe.chotot.com/mua-ban-xe-may/132832633.htm,2026-06-07 09:04:32,xe_may_dien,Xe máy điện Xe điện học sinh 2023 Trắng,7900000,Phạm Bá Khương,"Xe điện học sinh 2023 Giá 7tr900 Đc: Ngã 3 cầu đen, Tân Dương 5 P.Thủy Nguyên, Hải Phòng","Huyện Thuỷ Nguyên, Hải Phòng",Đã sử dụng,Xe máy điện,Unknown,2023,14000,7900000,Used,Hải Phòng,2023.0,14000.0
1518,https://xe.chotot.com/mua-ban-xe-may/131610494.htm,2026-06-07 08:40:01,xe_may_dien,Xe máy điện VinFast Feliz Neo,3100000,Lê Hiếu,"Xe máy điện VinFast màu nâu hoặc xám, thiết kế hiện đại, vận hành êm ái. - ZÁ GÓP . BAO NƠI XẤU . KHÔNG QUA NGÂN HÀNG - Động cơ mạnh mẽ, quãng đường di chuyển xa. - Trang bị nhiều tính năng thông minh, an toàn. - Xe phù hợp di chuyển trong đô thị.","Quận Phú Nhuận, Tp Hồ Chí Minh",Mới,Xe máy điện,Unknown,2025,,3100000,New,Hồ Chí Minh,2025.0,
1519,https://xe.chotot.com/mua-ban-xe-may/125364724.htm,2026-06-07 08:12:27,xe_may_dien,Xe Máy Điện - Bán Trả Góp - O Trả Trước,1500000,Trả Góp Điện Máy Lê Triều,- Bán trả góp - Không trả trước - không qua ngân hàng - Trả góp tuần/tháng - Bao kiểm tra tại nhà - Tính phí biển số,"Quận 12, Tp Hồ Chí Minh",Đã sử dụng,Xe máy điện,Unknown,0,0,1500000,Used,Hồ Chí Minh,0.0,0.0
1520,https://xe.chotot.com/mua-ban-xe-may/132831280.htm,2026-06-07 07:21:28,xe_may_dien,Xe máy điện VinFast VeroX Xanh oliu,30000000,Nguyễn Quốc Thắng,"Xe máy điện VinFast VeroX màu xanh oliu T.5/2026, mới đi 400km, kèm 1 pin 2.4 kw, đã dán ppf loại tốt. - Xe còn mới, ít sử dụng.","Quận Gò Vấp, Tp Hồ Chí Minh",Đã sử dụng,Xe máy điện,Unknown,2026,400,30000000,Used,Hồ Chí Minh,2026.0,400.0
1521,https://xe.chotot.com/mua-ban-xe-may/132831180.htm,2026-06-07 07:13:03,xe_may_dien,Xe điện Hyundai Aven đi pin,6750000,pindovu,"-Xe full chức năng đèn, còi, xi nhan đầy đủ -Tốc độ tối đa 40km/h, quãng đường đi được 40-50km/ 1 lần sạc -Thay pin 48V18Ah, thừa cốp để đồ -Động cơ êm ái, đi bốc -Vỏ trước, má phanh đã thay mới","Quận Tân Phú, Tp Hồ Chí Minh",Đã sử dụng,Xe máy điện,Unknown,2020,3000,6750000,Used,Hồ Chí Minh,2020.0,3000.0
1522,https://xe.chotot.com/mua-ban-xe-may/132831096.htm,2026-06-07 07:05:25,xe_may_dien,Xe máy điện VinFast Viper Đen,35000000,Minh Tiến,"Xe máy điện VinFast Viper màu đen, còn mới. Xe chính chủ, đang ký T5/2026 odo 5xx - Xe thuê pin, miễn phí đổi pin 20 lần/tháng. (mua pin không đổi trụ được) - Xe nguyên bản, còn keng. Mình ra giấy giờ lăn bánh hết 40tr giá mong muốn thu về 35tr","Quận Tân Phú, Tp Hồ Chí Minh",Đã sử dụng,Xe máy điện,Unknown,2026,555,35000000,Used,Hồ Chí Minh,2026.0,555.0
1523,https://xe.chotot.com/mua-ban-xe-may/132828162.htm,2026-06-06 20:12:18,xe_may_dien,"Xe máy điện màu Hồng, vàng, xanh lá",4200000,Nguyễn Đức Minh,"Xe máy điện nhiều màu sắc: hồng, vàng, xanh lá. - Thiết kế phù hợp cho cả nam và nữ. - Di chuyển tiện lợi, tiết kiệm chi phí. - Xe bền bỉ, dễ sử dụng. Xe có thể đi được tối đa 40 km/h. Nếu muốn biết thêm thông tin chi tiết thì các bác gọi em có số điện thoại này. Để lại cho bạn hỏi bác nào cần giá cả hợp lý ￼","Quận Đống Đa, Hà Nội",Đã sử dụng,Xe máy điện,Unknown,2021,100,4200000,Used,Hà Nội,2021.0,100.0
1524,https://xe.chotot.com/mua-ban-xe-may/132828146.htm,2026-06-06 20:11:29,xe_may_dien,Xe máy điện VinFast Evo Lite Xanh oliu,12000000,Tên chưa cung cấp,"Xe máy điện VinFast Evo Lite màu xanh oliu, thiết kế hiện đại, vận hành êm ái. - Pin thuê, có thể đổi tại trạm sạc. - Động cơ điện mạnh mẽ, thân thiện môi trường. - Xe dành cho người không cần bằng lái.","Huyện Châu Thành, Tây Ninh",Đã sử dụng,Xe máy điện,Unknown,2026,30,12000000,Used,Tây Ninh,2026.0,30.0
1525,https://xe.chotot.com/mua-ban-xe-may/132828089.htm,2026-06-06 20:07:04,xe_may_dien,Xe máy điện Dibao Gogo Vàng,7600000,Bùi Anh Dũng,"🌟CHÀO BÁN GOGO dibao 👉SIÊU LƯỚT , GIẤY Tờ Đây Đủ , BÌNH KHỎE 🌟Full Chức Năng + Tặng Sạc Mới ạ 👉HỖ TRỢ LẮP BÌNH MỚI Ạ 👉Thu mua xe cũ tận nhà giá cao 🌟Thay bình ăc quy tại nhà chính hãng ☎️*** ( có zalo ) 🏡351 Vạn Xuân - Hoài Đức - Hà Nội","Quận Nam Từ Liêm, Hà Nội",Đã sử dụng,Xe máy điện,Unknown,2018,20000,7600000,Used,Hà Nội,2018.0,20000.0
1526,https://xe.chotot.com/mua-ban-xe-may/132828063.htm,2026-06-06 20:05:35,xe_may_dien,Xe máy điện Vinfast Impes Xanh đen,8200000,Bùi Anh Dũng,"🌟CHÀO BÁN Vinfast impes 👉SIÊU LƯỚT , GIẤY Tờ Đây Đủ , BÌNH KHỎE 🌟Full Chức Năng + Tặng Sạc Mới ạ 👉HỖ TRỢ LẮP BÌNH MỚI Ạ 👉Thu mua xe cũ tận nhà giá cao 🌟Thay bình ăc quy tại nhà chính hãng ☎️*** ( có zalo ) 🏡351 Vạn Xuân - Hoài Đức - Hà Nội","Quận Nam Từ Liêm, Hà Nội",Đã sử dụng,Xe máy điện,Unknown,2020,20000,8200000,Used,Hà Nội,2020.0,20000.0
1527,https://xe.chotot.com/mua-ban-xe-may/132828062.htm,2026-06-06 20:05:31,xe_may_dien,Xe máy điện YADEA OVA Trắng kem,13990000,YADEA MINH CHÂU,"🎁 YADEA MINH CHÂU CHƠI LỚN – ƯU ĐÃI THÁNG 6 🎁 🔥 TẶNG TIỀN MẶT lên tới 500 ĐỒNG cho khách hàng mua xe trong thời gian diễn ra chương trình 🔥 Nhận ngay combo quà tặng cực xịn trị giá hơn 600K Mua xe vừa tiết kiệm, vừa nhận quà mang về quá trời luôn 😍 Số lượng ưu đãi có hạn – nhanh chân ghé ngay YADEA Minh Châu để săn deal HOT hôm nay nhé","Thành phố Sóc Trăng, Sóc Trăng",Đã sử dụng,Xe máy điện,Unknown,2026,1,13990000,Used,Sóc Trăng,2026.0,1.0
1528,https://xe.chotot.com/mua-ban-xe-may/132339971.htm,2026-06-06 19:29:51,xe_may_dien,Xe điện SURAYA 133 Đen Mới 100%,5900000,XE ĐIỆN GIÁ KHO,"===>TẶNG (REMOTE CHỐNG TRỘM 3 trong 1 ĐIỀU KHIỂN XE THÔNG MINH,SẠC ĐA NĂNG 2 CHẾ ĐỘ VỪA ĐI VỪA SẠC )))TRỊ GIÁ 4000K ===>XE MỚI 100% BẢO HÀNH TẬN NHÀ 1 NĂM ==>MÀN HÌNH LED HIỂN THỊ NHIỆT ĐỘ,VẬN TỐC ====>SẠC NHANH TRONG VÒNG 2 tiếng))!! ====> XE SỬ DỤNG IC ĐÚC CHẤT LƯỢNG CAO! GIAO HÀNG TOÀN QUỐC CÁC TỈNH LÂN CẬN!! KÍNH MỜI ANH CHỊ ĐẾN Cơ sở 1: Cơ sở 2 : Nguyễn thị tú(COMING SOOON)))","Quận Bình Tân, Tp Hồ Chí Minh",Mới,Xe máy điện,Unknown,2026,,5900000,New,Hồ Chí Minh,2026.0,
1529,https://xe.chotot.com/mua-ban-xe-may/129999142.htm,2026-06-06 17:55:43,xe_may_dien,Xe máy 50cc Nioshima Vespa 2022 Đen,5500000,Nga,thanh lý chiếc veesspa 2022 màu đen xe còn rất đẹp mây zin. nguyên bản biển Hà Nội chạy rất tiết kiệm xăng phù hợp với học sinh sinh viên chưa bằng lái chị em đi chợ,"Quận Ba Đình, Hà Nội",Mới,Xe máy điện,Unknown,2024,,5500000,New,Hà Nội,2024.0,
1530,https://xe.chotot.com/mua-ban-xe-may/132824887.htm,2026-06-06 16:39:46,xe_may_dien,Xe điện Pega màu Bạc,5500000,Ngọc Dũng Trần,"Xe điện Pega 5 bình, ic đúc 1k2. - Xe chạy êm, vận hành ổn định. - Giá 5 triệu 500 nghìn. Sđt : ***","Quận Gò Vấp, Tp Hồ Chí Minh",Đã sử dụng,Xe máy điện,Unknown,2017,22500,5500000,Used,Hồ Chí Minh,2017.0,22500.0
1531,https://xe.chotot.com/mua-ban-xe-may/132824872.htm,2026-06-06 16:39:19,xe_may_dien,Xe máy điện VinFast Feliz 2022 Đen,10500000,EVBATTERY,- ODO : 25.000km - Pin / Ắc Quy : không - Ngoại hình : 80% - Thủ tục mua bán : công chứng mua bán - Năm đăng ký : 2022,"Quận Tân Bình, Tp Hồ Chí Minh",Đã sử dụng,Xe máy điện,Unknown,2022,25000,10500000,Used,Hồ Chí Minh,2022.0,25000.0
1532,https://xe.chotot.com/mua-ban-xe-may/132824799.htm,2026-06-06 16:36:05,xe_may_dien,Xe đạp điện Yadea V1 Plus màu Hồng,9100000,Nguyễn Hoàng Vinh,Bán Xe Điện V1 Plus Bán Xe điện V1 plus màu hồng phù hợp cho chị em phụ nữ - Xe Điện 4 Bình ngoại Hình Còn 99% Mới ít chạy - Giá 9 triệu 1,"Thành phố Thủ Dầu Một, Bình Dương",Đã sử dụng,Xe máy điện,Unknown,2025,1000,9100000,Used,Bình Dương,2025.0,1000.0
1533,https://xe.chotot.com/mua-ban-xe-may/132485210.htm,2026-06-06 16:24:16,xe_may_dien,Xe máy điện V1 Plus mới 100%,11500000,Nguyen Cuong,"Cần bán xe v1 plus mới 100% - xe thông minh, khoá mở tốc độ. Cho học sinh chạy an toàn - 4bình lớn 48V30ah cho quảng đường xa - Thắng đĩa, đèn led cực an toàn - Bảo hành 1 năm","Thành phố Thủ Đức, Tp Hồ Chí Minh",Mới,Xe máy điện,Unknown,2026,,11500000,New,Hồ Chí Minh,2026.0,
1534,https://xe.chotot.com/mua-ban-xe-may/132722323.htm,2026-06-06 16:16:22,xe_may_dien,Xe máy điện VinFast Impes Xanh ngọc,8500000,Võ Văn Huy,Impes Pin hãng theo xe Pin 40-45km/ lần sạc Odo 10k Xe ngoại hình đẹp,"Quận 6, Tp Hồ Chí Minh",Đã sử dụng,Xe máy điện,Unknown,2023,10000,8500000,Used,Hồ Chí Minh,2023.0,10000.0
1535,https://xe.chotot.com/mua-ban-xe-may/132806491.htm,2026-06-06 15:55:03,xe_may_dien,Xe máy điện Christian Dior Trắng,7500000,Thoại Nguyễn,nhà dư em cần thanh lý ạ QTAM GỌI ĐIỆN HOẶC QUA NHÀ XEM XE Ạ,"Quận 12, Tp Hồ Chí Minh",Đã sử dụng,Xe máy điện,Unknown,2024,9999,7500000,Used,Hồ Chí Minh,2024.0,9999.0
1536,https://xe.chotot.com/mua-ban-xe-may/132823670.htm,2026-06-06 15:45:55,xe_may_dien,Cần bán VinFast Flazz đổi xe mạnh hơn.,13000000,Sang House,"trải nghiệm cho vợ chạy đi chợ xong nên mình cần ra đi em flazz mới mua 2 tháng tại Vinfast south Saigon xe tình trạng mới như hình, chưa thay bất cứ gì hay độ chế zin 100% mới hơn 1000km giấy tờ biên bản xuất xưởng và sách hướng dẫn, sạc theo xe đầy đủ. có trày vai đường do để xe ở nhà xe bản số Thành Phố Đồng Nai công chứng uỷ quyền trong ngày tại TPHCM mình ở Bình tân","Quận Bình Tân, Tp Hồ Chí Minh",Đã sử dụng,Xe máy điện,Unknown,2026,1000,13000000,Used,Hồ Chí Minh,2026.0,1000.0
1537,https://xe.chotot.com/mua-ban-xe-may/132823317.htm,2026-06-06 15:30:20,xe_may_dien,✅Pink Metro✅EvoGand 2025 odo 8k 2 pin,27900000,Pink Ev Premium Q12 Metro,"Fb - Tiktok : Nguyen Minh Long Pink Dragon ==================📌📌📌================== EvoGand 2025 Đồng Nai 9 Chủ Công Chứng - 2 Pin mua 2.4kw - Odo : 8k - Dàn áo đẹp chi tiết như hình - Ốc tán đẹp keng sáng 95% - Bảo hành Vinfast toàn quốc 2030 🏠𝟭𝟳𝟴 𝗧𝗮̂𝗻 𝗧𝗵𝗼̛́𝗶 𝗛𝗶𝗲̣̂𝗽 𝟮𝟭 - 𝗤.𝟭𝟮 - 𝗛𝗖𝗠 ❤️Mợ Ấu đưa 5củ gốp ko lẽ sức 9 tháng ❤️Mợ Ấu đưa 50% Ko xác minh nhà ở ❤️Mợ Ấu đưa 80% ko phí hồ sơ lẽ sức ❤️Tặng 12 tháng xe hư đưa xe khác dùng ❤️Tặng đổi pin đi liền ko chờ sạc nhiều ở 8 đến 12 cơ sở ở Sài Gòn ( Ở Quận 4 -6 -8 -12 , Tân Bình, Bình Tân, Tân Phú, Thủ Đức, Phú Nhuận ) ✅𝗚𝗼́𝗽 𝗡𝗴𝗮̂𝗻 𝗛𝗮̀𝗻𝗴 : Đưa 20% ae giữ Cavet ✅𝗖𝗮̀ 𝗧𝗵𝗲̉ - 𝗚𝗼́𝗽: Cà thẻ ,chuyển đổi trả góp ✅𝗕𝗮𝗼 𝗤𝘂𝗮𝘆 Đ𝗮̂̀𝘂 : Từ 20% theo giá thị trường ✅𝗠𝘂𝗮 𝗕𝗮́𝗻 𝗧𝗿𝗮𝗼 Đ𝗼̂̉𝗶 𝗫𝗲 𝗫𝗮̆𝗻𝗴, 𝗫𝗲 Đ𝗶𝗲̣̂𝗻 𝗧𝗮̣̂𝗻 𝗡𝗵𝗮̀ 𝗖𝗧𝗬 𝗣𝗜𝗡𝗞 : 𝙓𝙀 Đ𝙄𝙀̣̂𝙉 𝙎𝘼̆̃𝙉 𝘼𝙋𝙋 - 𝗡𝗔̣̂𝗨 𝗫𝗢̛́ Đ𝗨̛𝗔 𝟲 𝗖𝗨̉ 🏠𝟭𝟳𝟴 𝗧𝗮̂𝗻 𝗧𝗵𝗼̛́𝗶 𝗛𝗶𝗲̣̂𝗽 𝟮𝟭 - 𝗤.𝟭𝟮 - 𝗛𝗖𝗠 🏠𝟮𝟴𝟴 𝗧𝗿𝘂̛𝗼̛̀𝗻𝗴 𝗖𝗵𝗶𝗻𝗵 - 𝗤𝘂𝗮̣̂𝗻 𝟭𝟮 - 𝗛𝗖𝗠 🏠𝟳𝟵 𝗛𝗼𝗮̀𝗻𝗴 𝗩𝗮̆𝗻 𝗧𝗵𝘂̣ - 𝗣𝗵𝘂́ 𝗡𝗵𝘂𝗮̣̂𝗻 - 𝗛𝗖𝗠","Quận 12, Tp Hồ Chí Minh",Đã sử dụng,Xe máy điện,Unknown,2025,8000,27900000,Used,Hồ Chí Minh,2025.0,8000.0
1538,https://xe.chotot.com/mua-ban-xe-may/132802425.htm,2026-06-06 15:06:00,xe_may_dien,Xe máy điện VinFast,9999999,MrT,"Nhà em còn một số mẫu xe điện vinfast, đầy đủ giấy tờ, pin sạc theo xe, chế độ bảo hành hãng dài miên man, xem xe ở vin ocean park Gia Lâm ☎️ ***","Huyện Gia Lâm, Hà Nội",Đã sử dụng,Xe máy điện,Unknown,2026,666,9999999,Used,Hà Nội,2026.0,666.0
1539,https://xe.chotot.com/mua-ban-xe-may/132767970.htm,2026-06-06 14:27:02,xe_may_dien,Xe máy điện Yadea VoltGuard Xanh,50000000,Trần An Tư,"Xe máy điện Yadea VoltGuard màu xanh, thiết kế hiện đại, phù hợp cả nam và nữ. - Động cơ mạnh mẽ, vận hành êm ái. - Quãng đường di chuyển xa, sạc nhanh. - An toàn, thân thiện môi trường.","Quận Thốt Nốt, Cần Thơ",Đã sử dụng,Xe máy điện,Unknown,2026,122,50000000,Used,Cần Thơ,2026.0,122.0
1540,https://xe.chotot.com/mua-ban-xe-may/132768040.htm,2026-06-06 14:17:01,xe_may_dien,Xe máy điện Yamaha NEOS Trắng,33400000,Trần An Tư,"Xe máy điện Yamaha NEOS màu trắng, xanh ngọc, thiết kế hiện đại, vận hành êm ái. - Trang bị Smart Key tiện lợi. - Động cơ mạnh mẽ, quãng đường di chuyển tốt. - Phù hợp di chuyển trong đô thị.","Quận Thốt Nốt, Cần Thơ",Đã sử dụng,Xe máy điện,Unknown,2025,1234,33400000,Used,Cần Thơ,2025.0,1234.0
1541,https://xe.chotot.com/mua-ban-xe-may/132818817.htm,2026-06-06 11:51:02,xe_may_dien,Xe máy điện Datbike S3 Xám,32000000,Tên chưa cung cấp,"tôi bán xe datbike S3 giá 32triệu , biển số tphcm","Quận 8, Tp Hồ Chí Minh",Đã sử dụng,Xe máy điện,Unknown,2025,13000,32000000,Used,Hồ Chí Minh,2025.0,13000.0
1542,https://xe.chotot.com/mua-ban-xe-may/132817220.htm,2026-06-06 10:50:28,xe_may_dien,VinFast Evo Max Xanh Ô liu,18000000,Hải,"Cần bán evo max pin thuê,đã thanh toán đủ kẹt tiền cần bán lại,nhận xe tại vinfast giải pháp việt 677 âu cơ","Quận Tân Phú, Tp Hồ Chí Minh",Mới,Xe máy điện,Unknown,2026,,18000000,New,Hồ Chí Minh,2026.0,
1543,https://xe.chotot.com/mua-ban-xe-may/132817204.htm,2026-06-06 10:50:06,xe_may_dien,"Xe điện Vesspa màu Đen Mới 99,99%",14500000,Hồ Anh Dũng,"Xe điện Vespa siêu lướt, rẻ hơn dược đôi triệu, vẫn mới 99,99% Vẫn BH như mới","Quận Cầu Giấy, Hà Nội",Mới,Xe máy điện,Unknown,2026,,14500000,New,Hà Nội,2026.0,
1544,https://xe.chotot.com/mua-ban-xe-may/132430361.htm,2026-06-06 10:40:41,xe_may_dien,🩷Pink An Sương🩷Evo200đk 2024 odo 10k Xe Máy Điện,24900000,Pink Ev Premium An Sương ,"Fb - Tiktok : Nguyen Minh Long Pink Dragon ==================📌📌📌================== Evo200 đk 2024 Sài Gòn 9 Chủ Ký - Pin Mua 3.5kw - Odo 10 ngàn hơn - Dàn áo keng ko trầy 99% - Ốc tán 7 màu keng 99% - Còn đủ phụ kiện theo xe ❤️Xe keng 99% so với xe new Zá: 24tr9 - Nậu Xớ 7tr Lấy Xe Ko Xác Minh 🏠𝟮𝟴𝟴 𝗧𝗿𝘂̛𝗼̛̀𝗻𝗴 𝗖𝗵𝗶𝗻𝗵 - 𝗤𝘂𝗮̣̂𝗻 𝟭𝟮 - 𝗛𝗖𝗠 ❤️Mợ Ấu đưa 5củ gốp ko lẽ sức 9 tháng ❤️Mợ Ấu đưa 50% Ko xác minh nhà ở ❤️Mợ Ấu đưa 80% ko phí hồ sơ lẽ sức ❤️Tặng 12 tháng xe hư đưa xe khác dùng ❤️Tặng đổi pin đi liền ko chờ sạc nhiều ở 8 đến 12 cơ sở ở Sài Gòn ( Ở Quận 4 -6 -8 -12 , Tân Bình, Bình Tân, Tân Phú, Thủ Đức, Phú Nhuận ) ✅𝗚𝗼́𝗽 𝗡𝗴𝗮̂𝗻 𝗛𝗮̀𝗻𝗴 : Đưa 20% ae giữ Cavet ✅𝗖𝗮̀ 𝗧𝗵𝗲̉ - 𝗚𝗼́𝗽: Cà thẻ ,chuyển đổi trả góp ✅𝗕𝗮𝗼 𝗤𝘂𝗮𝘆 Đ𝗮̂̀𝘂 : Từ 20% theo giá thị trường ✅𝗠𝘂𝗮 𝗕𝗮́𝗻 𝗧𝗿𝗮𝗼 Đ𝗼̂̉𝗶 𝗫𝗲 𝗫𝗮̆𝗻𝗴, 𝗫𝗲 Đ𝗶𝗲̣̂𝗻 𝗧𝗮̣̂𝗻 𝗡𝗵𝗮̀ 𝗖𝗧𝗬 𝗣𝗜𝗡𝗞 : 𝙓𝙀 Đ𝙄𝙀̣̂𝙉 𝙎𝘼̆̃𝙉 𝘼𝙋𝙋 - 𝗡𝗔̣̂𝗨 𝗫𝗢̛́ Đ𝗨̛𝗔 𝟲 𝗖𝗨̉ 🏠𝟭𝟳𝟴 𝗧𝗮̂𝗻 𝗧𝗵𝗼̛́𝗶 𝗛𝗶𝗲̣̂𝗽 𝟮𝟭 - 𝗤.𝟭𝟮 - 𝗛𝗖𝗠 🏠𝟮𝟴𝟴 𝗧𝗿𝘂̛𝗼̛̀𝗻𝗴 𝗖𝗵𝗶𝗻𝗵 - 𝗤𝘂𝗮̣̂𝗻 𝟭𝟮 - 𝗛𝗖𝗠 🏠𝟳𝟵 𝗛𝗼𝗮̀𝗻𝗴 𝗩𝗮̆𝗻 𝗧𝗵𝘂̣ - 𝗣𝗵𝘂́ 𝗡𝗵𝘂𝗮̣̂𝗻 - 𝗛𝗖𝗠","Quận 12, Tp Hồ Chí Minh",Đã sử dụng,Xe máy điện,Unknown,2024,10000,24900000,Used,Hồ Chí Minh,2024.0,10000.0
1545,https://xe.chotot.com/mua-ban-xe-may/132529841.htm,2026-06-06 10:37:54,xe_may_dien,Xe máy điện VinFast Impes 2021 Đỏ,7300000,hồng phát,"Cần bán impes vinfat 2021, đa chuyển đổi acquy 4 binh nhỏ, chạy mượt êm,gia tốc len 70km ,giấy tờ biển số đầy đủ","Huyện Cần Đước, Long An",Đã sử dụng,Xe máy điện,Unknown,2021,7000,7300000,Used,Long An,2021.0,7000.0
1546,https://xe.chotot.com/mua-ban-xe-may/132696671.htm,2026-06-06 10:30:43,xe_may_dien,🩷Pink An Sương🩷QuantumS1 Bst Xe Máy Điện,43900000,Pink Ev Premium An Sương ,"Fb - Tiktok : Nguyen Minh Long Pink Dragon ==================📌📌📌================== DatbikeS1 Bạc BST 9 Chủ Công Chứng - Pin Mua Đi 1 Lần 285km - Dàn áo keng ko trầy 99% - Ốc tán 7 màu keng 99% - Còn đủ phụ kiện theo xe ❤️Xe keng 99% so với xe new 🏠𝟮𝟴𝟴 𝗧𝗿𝘂̛𝗼̛̀𝗻𝗴 𝗖𝗵𝗶𝗻𝗵 - 𝗤𝘂𝗮̣̂𝗻 𝟭𝟮 - 𝗛𝗖𝗠 ❤️Mợ Ấu đưa 5củ gốp ko lẽ sức 9 tháng ❤️Mợ Ấu đưa 50% Ko xác minh nhà ở ❤️Mợ Ấu đưa 80% ko phí hồ sơ lẽ sức ❤️Tặng 12 tháng xe hư đưa xe khác dùng ❤️Tặng đổi pin đi liền ko chờ sạc nhiều ở 8 đến 12 cơ sở ở Sài Gòn ( Ở Quận 4 -6 -8 -12 , Tân Bình, Bình Tân, Tân Phú, Thủ Đức, Phú Nhuận ) ✅𝗚𝗼́𝗽 𝗡𝗴𝗮̂𝗻 𝗛𝗮̀𝗻𝗴 : Đưa 20% ae giữ Cavet ✅𝗖𝗮̀ 𝗧𝗵𝗲̉ - 𝗚𝗼́𝗽: Cà thẻ ,chuyển đổi trả góp ✅𝗕𝗮𝗼 𝗤𝘂𝗮𝘆 Đ𝗮̂̀𝘂 : Từ 20% theo giá thị trường ✅𝗠𝘂𝗮 𝗕𝗮́𝗻 𝗧𝗿𝗮𝗼 Đ𝗼̂̉𝗶 𝗫𝗲 𝗫𝗮̆𝗻𝗴, 𝗫𝗲 Đ𝗶𝗲̣̂𝗻 𝗧𝗮̣̂𝗻 𝗡𝗵𝗮̀ 𝗖𝗧𝗬 𝗣𝗜𝗡𝗞 : 𝙓𝙀 Đ𝙄𝙀̣̂𝙉 𝙎𝘼̆̃𝙉 𝘼𝙋𝙋 - 𝗡𝗔̣̂𝗨 𝗫𝗢̛́ Đ𝗨̛𝗔 𝟲 𝗖𝗨̉ 🏠𝟭𝟳𝟴 𝗧𝗮̂𝗻 𝗧𝗵𝗼̛́𝗶 𝗛𝗶𝗲̣̂𝗽 𝟮𝟭 - 𝗤.𝟭𝟮 - 𝗛𝗖𝗠 🏠𝟮𝟴𝟴 𝗧𝗿𝘂̛𝗼̛̀𝗻𝗴 𝗖𝗵𝗶𝗻𝗵 - 𝗤𝘂𝗮̣̂𝗻 𝟭𝟮 - 𝗛𝗖𝗠 🏠𝟳𝟵 𝗛𝗼𝗮̀𝗻𝗴 𝗩𝗮̆𝗻 𝗧𝗵𝘂̣ - 𝗣𝗵𝘂́ 𝗡𝗵𝘂𝗮̣̂𝗻 - 𝗛𝗖𝗠","Quận 12, Tp Hồ Chí Minh",Mới,Xe máy điện,Unknown,2025,,43900000,New,Hồ Chí Minh,2025.0,
1547,https://xe.chotot.com/mua-ban-xe-may/132816406.htm,2026-06-06 10:19:54,xe_may_dien,Xe máy điện Takumis Crown S 2026 Trắng,10900000,Đức,"bán Vespa điện Takumis Crown S 2026 Xe mới mua 2 tháng. đi 2.000km Mua mới 17,8triệu Còn như mới. Xe còn bảo hành gần 2 năm. ắc quy còn bảo hành 1 năm Ai cần alo em","Huyện Krông A Na, Đắk Lắk",Đã sử dụng,Xe máy điện,Unknown,2026,2000,10900000,Used,Đắk Lắk,2026.0,2000.0
1548,https://xe.chotot.com/mua-ban-xe-may/132816321.htm,2026-06-06 10:16:34,xe_may_dien,Xe máy điện MX Đỏ đen,4500000,cong truong,"Xe máy điện MX màu đỏ đen, thiết kế hiện đại, nhỏ gọn. - Xe vận hành êm ái, tiết kiệm năng lượng. - Phù hợp di chuyển trong thành phố. - 4 bình và 2 lốp đã được thay mới.","Huyện Yên Định, Thanh Hóa",Đã sử dụng,Xe máy điện,Unknown,2024,2000,4500000,Used,Thanh Hóa,2024.0,2000.0
1549,https://xe.chotot.com/mua-ban-xe-may/132815207.htm,2026-06-06 09:34:52,xe_may_dien,Xe máy điện VinFast Evo Grand Trắng,24500000,Võ Văn Huy,"Evo grand 2 pin 2,4kw Sạc 400w theo xe Odo 7200km Ngoại hình đẹp Bảo hành hãng 8 năm","Quận 6, Tp Hồ Chí Minh",Đã sử dụng,Xe máy điện,Unknown,2025,7200,24500000,Used,Hồ Chí Minh,2025.0,7200.0
1550,https://xe.chotot.com/mua-ban-xe-may/132789002.htm,2026-06-06 09:05:03,xe_may_dien,Xe máy điện Dat Bike S3 Xám,33000000,Xe Điện GV,⚡️ Dat Bike S3 ⚡️ 📝 BSSG chính chủ công chứng 📍 Odo: 3.333km ✨ Yên kim đan 🔧 Phuộc trước sau đã fix êm ái 🛞 Lốp xịn còn lằn chỉ ⚙️ Nhông sên dĩa còn đẹp 📞 *** 📲 Zalo: *** #DatBikeS3 #DatBike #XeDien #XeDienCu #ThuMuaXeDien #SaiGon #XeDienTPHCM,"Quận Bình Tân, Tp Hồ Chí Minh",Đã sử dụng,Xe máy điện,Unknown,2025,3333,33000000,Used,Hồ Chí Minh,2025.0,3333.0
1551,https://xe.chotot.com/mua-ban-xe-may/132813180.htm,2026-06-06 07:49:57,xe_may_dien,Xe máy điện Quantum S2 Đen,39500000,Dung,"⚡ Quantum S2 chính chủ BSTP ✅ Odo 22.000km ✅ Pin 99% ✅ Xe zin đẹp 💰 Giá 39,5 triệu Hỗ trợ trả góp, bao no xấu 🏠Xem trực tiếp quận bình tân 📞Dung: *** Tư Vấn Nhanh ZALO: ***","Quận Bình Tân, Tp Hồ Chí Minh",Đã sử dụng,Xe máy điện,Unknown,2025,22000,39500000,Used,Hồ Chí Minh,2025.0,22000.0
1552,https://xe.chotot.com/mua-ban-xe-may/132813134.htm,2026-06-06 07:46:27,xe_may_dien,Xe máy điện Selex Camel 1 Vàng,45000000,Tron,"Selex camel 1, đã kàm pin 84v 140ah, 1 lần sạc 300km, động cơ 2k. Chính chủ sang tên, odo 7k km. Xe tại sg bình tân .","Quận Bình Tân, Tp Hồ Chí Minh",Đã sử dụng,Xe máy điện,Unknown,2024,7000,45000000,Used,Hồ Chí Minh,2024.0,7000.0
1553,https://xe.chotot.com/mua-ban-xe-may/132813021.htm,2026-06-06 07:40:20,xe_may_dien,VinFast EVO200 Trắng dk2023 bst,19800000,XE ĐIỆN 90s,VINFAST EVO200 – TRẮNG – ĐK 2/2023 📌 Biển số tỉnh 60 📌 ODO: hơn 4v. Xe đẹp keng ko trầy bể 📌 pin zin 3.5kwh đi ~120km/sạc. Sạc zin 400w 📌 nâng cấp cổng sạc usb. TypeC. 📌 Giao Cavet - bao tranh chấp 💰 G.i.á: 19.800.000₫ Ace mến ới e 📲 *** ✔️ Hỗ trợ ship xe – cà thẻ – trả góp 👁️‍🗨️ Góp “Nậu Xớ” trả trước 30% ♻️ Giao lưu bù trừ hợp lý các dòng xe 📞Call/Zalo: *** xem xe Gò Vấp,"Quận Gò Vấp, Tp Hồ Chí Minh",Đã sử dụng,Xe máy điện,Unknown,2023,40000,19800000,Used,Hồ Chí Minh,2023.0,40000.0
1554,https://xe.chotot.com/mua-ban-xe-may/132812862.htm,2026-06-06 07:27:49,xe_may_dien,Xe điện Victory S6 Đen,12000000,Dang Khanh Nguyen,"Xe điện 3 bánh Victory S6 màu đen, thiết kế hiện đại, phù hợp cho cả nam và nữ. - Xe vận hành êm ái, dễ điều khiển. - An toàn, tiện lợi khi di chuyển trong phố. - Kiểu dáng thể thao, cá tính. - Mới đi được 1 năm, ít sử dụng.","Quận Hải Châu, Đà Nẵng",Đã sử dụng,Xe máy điện,Unknown,2025,100,12000000,Used,Đà Nẵng,2025.0,100.0
1555,https://xe.chotot.com/mua-ban-xe-may/131240275.htm,2026-06-05 22:46:55,xe_may_dien,✅MUA XE ĐIỆN CAO HƠN SHOP KHÁC 500- 2TR TUỲ XE✅,6666666,Xe Điện Pink Quận Mười Hai,𝗠𝘂𝗮 𝗫𝗲 Đ𝗶𝗲̣̂𝗻 𝗧𝗮̣𝗶 𝗡𝗵𝗮̀ - 𝗚𝗶𝗮́ 𝗖𝗮𝗼 𝗛𝗼̛𝗻 𝗧𝗵𝗶̣ 𝗧𝗿𝘂̛𝗼̛̀𝗻𝗴 _______𝗖𝗮𝗼 𝗛𝗼̛𝗻 𝗧𝘂̛̀ 𝟱𝟬𝟬𝗸 - 𝟮𝘁𝗿 𝗧𝘂𝘆̀ 𝗫𝗲 _______ 𝗖𝗵𝘂𝘆𝗲̂𝗻: 𝗩𝗶𝗻𝗳𝗮𝘀𝘁 𝘃𝗮̀ 𝗬𝗮𝗱𝗲𝗮 -Ư𝘂 𝗧𝗶𝗲̂𝗻: 𝗫𝗲 Đ𝗼̣̂ 𝗞𝗶𝗲̂̉𝗻𝗴 ❌ Có Thể Ký Mua Bán Sang Tên Nếu Khách Ngại Pháp Lý Về Sau ❌Lo Hết Pháp Lý Nếu Khách Hàng Ko Có Thời Gian Hoặc Ko Rành Pháp Lý ❌Nhận Mua Những Xe Vắng Chủ Hay Ko Ký Giấy Được Nhưng Phải Rõ Ràng Pháp Lý ❌Thanh Toán 1 Lần Nếu Pháp Lý Rõ Ràng ✅Thu Mua Những Xe Của Đại Lý Vinfast Sẽ Có Giá Ưu Đãi Riêng Ae Đại Lý Cứ Inbox Thử Nhé _______________________________________ 𝗖𝗧𝗬 𝗣𝗜𝗡𝗞 : 𝗫𝗘 Đ𝗜Ệ𝗡 𝗦𝗔̆̃𝗡 𝗔𝗣𝗣 - 𝗡Ậ𝗨 𝗫Ớ 𝗞𝗢 𝗟Ã𝗜 ☎️/𝗭𝗮𝗹𝗼 : *** #𝘽𝙚́ 𝙋𝙝𝙪̛𝙤̛𝙣𝙜 🏠𝟮𝟴𝟴 𝗧𝗿𝘂̛𝗼̛̀𝗻𝗴 𝗖𝗵𝗶𝗻𝗵 - 𝗤𝘂𝗮̣̂𝗻 𝟭𝟮 - 𝗛𝗖𝗠 🏠𝟭𝟳𝟴 𝗧𝗮̂𝗻 𝗧𝗵𝗼̛́𝗶 𝗛𝗶𝗲̣̂𝗽 𝟮𝟭 - 𝗤𝘂𝗮̣̂𝗻 𝟭𝟮 - 𝗛𝗖𝗠 🏠 𝟳𝟵 𝗛𝗼𝗮̀𝗻𝗴 𝗩𝗮̆𝗻 𝗧𝗵𝘂̣ - 𝗣𝗵𝘂́ 𝗡𝗵𝘂𝗮̣̂𝗻 - 𝗛𝗖𝗠,"Quận 12, Tp Hồ Chí Minh",Đã sử dụng,Xe máy điện,Unknown,2024,12000,6666666,Used,Hồ Chí Minh,2024.0,12000.0
1556,https://xe.chotot.com/mua-ban-xe-may/132811471.htm,2026-06-05 22:45:17,xe_may_dien,✅Pink Metro✅FelizS 2024 Pin mua 3.5kw,29900000,Pink Ev Premium Q12 Metro,"Fb - Tiktok : Nguyen Minh Long Pink Dragon ==================📌📌📌================== FelizS 2024 TPHCM ( mới ) 9 Chủ Công Chứng - Pin mua 3.5kw - Odo 10.000km - Dàn áo đẹp chi tiết như hình - Ốc tán đẹp keng sáng 95% - Bảo hành Vinfast toàn quốc 2029 🏠𝟭𝟳𝟴 𝗧𝗮̂𝗻 𝗧𝗵𝗼̛́𝗶 𝗛𝗶𝗲̣̂𝗽 𝟮𝟭 - 𝗤.𝟭𝟮 - 𝗛𝗖𝗠 ❤️Mợ Ấu đưa 5củ gốp ko lẽ sức 9 tháng ❤️Mợ Ấu đưa 50% Ko xác minh nhà ở ❤️Mợ Ấu đưa 80% ko phí hồ sơ lẽ sức ❤️Tặng 12 tháng xe hư đưa xe khác dùng ❤️Tặng đổi pin đi liền ko chờ sạc nhiều ở 8 đến 12 cơ sở ở Sài Gòn ( Ở Quận 4 -6 -8 -12 , Tân Bình, Bình Tân, Tân Phú, Thủ Đức, Phú Nhuận ) ✅𝗚𝗼́𝗽 𝗡𝗴𝗮̂𝗻 𝗛𝗮̀𝗻𝗴 : Đưa 20% ae giữ Cavet ✅𝗖𝗮̀ 𝗧𝗵𝗲̉ - 𝗚𝗼́𝗽: Cà thẻ ,chuyển đổi trả góp ✅𝗕𝗮𝗼 𝗤𝘂𝗮𝘆 Đ𝗮̂̀𝘂 : Từ 20% theo giá thị trường ✅𝗠𝘂𝗮 𝗕𝗮́𝗻 𝗧𝗿𝗮𝗼 Đ𝗼̂̉𝗶 𝗫𝗲 𝗫𝗮̆𝗻𝗴, 𝗫𝗲 Đ𝗶𝗲̣̂𝗻 𝗧𝗮̣̂𝗻 𝗡𝗵𝗮̀ 𝗖𝗧𝗬 𝗣𝗜𝗡𝗞 : 𝙓𝙀 Đ𝙄𝙀̣̂𝙉 𝙎𝘼̆̃𝙉 𝘼𝙋𝙋 - 𝗡𝗔̣̂𝗨 𝗫𝗢̛́ Đ𝗨̛𝗔 𝟲 𝗖𝗨̉ 🏠𝟭𝟳𝟴 𝗧𝗮̂𝗻 𝗧𝗵𝗼̛́𝗶 𝗛𝗶𝗲̣̂𝗽 𝟮𝟭 - 𝗤.𝟭𝟮 - 𝗛𝗖𝗠 🏠𝟮𝟴𝟴 𝗧𝗿𝘂̛𝗼̛̀𝗻𝗴 𝗖𝗵𝗶𝗻𝗵 - 𝗤𝘂𝗮̣̂𝗻 𝟭𝟮 - 𝗛𝗖𝗠 🏠𝟳𝟵 𝗛𝗼𝗮̀𝗻𝗴 𝗩𝗮̆𝗻 𝗧𝗵𝘂̣ - 𝗣𝗵𝘂́ 𝗡𝗵𝘂𝗮̣̂𝗻 - 𝗛𝗖𝗠","Quận 12, Tp Hồ Chí Minh",Đã sử dụng,Xe máy điện,Unknown,2024,10000,29900000,Used,Hồ Chí Minh,2024.0,10000.0
1557,https://xe.chotot.com/mua-ban-xe-may/132810641.htm,2026-06-05 21:26:55,xe_may_dien,Xe máy điện K1 màu Trắng,8900000,Thanh Tú,"Thanh lý Xe K1 chạy mới 1k6 km, xe chạy kỹ nên còn rất mới -Tốc độ 50km/h - Đầy bình chạy hơn 50 km cho 1 lần sạc - Giá : 8tr900 ( ở xa giảm 200k ) Địa chỉ : 22/ 1 D tỉnh lộ 15 ấp Phú Thuận - xã Phú Hoà Đông ( Củ Chi) - tp. HCM Sdt : ***","Huyện Củ Chi, Tp Hồ Chí Minh",Đã sử dụng,Xe máy điện,Unknown,2024,1600,8900000,Used,Hồ Chí Minh,2024.0,1600.0
1558,https://xe.chotot.com/mua-ban-xe-may/132810634.htm,2026-06-05 21:26:10,xe_may_dien,Xe máy điện Quantum S2 Đen,43500000,Dung,"⚡ Quantum S2 siêu lướt ⚡ 🔋 Odo: 5.000 km ⚡ Tặng kèm sạc nhanh 1800W 📄 Chính chủ BSTP ✨ Xe đẹp, chạy êm, pin khỏe 💰 Giá bán: 43,5 triệu Hỗ trợ trả góp, bao no xấu 🏠Xem trực tiếp quận bình tân 📞Dung: *** Tư Vấn Nhanh ZALO: ***","Quận Bình Tân, Tp Hồ Chí Minh",Đã sử dụng,Xe máy điện,Unknown,2025,5000,43500000,Used,Hồ Chí Minh,2025.0,5000.0
1559,https://xe.chotot.com/mua-ban-xe-may/132805067.htm,2026-06-05 15:47:07,xe_may_dien,💙Pink Phú Nhuận💙Feliz2025 odo 5k Xe Máy Điện,34900000,Pink Ev Premium Phú Nhuận,"Fb - Tiktok : Nguyen Minh Long Pink Dragon ==================📌📌📌================== Feliz2025 đk 3/2026 Sài Gòn 9 Chủ Bao Công Chứng - 2 Pin mua đứt - Dàn áo keng 99% - Ốc tán 7 màu keng 99% - Còn đủ phụ kiện theo xe ❤️Xe keng 99% so với xe new 🏠𝟳𝟵 𝗛𝗼𝗮̀𝗻𝗴 𝗩𝗮̆𝗻 𝗧𝗵𝘂̣ - 𝗣𝗵𝘂́ 𝗡𝗵𝘂𝗮̣̂𝗻 - 𝗛𝗖𝗠 ✅𝗚𝗼́𝗽 𝗡𝗴𝗮̂𝗻 𝗛𝗮̀𝗻𝗴 : Đưa 20% ae giữ Cavet ✅𝗖𝗮̀ 𝗧𝗵𝗲̉ - 𝗚𝗼́𝗽: Cà thẻ ,chuyển đổi trả góp ✅𝗕𝗮𝗼 𝗤𝘂𝗮𝘆 Đ𝗮̂̀𝘂 : Từ 20% theo giá thị trường ✅𝗠𝘂𝗮 𝗕𝗮́𝗻 𝗧𝗿𝗮𝗼 Đ𝗼̂̉𝗶 𝗫𝗲 𝗫𝗮̆𝗻𝗴, 𝗫𝗲 Đ𝗶𝗲̣̂𝗻 𝗧𝗮̣̂𝗻 𝗡𝗵𝗮̀ 𝗖𝗧𝗬 𝗣𝗜𝗡𝗞 : 𝙓𝙀 Đ𝙄𝙀̣̂𝙉 𝙎𝘼̆̃𝙉 𝘼𝙋𝙋 - 𝗡𝗔̣̂𝗨 𝗫𝗢̛́ Đ𝗨̛𝗔 𝟲 𝗖𝗨̉ 🏠𝟭𝟳𝟴 𝗧𝗮̂𝗻 𝗧𝗵𝗼̛́𝗶 𝗛𝗶𝗲̣̂𝗽 𝟮𝟭 - 𝗤.𝟭𝟮 - 𝗛𝗖𝗠 🏠𝟮𝟴𝟴 𝗧𝗿𝘂̛𝗼̛̀𝗻𝗴 𝗖𝗵𝗶𝗻𝗵 - 𝗤𝘂𝗮̣̂𝗻 𝟭𝟮 - 𝗛𝗖𝗠 🏠𝟳𝟵 𝗛𝗼𝗮̀𝗻𝗴 𝗩𝗮̆𝗻 𝗧𝗵𝘂̣ - 𝗣𝗵𝘂́ 𝗡𝗵𝘂𝗮̣̂𝗻 - 𝗛𝗖𝗠","Quận Phú Nhuận, Tp Hồ Chí Minh",Đã sử dụng,Xe máy điện,Unknown,2025,50000,34900000,Used,Hồ Chí Minh,2025.0,50000.0
1560,https://xe.chotot.com/mua-ban-xe-may/132776645.htm,2026-06-05 15:47:01,xe_may_dien,"Xe máy điện Vespa đèn vuông cũ sịn đẹp, đầy đủ",8500000,Duy Hưng,"Xe Điện Vespa đèn vuông cũ sịn đẹp, khoẻ khoắn và đầy đủ. Không hỏng gì, đi tầm 40-50km. Ai cần hãy gọi hoặc nhắn zalo","Quận Nam Từ Liêm, Hà Nội",Đã sử dụng,Xe máy điện,Unknown,2018,9999,8500000,Used,Hà Nội,2018.0,9999.0
1561,https://xe.chotot.com/mua-ban-xe-may/132804888.htm,2026-06-05 15:40:26,xe_may_dien,💙Pink Phú Nhuận💙Feliz2025 mua 1 pin Xe Máy Điện,30900000,Pink Ev Premium Phú Nhuận,"Fb - Tiktok : Nguyen Minh Long Pink Dragon ==================📌📌📌================== Feliz 2025 Sài Gòn 9 Chủ Bao Công Chứng - 1 Pin mua đứt - Dàn áo keng 99% - Ốc tán 7 màu keng 99% - Còn đủ phụ kiện theo xe ❤️Xe keng 98% so với xe new 🏠𝟳𝟵 𝗛𝗼𝗮̀𝗻𝗴 𝗩𝗮̆𝗻 𝗧𝗵𝘂̣ - 𝗣𝗵𝘂́ 𝗡𝗵𝘂𝗮̣̂𝗻 - 𝗛𝗖𝗠 ✅𝗚𝗼́𝗽 𝗡𝗴𝗮̂𝗻 𝗛𝗮̀𝗻𝗴 : Đưa 20% ae giữ Cavet ✅𝗖𝗮̀ 𝗧𝗵𝗲̉ - 𝗚𝗼́𝗽: Cà thẻ ,chuyển đổi trả góp ✅𝗕𝗮𝗼 𝗤𝘂𝗮𝘆 Đ𝗮̂̀𝘂 : Từ 20% theo giá thị trường ✅𝗠𝘂𝗮 𝗕𝗮́𝗻 𝗧𝗿𝗮𝗼 Đ𝗼̂̉𝗶 𝗫𝗲 𝗫𝗮̆𝗻𝗴, 𝗫𝗲 Đ𝗶𝗲̣̂𝗻 𝗧𝗮̣̂𝗻 𝗡𝗵𝗮̀ 𝗖𝗧𝗬 𝗣𝗜𝗡𝗞 : 𝙓𝙀 Đ𝙄𝙀̣̂𝙉 𝙎𝘼̆̃𝙉 𝘼𝙋𝙋 - 𝗡𝗔̣̂𝗨 𝗫𝗢̛́ Đ𝗨̛𝗔 𝟲 𝗖𝗨̉ 🏠𝟭𝟳𝟴 𝗧𝗮̂𝗻 𝗧𝗵𝗼̛́𝗶 𝗛𝗶𝗲̣̂𝗽 𝟮𝟭 - 𝗤.𝟭𝟮 - 𝗛𝗖𝗠 🏠𝟮𝟴𝟴 𝗧𝗿𝘂̛𝗼̛̀𝗻𝗴 𝗖𝗵𝗶𝗻𝗵 - 𝗤𝘂𝗮̣̂𝗻 𝟭𝟮 - 𝗛𝗖𝗠 🏠𝟳𝟵 𝗛𝗼𝗮̀𝗻𝗴 𝗩𝗮̆𝗻 𝗧𝗵𝘂̣ - 𝗣𝗵𝘂́ 𝗡𝗵𝘂𝗮̣̂𝗻 - 𝗛𝗖𝗠","Quận Phú Nhuận, Tp Hồ Chí Minh",Đã sử dụng,Xe máy điện,Unknown,2025,5000,30900000,Used,Hồ Chí Minh,2025.0,5000.0
1562,https://xe.chotot.com/mua-ban-xe-may/132804810.htm,2026-06-05 15:36:34,xe_may_dien,💙Pink Phú Nhuận💙Evo200 Lite 2025 Bán Xe Máy Điện,28900000,Pink Ev Premium Phú Nhuận,"Fb - Tiktok : Nguyen Minh Long Pink Dragon ==================📌📌📌================== EvoGand 2026 Sài Gòn 9 Chủ Công Chứng - 2 pin mua 2.4kw - Dàn áo đẹp 98% như hình - Ốc tán 7 màu keng 99% - Còn đủ phụ kiện theo xe ❤️Xe keng 99% so với xe new 🏠𝟳𝟵 𝗛𝗼𝗮̀𝗻𝗴 𝗩𝗮̆𝗻 𝗧𝗵𝘂̣ - 𝗣𝗵𝘂́ 𝗡𝗵𝘂𝗮̣̂𝗻 - 𝗛𝗖𝗠 ✅𝗚𝗼́𝗽 𝗡𝗴𝗮̂𝗻 𝗛𝗮̀𝗻𝗴 : Đưa 20% ae giữ Cavet ✅𝗖𝗮̀ 𝗧𝗵𝗲̉ - 𝗚𝗼́𝗽: Cà thẻ ,chuyển đổi trả góp ✅𝗕𝗮𝗼 𝗤𝘂𝗮𝘆 Đ𝗮̂̀𝘂 : Từ 20% theo giá thị trường ✅𝗠𝘂𝗮 𝗕𝗮́𝗻 𝗧𝗿𝗮𝗼 Đ𝗼̂̉𝗶 𝗫𝗲 𝗫𝗮̆𝗻𝗴, 𝗫𝗲 Đ𝗶𝗲̣̂𝗻 𝗧𝗮̣̂𝗻 𝗡𝗵𝗮̀ 𝗖𝗧𝗬 𝗣𝗜𝗡𝗞 : 𝙓𝙀 Đ𝙄𝙀̣̂𝙉 𝙎𝘼̆̃𝙉 𝘼𝙋𝙋 - 𝗡𝗔̣̂𝗨 𝗫𝗢̛́ Đ𝗨̛𝗔 𝟲 𝗖𝗨̉ 🏠𝟭𝟳𝟴 𝗧𝗮̂𝗻 𝗧𝗵𝗼̛́𝗶 𝗛𝗶𝗲̣̂𝗽 𝟮𝟭 - 𝗤.𝟭𝟮 - 𝗛𝗖𝗠 🏠𝟮𝟴𝟴 𝗧𝗿𝘂̛𝗼̛̀𝗻𝗴 𝗖𝗵𝗶𝗻𝗵 - 𝗤𝘂𝗮̣̂𝗻 𝟭𝟮 - 𝗛𝗖𝗠 🏠𝟳𝟵 𝗛𝗼𝗮̀𝗻𝗴 𝗩𝗮̆𝗻 𝗧𝗵𝘂̣ - 𝗣𝗵𝘂́ 𝗡𝗵𝘂𝗮̣̂𝗻 - 𝗛𝗖𝗠","Quận Phú Nhuận, Tp Hồ Chí Minh",Đã sử dụng,Xe máy điện,Unknown,2026,1000,28900000,Used,Hồ Chí Minh,2026.0,1000.0
1563,https://xe.chotot.com/mua-ban-xe-may/132804750.htm,2026-06-05 15:33:45,xe_may_dien,Xe máy điện VinFast Evo Grand Đen,21500000,Dung,"Evo Grand Siêu Lướt Odo lướt 700km Bstp chính chủ Giá 21tr5 Hỗ trợ trả góp, bao no xấu 🏠Xem trực tiếp quận bình tân 📞Dung: *** Tư Vấn Nhanh ZALO: ***","Quận Bình Tân, Tp Hồ Chí Minh",Đã sử dụng,Xe máy điện,Unknown,2025,700,21500000,Used,Hồ Chí Minh,2025.0,700.0
1564,https://xe.chotot.com/mua-ban-xe-may/131053629.htm,2026-06-05 15:14:51,xe_may_dien,✅Pink Metro✅ FelizS 2024 Pin Mua - Xe Máy Điện,30900000,Xe Điện Pink Quận Mười Hai,"Fb - Tiktok : Nguyen Minh Long Pink Dragon ==================📌📌📌================== FelizS 2024 Sài Gòn 9 chủ bao ký - Pin mua - Dàn áo đẹp full keo - Ốc tán sáng đẹp như hình - Bảo hành Vinfast toàn quốc 2029 ❤️Xe keng 95% so với xe new 🏠𝟭𝟳𝟴 𝗧𝗮̂𝗻 𝗧𝗵𝗼̛́𝗶 𝗛𝗶𝗲̣̂𝗽 𝟮𝟭 - 𝗤.𝟭𝟮 - 𝗛𝗖𝗠 ❤️Nậu Xớ Ko L/ã/i Chỉ Đưa Trước 10tr ❤️Xe Sẵn App hay Đăng Ký 9 chủ ở Pink ❤️Tặng gói xe hư sẽ có xe khác dùng tiếp ❤️Tặng đổi pin đi liền ko sạc ở nhiều cơ sở ✅𝗚𝗼́𝗽 𝗡𝗴𝗮̂𝗻 𝗛𝗮̀𝗻𝗴 : Đưa 20% ae giữ Cavet ✅𝗖𝗮̀ 𝗧𝗵𝗲̉ - 𝗚𝗼́𝗽: Cà thẻ ,chuyển đổi trả góp ✅𝗕𝗮𝗼 𝗤𝘂𝗮𝘆 Đ𝗮̂̀𝘂 : Từ 20% theo giá thị trường ✅𝗠𝘂𝗮 𝗕𝗮́𝗻 𝗧𝗿𝗮𝗼 Đ𝗼̂̉𝗶 𝗫𝗲 𝗫𝗮̆𝗻𝗴, 𝗫𝗲 Đ𝗶𝗲̣̂𝗻 𝗧𝗮̣̂𝗻 𝗡𝗵𝗮̀ 𝗖𝗧𝗬 𝗣𝗜𝗡𝗞 : 𝙓𝙀 Đ𝙄𝙀̣̂𝙉 𝙎𝘼̆̃𝙉 𝘼𝙋𝙋 - 𝗡𝗔̣̂𝗨 𝗫𝗢̛́ Đ𝗨̛𝗔 𝟯 𝗖𝗨̉ 🏠𝟭𝟳𝟴 𝗧𝗮̂𝗻 𝗧𝗵𝗼̛́𝗶 𝗛𝗶𝗲̣̂𝗽 𝟮𝟭 - 𝗤.𝟭𝟮 - 𝗛𝗖𝗠 🏠𝟮𝟴𝟴 𝗧𝗿𝘂̛𝗼̛̀𝗻𝗴 𝗖𝗵𝗶𝗻𝗵 - 𝗤𝘂𝗮̣̂𝗻 𝟭𝟮 - 𝗛𝗖𝗠 🏠𝟳𝟵 𝗛𝗼𝗮̀𝗻𝗴 𝗩𝗮̆𝗻 𝗧𝗵𝘂̣ - 𝗣𝗵𝘂́ 𝗡𝗵𝘂𝗮̣̂𝗻 - 𝗛𝗖𝗠","Quận 12, Tp Hồ Chí Minh",Đã sử dụng,Xe máy điện,Unknown,2024,10,30900000,Used,Hồ Chí Minh,2024.0,10.0
1565,https://xe.chotot.com/mua-ban-xe-may/132804205.htm,2026-06-05 15:12:37,xe_may_dien,💙Pink Phú Nhuận💙Feliz2025 mua 2 pin Xe Máy Điện,35900000,Pink Ev Premium Phú Nhuận,"Fb - Tiktok : Nguyen Minh Long Pink Dragon ==================📌📌📌================== Feliz 2025 Sài Gòn 9 Chủ Công Chứng - 2 Pin mua đứt - Dàn áo keng 99% - Ốc tán 7 màu keng 99% - Còn đủ phụ kiện theo xe ❤️Xe keng 99% so với xe new 🏠𝟳𝟵 𝗛𝗼𝗮̀𝗻𝗴 𝗩𝗮̆𝗻 𝗧𝗵𝘂̣ - 𝗣𝗵𝘂́ 𝗡𝗵𝘂𝗮̣̂𝗻 - 𝗛𝗖𝗠 ✅𝗚𝗼́𝗽 𝗡𝗴𝗮̂𝗻 𝗛𝗮̀𝗻𝗴 : Đưa 20% ae giữ Cavet ✅𝗖𝗮̀ 𝗧𝗵𝗲̉ - 𝗚𝗼́𝗽: Cà thẻ ,chuyển đổi trả góp ✅𝗕𝗮𝗼 𝗤𝘂𝗮𝘆 Đ𝗮̂̀𝘂 : Từ 20% theo giá thị trường ✅𝗠𝘂𝗮 𝗕𝗮́𝗻 𝗧𝗿𝗮𝗼 Đ𝗼̂̉𝗶 𝗫𝗲 𝗫𝗮̆𝗻𝗴, 𝗫𝗲 Đ𝗶𝗲̣̂𝗻 𝗧𝗮̣̂𝗻 𝗡𝗵𝗮̀ 𝗖𝗧𝗬 𝗣𝗜𝗡𝗞 : 𝙓𝙀 Đ𝙄𝙀̣̂𝙉 𝙎𝘼̆̃𝙉 𝘼𝙋𝙋 - 𝗡𝗔̣̂𝗨 𝗫𝗢̛́ Đ𝗨̛𝗔 𝟲 𝗖𝗨̉ 🏠𝟭𝟳𝟴 𝗧𝗮̂𝗻 𝗧𝗵𝗼̛́𝗶 𝗛𝗶𝗲̣̂𝗽 𝟮𝟭 - 𝗤.𝟭𝟮 - 𝗛𝗖𝗠 🏠𝟮𝟴𝟴 𝗧𝗿𝘂̛𝗼̛̀𝗻𝗴 𝗖𝗵𝗶𝗻𝗵 - 𝗤𝘂𝗮̣̂𝗻 𝟭𝟮 - 𝗛𝗖𝗠 🏠𝟳𝟵 𝗛𝗼𝗮̀𝗻𝗴 𝗩𝗮̆𝗻 𝗧𝗵𝘂̣ - 𝗣𝗵𝘂́ 𝗡𝗵𝘂𝗮̣̂𝗻 - 𝗛𝗖𝗠","Quận Phú Nhuận, Tp Hồ Chí Minh",Đã sử dụng,Xe máy điện,Unknown,2025,5000,35900000,Used,Hồ Chí Minh,2025.0,5000.0
1566,https://xe.chotot.com/mua-ban-xe-may/131638993.htm,2026-06-05 15:07:47,xe_may_dien,💙Pink Phú Nhuận💙FelizS Pin Mua Bán Xe Máy Điện,27900000,Pink Ev Premium Phú Nhuận,"Fb - Tiktok : Nguyen Minh Long Pink Dragon ==================📌📌📌================== FelizS Sài Gòn 9 Chủ Bao Công Chứng - 1 pin mua 3.5kw - Odo vài nghìn km - Còn đủ phụ kiện theo xe - Ốc tán đẹp keng 95% - Bảo hành theo hãng Vinfast 🏠𝟳𝟵 𝗛𝗼𝗮̀𝗻𝗴 𝗩𝗮̆𝗻 𝗧𝗵𝘂̣ - 𝗣𝗵𝘂́ 𝗡𝗵𝘂𝗮̣̂𝗻 - 𝗛𝗖𝗠 ❤️Nậu Xớ Đưa Từ 6tr Ko L//ã//i Suất ❤️Lên hồ sơ Online nhận xe tại nhà ❤️Nậu Xớ trả chậm trong 24 tháng ❤️Tặng đổi pin đi liền ko sạc ở 8-12 cơ sở ❤️Tặng 1 năm hư Pink đưa xe dùng khi chờ sửa ✅𝗚𝗼́𝗽 𝗡𝗴𝗮̂𝗻 𝗛𝗮̀𝗻𝗴 : Đưa 20% ae giữ Cavet ✅𝗖𝗮̀ 𝗧𝗵𝗲̉ - 𝗚𝗼́𝗽: Cà thẻ ,chuyển đổi trả góp ✅𝗕𝗮𝗼 𝗤𝘂𝗮𝘆 Đ𝗮̂̀𝘂 : Từ 20% theo giá thị trường ✅𝗠𝘂𝗮 𝗕𝗮́𝗻 𝗧𝗿𝗮𝗼 Đ𝗼̂̉𝗶 𝗫𝗲 𝗫𝗮̆𝗻𝗴, 𝗫𝗲 Đ𝗶𝗲̣̂𝗻 𝗧𝗮̣̂𝗻 𝗡𝗵𝗮̀ 𝗖𝗧𝗬 𝗣𝗜𝗡𝗞 : 𝙓𝙀 Đ𝙄𝙀̣̂𝙉 𝙎𝘼̆̃𝙉 𝘼𝙋𝙋 - 𝗡𝗔̣̂𝗨 𝗫𝗢̛́ Đ𝗨̛𝗔 𝟲 𝗖𝗨̉ 🏠𝟭𝟳𝟴 𝗧𝗮̂𝗻 𝗧𝗵𝗼̛́𝗶 𝗛𝗶𝗲̣̂𝗽 𝟮𝟭 - 𝗤.𝟭𝟮 - 𝗛𝗖𝗠 🏠𝟮𝟴𝟴 𝗧𝗿𝘂̛𝗼̛̀𝗻𝗴 𝗖𝗵𝗶𝗻𝗵 - 𝗤𝘂𝗮̣̂𝗻 𝟭𝟮 - 𝗛𝗖𝗠 🏠𝟳𝟵 𝗛𝗼𝗮̀𝗻𝗴 𝗩𝗮̆𝗻 𝗧𝗵𝘂̣ - 𝗣𝗵𝘂́ 𝗡𝗵𝘂𝗮̣̂𝗻 - 𝗛𝗖𝗠","Quận Phú Nhuận, Tp Hồ Chí Minh",Đã sử dụng,Xe máy điện,Unknown,2022,10000,27900000,Used,Hồ Chí Minh,2022.0,10000.0
1567,https://xe.chotot.com/mua-ban-xe-may/132803884.htm,2026-06-05 14:59:58,xe_may_dien,Xe điện Đen Hiện đại,4500000,Phạm Tiến,Xe điện m133 đã qua sd vẫn đi tốt gãy xi nhan trước,"Thành phố Dĩ An, Bình Dương",Đã sử dụng,Xe máy điện,Unknown,2023,1500,4500000,Used,Bình Dương,2023.0,1500.0
1568,https://xe.chotot.com/mua-ban-xe-may/132802432.htm,2026-06-05 14:06:45,xe_may_dien,Xe điện X-Men Đỏ Đã sử dụng,4900000,Mai Trâm,xe điện hiệu X Men xe còn sử dụng tốt bình bán có bảo hành Xem tại nhà đường Trần Đại Nghĩa phường Tân Tạo A quận Bình Tân xe có giấy tờ đầy đủ,"Quận Bình Tân, Tp Hồ Chí Minh",Đã sử dụng,Xe máy điện,Unknown,2014,26,4900000,Used,Hồ Chí Minh,2014.0,26.0
1569,https://xe.chotot.com/mua-ban-xe-may/132482295.htm,2026-06-05 13:40:26,xe_may_dien,Evo Max Trắng new trúng thưởng biển 60,18000000,xe Điện Giá Tốt Sài Gòn,Evo max new 100% trúng thửng biển 60 chính chủ ký,"Quận 3, Tp Hồ Chí Minh",Mới,Xe máy điện,Unknown,2026,,18000000,New,Hồ Chí Minh,2026.0,
1570,https://xe.chotot.com/mua-ban-xe-may/132801471.htm,2026-06-05 13:23:47,xe_may_dien,Xe máy điện VinFast Feliz S 2025 Bạc,28500000,Dung,"✨ VINFAST FELIZ S 2025 – CHÍNH CHỦ BSTP ✨ 🔹 Đời 2025, biển số TP sang tên được 🔹 Odo chuẩn 12.000 km 🔹 Xe sử dụng kỹ, vận hành êm ái, mọi chức năng hoạt động tốt 🔹 Ngoại hình đẹp, pin ổn định, phù hợp đi học, đi làm hằng ngày 💰 Giá bán: 28.5 triệu Hỗ trợ trả góp, bao no xấu 🏠Xem trực tiếp quận bình tân 📞Dung: *** Tư Vấn Nhanh ZALO: ***","Quận Bình Tân, Tp Hồ Chí Minh",Đã sử dụng,Xe máy điện,Unknown,2025,12000,28500000,Used,Hồ Chí Minh,2025.0,12000.0
1571,https://xe.chotot.com/mua-ban-xe-may/132801040.htm,2026-06-05 13:03:51,xe_may_dien,Xe máy điện Xmen Xanh đen,5500000,Nguyễn Thạnh,"xe máy điện xmen,xe sử dụng Ac quy 5binh lớn,xe chạy mượt bình khỏe,xe đi đc 50-55km cho 1lan sạc giá 5tr500.","Huyện Bình Chánh, Tp Hồ Chí Minh",Đã sử dụng,Xe máy điện,Unknown,2018,15000,5500000,Used,Hồ Chí Minh,2018.0,15000.0
1572,https://xe.chotot.com/mua-ban-xe-may/132784169.htm,2026-06-05 12:58:00,xe_may_dien,🩷Pink An Sương🩷Feliz2025 odo 600km,34900000,Pink Ev Premium An Sương ,"Fb - Tiktok : Nguyen Minh Long Pink Dragon ==================📌📌📌================== Feliz2025 ĐK 5/2026 Bst Chính Chủ Công Chứng - Pin Mua 2 Cục 2.4kw 180km - Odo 600 Cây - Dàn áo keng ko trầy 99% - Ốc tán 7 màu keng 99% - Còn đủ phụ kiện theo xe ❤️Xe keng 99% so với xe new 🏠𝟮𝟴𝟴 𝗧𝗿𝘂̛𝗼̛̀𝗻𝗴 𝗖𝗵𝗶𝗻𝗵 - 𝗤𝘂𝗮̣̂𝗻 𝟭𝟮 - 𝗛𝗖𝗠 ❤️Mợ Ấu đưa 5củ gốp ko lẽ sức 9 tháng ❤️Mợ Ấu đưa 50% Ko xác minh nhà ở ❤️Mợ Ấu đưa 80% ko phí hồ sơ lẽ sức ❤️Tặng 12 tháng xe hư đưa xe khác dùng ❤️Tặng đổi pin đi liền ko chờ sạc nhiều ở 8 đến 12 cơ sở ở Sài Gòn ( Ở Quận 4 -6 -8 -12 , Tân Bình, Bình Tân, Tân Phú, Thủ Đức, Phú Nhuận ) ✅𝗚𝗼́𝗽 𝗡𝗴𝗮̂𝗻 𝗛𝗮̀𝗻𝗴 : Đưa 20% ae giữ Cavet ✅𝗖𝗮̀ 𝗧𝗵𝗲̉ - 𝗚𝗼́𝗽: Cà thẻ ,chuyển đổi trả góp ✅𝗕𝗮𝗼 𝗤𝘂𝗮𝘆 Đ𝗮̂̀𝘂 : Từ 20% theo giá thị trường ✅𝗠𝘂𝗮 𝗕𝗮́𝗻 𝗧𝗿𝗮𝗼 Đ𝗼̂̉𝗶 𝗫𝗲 𝗫𝗮̆𝗻𝗴, 𝗫𝗲 Đ𝗶𝗲̣̂𝗻 𝗧𝗮̣̂𝗻 𝗡𝗵𝗮̀ 𝗖𝗧𝗬 𝗣𝗜𝗡𝗞 : 𝙓𝙀 Đ𝙄𝙀̣̂𝙉 𝙎𝘼̆̃𝙉 𝘼𝙋𝙋 - 𝗡𝗔̣̂𝗨 𝗫𝗢̛́ Đ𝗨̛𝗔 𝟲 𝗖𝗨̉ 🏠𝟭𝟳𝟴 𝗧𝗮̂𝗻 𝗧𝗵𝗼̛́𝗶 𝗛𝗶𝗲̣̂𝗽 𝟮𝟭 - 𝗤.𝟭𝟮 - 𝗛𝗖𝗠 🏠𝟮𝟴𝟴 𝗧𝗿𝘂̛𝗼̛̀𝗻𝗴 𝗖𝗵𝗶𝗻𝗵 - 𝗤𝘂𝗮̣̂𝗻 𝟭𝟮 - 𝗛𝗖𝗠 🏠𝟳𝟵 𝗛𝗼𝗮̀𝗻𝗴 𝗩𝗮̆𝗻 𝗧𝗵𝘂̣ - 𝗣𝗵𝘂́ 𝗡𝗵𝘂𝗮̣̂𝗻 - 𝗛𝗖𝗠","Quận 12, Tp Hồ Chí Minh",Đã sử dụng,Xe máy điện,Unknown,2025,600,34900000,Used,Hồ Chí Minh,2025.0,600.0
1573,https://xe.chotot.com/mua-ban-xe-may/132800759.htm,2026-06-05 12:50:06,xe_may_dien,Xe máy điện VinFast EVO 200 Đen 2025,15000000,Dawto Dawn,tôi trân thi đông có đi từ quang trung về lý thường kiệt làm mất bộ hồ sơ trong đó gồm : giấy xuất xưởng xe honda evogrand và hoá đơn giá trị gia tăng evogrand màu đen số khung: rpxs2 lhh vse157207 số động cơ:vfhbja 258181272 sản xuất 2025 tên : trần thị đông cccd: 014074010090,"Thành phố Vinh, Nghệ An",Mới,Xe máy điện,Unknown,2025,,15000000,New,Nghệ An,2025.0,
1574,https://xe.chotot.com/mua-ban-xe-may/132784583.htm,2026-06-05 12:20:03,xe_may_dien,🩷Pink An Sương🩷Feliz2025 dk 2026 odo 100km,36900000,Pink Ev Premium An Sương ,"Fb - Tiktok : Nguyen Minh Long Pink Dragon ==================📌📌📌================== Feliz2025 ĐK 5/2026 Bstp Chính Chủ Công Chứng - Pin Mua 2 Cục 2.4kw 180km - Odo 100 Cây - Dàn áo keng ko trầy 99% - Ốc tán 7 màu keng 99% - Còn đủ phụ kiện theo xe ❤️Xe keng 99% so với xe new 🏠𝟮𝟴𝟴 𝗧𝗿𝘂̛𝗼̛̀𝗻𝗴 𝗖𝗵𝗶𝗻𝗵 - 𝗤𝘂𝗮̣̂𝗻 𝟭𝟮 - 𝗛𝗖𝗠 ❤️Mợ Ấu đưa 5củ gốp ko lẽ sức 9 tháng ❤️Mợ Ấu đưa 50% Ko xác minh nhà ở ❤️Mợ Ấu đưa 80% ko phí hồ sơ lẽ sức ❤️Tặng 12 tháng xe hư đưa xe khác dùng ❤️Tặng đổi pin đi liền ko chờ sạc nhiều ở 8 đến 12 cơ sở ở Sài Gòn ( Ở Quận 4 -6 -8 -12 , Tân Bình, Bình Tân, Tân Phú, Thủ Đức, Phú Nhuận ) ✅𝗚𝗼́𝗽 𝗡𝗴𝗮̂𝗻 𝗛𝗮̀𝗻𝗴 : Đưa 20% ae giữ Cavet ✅𝗖𝗮̀ 𝗧𝗵𝗲̉ - 𝗚𝗼́𝗽: Cà thẻ ,chuyển đổi trả góp ✅𝗕𝗮𝗼 𝗤𝘂𝗮𝘆 Đ𝗮̂̀𝘂 : Từ 20% theo giá thị trường ✅𝗠𝘂𝗮 𝗕𝗮́𝗻 𝗧𝗿𝗮𝗼 Đ𝗼̂̉𝗶 𝗫𝗲 𝗫𝗮̆𝗻𝗴, 𝗫𝗲 Đ𝗶𝗲̣̂𝗻 𝗧𝗮̣̂𝗻 𝗡𝗵𝗮̀ 𝗖𝗧𝗬 𝗣𝗜𝗡𝗞 : 𝙓𝙀 Đ𝙄𝙀̣̂𝙉 𝙎𝘼̆̃𝙉 𝘼𝙋𝙋 - 𝗡𝗔̣̂𝗨 𝗫𝗢̛́ Đ𝗨̛𝗔 𝟲 𝗖𝗨̉ 🏠𝟭𝟳𝟴 𝗧𝗮̂𝗻 𝗧𝗵𝗼̛́𝗶 𝗛𝗶𝗲̣̂𝗽 𝟮𝟭 - 𝗤.𝟭𝟮 - 𝗛𝗖𝗠 🏠𝟮𝟴𝟴 𝗧𝗿𝘂̛𝗼̛̀𝗻𝗴 𝗖𝗵𝗶𝗻𝗵 - 𝗤𝘂𝗮̣̂𝗻 𝟭𝟮 - 𝗛𝗖𝗠 🏠𝟳𝟵 𝗛𝗼𝗮̀𝗻𝗴 𝗩𝗮̆𝗻 𝗧𝗵𝘂̣ - 𝗣𝗵𝘂́ 𝗡𝗵𝘂𝗮̣̂𝗻 - 𝗛𝗖𝗠","Quận 12, Tp Hồ Chí Minh",Đã sử dụng,Xe máy điện,Unknown,2025,100,36900000,Used,Hồ Chí Minh,2025.0,100.0
1575,https://xe.chotot.com/mua-ban-xe-may/132800026.htm,2026-06-05 12:14:08,xe_may_dien,Xe máy điện VinFast Feliz S Đa dạng,20000000,Hi Nhân,"DÀN FELIZS CỰC ĐẲNG CẤP ⚠️AE nợ xấu đưa trước 30% nhận xe • Hỗ trợ AE thu xăng - đổi điện • Quét thẻ tín dụng , chuyển đổi góp • Bao quay đầu khi AE chơi chán 📌 Nhắn tin cho e để được hỗ trợ trực tiếp nhé 📞 *** ---------—-------------------—--------------—-----","Quận Tân Phú, Tp Hồ Chí Minh",Đã sử dụng,Xe máy điện,Unknown,2022,15000,20000000,Used,Hồ Chí Minh,2022.0,15000.0
1576,https://xe.chotot.com/mua-ban-xe-may/132784470.htm,2026-06-05 12:09:01,xe_may_dien,🩷Pink An Sương🩷 FelizS Pin mua 3.5kw,28900000,Pink Ev Premium An Sương ,"Fb - Tiktok : Nguyen Minh Long Pink Dragon ==================📌📌📌================== FelizS Đen Bstp Chính Chủ Công Chứng - Pin Mua 3.5kw - Dàn áo keng ko trầy 98% - Ốc tán 7 màu keng 98% - Còn đủ phụ kiện theo xe ❤️Xe keng 98% so với xe new 🏠𝟮𝟴𝟴 𝗧𝗿𝘂̛𝗼̛̀𝗻𝗴 𝗖𝗵𝗶𝗻𝗵 - 𝗤𝘂𝗮̣̂𝗻 𝟭𝟮 - 𝗛𝗖𝗠 ❤️Mợ Ấu đưa 5củ gốp ko lẽ sức 9 tháng ❤️Mợ Ấu đưa 50% Ko xác minh nhà ở ❤️Mợ Ấu đưa 80% ko phí hồ sơ lẽ sức ❤️Tặng 12 tháng xe hư đưa xe khác dùng ❤️Tặng đổi pin đi liền ko chờ sạc nhiều ở 8 đến 12 cơ sở ở Sài Gòn ( Ở Quận 4 -6 -8 -12 , Tân Bình, Bình Tân, Tân Phú, Thủ Đức, Phú Nhuận ) ✅𝗚𝗼́𝗽 𝗡𝗴𝗮̂𝗻 𝗛𝗮̀𝗻𝗴 : Đưa 20% ae giữ Cavet ✅𝗖𝗮̀ 𝗧𝗵𝗲̉ - 𝗚𝗼́𝗽: Cà thẻ ,chuyển đổi trả góp ✅𝗕𝗮𝗼 𝗤𝘂𝗮𝘆 Đ𝗮̂̀𝘂 : Từ 20% theo giá thị trường ✅𝗠𝘂𝗮 𝗕𝗮́𝗻 𝗧𝗿𝗮𝗼 Đ𝗼̂̉𝗶 𝗫𝗲 𝗫𝗮̆𝗻𝗴, 𝗫𝗲 Đ𝗶𝗲̣̂𝗻 𝗧𝗮̣̂𝗻 𝗡𝗵𝗮̀ 𝗖𝗧𝗬 𝗣𝗜𝗡𝗞 : 𝙓𝙀 Đ𝙄𝙀̣̂𝙉 𝙎𝘼̆̃𝙉 𝘼𝙋𝙋 - 𝗡𝗔̣̂𝗨 𝗫𝗢̛́ Đ𝗨̛𝗔 𝟲 𝗖𝗨̉ 🏠𝟭𝟳𝟴 𝗧𝗮̂𝗻 𝗧𝗵𝗼̛́𝗶 𝗛𝗶𝗲̣̂𝗽 𝟮𝟭 - 𝗤.𝟭𝟮 - 𝗛𝗖𝗠 🏠𝟮𝟴𝟴 𝗧𝗿𝘂̛𝗼̛̀𝗻𝗴 𝗖𝗵𝗶𝗻𝗵 - 𝗤𝘂𝗮̣̂𝗻 𝟭𝟮 - 𝗛𝗖𝗠 🏠𝟳𝟵 𝗛𝗼𝗮̀𝗻𝗴 𝗩𝗮̆𝗻 𝗧𝗵𝘂̣ - 𝗣𝗵𝘂́ 𝗡𝗵𝘂𝗮̣̂𝗻 - 𝗛𝗖𝗠","Quận 12, Tp Hồ Chí Minh",Đã sử dụng,Xe máy điện,Unknown,2024,20000,28900000,Used,Hồ Chí Minh,2024.0,20000.0
1577,https://xe.chotot.com/mua-ban-xe-may/132799423.htm,2026-06-05 11:48:04,xe_may_dien,Xe máy điện FelizS,24000000,Quý Minh,FelizS Luôn Pin Chính Chủ Ký Liền Giá Chỉ Từ 24Tr.. Nợ Xấu Đưa Trước 30% nhận xe ☎️*** Minh Khờ,"Quận Tân Phú, Tp Hồ Chí Minh",Đã sử dụng,Xe máy điện,Unknown,2025,20000,24000000,Used,Hồ Chí Minh,2025.0,20000.0
1578,https://xe.chotot.com/mua-ban-xe-may/132798600.htm,2026-06-05 11:21:00,xe_may_dien,Xe máy điện VinFast Evo 200 Lite 2022 Trắng,19000000,Đỗ Minh Phước ,HCM-Gò Vấp bán xe Evo 200 lite có đầy đủ pin đi kèm Xe đăng giúp ông chú lớn tuổi ở Gò Vấp,"Quận 4, Tp Hồ Chí Minh",Đã sử dụng,Xe máy điện,Unknown,2022,3000,19000000,Used,Hồ Chí Minh,2022.0,3000.0
1579,https://xe.chotot.com/mua-ban-xe-may/132798387.htm,2026-06-05 11:13:37,xe_may_dien,Xe máy điện Vinfast Klara A2 Kem,12500000,Xe Điện Phát Đạt,"Vinfast kalara A2 bản đèn led ..odo 15000km ,,xe zin nguyên bản 🔋🔋 ắc quy 2025 đi 40-50km ..giấy tờ đầy đủ biển mđ k cần bằng lái .. Ace qtam kb za lo tư vấn","Quận Hoàng Mai, Hà Nội",Đã sử dụng,Xe máy điện,Unknown,2020,15000,12500000,Used,Hà Nội,2020.0,15000.0
1580,https://xe.chotot.com/mua-ban-xe-may/132798374.htm,2026-06-05 11:13:12,xe_may_dien,Xe máy điện Dibao Pansy S 2022 Xanh,8000000,Xe Điện Phát Đạt,Vespa dibao pansy S dk 2022 xe đẹp..chạy êm 🔋🔋 ắc quy 2025 đi 40-50km ..giấy tờ đầy đủ ..Ace qtam kb za lo tư vấn,"Quận Hoàng Mai, Hà Nội",Đã sử dụng,Xe máy điện,Unknown,2022,3000,8000000,Used,Hà Nội,2022.0,3000.0
1581,https://xe.chotot.com/mua-ban-xe-may/132283885.htm,2026-06-05 09:53:53,xe_may_dien,Xe máy điện VinFast Feliz 2,24900000,Hoài Phương,"FELIZ 2 (dòng đổi pin) Về full màu Liên hệ : *** 📍 27 đường 2/9, phường Hoà Cường, Tp. Đà Nẵng","Quận Hải Châu, Đà Nẵng",Mới,Xe máy điện,Unknown,2026,,24900000,New,Đà Nẵng,2026.0,
1582,https://xe.chotot.com/mua-ban-xe-may/132796180.htm,2026-06-05 09:52:33,xe_may_dien,xe gia đình có chiếc xe 133,3000000,van hai,xe đạp gia đình có chiếc xe đạp điện trước mua 10t giờ thanh lý nhanh 3t,"Quận Long Biên, Hà Nội",Đã sử dụng,Xe máy điện,Unknown,2024,1400,3000000,Used,Hà Nội,2024.0,1400.0
1583,https://xe.chotot.com/mua-ban-xe-may/132663711.htm,2026-06-05 09:22:52,xe_may_dien,Xe điện Xmen Sport Đen nhám,4500000,Huylam,"Xe điện xmen đen nhám sport - Dáng Sang, Đi Nhẹ, Cực Bền ♻️ - Giá : 4tr5💸 📌 BẢO HÀNH LÂU DÀI - UY TÍN ! 📌 Tặng bộ sạc mới 100% và khoá chống trộm 📌 Ship Hàng TOÀN QUỐC - Nhanh chóng ---- 📞 LH tư vấn miễn phí : ***( zalo / video call ) 🕹️ Địa chỉ: 389 đội cấn-ba đình - Hà Nội. ❇️ Cửa Hàng Xe Điện Huy Lâm","Quận Ba Đình, Hà Nội",Đã sử dụng,Xe máy điện,Unknown,2020,13000,4500000,Used,Hà Nội,2020.0,13000.0
1584,https://xe.chotot.com/mua-ban-xe-may/124794827.htm,2026-06-05 09:05:46,xe_may_dien,xe máy điện victoria mới,18500000,  CỬA HÀNG XE MÁY PHƯỚC THỌ,"Cửa hàng xe máy Phước thọ 402 lũy bán Bích phường hoà thạnh quận Tân Phú HCM,Bán xe máy điện Victoria viral mẩu mới nhất 2026bảo hành 24 tháng,có hổ trợ trả góp,chỉ cần trả trước 2 triệu nhận xe và cà vẹt gốc luôn,có thu mua trao đổi xe cũ,cảm ơn","Quận Tân Phú, Tp Hồ Chí Minh",Mới,Xe máy điện,Unknown,2026,,18500000,New,Hồ Chí Minh,2026.0,
1585,https://xe.chotot.com/mua-ban-xe-may/132794715.htm,2026-06-05 08:48:09,xe_may_dien,Xe máy điện màu Đỏ,3200000,nam moi,Thanh lý 3tr2 máy êm full chức năng bình đi trên 25km xem xe chợ bà điểm hóc môn ***,"Huyện Hóc Môn, Tp Hồ Chí Minh",Đã sử dụng,Xe máy điện,Unknown,2025,200,3200000,Used,Hồ Chí Minh,2025.0,200.0
1586,https://xe.chotot.com/mua-ban-xe-may/132775037.htm,2026-06-05 08:20:18,xe_may_dien,Xe máy điện Yadea G5 Đen,30500000,Mua xe  Điện Giá Tốt Sài Gòn,Yadea G5 black dọn full Gia cố full khung sườn Pin NMC 66Ah (140-170km/lần) IC Votol 100 Sọ khỉ CNC Ghi đông carbon Tay thắng RCB Đồng hồ DKD Cùm công tắc đa năng Gắp Qs Sạc nhanh chống nước Giá 38tr5 Lh ***,"Quận Tân Phú, Tp Hồ Chí Minh",Đã sử dụng,Xe máy điện,Unknown,2026,55000,30500000,Used,Hồ Chí Minh,2026.0,55000.0
1587,https://xe.chotot.com/mua-ban-xe-may/131629649.htm,2026-06-05 06:42:08,xe_may_dien,Xe máy điện VinFast Evo Lite Neo Trắng,3700000,Huy Đồng,Xe máy điện VInfast Evo lite Neo Trả góp bao nợ xấu Thủ tục nhanh chóng Ko giữ CMND/CCCD Bảo mật thông tin khách hàng Hỗ trợ 0 trả trước Bảo hành chính hãng 2 năm Không chi phú phát sinh,"Thành phố Dĩ An, Bình Dương",Mới,Xe máy điện,Unknown,2024,,3700000,New,Bình Dương,2024.0,
1588,https://xe.chotot.com/mua-ban-xe-may/132791181.htm,2026-06-04 21:19:21,xe_may_dien,Xe máy điện VinFast màu Kem,13000000,Trương Thị Lan,Xe máy điện hỏng MCU thanh lý cho thợ nào cần,"Huyện Thanh Oai, Hà Nội",Đã sử dụng,Xe máy điện,Unknown,2018,160000,13000000,Used,Hà Nội,2018.0,160000.0
1589,https://xe.chotot.com/mua-ban-xe-may/132789691.htm,2026-06-04 19:25:17,xe_may_dien,Xe máy điện Powelldd Wespan Trắng,12000000,Tu Bui Huu Anh,"Phú Nhuận cần bán xe Poweldd Wespan xe mới chạy đi chợ 24km, thông số và tính năng như hình đầy đủ giấy tờ để đăng ký biển, chỉ cần đem giấy lên chờ ra biển. giá new 16.6k nay bán ra đi mua xe đạp trợ lực","Quận Phú Nhuận, Tp Hồ Chí Minh",Đã sử dụng,Xe máy điện,Unknown,2025,24,12000000,Used,Hồ Chí Minh,2025.0,24.0
1590,https://xe.chotot.com/mua-ban-xe-may/132788090.htm,2026-06-04 17:37:37,xe_may_dien,Xe máy điện VinFast Feliz S 2024 Xanh,29500000,Dung,"Feliz S 2024 đã lên pin 45Ah Sạc nhanh 1000W chính chủ bstp Giá: 29tr500 Pin zin theo xe và pin cốp 45Ah quãng đường 200 Km Hỗ trợ trả góp, bao no xấu 🏠Xem trực tiếp quận bình tân 📞Dung: *** ( ***) Tư Vấn Nhanh ZALO: ***","Quận Bình Tân, Tp Hồ Chí Minh",Đã sử dụng,Xe máy điện,Unknown,2024,200,29500000,Used,Hồ Chí Minh,2024.0,200.0
1591,https://xe.chotot.com/mua-ban-xe-may/132787398.htm,2026-06-04 16:57:44,xe_may_dien,Yadea M6i Trắng 5000km,11000000,EVBATTERY,- ODO : 5000km - Pin / Ắc Quy : Đã gồm bình - Giá bán: 11 triệu - Thủ tục mua bán : Ủy quyền và mua bán,"Quận Tân Bình, Tp Hồ Chí Minh",Đã sử dụng,Xe máy điện,Unknown,2023,5000,11000000,Used,Hồ Chí Minh,2023.0,5000.0
1592,https://xe.chotot.com/mua-ban-xe-may/132787267.htm,2026-06-04 16:51:58,xe_may_dien,Xe máy điện Vinfast Viper XXM 2026 Xám,34800000,Nguyễn Nhã,"✅Vinfast Viper XXM ĐKLĐ 05/2026 - Xe bản thuê pin, miễn phí đổi 20 lần/tháng tại trạm trong 6 tháng đầu - 45km mỗi lần sạc, Mode Eco/Sport - Đèn Led sáng rất mạnh - Xe 1 chủ khui bóc seal - BH hãng 6 năm - ODO 4xx km Riêng nếu là tài xế Xanhsm thì được miễn phí thuê và đổi pin trong 3 năm, quá hời cho AE mua về kiếm thêm thu nhập Dá 3️⃣4️⃣.8️⃣ Nhận giao lưu bù trừ các dòng xe 2 bánh Xem xe Bình Thạnh","Quận Bình Thạnh, Tp Hồ Chí Minh",Đã sử dụng,Xe máy điện,Unknown,2026,485,34800000,Used,Hồ Chí Minh,2026.0,485.0
1593,https://xe.chotot.com/mua-ban-xe-may/132785514.htm,2026-06-04 15:40:15,xe_may_dien,Xe máy điện Pega S+ Trắng,25000000,Nguyen van dong,Xe đuện thông minh pega s+ xem you tobe zalo ticktoc face book …,"Thành phố Thuận An, Bình Dương",Đã sử dụng,Xe máy điện,Unknown,2025,6000,25000000,Used,Bình Dương,2025.0,6000.0
1594,https://xe.chotot.com/mua-ban-xe-may/132771875.htm,2026-06-04 15:05:02,xe_may_dien,Xe máy điện VinFast VF,12000000,Mr Vinh,"Xe máy điện VinFast VF, thiết kế hiện đại, phù hợp cho cả nam và nữ. - Xe không cần bằng lái. - Bảo hành xe 6 năm, pin LFP 8 năm. - Giá chưa đến 12 tr","Huyện An Dương, Hải Phòng",Mới,Xe máy điện,Unknown,2026,,12000000,New,Hải Phòng,2026.0,
1595,https://xe.chotot.com/mua-ban-xe-may/132783855.htm,2026-06-04 14:40:15,xe_may_dien,Xe máy điện Dat Bike Quantum S1 Xám,42500000,Shop THOA XE ĐIỆN,Quantum S1 chính chủ bstp Lên nhiều đồ chơi Redleo Sạc 1800 W,"Quận Bình Tân, Tp Hồ Chí Minh",Đã sử dụng,Xe máy điện,Unknown,2025,58514,42500000,Used,Hồ Chí Minh,2025.0,58514.0
1596,https://xe.chotot.com/mua-ban-xe-may/132783476.htm,2026-06-04 14:25:18,xe_may_dien,Xe máy điện Randa-Max Đỏ,3650000,Long Bình,"Xe máy điện Randa-Max màu đỏ, thiết kế hiện đại, vận hành êm ái. - Xe phù hợp đi lại trong thành phố. - Tiết kiệm chi phí, thân thiện môi trường.","Quận Hoàng Mai, Hà Nội",Đã sử dụng,Xe máy điện,Unknown,2023,10000,3650000,Used,Hà Nội,2023.0,10000.0
1597,https://xe.chotot.com/mua-ban-xe-may/132783150.htm,2026-06-04 14:13:04,xe_may_dien,Xe máy điện Vespa 946 Trắng Đã sử dụng,11000000,Long Bảo,xe điện vespa 946 mình mới đc 1 tháng cần bán lại nản chạy gói bảo hành còn đầy đủ,"Quận 8, Tp Hồ Chí Minh",Đã sử dụng,Xe máy điện,Unknown,2025,0,11000000,Used,Hồ Chí Minh,2025.0,0.0
1598,https://xe.chotot.com/mua-ban-xe-may/132780330.htm,2026-06-04 12:02:12,xe_may_dien,2 Chiêc Quantum S0 Chính Chủ giá iu,37000000,nguyenchuyenpin,2 Chiếc Quantum S0 màu trắng odo 17.000km giá 37tr màu đen odo 30.000km giá 30tr Call : ***,"Quận Tân Phú, Tp Hồ Chí Minh",Đã sử dụng,Xe máy điện,Unknown,2026,17000,37000000,Used,Hồ Chí Minh,2026.0,17000.0
1599,https://xe.chotot.com/mua-ban-xe-may/132778331.htm,2026-06-04 10:51:42,xe_may_dien,evo 200 zin nguyên bản dán keo nguyên chiếc,22500000,đạt gà zin ,zin nguyên bản thêm vỏ xịn vs fuôc chạy vì vu nha,"Huyện Bình Chánh, Tp Hồ Chí Minh",Đã sử dụng,Xe máy điện,Unknown,2025,28000,22500000,Used,Hồ Chí Minh,2025.0,28000.0
1600,https://xe.chotot.com/mua-ban-xe-may/132778016.htm,2026-06-04 10:40:38,xe_may_dien,3 Quantum S2 Date 2026 Chính Chủ Giá Iu,35000000,nguyenchuyenpin,"3 Chiếc Quantum S2 giá Iu : 1. Chiếc Màu Đen , Bs An Giang , Odo 19.000km Giá : 35tr 2. Chiếc Màu Xanh , Bs Quảng Ngãi , Odo 15.000km Giá : 36tr 3. Chiếc Màu Xanh , Bs Quảng Trị. , Odo 24.000km , Lên Dây Curo + Sạc 1800w Giá : 38tr - MÌNH CAM KẾT THU CAO HƠN NHỮNG CỬA HÀNG KHÁC 1 ĐẾN 2TR NHÉ . - CẦM XE MÁY _ XE ĐIỆN _ XE HƠI ĐIỆN _ LAPTOP _ LOA _ DÀN CDJ _ HIEND _ VÀNG _ HỘT XOÀN ...VV. GIÁ CAO ( CHÍNH CHỦ ) KỂ CẢ XE ĐANG CẦM NGÂN HÀNG . ĐỊNH GIÁ NGAY CÓ TIỀN SAU 19 PHÚT . - CHUYÊN ĐỘ PIN _ SỮA CHỮA_ TÂN TRANG CHO TẤT CẢ CÁC LOẠI XE ĐIỆN . - CHUYÊN LÀM GIẤY TỜ XE MÁY & XE HƠI TOÀN QUỐC ( RÚT GỐC + ĐK MỚI ) MỌI GIẤY TỜ XE KHÓ XÁC MINH GỐC - TUYỂN CTV BÁN XE + LIVE BÁN HÀNG 1TR / 1 CHIẾC TIỀN TƯƠI .( LƯƠNG CĂN BẢN 6TR ) . ........nguyenchuyenpin.com.......... ✅ 𝐂Ó 𝐓𝐑Ả 𝐆Ó𝐏 – 𝐂À 𝐓𝐇Ẻ – 𝐆𝐈𝐀𝐎 𝐓Ậ𝐍 𝐍𝐇À ✅ 𝐍Ợ 𝐗Ấ𝐔 𝐁𝐀𝐎 ĐẬ𝐔 𝟏𝟎𝟎% ✅ 𝐂𝐀𝐌 𝐊Ế𝐓 𝐗𝐄 𝐓𝐇Ậ𝐓 – 𝐆𝐈Á 𝐓𝐇Ậ𝐓 – 𝐁Ả𝐎 𝐇À𝐍𝐇 𝐌𝐈𝐍𝐇 𝐁Ạ𝐂𝐇 😛ĐỊA CHỈ : 21 Nguyễn Súy . Phú Thọ Hoà ( Tân Phú Cũ ) . 😭🤪🥵😉 Time Mở Cửa : 6Am _ 24Pm ☎ *** ☎ 📢 QUÝ KHÁCH VUI LÒNG GỌI TRƯỚC KHI QUA . XIN CÁM ƠN QUÝ KHÁCH ĐÃ QUAN TÂM .","Quận Tân Phú, Tp Hồ Chí Minh",Đã sử dụng,Xe máy điện,Unknown,2026,19000,35000000,Used,Hồ Chí Minh,2026.0,19000.0
1601,https://xe.chotot.com/mua-ban-xe-may/132218476.htm,2026-06-04 09:49:41,xe_may_dien,Xe điện Xmen Neoli màu Đỏ,6500000,nguyễn văn hải,Xe điện xmenneoli điện kèn đầy đủ kg bình chạy vô tư .giá bán 4tr55. rưỡi .ai có nhu cầu gọi số đt.***,"Quận Phú Nhuận, Tp Hồ Chí Minh",Đã sử dụng,Xe máy điện,Unknown,2020,20000,6500000,Used,Hồ Chí Minh,2020.0,20000.0
1602,https://xe.chotot.com/mua-ban-xe-may/132776108.htm,2026-06-04 09:27:12,xe_may_dien,Feliz Vàng cát odo 1k,23500000,Vinh vinfast Đồng Nai,"Feliz 2025 Siêu lướt Odo mới 1000km Như mới dắc hãng ra Tốc độ tối đa 78km/h Pin 2.4 Sạc, chìa đầy đủ bảo hành xe 6 năm pin 8 năm Vinfast","Huyện Trảng Bom, Đồng Nai",Đã sử dụng,Xe máy điện,Unknown,2025,1000,23500000,Used,Đồng Nai,2025.0,1000.0
1603,https://xe.chotot.com/mua-ban-xe-may/132037109.htm,2026-06-04 09:25:59,xe_may_dien,Xe máy điện VinFast Feliz S Xanh 8k nguyên zin,31000000,A Tuấn,"Chính chủ dư dùng cần bán Vinfast Feliz S màu xanh nguyên zin mới chạy 8k như mới. Xe nguyên bản gia đình dùng kỹ chỉ chạy đi dạo. Nay nhà dư nên bán bạn nào thích thì qua xem. Xe pin 3.5 kwh, cell pin còn 100%.","Quận Tân Bình, Tp Hồ Chí Minh",Đã sử dụng,Xe máy điện,Unknown,2023,8000,31000000,Used,Hồ Chí Minh,2023.0,8000.0
1604,https://xe.chotot.com/mua-ban-xe-may/132775952.htm,2026-06-04 09:20:58,xe_may_dien,Evogrand Đỏ lướt,18500000,Vinh vinfast Đồng Nai,"Evogrand đỏ Odo lướt 8000km Xe bảo hành 6 năm, pin bảo hành 8 năm Vinfast Ngoại quan còn rất đẹp Pin 2.4 theo xe Đủ 2 chìa, sạc","Huyện Trảng Bom, Đồng Nai",Đã sử dụng,Xe máy điện,Unknown,2025,8000,18500000,Used,Đồng Nai,2025.0,8000.0
1605,https://xe.chotot.com/mua-ban-xe-may/132775759.htm,2026-06-04 09:12:03,xe_may_dien,Xe máy điện Christian Dior Xám,11000000,Diễm,Xe mới mua được 1 tháng Lúc mua mới 15tr,"Quận Liên Chiểu, Đà Nẵng",Đã sử dụng,Xe máy điện,Unknown,2026,100,11000000,Used,Đà Nẵng,2026.0,100.0
1606,https://xe.chotot.com/mua-ban-xe-may/132774982.htm,2026-06-04 08:33:43,xe_may_dien,VinFast Evo200 Lite 2026Vàng pin 3.5,28500000,Phuong Le,"Xe máy điện Evo200 Lite màu vàng, , mới mua tháng 3/2026. - Xe đi được khoảng 1000km, còn mới. - Biển số TP, chính chủ, có thể công chứng ngay. - Giá 28.500.000 đồng, có bớt chút tiền cà phê. miễn tiếp lái , chỉ tiếp người thiện chí","Quận 7, Tp Hồ Chí Minh",Đã sử dụng,Xe máy điện,Unknown,2025,1000,28500000,Used,Hồ Chí Minh,2025.0,1000.0
1607,https://xe.chotot.com/mua-ban-xe-may/132774195.htm,2026-06-04 07:37:44,xe_may_dien,Xe máy điện Dat Bike Quantum S2 Xám,45000000,Dung,"HÀNG VIP ⚡ Dat Bike Quantum S2 – Mới dắt hãng, siêu lướt ⚡ 🔥 Odo chỉ 50km – gần như xe mới 100% 🔋 Pin zin, hiệu suất mạnh mẽ ⚡ Tặng kèm sạc nhanh 1800W tiện lợi 📄 Biển số TP – Chính chủ sang tên nhanh gọn ✨ Xe đẹp xuất sắc, mua về đi ngay không cần làm gì thêm 💰 Giá bán: 45.000.000đ Hỗ trợ trả góp, bao no xấu 🏠Xem trực tiếp quận bình tân 📞Dung: *** Tư Vấn Nhanh ZALO: ***","Quận Bình Tân, Tp Hồ Chí Minh",Đã sử dụng,Xe máy điện,Unknown,2025,50,45000000,Used,Hồ Chí Minh,2025.0,50.0
1608,https://xe.chotot.com/mua-ban-xe-may/132773982.htm,2026-06-04 07:18:24,xe_may_dien,Xe điện màu Bạc Mới,7200000,Hảo Can,Mình có xe điện mới mua muốn nhượng lại ạ xe mới ạ,"Quận Thanh Xuân, Hà Nội",Mới,Xe máy điện,Unknown,2025,,7200000,New,Hà Nội,2025.0,
1609,https://xe.chotot.com/mua-ban-xe-may/132773925.htm,2026-06-04 07:13:19,xe_may_dien,Xe máy điện VinFast IMPES 2021 Xám đen,10500000,Dung,"⚡ IMPES chính chủ – Xe đẹp, chạy êm ⚡ 🔋 Pin sạc đầy đủ, sử dụng ổn định ✨ Ngoại hình lướt đẹp, máy móc vận hành tốt 📄 Giấy tờ đầy đủ, sang tên nhanh gọn 💰 Giá bán: 10.500.000đ Hỗ trợ trả góp, bao no xấu 🏠Xem trực tiếp quận bình tân 📞Dung: *** Tư Vấn Nhanh ZALO: ***","Quận Bình Tân, Tp Hồ Chí Minh",Đã sử dụng,Xe máy điện,Unknown,2021,1000,10500000,Used,Hồ Chí Minh,2021.0,1000.0
1610,https://xe.chotot.com/mua-ban-xe-may/132773856.htm,2026-06-04 07:06:30,xe_may_dien,"Xe máy điện Vespa Đen cũ lành lặn, khoẻ đẹp",6500000,Duy Hưng,"Xe máy điện Vespa cũ lành lặn, khoẻ đẹp. Đủ chức năng, đi tầm 40-50km. Ai cần hãy gọi","Quận Nam Từ Liêm, Hà Nội",Đã sử dụng,Xe máy điện,Unknown,2018,9000,6500000,Used,Hà Nội,2018.0,9000.0
1611,https://xe.chotot.com/mua-ban-xe-may/132771906.htm,2026-06-03 21:30:28,xe_may_dien,Xe máy điện Quantum S2 Trắng Bstp,45000000,Shop THOA XE ĐIỆN,Quantum S2 siêu lướt 5000 Km Bstp chính chủ Kèm sạc 1800 W,"Quận Bình Tân, Tp Hồ Chí Minh",Đã sử dụng,Xe máy điện,Unknown,2026,5000,45000000,Used,Hồ Chí Minh,2026.0,5000.0
1612,https://xe.chotot.com/mua-ban-xe-may/132771895.htm,2026-06-03 21:29:56,xe_may_dien,Xe máy điện VinFast Viper Xám xi măng,29990000,Đỗ Văn Toàn,"Xe máy điện VinFast Viper màu xám xi măng biển số 29-AF 622.57. - Thiết kế hiện đại, vận hành êm ái. - Động cơ mạnh mẽ, quãng đường di chuyển xa. - Tiết kiệm chi phí nhiên liệu. Cam kết chưa đâm đụng, chưa ngập nước, test ở đâu cũng đc trong hn Giá 29,99tr k kèm pin, giá 35,8tr kèm pin","Quận Hà Đông, Hà Nội",Đã sử dụng,Xe máy điện,Unknown,2026,700,29990000,Used,Hà Nội,2026.0,700.0
1613,https://xe.chotot.com/mua-ban-xe-may/132768987.htm,2026-06-03 18:17:28,xe_may_dien,Xe máy điện VinFast Feliz II Đỏ,23000000,Quý Minh,feliz ii lướt 1.500km chính chủ ký giấy đẹp len ken giá..23Tr chính chủ ký ☎️***,"Quận Tân Phú, Tp Hồ Chí Minh",Đã sử dụng,Xe máy điện,Unknown,2026,1500,23000000,Used,Hồ Chí Minh,2026.0,1500.0
1614,https://xe.chotot.com/mua-ban-xe-may/132766890.htm,2026-06-03 16:35:47,xe_may_dien,Xe máy điện VinFast Evo 200 2022 Bạc,21000000,mai duong phap,"Evo 200 BSTP odo 9k Dk 2022 xe đẹp, đã lên yên, kính Giá 21tr","Thành phố Thủ Đức, Tp Hồ Chí Minh",Đã sử dụng,Xe máy điện,Unknown,2022,9000,21000000,Used,Hồ Chí Minh,2022.0,9000.0
1615,https://xe.chotot.com/mua-ban-xe-may/132766481.htm,2026-06-03 16:16:38,xe_may_dien,Xe máy điện VinFast Theon S 2025 Đỏ,49000000,Xe Điện GV,🐯 Cọp nè anh em! 🐯 ⚡️ VinFast Theon S 2025 📝 BSSG chính chủ công chứng 📍 Odo: 4.500km ✨ Xe đẹp keng – chạy bốc êm ru 💰 Giá 4x 📲 *** #TheonS #VinFast #XeDien #Theon2025 #XeDienCu #ThuMuaXeDien #TheonS2025,"Quận Bình Tân, Tp Hồ Chí Minh",Đã sử dụng,Xe máy điện,Unknown,2025,4500,49000000,Used,Hồ Chí Minh,2025.0,4500.0
1616,https://xe.chotot.com/mua-ban-xe-may/132764733.htm,2026-06-03 15:12:25,xe_may_dien,Xe máy điện VinFast Evo Neo Xanh,17500000,Minh,"Bán xe evo neo còn bảo hành, sử dụng kỹ","Quận 8, Tp Hồ Chí Minh",Đã sử dụng,Xe máy điện,Unknown,2025,15000,17500000,Used,Hồ Chí Minh,2025.0,15000.0
1617,https://xe.chotot.com/mua-ban-xe-may/132762673.htm,2026-06-03 13:55:09,xe_may_dien,Xe máy điện Victoria Viral Đen,19000000,T20-Lê Tuấn Khang,xe máy điện victoria viral cần bán lại xe bị xước như hình bụng vài vết xước chạy pin kh phải bình e bán lại do ai có nhu cầu mua cho con đi học hoặc đi xe máy điện giấy tờ chính chủ còn bảo hành bảo dưỡng,"Quận 8, Tp Hồ Chí Minh",Đã sử dụng,Xe máy điện,Unknown,2025,6000,19000000,Used,Hồ Chí Minh,2025.0,6000.0
1618,https://xe.chotot.com/mua-ban-xe-may/132762336.htm,2026-06-03 13:41:10,xe_may_dien,Quantum S3 Đen lướt nhuw new 1k,34000000,Mua xe  Điện Giá Tốt Sài Gòn,Quantum s3 lướt 1k4 như new chính chủ ký liền ko nhu cầu sd nên bán,"Quận Tân Phú, Tp Hồ Chí Minh",Đã sử dụng,Xe máy điện,Unknown,2026,1487,34000000,Used,Hồ Chí Minh,2026.0,1487.0
1619,https://xe.chotot.com/mua-ban-xe-may/132761733.htm,2026-06-03 13:08:45,xe_may_dien,Xe máy điện dành cho Học sinh Lavia sx,15500000,Hồ Anh Dũng,"Lavia Sx 2026 xe máy điện dành cho Học Sinh không cần bằng lái, xe mới 100%, Bh 3 năm Đi 80km lần sạc, vận tốc 50km/h Săn đủ mầu","Quận Cầu Giấy, Hà Nội",Mới,Xe máy điện,Unknown,2026,,15500000,New,Hà Nội,2026.0,
1620,https://xe.chotot.com/mua-ban-xe-may/132761643.htm,2026-06-03 13:04:31,xe_may_dien,Xe máy điện VinFast Evo Max oliu,18300000,Lâm Tuấn,evo max pin thuê chính chủ bstp có thanh toán quẹt thẻ và hỗ trợ trả góp qua ngân hàng xem xe ở 642 tên lửa gọi trước khi qua nhé,"Quận Bình Tân, Tp Hồ Chí Minh",Đã sử dụng,Xe máy điện,Unknown,2026,11,18300000,Used,Hồ Chí Minh,2026.0,11.0
1621,https://xe.chotot.com/mua-ban-xe-may/132738205.htm,2026-06-03 12:56:25,xe_may_dien,Xe máy điện Datbike S1 Xám,41000000,Xe Điện GV,"Xe máy điện Datbike S1 màu xám, đã đi 30.000km. - Xe chính chủ, công chứng dễ dàng. - Lốp mới thay, đảm bảo an toàn. - Xe đi đầm, máy bốc, phù hợp di chuyển hàng ngày.","Quận Bình Tân, Tp Hồ Chí Minh",Đã sử dụng,Xe máy điện,Unknown,2025,30000,41000000,Used,Hồ Chí Minh,2025.0,30000.0
1622,https://xe.chotot.com/mua-ban-xe-may/132760497.htm,2026-06-03 12:06:09,xe_may_dien,Xe máy điện Quantum S0 Đen,35000000,Quý Minh,QuatumS0 Odo 50.000KM Xe Đẹp Ken Chính Chủ Ký Giá..35Tr,"Quận Tân Phú, Tp Hồ Chí Minh",Đã sử dụng,Xe máy điện,Unknown,2025,50000,35000000,Used,Hồ Chí Minh,2025.0,50000.0
1623,https://xe.chotot.com/mua-ban-xe-may/132759891.htm,2026-06-03 11:40:23,xe_may_dien,VinFast Evo Neo Xanh Mới 100%,31000000,Chính Nghĩa,"VinFat Evo Neo mới 100% chạy từ hãng về tới nhà + Biển số Đấu Zá Bao ra tên , Bao Định Danh theo tên ace suốt đời Xem xe quận tân phú Sẵn dư vài biển dễ thương ACE kết biển nào e ráp lên luôn nhé , thêm e ít 🌾🌾 là xong Bao ra tên , Bao Định Danh theo tên ace suốt đời 🌿50-AC - 232.22 10tr 🌿50-AE - 232.22 10tr 🌿50-AC - 323.33 13tr 🌿50-AG - 333.23 12tr 🌿50-AE - 232.23 10tr 🌿50-AF - 322.23 9tr 🌿50-AG - 322.23 9tr 🌿50-AE - 223.22 13tr 🌿50-AF - 223.22 13tr 🌱50-AE - 333.73 10tr 🌱50-AE - 333.83 10tr 🍃50-AB - 557.55 12tr 🍃50-AF - 557.55 12tr 🍃50-AG - 557.55 12tr 🌿50-AG - 225.22 9tr 🌿50-AG - 229.22 10tr 🌱50-AG - 282.22 10tr ✨ 50-AE - 939.93 13tr ✨ 50-AG - 993.93 15tr ✨ 50-AG - 678.93 10tr Zá trên giao quyết định ạ , Bao vào tên thêm phí ạ","Quận Tân Phú, Tp Hồ Chí Minh",Mới,Xe máy điện,Unknown,2026,,31000000,New,Hồ Chí Minh,2026.0,
1624,https://xe.chotot.com/mua-ban-xe-may/132749701.htm,2026-06-03 11:29:14,xe_may_dien,Evo grand 2pin dk1/2026 xe đẹp keng,26500000,Mua xe  Điện Giá Tốt Sài Gòn,Evo grand 2pin dk1/2026 xe đẹp keng chính chủ ký,"Quận Tân Phú, Tp Hồ Chí Minh",Đã sử dụng,Xe máy điện,Unknown,2026,14924,26500000,Used,Hồ Chí Minh,2026.0,14924.0
1625,https://xe.chotot.com/mua-ban-xe-may/132534706.htm,2026-06-03 11:01:44,xe_may_dien,Xe máy điện VinFast Vento Đỏ,36500000,Shop THOA XE ĐIỆN,"Xe máy điện VinFast Vento màu đỏ, thiết kế hiện đại, vận hành êm ái. - Động cơ mạnh mẽ, quãng đường di chuyển xa. - Tiết kiệm chi phí nhiên liệu, thân thiện môi trường. - Xe sẵn sàng sử dụng.","Quận Bình Tân, Tp Hồ Chí Minh",Đã sử dụng,Xe máy điện,Unknown,2025,4000,36500000,Used,Hồ Chí Minh,2025.0,4000.0
1626,https://xe.chotot.com/mua-ban-xe-may/132758033.htm,2026-06-03 10:33:58,xe_may_dien,Xe máy điện VinFast Evo 2025 Đen bóng,22500000,Minh,"Trải nghiệm xong nên em chia lại Xe vinfast evo 2025 , bstp chính chủ ( còn uy quyền ) Xài Pin , pin mua đứt , odo 13.000 Đã fix lổi chén cổ và phuộc trước ( bao êm ) Xe êm nhẹ ko bik có làm gì ko mà bay bổng lắm Full áo sơn đen bóng mới keng , full đồ chơi như hình ---------------------------------------------","Quận Gò Vấp, Tp Hồ Chí Minh",Đã sử dụng,Xe máy điện,Unknown,2025,13000,22500000,Used,Hồ Chí Minh,2025.0,13000.0
1627,https://xe.chotot.com/mua-ban-xe-may/132757926.htm,2026-06-03 10:30:21,xe_may_dien,"Xe máy điện Đỏ, Trắng, Xám Mới",10500000,Nam,"xe điện thanh lý giá rẻ hơn cửa hàng vài triệu,coi xe tân châu tây ninh tata cả đều là xe mới","Huyện Tân Châu, Tây Ninh",Mới,Xe máy điện,Unknown,2026,,10500000,New,Tây Ninh,2026.0,
1628,https://xe.chotot.com/mua-ban-xe-may/132755838.htm,2026-06-03 09:08:51,xe_may_dien,Xe máy điện VinFast EVO Grand Lite/ MỚI- BÁN GÓP,5600000,THIÊN Ý ĐIỆN MÁY TRẢ GÓP,"Xe máy điện VinFast EVO Grand Lite mới chính hãng - Thiết kế hiện đại, nhỏ gọn. - Động cơ mạnh mẽ, vận hành êm ái. - Tiết kiệm chi phí, thân thiện môi trường. - Có hỗ trợ trả góp không qua ngân hàng.","Quận 12, Tp Hồ Chí Minh",Mới,Xe máy điện,Unknown,2025,,5600000,New,Hồ Chí Minh,2025.0,
1629,https://xe.chotot.com/mua-ban-xe-may/132755377.htm,2026-06-03 08:46:31,xe_may_dien,Xe máy điện Vinfast Evo Grand lite,15500000,Hạ,"Mình có suất mua xe Vinfast Evo Grand Lite giá tốt, nhận xe tại showroom hãng, xuất hoá đơn chính chủ. ￼ Giá xe đã có VAT kèm 1 pin theo xe + sạc. Chỉ thanh toán 1 lần ko góp. E có nhận cọc giữ xe","Quận Tân Bình, Tp Hồ Chí Minh",Đã sử dụng,Xe máy điện,Unknown,2026,0,15500000,Used,Hồ Chí Minh,2026.0,0.0
1630,https://xe.chotot.com/mua-ban-xe-may/132755112.htm,2026-06-03 08:31:50,xe_may_dien,Xe máy điện Osakar Xmen Đen,4950000,LanAnh Pham,"Xe máy điện Osakar Xmen màu đen, thiết kế thể thao, cá tính. - Xe bền bỉ, ít hỏng vặt. con học xong bán rẻ xe đi rất khỏe gá 4.950.000","Quận Hà Đông, Hà Nội",Đã sử dụng,Xe máy điện,Unknown,2024,2000,4950000,Used,Hà Nội,2024.0,2000.0
1631,https://xe.chotot.com/mua-ban-xe-may/132754211.htm,2026-06-03 07:23:50,xe_may_dien,Xe máy điện VinFast EVO MAX 2026 Xám,18300000,Dung,"🚨 EVO MAX 2026 SIÊU LƯỚT - MỚI 11KM NHƯ XE THÙNG 🚨 ✅ Đăng ký 2026 ✅ Pin thuê đổi tại trạm tiện lợi ✅ Odo chỉ 11km – gần như xe mới 100% ✅ Chính chủ, xe đẹp keng, không tì vết 💰 Giá bán: 18.3 triệu Hỗ trợ trả góp, bao no xấu 🏠Xem trực tiếp quận bình tân 📞Dung: ***","Quận Bình Tân, Tp Hồ Chí Minh",Đã sử dụng,Xe máy điện,Unknown,2025,11,18300000,Used,Hồ Chí Minh,2025.0,11.0
1632,https://xe.chotot.com/mua-ban-xe-may/132754075.htm,2026-06-03 07:06:52,xe_may_dien,Xe máy điện K1 màu Hồng,8500000,Ngọc Nguyễn,"Cần bán xe điện k1 5 pin trâu ít chạy, còn thương lượng","Thành phố Thủ Dầu Một, Bình Dương",Đã sử dụng,Xe máy điện,Unknown,2026,1000,8500000,Used,Bình Dương,2026.0,1000.0
1633,https://xe.chotot.com/mua-ban-xe-may/132751505.htm,2026-06-02 21:04:24,xe_may_dien,"Xe máy điện Xmen Đen, Xanh",7500000,Nguyễn Thạnh,"xe máy điện xmen như hình,xe sử dụng Ac quy 5binh lớn xe đẹp bình khỏe xe chạy mượt, xe đi đc 50-55km cho 1lan sạc giá 7tr500.","Huyện Bình Chánh, Tp Hồ Chí Minh",Đã sử dụng,Xe máy điện,Unknown,2020,12000,7500000,Used,Hồ Chí Minh,2020.0,12000.0
1634,https://xe.chotot.com/mua-ban-xe-may/132301498.htm,2026-06-02 19:57:55,xe_may_dien,Xe máy điện Dat Bike Quantum S3 2026 Xám,35900000,Dien Phan,"Xe máy điện Dat Bike Quantum S3 2026 màu Xám, xe mới 100% Thiết kế hiện đại, hiệu năng mạnh mẽ. - Động cơ 6000W, tốc độ tối đa 90km/h. - Đi được 200km sau một lần sạc, sạc đầy trong 5 giờ. - Công nghệ Hill Assist, Cruise Control, chống trộm thông minh. - Phanh đĩa thủy lực trước sau, cốp rộng rãi 41L","Thành phố Thủ Đức, Tp Hồ Chí Minh",Mới,Xe máy điện,Unknown,2026,,35900000,New,Hồ Chí Minh,2026.0,
1635,https://xe.chotot.com/mua-ban-xe-may/132749732.htm,2026-06-02 19:32:02,xe_may_dien,Bán xe máy điện VinFast Feliz 2022 Trắng giá rẻ,15900000,Nguyễn ANh Tú,"Dư dùng bán xe vinfast feliz 2022 odo chỉ 17k km, zin ngon đã lên pin 72v 30ah( pin không là khoãng 7-8tr) đi khoãng 70km/lần xạc, kèm cục sạc nhanh chỉ 2 tiếng đầy pin nhé. Xem xe trực tiếp tại q1 xe đẹp chạy bốc, bán giao ca vẹt bao tranh chấp toàn quốc","Quận 1, Tp Hồ Chí Minh",Đã sử dụng,Xe máy điện,Unknown,2022,17000,15900000,Used,Hồ Chí Minh,2022.0,17000.0
1636,https://xe.chotot.com/mua-ban-xe-may/132747480.htm,2026-06-02 17:18:23,xe_may_dien,Xe máy điện VinFast FELIZ 2025 Xanh,27500000,Dung,"✨ FELIZ 2025 Xanh Olive - Chính Chủ BSTP ✨ 🔋 1 pin zin theo xe 🎨 Màu xanh Olive cực đẹp, sang và hiếm Đã lên yên kymdan 💯 Xe đời 2025, vận hành êm ái 🛵 Phù hợp đi học, đi làm, chạy phố tiết kiệm 📄 Chính chủ, giấy tờ đầy đủ 💰 Giá bán: 27.5 triệu Hỗ trợ trả góp, bao no xấu 🏠Xem trực tiếp quận bình tân 📞Dung: ***","Quận Bình Tân, Tp Hồ Chí Minh",Đã sử dụng,Xe máy điện,Unknown,2025,800,27500000,Used,Hồ Chí Minh,2025.0,800.0
1637,https://xe.chotot.com/mua-ban-xe-may/132743641.htm,2026-06-02 14:38:00,xe_may_dien,Xe máy điện Yadea Retro Premium Vàng kem,13490000,Anh Tư,"Xe máy điện Yadea Retro Premium màu vàng kem, thiết kế cổ điển, sang trọng. - Phù hợp cho cả nam và nữ, động cơ 240W. - Động cơ mạnh mẽ, vận hành êm ái. - Tiết kiệm năng lượng, thân thiện môi trường. - Xe đi được 100km, giá 13.490.000 đồng.","Quận 8, Tp Hồ Chí Minh",Đã sử dụng,Xe máy điện,Unknown,2026,0,13490000,Used,Hồ Chí Minh,2026.0,0.0
1638,https://xe.chotot.com/mua-ban-xe-may/132743618.htm,2026-06-02 14:36:50,xe_may_dien,Xe máy điện Vinfast Vin Flazz Trắng Mới,14990000,Anh Tư,"Xe máy điện Vinfast Vin Flazz màu trắng, mới 100%. - Thiết kế phù hợp cho cả nam và nữ, đặc biệt là học sinh, sinh viên. - Xe nhẹ nhàng, khung sườn cứng cáp, pin chuẩn chỉnh từ Vinfast. - Giá 14.990.000 đồng.","Quận 8, Tp Hồ Chí Minh",Mới,Xe máy điện,Unknown,2026,,14990000,New,Hồ Chí Minh,2026.0,
1639,https://xe.chotot.com/mua-ban-xe-may/132742401.htm,2026-06-02 13:47:02,xe_may_dien,Xe máy điện VinFast Vento Neo Đen,34500000,Dung,"Vento Neo siêu keng bstp chính chủ Xe đẹp, bao êm Giá : 34tr5 Hỗ trợ trả góp, bao no xấu 🏠Xem trực tiếp quận bình tân 📞Dung: ***","Quận Bình Tân, Tp Hồ Chí Minh",Đã sử dụng,Xe máy điện,Unknown,2025,0,34500000,Used,Hồ Chí Minh,2025.0,0.0
1640,https://xe.chotot.com/mua-ban-xe-may/132742122.htm,2026-06-02 13:35:53,xe_may_dien,"Xe điện Vespa V3 siêu xinh, phù hợp với Học Sinh",15900000,Hồ Anh Dũng,"Xe điện V3 946 xe điện thời trang, không cần bằng lái, học sinh đi được, xe chính hãng Đi 80 - 90km lần sạc, vận tốc 50km/h","Quận Cầu Giấy, Hà Nội",Mới,Xe máy điện,Unknown,2026,,15900000,New,Hà Nội,2026.0,
1641,https://xe.chotot.com/mua-ban-xe-may/132741570.htm,2026-06-02 13:08:25,xe_may_dien,Xe điện màu Đen Mới,1000000,chủ quán,xe chay pin .độ pin sài tốt .xe còn mới,"Thành phố Thủ Dầu Một, Bình Dương",Mới,Xe máy điện,Unknown,2022,,1000000,New,Bình Dương,2022.0,
1642,https://xe.chotot.com/mua-ban-xe-may/132740931.htm,2026-06-02 12:39:16,xe_may_dien,Xe máy điện VinFast Evo Max 2026 Trắng,18300000,Tuấn Dĩ,"✨ Evo Max 2026 – 1 Pin Thuê ✨ 🔋 Xe đẹp keng, mới đi lướt odo 200km 📍 Chính chủ BSTP, giấy tờ chuẩn ⚡ 1 pin thuê – tiết kiệm chi phí ban đầu 🛵 Vận hành êm ái, phù hợp đi học, đi làm hằng ngày 💰 Giá bán: 18.3 triệu Hỗ trợ trả góp, bao nậu xớ 🏠Xem trực tiếp quận bình tân 📞Dung: ***","Quận Bình Tân, Tp Hồ Chí Minh",Đã sử dụng,Xe máy điện,Unknown,2026,200,18300000,Used,Hồ Chí Minh,2026.0,200.0
1644,https://xe.chotot.com/mua-ban-xe-may/132735941.htm,2026-06-02 09:28:50,xe_may_dien,Xe máy điện màu Xanh,3200000,Duong Dinh Hung,Con lên đại học rồi nên nhường lại chiếc xe này cho ai cần …,"Quận Thanh Khê, Đà Nẵng",Đã sử dụng,Xe máy điện,Unknown,2024,120000,3200000,Used,Đà Nẵng,2024.0,120000.0
1645,https://xe.chotot.com/mua-ban-xe-may/132617636.htm,2026-06-02 09:22:04,xe_may_dien,Xe máy điện DatBike Quantum,1000000,Xe máy trả góp bình dương ,"Xe máy điện DatBike Quantum, phù hợp cho cả nam và nữ. - Thiết kế đa dạng màu sắc, hiện đại. - Xe mạnh, pin bền, vận hành êm ái. - Phù hợp đi làm, đi học, chạy dịch vụ. - Có các phiên bản Quantum S1, S2, S3.","Thành phố Thuận An, Bình Dương",Mới,Xe máy điện,Unknown,2026,,1000000,New,Bình Dương,2026.0,
1646,https://xe.chotot.com/mua-ban-xe-may/131296771.htm,2026-06-02 09:21:50,xe_may_dien,Xe máy điện VinFast MỚI 100%,6500000,Ngọc Điện Máy Trả Góp,"HỖ TRỢ TRẢ GÓP - KHÔNG QUA NGÂN HÀNG - KHÔNG LÃI SUẤT 👉HỖ TRỢ ANH / CHỊ CÔNG NHÂN , LÀM THUÊ , LÀM MƯỚN VẪN MUA ĐƯỢC HÀNG 👉GIAO HÀNG TẬN NHÀ 👉Khu Vực TP. Hồ Chí Minh - Đồng Nai - Tây Ninh - Long An - Bình Dương 👉❤️Thủ Tục Đơn Giản 👉Góp Tiền Hàng Tháng Hoặc Hàng Tuần Tận Nhà ➡Đặc Biệt Chúng Tôi Cam Kết Hàng Bao Quý Khách Sử Dụng - Không Trả Trước - Hàng Khách Dùng - Tiền Khách Còn Đó , Nên Quý Khách Yên Tâm Nhé.","Quận Bình Thạnh, Tp Hồ Chí Minh",Mới,Xe máy điện,Unknown,2026,,6500000,New,Hồ Chí Minh,2026.0,
1647,https://xe.chotot.com/mua-ban-xe-may/132735715.htm,2026-06-02 09:20:18,xe_may_dien,Xe máy điện VinFast Evo Grand - Mới - Góp Tại Nhà,5500000,Điện Máy Trả Góp Tại Nhà ,"Xe máy điện VinFast EVO GRAND, thiết kế hiện đại, phù hợp cả nam và nữ. - Vận hành ổn định, tiết kiệm điện. - Tăng tốc mượt, di chuyển linh hoạt trong thành phố. - Sạc tiện lợi, phù hợp nhu cầu hàng ngày. -góp linh hoạt tuần/ tháng - chỉ cần cccd - thủ tục nhanh- duyệt giao ngay","Thành phố Thủ Dầu Một, Bình Dương",Mới,Xe máy điện,Unknown,2025,,5500000,New,Bình Dương,2025.0,
1648,https://xe.chotot.com/mua-ban-xe-may/132735629.htm,2026-06-02 09:16:50,xe_may_dien,Xe máy điện Quantum S3 2026 Xám,32500000,nguyenchuyenpin,"___ 4 Chiếc quantum S3 giá Iu : 1 . Màu Xám 2026 , odo 700km , Bssg Giá : 32tr5 3 Chiếc Còn Lại , Odo 12.000km Giá : 31tr Up Lên Sạc 1.800w Thêm 1t nha . - Dịch Vu Sang Tên Trọn Gói Cho Khách Ở Sg - Tỉnh Nha . 😚🥰🤪💁..........THU XĂNG ĐỔI ĐIỆN ĐỔI ĐỜI..........😍😄😄😄 - MÌNH CAM KẾT THU CAO HƠN NHỮNG CỬA HÀNG KHÁC 1 ĐẾN 2TR NHÉ . - CẦM XE MÁY _ XE ĐIỆN _ XE HƠI ĐIỆN _ LAPTOP _ LOA _ DÀN CDJ _ HIEND _ VÀNG _ HỘT XOÀN ...VV. GIÁ CAO ( CHÍNH CHỦ ) KỂ CẢ XE ĐANG CẦM NGÂN HÀNG . ĐỊNH GIÁ NGAY CÓ TIỀN SAU 19 PHÚT . - CHUYÊN ĐỘ PIN _ SỮA CHỮA_ TÂN TRANG CHO TẤT CẢ CÁC LOẠI XE ĐIỆN . - CHUYÊN LÀM GIẤY TỜ XE MÁY & XE HƠI TOÀN QUỐC ( RÚT GỐC + ĐK MỚI ) MỌI GIẤY TỜ XE KHÓ XÁC MINH GỐC - TUYỂN CTV BÁN XE + LIVE BÁN HÀNG 1TR / 1 CHIẾC TIỀN TƯƠI .( LƯƠNG CĂN BẢN 6TR ) . ........nguyenchuyenpin.com.......... ✅ 𝐂Ó 𝐓𝐑Ả 𝐆Ó𝐏 – 𝐂À 𝐓𝐇Ẻ – 𝐆𝐈𝐀𝐎 𝐓Ậ𝐍 𝐍𝐇À ✅ 𝐍Ợ 𝐗Ấ𝐔 𝐁𝐀𝐎 ĐẬ𝐔 𝟏𝟎𝟎% ✅ 𝐂𝐀𝐌 𝐊Ế𝐓 𝐗𝐄 𝐓𝐇Ậ𝐓 – 𝐆𝐈Á 𝐓𝐇Ậ𝐓 – 𝐁Ả𝐎 𝐇À𝐍𝐇 𝐌𝐈𝐍𝐇 𝐁Ạ𝐂𝐇 😛ĐỊA CHỈ : 21 Nguyễn Súy . Phú Thọ Hoà ( Tân Phú Cũ ) . 😭🤪🥵😉 Time Mở Cửa : 6Am _ 24Pm ☎ *** ☎ 📢 QUÝ KHÁCH VUI LÒNG GỌI TRƯỚC KHI QUA . XIN CÁM ƠN QUÝ KHÁCH ĐÃ QUAN TÂM .","Quận Tân Phú, Tp Hồ Chí Minh",Đã sử dụng,Xe máy điện,Unknown,2026,700,32500000,Used,Hồ Chí Minh,2026.0,700.0
1649,https://xe.chotot.com/mua-ban-xe-may/132735005.htm,2026-06-02 08:50:24,xe_may_dien,Xe máy điện Xmen Đen,4500000,Thắng râu,"Xe máy điện Xmen màu đen, ngoại hình đẹp, chắc chắn. - Động cơ 800W, chạy êm, mượt mà. - 5 bình ắc quy khỏe, đi được quãng đường dài. (khoảng 40km/ lần xạc)","Huyện Thanh Oai, Hà Nội",Đã sử dụng,Xe máy điện,Unknown,2020,100000,4500000,Used,Hà Nội,2020.0,100000.0
1650,https://xe.chotot.com/mua-ban-xe-may/132734618.htm,2026-06-02 08:29:58,xe_may_dien,Xe máy điện Osaka Trắng hồng,10000000,Nga,Xe máy điện osaka màu trắng hồng mới mua 2 tháng (còn bảo hành),"Thành phố Biên Hòa, Đồng Nai",Đã sử dụng,Xe máy điện,Unknown,2025,358,10000000,Used,Đồng Nai,2025.0,358.0
1651,https://xe.chotot.com/mua-ban-xe-may/132733697.htm,2026-06-02 07:18:48,xe_may_dien,Honda Icon E Trắng trúng thưởng giá iu,25000000,nguyenchuyenpin,"- HONDA icon E New Luôn Pin , Bao Ra Bs Cho Khách Giá : 25tr. 😚🥰🤪💁..........THU XĂNG ĐỔI ĐIỆN ĐỔI ĐỜI..........😍😄😄😄 - MÌNH CAM KẾT THU CAO HƠN NHỮNG CỬA HÀNG KHÁC 1 ĐẾN 2TR NHÉ . - CẦM XE MÁY _ XE ĐIỆN _ XE HƠI ĐIỆN _ LAPTOP _ LOA _ DÀN CDJ _ HIEND _ VÀNG _ HỘT XOÀN ...VV. GIÁ CAO ( CHÍNH CHỦ ) KỂ CẢ XE ĐANG CẦM NGÂN HÀNG . ĐỊNH GIÁ NGAY CÓ TIỀN SAU 19 PHÚT . - CHUYÊN ĐỘ PIN _ SỮA CHỮA_ TÂN TRANG CHO TẤT CẢ CÁC LOẠI XE ĐIỆN . - CHUYÊN LÀM GIẤY TỜ XE MÁY & XE HƠI TOÀN QUỐC ( RÚT GỐC + ĐK MỚI ) MỌI GIẤY TỜ XE KHÓ XÁC MINH GỐC - TUYỂN CTV BÁN XE + LIVE BÁN HÀNG 1TR / 1 CHIẾC TIỀN TƯƠI .( LƯƠNG CĂN BẢN 6TR ) . ........nguyenchuyenpin.com.......... ✅ 𝐂Ó 𝐓𝐑Ả 𝐆Ó𝐏 – 𝐂À 𝐓𝐇Ẻ – 𝐆𝐈𝐀𝐎 𝐓Ậ𝐍 𝐍𝐇À ✅ 𝐍Ợ 𝐗Ấ𝐔 𝐁𝐀𝐎 ĐẬ𝐔 𝟏𝟎𝟎% ✅ 𝐂𝐀𝐌 𝐊Ế𝐓 𝐗𝐄 𝐓𝐇Ậ𝐓 – 𝐆𝐈Á 𝐓𝐇Ậ𝐓 – 𝐁Ả𝐎 𝐇À𝐍𝐇 𝐌𝐈𝐍𝐇 𝐁Ạ𝐂𝐇 😛ĐỊA CHỈ : 21 Nguyễn Súy . Phú Thọ Hoà ( Tân Phú Cũ ) . 😭🤪🥵😉 Time Mở Cửa : 6Am _ 24Pm ☎ *** ☎ 📢 QUÝ KHÁCH VUI LÒNG GỌI TRƯỚC KHI QUA . XIN CÁM ƠN QUÝ KHÁCH ĐÃ QUAN TÂM .","Quận Tân Phú, Tp Hồ Chí Minh",Mới,Xe máy điện,Unknown,2026,1,25000000,New,Hồ Chí Minh,2026.0,1.0
1652,https://xe.chotot.com/mua-ban-xe-may/132733550.htm,2026-06-02 07:05:29,xe_may_dien,Xe máy điện VinFast EVO GRAND Đen Mới 100%,3500000,HIỀN ĐIỆN MÁY TRẢ GÓP ,"Xe máy điện VinFast EVO GRAND màu đen, mới 100%. ZÁ GÓP THÁNG BAO NẬU XỚ GÓP KHÔNG QUA NGÂN HÀNG - Thiết kế hiện đại, vận hành êm ái. - Động cơ mạnh mẽ, quãng đường di chuyển xa. - Tiết kiệm chi phí, phù hợp đi lại hàng ngày.","Quận 8, Tp Hồ Chí Minh",Mới,Xe máy điện,Unknown,2026,,3500000,New,Hồ Chí Minh,2026.0,
1653,https://xe.chotot.com/mua-ban-xe-may/131569535.htm,2026-06-02 06:50:31,xe_may_dien,Xe máy điện VinFast Evo Grand Xám,1300000,Huy Đồng,Xe máy điện VInfast Evo Grand Lite Trả góp bao nợ xấu Thủ tục nhanh chóng Ko giữ CMND/CCCD Bảo mật thông tin khách hàng Hỗ trợ 0 trả trước Bảo hành chính hãng 2 năm Không chi phú phát sinh,"Thành phố Biên Hòa, Đồng Nai",Mới,Xe máy điện,Unknown,2026,,1300000,New,Đồng Nai,2026.0,
1654,https://xe.chotot.com/mua-ban-xe-may/132480577.htm,2026-06-01 22:57:03,xe_may_dien,Xe máy điện Lavia Plus 2026 Đa dạng,15800000,Xe điện Bình Phương,Xe Lavia Plus bản mới 2026 Bảo hành 36 tháng khung sườn 36 tháng động cơ 12 tháng bình ạ Lavia 2026 có thẻ từ NFC mở xe 1 chạm Trang bị 2 phanh đĩa trước sau Có kết nối điện thoại Có tự động khoá xe sau tắt máy Động cơ khoẻ tốc độ tối đa 65km/h Quãng đường đi đc tầm 80km Tải trọng tối đa 220kg,"Quận Cầu Giấy, Hà Nội",Mới,Xe máy điện,Unknown,2026,,15800000,New,Hà Nội,2026.0,
1655,https://xe.chotot.com/mua-ban-xe-may/132731175.htm,2026-06-01 21:17:44,xe_may_dien,Xe đạp điện Pega Gen Z Trắng Đã sử dụng,7800000,Tiến Đạt,"Bán xe điện pega xe mới mua 1 năm, mới thay bình mới 100% ngoại hình còn đẹp, phụ kiện đầy đủ có đỡ lưng phía sau, khóa đầy đủ. ai cần alo","Quận Tân Bình, Tp Hồ Chí Minh",Đã sử dụng,Xe máy điện,Unknown,2026,9,7800000,Used,Hồ Chí Minh,2026.0,9.0
1656,https://xe.chotot.com/mua-ban-xe-may/132730887.htm,2026-06-01 20:59:01,xe_may_dien,Xe máy điện VinFast EVO 200 Đỏ,24500000,Dung,"⚡️ EVO 200 Date 2025 – Chính chủ ký ⚡️ ✨ Odo chuẩn 9.000km ✨ Xe đẹp leng keng, dàn áo zin sạch sẽ ✨ Máy móc êm ái, vận hành ổn định ✨ Chính chủ ký sang tên nhanh gọn ✨ Phù hợp đi học, đi làm tiết kiệm chi phí 💰 Giá bán: 24.5 triệu 📍 Xem xe trực tiếp, ưng là chốt ⭐️Nậu xớ đưa trước 8tr5 nhận xe ko xác minh ⭐️Hỗ trợ vay ngân hàng - Có quẹt tín dụng ⭐️Giao lưu bù trừ mọi thể loại xăng, điện 🏠Xem trực tiếp quận bình tân 📞Dung: ***","Quận Bình Tân, Tp Hồ Chí Minh",Đã sử dụng,Xe máy điện,Unknown,2025,0,24500000,Used,Hồ Chí Minh,2025.0,0.0
1657,https://xe.chotot.com/mua-ban-xe-may/132729102.htm,2026-06-01 18:54:02,xe_may_dien,Xe máy điện Datbike Quantum S3 Đen,31000000,HiỆp Vũ,"Xe máy điện Datbike Quantum S3 màu đen, odo 3000 km. - Thiết kế hiện đại, vận hành êm ái. - Tiết kiệm năng lượng, thân thiện môi trường. - Xe còn mới, ít đi.","Huyện Long Thành, Đồng Nai",Mới,Xe máy điện,Unknown,2025,,31000000,New,Đồng Nai,2025.0,
1658,https://xe.chotot.com/mua-ban-xe-may/132728107.htm,2026-06-01 17:50:04,xe_may_dien,Honda Dream Thái 1997 Nâu len kèn mô 95 %,29000000,Nguyễn Thanh Bình,"🌈 xe honda dream thai 1997 màu nâu mới len ken mới 95 % ➖Đk 1997 ➖BS : 59X2 00612 ➖Máy cực kì chất, bao nhẹ ,bao không một tiếng động lạ , đầu rớt, nhe anh chi ➖Xe may êm đẹp liền lạc , zin chua dam hay son chỗ nào nọ tom lai xe zim cho anh chi tuô 50 tro len đi caphe là số dách ➖Nói chung xe rất ok ,mua về là sử dụng ngay thôi , không tốn thêm đồng nào ✅Hỗ trợ #TRẢ_GÓP ( Giao cavet Gốc ) 📲Hotline :*** 🛑Facebook, Zalo : ⭕️Page :","Thành phố Thủ Đức, Tp Hồ Chí Minh",Đã sử dụng,Xe máy điện,Unknown,1997,3,29000000,Used,Hồ Chí Minh,1997.0,3.0
1659,https://xe.chotot.com/mua-ban-xe-may/132726729.htm,2026-06-01 16:39:35,xe_may_dien,Dat Bike Quantum S1 giao ngay quận 8,50000000,từ tuấn thiệu,"CƠ HỘI HIẾM CÓ: SỞ HỮU QUANTUM S1 ĐEN TRONG NGÀY – KHÔNG CHỜ ĐỢI] ​ Tin vui là bên em vừa về được đúng một lô vài chiếc Quantum S1 phiên bản màu Đen cực hiếm. Đặc quyền khi chốt xe tại bên em: ​Không cần xếp hàng chờ đợi lên lịch giao. ​Giao xe ngay trong ngày, hỗ trợ làm thủ tục đăng ký biển số từ A-Z. ​Hỗ trợ trả góp nhanh chóng, xét duyệt thần tốc. ​Anh em nào đang tăm tia em này để đi làm, đi chơi thì đây là thời điểm vàng để chốt. Xe sẵn - Chìa khóa sẵn, chỉ chờ anh em qua nổ máy.","Huyện Bình Chánh, Tp Hồ Chí Minh",Mới,Xe máy điện,Unknown,2026,,50000000,New,Hồ Chí Minh,2026.0,
1660,https://xe.chotot.com/mua-ban-xe-may/132724066.htm,2026-06-01 14:49:30,xe_may_dien,xe đạp điện Xmen,3700000,Dung Truong,cháu vào cấp 3 rồi lên bán xe này xe đi vẫn rất tốt ắc quy rất khỏe đi được khoảng 30 cây ai quan tâm alo nhé,"Quận Đống Đa, Hà Nội",Đã sử dụng,Xe máy điện,Unknown,2019,26000,3700000,Used,Hà Nội,2019.0,26000.0
1661,https://xe.chotot.com/mua-ban-xe-may/132723524.htm,2026-06-01 14:27:34,xe_may_dien,Xe máy điện Lavia 2026 dành cho Học Sinh,15500000,Hồ Anh Dũng,"XE MÁY ĐIỆN DÀNH CHO HỌC SINH - Lavia sx 2026 bản cao cấp nhất,2 phanh đĩa, có kết nối điện thoại, thẻ từ NFC , khoá bấn từ xa, đi 80 - 90km …. Xe chất","Quận Cầu Giấy, Hà Nội",Mới,Xe máy điện,Unknown,2026,,15500000,New,Hà Nội,2026.0,
1662,https://xe.chotot.com/mua-ban-xe-may/132721871.htm,2026-06-01 13:05:33,xe_may_dien,Xe máy điện Pega Vecba Đen,7500000,Nguyễn Thạnh,"xe máy điện vecba hãng pega xe sử dụng Ac quy 5binh lớn,xe đẹp bình khỏe xe chạy mượt,xe đi đc 45-50km cho 1lan sạc, còn đủ các chức năng, giá 7tr 500.","Huyện Bình Chánh, Tp Hồ Chí Minh",Đã sử dụng,Xe máy điện,Unknown,2020,16000,7500000,Used,Hồ Chí Minh,2020.0,16000.0
1663,https://xe.chotot.com/mua-ban-xe-may/132593181.htm,2026-06-01 12:39:01,xe_may_dien,Xe máy điện Vinfast Evogrand lite 2026 Trắng Mới,17300000,Việt Vinfast,"Vinfast Evogrand lite sản xuất năm 2026 mới nguyên bản 100% Xe được bảo hành chính hãng 6 năm và 8năm đối với pin, không giới hạn số km Gọi ngay cho em để được tư vấn, nhắn tin ở đây em không check thường xuyên được ạ Giá chỉ 17tr3","Quận Hà Đông, Hà Nội",Mới,Xe máy điện,Unknown,2026,,17300000,New,Hà Nội,2026.0,
1664,https://xe.chotot.com/mua-ban-xe-may/132664854.htm,2026-06-01 12:16:02,xe_may_dien,Xe máy điện Yadea S3 Trắng,28000000,Tuấn,"Xe máy điện Yadea S3 màu trắng, đã được nâng cấp nhiều chi tiết. - Khung sườn, chảng ba được gia cố chắc chắn. - Thay bạc đạn xịn, bọc yên mới, ghi đông trần và đồng hồ. - Phuộc YSS êm ái, cặp lốp gai bám đường tốt. - Acquy yếu, phù hợp cho ai muốn độ pin.","Quận Tân Bình, Tp Hồ Chí Minh",Đã sử dụng,Xe máy điện,Unknown,2024,1000,28000000,Used,Hồ Chí Minh,2024.0,1000.0
1665,https://xe.chotot.com/mua-ban-xe-may/131567591.htm,2026-06-01 11:37:29,xe_may_dien,Xe máy điện VinFast Evo Lite Neo - Góp Tư Nhân,2200000,Lê Hiếu Điện Máy Trả Góp,"Xe máy điện VinFast Evo Lite Neo màu đen, thiết kế hiện đại, vận hành êm ái. - ZÁ GÓP - BAO NỢ XẤU - Tiết kiệm chi phí nhiên liệu. - Thân thiện môi trường. - Phù hợp di chuyển trong đô thị.","Quận 1, Tp Hồ Chí Minh",Mới,Xe máy điện,Unknown,2025,,2200000,New,Hồ Chí Minh,2025.0,
1666,https://xe.chotot.com/mua-ban-xe-may/131395563.htm,2026-06-01 11:34:31,xe_may_dien,Xe máy điện VinFast Evo Grand,3500000,Lê Hiếu Điện Máy Trả Góp,"Xe máy điện VinFast Evo GRAND LITE màu hồng, thiết kế trẻ trung, phù hợp cả nam và nữ. - ZÁ TRÊN GÓP BAO NỢ XẤU - KHÔNG QUA NGÂN HÀNG - Xe vận hành êm ái, tiết kiệm năng lượng. - Tầm hoạt động xa, sạc nhanh. - Trang bị nhiều tính năng thông minh.","Quận 3, Tp Hồ Chí Minh",Mới,Xe máy điện,Unknown,2026,,3500000,New,Hồ Chí Minh,2026.0,
1667,https://xe.chotot.com/mua-ban-xe-may/132719941.htm,2026-06-01 11:30:56,xe_may_dien,Xe máy điện VinFast Theon S Đỏ 2025,53000000,Tuan,Cần bán Theon S biển 60 . Xe mới đi dc 9000 km . Chỉ đi làm gần .mua cuối 2025 .,"Thành phố Biên Hòa, Đồng Nai",Đã sử dụng,Xe máy điện,Unknown,2025,9000,53000000,Used,Đồng Nai,2025.0,9000.0
1668,https://xe.chotot.com/mua-ban-xe-may/132719908.htm,2026-06-01 11:29:51,xe_may_dien,Xe máy điện Dat Bike Era,30000000,T,"​CHỈ HƠN 30 TRIỆU – SỞ HỮU NGAY DAT BIKE ERA ""THẾ HỆ MỚI"" ​Bạn đang tìm một chiếc xe máy điện vừa mạnh mẽ, vừa kinh tế? Dat Bike Era chính là câu trả lời lý tưởng nhất! ​⚡ Sạc 15 phút, đi cả ngày với công nghệ siêu sạc 2.700W (bộ sạc gắn liền xe siêu tiện lợi). ⚡ Đi xa không lo hết điện với quãng đường lên tới 200km/lần sạc. ⚡ Động cơ 5.000W mạnh mẽ, chạm đỉnh tốc độ 82km/h. ​💸 Chính sách mua xe siêu hời: ​Hỗ trợ trả góp ĐƯA TRƯỚC 0 ĐỒNG. ​Nhận đặt cọc ngay hôm nay để nhận xe sớm nhất. ​Ghé ngay Dat Bike Bình Hưng để lái thử và cảm nhận thực tế! 📍 Địa chỉ: Số 843 QL50, Xã Bình Hưng, HCM (Cách ngã tư Nguyễn Văn Linh 200m hướng về Q8).","Quận 8, Tp Hồ Chí Minh",Mới,Xe máy điện,Unknown,2026,0,30000000,New,Hồ Chí Minh,2026.0,0.0
1669,https://xe.chotot.com/mua-ban-xe-may/132714602.htm,2026-06-01 10:55:46,xe_may_dien,Xe máy điện E-lass Vespa 2023 Đen,7200000,Trương Tuấn,"Xe điện E - lass Htc vespa 2023 xe đi bao êm , điện bình khỏe , đèn , xi nhan, còi đầy đủ chức năng xe mới 90% ạ ..🛵 Xe 5 bình lớn 1 lần sạc đi đc 60km , bình còn bảo hành 2 tháng ạ .. 🛵 Giá xe e để :7.xxx.xxx ace thiện chí muốn mua Lh sdt zép lào e : *** e có fix chi ace thiện chí mua xe ạ ..🛵🛵","Quận Bình Tân, Tp Hồ Chí Minh",Đã sử dụng,Xe máy điện,Unknown,2023,8000,7200000,Used,Hồ Chí Minh,2023.0,8000.0
1670,https://xe.chotot.com/mua-ban-xe-may/132718124.htm,2026-06-01 10:22:28,xe_may_dien,Xe máy điện VinFast Feliz S Đen pin và sạc mới 100,28500000,Phan Vinh Vinh,"Feliz S đen 63k odo, pin vừa mua chính hãng mới 100%, sạc vừa mua mới 100%. Giấy tờ chính chủ. Liên hệ ZaIo để xem xe, mình ở Củ Chi gần nước mía vườn cau. KHÔNG buôn gian dối, định giá vàng, BẢY ngày Chợ Tốt, uy tín mang. SÁU nẻo anh em đều biết tiếng, NĂM tháng kinh doanh, khách xếp hàng. BỐN bề khảo giá, đây sát nhất, HAI chữ ""kỳ kèo"", xin cất ngang. NĂM mười sòng phẳng, tiền trao nhận, BỐN phương tin tưởng, chốt nhẹ nhàng. HAI bên thuận ý, giao dịch gọn, NĂM sao đánh giá, sáng nguyên trang.","Huyện Củ Chi, Tp Hồ Chí Minh",Đã sử dụng,Xe máy điện,Unknown,2023,63000,28500000,Used,Hồ Chí Minh,2023.0,63000.0
1671,https://xe.chotot.com/mua-ban-xe-may/132716024.htm,2026-06-01 08:50:04,xe_may_dien,Xe máy điện VinFast Klara S Xanh,15500000,Dung,"✨ KLARA S lên pin 30Ah ✨ 🔋 Pin 30Ah – đi thực tế khoảng 80km/lần sạc 🛵 Xe vận hành êm ái, tiết kiệm chi phí 📜 Chính chủ ký, giấy tờ đầy đủ 💯 Phù hợp đi học, đi làm hằng ngày 💰 Giá chỉ 15.5 triệu (có thương lượng nhẹ cho khách thiện chí) 📩 Quan tâm inbox hoặc xem xe trực tiếp nhé! 🚀 Hỗ trợ trả góp, bao nợ xấu 🏠Xem trực tiếp quận bình tân 📞Dung: ***","Quận Bình Tân, Tp Hồ Chí Minh",Đã sử dụng,Xe máy điện,Unknown,2025,80,15500000,Used,Hồ Chí Minh,2025.0,80.0
1672,https://xe.chotot.com/mua-ban-xe-may/132715855.htm,2026-06-01 08:41:24,xe_may_dien,Xe máy điện VinFast Evo 200 2025 Xanh,23800000,Dung,"🔥 Evo 200 đời 2025 – Pin mua đứt 🔥 ✅ Đăng ký 2025 ✅ Pin mua đứt, sạc đầy đi khoảng 120km ✅ Odo lướt chỉ 8.700km ✅ Biển số TP, chính chủ ký sang tên ✅ Xe vận hành ổn định, tiết kiệm chi phí, phù hợp đi học và đi làm 💰 Giá bán: 23.8 triệu (thương lượng nhẹ cho khách thiện chí) 📩 Quan tâm inbox hoặc liên hệ xem xe trực tiếp. Nhanh tay sở hữu xe đẹp, giá tốt! 🚀⚡ Hỗ trợ trả góp, bao nợ xấu 🏠Xem trực tiếp quận bình tân 📞Dung: ***","Quận Bình Tân, Tp Hồ Chí Minh",Đã sử dụng,Xe máy điện,Unknown,2025,8700,23800000,Used,Hồ Chí Minh,2025.0,8700.0
1673,https://xe.chotot.com/mua-ban-xe-may/132715753.htm,2026-06-01 08:34:29,xe_may_dien,Xe máy điện VinFast Vento ABS Đỏ 2025,36500000,Dung,"🔥 Vento ABS 2025 siêu lướt 🔥 ✅ Chính chủ BSTP ✅ Odo 4.000km ✅ Phiên bản ABS an toàn ✅ Xe đẹp leng keng, sơn đỏ nổi bật, máy zin nguyên bản ✅ Dàn áo đẹp, lốp gai còn dày, vận hành êm ái 💰 Giá: 36,5 triệu (bớt lộc cho khách thiện chí) 📍 Xem xe trực tiếp tại Bình Tân 👉Hỗ trợ trả góp, nợ xấu bao đậu 👉Thu mua, Cầm, đổi xe 👉 Có quẹt tín dụng trả góp 📩 Inbox hoặc gọi để xem xe. Dung: ***","Quận Bình Tân, Tp Hồ Chí Minh",Đã sử dụng,Xe máy điện,Unknown,2025,4000,36500000,Used,Hồ Chí Minh,2025.0,4000.0
1674,https://xe.chotot.com/mua-ban-xe-may/132715654.htm,2026-06-01 08:27:11,xe_may_dien,Xe máy điện VinFast EVO MAX Trắng,18300000,Dung,"⚡️ EVO MAX 1 PIN THUÊ – SIÊU LƯỚT NHƯ XE THÙNG ⚡️ 🔥 Odo chỉ 100 km – gần như mới tinh, mua về chạy ngay khỏi cần suy nghĩ. 🔥 Chính chủ BSTP, giấy tờ đầy đủ, sang tên nhanh gọn. 🔥 Ngoại hình đẹp keng, nước sơn bóng loáng, dàn áo zin từ đầu đến đuôi. 🔥 Động cơ êm ái, tăng tốc mượt, tiết kiệm chi phí di chuyển hằng ngày. 🔥 Phiên bản đổi pin tại trạm, tiện lợi và linh hoạt. 💸 Giá chỉ: 18.3 triệu Hỗ trợ trả góp, bao nợ xấu 🏠Xem trực tiếp quận bình tân 📞Dung: ***","Quận Bình Tân, Tp Hồ Chí Minh",Đã sử dụng,Xe máy điện,Unknown,2026,100,18300000,Used,Hồ Chí Minh,2026.0,100.0
1675,https://xe.chotot.com/mua-ban-xe-may/132715591.htm,2026-06-01 08:23:26,xe_may_dien,Xe máy điện VinFast Feliz S Đỏ,24500000,Dung,"Feliz S biển TP chính chủ ✅ Odo 15.000 km ✅ Xe sử dụng ổn định, vận hành êm ✅ Giấy tờ đầy đủ, sang tên nhanh 💰 Giá bán: 24.5 triệu (có bớt lộc cho khách thiện chí) Hỗ trợ trả góp, bao nợ xấu Xem trực tiếp quận bình tân Liên hệ Dung: ***","Quận Bình Tân, Tp Hồ Chí Minh",Đã sử dụng,Xe máy điện,Unknown,2025,15000,24500000,Used,Hồ Chí Minh,2025.0,15000.0
1676,https://xe.chotot.com/mua-ban-xe-may/132714687.htm,2026-06-01 07:22:30,xe_may_dien,Xe máy điện Kalara S1 Đỏ,15000000,Hùng,kalara s1 đẹp vô đối 1 lân sạc 50km xe 50km/h nên phù hợp hoc sinh,"Huyện Phong Điền, Thừa Thiên Huế",Đã sử dụng,Xe máy điện,Unknown,2019,200000,15000000,Used,Huế,2019.0,200000.0
1677,https://xe.chotot.com/mua-ban-xe-may/132714612.htm,2026-06-01 07:11:19,xe_may_dien,Xe máy điện Klara S Xanh,15500000,Huỳnh Thị Mỹ Yên,"🔥 KLARA S LÊN PIN 30AH 🔥 🔋 Đi khoảng 80km/lần sạc ✅ Chính chủ ký Xe đẹp, xem là thích, thiện chí bớt lộc cho khách chốt nhanh.","Quận Bình Tân, Tp Hồ Chí Minh",Đã sử dụng,Xe máy điện,Unknown,2022,100,15500000,Used,Hồ Chí Minh,2022.0,100.0
1678,https://xe.chotot.com/mua-ban-xe-may/132714599.htm,2026-06-01 07:09:13,xe_may_dien,BÁN XE MÁY ĐIỆN YADEA,10000000,việt Nguyễn Đình,"Xe máy điện Yadea Odora S1 màu xanh ngọc, thiết kế trẻ trung, hiện đại. - Động cơ mạnh mẽ, vận hành êm ái. - Quãng đường di chuyển xa, sạc nhanh. - Phù hợp đi lại trong thành phố.","Quận Gò Vấp, Tp Hồ Chí Minh",Đã sử dụng,Xe máy điện,Unknown,2021,6500,10000000,Used,Hồ Chí Minh,2021.0,6500.0
1679,https://xe.chotot.com/mua-ban-xe-may/132712685.htm,2026-05-31 21:55:39,xe_may_dien,Xe máy điện VC mới 100%,12700000,Nguyen Cuong,"Xe hottrend VC, cốp rộng, thắng đĩa, vận hành êm ái, an toàn. Bảo hành 1 năm","Thành phố Thủ Đức, Tp Hồ Chí Minh",Mới,Xe máy điện,Unknown,2026,,12700000,New,Hồ Chí Minh,2026.0,
1680,https://xe.chotot.com/mua-ban-xe-may/132712336.htm,2026-05-31 21:28:07,xe_may_dien,Xe điện New bear màu Xanh lá,4000000,Vân Shy,"Hãng xe: New bear Dòng xe: xe điện Số km đã đi: 4829 Tình trạng: như hình Chạy tốt, Bình tốt Phù hợp cho người đi học, đi làm, đi chợ Giá có thể thương lượng","Quận Bình Tân, Tp Hồ Chí Minh",Đã sử dụng,Xe máy điện,Unknown,2020,4829,4000000,Used,Hồ Chí Minh,2020.0,4829.0
1681,https://xe.chotot.com/mua-ban-xe-may/132712126.htm,2026-05-31 21:12:42,xe_may_dien,Xe máy điện Yadea Oris Trắng,27900000,Sang Pham Thanh,Xe mới mua 1 tháng do có nhu cầu đổi xe mới . - Ae nào có thiện chí thích trải nghiệm xe điện thì liên hệ,"Quận 6, Tp Hồ Chí Minh",Đã sử dụng,Xe máy điện,Unknown,2026,1000,27900000,Used,Hồ Chí Minh,2026.0,1000.0
1682,https://xe.chotot.com/mua-ban-xe-may/132710618.htm,2026-05-31 19:14:04,xe_may_dien,⚡ XE ĐIỆN TAKUMI MỚI 100% ⚡,12200000,Nguyễn Quang,"⚡ XE ĐIỆN TAKUMI MỚI 100% – THIẾT KẾ CÁ TÍNH, ĐI ÊM, TIẾT KIỆM ⚡ 🔋 Xe điện Takumi phong cách hiện đại, màu xám nhám cực ngầu, phù hợp đi học, đi làm, đi chợ hằng ngày. ✅ Thiết kế nhỏ gọn, dễ điều khiển ✅ Động cơ mạnh mẽ, vận hành êm ái ✅ Tiết kiệm chi phí hơn xe xăng ✅ Yên dài 2 người ngồi thoải mái ✅ Xe mới, bảo hành đầy đủ ✅ Hỗ trợ tư vấn nâng cấp pin theo nhu cầu Ra biển số +2triệu 💰 Giá tốt cho khách đến xem trực tiếp. 📍 Địa chỉ xem xe: 275 Đường An Phú 06, phường An Phú, TP.HCM","Thành phố Thuận An, Bình Dương",Mới,Xe máy điện,Unknown,2026,,12200000,New,Bình Dương,2026.0,
1683,https://xe.chotot.com/mua-ban-xe-may/132710493.htm,2026-05-31 19:04:17,xe_may_dien,Xe máy điện Feliz Xanh rêu,24000000,thong dong,"feliz 9/2025 mới chạy loanh quanh Sài Gòn 2000km, chính chủ, xanh rêu, 24 triệu, dã phủ keo chống trầy xước","Thành phố Thủ Đức, Tp Hồ Chí Minh",Đã sử dụng,Xe máy điện,Unknown,2025,2500,24000000,Used,Hồ Chí Minh,2025.0,2500.0
1684,https://xe.chotot.com/mua-ban-xe-may/132707446.htm,2026-05-31 15:52:33,xe_may_dien,Xe máy điện Vespa màu Trắng,7000000,Nguyễn Tiến Dũng,Cần bán xe máy điện Vespa trắng đăng ký đầy đủ 7000000,"Quận Hai Bà Trưng, Hà Nội",Đã sử dụng,Xe máy điện,Unknown,2023,50,7000000,Used,Hà Nội,2023.0,50.0
1685,https://xe.chotot.com/mua-ban-xe-may/132672350.htm,2026-05-31 11:07:29,xe_may_dien,Xe máy điện VinFast Evo200 Lite Đen,21500000,Xe Điện GV,🔥 🔥 ⚡️ VinFast Evo200 Lite ✅ IC Evo200 zin (Eco 50km/h - Sport 70km/h) 🛵 Odo 20.000km 📜 BSSG chính chủ ✨ Yên Kim Đan ✨ Tay thắng RCB 💰 Giá 21triệu 500 📞 ***,"Quận Bình Tân, Tp Hồ Chí Minh",Đã sử dụng,Xe máy điện,Unknown,2024,20000,21500000,Used,Hồ Chí Minh,2024.0,20000.0
1686,https://xe.chotot.com/mua-ban-xe-may/132701669.htm,2026-05-31 10:53:27,xe_may_dien,Xe máy điện Milan Đen gọn gàng nhẹ nhàng,4800000,Duy Hưng,"Xe điện Milan gọn gàng, lành lặn, khoẻ đẹp. Đi tầm 35-40km. Các chức năng hoạt động bình thường. Ai cần hãy gọi hoặc nhắn zalo","Quận Nam Từ Liêm, Hà Nội",Đã sử dụng,Xe máy điện,Unknown,2017,9000,4800000,Used,Hà Nội,2017.0,9000.0
1687,https://xe.chotot.com/mua-ban-xe-may/132701456.htm,2026-05-31 10:43:25,xe_may_dien,Xe điện Osakar Xmen Pro 2024 Đen,9500000,Đạt Đỗ,Xe điện Xmen osarka pro bản 2024 có cả khoá smarkey và khó chìa hệ thông chống trộm ở phần bình vỡ nhẹ 1 chút không sao pin vẫn đi được 40km/1 lần sạc,"Quận Long Biên, Hà Nội",Đã sử dụng,Xe máy điện,Unknown,2024,9100,9500000,Used,Hà Nội,2024.0,9100.0
1688,https://xe.chotot.com/mua-ban-xe-may/132700192.htm,2026-05-31 09:42:30,xe_may_dien,Xe máy điện YADEA Đen,13999000,YADEA MINH CHÂU,"🎉 YADEA MINH CHÂU CHƠI LỚN – ƯU ĐÃI SIÊU KHỦNG THÁNG 6 🎁 🔥 TẶNG TIỀN MẶT lên tới 1 TRIỆU ĐỒNG cho khách hàng mua xe trong thời gian diễn ra chương trình 🔥 Nhận ngay combo quà tặng cực xịn trị giá hơn 500K Mua xe vừa tiết kiệm, vừa nhận quà mang về quá trời luôn 😍 Số lượng ưu đãi có hạn – nhanh chân ghé ngay YADEA Minh Châu để săn deal HOT hôm nay nhé!","Thành phố Sóc Trăng, Sóc Trăng",Mới,Xe máy điện,Unknown,2026,,13999000,New,Sóc Trăng,2026.0,
1689,https://xe.chotot.com/mua-ban-xe-may/132699333.htm,2026-05-31 08:49:03,xe_may_dien,"Xe máy điện Xmen JVC Đen, Đỏ",2300000,Hồng,"xe đạp điện hon da chạy pin bao khỏe giá 2,3tr yadea orla 2024 bình khỏe 11,5tr ai quan tâm thì ib ạ","Quận 12, Tp Hồ Chí Minh",Đã sử dụng,Xe máy điện,Unknown,2024,3000,2300000,Used,Hồ Chí Minh,2024.0,3000.0
1690,https://xe.chotot.com/mua-ban-xe-may/132698182.htm,2026-05-31 07:09:34,xe_may_dien,Evo200 màu vespa pin LFP leng keng,18500000,Vinh vinfast Đồng Nai,"Evo200 vàng pin 3.5 Xe còn rất keng Biển số Long An Pin mua Bảo hành đến cuối 2028 Pin tốt, 1 lần sạc chạy trên 100km Tốc độ tối đa 68km/h Xem xe tại Trảng Bom Đồng Nai Lh: ***","Huyện Trảng Bom, Đồng Nai",Đã sử dụng,Xe máy điện,Unknown,2023,25000,18500000,Used,Đồng Nai,2023.0,25000.0
1691,https://xe.chotot.com/mua-ban-xe-may/132698157.htm,2026-05-31 07:06:17,xe_may_dien,Xe máy điện VinFast Feliz 2025 Xanh,32500000,PHẠM TUẤN MUA BÁN XE ĐIỆN,Feliz 2025 lun 2 pin + sạc Chính chủ ký . Xanh oliu xiu đẹp ken Zá 32tr500,"Quận Tân Phú, Tp Hồ Chí Minh",Đã sử dụng,Xe máy điện,Unknown,2025,7000,32500000,Used,Hồ Chí Minh,2025.0,7000.0
1692,https://xe.chotot.com/mua-ban-xe-may/132698144.htm,2026-05-31 07:05:19,xe_may_dien,Xe máy điện VinFast EVO Đen,18500000,Quốc Toàn,Cần bán xe như mới odo 420km luôn pin chỉ việc về sạc là chạy,"Huyện Xuân Lộc, Đồng Nai",Đã sử dụng,Xe máy điện,Unknown,2025,420,18500000,Used,Đồng Nai,2025.0,420.0
1693,https://xe.chotot.com/mua-ban-xe-may/132698110.htm,2026-05-31 07:02:09,xe_may_dien,Xe máy điện VinFast Evo Max Đen,17500000,nguyễn văn tùng vương,Em cần bán evo max odo 500km chính chủ bán hoặc giao lưu evo grand 2pin,"Quận 6, Tp Hồ Chí Minh",Đã sử dụng,Xe máy điện,Unknown,2026,500,17500000,Used,Hồ Chí Minh,2026.0,500.0
1694,https://xe.chotot.com/mua-ban-xe-may/132641861.htm,2026-05-30 21:30:59,xe_may_dien,xe điện K1 (đạp điện ko cần bằng lái),9000000,Thành Tài,"Xe học sinh dùng, mua cuối năm 2025, do ko còn nhu cầu nên bán Tốc độ tối đa 5-60km/h Đi kèm 4 bình và sạc Phụ kiện kèm theo xe còn đủ Xe đi được tầm 3000km Còn mới 99%","Quận Ninh Kiều, Cần Thơ",Đã sử dụng,Xe máy điện,Unknown,2025,3000,9000000,Used,Cần Thơ,2025.0,3000.0
1695,https://xe.chotot.com/mua-ban-xe-may/132693122.htm,2026-05-30 17:48:35,xe_may_dien,Xe máy điện Orla Xanh nhạt,15500000,Anh Mai,"Xe máy điện Orla màu xanh nhạt, thiết kế hiện đại, phù hợp cho cả nam và nữ. - Xe vận hành êm ái, tiết kiệm năng lượng. - Di chuyển linh hoạt trong đô thị. - An toàn, thân thiện với môi trường. (Ảnh chưa rửa nhìn hơi dơ)","Huyện Long Thành, Đồng Nai",Đã sử dụng,Xe máy điện,Unknown,2024,15000,15500000,Used,Đồng Nai,2024.0,15000.0
1696,https://xe.chotot.com/mua-ban-xe-may/132693012.htm,2026-05-30 17:42:55,xe_may_dien,Xe máy điện Honda ICON e Đỏ 2026,25500000,Dung,"Honda ICON e: pin mua đứt, đăng ký 2026 BSTP chính chủ sang tên nhanh Odo chỉ 2.000 km, xe còn rất mới Dàn áo đỏ đẹp, zin theo xe, máy móc vận hành êm Phù hợp đi học, đi làm hằng ngày, tiết kiệm chi phí sử dụng 💰 Giá: 25,5 triệu","Quận Bình Tân, Tp Hồ Chí Minh",Đã sử dụng,Xe máy điện,Unknown,2026,2000,25500000,Used,Hồ Chí Minh,2026.0,2000.0
1697,https://xe.chotot.com/mua-ban-xe-may/132692750.htm,2026-05-30 17:27:34,xe_may_dien,Xe máy điện VinFast Theon S 2022 Đỏ,36000000,nguyenchuyenpin,"Thoens Đỏ 2022 , Cặp Vỏ Michelin , Bs sài Gòn Chính Chủ Giá : 36tr Thoens Trắng 2023 , Bs Trà Vinh , Lên Pin Calb 120ah ( Chạy Trên 200km ) Giá : 42tr 😚🥰🤪💁..........THU XĂNG ĐỔI ĐIỆN ĐỔI ĐỜI..........😍😄😄😄 - MÌNH CAM KẾT THU CAO HƠN NHỮNG CỬA HÀNG KHÁC 1 ĐẾN 2TR NHÉ . - CẦM XE MÁY _ XE ĐIỆN _ XE HƠI ĐIỆN _ LAPTOP _ LOA _ DÀN CDJ _ HIEND _ VÀNG _ HỘT XOÀN ...VV. GIÁ CAO ( CHÍNH CHỦ ) KỂ CẢ XE ĐANG CẦM NGÂN HÀNG . ĐỊNH GIÁ NGAY CÓ TIỀN SAU 19 PHÚT . - CHUYÊN ĐỘ PIN _ SỮA CHỮA_ TÂN TRANG CHO TẤT CẢ CÁC LOẠI XE ĐIỆN . - CHUYÊN LÀM GIẤY TỜ XE MÁY & XE HƠI TOÀN QUỐC ( RÚT GỐC + ĐK MỚI ) MỌI GIẤY TỜ XE KHÓ XÁC MINH GỐC - TUYỂN CTV BÁN XE + LIVE BÁN HÀNG 1TR / 1 CHIẾC TIỀN TƯƠI .( LƯƠNG CĂN BẢN 6TR ) . ........nguyenchuyenpin.com.......... ✅ 𝐂Ó 𝐓𝐑Ả 𝐆Ó𝐏 – 𝐂À 𝐓𝐇Ẻ – 𝐆𝐈𝐀𝐎 𝐓Ậ𝐍 𝐍𝐇À ✅ 𝐍Ợ 𝐗Ấ𝐔 𝐁𝐀𝐎 ĐẬ𝐔 𝟏𝟎𝟎% ✅ 𝐂𝐀𝐌 𝐊Ế𝐓 𝐗𝐄 𝐓𝐇Ậ𝐓 – 𝐆𝐈Á 𝐓𝐇Ậ𝐓 – 𝐁Ả𝐎 𝐇À𝐍𝐇 𝐌𝐈𝐍𝐇 𝐁Ạ𝐂𝐇 😛ĐỊA CHỈ : 21 Nguyễn Súy . Phú Thọ Hoà ( Tân Phú Cũ ) . 😭🤪🥵😉 Time Mở Cửa : 6Am _ 24Pm ☎ *** ☎ 📢 QUÝ KHÁCH VUI LÒNG GỌI TRƯỚC KHI QUA . XIN CÁM ƠN QUÝ KHÁCH ĐÃ QUAN TÂM .","Quận Tân Phú, Tp Hồ Chí Minh",Đã sử dụng,Xe máy điện,Unknown,2022,29949,36000000,Used,Hồ Chí Minh,2022.0,29949.0
1698,https://xe.chotot.com/mua-ban-xe-may/132692158.htm,2026-05-30 16:55:32,xe_may_dien,Xe máy điện VinFast Feliz 2022 Trắng,14000000,Hải Trần quốc,"Mình muốn bán xe Feliz 2022 ko chính chủ , giao cà vẹt bao tranh chấp , đã lên Pin LFP 60V 20 Ah giá 14tr . Xem xe Q2 Thảo Điền (***)","Thành phố Thủ Đức, Tp Hồ Chí Minh",Đã sử dụng,Xe máy điện,Unknown,2022,17000,14000000,Used,Hồ Chí Minh,2022.0,17000.0
1699,https://xe.chotot.com/mua-ban-xe-may/132692149.htm,2026-05-30 16:54:56,xe_may_dien,Xe máy điện VinFast Feliz S 2023 Đỏ,20990000,EVBATTERY,"- ODO : 60000 - Pin / Ắc Quy : zin 72v 48Ah LFP ( Thuê ) - Ngoại hình : 90% có vài chỗ xướt - Thủ tục mua bán : công chứng mua bán sang tên - Năm đăng ký : 2023 - Giá bán: 21,000,000 ( pin thuê )","Quận Tân Bình, Tp Hồ Chí Minh",Đã sử dụng,Xe máy điện,Unknown,2023,60000,20990000,Used,Hồ Chí Minh,2023.0,60000.0
1700,https://xe.chotot.com/mua-ban-xe-may/132691114.htm,2026-05-30 16:03:49,xe_may_dien,Xe máy điện Vento Neo 2025 Trắng,35000000,Nguyễn Anh Tuấn,"👉 Vento Neo 2025 pin 3.5kw biển 49 👉 Xe trắng như gái Lâm Đồng 👉 Giấy tờ đầy đủ còn bảo hành tới 2032 👉 Bao nằm hãng 3 tháng 👉 3x công chứng liền tay 👉 Hỗ trợ góp tín dụng, góp trực tiếp bao nợ xấu 📣 EM VẪN ĐANG CẦN THU XE VINFAST ĐÃ QUA SỬ DỤNG Ở SG, LÂM ĐỒNG, MIỀN TÂY VÀ LÂN CẬN LH : *** 111/87 Đặng Thuỳ Trâm Phường Bình Lợi Trung TP HCM","Quận Phú Nhuận, Tp Hồ Chí Minh",Đã sử dụng,Xe máy điện,Unknown,2025,14000,35000000,Used,Hồ Chí Minh,2025.0,14000.0
1701,https://xe.chotot.com/mua-ban-xe-may/132691088.htm,2026-05-30 16:02:34,xe_may_dien,Xe máy điện Vespa Roma Xanh đậm,8000000,Yến Vy,"Cần bán gấp xe máy điện DK RoMa như hình ai có thiện chí ib cho mình giá còn thương lượng , ai nhanh gọn mình giảm sâu luôn nha","Quận 12, Tp Hồ Chí Minh",Đã sử dụng,Xe máy điện,Unknown,2016,100,8000000,Used,Hồ Chí Minh,2016.0,100.0
1702,https://xe.chotot.com/mua-ban-xe-may/132663737.htm,2026-05-30 15:44:01,xe_may_dien,Xe máy điện Vespa Đèn vuông cao cấp,8300000,Huylam,"Vesap điện đèn vuông cao cấp - Dáng Sang, Đi Nhẹ, Cực Bền ♻️ - Giá : 8tr300💸 📌 BẢO HÀNH LÂU DÀI - UY TÍN ! 📌 Tặng bộ sạc mới 100% và khoá chống trộm 📌 Ship Hàng TOÀN QUỐC - Nhanh chóng ---- 📞 LH tư vấn miễn phí : ***( zalo / video call ) 🕹️ Địa chỉ: 389 đội cấn-ba đình - Hà Nội. ❇️ Cửa Hàng Xe Điện Huy Lâm","Quận Ba Đình, Hà Nội",Đã sử dụng,Xe máy điện,Unknown,2018,15000,8300000,Used,Hà Nội,2018.0,15000.0
1703,https://xe.chotot.com/mua-ban-xe-may/132689636.htm,2026-05-30 14:59:18,xe_may_dien,yadea velax H max option + Tai LG T71 giá Iu,18000000,nguyenchuyenpin,"- Bán Velax H 1 pin 30ah đã lên pin phụ 45ah đặt ở sàn giá 10tr ( Cell Pin Eve Hàn Laser Chắc Cú ) . Xe có ghép khiển dkys 72420 giá 2tr2 đèn trợ sáng kezo cx80 Luôn Công Gắn Mạch Passing 3tr5 😊Giá : 35tr - Bán TL T71 , Chạy 8 Bình Được 100km , Odo 5.000km Giá : 18tr Ngoài ra e còn dư 2 cục Pin Zin Velax 72v30ah . 😉Giá 1 Cặp 13tr . Lẻ 7tr / 1 cái nha . Sạc 28 lần . 😚🥰🤪💁..........THU XĂNG ĐỔI ĐIỆN ĐỔI ĐỜI..........😍😄😄😄 - MÌNH CAM KẾT THU CAO HƠN NHỮNG CỬA HÀNG KHÁC 1 ĐẾN 2TR NHÉ . - CẦM XE MÁY _ XE ĐIỆN _ XE HƠI ĐIỆN _ LAPTOP _ LOA _ DÀN CDJ _ HIEND GIÁ CAO ( CHÍNH CHỦ ) KỂ CẢ XE ĐANG CẦM NGÂN HÀNG . ĐỊNH GIÁ NGAY CÓ TIỀN SAU 19 PHÚT . - CHUYÊN ĐỘ PIN _ SỮA CHỮA_ TÂN TRANG CHO TẤT CẢ CÁC LOẠI XE ĐIỆN . ........nguyenchuyenpin.com.......... ✅ 𝐂Ó 𝐓𝐑Ả 𝐆Ó𝐏 – 𝐂À 𝐓𝐇Ẻ – 𝐆𝐈𝐀𝐎 𝐓Ậ𝐍 𝐍𝐇À ✅ 𝐍Ợ 𝐗Ấ𝐔 𝐁𝐀𝐎 ĐẬ𝐔 𝟏𝟎𝟎% ✅ 𝐂𝐀𝐌 𝐊Ế𝐓 𝐗𝐄 𝐓𝐇Ậ𝐓 – 𝐆𝐈Á 𝐓𝐇Ậ𝐓 – 𝐁Ả𝐎 𝐇À𝐍𝐇 𝐌𝐈𝐍𝐇 𝐁Ạ𝐂𝐇 😛ĐỊA CHỈ : 21 Nguyễn Súy . Phú Thọ Hoà ( Tân Phú Cũ ) . 😭🤪🥵😉 Time Mở Cửa : 6Am _ 24Pm ☎ *** ☎ 📢 QUÝ KHÁCH VUI LÒNG GỌI TRƯỚC KHI QUA . XIN CÁM ƠN QUÝ KHÁCH ĐÃ QUAN TÂM .","Quận Tân Phú, Tp Hồ Chí Minh",Đã sử dụng,Xe máy điện,Unknown,2025,7000,18000000,Used,Hồ Chí Minh,2025.0,7000.0
1704,https://xe.chotot.com/mua-ban-xe-may/132670705.htm,2026-05-30 12:53:03,xe_may_dien,Xe điện Oskar Mandi 2025 Xám,12000000,Tiên Thủy,"Xe điện Oskar Mandi pin khỏe, giảm sóc tốt mới mua tháng 12 năm 2025. Xe của nhà dùng không qua trung gian, cần bán do chỗ trọ ko cho để xe điện. Xe có thể chở đồ phía sau, và trở đc tối đa 3 người gồm 2 người lớn và 1 trẻ nhỏ từ 5 tuổi trở xuống. Đi đúng 60km mới cần sạc hoặc khi trên đồng hồ báo còn ít nhất 2 vạch mới phải sạc. Xe đã có biển đăng ký. Giá đăng bán đã giảm tiền đăng ký biển nên xin miễn mặc cả. Xe còn bảo hành của cửa hàng xe đạp Lan Anh, dịch vụ chăm sóc xe tốt.","Quận Tây Hồ, Hà Nội",Đã sử dụng,Xe máy điện,Unknown,2025,100,12000000,Used,Hà Nội,2025.0,100.0
1705,https://xe.chotot.com/mua-ban-xe-may/132685629.htm,2026-05-30 11:45:10,xe_may_dien,Xe điện Samurai màu Đen,3500000,Gia Tú,em cần bán chiếc xe điện như ảnh ạ bình mới thay thôi ạ ko ai đi nữa nên em bán,"Thành phố Hội An, Quảng Nam",Đã sử dụng,Xe máy điện,Unknown,1980,10,3500000,Used,Quảng Nam,1980.0,10.0
1706,https://xe.chotot.com/mua-ban-xe-may/132683577.htm,2026-05-30 10:23:06,xe_may_dien,Xe máy điện Gogoro Cross xe điện dành cho Học Sinh,14999000,Hồ Anh Dũng,"GOGORO CROSS CHÍNH HÃNG, xe cao cấp bản 2 phanh đĩa, có khoá chìa, có khoá bấm từ xa, thẻ từ NFC Xe dành cho Học Sinh không cần bằng lái, một lần sạc đi 80 - 90km, xe mới BH 3 năm có giao hàng","Quận Cầu Giấy, Hà Nội",Mới,Xe máy điện,Unknown,2026,,14999000,New,Hà Nội,2026.0,
1707,https://xe.chotot.com/mua-ban-xe-may/132681460.htm,2026-05-30 08:56:42,xe_may_dien,Xe máy điện VinFast Klara S2 2022 Xanh,23500000,Xuan Huong Nguyen,"Nhà dư dùng để lại xe máy điện KALARA S2 SX 2022 ,Biển số tp Đà Nẵng,đã đi 11.000 cây số,còn bảo hành chính hãng, phụ kiện đầy đủ.Ai cần thì liên hệ trực tiếp,xin lỗi không tiếp tin nhắn,còn tin đăng thì xe chưa bán.","Quận Hải Châu, Đà Nẵng",Đã sử dụng,Xe máy điện,Unknown,2022,11000,23500000,Used,Đà Nẵng,2022.0,11000.0
1708,https://xe.chotot.com/mua-ban-xe-may/132680583.htm,2026-05-30 08:06:43,xe_may_dien,Xe máy điện VinFast Impes Xanh đen,10500000,Tuyền Châu,Mình cần thanh lý xe máy điện vinfast hiệu impes,"Quận 12, Tp Hồ Chí Minh",Đã sử dụng,Xe máy điện,Unknown,2022,16433,10500000,Used,Hồ Chí Minh,2022.0,16433.0
1709,https://xe.chotot.com/mua-ban-xe-may/132680547.htm,2026-05-30 08:04:09,xe_may_dien,Xe máy điện Osakar Xmen Osaka Mini Đen,6500000,Xe Điện Phát Đạt,"Xmen osaka mini bản 4 bình ,,xe zin đẹp chạy êm 🔋🔋 ắc quy đi 40km ..phù hợp cho học sinh ..giấy tờ đầy đủ ,..Ace qtam kb za lo tư vấn","Quận Hoàng Mai, Hà Nội",Đã sử dụng,Xe máy điện,Unknown,2022,3000,6500000,Used,Hà Nội,2022.0,3000.0
1710,https://xe.chotot.com/mua-ban-xe-may/132680538.htm,2026-05-30 08:03:26,xe_may_dien,Xe máy điện màu Xám,10500000,Phúc,Ít sử dụng đến cần bán. Full chức năng không lỗi lầm Sạc zin theo xe,"Thành phố Tây Ninh, Tây Ninh",Đã sử dụng,Xe máy điện,Unknown,2024,0,10500000,Used,Tây Ninh,2024.0,0.0
1711,https://xe.chotot.com/mua-ban-xe-may/132676803.htm,2026-05-29 20:12:43,xe_may_dien,Xe máy điện Vinfast Vero X Đen,55000000,Nguyễn Cường,"mình cần bán xe máy điện Vinfast Vero X mới chạy từ cửa hàng về kèm biển số định danh giá 55tr ạ, ace nào cần call or inbox : *** !","Thành phố Thủ Dầu Một, Bình Dương",Đã sử dụng,Xe máy điện,Unknown,2026,600,55000000,Used,Bình Dương,2026.0,600.0
1712,https://xe.chotot.com/mua-ban-xe-may/132676802.htm,2026-05-29 20:12:40,xe_may_dien,xe máy điện,22500000,Thịnh Nhật,lh sdt: *** kv bình thạnh chạy cỡ 20000km giá từ 20-25tr,"Quận Bình Thạnh, Tp Hồ Chí Minh",Đã sử dụng,Xe máy điện,Unknown,2022,20000,22500000,Used,Hồ Chí Minh,2022.0,20000.0
1713,https://xe.chotot.com/mua-ban-xe-may/132674338.htm,2026-05-29 17:20:11,xe_may_dien,VinFast Vento S 2025 Đen 29539.8 km,47000000,Nguyễn Anh Tuấn,"👉 Vento S biển SG đki 2025 👉 Xe màu đen leng keng xà beng 👉 Giấy tờ đầy đủ còn bảo hành 👉 Bao nằm hãng 3 tháng 👉 47tr bao sang tên hoặc giao lưu xe khác 👉 Hỗ trợ góp tín dụng 📣 EM VẪN ĐANG CẦN THU XE VINFAST ĐÃ QUA SỬ DỤNG Ở SG, LÂM ĐỒNG, MIỀN TÂY VÀ LÂN CẬN LH : *** 111/87 Đặng Thuỳ Trâm Phường Bình Lợi Trung TP HCM","Quận Phú Nhuận, Tp Hồ Chí Minh",Đã sử dụng,Xe máy điện,Unknown,2025,29000,47000000,Used,Hồ Chí Minh,2025.0,29000.0
1714,https://xe.chotot.com/mua-ban-xe-may/132671007.htm,2026-05-29 14:59:07,xe_may_dien,Xe máy điện VinFast Klara S1 Xanh,15500000,Lâm Tuấn,klara s1 pin 30ah 50km cho 1 lần sạc pin chạy ổn định xem xe ở 642 tên lửa gọi trước khi qua xem xe ạ,"Quận Bình Tân, Tp Hồ Chí Minh",Đã sử dụng,Xe máy điện,Unknown,2021,20000,15500000,Used,Hồ Chí Minh,2021.0,20000.0
1715,https://xe.chotot.com/mua-ban-xe-may/132518271.htm,2026-05-29 13:54:38,xe_may_dien,Feliz 2025 Chính Chủ Keo Nguyên Chiếc Odo chỉ 8k6,29500000,Khương Phan,"VinFast Feliz 2025 – Chính Chủ BSTP Áo dán keo nguyên chiếc chưa lột keo • Odo 8.600 km chuẩn • Xe điện chạy êm, tiết kiệm chi phí • Ngoại hình đẹp, dàn áo liền lạc • Xe giữ kỹ, vận hành ổn định • Chính chủ biển TP.HCM Bảo hành động cơ 6 tháng Đổi trả 6 ngày nếu xe có lỗi kỹ thuật Hỗ trợ góp ngân hàng – góp nợ xấu – quẹt thẻ tín dụng 💰 Giá bán: 29.500.000đ 📍 855 Quang Trung, Gò Vấp 📲 Số điện thoại có zalo","Quận Gò Vấp, Tp Hồ Chí Minh",Đã sử dụng,Xe máy điện,Unknown,2025,8600,29500000,Used,Hồ Chí Minh,2025.0,8600.0
1716,https://xe.chotot.com/mua-ban-xe-may/132668206.htm,2026-05-29 12:48:10,xe_may_dien,Xe máy điện VinFast Vento S 2025 Trắng,33000000,Nguyễn Xuân Chiến,Mình cần tiền gấp lên muốn bán lại chiếc xe mới mya tháng 9/2025 Bao rút hồ sơ sang tên,"Huyện Hoài Đức, Hà Nội",Mới,Xe máy điện,Unknown,2025,,33000000,New,Hà Nội,2025.0,
1717,https://xe.chotot.com/mua-ban-xe-may/132663938.htm,2026-05-29 09:38:47,xe_may_dien,Xe máy điện Tailg Go Trắng hồng Mới 100%,17900000,Dolphin Tech,"Xe điện Tailg Go màu trắng hồng, thiết kế nhỏ gọn, phù hợp di chuyển trong phố. - Xe vận hành êm ái, tiết kiệm điện. - Kiểu dáng trẻ trung, năng động. Mới 100% có hỗ trợ trả chậm tại cửa hàng","Thành phố Mỹ Tho, Tiền Giang",Mới,Xe máy điện,Unknown,2026,,17900000,New,Tiền Giang,2026.0,
1718,https://xe.chotot.com/mua-ban-xe-may/132662456.htm,2026-05-29 08:33:17,xe_may_dien,Xe máy điện Vinfast Feliz 2022 Đỏ,13800000,Xe Điện Phát Đạt,"Vinfast feliz dk 2022 odo 22000km ..xe đẹp,,zin ..🔋🔋 ắc quy chạy 6 bình đi 50-60km ..giấy tờ đầy đủ ..Ace qtam kb za lo tư vấn","Quận Hoàng Mai, Hà Nội",Đã sử dụng,Xe máy điện,Unknown,2022,22000,13800000,Used,Hà Nội,2022.0,22000.0
1719,https://xe.chotot.com/mua-ban-xe-may/132659482.htm,2026-05-28 21:44:13,xe_may_dien,Honda Future fi 2020 Trắng đỏ ( hỗ trợ góp ),29000000,Cửa hàng xe Thiên Phước 2,"▫️Honda Future fi 2020 trắng đỏ. ▫️ Xe đẹp, máy zin, ốc sáng đẹp, không lỗi. ▫️ Giá: 29tr. ( góp trả trước 7tr ) 📌 Có hỗ trợ trả góp qua ngân hàng. 📌 Hỗ trợ thanh toán tất cả các loại thẻ. Địa chỉ: 169 Châu Văn Liêm, Thị trấn Mỹ Luông, Huyện Chợ Mới, Tỉnh An Giang. ⭐⭐XE MÁY THIÊN PHƯỚC 2⭐⭐","Huyện Chợ Mới, An Giang",Đã sử dụng,Xe máy điện,Unknown,2020,20000,29000000,Used,An Giang,2020.0,20000.0
1720,https://xe.chotot.com/mua-ban-xe-may/132187124.htm,2026-05-28 20:16:02,xe_may_dien,Evo 200 2023 Chính Chủ BSTP Pin Mua Xe Đẹp odo 14k,22500000,Khương Phan,"Evo 200 – 2023 – Chính Chủ BSTP Pin Mua 📌 Odo 14.000 km – xe đi giữ kỹ 📌 Đã mua pin – sử dụng thoải mái 📌 Chính chủ biển TP.HCM – công chứng sang tên ngay 📌 Màu trắng đẹp – xe sạch sẽ, gọn gàng 📌 Xe điện nhẹ, êm – phù hợp đi học, đi làm 🛠 Cam kết: ✅ Không lỗi pin – vận hành ổn định ✅ Bao test xe thoải mái 💰 Giá: 22.500.000 📍855 Quang Trung, Gò Vấp, TPHCM 📲 SDT CÓ ZALO","Quận Gò Vấp, Tp Hồ Chí Minh",Đã sử dụng,Xe máy điện,Unknown,2023,14000,22500000,Used,Hồ Chí Minh,2023.0,14000.0
1721,https://xe.chotot.com/mua-ban-xe-may/132655403.htm,2026-05-28 17:01:32,xe_may_dien,Xe điện màu Đen Đã sử dụng,5000000,Lê Trung Vương ,Cần bán lại xe điện mới mua được mấy tháng còn bảo hành giá 5tr . LH:***,"Quận Liên Chiểu, Đà Nẵng",Đã sử dụng,Xe máy điện,Unknown,2025,1000,5000000,Used,Đà Nẵng,2025.0,1000.0
1722,https://xe.chotot.com/mua-ban-xe-may/132639361.htm,2026-05-28 15:40:01,xe_may_dien,Xe máy điện VinFast Evo 200 Trắng,25000000,Nhật Trường ,"🛵 VINFAST EVO 200 📌 Evo 200 – form xe điện nhẹ, dễ chạy 📌 Xe chính chủ - giấy tờ pháp lý minh bạch, rõ ràng 📌 Odo ~1400km – xe đi ổn định, bền 📌 Công suất 2500 W 📌 Máy chạy mượt 📌 Dàn áo còn đẹp, tổng thể xe gọn gàng – không tai nạn, không ngập nước 📌 Phù hợp đi làm, đi chơi 🛠 Cam kết & chính sách tại cửa hàng: ✔️ Không tai nạn – không tua odo – không thủy kích ✔️ Hỗ trợ kiểm tra xe thoải mái hoặc dẫn thợ đi cùng ✔️ Bảo hành động cơ 6 tháng – hỗ trợ kỹ thuật ✔️ Đổi trả trong 6 ngày nếu có lỗi kỹ thuật từ xe 💰 Giá bán: 25.000.000đ (còn thương lượng nhẹ) 📍 Xem xe tại: 855 Quang Trung, P.12, Gò Vấp, TP.HCM Call/Zalo: ***","Quận Gò Vấp, Tp Hồ Chí Minh",Đã sử dụng,Xe máy điện,Unknown,2024,1400,25000000,Used,Hồ Chí Minh,2024.0,1400.0
1723,https://xe.chotot.com/mua-ban-xe-may/132651753.htm,2026-05-28 14:38:08,xe_may_dien,Xe điện VC 2024 màu Trắng,8000000,Thế,"Cần bán xe điện VC 2024 Xe đẹp, hoạt động tốt, mọi thứ nguyên zin","Huyện Bù Đăng, Bình Phước",Đã sử dụng,Xe máy điện,Unknown,2024,2000,8000000,Used,Bình Phước,2024.0,2000.0
1724,https://xe.chotot.com/mua-ban-xe-may/131398421.htm,2026-05-28 14:17:51,xe_may_dien,Xe máy điện VinFast Feliz MỚI 100%,6800000,Ngọc Điện Máy Trả Góp,"Xe máy điện VinFast Feliz màu đỏ, thiết kế hiện đại, vận hành êm ái. - Động cơ mạnh mẽ, quãng đường di chuyển tốt. HỖ TRỢ TRẢ GÓP - KHÔNG QUA NGÂN HÀNG - KHÔNG LÃI SUẤT 👉HỖ TRỢ ANH / CHỊ CÔNG NHÂN , LÀM THUÊ , LÀM MƯỚN VẪN MUA ĐƯỢC HÀNG 👉GIAO HÀNG TẬN NHÀ 👉Khu Vực TP. Hồ Chí Minh - Đồng Nai - Tây Ninh - Long An - Bình Dương 👉❤️Thủ Tục Đơn Giản , CCCD Ai Cũng Mua Được 👉Góp Tiền Hàng Tháng Hoặc Hàng Tuần Tận Nhà ➡Đặc Biệt Chúng Tôi Cam Kết Hàng Bao Quý Khách Sử Dụng - Không Trả Trước - Hàng Khách Dùng - Tiền Khách Còn Đó , Nên Quý Khách Yên Tâm Nhé.","Quận Bình Thạnh, Tp Hồ Chí Minh",Mới,Xe máy điện,Unknown,2025,,6800000,New,Hồ Chí Minh,2025.0,
1725,https://xe.chotot.com/mua-ban-xe-may/132555590.htm,2026-05-28 14:13:48,xe_may_dien,VINFAST FELIZ - 2026 -50KM - BS 29,28500000,iMotorbike Viet Nam,"✨ VINFAST FELIZ - 2026 -50KM - BS 29 ✨ 🔹 Odo chuẩn – cam kết km thật 🔹 Máy êm, chạy bốc, lên ga mượt 🔹 Xe đẹp sẵn đi – không cần làm thêm ✅ Giấy tờ đầy đủ, sang tên nhanh ✅ Bảo hành 6 tháng – hỗ trợ đổi trả 6 ngày 📍855 Quang Trung, Gò Vấp 📩 Xe đẹp giá tốt không có nhiều – inbox xem xe ngay","Quận Gò Vấp, Tp Hồ Chí Minh",Đã sử dụng,Xe máy điện,Unknown,2026,50,28500000,Used,Hồ Chí Minh,2026.0,50.0
1726,https://xe.chotot.com/mua-ban-xe-may/132648348.htm,2026-05-28 11:59:47,xe_may_dien,Xe máy điện Xmen Jeek Đen,5000000,Nguyễn thái hoài,bán xe xmen jeek giấy tờ đầy đủ. 5 bình 2026. xe chạy ngon lành mua về chỉ việc đi. chạy ăn 50cc.,"Quận Sơn Trà, Đà Nẵng",Đã sử dụng,Xe máy điện,Unknown,2022,9999,5000000,Used,Đà Nẵng,2022.0,9999.0
1727,https://xe.chotot.com/mua-ban-xe-may/132542102.htm,2026-05-28 10:38:51,xe_may_dien,Xe máy điện FELIZ 2025 Vàng be,38000000,Bùi Thành Tín,"Cần bán xe điện FELIZ 2025, kèm biển số đấu giá 50AB 158.68, xe mới mua đi 500km","Quận 12, Tp Hồ Chí Minh",Đã sử dụng,Xe máy điện,Unknown,2025,500,38000000,Used,Hồ Chí Minh,2025.0,500.0
1728,https://xe.chotot.com/mua-ban-xe-may/132644528.htm,2026-05-28 09:42:18,xe_may_dien,Xe máy điện màu Đen,6000000,Hiếu,Xe máy điện Giấy tờ đầy đủ cần pass do không dùng đến,"Thành phố Vinh, Nghệ An",Đã sử dụng,Xe máy điện,Unknown,2021,450,6000000,Used,Nghệ An,2021.0,450.0
1729,https://xe.chotot.com/mua-ban-xe-may/132643294.htm,2026-05-28 08:51:42,xe_may_dien,4 Chiếc QuaNtum giá iu ra đi cứu chủ.,37000000,nguyenchuyenpin,"😤😛😌4 Chiếc Quantum Ra đi Cứu Chủ Giá Iu ... 1 . Quantum S0 , Màu Trắng , Bs Sài Gòn , Odo 17.000km Giá : 37tr 2 . Quantum S3 , Màu Đen , Bs Bình Dương , Odo 12.000km Giá : 31tr5 ( Sạc 1800w thêm 1tr ) 3 . Quantum s2 , Màu Đen , Bs An Giang , Odo 19.000km Giá : 37tr 4 . Quantum S2 , Màu Xanh , Bs Quảng Ngãi , odo 12.000km Giá : 38tr 😚🥰🤪💁..........THU XĂNG ĐỔI ĐIỆN ĐỔI ĐỜI..........😍😄😄😄 - MÌNH CAM KẾT THU CAO HƠN NHỮNG CỬA HÀNG KHÁC 1 ĐẾN 2TR NHÉ . - CẦM XE MÁY _ XE ĐIỆN _ XE HƠI ĐIỆN GIÁ CAO ( CHÍNH CHỦ ) KỂ CẢ XE ĐANG CẦM NGÂN HÀNG . ĐỊNH GIÁ NGAY CÓ TIỀN SAU 19 PHÚT . - CHUYÊN LÀM PIN ĐỘ _ SỮA CHỮA_ TÂN TRANG PIN CHO TẤT CẢ CÁC LOẠI XE ĐIỆN . - CÓ HOA HỒNG 1TR / 1 XE CHO BẠN CTV GIỚI THIỆU SHOP MUA & BÁN ( LẤY TIỀN TƯƠI NHA ) . ........nguyenchuyenpin.com................ ✅ 𝐂Ó 𝐓𝐑Ả 𝐆Ó𝐏 – 𝐂À 𝐓𝐇Ẻ – 𝐆𝐈𝐀𝐎 𝐓Ậ𝐍 𝐍𝐇À ✅ 𝐍Ợ 𝐗Ấ𝐔 𝐁𝐀𝐎 ĐẬ𝐔 𝟏𝟎𝟎% ✅ 𝐂𝐀𝐌 𝐊Ế𝐓 𝐗𝐄 𝐓𝐇Ậ𝐓 – 𝐆𝐈Á 𝐓𝐇Ậ𝐓 – 𝐁Ả𝐎 𝐇À𝐍𝐇 𝐌𝐈𝐍𝐇 𝐁Ạ𝐂𝐇 😛ĐỊA CHỈ : 21 Nguyễn Súy . Phú Thọ Hoà ( Tân Phú Cũ ) . 😭🤪🥵😉 Time Mở Cửa : 6Am _ 24Pm ☎ *** ☎ 📢 QUÝ KHÁCH VUI LÒNG GỌI TRƯỚC KHI QUA . XIN CÁM ƠN QUÝ KHÁCH ĐÃ QUAN TÂM .","Quận Tân Phú, Tp Hồ Chí Minh",Đã sử dụng,Xe máy điện,Unknown,2026,17000,37000000,Used,Hồ Chí Minh,2026.0,17000.0
1730,https://xe.chotot.com/mua-ban-xe-may/132642759.htm,2026-05-28 08:20:26,xe_may_dien,Xe máy điện Piaggio Vespa Cam,12000000,tuan vietnammobi,"Xe máy điện Vespa màu cam, thiết kế thời trang, phù hợp cả nam và nữ. - Xe vận hành êm ái, tiết kiệm năng lượng. - Kiểu dáng sang trọng, thu hút. - Dễ dàng di chuyển trong phố.","Huyện Cần Giuộc, Long An",Mới,Xe máy điện,Unknown,2026,50,12000000,New,Long An,2026.0,50.0
1731,https://xe.chotot.com/mua-ban-xe-may/132642260.htm,2026-05-28 07:41:22,xe_may_dien,Xe điện màu Đen,4500000,Nguyễn Kiên Anh,Thanh lý rẻ xe điện cáp xe chạy êm đèn còi xi nhan xạc đầy đủ giá rẻ 4triệu 500k có síp,"Thị xã Bến Cát, Bình Dương",Đã sử dụng,Xe máy điện,Unknown,2024,0,4500000,Used,Bình Dương,2024.0,0.0
1732,https://xe.chotot.com/mua-ban-xe-may/132642047.htm,2026-05-28 07:23:15,xe_may_dien,Xe máy điện Quantum S2 Xám,49000000,Lê nguyễn ngọc long,Quantum s2. Full option xe đô real nói không vs Fake Odo35k. Xe bao chay ngoài 250km. Xe ch lỗi bao check hãng. Do đổi cviec nên dư bán Xe dư nên bán ae đọc stt kĩ rồi đt. Đung ép giá e e k bán tháo bán chạy. Riêng tìm đc chiec xe điện ngon k phải đơn giản Tặng ae máy rửa xe Có regen cơ cho ae mới biêt chạy Bstp 9 chủ kí sdt *** xem xe alo trc. Kv q8 cũ tphcm,"Quận 8, Tp Hồ Chí Minh",Đã sử dụng,Xe máy điện,Unknown,2025,35000,49000000,Used,Hồ Chí Minh,2025.0,35000.0
1733,https://xe.chotot.com/mua-ban-xe-may/132641863.htm,2026-05-28 07:02:33,xe_may_dien,Xe máy điện VinFast Evo Grand 2025 Đen,23000000,3M motor,"VinFast evo grand 2025 đen nhám 👉 Xe lướt 4.000 km , chất xe đẹp như mới 👉 bản mua pin lớn 2.4, hãng công bố đi được 130km 👉 Cam kết xe không đâm đụng té ngã , không ngập nước 🔥 chính chủ kí giấy , sang tên thoải","Huyện Bến Lức, Long An",Đã sử dụng,Xe máy điện,Unknown,2025,4000,23000000,Used,Long An,2025.0,4000.0
1734,https://xe.chotot.com/mua-ban-xe-may/132519077.htm,2026-05-27 22:19:13,xe_may_dien,Xe máy điện VinFast Feliz 2026 Chính Chủ odo 193km,28500000,Khương Phan,"VinFast Feliz 2026 – Chính Chủ Biển 29 – Odo 193 km • Odo chỉ 193 km – gần như xe hãng • Xe điện chạy êm, tiết kiệm chi phí • Ngoại hình đẹp keng như mới • Chính chủ sang tên nhanh gọn • Mua về sử dụng ngay Bảo hành động cơ 6 tháng Đổi trả 6 ngày nếu xe có lỗi kỹ thuật Hỗ trợ góp ngân hàng – góp nợ xấu – quẹt thẻ tín dụng 💰 Giá bán: 28.500.000đ 📍 855 Quang Trung, Gò Vấp 📲 Số Điện thoại có zalo","Quận Gò Vấp, Tp Hồ Chí Minh",Đã sử dụng,Xe máy điện,Unknown,2026,193,28500000,Used,Hồ Chí Minh,2026.0,193.0
1735,https://xe.chotot.com/mua-ban-xe-may/132639295.htm,2026-05-27 21:05:23,xe_may_dien,Xe điện Rumo Đỏ,5200000,Nguyễn Kiên Anh,Thanh lý rẻ xe điện rumo 5 bình lớn xe chạy êm đèn còi xi nhan xạc đầy đủ có síp giá rẻ 5tr2,"Thị xã Bến Cát, Bình Dương",Đã sử dụng,Xe máy điện,Unknown,2016,0,5200000,Used,Bình Dương,2016.0,0.0
1736,https://xe.chotot.com/mua-ban-xe-may/132637631.htm,2026-05-27 19:12:22,xe_may_dien,Xe điện VinFast FelizS 2025 LFP 9358.7 km,25900000,Hoàng quý,"cần bán felizs mới đi gần 1van đang còn bảo hành hãng 4 năm cả pin cả xe và sạc. - xe tích hợp esim theo giõi vị trí qua app, xem lịch sử hành trình, cập nhật phần mềm theo giõi dung lượng pin... - Mua cho bồ cho vợ đi thì yên tâm theo giõi vị trí nhé :)) - dòng xe có cục pin được đánh giá t.ốt trên thị trường xe máy điện tại Việt Nạm hiệt tại nên các bác cứ yên tâm về pin của con felizs này - xe mua được 1 năm đi ít .đảm bảo ko hề lỗi gì và chưa qua sửa chữa nếu phát hiện lỗi đền tiền gấp đôi - xe tích hợp sach nhanh 100w","Huyện Thạch Hà, Hà Tĩnh",Đã sử dụng,Xe máy điện,Unknown,2024,9300,25900000,Used,Hà Tĩnh,2024.0,9300.0
1737,https://xe.chotot.com/mua-ban-xe-may/132611005.htm,2026-05-27 18:15:48,xe_may_dien,Xe máy điện Feliz 2025 Đen Mới 100%,25500000,Trung ý kangen,"hàng hot, 2 xe feliz 2025 đen xe mới 100%. hỗ trợ ra biển tphcm","Quận Bình Tân, Tp Hồ Chí Minh",Mới,Xe máy điện,Unknown,2025,,25500000,New,Hồ Chí Minh,2025.0,
1738,https://xe.chotot.com/mua-ban-xe-may/132167193.htm,2026-05-27 17:25:15,xe_may_dien,Xe máy điện Pega Vespa Đỏ Đã sử dụng,7200000,Đức,Xe điện vespa ngoại hình đẹp hàng chính hảng của pega sài kỹ mọi chức năng hoạt động tốt hết Có đủ biển số và cà vẹt Binh còn chạy tốt Xe đời mới Giá bán 7tr2,"Quận Tân Phú, Tp Hồ Chí Minh",Đã sử dụng,Xe máy điện,Unknown,2022,11000,7200000,Used,Hồ Chí Minh,2022.0,11000.0
1739,https://xe.chotot.com/mua-ban-xe-may/132635926.htm,2026-05-27 17:25:01,xe_may_dien,Xe máy điện Feliz 2026 Đen,25000000,Huy Phúc,"Feliz 2025 Xuất xuởng 2026 , odo xe mới chưa chạy Màu đen , chính chủ kí, biển tỉnh tây ninh mới Bao rút hồ sơ , kí mua bán 25tr Khách thiện chí ib Sdt : ***","Thành phố Tân An, Long An",Mới,Xe máy điện,Unknown,2026,,25000000,New,Long An,2026.0,
1740,https://xe.chotot.com/mua-ban-xe-may/132635271.htm,2026-05-27 16:51:07,xe_may_dien,Xe máy điện VinFast Feliz Neo MỚI - GÓP TẠI NHÀ,7500000,Ngọc Điện Máy Trả Góp,"🛵 VINFAST FELIZ NEO TRẢ GÓP – NHẬN XE CHỈ TỪ VÀI TRIỆU 🔥 ✔️ Không cần bằng lái ✔️ Chạy êm – tiết kiệm điện ✔️ Thiết kế trẻ trung, cốp rộng tiện lợi ✔️ Hỗ trợ trả góp nhanh – duyệt hồ sơ online ✔️ Giao xe tận nơi khu vực HCM, Bình Dương, Đồng Nai, Long An, Tây Ninh 💥 Trả trước thấp – góp nhẹ mỗi tháng 💥 Xe mới chính hãng – nhiều màu đẹp sẵn xe 📩 Inbox ngay để được báo giá và hỗ trợ hồ sơ nhanh trong ngày! #xediendep #tragopxemaydien #vinfastfelizneo #felizneo#xemaydienvinfast","Quận Bình Tân, Tp Hồ Chí Minh",Mới,Xe máy điện,Unknown,2025,,7500000,New,Hồ Chí Minh,2025.0,
1741,https://xe.chotot.com/mua-ban-xe-may/132634994.htm,2026-05-27 16:37:57,xe_may_dien,Xe điện Dylexe K1 Hồng,7000000,thái,"Dư dùng xe điện Dylexe k1 nên thanh lý , xe nguyên zin chưa sửa chữa , đang sử dụng bình thường , xe chạy êm mượt . Anh chị em nào có nhu cầu liên hệ nhé thank","Huyện Củ Chi, Tp Hồ Chí Minh",Đã sử dụng,Xe máy điện,Unknown,2024,1300,7000000,Used,Hồ Chí Minh,2024.0,1300.0
1742,https://xe.chotot.com/mua-ban-xe-may/132634430.htm,2026-05-27 16:14:34,xe_may_dien,bán xe điện nội địa trung,7500000,Minh Phú,"Bán xe điện nội địa trung, xe chạy tốt, bình tốt, ngoại hình đẹp như hình. xe 5 bình lớn, 60v.","Quận Tân Bình, Tp Hồ Chí Minh",Đã sử dụng,Xe máy điện,Unknown,2026,6,7500000,Used,Hồ Chí Minh,2026.0,6.0
1744,https://xe.chotot.com/mua-ban-xe-may/132630071.htm,2026-05-27 13:02:08,xe_may_dien,Xe máy điện TAKUMI VC Pro 2026 Trắng,1234567,nguyễn Minh Tú,"VC Pro ( TAKUMI ) 2026 new giá lướt bh 12 ✔️ tốc độ 50km/h , 3 tốc độ ✔️ phụ kiện full thẻ từ , chìa cơ , sạc , gương ✔️ 5 bình 1 lần sạc đi 50-60km 🎉 xem xe tại 304 lê duẩn tp bmt Zl : ***","Thành phố Buôn Ma Thuột, Đắk Lắk",Mới,Xe máy điện,Unknown,2026,,1234567,New,Đắk Lắk,2026.0,
1745,https://xe.chotot.com/mua-ban-xe-may/132629846.htm,2026-05-27 12:49:04,xe_may_dien,Xe máy điện VinFast Evo 200 2025 Đen bóng,25000000,Alibaba,"Bán Evo 200, xe sx2025, odo 19k, xe sơn màu đen bóng, xe đã lên phuộc vision, vỏ machelin chống đinh, yên kymdan hộc để đồ, baga, chén cổ...mới hết..mua về chỉ việc chạy. BSSG, Chính chủ bán Giá 25tr. Ký sang tên, bao rút hs thu hồi bs.","Quận Bình Tân, Tp Hồ Chí Minh",Đã sử dụng,Xe máy điện,Unknown,2025,19000,25000000,Used,Hồ Chí Minh,2025.0,19000.0
1746,https://xe.chotot.com/mua-ban-xe-may/132629602.htm,2026-05-27 12:36:37,xe_may_dien,Xe máy điện Type 3 Pro,16000000,Nguyen Cuong,"Bạn đam mê type 3 pro, nhưng hầu như xe trên thị trường đều nhập chui, không hoá đơn, không đăng kiểm, không bấm được biển số, nên rất dễ bi csgt lượm Hãy đến với cữa hàng xe điện Thành Đạt, type 3 pro hàng công ty, đầy đủ giấy tờ, ra biển số được Giá cựu ưu đãi, bảo hành dài hạn","Thành phố Thủ Đức, Tp Hồ Chí Minh",Mới,Xe máy điện,Unknown,2026,,16000000,New,Hồ Chí Minh,2026.0,
1747,https://xe.chotot.com/mua-ban-xe-may/132629525.htm,2026-05-27 12:32:42,xe_may_dien,Xe máy điện Vinfast Evo Grand Trắng,21500000,Đỗ Xuân Vũ,"Vinfast evo grand trắng nhận xe tháng 10/2025 Tình trang xe : Bstp chính chủ mua mới đã đi gần 7000km, pin mua. Dàn áo còn khá 98% có trầy xướt nhẹ ko dân keo. Xe zin chưa sửa chữa. Giá 21tr5 LH ***","Quận 10, Tp Hồ Chí Minh",Đã sử dụng,Xe máy điện,Unknown,2025,7000,21500000,Used,Hồ Chí Minh,2025.0,7000.0
1748,https://xe.chotot.com/mua-ban-xe-may/132628409.htm,2026-05-27 11:40:00,xe_may_dien,🩷Pink An Sương🩷Feliz2025 odo 300km Xe Máy Điện,36900000,Pink Ev Premium An Sương ,"Fb - Tiktok : Nguyen Minh Long Pink Dragon ==================📌📌📌================== Feliz2025 Trắng - DK 5/2026 Bstp Chính Chủ Công Chứng - 2 Pin Mua - Odo 300km - Dàn áo dán keo 3 lớp full xe - Yên kymdan - Ốc tán 7 màu keng 99% - Còn đủ phụ kiện theo xe ❤️Xe keng 99% so với xe new 🏠𝟮𝟴𝟴 𝗧𝗿𝘂̛𝗼̛̀𝗻𝗴 𝗖𝗵𝗶𝗻𝗵 - 𝗤𝘂𝗮̣̂𝗻 𝟭𝟮 - 𝗛𝗖𝗠 ❤️Mợ Ấu đưa 5củ gốp ko lẽ sức 9 tháng ❤️Mợ Ấu đưa 50% Ko xác minh nhà ở ❤️Mợ Ấu đưa 80% ko phí hồ sơ lẽ sức ❤️Tặng 12 tháng xe hư đưa xe khác dùng ❤️Tặng đổi pin đi liền ko chờ sạc nhiều ở 8 đến 12 cơ sở ở Sài Gòn ( Ở Quận 4 -6 -8 -12 , Tân Bình, Bình Tân, Tân Phú, Thủ Đức, Phú Nhuận ) ✅𝗚𝗼́𝗽 𝗡𝗴𝗮̂𝗻 𝗛𝗮̀𝗻𝗴 : Đưa 20% ae giữ Cavet ✅𝗖𝗮̀ 𝗧𝗵𝗲̉ - 𝗚𝗼́𝗽: Cà thẻ ,chuyển đổi trả góp ✅𝗕𝗮𝗼 𝗤𝘂𝗮𝘆 Đ𝗮̂̀𝘂 : Từ 20% theo giá thị trường ✅𝗠𝘂𝗮 𝗕𝗮́𝗻 𝗧𝗿𝗮𝗼 Đ𝗼̂̉𝗶 𝗫𝗲 𝗫𝗮̆𝗻𝗴, 𝗫𝗲 Đ𝗶𝗲̣̂𝗻 𝗧𝗮̣̂𝗻 𝗡𝗵𝗮̀ 𝗖𝗧𝗬 𝗣𝗜𝗡𝗞 : 𝙓𝙀 Đ𝙄𝙀̣̂𝙉 𝙎𝘼̆̃𝙉 𝘼𝙋𝙋 - 𝗡𝗔̣̂𝗨 𝗫𝗢̛́ Đ𝗨̛𝗔 𝟲 𝗖𝗨̉ 🏠𝟭𝟳𝟴 𝗧𝗮̂𝗻 𝗧𝗵𝗼̛́𝗶 𝗛𝗶𝗲̣̂𝗽 𝟮𝟭 - 𝗤.𝟭𝟮 - 𝗛𝗖𝗠 🏠𝟮𝟴𝟴 𝗧𝗿𝘂̛𝗼̛̀𝗻𝗴 𝗖𝗵𝗶𝗻𝗵 - 𝗤𝘂𝗮̣̂𝗻 𝟭𝟮 - 𝗛𝗖𝗠 🏠𝟳𝟵 𝗛𝗼𝗮̀𝗻𝗴 𝗩𝗮̆𝗻 𝗧𝗵𝘂̣ - 𝗣𝗵𝘂́ 𝗡𝗵𝘂𝗮̣̂𝗻 - 𝗛𝗖𝗠","Quận 12, Tp Hồ Chí Minh",Đã sử dụng,Xe máy điện,Unknown,2026,300,36900000,Used,Hồ Chí Minh,2026.0,300.0
1749,https://xe.chotot.com/mua-ban-xe-may/132627835.htm,2026-05-27 11:18:19,xe_may_dien,🩷Pink An Sương🩷VentoNeo odo 6k Xe Máy Điện,35900000,Pink Ev Premium An Sương ,"Fb - Tiktok : Nguyen Minh Long Pink Dragon ==================📌📌📌================== VentoNeo Trắng - Pin Mua 3.5w BSTP Chính Chủ Công Chứng - Odo 6 ngàn - Dàn áo keng ko trầy 99% - Ốc tán 7 màu keng 99% - Còn đủ phụ kiện theo xe ❤️Xe keng 99% so với xe new 🏠𝟮𝟴𝟴 𝗧𝗿𝘂̛𝗼̛̀𝗻𝗴 𝗖𝗵𝗶𝗻𝗵 - 𝗤𝘂𝗮̣̂𝗻 𝟭𝟮 - 𝗛𝗖𝗠 ❤️Mợ Ấu đưa 5củ gốp ko lẽ sức 9 tháng ❤️Mợ Ấu đưa 50% Ko xác minh nhà ở ❤️Mợ Ấu đưa 80% ko phí hồ sơ lẽ sức ❤️Tặng 12 tháng xe hư đưa xe khác dùng ❤️Tặng đổi pin đi liền ko chờ sạc nhiều ở 8 đến 12 cơ sở ở Sài Gòn ( Ở Quận 4 -6 -8 -12 , Tân Bình, Bình Tân, Tân Phú, Thủ Đức, Phú Nhuận ) ✅𝗚𝗼́𝗽 𝗡𝗴𝗮̂𝗻 𝗛𝗮̀𝗻𝗴 : Đưa 20% ae giữ Cavet ✅𝗖𝗮̀ 𝗧𝗵𝗲̉ - 𝗚𝗼́𝗽: Cà thẻ ,chuyển đổi trả góp ✅𝗕𝗮𝗼 𝗤𝘂𝗮𝘆 Đ𝗮̂̀𝘂 : Từ 20% theo giá thị trường ✅𝗠𝘂𝗮 𝗕𝗮́𝗻 𝗧𝗿𝗮𝗼 Đ𝗼̂̉𝗶 𝗫𝗲 𝗫𝗮̆𝗻𝗴, 𝗫𝗲 Đ𝗶𝗲̣̂𝗻 𝗧𝗮̣̂𝗻 𝗡𝗵𝗮̀ 𝗖𝗧𝗬 𝗣𝗜𝗡𝗞 : 𝙓𝙀 Đ𝙄𝙀̣̂𝙉 𝙎𝘼̆̃𝙉 𝘼𝙋𝙋 - 𝗡𝗔̣̂𝗨 𝗫𝗢̛́ Đ𝗨̛𝗔 𝟲 𝗖𝗨̉ 🏠𝟭𝟳𝟴 𝗧𝗮̂𝗻 𝗧𝗵𝗼̛́𝗶 𝗛𝗶𝗲̣̂𝗽 𝟮𝟭 - 𝗤.𝟭𝟮 - 𝗛𝗖𝗠 🏠𝟮𝟴𝟴 𝗧𝗿𝘂̛𝗼̛̀𝗻𝗴 𝗖𝗵𝗶𝗻𝗵 - 𝗤𝘂𝗮̣̂𝗻 𝟭𝟮 - 𝗛𝗖𝗠 🏠𝟳𝟵 𝗛𝗼𝗮̀𝗻𝗴 𝗩𝗮̆𝗻 𝗧𝗵𝘂̣ - 𝗣𝗵𝘂́ 𝗡𝗵𝘂𝗮̣̂𝗻 - 𝗛𝗖𝗠","Quận 12, Tp Hồ Chí Minh",Đã sử dụng,Xe máy điện,Unknown,2025,6000,35900000,Used,Hồ Chí Minh,2025.0,6000.0
1750,https://xe.chotot.com/mua-ban-xe-may/132627508.htm,2026-05-27 11:07:20,xe_may_dien,Xe máy điện Vinfast Viper Titan + đen,36000000,Vũ Trung Kiên,"Bán xe Vinfast Viper + 1 pin - Xe màu đen đã được dán lại mix màu Titan + đen - Dáng xe thể thao, cao, to, anh em nam đi là dáng đẹp, ngon luôn - Xe lươt gần như mới - Động cơ 3000W - Pin đi được 156 km (2 cục pin). Xe đã có một cục, chờ tháng 6 có thể thuê thêm 1 cục. - Xe có smartkey giúp việc mở khóa, tìm xe dễ dàng và thuận tiên.","Quận Cầu Giấy, Hà Nội",Đã sử dụng,Xe máy điện,Unknown,2026,100,36000000,Used,Hà Nội,2026.0,100.0
1751,https://xe.chotot.com/mua-ban-xe-may/132624275.htm,2026-05-27 09:03:14,xe_may_dien,Xe máy điện DXMIT Bò lớn 20A,6800000,Kiệt Nguyễn,Bò lớn 20A về kho Số lượng trãi sỉ 6xxx chưa bao gồm bình Hàng Cty - Có tem,"Quận 6, Tp Hồ Chí Minh",Mới,Xe máy điện,Unknown,2026,,6800000,New,Hồ Chí Minh,2026.0,
1752,https://xe.chotot.com/mua-ban-xe-may/132622423.htm,2026-05-27 07:02:52,xe_may_dien,Xe máy điện Vinfast Klara A1 2019 Trắng,13000000,Thủy Moonn,"Xe máy điện Vinfast Klara A1 đời 2019 màu trắng. - Xe chính chủ, pin Lithium bền bỉ. - Đi được 35-40km mỗi lần sạc. - Thiết kế hiện đại, vận hành êm ái. - Oddo mới 3 vạn, đi ít - Giá thương lượng - xe có kết nối Bluetooth với điện thoại - Có khoá điện thông minh, cảnh báo trộm, tìm xe từ xa","Thành phố Bắc Ninh, Bắc Ninh",Đã sử dụng,Xe máy điện,Unknown,2019,30000,13000000,Used,Bắc Ninh,2019.0,30000.0
1753,https://xe.chotot.com/mua-ban-xe-may/132622240.htm,2026-05-27 06:32:31,xe_may_dien,Piaggio Vespa màu Trắng,3500000,Năng Huy,"Xe máy Piaggio Vespa màu trắng, thiết kế cổ điển, sang trọng. - Động cơ bền bỉ, vận hành êm ái. - Phù hợp đi lại trong thành phố.","Huyện Kiến Thuỵ, Hải Phòng",Đã sử dụng,Xe máy điện,Unknown,2019,22785,3500000,Used,Hải Phòng,2019.0,22785.0
1754,https://xe.chotot.com/mua-ban-xe-may/132115013.htm,2026-05-26 21:31:29,xe_may_dien,Xe máy điện Pega Gen Z,7500000,Cường,"Mới leng keng, không một vết trầy, mới mua được vài tháng, xe chính hãng, còn bảo hành dài hạn. Mua mới gần 12tr.","Thành phố Dĩ An, Bình Dương",Đã sử dụng,Xe máy điện,Unknown,2025,10,7500000,Used,Bình Dương,2025.0,10.0
1755,https://xe.chotot.com/mua-ban-xe-may/132359508.htm,2026-05-26 20:13:08,xe_may_dien,✅Pink Metro✅FelizS 2023 đi 200km/sạc Xe Máy Điện,25900000,Pink Ev Premium Q12 Metro,"Fb - Tiktok : Nguyen Minh Long Pink Dragon ==================📌📌📌================== - Pin thuê của Vinfast 350k/tháng ( Mua 5tr7 mua lúc nào cũng được ) - Pin đút cốp 30ah đi thêm từ 60km đến 80km tuỳ cách chạy ( Mua new hơn 6tr ) - Dàn áo chi tiết như hình ạ 🏠𝟭𝟳𝟴 𝗧𝗮̂𝗻 𝗧𝗵𝗼̛́𝗶 𝗛𝗶𝗲̣̂𝗽 𝟮𝟭 - 𝗤.𝟭𝟮 - 𝗛𝗖𝗠 ❤️Trả chậm tay đôi đưa 20% ko lẻ suất ❤️Ko xác minh nhà ,Ko xác minh thu nhập ❤️Tặng 12 tháng xe hư đưa xe khác dùng ❤️Tặng đổi pin đi liền ko chờ sạc nhiều ở 8 đến 12 cơ sở ở Sài Gòn ( Ở Quận 4 -6 -8 -12 , Tân Bình, Bình Tân, Tân Phú, Thủ Đức, Phú Nhuận ) ✅𝗚𝗼́𝗽 𝗡𝗴𝗮̂𝗻 𝗛𝗮̀𝗻𝗴 : Đưa 20% ae giữ Cavet ✅𝗖𝗮̀ 𝗧𝗵𝗲̉ - 𝗚𝗼́𝗽: Cà thẻ ,chuyển đổi trả góp ✅𝗕𝗮𝗼 𝗤𝘂𝗮𝘆 Đ𝗮̂̀𝘂 : Từ 20% theo giá thị trường ✅𝗠𝘂𝗮 𝗕𝗮́𝗻 𝗧𝗿𝗮𝗼 Đ𝗼̂̉𝗶 𝗫𝗲 𝗫𝗮̆𝗻𝗴, 𝗫𝗲 Đ𝗶𝗲̣̂𝗻 𝗧𝗮̣̂𝗻 𝗡𝗵𝗮̀ 𝗖𝗧𝗬 𝗣𝗜𝗡𝗞 : 𝙓𝙀 Đ𝙄𝙀̣̂𝙉 𝙎𝘼̆̃𝙉 𝘼𝙋𝙋 - 𝗡𝗔̣̂𝗨 𝗫𝗢̛́ Đ𝗨̛𝗔 𝟲 𝗖𝗨̉ 🏠𝟭𝟳𝟴 𝗧𝗮̂𝗻 𝗧𝗵𝗼̛́𝗶 𝗛𝗶𝗲̣̂𝗽 𝟮𝟭 - 𝗤.𝟭𝟮 - 𝗛𝗖𝗠 🏠𝟮𝟴𝟴 𝗧𝗿𝘂̛𝗼̛̀𝗻𝗴 𝗖𝗵𝗶𝗻𝗵 - 𝗤𝘂𝗮̣̂𝗻 𝟭𝟮 - 𝗛𝗖𝗠 🏠𝟳𝟵 𝗛𝗼𝗮̀𝗻𝗴 𝗩𝗮̆𝗻 𝗧𝗵𝘂̣ - 𝗣𝗵𝘂́ 𝗡𝗵𝘂𝗮̣̂𝗻 - 𝗛𝗖𝗠","Quận 12, Tp Hồ Chí Minh",Đã sử dụng,Xe máy điện,Unknown,2023,20000,25900000,Used,Hồ Chí Minh,2023.0,20000.0
1756,https://xe.chotot.com/mua-ban-xe-may/131240250.htm,2026-05-26 20:03:08,xe_may_dien,✅ MUA XE ĐIỆN TẬN NHÀ GIÁ CAO HƠN THỊ TRƯỜNG✅,8686888,Xe Điện Pink Quận Mười Hai,𝗠𝘂𝗮 𝗫𝗲 Đ𝗶𝗲̣̂𝗻 𝗧𝗮̣𝗶 𝗡𝗵𝗮̀ - 𝗚𝗶𝗮́ 𝗖𝗮𝗼 𝗛𝗼̛𝗻 𝗧𝗵𝗶̣ 𝗧𝗿𝘂̛𝗼̛̀𝗻𝗴 _______𝗖𝗮𝗼 𝗛𝗼̛𝗻 𝗧𝘂̛̀ 𝟱𝟬𝟬𝗸 - 𝟮𝘁𝗿 𝗧𝘂𝘆̀ 𝗫𝗲 _______ 𝗖𝗵𝘂𝘆𝗲̂𝗻: 𝗩𝗶𝗻𝗳𝗮𝘀𝘁 𝘃𝗮̀ 𝗬𝗮𝗱𝗲𝗮 -Ư𝘂 𝗧𝗶𝗲̂𝗻: 𝗫𝗲 Đ𝗼̣̂ 𝗞𝗶𝗲̂̉𝗻𝗴 ❌ Có Thể Ký Mua Bán Sang Tên Nếu Khách Ngại Pháp Lý Về Sau ❌Lo Hết Pháp Lý Nếu Khách Hàng Ko Có Thời Gian Hoặc Ko Rành Pháp Lý ❌Nhận Mua Những Xe Vắng Chủ Hay Ko Ký Giấy Được Nhưng Phải Rõ Ràng Pháp Lý ❌Thanh Toán 1 Lần Nếu Pháp Lý Rõ Ràng ✅Thu Mua Những Xe Của Đại Lý Vinfast Sẽ Có Giá Ưu Đãi Riêng Ae Đại Lý Cứ Inbox Thử Nhé _______________________________________ 𝗖𝗧𝗬 𝗣𝗜𝗡𝗞 : 𝗫𝗘 Đ𝗜Ệ𝗡 𝗦𝗔̆̃𝗡 𝗔𝗣𝗣 - 𝗡Ậ𝗨 𝗫Ớ 𝗞𝗢 𝗟Ã𝗜 ☎️/𝗭𝗮𝗹𝗼 : *** #𝘽𝙚́ 𝙋𝙝𝙪̛𝙤̛𝙣𝙜 🏠𝟮𝟴𝟴 𝗧𝗿𝘂̛𝗼̛̀𝗻𝗴 𝗖𝗵𝗶𝗻𝗵 - 𝗤𝘂𝗮̣̂𝗻 𝟭𝟮 - 𝗛𝗖𝗠 🏠𝟭𝟳𝟴 𝗧𝗮̂𝗻 𝗧𝗵𝗼̛́𝗶 𝗛𝗶𝗲̣̂𝗽 𝟮𝟭 - 𝗤𝘂𝗮̣̂𝗻 𝟭𝟮 - 𝗛𝗖𝗠 🏠 𝟳𝟵 𝗛𝗼𝗮̀𝗻𝗴 𝗩𝗮̆𝗻 𝗧𝗵𝘂̣ - 𝗣𝗵𝘂́ 𝗡𝗵𝘂𝗮̣̂𝗻 - 𝗛𝗖𝗠,"Quận 12, Tp Hồ Chí Minh",Đã sử dụng,Xe máy điện,Unknown,2026,1,8686888,Used,Hồ Chí Minh,2026.0,1.0
1757,https://xe.chotot.com/mua-ban-xe-may/132584221.htm,2026-05-26 15:41:04,xe_may_dien,Xe máy điện VinFast Feliz Đen 2025,36900000,Kiệt Xe Điện 3sGo,"#Feliz2025 ĐK 5/2026 Bstp Chính Chủ Công Chứng 🌏Xem thêm : *** - Pin Mua 2 Cục 2.4kw 180km - Odo 600 Cây - Yên nệm kimdan - Dàn áo keng ko trầy 99% - Óc tán 7 màu keng 99% - Còn đủ phụ kiện theo xe ❤️Xe keng 99% so với xe new #Giá_36tr9 - Nậu Xớ 11tr Lấy Xe Ko Xác Minh ☎️/𝗭𝗮𝗹𝗼 : *** - 𝙏𝙪̛ 𝙑𝙖̂́𝙣 𝟮𝟰/𝟳 🏠 𝟮𝟴𝟴 𝗧𝗿𝘂̛𝗼̛̀𝗻𝗴 𝗖𝗵𝗶𝗻𝗵 - 𝗤𝘂𝗮̣̂𝗻 𝟭𝟮 - 𝗛𝗖𝗠 ❤️Mợ Ấu đưa 5củ gốp ko lẽ sức 9 tháng ❤️Mợ Ấu đưa 30% (7tr5) Ko xác minh nhà ở ❤️Mợ Ấu đưa 50% Ko xác minh nhà ở ❤️Mợ Ấu đưa 80% ko phí hồ sơ lẽ sức ❤️Tặng 12 tháng xe hư đưa xe khác dùng ❤️Tặng đổi pin đi liền ko chờ sạc nhiều ở 8 đến 12 cơ sở ở Sài Gòn ( Ở Quận 4 -6 -8 -12 , Tân Bình, Bình Tân, Tân Phú, Thủ Đức, Phú Nhuận )","Quận 12, Tp Hồ Chí Minh",Đã sử dụng,Xe máy điện,Unknown,2025,600,36900000,Used,Hồ Chí Minh,2025.0,600.0
1758,https://xe.chotot.com/mua-ban-xe-may/132613786.htm,2026-05-26 15:05:27,xe_may_dien,cần bán,2800000,phương,xe ngon êm chất bình khoẻ mua về chỉ việc sử dụng luôn ace cần lh giấy tờ đủ mua bán tại nhà,"Huyện Thuỷ Nguyên, Hải Phòng",Đã sử dụng,Xe máy điện,Unknown,2020,1500,2800000,Used,Hải Phòng,2020.0,1500.0
1759,https://xe.chotot.com/mua-ban-xe-may/132612839.htm,2026-05-26 14:28:42,xe_may_dien,Xe máy điện VinFast Feliz 2022 Đỏ,20300000,bi rơi,"Xe máy điện VinFast Feliz 2022 màu đỏ, thiết kế hiện đại, vận hành êm ái. - Đã lên pin 45h - Tặng kèm sạc nhanh nếu nhanh gọn - Sạc 2h30 đầy pin","Thành phố Biên Hòa, Đồng Nai",Đã sử dụng,Xe máy điện,Unknown,2022,300000,20300000,Used,Đồng Nai,2022.0,300000.0
1760,https://xe.chotot.com/mua-ban-xe-may/132584647.htm,2026-05-26 14:18:01,xe_may_dien,Vinfast Feliz 2025 Đủ màu sắc,27900000,Sáu Xị ,Vinfast Feliz 2025 Đủ màu sắc - Phối màu theo yêu cầu Xe mới về đại lý,"Huyện Củ Chi, Tp Hồ Chí Minh",Mới,Xe máy điện,Unknown,2025,,27900000,New,Hồ Chí Minh,2025.0,
1761,https://xe.chotot.com/mua-ban-xe-may/132611830.htm,2026-05-26 13:43:30,xe_may_dien,Xe máy điện Gucci Xám,7300000,Long,"Xe máy điện Gucci màu xám, thiết kế thời trang, động cơ mạnh mẽ. - Xe vận hành êm ái, tiết kiệm năng lượng. - Phù hợp di chuyển trong thành phố. không nhu cầu xài nữa bán rẻ lại cho ai cần","Quận Bình Tân, Tp Hồ Chí Minh",Đã sử dụng,Xe máy điện,Unknown,2025,2000,7300000,Used,Hồ Chí Minh,2025.0,2000.0
1762,https://xe.chotot.com/mua-ban-xe-may/132609670.htm,2026-05-26 11:49:50,xe_may_dien,Xe máy điện BEFORE ALL Xám,29500000,Thịnh,"Xe điện BEFORE ALL dáng giống SH , xe chính chủ ký giấy uỷ quyền , 1 lần sạc chạy được 180-200km , tốc độ tối đa 90km , xe mới nên khá êm","Quận 6, Tp Hồ Chí Minh",Đã sử dụng,Xe máy điện,Unknown,2026,8000,29500000,Used,Hồ Chí Minh,2026.0,8000.0
1763,https://xe.chotot.com/mua-ban-xe-may/132609448.htm,2026-05-26 11:39:45,xe_may_dien,Xe máy điện VinFast Evo 200 Trắng 2025,23500000,Nguyen Van,"Evo 200 bstp 3/2025 Xe dàn áo cực đẹp như hảng dắt ra Pin 3.5kw sạc 1 lần di tầm 120 cây Bản mua pin đứt , xe bảo hành hảng 5 năm đến 2030 App xe , sạc rời đầy đủ theo xe","Quận 12, Tp Hồ Chí Minh",Đã sử dụng,Xe máy điện,Unknown,2025,0,23500000,Used,Hồ Chí Minh,2025.0,0.0
1764,https://xe.chotot.com/mua-ban-xe-may/132608768.htm,2026-05-26 11:14:40,xe_may_dien,Xe điện Dibao Vespa Đen,6700000,Xe điện Huân Linh,"Xe điện vespa dibao xe nguyên bản chạy êm chắc chắn. Bình acquy mới 100% bảo hành 12 tháng Giá đẹp như nắng mùa hè cho ace quan tâm -bán xe trả góp - Chuyên mua bán xe điện cũ mới giá rẻ bảo hành dài, nhiều ưu đãi … - Nhận sửa chữa thay thế acquy tại nhà giá tốt -Địa chỉ: 23 Trần Đăng Khoa - Long Biên - Hà Nội -Google maps: Xe điện Huân Linh - Có ship xe theo yêu cầu.","Quận Long Biên, Hà Nội",Đã sử dụng,Xe máy điện,Unknown,2022,1000,6700000,Used,Hà Nội,2022.0,1000.0
1766,https://xe.chotot.com/mua-ban-xe-may/132403526.htm,2026-05-26 10:56:21,xe_may_dien,Xe máy điện VinFast Vero X,32108000,Vinfast Công Nghệ Xanh,"🛵 XE MÁY ĐIỆN VINFAST VERO X – CÔNG NGHỆ XANH, ĐỈNH CAO DI CHUYỂN 🛵 🔥 GIÁ KHUYẾN MÃI SỐC – GIẢM 8% ✅ Giá niêm yết: 34.900.000đ ✅ Giá ưu đãi hôm nay: CHỈ CÒN 32.108.000đ (đã gồm VAT, 01 pin & 01 bộ sạc) 📌 THÔNG SỐ KỸ THUẬT NỔI BẬT • Động cơ BLDC Inhub – Công suất danh định 1.500W, tối đa 2.250W • Tốc độ tối đa: 70 km/h • Pin LFP an toàn, bền bỉ – Quãng đường ~134 km/lần sạc (thêm 128 km khi gắn pin phụ) • Thời gian sạc đầy: ~6h30 phút (0–100%) • Kích thước: 1858 x 690 x 1100 mm • Cốp rộng 35L – chứa được mũ bảo hiểm fullface 🛡️ AN TOÀN & TIỆN NGHI • Phanh ABS chống bó cứng – an toàn tối đa • Tìm xe từ xa qua App / Remote • Hiển thị thông tin pin, trạng thái xe thông minh • Khả năng lội nước, đi mưa an toàn theo điều kiện Việt Nam 🎨 MÀU SẮC CÓ SẴN • Xanh Rêu • Đen • Xanh Đậm • Trắng 💳 ƯU ĐÃI THANH TOÁN • Hỗ trợ trả góp 0đ – lãi suất ưu đãi • Bảo hành chính hãng VinFast toàn quốc • Tặng kèm phụ kiện hấp dẫn 📞 Liên hệ ngay để được tư vấn và nhận xe sớm nhất! 🌿 VinFast Vero X – Lựa chọn thông minh cho cuộc sống xanh.","Quận 5, Tp Hồ Chí Minh",Mới,Xe máy điện,Unknown,2025,,32108000,New,Hồ Chí Minh,2025.0,
1767,https://xe.chotot.com/mua-ban-xe-may/132607026.htm,2026-05-26 10:15:20,xe_may_dien,Xe máy điện Yamaha Neos 2025 Đen,32000000,Nguyễn Văn,"Yamaha Neos màu đen 2025, xe 1 pin, lướt 4600 km, xem xe tại Hà Nội, ae quan tâm liên hệ giúp e nhé, xin cảm ơn.","Quận Cầu Giấy, Hà Nội",Đã sử dụng,Xe máy điện,Unknown,2025,4600,32000000,Used,Hà Nội,2025.0,4600.0
1768,https://xe.chotot.com/mua-ban-xe-may/132605580.htm,2026-05-26 09:24:41,xe_may_dien,Xe điện V1 màu Hồng Mới 100%,13500000,Cửa Hàng Xe Gắn Máy Cũ Nhân Nghĩa,"Về cho anh chị em Xe Điện mới 100% tại Xe Máy Nhân Nghĩa Mua bán xe máy cũ Bến Tre / Mua bán xe máy cũ Vĩnh Long Có nhận trao đổi xe khác #Xe điện V1 hồng 💰G I Á 13tr500 ✅𝗛𝗼̂̃ 𝘁𝗿𝗼̛̣ 𝘁𝗿𝗮̉ 𝗴𝗼́𝗽 𝗾𝘂𝗮 𝗻𝗴𝗮̂𝗻 𝗵𝗮̀𝗻𝗴 (căn cước công dân) 👉🏻 xem xe ""Xe Máy Nhân Nghĩa"" 📌 SỐ 32, KHU PHỐ 1, PHƯỜNG PHÚ TÂN, TP BẾN TRE (Sau bến xe Bến Tre, kế khách sạn Hoa Dừa) 📞 ***-*** A. NGHĨA #V1 #XEMAYNHANNGHIABENTRE #MUABANXECU #BENTRE #VINHLONG #TRAVINH","Thành phố Bến Tre, Bến Tre",Mới,Xe máy điện,Unknown,2026,,13500000,New,Bến Tre,2026.0,
1769,https://xe.chotot.com/mua-ban-xe-may/132605496.htm,2026-05-26 09:21:25,xe_may_dien,"Xe điện DK Bike EZ1 Đen, Hồng",15500000,Cửa Hàng Xe Gắn Máy Cũ Nhân Nghĩa,"Về cho anh chị em Xe Điện mới 100% tại Xe Máy Nhân Nghĩa Mua bán xe máy cũ Bến Tre / Mua bán xe máy cũ Vĩnh Long Có nhận trao đổi xe khác #Xe điện hot giới trẻ ĐK bike đen, hồng 💰G I Á 15tr500 ✅𝗛𝗼̂̃ 𝘁𝗿𝗼̛̣ 𝘁𝗿𝗮̉ 𝗴𝗼́𝗽 𝗾𝘂𝗮 𝗻𝗴𝗮̂𝗻 𝗵𝗮̀𝗻𝗴 (căn cước công dân) 👉🏻 xem xe ""Xe Máy Nhân Nghĩa"" 📌 SỐ 32, KHU PHỐ 1, PHƯỜNG PHÚ TÂN, TP BẾN TRE (Sau bến xe Bến Tre, kế khách sạn Hoa Dừa) 📞 ***-*** A. NGHĨA #ĐKBIKE #XEMAYNHANNGHIABENTRE #MUABANXECU #BENTRE #VINHLONG #TRAVINH","Thành phố Bến Tre, Bến Tre",Đã sử dụng,Xe máy điện,Unknown,2026,0,15500000,Used,Bến Tre,2026.0,0.0
1770,https://xe.chotot.com/mua-ban-xe-may/132605473.htm,2026-05-26 09:20:09,xe_may_dien,"Xe điện DK Bike V1 Xám, Hồng Mới 100%",15500000,Cửa Hàng Xe Gắn Máy Cũ Nhân Nghĩa,"Về cho anh chị em Xe Điện mới 100% tại Xe Máy Nhân Nghĩa Mua bán xe máy cũ Bến Tre / Mua bán xe máy cũ Vĩnh Long Có nhận trao đổi xe khác #Xe điện ĐK V1 xám, hồng 💰G I Á 15tr500 ✅𝗛𝗼̂̃ 𝘁𝗿𝗼̛̣ 𝘁𝗿𝗮̉ 𝗴𝗼́𝗽 𝗾𝘂𝗮 𝗻𝗴𝗮̂𝗻 𝗵𝗮̀𝗻𝗴 (căn cước công dân) 👉🏻 xem xe ""Xe Máy Nhân Nghĩa"" 📌 SỐ 32, KHU PHỐ 1, PHƯỜNG PHÚ TÂN, TP BẾN TRE (Sau bến xe Bến Tre, kế khách sạn Hoa Dừa) 📞 ***-*** A. NGHĨA #ĐKBIKE #XEMAYNHANNGHIABENTRE #MUABANXECU #BENTRE #VINHLONG #TRAVINH","Thành phố Bến Tre, Bến Tre",Mới,Xe máy điện,Unknown,2026,,15500000,New,Bến Tre,2026.0,
1771,https://xe.chotot.com/mua-ban-xe-may/132605378.htm,2026-05-26 09:16:24,xe_may_dien,Xe điện Vespa màu Xám xi măng Mới 100%,18500000,Cửa Hàng Xe Gắn Máy Cũ Nhân Nghĩa,"Về cho anh chị em Xe Điện mới 100% tại Xe Máy Nhân Nghĩa Mua bán xe máy cũ Bến Tre / Mua bán xe máy cũ Vĩnh Long Có nhận trao đổi xe khác #Xe điện Vespa xám xi măng 💰G I Á 18tr500 ✅𝗛𝗼̂̃ 𝘁𝗿𝗼̛̣ 𝘁𝗿𝗮̉ 𝗴𝗼́𝗽 𝗾𝘂𝗮 𝗻𝗴𝗮̂𝗻 𝗵𝗮̀𝗻𝗴 (căn cước công dân) 👉🏻 xem xe ""Xe Máy Nhân Nghĩa"" 📌 SỐ 32, KHU PHỐ 1, PHƯỜNG PHÚ TÂN, TP BẾN TRE (Sau bến xe Bến Tre, kế khách sạn Hoa Dừa) 📞 ***-*** A. NGHĨA #VESPA #XEMAYNHANNGHIABENTRE #MUABANXECU #BENTRE #VINHLONG #TRAVINH","Thành phố Bến Tre, Bến Tre",Mới,Xe máy điện,Unknown,2026,,18500000,New,Bến Tre,2026.0,
1772,https://xe.chotot.com/mua-ban-xe-may/132605259.htm,2026-05-26 09:11:56,xe_may_dien,Xe máy điện JVC ZH Trắng Xe Mới 100%,21900000,Cửa Hàng Xe Gắn Máy Cũ Nhân Nghĩa,"Về cho anh chị em Xe Điện mới 100% tại Xe Máy Nhân Nghĩa Mua bán xe máy cũ Bến Tre / Mua bán xe máy cũ Vĩnh Long Có nhận trao đổi xe khác #Xe điện ZH trắng 💰G I Á 21tr900 ✅𝗛𝗼̂̃ 𝘁𝗿𝗼̛̣ 𝘁𝗿𝗮̉ 𝗴𝗼́𝗽 𝗾𝘂𝗮 𝗻𝗴𝗮̂𝗻 𝗵𝗮̀𝗻𝗴 (căn cước công dân) 👉🏻 xem xe ""Xe Máy Nhân Nghĩa"" 📌 SỐ 32, KHU PHỐ 1, PHƯỜNG PHÚ TÂN, TP BẾN TRE (Sau bến xe Bến Tre, kế khách sạn Hoa Dừa) 📞 ***-*** A. NGHĨA #ZH #XEMAYNHANNGHIABENTRE #MUABANXECU #BENTRE #VINHLONG #TRAVINH","Thành phố Bến Tre, Bến Tre",Đã sử dụng,Xe máy điện,Unknown,2026,0,21900000,Used,Bến Tre,2026.0,0.0
1773,https://xe.chotot.com/mua-ban-xe-may/132603602.htm,2026-05-26 07:30:33,xe_may_dien,Xe máy điện Dat Bike S2 Xanh dương,35000000,Kẻ Đọc Hành,"Xe máy điện Dat Bike S2 màu xanh dương, chính chủ. - Thiết kế hiện đại, vận hành êm ái. - Tiết kiệm chi phí, thân thiện môi trường.","Huyện Nhà Bè, Tp Hồ Chí Minh",Đã sử dụng,Xe máy điện,Unknown,2025,298000,35000000,Used,Hồ Chí Minh,2025.0,298000.0
1774,https://xe.chotot.com/mua-ban-xe-may/132601084.htm,2026-05-25 21:23:41,xe_may_dien,Xe điện X-Men màu Đen Mới,7500000,Trần Hải Dương,"Xe điện X-Men màu đen, thiết kế thể thao, cá tính. - Xe dùng 5 bình to, vận hành ổn định. - Xe mới, chưa qua sử dụng.","Huyện Quảng Điền, Thừa Thiên Huế",Mới,Xe máy điện,Unknown,2026,,7500000,New,Huế,2026.0,
1775,https://xe.chotot.com/mua-ban-xe-may/132485206.htm,2026-05-25 18:07:02,xe_may_dien,Xe điện V1 Plus mới 100%,11800000,Cường,"V1 plus màu trắng hồng, siêu cute - vận hành êm ái, phù hợp với mọi lứa tuổi - có khoá tốc độ phù hợp với học sinh, ba mẹ muốn con em đi an toàn thì chỉ cần vài thao tác đã khoá tốc độ không quá 30km/h - xe chạy 4-5 bình lớn ( chính hãng) cho quảng đưỡng lớn - hàng công ty chính hãng bảo hành 1 năm - mua bán hoá đơn công ty, đầy đủ pháp lý","Thành phố Dĩ An, Bình Dương",Mới,Xe máy điện,Unknown,2026,,11800000,New,Bình Dương,2026.0,
1776,https://xe.chotot.com/mua-ban-xe-may/132596878.htm,2026-05-25 16:48:54,xe_may_dien,yade Velax H Trắng lên Đồ Chơi 15tr giá Iu iu...,35000000,nguyenchuyenpin,Bán Velax H 1 pin 30ah đã lên pin phụ 45ah đặt ở sàn giá 10tr ( Cell Pin Eve Hàn Laser Chắc Cú ) . Xe có ghép khiển dkys 72420 giá 2tr2 đèn trợ sáng kezo cx80 Luôn Công Gắn Mạch Passing 3tr5 😊Giá : 35tr Ngoài ra e còn dư 2 cục Pin Zin Velax 72v30ah . 😉Giá 1 Cặp 13tr . Lẻ 7tr / 1 cái nha . Sạc 28 lần . 😚🥰🤪💁..........THU XĂNG ĐỔI ĐIỆN ĐỔI ĐỜI..........😍😄😄😄 - MÌNH CAM KẾT THU CAO HƠN NHỮNG CỬA HÀNG KHÁC 1 ĐẾN 2TR NHÉ . - CẦM XE MÁY _ XE ĐIỆN _ XE HƠI ĐIỆN _ LAPTOP _ LOA _ DÀN CDJ _ HIEND GIÁ CAO ( CHÍNH CHỦ ) KỂ CẢ XE ĐANG CẦM NGÂN HÀNG . ĐỊNH GIÁ NGAY CÓ TIỀN SAU 19 PHÚT . - CHUYÊN ĐỘ PIN _ SỮA CHỮA_ TÂN TRANG CHO TẤT CẢ CÁC LOẠI XE ĐIỆN . ........nguyenchuyenpin.com.......... ✅ 𝐂Ó 𝐓𝐑Ả 𝐆Ó𝐏 – 𝐂À 𝐓𝐇Ẻ – 𝐆𝐈𝐀𝐎 𝐓Ậ𝐍 𝐍𝐇À ✅ 𝐍Ợ 𝐗Ấ𝐔 𝐁𝐀𝐎 ĐẬ𝐔 𝟏𝟎𝟎% ✅ 𝐂𝐀𝐌 𝐊Ế𝐓 𝐗𝐄 𝐓𝐇Ậ𝐓 – 𝐆𝐈Á 𝐓𝐇Ậ𝐓 – 𝐁Ả𝐎 𝐇À𝐍𝐇 𝐌𝐈𝐍𝐇 𝐁Ạ𝐂𝐇 😛ĐỊA CHỈ : 21 Nguyễn Súy . Phú Thọ Hoà ( Tân Phú Cũ ) . 😭🤪🥵😉 Time Mở Cửa : 6Am _ 24Pm ☎ *** ☎ 📢 QUÝ KHÁCH VUI LÒNG GỌI TRƯỚC KHI QUA . XIN CÁM ƠN QUÝ KHÁCH ĐÃ QUAN TÂM .,"Quận Tân Phú, Tp Hồ Chí Minh",Đã sử dụng,Xe máy điện,Unknown,2025,23499,35000000,Used,Hồ Chí Minh,2025.0,23499.0
1777,https://xe.chotot.com/mua-ban-xe-may/132431226.htm,2026-05-25 16:42:04,xe_may_dien,Xe máy điện Dibao Pansy S4 Xanh ngọc,12000000,Hồ Quốc Huy,xe máy điện Dibao pansy s4 . odo 8000km .lắp bình mới 100% . giá 12tr . biển số cà vẹt HCm đầy đủ . địa chỉ bình thạnh . sdt ***,"Quận Bình Thạnh, Tp Hồ Chí Minh",Đã sử dụng,Xe máy điện,Unknown,2024,8000,12000000,Used,Hồ Chí Minh,2024.0,8000.0
1778,https://xe.chotot.com/mua-ban-xe-may/132596565.htm,2026-05-25 16:33:57,xe_may_dien,"Xe máy điện Đen, Xám",10500000,Ngọc Vy,Xe mới mua 5 tháng ít chạy nên bán lại b bạn nào có nhu cầu sữ dụng gọi mình nhé,"Thành phố Rạch Giá, Kiên Giang",Đã sử dụng,Xe máy điện,Unknown,2026,123,10500000,Used,Kiên Giang,2026.0,123.0
1779,https://xe.chotot.com/mua-ban-xe-may/132574930.htm,2026-05-25 14:06:03,xe_may_dien,Xe máy điện VinFast Vero X 2026 Trắng,28300000,Nguyễn Bá Hoà,Xe siêu lướt Cần ra đi vinfats VERO X 2026 dăng kí tháng 5/2026 chính chủ giao cccd hoăc kí uỷ quyền xịn. Xe odo 500km . Xe hok một vết trầy có zô cảng đồ chơi cho yên dài ra . Ngoại hình hok có gj để tả chưa 1 vết trầy Giá ra đi 28tr3 Liên hệ sdt . *** (hoà) Xem xe ơ biên hoà . Đồng nai,"Thành phố Biên Hòa, Đồng Nai",Đã sử dụng,Xe máy điện,Unknown,2026,500,28300000,Used,Đồng Nai,2026.0,500.0
1780,https://xe.chotot.com/mua-ban-xe-may/132528376.htm,2026-05-25 12:58:04,xe_may_dien,Xe máy điện VinFast EvoGrand Đỏ,3500000,Lê Hiếu Điện Máy Trả Góp,"Xe máy điện VinFast EvoGrand màu đỏ, thiết kế hiện đại, vận hành êm ái. - ZẤ TRÊN GÓP THÁNG, BAO NỢ XẤU, KHÔNG QUA NGÂN HÀNG - Động cơ mạnh mẽ, quãng đường di chuyển xa. - Tiết kiệm chi phí, thân thiện môi trường. - Xe sẵn sàng sử dụng.","Quận 6, Tp Hồ Chí Minh",Mới,Xe máy điện,Unknown,2026,,3500000,New,Hồ Chí Minh,2026.0,
1781,https://xe.chotot.com/mua-ban-xe-may/132567135.htm,2026-05-25 12:40:03,xe_may_dien,Xe máy điện Vinfast Vero X Trắng Như mới,28000000,Phạm Tuân,"Xe máy điện Vinfast Vero X màu trắng, đi 1.200km, còn như mới. - Đã dán nilon toàn bộ xe. - Trang bị màn hình, có thêm gác ba ga tiện lợi.","Quận Cầu Giấy, Hà Nội",Đã sử dụng,Xe máy điện,Unknown,2026,1200,28000000,Used,Hà Nội,2026.0,1200.0
1782,https://xe.chotot.com/mua-ban-xe-may/132587854.htm,2026-05-25 10:31:01,xe_may_dien,Xe điện UNI SCOOTER PromaX Đen,6000000,nguyen ngoc san,Hàng mới Hàng mới về UNI SCOOTER bản PromaX gấp gọn 40km cho 1 lần sạc 3 chế độ chạy 🐢 5km h 🐇 15km h 🏇 25km h Kết nối điên thoại Giá iu thương 6xxx.xxx,"Quận Bình Tân, Tp Hồ Chí Minh",Mới,Xe máy điện,Unknown,2026,,6000000,New,Hồ Chí Minh,2026.0,
1783,https://xe.chotot.com/mua-ban-xe-may/132586259.htm,2026-05-25 09:29:49,xe_may_dien,Xe máy điện Vinfast Evo Lite Neo Xanh Mới,15400000,Thu Hằn,"Xe máy điện Vinfast Evo Lite Neo màu xanh, xe mới - Thiết kế hiện đại, vận hành êm ái. - Giá 15.400.000 VND. - Hỗ trợ trả góp 0đ, ưu đãi tháng lên đến 13%.","Thành phố Thuận An, Bình Dương",Mới,Xe máy điện,Unknown,2026,,15400000,New,Bình Dương,2026.0,
1784,https://xe.chotot.com/mua-ban-xe-may/131002252.htm,2026-05-25 08:18:53,xe_may_dien,Xe máy điện Lavia 2026 Xám bóng Có Trả Góp,15500000,Thiên Hương,"Bán xe máy điện vespa lavia GX màu xám bóng đẹp xuất sắc New bản cao cấp 2026 mới 100% giá rẻ Hỗ trợ Trả Góp Nhanh Chóng Max tốc 67km/h, quãng đường di chuyển lên đến 70 - 80km 1 lần sạc, có thẻ từ, ổ cắm sạc điện thoại, có kết nối điện thoại, sạc nhanh thông minh Al tự động ngắt Lh e tv ạ Shop bên e đang giảm giá 1 triệu ạ","Quận Đống Đa, Hà Nội",Mới,Xe máy điện,Unknown,2026,,15500000,New,Hà Nội,2026.0,
1785,https://xe.chotot.com/mua-ban-xe-may/132239693.htm,2026-05-25 08:15:36,xe_may_dien,Xe máy điện VinFast Impes Xám,8800000,Toan Nguyen,xe vinfat impes đẹp odo 16k pịn zin trưa sữa chữa giấy tờ đầy đủ,"Thành phố Buôn Ma Thuột, Đắk Lắk",Đã sử dụng,Xe máy điện,Unknown,2022,16000,8800000,Used,Đắk Lắk,2022.0,16000.0
1786,https://xe.chotot.com/mua-ban-xe-may/127862306.htm,2026-05-25 07:58:20,xe_may_dien,Bán xe điện Vinfast Impess,8200000,Thiên Hương,Bán xe điện Vinfast Impess màu đen xe đầy đủ biển đăng kí Xe chạy Pin Mọi chức năng hoạt động tốt Ib zalo để biết thêm chi tiết Xem xe tại số 658 Đường Láng - Láng Hạ - Đống Đa - Hà Nội,"Quận Đống Đa, Hà Nội",Đã sử dụng,Xe máy điện,Unknown,2020,1,8200000,Used,Hà Nội,2020.0,1.0
1787,https://xe.chotot.com/mua-ban-xe-may/132583790.htm,2026-05-25 07:07:36,xe_may_dien,Xe máy điện Gogo Cross New 2026 Đa màu,15000000,Xe Điện Uy Tín ,"Xe điện Gogo Cross, Gogo New 2026 - Có khoá điều khiển từ xa, có thẻ từ NFC - Có bán trả góp, có ship toàn quốc - Xe chạy 5 ắc quy to đi 80km một lần sạc - Bảo hành 3 năm khung xe, 3 năm động cơ, 1 năm ắc quy - Địa chỉ: Xe Điện Uy Tín số 257 Hoàng Quốc Việt Cầu Giấy Hà Nội","Quận Cầu Giấy, Hà Nội",Mới,Xe máy điện,Unknown,2026,,15000000,New,Hà Nội,2026.0,
1788,https://xe.chotot.com/mua-ban-xe-may/132583788.htm,2026-05-25 07:07:22,xe_may_dien,Xe điện Milan II Xanh bơ ắc quy 2026 siêu nét,4900000,Xe điện Bình Phương,"M52 ✅ Xe điện milanII nhập khẩu xanh bơ cực nét ắc quy lướt 4tr9 ➡️ Hình thức đẹp, xe chạy êm, động cơ zin ➡️ Mọi chức năng hoạt động tốt, xe đã được bảo dưỡng toàn bộ, ☎️ *** (zalo,fb,mess) có trả góp 📌 Cửa hàng xe điện Bình Phương, sn 15 ngõ 195/91 Trần Cung, Hà Nội","Quận Bắc Từ Liêm, Hà Nội",Đã sử dụng,Xe máy điện,Unknown,2020,369,4900000,Used,Hà Nội,2020.0,369.0
1789,https://xe.chotot.com/mua-ban-xe-may/132583782.htm,2026-05-25 07:06:58,xe_may_dien,Xe máy điện Osakar Nispa 2026,17500000,Xe Điện Uy Tín ,"Xe điện Nispa Osakar chính hãng bản mới nhất 2026 - Có khoá điều khiển từ xa, có thẻ từ NFC - Xe đi bao khoẻ, bao êm, bao bền - Có bán trả góp, có ship toàn quốc - Xe chạy 5 ắc quy to đi 80km một lần sạc - Bảo hành 3 năm khung xe, 3 năm động cơ, 1 năm ắc quy - Địa chỉ: Xe Điện Uy Tín số 257 Hoàng Quốc Việt Cầu Giấy Hà Nội","Quận Cầu Giấy, Hà Nội",Đã sử dụng,Xe máy điện,Unknown,2026,0,17500000,Used,Hà Nội,2026.0,0.0
1790,https://xe.chotot.com/mua-ban-xe-may/132583780.htm,2026-05-25 07:06:43,xe_may_dien,Xe máy điện Takumi Vespa V3 2026 Đen,15400000,Xe Điện Uy Tín ,"Xe điện Vespa Takumi V3 bản mới nhất 2026 - Xe đi tầm 80km một lần sạc - Có thẻ tử NFC có khoá điều khiển từ xa - Có kết nối điện thoại - Bảo hành 3 năm khung xe, 3 năm động cơ, 1 năm ắc quy - Có bán trả góp, có ship toàn quốc - Địa chỉ: Xe Điện Uy Tín số 257 Hoàng Quốc Việt Cầu Giấy Hà Nội","Quận Cầu Giấy, Hà Nội",Đã sử dụng,Xe máy điện,Unknown,2026,0,15400000,Used,Hà Nội,2026.0,0.0
1791,https://xe.chotot.com/mua-ban-xe-may/132582984.htm,2026-05-24 23:37:54,xe_may_dien,Xe máy điện Vision điện 2026,22500000,Xe Điện Uy Tín ,"Xe Vision điện 2026 bản cao cấp - Trang bị 2 phanh đĩa trước sau - Có chân trống điện như xe máy - Có khoá điều khiển từ xa, có thẻ từ NFC - Có kết nối điện thoại - Có bán trả góp, có ship toàn quốc - Xe chạy 6 ắc quy đi 80-100km - Bảo hành 3 năm khung xe, 3 năm động cơ, 1 năm ắc quy - Địa chỉ: Xe Điện Uy Tín số 257 Hoàng Quốc Việt Cầu Giấy Hà Nội","Quận Cầu Giấy, Hà Nội",Đã sử dụng,Xe máy điện,Unknown,2026,0,22500000,Used,Hà Nội,2026.0,0.0
1792,https://xe.chotot.com/mua-ban-xe-may/132582934.htm,2026-05-24 23:27:59,xe_may_dien,"feliz 2025 13tr , 3 chiếc evo200 , Felizs Giá iu",13000000,nguyenchuyenpin,"😊🥵💁Nữa Đêm Ngủ Hổng được lôi 5 xe Vin ra bán : 1 . Feliz 2025 1 pin xe đẹp 98% màu cafe sữa , Chính Chủ Bán không cavet , không sạc Giá : 13tr 2 . Evo 200 date 2025 trắng , odo 100km Giá : 28tr 3 . Evo 200 date 2025 trắng , bs Vĩnh Long , odo 15.000km , sạc 1000w Giá : 24tr 4 . Evo 200 date 2025 , Bs Đồng Nai , odo 21.000km , Sạc Zin , Lên cặp vỏ Michelin 2tr + Cảng Inox zin Vinfast 1tr2 Giá : 22tr ( lên sạc 1800w + 1tr5 nha ) . 5 . Feliz S date 2023 , màu đen , Bs sài Gòn Chính Chủ Giá : 24tr 😚🥰🤪💁..........THU XĂNG ĐỔI ĐIỆN ĐỔI ĐỜI..........😍😄😄😄 - MÌNH CAM KẾT THU CAO HƠN NHỮNG CỬA HÀNG KHÁC 1 ĐẾN 2TR NHÉ . - CẦM XE MÁY _ XE ĐIỆN _ XE HƠI ĐIỆN _ LAPTOP _ LOA _ DÀN CDJ _ HIEND _ VÀNG _ HỘT XOÀN ...VV. GIÁ CAO ( CHÍNH CHỦ ) KỂ CẢ XE ĐANG CẦM NGÂN HÀNG . ĐỊNH GIÁ NGAY CÓ TIỀN SAU 19 PHÚT . - CHUYÊN ĐỘ PIN _ SỮA CHỮA_ TÂN TRANG CHO TẤT CẢ CÁC LOẠI XE ĐIỆN . - CHUYÊN LÀM GIẤY TỜ XE MÁY & XE HƠI TOÀN QUỐC ( RÚT GỐC + ĐK MỚI ) MỌI GIẤY TỜ XE KHÓ XÁC MINH GỐC - TUYỂN CTV BÁN XE + LIVE BÁN HÀNG 1TR / 1 CHIẾC TIỀN TƯƠI .( LƯƠNG CĂN BẢN 6TR ) . ........nguyenchuyenpin.com.......... ✅ 𝐂Ó 𝐓𝐑Ả 𝐆Ó𝐏 – 𝐂À 𝐓𝐇Ẻ – 𝐆𝐈𝐀𝐎 𝐓Ậ𝐍 𝐍𝐇À ✅ 𝐍Ợ 𝐗Ấ𝐔 𝐁𝐀𝐎 ĐẬ𝐔 𝟏𝟎𝟎% ✅ 𝐂𝐀𝐌 𝐊Ế𝐓 𝐗𝐄 𝐓𝐇Ậ𝐓 – 𝐆𝐈Á 𝐓𝐇Ậ𝐓 – 𝐁Ả𝐎 𝐇À𝐍𝐇 𝐌𝐈𝐍𝐇 𝐁Ạ𝐂𝐇 😛ĐỊA CHỈ : 21 Nguyễn Súy . Phú Thọ Hoà ( Tân Phú Cũ ) . 😭🤪🥵😉 Time Mở Cửa : 6Am _ 24Pm ☎ *** ☎ 📢 QUÝ KHÁCH VUI LÒNG GỌI TRƯỚC KHI QUA . XIN CÁM ƠN QUÝ KHÁCH ĐÃ QUAN TÂM .","Quận Tân Phú, Tp Hồ Chí Minh",Đã sử dụng,Xe máy điện,Unknown,2025,200,13000000,Used,Hồ Chí Minh,2025.0,200.0
1793,https://xe.chotot.com/mua-ban-xe-may/132582480.htm,2026-05-24 22:24:03,xe_may_dien,"Vero X Trắng 400km , ĐK 5 / 2026 . giá iu",30990000,nguyenchuyenpin,"Bán Vero X , Đk 5 / 2026 , Màu Trắng Bs Biên Hoà . Mới lấy 35tr luôn Bs chạy 400km Nay e Bán Giá : 30.990.000 Vnd . 😚🥰🤪💁..........THU XĂNG ĐỔI ĐIỆN ĐỔI ĐỜI..........😍😄😄😄 - MÌNH CAM KẾT THU CAO HƠN NHỮNG CỬA HÀNG KHÁC 1 ĐẾN 2TR NHÉ . - CẦM XE MÁY _ XE ĐIỆN _ XE HƠI ĐIỆN _ LAPTOP _ LOA _ DÀN CDJ _ HIEND GIÁ CAO ( CHÍNH CHỦ ) KỂ CẢ XE ĐANG CẦM NGÂN HÀNG . ĐỊNH GIÁ NGAY CÓ TIỀN SAU 19 PHÚT . - CHUYÊN ĐỘ PIN _ SỮA CHỮA_ TÂN TRANG CHO TẤT CẢ CÁC LOẠI XE ĐIỆN . ........nguyenchuyenpin.com.......... ✅ 𝐂Ó 𝐓𝐑Ả 𝐆Ó𝐏 – 𝐂À 𝐓𝐇Ẻ – 𝐆𝐈𝐀𝐎 𝐓Ậ𝐍 𝐍𝐇À ✅ 𝐍Ợ 𝐗Ấ𝐔 𝐁𝐀𝐎 ĐẬ𝐔 𝟏𝟎𝟎% ✅ 𝐂𝐀𝐌 𝐊Ế𝐓 𝐗𝐄 𝐓𝐇Ậ𝐓 – 𝐆𝐈Á 𝐓𝐇Ậ𝐓 – 𝐁Ả𝐎 𝐇À𝐍𝐇 𝐌𝐈𝐍𝐇 𝐁Ạ𝐂𝐇 😛ĐỊA CHỈ : 21 Nguyễn Súy . Phú Thọ Hoà ( Tân Phú Cũ ) . 😭🤪🥵😉 Time Mở Cửa : 6Am _ 24Pm ☎ *** ☎ 📢 QUÝ KHÁCH VUI LÒNG GỌI TRƯỚC KHI QUA . XIN CÁM ƠN QUÝ KHÁCH ĐÃ QUAN TÂM .","Quận Tân Phú, Tp Hồ Chí Minh",Đã sử dụng,Xe máy điện,Unknown,2026,400,30990000,Used,Hồ Chí Minh,2026.0,400.0
1794,https://xe.chotot.com/mua-ban-xe-may/132571884.htm,2026-05-24 11:27:24,xe_may_dien,Xe máy điện Quantum S1 Đen,48000000,Anh Nguyễn Tuấn,"Xe máy điện Quantum S1 màu đen, thiết kế hiện đại, vận hành êm ái. - Động cơ mạnh mẽ, quãng đường di chuyển tốt. - Tiết kiệm chi phí, thân thiện môi trường. - Phù hợp đi lại trong thành phố. -Km sử dụng:2000. -Giá bán:48.000.000₫(SĐT:***).","Quận Tây Hồ, Hà Nội",Đã sử dụng,Xe máy điện,Unknown,2026,2000,48000000,Used,Hà Nội,2026.0,2000.0
1795,https://xe.chotot.com/mua-ban-xe-may/132571630.htm,2026-05-24 11:15:33,xe_may_dien,Xe máy điện Quantum S2 màu Xám,35000000,Nguyen Quoc Huy,"Do em muốn đổi xe ERA1 nên em cần bane xe máy điện Quantum S2 màu xám mua được 9 tháng, thiết kế hiện đại, vận hành êm ái. - ODO 11353 km. - Xe chạy ổn định, tiết kiệm năng lượng. - Phù hợp đi lại trong thành phố. phù hợp chạy dịch vụ.","Huyện Gò Dầu, Tây Ninh",Đã sử dụng,Xe máy điện,Unknown,2024,11353,35000000,Used,Tây Ninh,2024.0,11353.0
1796,https://xe.chotot.com/mua-ban-xe-may/132567198.htm,2026-05-24 07:15:32,xe_may_dien,Xe máy điện Feliz Đỏ,22000000,Bền,Bán xe máy điện felic pin 50ah đi quảng đường 100km cho 1 lần sạc phuột trước vison phuột sau AB,"Quận Ninh Kiều, Cần Thơ",Đã sử dụng,Xe máy điện,Unknown,2019,47000,22000000,Used,Cần Thơ,2019.0,47000.0
1797,https://xe.chotot.com/mua-ban-xe-may/132567122.htm,2026-05-24 07:08:36,xe_may_dien,xe điện dibao gogo,10000000,TH,"xe vẫn sử dụng bt, mới thay ác quy đc 1 tuần. xe chính chủ.","Quận Lê Chân, Hải Phòng",Đã sử dụng,Xe máy điện,Unknown,2021,2000,10000000,Used,Hải Phòng,2021.0,2000.0
1798,https://xe.chotot.com/mua-ban-xe-may/132567064.htm,2026-05-24 07:02:25,xe_may_dien,Xe máy điện Dibao Vespa Trắng,3999000,The Powerpuff Girl,"Xe máy điện Dibao Vespa màu trắng, thiết kế sang trọng, phù hợp cả nam và nữ. - Động cơ mạnh mẽ, vận hành êm ái. - Tiết kiệm năng lượng, thân thiện môi trường. - Xe có nhiều tiện ích, dễ sử dụng.","Quận Tân Bình, Tp Hồ Chí Minh",Đã sử dụng,Xe máy điện,Unknown,2020,1000,3999000,Used,Hồ Chí Minh,2020.0,1000.0
1800,https://xe.chotot.com/mua-ban-xe-may/132562663.htm,2026-05-23 18:34:35,xe_may_dien,Xe máy điện Honda Icone Đỏ,25500000,Huỳnh Thị Mỹ Yên,"Xe máy điện Honda Icone màu đỏ, thiết kế hiện đại, vận hành êm ái. - ODO 2406 km, xe còn mới. - Tiết kiệm nhiên liệu, thân thiện môi trường. - Phù hợp di chuyển trong thành phố.","Quận Bình Tân, Tp Hồ Chí Minh",Đã sử dụng,Xe máy điện,Unknown,2026,2406,25500000,Used,Hồ Chí Minh,2026.0,2406.0
1801,https://xe.chotot.com/mua-ban-xe-may/132558118.htm,2026-05-23 14:48:19,xe_may_dien,Xe máy điện VinFast Impes Đen Đã sử dụng,8200000,Bùi Anh Dũng,"⭐️ EM BÁN EM VINFAT Về chất lượng khỏi phải bàn cãi 💥 XE MỚI 98% pin còn dùng tốt Địa chỉ : 351 đường vạn xuân , hoài đức , hà nội Sdt : *** EM CÓ SHIP TỈNH","Quận Nam Từ Liêm, Hà Nội",Đã sử dụng,Xe máy điện,Unknown,2020,20000,8200000,Used,Hà Nội,2020.0,20000.0
1802,https://xe.chotot.com/mua-ban-xe-may/132556164.htm,2026-05-23 13:21:18,xe_may_dien,Xe máy điện Vc 2025 Xám,1234567,nguyễn Minh Tú,"Vc 2025 ( có số lùi ) 5bình mới 90% 🔥🔥 ✔️ tốc độ 50km/h ✔️ phụ kiện 4 thẻ từ , sạc ✔️ 5 bình 1 lần sạc đi 40-50km 🎉 xem xe tại 304 lê duẩn tp bmt Zl : ***","Thành phố Buôn Ma Thuột, Đắk Lắk",Đã sử dụng,Xe máy điện,Unknown,2025,4000,1234567,Used,Đắk Lắk,2025.0,4000.0
1803,https://xe.chotot.com/mua-ban-xe-may/131191834.htm,2026-05-23 12:53:34,xe_may_dien,Xe máy điện Vento Xanh Porsche 911,39500000,Anh Say,"-Bán vento abs 2 pin rời. -Odo 1200km. Miễn bàn về xe, chỉ bàn về giá. -Bstp chính chủ. Đklđ 12/2025 -Xe ngay chủ đang sử dụng không qua cò lái nên yên tâm. -Xe bảo hành pin và xe đến 12/2028. -Bớt lộc cho ae vui vẻ. Cám ơn đã xem tin.","Quận 12, Tp Hồ Chí Minh",Đã sử dụng,Xe máy điện,Unknown,2022,1000,39500000,Used,Hồ Chí Minh,2022.0,1000.0
1804,https://xe.chotot.com/mua-ban-xe-may/132128957.htm,2026-05-23 12:37:51,xe_may_dien,Xe điện K1 màu Hồng Mới 99% 5 bình pin trâu,6900000,Cầm Đồ Minh Tấn,Xe điện k1 5 bìn pin trâu mới 99% đi lướt ích cây số cáp sạc đầy đủ Giá 6.9 Dạ Xe còn a Xem xe tại chợ đất sét tân phú Cái Răng Cần Thơ 60A Đường chí sinh Đường vô căng nhà màu tím ĐT,"Quận Cái Răng, Cần Thơ",Đã sử dụng,Xe máy điện,Unknown,2026,2000,6900000,Used,Cần Thơ,2026.0,2000.0
1805,https://xe.chotot.com/mua-ban-xe-may/132554299.htm,2026-05-23 11:47:59,xe_may_dien,Xe máy điện Vinfast Evo Grand Lite Trắng,1000000,Tâm Trần,"Mất giấy tờ xe điện Vinfast Từ quãng đường từ kỳ anh về đến kỳ thịnh mình có đánh rơi 1 giấy xuất xưởng xe máy điện hiệu evo grand lite của nhà sản xuất vinfast nay mình đăng tin có ai nhặt đc cho mình xin lại, mình xin cảm ơn và hậu tạ Sdt *** Số khung: RPXS8LHLVTE050818 Số Máy: VFHBHA261220520","Thị xã Kỳ Anh, Hà Tĩnh",Đã sử dụng,Xe máy điện,Unknown,2025,1000,1000000,Used,Hà Tĩnh,2025.0,1000.0
1806,https://xe.chotot.com/mua-ban-xe-may/132553837.htm,2026-05-23 11:28:16,xe_may_dien,Xe máy điện Gogo Xanh dương,3200000,tranquangkhai,"ko còn nhu cầu sử dụng, cần bán gogo ,xe chạy mạnh, đèn còi đầy đủ,","Huyện Củ Chi, Tp Hồ Chí Minh",Đã sử dụng,Xe máy điện,Unknown,2015,20000,3200000,Used,Hồ Chí Minh,2015.0,20000.0
1807,https://xe.chotot.com/mua-ban-xe-may/132552494.htm,2026-05-23 10:39:49,xe_may_dien,2 con Type 3 Pro New Chưa Bình 20tr,11000000,nguyenchuyenpin,Bán 2 Chiếc Type3 Pro 2 New 2 Chiếc 20tr . Mua lẻ 11tr / 1 chiếc ( Chưa Bao Gồm Bình Nha ) . ***,"Quận Tân Phú, Tp Hồ Chí Minh",Mới,Xe máy điện,Unknown,2026,,11000000,New,Hồ Chí Minh,2026.0,
1808,https://xe.chotot.com/mua-ban-xe-may/132551902.htm,2026-05-23 10:14:52,xe_may_dien,Feliz Neo 2025 Xanh bstphcm odo 3k chính chủ,20500000,XE ĐIỆN 90s,"FELIZ NEO – XANH RÊU – LƯỚT >3000km 📌 Biển số TP.HCM – đăng ký 9/2025 📌 ODO: hơn 3.000km 📌 Theo chính sách bảo hành Vinfast – xe 6 năm pin 8 năm 📌 pin 2.0 đi ~80km/sạc. Sạc zin 400w 📌 Xe keng đẹp ko vết trầy 📌 xe chính chủ ký UQ hay MB đều ok 💰 G.i.á: 20.500.000₫ ----------------------- 💚 Xe Điện Lướt Gò Vấp – Chuyên mua bán máy điện đã qua sử dụng tại TP.HCM ✅ Có trả góp online – Cà thẻ – Giao tận nhà 🔛Giao lưu bù trừ hợp lý các dòng xe 🔙 Bao quay đầu cho ae chơi chán ⚙️Sữa chữa - nâng cấp - đóng pin xe điện 📞 Call/Zalo: *** 📍 Đối diện số 525/2/30 Tân Sơn, P.An Hội Tây, TP.HCM (F.12, GV cũ)","Quận Gò Vấp, Tp Hồ Chí Minh",Đã sử dụng,Xe máy điện,Unknown,2025,3000,20500000,Used,Hồ Chí Minh,2025.0,3000.0
1809,https://xe.chotot.com/mua-ban-xe-may/131276041.htm,2026-05-23 09:54:03,xe_may_dien,XE ĐIỆN V1 - BÁN TRẢ GÓP - BAO NỢ XẤU,3890000,TRẢ GÓP TRẢNG BÀNG,"CHƯA CÓ TIỀN - MUA GÓP LIỀN (GÓP KHÔNG QUA NGÂN HÀNG) XE ĐIỆN V1 MỚI, BẢO HÀNH CHÍNH HÃNG LH *** EM NGÂN TƯ VẤN NHA","Huyện Củ Chi, Tp Hồ Chí Minh",Mới,Xe máy điện,Unknown,2025,,3890000,New,Hồ Chí Minh,2025.0,
1810,https://xe.chotot.com/mua-ban-xe-may/131258148.htm,2026-05-23 09:51:19,xe_may_dien,XE ĐIỆN TRẢ GÓP - BAO NỢ XẤU,1050000,NGÂN ĐIỆN MÁY TRẢ GÓP,"TRẢ TRƯỚC VÀI TRĂM - NHẬN XE TRONG NGÀY XE ĐIỆN MOKA MỚI , BẢO HÀNH 1 NĂM XE CHẠY 4 BÌNH, 50KM/ 1 LẦN SẠC PHÙ HỢP MỌI LỨA TUỔI BÁN TRẢ GÓP KHÔNG QUA NGÂN HÀNG","Thành phố Thủ Dầu Một, Bình Dương",Mới,Xe máy điện,Unknown,2025,,1050000,New,Bình Dương,2025.0,
1811,https://xe.chotot.com/mua-ban-xe-may/132533954.htm,2026-05-23 08:25:24,xe_may_dien,Xe điện Vespa 946 v3 Trắng,9800000,Minh Đức Nguyễn,"Xe điện Vespa 946 v3 5 bình lớn Xe mới mua, còn bảo hành dài, để ở nhà ít chạy nên bán lại, Ace nào có nhu cầu lh e Lợi hơn ace mua mới 5tr mà k khác gì xe mới","Quận Ngũ Hành Sơn, Đà Nẵng",Đã sử dụng,Xe máy điện,Unknown,2026,1020,9800000,Used,Đà Nẵng,2026.0,1020.0
1812,https://xe.chotot.com/mua-ban-xe-may/132549251.htm,2026-05-23 08:19:42,xe_may_dien,Evo 200 2025 Trắng Chính Chủ Giá Iu .. iu,23990000,nguyenchuyenpin,"Evo 200 date 2025 , Odo 15.000 km , Bs Vĩnh Long , Xe Đẹp Nữ Chạy Kỹ . Sạc 1000w Giá : 23tr990 😚🥰🤪💁..........THU XĂNG ĐỔI ĐIỆN ĐỔI ĐỜI..........😍😄😄😄 - MÌNH CAM KẾT THU CAO HƠN NHỮNG CỬA HÀNG KHÁC 1 ĐẾN 2TR NHÉ . - CẦM XE MÁY _ XE ĐIỆN _ XE HƠI ĐIỆN _ LAPTOP _ LOA _ DÀN CDJ _ HIEND GIÁ CAO ( CHÍNH CHỦ ) KỂ CẢ XE ĐANG CẦM NGÂN HÀNG . ĐỊNH GIÁ NGAY CÓ TIỀN SAU 19 PHÚT . - CHUYÊN ĐỘ PIN _ SỮA CHỮA_ TÂN TRANG CHO TẤT CẢ CÁC LOẠI XE ĐIỆN . ........nguyenchuyenpin.com.......... ✅ 𝐂Ó 𝐓𝐑Ả 𝐆Ó𝐏 – 𝐂À 𝐓𝐇Ẻ – 𝐆𝐈𝐀𝐎 𝐓Ậ𝐍 𝐍𝐇À ✅ 𝐍Ợ 𝐗Ấ𝐔 𝐁𝐀𝐎 ĐẬ𝐔 𝟏𝟎𝟎% ✅ 𝐂𝐀𝐌 𝐊Ế𝐓 𝐗𝐄 𝐓𝐇Ậ𝐓 – 𝐆𝐈Á 𝐓𝐇Ậ𝐓 – 𝐁Ả𝐎 𝐇À𝐍𝐇 𝐌𝐈𝐍𝐇 𝐁Ạ𝐂𝐇 😛ĐỊA CHỈ : 21 Nguyễn Súy . Phú Thọ Hoà ( Tân Phú Cũ ) . 😭🤪🥵😉 Time Mở Cửa : 6Am _ 24Pm ☎ *** ☎ 📢 QUÝ KHÁCH VUI LÒNG GỌI TRƯỚC KHI QUA . XIN CÁM ƠN QUÝ KHÁCH ĐÃ QUAN TÂM .","Quận Tân Phú, Tp Hồ Chí Minh",Đã sử dụng,Xe máy điện,Unknown,2025,15000,23990000,Used,Hồ Chí Minh,2025.0,15000.0
1813,https://xe.chotot.com/mua-ban-xe-may/132548787.htm,2026-05-23 07:45:02,xe_may_dien,Xe máy điện Datbike Quantum 2024 Đen,42500000,Le Van Thuan,"Datbike quantum 2024 S0 pin bảo hành 10 năm. Odo < 1,1 vạn. Dán keo quanh xe. Xe cao và ít dùng nên bán","Huyện Bàu Bàng, Bình Dương",Đã sử dụng,Xe máy điện,Unknown,2024,10521,42500000,Used,Bình Dương,2024.0,10521.0
1815,https://xe.chotot.com/mua-ban-xe-may/132548571.htm,2026-05-23 07:31:25,xe_may_dien,Xe điện Kaiser Vario và em vespa đỏ,4700000,Đức,Thanh lý 2 em xe điện như hình còn chạy tốt Em đỏ mới 13tr9 Bình mới thay Giá 4tr7 Với em xe veapa đỏ ngoại hình đẹp Giá 6tr8,"Quận Tân Phú, Tp Hồ Chí Minh",Đã sử dụng,Xe máy điện,Unknown,2023,8000,4700000,Used,Hồ Chí Minh,2023.0,8000.0
1816,https://xe.chotot.com/mua-ban-xe-may/132545445.htm,2026-05-22 20:38:47,xe_may_dien,Xe máy điện Yadea Voltguard 2023 Trắng,30000000,Tâm,"Chính chủ cần bán Hãng xe : Yadea Dòng xe : Voltguard ( V002 ) Sản xuất : 2023 , màu Trắng Odo : 14.000km Tình trạng : 95% Xe đã lên 1. Ecu chạy được 3 chế độ có thể chỉnh tốc độ theo ý muốn sở thích 2. Pin Lithium 72v80ah chạy >200km ( điều kiện tiêu chuẩn ) , 140-160km chế độ hỗn hợp ( bao test ) 3. Màn hình cảm ứng kết nối điện thoại ( Android Auto , Apple Carple ). Xe hoàn toàn bình thường có thể đem ra hãng check . Do lên đời nên cần nhượng lại cho anh chị có nhu cầu. Anh chị có nhu cầu xin vui lòng liên hệ . Xem xe trực tiếp tại nhà. Chốt nhanh cho anh chị mua bán nhanh . Xin cám ơn","Quận Tân Phú, Tp Hồ Chí Minh",Đã sử dụng,Xe máy điện,Unknown,2023,14000,30000000,Used,Hồ Chí Minh,2023.0,14000.0
1817,https://xe.chotot.com/mua-ban-xe-may/132544658.htm,2026-05-22 19:43:07,xe_may_dien,Xe máy điện JPMotor J203S Xám,11000000,bố già quá đi,"Xe máy điện JPMotor J203S màu xám, thiết kế hiện đại, phù hợp cho cả nam và nữ. - Động cơ mạnh mẽ, vận hành êm ái. - Tiết kiệm năng lượng, thân thiện môi trường. - Xe có nhiều tính năng tiện ích.","Thành phố Thuận An, Bình Dương",Đã sử dụng,Xe máy điện,Unknown,2026,20,11000000,Used,Bình Dương,2026.0,20.0
1818,https://xe.chotot.com/mua-ban-xe-may/132536973.htm,2026-05-22 13:28:44,xe_may_dien,Xe máy điện Victoria Trắng Mới,13800000,Phí Ngọc Quảng,"Xe máy điện Victoria màu trắng, thiết kế thanh lịch, phù hợp di chuyển trong phố. - Động cơ bền bỉ, vận hành êm ái. - Tiết kiệm năng lượng, thân thiện môi trường. - Xe còn mới, ít sử dụng.","Huyện Krông Pa, Gia Lai",Đã sử dụng,Xe máy điện,Unknown,2026,200,13800000,Used,Gia Lai,2026.0,200.0
1819,https://xe.chotot.com/mua-ban-xe-may/132399377.htm,2026-05-22 11:06:19,xe_may_dien,Xe máy điện VinFast Feliz II Mới 100%,22908000,Vinfast Công Nghệ Xanh,"🌿 VINFAST FELIZ II - XE MÁY ĐIỆN CÔNG NGHỆ XANH 🌿 Cần bán VinFast Feliz II - dòng xe máy điện thông minh, hiện đại, thân thiện với môi trường. ✅ Hãng xe: VinFast ✅ Dòng xe: Feliz II ✅ Đủ 3 màu lựa chọn: Trắng - Đỏ - Đen ✅ Tình trạng: Mới 100%, nguyên seal, đầy đủ giấy tờ 🔋 CÔNG NGHỆ XANH VINFAST: - Động cơ điện vận hành êm ái, không khí thải, bảo vệ môi trường - Pin Lithium-ion bền bỉ, sạc nhanh, quãng đường di chuyển xa - Tiết kiệm chi phí vận hành so với xe xăng truyền thống - Kết nối thông minh qua ứng dụng VinFast - Khóa thông minh chống trộm, chống nước IP67 🚀 ƯU ĐIỂM NỔI BẬT: - Thiết kế trẻ trung, năng động, phù hợp mọi lứa tuổi - Tốc độ tối đa: 60 km/h - Vận hành mượt mà trong phố - Bảo hành chính hãng VinFast Liên hệ ngay để được tư vấn và lái thử miễn phí! #VinFast #FelizII #XeMayDien #CongNgheXanh","Quận 5, Tp Hồ Chí Minh",Mới,Xe máy điện,Unknown,2026,,22908000,New,Hồ Chí Minh,2026.0,
1820,https://xe.chotot.com/mua-ban-xe-may/132533322.htm,2026-05-22 10:47:41,xe_may_dien,Xe máy điện Aigo Yadea Ossy Trắng,17500000,Việt Khang,Cần đổi xe cần ta đi yader ossy 9 chủ . Xem xe q7 Xe ít đi. Giữ gìn kỉ .,"Quận 7, Tp Hồ Chí Minh",Đã sử dụng,Xe máy điện,Unknown,2025,1000,17500000,Used,Hồ Chí Minh,2025.0,1000.0
1821,https://xe.chotot.com/mua-ban-xe-may/132533312.htm,2026-05-22 10:47:11,xe_may_dien,Xe máy điện Đa dạng màu,11500000,thanh cong,"Xe máy điện với nhiều màu sắc, phù hợp cho cả nam và nữ. - Thiết kế hiện đại, vận hành êm ái. - Tiết kiệm nhiên liệu, thân thiện môi trường. - Dễ dàng di chuyển trong phố.","Quận 12, Tp Hồ Chí Minh",Mới,Xe máy điện,Unknown,2026,0,11500000,New,Hồ Chí Minh,2026.0,0.0
1822,https://xe.chotot.com/mua-ban-xe-may/131118631.htm,2026-05-22 09:59:40,xe_may_dien,Xe điện Tailg GR55 - hỗ trợ góp tư nhân,1700000,Lê Huy,"Xe máy điện Tailg gr55màu trắng, xám, thiết kế trẻ trung, hiện đại. - GÁ TRÊN GÓP - BAO NƠI XẤU - Động cơ mạnh mẽ, vận hành êm ái. - Quãng đường di chuyển xa, tiện lợi cho việc đi lại hàng ngày. - Xe có nhiều tính năng an toàn.","Thành phố Biên Hòa, Đồng Nai",Mới,Xe máy điện,Unknown,2025,,1700000,New,Đồng Nai,2025.0,
1823,https://xe.chotot.com/mua-ban-xe-may/132530281.htm,2026-05-22 09:01:01,xe_may_dien,Xe máy điện EVO GRAND Xanh oliu- mới -góp tháng,6050000,Vy Điện Máy Trả Góp Tại Nhà,"Xe máy điện VinFast EVO GRAND màu xanh oliu, thiết kế hiện đại, phù hợp cả nam và nữ. - Vận hành ổn định, tiết kiệm điện. - Tăng tốc mượt, di chuyển linh hoạt trong thành phố. - Sạc tiện lợi, phù hợp nhu cầu hàng ngày. -góp linh hoạt tuần/ tháng - chỉ cần cccd - thủ tục nhanh- duyệt giao ngay","Quận Tân Phú, Tp Hồ Chí Minh",Mới,Xe máy điện,Unknown,2025,,6050000,New,Hồ Chí Minh,2025.0,
1824,https://xe.chotot.com/mua-ban-xe-may/132188438.htm,2026-05-21 21:37:55,xe_may_dien,Xe máy điện Vinfast Evogrand -Xe mới,19900000,Nguyễn Huy Hoàng,"Vinfast Evogrand - Ưu đãi giảm 13% Quãng đường di chuyển thực tế : 80km/lần sạc - 1 pin , anh/chị có nhu cầu đi xa , nhiều trong ngày mua thêm cục pin trong cốp , xe đi được 160/ lần sạc Anh/chị đang sinh sống ở chung cư hoặc thuê trọ không có chỗ sạc => có thể xách Pin lên nhà rồi sạc - Thiết kế hiện đại trẻ chung - Cốp rộng 34 lít ( để vừa 2 mũ bảo hiểm- máy tính ) Công nghê Pin LFP => Pin chống cháy nổ , giá thành thay thế rẻ : 5tr/ 1 quả Pin - Đặc biệt hơn hưởng chính sách bảo hành : xe 6 năm , Pin lên 8 năm Anh/chị có nhu cầu lh : ***","Quận Ba Đình, Hà Nội",Mới,Xe máy điện,Unknown,2026,,19900000,New,Hà Nội,2026.0,
1825,https://xe.chotot.com/mua-ban-xe-may/132521389.htm,2026-05-21 16:32:44,xe_may_dien,Xe máy điện Yadea X5 2021 Đỏ đen,12000000,Thach Nguyen Dinh,Xe Yadea X5 2021 không dùng đến cần bán lại,"Thành phố Bắc Ninh, Bắc Ninh",Đã sử dụng,Xe máy điện,Unknown,2021,14976,12000000,Used,Bắc Ninh,2021.0,14976.0
1826,https://xe.chotot.com/mua-ban-xe-may/132519299.htm,2026-05-21 15:12:10,xe_may_dien,VinFast Evo đổi pin,18500000,Văn Nghĩa Xe Máy Điện ,Evo đổi pin tại trụ như neww lướt vài trăm km Biển sài gòn chính chủ công chứng Zá 18tr5 ( đã luôn cọc pin thuê) Call *** Góp đứa trước 6tr nhận xe ….,"Quận Tân Phú, Tp Hồ Chí Minh",Đã sử dụng,Xe máy điện,Unknown,2026,500,18500000,Used,Hồ Chí Minh,2026.0,500.0
1827,https://xe.chotot.com/mua-ban-xe-may/132510147.htm,2026-05-21 09:04:53,xe_may_dien,Xe máy điện VinFast Evo Grand Lite/ Giá Tư Nhân,7800000,THIÊN Ý ĐIỆN MÁY TRẢ GÓP,"Xe máy điện VinFast Evo Grand Lite, thiết kế nhỏ gọn, phù hợp di chuyển trong phố. - Động cơ mạnh mẽ, vận hành êm ái. - Nhiều màu sắc lựa chọn. - Tiết kiệm chi phí nhiên liệu. - Giá trả trước - Hỗ trợ trả góp","Quận Bình Tân, Tp Hồ Chí Minh",Mới,Xe máy điện,Unknown,2026,,7800000,New,Hồ Chí Minh,2026.0,
1828,https://xe.chotot.com/mua-ban-xe-may/132509924.htm,2026-05-21 08:56:23,xe_may_dien,Xe máy điện VinFast EVO LITE GRAND Xanh nhạt,1500000,NHƯ ĐIỆN MÁY TRẢ GÓP LÊ TRIỀU,"Xe máy điện VinFast EVO LITE GRAND - Bán trả góp - Góp không qua ngân hàng - bao nợ xấu - chỉ cần cccd là duyệt thiết kế hiện đại, vận hành êm ái. - Động cơ mạnh mẽ, quãng đường di chuyển xa. - Tiết kiệm chi phí, thân thiện môi trường. - Phù hợp di chuyển trong đô thị.","Thành phố Thủ Đức, Tp Hồ Chí Minh",Mới,Xe máy điện,Unknown,2026,,1500000,New,Hồ Chí Minh,2026.0,
1829,https://xe.chotot.com/mua-ban-xe-may/132508297.htm,2026-05-21 07:07:11,xe_may_dien,Xe máy điện DK bike Vespa Bạc,7800000,trinh,"Xe máy điện Vespa DK bike màu bạc, thiết kế cổ điển, sang trọng. - 60km/1 lần sạc (6 tiếng) - vận tốc tối đa 50km/h - đi kèm 2 chìa smartkey, 1 khóa cơ, 1 bộ sạc - xe mới thay bình, full chức năng - cavet xe đầy đủ - Vận hành êm ái, thân thiện môi trường. - Phù hợp di chuyển trong phố.","Quận Tân Phú, Tp Hồ Chí Minh",Đã sử dụng,Xe máy điện,Unknown,2017,200,7800000,Used,Hồ Chí Minh,2017.0,200.0
1830,https://xe.chotot.com/mua-ban-xe-may/132350031.htm,2026-05-20 22:46:49,xe_may_dien,Xe máy điện Vespa đèn vuông Xám trà sữa,8500000,Xe điện Bình Phương,"VP263 ✅ Xe máy điện Veépa đèn vuông xám trà sữa siêu nét ắc quy 2026 8tr5 ➡️ Đủ giấy tờ đăng ký biển HN ➡️40-50km/ lần sạc ➡️Lắp ắc quy mới hỗ trợ giá 50% ➡️ Hình thức đẹp nét, xe chắc chắn, xe đã bảo dưỡng toàn bộ ➡️ full chức năng, đủ phụ kiện, bảo hành dài, ship toàn quốc ☎️ *** (zalo,fb,mess) có trả góp 📌 Cửa hàng xe điện Bình Phương, sn 15 ngõ 195/91 Trần Cung, Hà Nội","Quận Cầu Giấy, Hà Nội",Đã sử dụng,Xe máy điện,Unknown,2020,600,8500000,Used,Hà Nội,2020.0,600.0
1831,https://xe.chotot.com/mua-ban-xe-may/132506180.htm,2026-05-20 21:34:08,xe_may_dien,Xe máy điện VinFast Feliz II Đen pin mua,27500000,Shop THOA XE ĐIỆN,"Xe máy điện VinFast Feliz II màu đen, thiết kế hiện đại, vận hành êm ái. - Động cơ mạnh mẽ, quãng đường di chuyển xa. - Tiết kiệm chi phí, thân thiện môi trường. - Xe sẵn sàng sử dụng.","Quận Bình Tân, Tp Hồ Chí Minh",Đã sử dụng,Xe máy điện,Unknown,2026,0,27500000,Used,Hồ Chí Minh,2026.0,0.0
1832,https://xe.chotot.com/mua-ban-xe-may/132506178.htm,2026-05-20 21:33:55,xe_may_dien,Xe máy điện VinFast Impe Đen,9500000,Shop THOA XE ĐIỆN,"Xe máy điện VinFast Impe màu đen, thiết kế nhỏ gọn, phù hợp di chuyển trong phố. - ODO 1706.1 km. - Xe vận hành êm ái, tiết kiệm năng lượng. - Pin bền, quãng đường di chuyển tốt.","Quận Bình Tân, Tp Hồ Chí Minh",Đã sử dụng,Xe máy điện,Unknown,2020,0,9500000,Used,Hồ Chí Minh,2020.0,0.0
1833,https://xe.chotot.com/mua-ban-xe-may/132504247.htm,2026-05-20 19:23:34,xe_may_dien,Xe máy điện Sonia màu Xanh,14000000,Nguyễn Thu Hường ,"muốn đổi sang màu khác, mới mua đc 2 hôm ai có nhu cầu ib mình nhé có thể qua xem trực tiếp nhé","Quận Lê Chân, Hải Phòng",Đã sử dụng,Xe máy điện,Unknown,2026,10,14000000,Used,Hải Phòng,2026.0,10.0
1834,https://xe.chotot.com/mua-ban-xe-may/132503651.htm,2026-05-20 18:45:00,xe_may_dien,Honda Future fi 2024 Trắng đỏ ( hỗ trợ góp ),33000000,Cửa hàng xe Thiên Phước 2,"▫️Honda Future fi 2024 trắng đỏ. ▫️ Xe mới 97%, odo: 4600km, zin toàn bộ, ốc sáng đẹp, không lỗi. ▫️ Giá: 33tr ( góp trả trước 9tr ) 📌 Có hỗ trợ trả góp qua ngân hàng. 📌 Hỗ trợ thanh toán tất cả các loại thẻ. Địa chỉ: 169 Châu Văn Liêm, Thị trấn Mỹ Luông, Huyện Chợ Mới, Tỉnh An Giang. ⭐⭐XE MÁY THIÊN PHƯỚC 2⭐⭐","Huyện Chợ Mới, An Giang",Đã sử dụng,Xe máy điện,Unknown,2024,4600,33000000,Used,An Giang,2024.0,4600.0
1835,https://xe.chotot.com/mua-ban-xe-may/132500024.htm,2026-05-20 15:47:45,xe_may_dien,6 chiếc đít dich nha Vin,29990000,nguyenchuyenpin,"Bán 5 em Đít dịt và VIN : 1 . Vinfast Vero X 2026 , Odo 400km , màu Trắng Biển Biên Hoà Giá : 29tr990 ( Sang Tên Rút Gốc Có Phí Nha ) 2 . VentoS Xanh Ngọc 2022 . odo 12.000km Giá : 48tr 3 . VentoS Vàng 2022 , odo 25.000km Giá : 45tr 4 . VentoS Đen 2025 , odo 200km Giá : 68tr 5 . Vento Neo Vàng 2025, odo 2.500km Giá : 35tr 😚🥰🤪💁..........THU XĂNG ĐỔI ĐIỆN ĐỔI ĐỜI..........😍😄😄😄 - MÌNH CAM KẾT THU CAO HƠN NHỮNG CỬA HÀNG KHÁC 1 ĐẾN 2TR NHÉ . - CẦM XE MÁY _ XE ĐIỆN _ XE HƠI ĐIỆN GIÁ CAO ( CHÍNH CHỦ ) KỂ CẢ XE ĐANG CẦM NGÂN HÀNG . ĐỊNH GIÁ NGAY CÓ TIỀN SAU 19 PHÚT . - CHUYÊN LÀM PIN ĐỘ _ SỮA CHỮA_ TÂN TRANG PIN CHO TẤT CẢ CÁC LOẠI XE ĐIỆN . - CÓ HOA HỒNG 1TR / 1 XE CHO BẠN CTV GIỚI THIỆU SHOP MUA & BÁN ( LẤY TIỀN TƯƠI NHA ) . ........nguyenchuyenpin.com................ ✅ 𝐂Ó 𝐓𝐑Ả 𝐆Ó𝐏 – 𝐂À 𝐓𝐇Ẻ – 𝐆𝐈𝐀𝐎 𝐓Ậ𝐍 𝐍𝐇À ✅ 𝐍Ợ 𝐗Ấ𝐔 𝐁𝐀𝐎 ĐẬ𝐔 𝟏𝟎𝟎% ✅ 𝐂𝐀𝐌 𝐊Ế𝐓 𝐗𝐄 𝐓𝐇Ậ𝐓 – 𝐆𝐈Á 𝐓𝐇Ậ𝐓 – 𝐁Ả𝐎 𝐇À𝐍𝐇 𝐌𝐈𝐍𝐇 𝐁Ạ𝐂𝐇 😛ĐỊA CHỈ : 21 Nguyễn Súy . Phú Thọ Hoà ( Tân Phú Cũ ) . 😭🤪🥵😉 Time Mở Cửa : 6Am _ 24Pm ☎ *** ☎ 📢 QUÝ KHÁCH VUI LÒNG GỌI TRƯỚC KHI QUA . XIN CÁM ƠN QUÝ KHÁCH ĐÃ QUAN TÂM .","Quận Tân Phú, Tp Hồ Chí Minh",Đã sử dụng,Xe máy điện,Unknown,2025,3800,29990000,Used,Hồ Chí Minh,2025.0,3800.0
1836,https://xe.chotot.com/mua-ban-xe-may/132332783.htm,2026-05-20 14:05:45,xe_may_dien,Xe máy điện VinFast Klara S Trắng,13500000,Trương Thanh Hải,KlaraS biển tỉnh xe đẹp anh chị có thể mua thêm pin giá hợp lý bên em về lắp song song chạy,"Quận Hà Đông, Hà Nội",Đã sử dụng,Xe máy điện,Unknown,2021,120000,13500000,Used,Hà Nội,2021.0,120000.0
1837,https://xe.chotot.com/mua-ban-xe-may/132192391.htm,2026-05-20 12:44:19,xe_may_dien,Xe điện màu Cam Đỏ,3700000,THAYBÌNHĐIỆNTẠINHÀ,"Xe điện màu cam, đỏ, thiết kế trẻ trung, năng động. - Xe chạy êm, tiết kiệm điện. - Phù hợp đi lại trong thành phố.","Quận Gò Vấp, Tp Hồ Chí Minh",Đã sử dụng,Xe máy điện,Unknown,2026,30000,3700000,Used,Hồ Chí Minh,2026.0,30000.0
1838,https://xe.chotot.com/mua-ban-xe-may/132495305.htm,2026-05-20 12:28:50,xe_may_dien,Xe máy điện DK Bike V1 2025 Đen,1234567,nguyễn Minh Tú,"DK V1 2025 lướt 3000 còn bh 15 tháng🔥🔥 ✔️ tốc độ 50km/h có số lùi , 3 tốc độ ✔️ phụ kiện full thẻ từ , chìa cơ , sạc ✔️ 5 bình 1 lần sạc đi 50-60km 🎉 xem xe tại 304 lê duẩn tp bmt Zl : ***","Thành phố Buôn Ma Thuột, Đắk Lắk",Đã sử dụng,Xe máy điện,Unknown,2025,3000,1234567,Used,Đắk Lắk,2025.0,3000.0
1839,https://xe.chotot.com/mua-ban-xe-may/132138720.htm,2026-05-20 10:11:54,xe_may_dien,Xe máy điện Yadea Oris,26000000,HQK,"cần bán xe điện yadea oris bstp chính chủ. xe đã lên bin 72v 64ah chạy dc hơn 100km lần sạc. đèn hậu vespa, còn dán keo full xe kẹt tiền bán nhanh. 26tr fjx. tiền cục bin bằng xác xe rùi nha ae. đừng ép giá quá ạ. ae ko lấy bin e bán xác xe ko 15tr bao ký giấy","Quận Tân Bình, Tp Hồ Chí Minh",Đã sử dụng,Xe máy điện,Unknown,2025,5900,26000000,Used,Hồ Chí Minh,2025.0,5900.0
1840,https://xe.chotot.com/mua-ban-xe-may/132490280.htm,2026-05-20 09:22:37,xe_may_dien,Xe máy điện VinFast Evo Grand Lite _GÓP - MỚI 100%,4500000,Ngọc Bích Điện Máy Trả Góp ,"⚡ VINFAST EVO GRAND LITE TRẢ GÓP – HOT TREND 2026 🛵 Chạy êm • Tiết kiệm • Thiết kế cực đẹp 🔥 Chỉ cần CCCD là có xe – trả trước thấp, góp nhẹ mỗi tháng 💯 Phù hợp đi học, đi làm, chạy phố siêu tiện 😍 Inbox ngay kẻo hết màu đẹp!","Quận Bình Tân, Tp Hồ Chí Minh",Mới,Xe máy điện,Unknown,2026,,4500000,New,Hồ Chí Minh,2026.0,
1841,https://xe.chotot.com/mua-ban-xe-may/132490192.htm,2026-05-20 09:19:58,xe_may_dien,Xe máy điện Aima Milan Đen,5600000,Bùi Anh Dũng,💥💥💥 Chào bán Milan aima xe đã bảo dưỡng 🌼 Bình khoẻ phanh pháo mọi chức nănh ok 🌼 xe zin nguyên bản - Full chức nặng 🌼 phụ kiện đây đủ - sip toàn quốc 🌼 Thu mua xe cũ tận nhà giá cao 🌼 Thay bình ắc quy tại nhà chính hãng 📲 B lh sdt : *** ( có zalo ) 💁‍♀️ Địa chỉ : 351 Vạn Xuân - Lai Xá - Hoài Đức - Hà Nội,"Quận Nam Từ Liêm, Hà Nội",Đã sử dụng,Xe máy điện,Unknown,2023,2000,5600000,Used,Hà Nội,2023.0,2000.0
1842,https://xe.chotot.com/mua-ban-xe-may/132488435.htm,2026-05-20 07:54:53,xe_may_dien,Xe điện Milan II màu Trắng,4800000,Xe điện Bình Phương,"M50 ✅ Xe điện milanII nhập khẩu trắng cực nét ắc quy lướt 4tr8 ➡️ Hình thức đẹp, xe chạy êm, động cơ zin ➡️ Mọi chức năng hoạt động tốt, xe đã được bảo dưỡng toàn bộ, ☎️ *** (zalo,fb,mess) có trả góp 📌 Cửa hàng xe điện Bình Phương, sn 15 ngõ 195/91 Trần Cung, Hà Nội","Quận Cầu Giấy, Hà Nội",Đã sử dụng,Xe máy điện,Unknown,2020,690,4800000,Used,Hà Nội,2020.0,690.0
1843,https://xe.chotot.com/mua-ban-xe-may/132488281.htm,2026-05-20 07:40:56,xe_may_dien,Xe máy điện VinFast Evo Max Xám Mới,16000000,Quốc Toàn,Evo max mới 100% chỉ việc về là chạy không cần suy nghĩ gì,"Huyện Xuân Lộc, Đồng Nai",Mới,Xe máy điện,Unknown,2026,,16000000,New,Đồng Nai,2026.0,
1844,https://xe.chotot.com/mua-ban-xe-may/132485334.htm,2026-05-19 20:38:29,xe_may_dien,Xe máy điện VinFast Evo 200 2025 Trắng,20000000,Quốc Toàn,Xe nguyên zin date vỏ theo xe và xe sản xuất 2025 còn bảo hành dài,"Huyện Xuân Lộc, Đồng Nai",Đã sử dụng,Xe máy điện,Unknown,2025,0,20000000,Used,Đồng Nai,2025.0,0.0
1845,https://xe.chotot.com/mua-ban-xe-may/132455960.htm,2026-05-19 15:50:04,xe_may_dien,Xe máy điện VinFast Evo200 2024 Trắng,24900000,Kiệt Xe Điện 3sGo,"#Evo200 Trắng - Date 2024 - Pin Mua 3.5w Bst Chính Chủ Công Chứng - Odo 10 ngàn hơn - Dàn áo keng ko trầy 99% - Óc tán 7 màu keng 99% - Còn đủ phụ kiện theo xe ❤️Xe keng 99% so với xe new #Giá_24tr9 - Nậu Xớ 7tr Lây Xe Ko Xác Minh ☎️/𝗭𝗮𝗹𝗼 : *** - 𝙏𝙪̛ 𝙑𝙖̂́𝙣 𝟮𝟰/𝟳 🏠 𝟮𝟴𝟴 𝗧𝗿𝘂̛𝗼̛̀𝗻𝗴 𝗖𝗵𝗶𝗻𝗵 - 𝗤𝘂𝗮̣̂𝗻 𝟭𝟮 - 𝗛𝗖𝗠 ❤️Mợ Ấu đưa 5củ gốp ko lẽ sức 9 tháng ❤️Mợ Ấu đưa 50% Ko xác minh nhà ở ❤️Mợ Ấu đưa 80% ko phí hồ sơ lẽ sức ❤️Tặng 12 tháng xe hư đưa xe khác dùng ❤️Tặng đổi pin đi liền ko chờ sạc nhiều ở 8 đến 12 cơ sở ở Sài Gòn ( Ở Quận 4 -6 -8 -12 , Tân Bình, Bình Tân, Tân Phú, Thủ Đức, Phú Nhuận ) 𝗖𝗧𝗬 𝗣𝗜𝗡𝗞: 𝙓𝙀 Đ𝙄Ệ𝙉 𝙎Ẵ𝙉 𝘼𝙋𝙋 - 𝗡Ậ𝗨 𝗫Ớ Đ𝗨̛𝗔 𝟲𝗖Ủ ☎️/𝗛𝗼𝘁𝗹𝗶𝗻𝗲 : *** #𝗟𝗼𝗻𝗴𝗣𝗶𝗻𝗸 🏠𝟮𝟴𝟴 𝗧r𝘂̛𝗼̛̀𝗻𝗴 𝗖𝗵𝗶𝗻𝗵 - 𝗤𝘂𝗮̣̂𝗻 𝟭𝟮 - 𝗛𝗖𝗠","Quận 12, Tp Hồ Chí Minh",Đã sử dụng,Xe máy điện,Unknown,2024,10000,24900000,Used,Hồ Chí Minh,2024.0,10000.0
1846,https://xe.chotot.com/mua-ban-xe-may/132456135.htm,2026-05-19 15:30:01,xe_may_dien,Xe máy điện VinFast Evo200 Xanh 2024,25900000,Kiệt Xe Điện 3sGo,"Evo200 Xanh - DK 2024 BSTP chính chủ bao công chứng - Đã mua pin 3.5kw - Dàn áo keng 99% - Óc tán 7 màu keng 99% - Còn đủ phụ kiện theo xe ❤️Xe keng 99% so với xe new #Giá_25tr9 - Giao lưu xe, Tài sản giá trị ☎️/𝗭𝗮𝗹𝗼 : *** - 𝙏𝙪̛ 𝙑𝙖̂́𝙣 𝟮𝟰/𝟳 🏠 𝟮𝟴𝟴 𝗧𝗿𝘂̛𝗼̛̀𝗻𝗴 𝗖𝗵𝗶𝗻𝗵 - 𝗤𝘂𝗮̣̂𝗻 𝟭𝟮 - 𝗛𝗖𝗠 ❤️Mợ Ấu đưa 5củ gốp ko lẽ sức 9 tháng ❤️Mợ Ấu đưa 50% Ko xác minh nhà ở ❤️Mợ Ấu đưa 80% ko phí hồ sơ lẽ sức ❤️Tặng 12 tháng xe hư đưa xe khác dùng ❤️Tặng đổi pin đi liền ko chờ sạc nhiều ở 8 đến 12 cơ sở ở Sài Gòn ( Ở Quận 4 -6 -8 -12 , Tân Bình, Bình Tân, Tân Phú, Thủ Đức, Phú Nhuận ) 𝗖𝗧𝗬 𝗣𝗜𝗡𝗞: 𝙓𝙀 Đ𝙄Ệ𝙉 𝙎Ẵ𝙉 𝘼𝙋𝙋 - 𝗡Ậ𝗨 𝗫Ớ Đ𝗨̛𝗔 𝟲𝗖Ủ ☎️/𝗛𝗼𝘁𝗹𝗶𝗻𝗲 : *** #𝗟𝗼𝗻𝗴𝗣𝗶𝗻𝗸 🏠𝟮𝟴𝟴 𝗧r𝘂̛𝗼̛̀𝗻𝗴 𝗖𝗵𝗶𝗻𝗵 - 𝗤𝘂𝗮̣̂𝗻 𝟭𝟮 - 𝗛𝗖𝗠","Quận 12, Tp Hồ Chí Minh",Đã sử dụng,Xe máy điện,Unknown,2024,0,25900000,Used,Hồ Chí Minh,2024.0,0.0
1847,https://xe.chotot.com/mua-ban-xe-may/132479160.htm,2026-05-19 14:54:42,xe_may_dien,6 Chiếc Quantum Chính Chủ Giá Iu nha,48000000,nguyenchuyenpin,"😤😛😌6 Chiếc Quantum Ra đi Cứu Chủ Giá Iu ... 1 . Quatum S1 , Bs Sài Gòn , Odo 6.500km , Chính Chủ Công Chứng Giá Iu . - Chiếc Đen Lên Phuộc Yss 4tr giá. 48tr . 2 . Quantum S1 ,Xám , Odo 6.500km , Bs Sài Gòn Giá : 46tr 3 . Quantum S1 Xám , Odo 15.000km , Bs Vũng Tàu . Giá : 44tr 4 . Quantum S0 , Màu Trắng , Bs Sài Gòn , Odo 17.000km Giá : 37tr 5 . Quantum S2 , Màu Đen , Bs Đồng Tháp , Odo 12.000km Giá : 38tr 6 . Quantum s2 , Màu Đen , Bs An Giang , Odo 19.000km Giá : 37tr 😚🥰🤪💁..........THU XĂNG ĐỔI ĐIỆN ĐỔI ĐỜI..........😍😄😄😄 - MÌNH CAM KẾT THU CAO HƠN NHỮNG CỬA HÀNG KHÁC 1 ĐẾN 2TR NHÉ . - CẦM XE MÁY _ XE ĐIỆN _ XE HƠI ĐIỆN GIÁ CAO ( CHÍNH CHỦ ) KỂ CẢ XE ĐANG CẦM NGÂN HÀNG . ĐỊNH GIÁ NGAY CÓ TIỀN SAU 19 PHÚT . - CHUYÊN LÀM PIN ĐỘ _ SỮA CHỮA_ TÂN TRANG PIN CHO TẤT CẢ CÁC LOẠI XE ĐIỆN . - CÓ HOA HỒNG 1TR / 1 XE CHO BẠN CTV GIỚI THIỆU SHOP MUA & BÁN ( LẤY TIỀN TƯƠI NHA ) . ........nguyenchuyenpin.com................ ✅ 𝐂Ó 𝐓𝐑Ả 𝐆Ó𝐏 – 𝐂À 𝐓𝐇Ẻ – 𝐆𝐈𝐀𝐎 𝐓Ậ𝐍 𝐍𝐇À ✅ 𝐍Ợ 𝐗Ấ𝐔 𝐁𝐀𝐎 ĐẬ𝐔 𝟏𝟎𝟎% ✅ 𝐂𝐀𝐌 𝐊Ế𝐓 𝐗𝐄 𝐓𝐇Ậ𝐓 – 𝐆𝐈Á 𝐓𝐇Ậ𝐓 – 𝐁Ả𝐎 𝐇À𝐍𝐇 𝐌𝐈𝐍𝐇 𝐁Ạ𝐂𝐇 😛ĐỊA CHỈ : 21 Nguyễn Súy . Phú Thọ Hoà ( Tân Phú Cũ ) . 😭🤪🥵😉 Time Mở Cửa : 6Am _ 24Pm ☎ *** ☎ 📢 QUÝ KHÁCH VUI LÒNG GỌI TRƯỚC KHI QUA . XIN CÁM ƠN QUÝ KHÁCH ĐÃ QUAN TÂM .","Quận Tân Phú, Tp Hồ Chí Minh",Đã sử dụng,Xe máy điện,Unknown,2026,6500,48000000,Used,Hồ Chí Minh,2026.0,6500.0
1848,https://xe.chotot.com/mua-ban-xe-may/132456071.htm,2026-05-19 13:02:02,xe_may_dien,Xe máy điện Datbike S1 2025 Đen,51900000,Kiệt Xe Điện 3sGo,"Datbike S1-Đk 8/2025 BSTP Chính chủ bao công chứng - Odo lướt 6k -Pin mua đi 1 lần sạc 285km -Dàn áo keng 99% - Ốc tán keng 99% - Còn đủ phụ kiện theo xe ❤️Xe keng 99% so với xe new #Giá_51tr9 - Giao lưu xe, Tài sản giá trị ☎️/𝗭𝗮𝗹𝗼 : *** - 𝙏𝙪̛ 𝙑𝙖̂́𝙣 𝟮𝟰/𝟳 🏠 𝟮𝟴𝟴 𝗧𝗿𝘂̛𝗼̛̀𝗻𝗴 𝗖𝗵𝗶𝗻𝗵 - 𝗤𝘂𝗮̣̂𝗻 𝟭𝟮 - 𝗛𝗖𝗠 ❤️Mợ Ấu đưa 5củ gốp ko lẽ sức 9 tháng ❤️Mợ Ấu đưa 50% Ko xác minh nhà ở ❤️Mợ Ấu đưa 80% ko phí hồ sơ lẽ sức ❤️Tặng 12 tháng xe hư đưa xe khác dùng ❤️Tặng đổi pin đi liền ko chờ sạc nhiều ở 8 đến 12 cơ sở ở Sài Gòn ( Ở Quận 4 -6 -8 -12 , Tân Bình, Bình Tân, Tân Phú, Thủ Đức, Phú Nhuận ) 𝗖𝗧𝗬 𝗣𝗜𝗡𝗞: 𝙓𝙀 Đ𝙄Ệ𝙉 𝙎Ẵ𝙉 𝘼𝙋𝙋 - 𝗡Ậ𝗨 𝗫Ớ Đ𝗨̛𝗔 𝟲𝗖Ủ ☎️/𝗛𝗼𝘁𝗹𝗶𝗻𝗲 : *** #𝗟𝗼𝗻𝗴𝗣𝗶𝗻𝗸 🏠𝟮𝟴𝟴 𝗧r𝘂̛𝗼̛̀𝗻𝗴 𝗖𝗵𝗶𝗻𝗵 - 𝗤𝘂𝗮̣̂𝗻 𝟭𝟮 - 𝗛𝗖𝗠","Quận 12, Tp Hồ Chí Minh",Đã sử dụng,Xe máy điện,Unknown,2025,6000,51900000,Used,Hồ Chí Minh,2025.0,6000.0
1849,https://xe.chotot.com/mua-ban-xe-may/132456030.htm,2026-05-19 12:28:03,xe_may_dien,Xe máy điện Datbike S1 Đen,51900000,Kiệt Xe Điện 3sGo,"DatbikeS1 Đen - Pin Mua Đi 1 Lần 285km Bstp Chính Chủ Công Chứng - Odo 10 ngàn - Dàn áo keng ko trầy 99% - Óc tán 7 màu keng 99% - Còn đủ phụ kiện theo xe ❤️Xe keng 99% so với xe new #Giá_51tr9 - Giao lưu xe, Tài sản giá trị ( Đưa 16tr Lấy Xe ) ☎️/𝗭𝗮𝗹𝗼 : *** - 𝙏𝙪̛ 𝙑𝙖̂́𝙣 𝟮𝟰/𝟳 🏠 𝟮𝟴𝟴 𝗧𝗿𝘂̛𝗼̛̀𝗻𝗴 𝗖𝗵𝗶𝗻𝗵 - 𝗤𝘂𝗮̣̂𝗻 𝟭𝟮 - 𝗛𝗖𝗠 ❤️Mợ Ấu đưa 5củ gốp ko lẽ sức 9 tháng ❤️Mợ Ấu đưa 50% Ko xác minh nhà ở ❤️Mợ Ấu đưa 80% ko phí hồ sơ lẽ sức ❤️Tặng 12 tháng xe hư đưa xe khác dùng ❤️Tặng đổi pin đi liền ko chờ sạc nhiều ở 8 đến 12 cơ sở ở Sài Gòn ( Ở Quận 4 -6 -8 -12 , Tân Bình, Bình Tân, Tân Phú, Thủ Đức, Phú Nhuận ) 𝗖𝗧𝗬 𝗣𝗜𝗡𝗞: 𝙓𝙀 Đ𝙄Ệ𝙉 𝙎Ẵ𝙉 𝘼𝙋𝙋 - 𝗡Ậ𝗨 𝗫Ớ Đ𝗨̛𝗔 𝟲𝗖Ủ ☎️/𝗛𝗼𝘁𝗹𝗶𝗻𝗲 : *** #𝗟𝗼𝗻𝗴𝗣𝗶𝗻𝗸 🏠𝟮𝟴𝟴 𝗧r𝘂̛𝗼̛̀𝗻𝗴 𝗖𝗵𝗶𝗻𝗵 - 𝗤𝘂𝗮̣̂𝗻 𝟭𝟮 - 𝗛𝗖𝗠","Quận 12, Tp Hồ Chí Minh",Đã sử dụng,Xe máy điện,Unknown,2026,10000,51900000,Used,Hồ Chí Minh,2026.0,10000.0
1850,https://xe.chotot.com/mua-ban-xe-may/132469472.htm,2026-05-19 08:21:40,xe_may_dien,VinFast Feliz 2025 - Sản xuất 2026,27900000,Nguyễn Duy Long,"🔥 XE MÁY ĐIỆN VINFAST FELIZ 2025 MỚI HOÀN TOÀN - SẢN XUẤT 2026 ⚡ THÔNG SỐ KỸ THUẬT • Động cơ Inhub BLDC - Công suất tối đa 2.800W • Tốc độ tối đa: 70 km/h • Pin LFP cao cấp - Chạy tới 262 km/lần sạc • Sạc đầy: ~6h30 phút • Chống nước chuẩn IP67 • 2 chế độ lái: Eco & Sport 🎁 TIỆN ÍCH NỔI BẬT • Đèn LED Projector chiếu sáng mạnh • Cốp siêu rộng 34 lít • Đồng hồ điện tử hiển thị pin, tốc độ, nhiệt độ • Phanh tái sinh thu hồi năng lượng • Tuỳ chọn 2 pin tiện lợi","Quận Gò Vấp, Tp Hồ Chí Minh",Mới,Xe máy điện,Unknown,2026,,27900000,New,Hồ Chí Minh,2026.0,
1851,https://xe.chotot.com/mua-ban-xe-may/132469465.htm,2026-05-19 08:21:22,xe_may_dien,Xe máy điện VinFast Feliz S 2023 Bạc,24500000,mr stone,Feliz S 2023 pin 3.5kw mua đứt. Feliz s đk 6/2023 còn bh 2 năm yên tâm sử dụng Pin 3.5kw cho quãng đường hơn 120km. Đã mua pin Vỏ dày cui. Động cơ êm ru và mạnh mẽ. Odo mới hơn 25k km. Pin sạc hơn 200 lần. Sẵn sạc 1000w Thích hợp chạy xanh. Dịch vụ. Chất xe đẹp keng liền lạc. K chút lỗi nhỏ Xe giao cavet. + cam kết bao tranh chấp. Hoặc mua bán đổi bs thì thêm tiền,"Thành phố Biên Hòa, Đồng Nai",Đã sử dụng,Xe máy điện,Unknown,2023,25000,24500000,Used,Đồng Nai,2023.0,25000.0
1852,https://xe.chotot.com/mua-ban-xe-may/132468474.htm,2026-05-19 07:15:45,xe_may_dien,"Xe điện Xmen Đen, Đỏ",4500000,Huy Xe Điện,"em sẵn ít xe điện xmen, xe có giấy tờ , đã bảo dưỡng chạy êm tại vinh ạ ai có nhu cầu nhắn zl e ***.","Thành phố Vinh, Nghệ An",Đã sử dụng,Xe máy điện,Unknown,2016,1000,4500000,Used,Nghệ An,2016.0,1000.0
1853,https://xe.chotot.com/mua-ban-xe-may/132465126.htm,2026-05-18 20:05:15,xe_may_dien,Xe máy điện VinFast Evo200 Đỏ,23000000,Kim Hùng,cần bán xe evo200 xe như hình a e nào cần alo mình nhé giá 23trieu còn bót chúc ace thiên chí aloxem xe nhe,"Quận 8, Tp Hồ Chí Minh",Đã sử dụng,Xe máy điện,Unknown,2025,45000,23000000,Used,Hồ Chí Minh,2025.0,45000.0
1854,https://xe.chotot.com/mua-ban-xe-may/132465044.htm,2026-05-18 19:59:42,xe_may_dien,Vinfast Evo Lite Neo siêu lướt,12000000,Tran Thanh Phong,"Khách bỏ cọc nên đăng lại. Cần bán xe Vinfast Evo Lite Neo sx2025 lướt 30xx km, chính chủ tui đứng tên sang tên nhanh lẹ. Tình trạng xe mới 99%. Đi mới 3.000km. Chỉ trầy nhẹ phần mủ dưới sàn khó thấy. Còn lại mới cáu không trầy xướt đâm đụng. Xe trang bị 5 bình xịn 1 lần sạc đi được 55-60km. Ai nhẹ cân chạy đều ga có thể đi xa hơn nữa. Giống xe 50cc nên chỉ cần >16 tuổi là chạy được không cần bằng lái, cốp rộng 17L thích hơp chị em đi chợ hoặc mấy bé C3 đi học nhìn đẹp sang. Phụ kiện đầy đủ như dắt hãng không thiếu gì. Giá cứng 12 triệu KHÔNG FIX. Ai cần rút HS gốc sẵn về bấm biển mới thì phụ thêm 500k tui đi rút. Thanks!","Thành phố Vĩnh Long, Vĩnh Long",Đã sử dụng,Xe máy điện,Unknown,2025,3000,12000000,Used,Vĩnh Long,2025.0,3000.0
1855,https://xe.chotot.com/mua-ban-xe-may/132464960.htm,2026-05-18 19:55:32,xe_may_dien,Xe máy điện BeforeAll SH Xám,19500000,Phạm Quỳnh,xe điện BeforeAll dáng như SH chạy rất sướng. xe tại Thủy Nguyên Hải Phòng,"Huyện Thuỷ Nguyên, Hải Phòng",Đã sử dụng,Xe máy điện,Unknown,2024,15000,19500000,Used,Hải Phòng,2024.0,15000.0
1856,https://xe.chotot.com/mua-ban-xe-may/132458620.htm,2026-05-18 14:32:03,xe_may_dien,Xe máy điện VinFast Feliz 2025 Trắng,25000000,Nguyễn Nhật Hoàng,Bán xe feliz 2025 date 2026 Odo 50km 1 pin theo xe Chính chủ kí phát một Đầy đủ phụ kiện Đki tháng 2-2026 Biển 29,"Quận 7, Tp Hồ Chí Minh",Mới,Xe máy điện,Unknown,2025,,25000000,New,Hồ Chí Minh,2025.0,
1857,https://xe.chotot.com/mua-ban-xe-may/132458150.htm,2026-05-18 14:12:47,xe_may_dien,Xe máy điện màu Đen Đã qua sử dụng,6500000,Nguyễn Huy,"Cần bán xe máy điện đã qua sử dụng, ai cần liên hệ số điện thoại để xem xe.","Thành phố Huế, Thừa Thiên Huế",Đã sử dụng,Xe máy điện,Unknown,2023,39000,6500000,Used,Huế,2023.0,39000.0
1858,https://xe.chotot.com/mua-ban-xe-may/132457173.htm,2026-05-18 13:32:19,xe_may_dien,"Xe máy điện Lihaze z5 Đen, Vàng",11000000,Hoàng An,mình cần bán xe điện còn rất mới chỉ trầy nhẹ vài chỗ có cốp nhỏ đựng vừa áo mưa giá có thể thương lượng,"Quận 5, Tp Hồ Chí Minh",Đã sử dụng,Xe máy điện,Unknown,2025,30000,11000000,Used,Hồ Chí Minh,2025.0,30000.0
1859,https://xe.chotot.com/mua-ban-xe-may/130642630.htm,2026-05-18 10:20:24,xe_may_dien,Xe điện Giant m133 plus ( Có Trả Góp ),3900000,Thiên Hương,"Bán xe điện Giant m 133 plus của hãng xe đã bảo dưỡng kĩ , đi êm mọi chức năng hoạt động tốt ib zalo để biết thêm chi tiết Xem xe tại số 658 Đường Láng - Láng Hạ - Đống Đa - hà Nội","Quận Đống Đa, Hà Nội",Đã sử dụng,Xe máy điện,Unknown,2020,1,3900000,Used,Hà Nội,2020.0,1.0
1860,https://xe.chotot.com/mua-ban-xe-may/132331257.htm,2026-05-18 10:06:58,xe_may_dien,Xe máy điện Dat Bike Quantum Trắng đen,40000000,Hùng ,"BÁN XE ĐIỆN DAT BIKE QUANTUM – XE ĐẸP NHƯ MỚI 🔥 • Dat Bike Quantum màu trắng đen cực đẹp • ODO chỉ 797km – sử dụng rất ít • Xe đi đầm, mạnh, tăng tốc rất bốc • Pin còn rất tốt, sạc đầy đi xa ổn định • Màn hình điện tử hiện đại, thắng đĩa trước • Xe nguyên zin, không đâm đụng, không ngập nước Phù hợp đi làm, đi phố, cực tiết kiệm chi phí ⚡ 💰 Giá bán: 40.000.000đ 📍 Xem xe tại TP.HCM 📞 Liên hệ anh Hùng: ***","Quận 6, Tp Hồ Chí Minh",Đã sử dụng,Xe máy điện,Unknown,2023,797,40000000,Used,Hồ Chí Minh,2023.0,797.0
1861,https://xe.chotot.com/mua-ban-xe-may/132450795.htm,2026-05-18 09:21:07,xe_may_dien,Xe máy điện Nio S Xanh lá,14900000,Hồ Anh Dũng,"Xe mới 100% giảm luôn 2 triệu, mẫu xe máy điện Nio S, xe chất lượng đi 80km, vận tốc 50km/h Hàng chính hãng giấy tờ hoá đơn đầy đủ","Quận Cầu Giấy, Hà Nội",Mới,Xe máy điện,Unknown,2026,,14900000,New,Hà Nội,2026.0,
1862,https://xe.chotot.com/mua-ban-xe-may/132295774.htm,2026-05-18 09:20:20,xe_may_dien,Xe máy điện Hugo S3 Đen Mới 100% ( Có Trả Góp ),12500000,Thiên Hương,"Xe máy điện Hugo S3 màu đen, mới 100%. - Xe đi êm, bền bỉ. - Trang bị thẻ từ NFC tiện lợi. - Có hỗ trợ trả góp. - Xem xe tại số 658 Đường Láng, Hà Nội.","Quận Đống Đa, Hà Nội",Mới,Xe máy điện,Unknown,2026,,12500000,New,Hà Nội,2026.0,
1863,https://xe.chotot.com/mua-ban-xe-may/132295498.htm,2026-05-18 09:00:22,xe_may_dien,Xe máy điện Vespa màu Xám ( Có Trả Góp ),7200000,Thiên Hương,"Xe máy điện Vespa màu xám, thiết kế sang trọng, vận hành êm ái. - Phù hợp cho cả nam và nữ. - Xe đầy đủ biển đăng kí Có hỗ trợ trả góp Mọi chức năng hoạt động tốt Ib Zalo để biết thêm chi tiết Xem xe tại số 658 Đường Láng - Hà Nội ship cod toàn quốc ( có cọc)","Quận Đống Đa, Hà Nội",Đã sử dụng,Xe máy điện,Unknown,2016,2,7200000,Used,Hà Nội,2016.0,2.0
1864,https://xe.chotot.com/mua-ban-xe-may/132449798.htm,2026-05-18 08:30:38,xe_may_dien,Xe máy điện Dibao Vespa PansyS Xanh ( Có Trả Góp ),9000000,Thiên Hương,Bán xe điện Vespa PansyS Dibao Dòng xe đi bền êm Xe đầy đủ biển đăng kí Có hỗ trợ trả góp Ib zalo để biết thêm chi tiết Xem xe tại sô 658 Đường Láng - Hà Nội,"Quận Đống Đa, Hà Nội",Đã sử dụng,Xe máy điện,Unknown,2020,2,9000000,Used,Hà Nội,2020.0,2.0
1865,https://xe.chotot.com/mua-ban-xe-may/132448492.htm,2026-05-18 07:00:46,xe_may_dien,xe máy điện,12000000,Be Bi,Cần bán xe máy điện xanh lục bảo Giấy tờ chính chủ,"Huyện Nhà Bè, Tp Hồ Chí Minh",Đã sử dụng,Xe máy điện,Unknown,2024,2000,12000000,Used,Hồ Chí Minh,2024.0,2000.0
1866,https://xe.chotot.com/mua-ban-xe-may/131284281.htm,2026-05-18 00:48:51,xe_may_dien,Bán xe máy điện yamaha,20000000,La Lâm,Bán xe máy điện yamaha Bán xe máy điện yamaha Bán xe máy điện yamaha,"Huyện Hoàng Su Phì, Hà Giang",Đã sử dụng,Xe máy điện,Unknown,2025,7898,20000000,Used,Hà Giang,2025.0,7898.0
1867,https://xe.chotot.com/mua-ban-xe-may/132447569.htm,2026-05-17 23:11:13,xe_may_dien,Sang nhượng chiếc Solex 3800 cho ai cùng đam mê,38000000,Hoàng Lê Minh,"Cần nhượng lại chiếc Solex 3800 của gia đình để lại cho anh em cùng đam mê. - Thương hiệu xe cổ Solex đời 3800 (dòng năm 1966 của Pháp) - Sơn đen bóng cổ điển, có nhiều vết cũ của thời gian. Nhìm còn đẹp - Xe còn chạy tốt, nhà e dùng cũng khá giữ gìn - Phù hợp trưng bày quán cafe decor, studio chụp ảnh, hoặc đi dạo phố cuối tuần. Là món đồ trang trí đẳng cấp và có giá trị thanh khoản tốt. Giá muốn bán: 45tr VNĐ Xem xe là giao dịch trực tiếp tại HN","Quận Đống Đa, Hà Nội",Đã sử dụng,Xe máy điện,Unknown,1980,5000,38000000,Used,Hà Nội,1980.0,5000.0
1868,https://xe.chotot.com/mua-ban-xe-may/132441017.htm,2026-05-17 15:18:53,xe_may_dien,"Xe máy điện JVCeco XMEN F1 Đen, Xanh",8500000,hiệp,xmen F1 JVC lướt đẹp keng lắp bình mới xạc mới bh 1 năm,"Huyện Thái Thụy, Thái Bình",Đã sử dụng,Xe máy điện,Unknown,2024,10000,8500000,Used,Thái Bình,2024.0,10000.0
1869,https://xe.chotot.com/mua-ban-xe-may/132440201.htm,2026-05-17 14:39:56,xe_may_dien,Xe máy điện Weaver 200 đen cam,19000000,Can,"Mình cần thanh lý xe weaver 200 tại Đà nẵng, Xe mua có gói bảo hành pin 10 năm. Động cơ và pin ổn định. Đi 3 4 ngày mới sạc 1 lần.","Quận Hải Châu, Đà Nẵng",Đã sử dụng,Xe máy điện,Unknown,2023,20000,19000000,Used,Đà Nẵng,2023.0,20000.0
1870,https://xe.chotot.com/mua-ban-xe-may/132439860.htm,2026-05-17 14:22:38,xe_may_dien,Xe máy điện Vespa 946 Xám Mới,12000000,Nam,"xe điện vespa 946 xe mới 5 bình,coi xe tân châu tây ninh","Huyện Tân Châu, Tây Ninh",Mới,Xe máy điện,Unknown,2026,,12000000,New,Tây Ninh,2026.0,
1871,https://xe.chotot.com/mua-ban-xe-may/132439859.htm,2026-05-17 14:22:33,xe_may_dien,Xe máy điện VEROX Xám,32000000,Văn Nghĩa Xe Máy Điện ,"GÓP ĐƯA TRƯỚC 30% NHẬN XE VEROX xe lướt đún 600km như neww 1pin vè sạc theo xe,1 lần sạc đi 80km Biển sài gòn chính chủ công chứng Zá 32tr Call ***","Quận Tân Phú, Tp Hồ Chí Minh",Đã sử dụng,Xe máy điện,Unknown,2026,600,32000000,Used,Hồ Chí Minh,2026.0,600.0
1872,https://xe.chotot.com/mua-ban-xe-may/132438278.htm,2026-05-17 13:03:30,xe_may_dien,Xe máy điện Yadea Ocean Trắng Đã sử dụng,12000000,Tuấn Tủm,Dư dùng nhà bán xe điện Yadea Ocean trầy nhẹ vài chỗ còn bảo hành,"Huyện Hóc Môn, Tp Hồ Chí Minh",Đã sử dụng,Xe máy điện,Unknown,2024,9000,12000000,Used,Hồ Chí Minh,2024.0,9000.0
1873,https://xe.chotot.com/mua-ban-xe-may/132436744.htm,2026-05-17 11:51:58,xe_may_dien,Xe điện Xmen màu Đen,10000000,Duong huy,"Xe điện Xmen màu đen, thiết kế thể thao, phù hợp cả nam và nữ. - Động cơ mạnh mẽ, vận hành êm ái. - Quãng đường di chuyển tốt. - Xe bền bỉ, ít hỏng vặt.","Huyện Hương Khê, Hà Tĩnh",Đã sử dụng,Xe máy điện,Unknown,2023,9000,10000000,Used,Hà Tĩnh,2023.0,9000.0
1874,https://xe.chotot.com/mua-ban-xe-may/132431582.htm,2026-05-17 07:34:48,xe_may_dien,"2 Quantum S1 Đen + Xám , Bssg Chính Chủ Giá iu...",48000000,nguyenchuyenpin,"2 Chiếc Quatum S1 , Bs Sài Gòn , Odo 6.500km , Chính Chủ Công Chứng Giá Iu . - Chiếc Đen Lên Phuộc Yss 4tr giá. 48tr . - Chiếc Xám Zin giá . 46tr. 😚🥰🤪💁..........THU XĂNG ĐỔI ĐIỆN ĐỔI ĐỜI..........😍😄😄😄 - MÌNH CAM KẾT THU CAO HƠN NHỮNG CỬA HÀNG KHÁC 1 ĐẾN 2TR NHÉ . - CẦM XE MÁY _ XE ĐIỆN _ XE HƠI ĐIỆN GIÁ CAO ( CHÍNH CHỦ ) KỂ CẢ XE ĐANG CẦM NGÂN HÀNG . ĐỊNH GIÁ NGAY CÓ TIỀN SAU 19 PHÚT . - CHUYÊN LÀM PIN ĐỘ _ SỮA CHỮA_ TÂN TRANG PIN CHO TẤT CẢ CÁC LOẠI XE ĐIỆN . - CÓ HOA HỒNG 1TR / 1 XE CHO BẠN CTV GIỚI THIỆU SHOP MUA & BÁN ( LẤY TIỀN TƯƠI NHA ) . ........nguyenchuyenpin.com................ ✅ 𝐂Ó 𝐓𝐑Ả 𝐆Ó𝐏 – 𝐂À 𝐓𝐇Ẻ – 𝐆𝐈𝐀𝐎 𝐓Ậ𝐍 𝐍𝐇À ✅ 𝐍Ợ 𝐗Ấ𝐔 𝐁𝐀𝐎 ĐẬ𝐔 𝟏𝟎𝟎% ✅ 𝐂𝐀𝐌 𝐊Ế𝐓 𝐗𝐄 𝐓𝐇Ậ𝐓 – 𝐆𝐈Á 𝐓𝐇Ậ𝐓 – 𝐁Ả𝐎 𝐇À𝐍𝐇 𝐌𝐈𝐍𝐇 𝐁Ạ𝐂𝐇 😛ĐỊA CHỈ : 21 Nguyễn Súy . Phú Thọ Hoà ( Tân Phú Cũ ) . 😭🤪🥵😉 Time Mở Cửa : 6Am _ 24Pm ☎ *** ☎ 📢 QUÝ KHÁCH VUI LÒNG GỌI TRƯỚC KHI QUA . XIN CÁM ƠN QUÝ KHÁCH ĐÃ QUAN TÂM .","Quận Tân Phú, Tp Hồ Chí Minh",Đã sử dụng,Xe máy điện,Unknown,2026,6500,48000000,Used,Hồ Chí Minh,2026.0,6500.0
1875,https://xe.chotot.com/mua-ban-xe-may/132367243.htm,2026-05-17 07:12:09,xe_may_dien,Xe điện Vespa màu Đỏ bh 6 tháng,5700000,Luuducthang,"Cửa hàng Đức Thắng xe đạp , xe điện 163 phố Nguyễn Lương Bằng Đống Đa Hà Nội đang bán em xe điện VECPA nhập khẩu chính hãng màu ĐỎ * Xe cực đẹp , bình ngon , IC zin , đã bảo dưỡng. * Chạy 5 bình 20 A ngon , nên đi tầm 50 cây nếu sạc đầy . *Liên hệ qua ZALO : *** , hoặc đt theo số trên mình tư vấn thêm cho . * SHIP COD MỌI MIỀN TỔ QUỐC * Cửa hàng phục vụ 24/24 , nếu đóng cửa liên hệ theo số trên , mình sẽ phục vụ nhiệt tình . * Chuyên mua , bán , sửa các loại xe đạp , xe điện có bảo hành","Quận Đống Đa, Hà Nội",Đã sử dụng,Xe máy điện,Unknown,2021,5000,5700000,Used,Hà Nội,2021.0,5000.0
1877,https://xe.chotot.com/mua-ban-xe-may/132142695.htm,2026-05-16 23:29:04,xe_may_dien,🩷Pink An Sương🩷FelizS 2025 Bán Xe Máy Điện,29900000,Pink Ev Premium An Sương ,"Fb - Tiktok : Nguyen Minh Long Pink Dragon ==================📌📌📌================== FelizS 2025 BST Chính Chủ Bao Ký - Pin mua 3.5kw ( 1 lần sạc đi được 100-120km ) - Dàn áo sơn nguyên xe - Ốc tán 7 màu keng 98% - Còn đủ phụ kiện theo xe ❤️Xe keng 98% so với xe new 🏠𝟮𝟴𝟴 𝗧𝗿𝘂̛𝗼̛̀𝗻𝗴 𝗖𝗵𝗶𝗻𝗵 - 𝗤𝘂𝗮̣̂𝗻 𝟭𝟮 - 𝗛𝗖𝗠 ❤️Góp 20% và 50% Ko Lãi ❤️Ko xác minh nhà ,Ko xác minh thu nhập ❤️Tặng 12 tháng xe hư đưa xe khác dùng ❤️Tặng đổi pin đi liền ko chờ sạc nhiều ở 8 đến 12 cơ sở ở Sài Gòn ( Ở Quận 4 -6 -8 -12 , Tân Bình, Bình Tân, Tân Phú, Thủ Đức, Phú Nhuận ) ✅𝗚𝗼́𝗽 𝗡𝗴𝗮̂𝗻 𝗛𝗮̀𝗻𝗴 : Đưa 20% ae giữ Cavet ✅𝗖𝗮̀ 𝗧𝗵𝗲̉ - 𝗚𝗼́𝗽: Cà thẻ ,chuyển đổi trả góp ✅𝗕𝗮𝗼 𝗤𝘂𝗮𝘆 Đ𝗮̂̀𝘂 : Từ 20% theo giá thị trường ✅𝗠𝘂𝗮 𝗕𝗮́𝗻 𝗧𝗿𝗮𝗼 Đ𝗼̂̉𝗶 𝗫𝗲 𝗫𝗮̆𝗻𝗴, 𝗫𝗲 Đ𝗶𝗲̣̂𝗻 𝗧𝗮̣̂𝗻 𝗡𝗵𝗮̀ 𝗖𝗧𝗬 𝗣𝗜𝗡𝗞 : 𝙓𝙀 Đ𝙄𝙀̣̂𝙉 𝙎𝘼̆̃𝙉 𝘼𝙋𝙋 - 𝗡𝗔̣̂𝗨 𝗫𝗢̛́ Đ𝗨̛𝗔 𝟲 𝗖𝗨̉ 🏠𝟭𝟳𝟴 𝗧𝗮̂𝗻 𝗧𝗵𝗼̛́𝗶 𝗛𝗶𝗲̣̂𝗽 𝟮𝟭 - 𝗤.𝟭𝟮 - 𝗛𝗖𝗠 🏠𝟮𝟴𝟴 𝗧𝗿𝘂̛𝗼̛̀𝗻𝗴 𝗖𝗵𝗶𝗻𝗵 - 𝗤𝘂𝗮̣̂𝗻 𝟭𝟮 - 𝗛𝗖𝗠 🏠𝟳𝟵 𝗛𝗼𝗮̀𝗻𝗴 𝗩𝗮̆𝗻 𝗧𝗵𝘂̣ - 𝗣𝗵𝘂́ 𝗡𝗵𝘂𝗮̣̂𝗻 - 𝗛𝗖𝗠","Quận 12, Tp Hồ Chí Minh",Đã sử dụng,Xe máy điện,Unknown,2025,15,29900000,Used,Hồ Chí Minh,2025.0,15.0
1878,https://xe.chotot.com/mua-ban-xe-may/132430249.htm,2026-05-16 23:15:38,xe_may_dien,Xe máy điện Quantum S1 Trắng,46500000,Văn Nghĩa Xe Máy Điện ,"Quantum S1 như neww 1.000km Sạc nhanh đi xa , dán full keo Biển thành phố chính chủ công chứng","Quận Tân Phú, Tp Hồ Chí Minh",Đã sử dụng,Xe máy điện,Unknown,2026,1000,46500000,Used,Hồ Chí Minh,2026.0,1000.0
1879,https://xe.chotot.com/mua-ban-xe-may/132428937.htm,2026-05-16 21:07:14,xe_may_dien,Xe máy điện Vinfast Klara A1 Xanh,13500000,Xe Điện Phát Đạt,🆘🆘 Vinfast Kalara A1 zin đẹp..🔋🔋 pin zin đi 45km ..biển MĐ k cần bằng lái..💯💯 giấy tờ đầy đủ 🆘Ace qtam lh: kb za lo tư vấn,"Quận Hoàng Mai, Hà Nội",Đã sử dụng,Xe máy điện,Unknown,2019,50000,13500000,Used,Hà Nội,2019.0,50000.0
1880,https://xe.chotot.com/mua-ban-xe-may/132427169.htm,2026-05-16 19:03:47,xe_may_dien,Xe máy điện Dibao Tesla SD Xanh ngọc,8500000,công khang bike ,"Nhà e vừa về chiếc dibao tesla SD siêu đẹp, bán nhanh cho khách ạ. Các bác mua nhắn em nha..","Quận Hải An, Hải Phòng",Đã sử dụng,Xe máy điện,Unknown,2022,9000,8500000,Used,Hải Phòng,2022.0,9000.0
1881,https://xe.chotot.com/mua-ban-xe-may/132426999.htm,2026-05-16 18:49:38,xe_may_dien,Xe máy điện VinFast Impes Xám,9000000,A Tuấn,"Xe máy điện VinFast Impes màu xám, thiết kế nhỏ gọn, không cần bằng lái,phù hợp học sinh đi học - Động cơ mạnh mẽ, vận hành êm ái. - Tiết kiệm chi phí, thân thiện môi trường. - Xe còn tốt, pin mua đứt - Thiện chí bớt cf","Quận Tân Phú, Tp Hồ Chí Minh",Đã sử dụng,Xe máy điện,Unknown,2016,10000,9000000,Used,Hồ Chí Minh,2016.0,10000.0
1882,https://xe.chotot.com/mua-ban-xe-may/132426963.htm,2026-05-16 18:47:07,xe_may_dien,Xe máy điện VinFast Impes Đen,9000000,A Tuấn,"Xe máy điện VinFast Impes màu đen,xám, thiết kế nhỏ gọn, không cần bẳng lái,phù hợp học sinh đi học - Động cơ mạnh mẽ, vận hành êm ái. - Tiết kiệm chi phí, thân thiện môi trường. -pin mua đứt -thiện chí bớt cf","Quận Tân Phú, Tp Hồ Chí Minh",Đã sử dụng,Xe máy điện,Unknown,2019,10000,9000000,Used,Hồ Chí Minh,2019.0,10000.0
1883,https://xe.chotot.com/mua-ban-xe-may/132426940.htm,2026-05-16 18:45:32,xe_may_dien,Xe máy điện V1 Đã sử dụng,8500000,Thiên Long,xe điện v1 thường 5bình lớn mới mua chạy đc 1th cần bán gấp 8đ5 ưng ib zalo ***,"Quận 7, Tp Hồ Chí Minh",Đã sử dụng,Xe máy điện,Unknown,2026,556,8500000,Used,Hồ Chí Minh,2026.0,556.0
1884,https://xe.chotot.com/mua-ban-xe-may/132401061.htm,2026-05-16 15:43:04,xe_may_dien,Xe máy điện VinFast Evo200 Đen,21000000,trần văn tâm,"Xe máy điện VinFast Evo200 màu đen, thiết kế hiện đại, vận hành êm ái. - Xe đi được 4670.2 km. - Tiết kiệm chi phí, thân thiện môi trường. - Phù hợp di chuyển trong thành phố.","Quận 7, Tp Hồ Chí Minh",Đã sử dụng,Xe máy điện,Unknown,2025,4700,21000000,Used,Hồ Chí Minh,2025.0,4700.0
1885,https://xe.chotot.com/mua-ban-xe-may/132422461.htm,2026-05-16 14:56:37,xe_may_dien,"Xe máy điện Vespa Zin nguyên bản, rất ngon và đẹp",8500000,Duy Hưng,"Xe Máy Điện lướt nguyên bản, đời cao, rất ngon và đầy đủ. Về chỉ việc đi. Ai cần thì gọi hoặc nhắn zalo","Quận Nam Từ Liêm, Hà Nội",Đã sử dụng,Xe máy điện,Unknown,2022,6666,8500000,Used,Hà Nội,2022.0,6666.0
1886,https://xe.chotot.com/mua-ban-xe-may/132399391.htm,2026-05-16 14:32:01,xe_may_dien,Xe máy điện VinFast Viper Đỏ Đen,36708000,Vinfast Công Nghệ Xanh,"🔥 GIẢM 8% - ƯU ĐÃI ĐẶC BIỆT 🔥 🌿 VINFAST VIPER - BẢN LĨNH TIÊN PHONG, CÔNG NGHỆ XANH 🌿 Xe máy điện VinFast Viper - Lựa chọn hoàn hảo cho người tiên phong, yêu công nghệ xanh và bảo vệ môi trường! 🔋 THÔNG SỐ NỔI BẬT: - Tốc độ tối đa: 70 km/h - Quãng đường: ~156 km/lần sạc (khi lắp thêm pin phụ) - Công suất tối đa: 3000 W (Động cơ BLDC Inhub) - Pin LFP an toàn, chống cháy nổ - dung lượng 1.5 kWh - Thời gian sạc: ~4h30 phút (0-100%) - Tiêu chuẩn chống nước IP67 (ngập sâu 0.5m trong 30 phút) ✨ TÍNH NĂNG THÔNG MINH: - Smart Key - Chìa khóa thông minh, tìm xe trong bãi đỗ - Màn hình TFT hiện đại, độ phân giải cao - Thiết kế mạnh mẽ, cá tính - 2 khay chứa pin linh hoạt, dễ tháo lắp - Phanh đĩa trước, giảm xóc thủy lực êm ái - Cốp xe rộng rãi 10L 🎨 ĐỦ 5 MÀU: Đỏ Đen, Trắng, Đen, Xám Xi Măng, Vàng Cát 💰 GIÁ NIÊM YẾT: - Kèm pin: 45.500.000 VNĐ - Không kèm pin: 39.900.000 VNĐ (Đã bao gồm VAT, 01 bộ sạc) 🎁 GIẢM NGAY 8% - tiết kiệm tới 3.640.000 VNĐ! 🌱 ƯU ĐÃI HẤP DẪN: - Bảo hành xe 6 năm, bảo hành pin 8 năm - 0đ sạc pin & đổi pin trước 06/2026 📞 Liên hệ ngay để được tư vấn và lái thử miễn phí! #VinFast #XeMayDien #Viper #CongNgheXanh #ChuyenXanh #Giam8","Quận 5, Tp Hồ Chí Minh",Mới,Xe máy điện,Unknown,2026,,36708000,New,Hồ Chí Minh,2026.0,
1887,https://xe.chotot.com/mua-ban-xe-may/132402115.htm,2026-05-16 14:11:02,xe_may_dien,Xe máy điện VinFast Amio Đen trắng,12093000,Việt Vinfast,"Vinffast Amio mới 100% dành cho học sinh và người cao tuổi Xe bảo hành 6 năm, pin bảo hành 8 năm, một lần sạc đi được 60km","Quận Hà Đông, Hà Nội",Mới,Xe máy điện,Unknown,2026,,12093000,New,Hà Nội,2026.0,
1888,https://xe.chotot.com/mua-ban-xe-may/132420836.htm,2026-05-16 13:42:20,xe_may_dien,Xe điện 3 bánh màu Đỏ,10000000,Thế Trần,Mua về ông ko chạy đc nên để rẻ lại cho ai cần ! Thông tin liên hệ ***,"Huyện Đắk Mil, Đắk Nông",Mới,Xe máy điện,Unknown,2025,,10000000,New,Đắk Nông,2025.0,
1889,https://xe.chotot.com/mua-ban-xe-may/132417232.htm,2026-05-16 10:59:45,xe_may_dien,Xe máy điện VinFast EVO Grand,16433000,xe máy điện Hải Phòng,"Xe máy điện VinFast EVO Grand và Grand Lite đủ màu , thiết kế hiện đại, phù hợp cả nam và nữ. - Động cơ mạnh mẽ, vận hành êm ái. - Quãng đường di chuyển xa, sạc nhanh. - Tiết kiệm chi phí, thân thiện môi trường.","Quận Kiến An, Hải Phòng",Đã sử dụng,Xe máy điện,Unknown,2026,1,16433000,Used,Hải Phòng,2026.0,1.0
1890,https://xe.chotot.com/mua-ban-xe-may/131118627.htm,2026-05-16 09:43:17,xe_may_dien,Xe máy điện Vinfast trả góp - không qua ngân hàng,2700000,Lê Hiếu,"Xe máy điện VinFastmàu đen, thiết kế hiện đại, vận hành êm ái. - GÁ TRÊN LÀ GÓP - BAO NỢ XẤU - Tiết kiệm nhiên liệu, thân thiện môi trường. - Phù hợp di chuyển trong đô thị. - Xe sẵn sàng sử dụng.","Quận 7, Tp Hồ Chí Minh",Mới,Xe máy điện,Unknown,2025,,2700000,New,Hồ Chí Minh,2025.0,
1891,https://xe.chotot.com/mua-ban-xe-may/132415121.htm,2026-05-16 09:34:45,xe_may_dien,Xe điện Vespa màu Đen,6500000,Nguyễn Kiên Anh,thanh lý rẻ xe điện véc pa giá rẻ chỉ 6tr500k xe hoạt động tốt đèn còi xi nhan xạc đầy đủ có síp,"Thị xã Bến Cát, Bình Dương",Đã sử dụng,Xe máy điện,Unknown,2016,0,6500000,Used,Bình Dương,2016.0,0.0
1892,https://xe.chotot.com/mua-ban-xe-may/132414155.htm,2026-05-16 08:53:36,xe_may_dien,Xe máy điện Vespa màu Đen,4599000,thang,"Thanh lý xe vecpa điện mầu đen. Ngoại hình đẹp, bình khoẻ, di chuyển trên dưới 40km/ lần sạc, xe ở thanh lương, bình minh, thanh oai.","Huyện Thanh Oai, Hà Nội",Đã sử dụng,Xe máy điện,Unknown,2019,10000,4599000,Used,Hà Nội,2019.0,10000.0
1893,https://xe.chotot.com/mua-ban-xe-may/132411087.htm,2026-05-15 22:23:00,xe_may_dien,Xe máy điện VinFast Evo200 Lite Xanh,13500000,Văn Nghĩa Xe Máy Điện ,"Evo200 lite pin thuê Odo 20.000km, biển Mđ ko cần bằng lái Chính chủ kí công chứng Zá 13tr5… Call ***","Quận Tân Phú, Tp Hồ Chí Minh",Đã sử dụng,Xe máy điện,Unknown,2023,20000,13500000,Used,Hồ Chí Minh,2023.0,20000.0
1894,https://xe.chotot.com/mua-ban-xe-may/132410331.htm,2026-05-15 21:18:50,xe_may_dien,Xe máy điện màu Cam Mới 99%,16000000,Huyền ,"Xe máy điện màu cam, thiết kế năng động, phù hợp cho cả nam và nữ. - Vận hành êm ái, tiết kiệm năng lượng. - Di chuyển linh hoạt trong đô thị. - Xe bền bỉ, ít hỏng vặt. xe chạy pin 60v pass rẻ bảo hành mới 99%","Quận 12, Tp Hồ Chí Minh",Đã sử dụng,Xe máy điện,Unknown,2026,10,16000000,Used,Hồ Chí Minh,2026.0,10.0
1895,https://xe.chotot.com/mua-ban-xe-may/132409616.htm,2026-05-15 20:29:23,xe_may_dien,Xe máy điện Yadea Volguad P Đen,19500000,Xe Điện Phát Đạt,Yadea Volguad P lướt 8/2025 ..odo 5.557km ..xe zin đẹp.💯💯 giấy tờ đầy đủ ..🔋 ắc quy 6 bình 38Ah đi 60-70km ..Ace qtam lh kb za lo tư vấn,"Quận Hoàng Mai, Hà Nội",Đã sử dụng,Xe máy điện,Unknown,2025,5557,19500000,Used,Hà Nội,2025.0,5557.0
1896,https://xe.chotot.com/mua-ban-xe-may/132376903.htm,2026-05-15 15:52:01,xe_may_dien,Xe máy điện JVCEco Xanh ngọc Mới 100%,12000000,Trieu Anh,cần bán xe máy điện mới 100 mua nhưng không đi tới xe chính chủ chưa lắp bình lúc mua 19 triệu,"Thành phố Thuận An, Bình Dương",Mới,Xe máy điện,Unknown,2025,,12000000,New,Bình Dương,2025.0,
1897,https://xe.chotot.com/mua-ban-xe-may/132403975.htm,2026-05-15 15:07:40,xe_may_dien,✅Pink Metro✅Feliz2025 mua 2pin - 5k Xe Máy Điện,34900000,Pink Ev Premium Q12 Metro,"Fb - Tiktok : Nguyen Minh Long Pink Dragon ==================📌📌📌================== Feliz2025 Sài Gòn 9 Chủ Bao Ký - 2 pin mua 2.4kw - Odo : 5.000km - Dàn áo leng keng 98% đẹp - Ốc tán keng 98% màu - Bảo hành Vinfast toàn quốc 2031 🏠𝟭𝟳𝟴 𝗧𝗮̂𝗻 𝗧𝗵𝗼̛́𝗶 𝗛𝗶𝗲̣̂𝗽 𝟮𝟭 - 𝗤.𝟭𝟮 - 𝗛𝗖𝗠 ❤️Mợ Ấu đưa 5củ gốp ko lẽ sức 9 tháng ❤️Mợ Ấu đưa 50% Ko xác minh nhà ở ❤️Mợ Ấu đưa 80% ko phí hồ sơ lẽ sức ❤️Tặng 12 tháng xe hư đưa xe khác dùng ❤️Tặng đổi pin đi liền ko chờ sạc nhiều ở 8 đến 12 cơ sở ở Sài Gòn ( Ở Quận 4 -6 -8 -12 , Tân Bình, Bình Tân, Tân Phú, Thủ Đức, Phú Nhuận ) ✅𝗚𝗼́𝗽 𝗡𝗴𝗮̂𝗻 𝗛𝗮̀𝗻𝗴 : Đưa 20% ae giữ Cavet ✅𝗖𝗮̀ 𝗧𝗵𝗲̉ - 𝗚𝗼́𝗽: Cà thẻ ,chuyển đổi trả góp ✅𝗕𝗮𝗼 𝗤𝘂𝗮𝘆 Đ𝗮̂̀𝘂 : Từ 20% theo giá thị trường ✅𝗠𝘂𝗮 𝗕𝗮́𝗻 𝗧𝗿𝗮𝗼 Đ𝗼̂̉𝗶 𝗫𝗲 𝗫𝗮̆𝗻𝗴, 𝗫𝗲 Đ𝗶𝗲̣̂𝗻 𝗧𝗮̣̂𝗻 𝗡𝗵𝗮̀ 𝗖𝗧𝗬 𝗣𝗜𝗡𝗞 : 𝙓𝙀 Đ𝙄𝙀̣̂𝙉 𝙎𝘼̆̃𝙉 𝘼𝙋𝙋 - 𝗡𝗔̣̂𝗨 𝗫𝗢̛́ Đ𝗨̛𝗔 𝟲 𝗖𝗨̉ 🏠𝟭𝟳𝟴 𝗧𝗮̂𝗻 𝗧𝗵𝗼̛́𝗶 𝗛𝗶𝗲̣̂𝗽 𝟮𝟭 - 𝗤.𝟭𝟮 - 𝗛𝗖𝗠 🏠𝟮𝟴𝟴 𝗧𝗿𝘂̛𝗼̛̀𝗻𝗴 𝗖𝗵𝗶𝗻𝗵 - 𝗤𝘂𝗮̣̂𝗻 𝟭𝟮 - 𝗛𝗖𝗠 🏠𝟳𝟵 𝗛𝗼𝗮̀𝗻𝗴 𝗩𝗮̆𝗻 𝗧𝗵𝘂̣ - 𝗣𝗵𝘂́ 𝗡𝗵𝘂𝗮̣̂𝗻 - 𝗛𝗖𝗠","Quận 12, Tp Hồ Chí Minh",Đã sử dụng,Xe máy điện,Unknown,2025,5000,34900000,Used,Hồ Chí Minh,2025.0,5000.0
1898,https://xe.chotot.com/mua-ban-xe-may/132402900.htm,2026-05-15 14:26:33,xe_may_dien,Xe scooter điện màu Xanh lá,4000000,Trung Nguyen,"Xe scooter điện màu xanh lá, khung kim loại chắc chắn. - Thiết kế phù hợp cho cả nam và nữ. - Di chuyển tiện lợi, tiết kiệm năng lượng.","Quận 10, Tp Hồ Chí Minh",Đã sử dụng,Xe máy điện,Unknown,2022,99999,4000000,Used,Hồ Chí Minh,2022.0,99999.0
1899,https://xe.chotot.com/mua-ban-xe-may/132248823.htm,2026-05-15 13:56:01,xe_may_dien,Xe máy điện VinFast Evogand Đỏ đen Mới,19836000,Việt Vinfast,"Evogand màu đỏ đen, mới 100%, giá chỉ 19tr836, Liên hệ cho tôi qua đt hoặc zalo để tư vấn","Quận Hà Đông, Hà Nội",Mới,Xe máy điện,Unknown,2026,,19836000,New,Hà Nội,2026.0,
1900,https://xe.chotot.com/mua-ban-xe-may/132401306.htm,2026-05-15 13:21:58,xe_may_dien,Xe điện Pega Xanh đen Rất mới,6800000,Lê tiên ,"Xe điện Pega màu xanh đen, còn rất mới. - Thiết kế hiện đại, vận hành êm ái. - Tiết kiệm chi phí, thân thiện môi trường. - Xe sẵn sàng sử dụng.","Huyện Nhà Bè, Tp Hồ Chí Minh",Đã sử dụng,Xe máy điện,Unknown,2025,110000,6800000,Used,Hồ Chí Minh,2025.0,110000.0
1901,https://xe.chotot.com/mua-ban-xe-may/132400207.htm,2026-05-15 12:27:11,xe_may_dien,Xe máy điện Dibao GoGo Đen xám nữ đi còn mới đep,9500000,vuanhminh,"xe điện GoGo nữ đi chính hãng chạy siêu khỏe êm ái chắc chắn phù hợp cho bà con đi chơi đi chợ đi học đều tốt ,xe đẹp đầy đủ giấy tờ chức năng đang vận hành tôt mua về chỉ việc đi k phải tốn kém sửa chữa vì dc bảo dưỡng định kỳ","Quận Lê Chân, Hải Phòng",Đã sử dụng,Xe máy điện,Unknown,2019,32589,9500000,Used,Hải Phòng,2019.0,32589.0
1902,https://xe.chotot.com/mua-ban-xe-may/132397319.htm,2026-05-15 10:29:38,xe_may_dien,"Bán EvoGrand mới 100%, giá siêu khuyến mại",19500000,Xe Điện Mai Trang,"Bán EvoGrand mới 100%, đã bao gồm 1 pin. Hiện Shop còn mầu đỏ và mầu vàng cát. Shop hỗ trợ đăng ký toàn phần, nhanh gọn. Ship toàn quốc Số lượng khuyến mại có hạn, không kèm điều kiện.","Quận Bắc Từ Liêm, Hà Nội",Mới,Xe máy điện,Unknown,2026,,19500000,New,Hà Nội,2026.0,
1904,https://xe.chotot.com/mua-ban-xe-may/131006312.htm,2026-05-15 10:00:11,xe_may_dien,Xe máy điện Vespa LAVIA 2026 xám sần Có Trả Góp,15500000,Thiên Hương,🛵 VESPA LAVIA 2026 Hỗ trợ Trả Góp Nhanh Chóng ✅ Shop bên e đang giảm giá 1 triệu ạ 💎 Vì sao ai cũng chọn VESPA LAVIA ? ✅ Thiết kế sang như Vespa xăng ✅ Công nghệ mới – kết nối điện thoại thông minh ✅ Smartkey + thẻ từ NFC hiện đại ✅ Chạy 70–80km/1 lần sạc ✅ Tốc độ hơn 60km/h ✅ Không tốn xăng – siêu tiết kiệm 💰 Giá chỉ hơn 15 trxxx xe mới 100% 🚛 Ship COD toàn quốc (có cọc) ⚠️ Lô đăng kiểm mới nhất 2026 – màu hot rất nhanh hết 📍 Xem xe tại số 658 Đường Láng - Láng Hạ - Đống Đa – Hà Nội Ib zalo để biết thêm chi tiết #VespaLaviaGXmoi #mauhot,"Quận Đống Đa, Hà Nội",Mới,Xe máy điện,Unknown,2026,,15500000,New,Hà Nội,2026.0,
1905,https://xe.chotot.com/mua-ban-xe-may/132295551.htm,2026-05-15 09:10:10,xe_may_dien,Xe máy điện Lavia SX 2026 Trắng hồng Có Trả Góp,15500000,Thiên Hương,"Xe máy điện Lavia SX màu trắng hồng mới phiên bản cao cấp nhất 2026. - Màn hình phun điện tử, thẻ từ NFC. - Khóa Smakey, kết nối điện thoại thông minh. - Hỗ trợ trả góp. Ib zalo để biết thêm chi tiết - Xem xe tại 658 Đường Láng, Hà Nội.","Quận Đống Đa, Hà Nội",Mới,Xe máy điện,Unknown,2026,,15500000,New,Hà Nội,2026.0,
1906,https://xe.chotot.com/mua-ban-xe-may/132393225.htm,2026-05-15 07:14:00,xe_may_dien,✅Pink Metro✅Evo200 đk 2025 Bán Xe Máy Điện,26900000,Pink Ev Premium Q12 Metro,"Fb - Tiktok : Nguyen Minh Long Pink Dragon ==================📌📌📌================== Evo200 đk 2025 Sài Gòn 9 Chủ Ký - Pin mua 3.5kw - Yên kymdan, Rổ trước - Mão style Vespa, Cảng sau nối dài - Ốc tán 7 màu leng keng - Dàn áo đẹp keng 97% - Bảo hành Vinfast toàn quốc 2030 🏠𝟭𝟳𝟴 𝗧𝗮̂𝗻 𝗧𝗵𝗼̛́𝗶 𝗛𝗶𝗲̣̂𝗽 𝟮𝟭 - 𝗤.𝟭𝟮 - 𝗛𝗖𝗠 ❤️Mợ Ấu đưa 5củ gốp ko lẽ sức 9 tháng ❤️Mợ Ấu đưa 50% Ko xác minh nhà ở ❤️Mợ Ấu đưa 80% ko phí hồ sơ lẽ sức ❤️Tặng 12 tháng xe hư đưa xe khác dùng ❤️Tặng đổi pin đi liền ko chờ sạc nhiều ở 8 đến 12 cơ sở ở Sài Gòn ( Ở Quận 4 -6 -8 -12 , Tân Bình, Bình Tân, Tân Phú, Thủ Đức, Phú Nhuận ) ✅𝗚𝗼́𝗽 𝗡𝗴𝗮̂𝗻 𝗛𝗮̀𝗻𝗴 : Đưa 20% ae giữ Cavet ✅𝗖𝗮̀ 𝗧𝗵𝗲̉ - 𝗚𝗼́𝗽: Cà thẻ ,chuyển đổi trả góp ✅𝗕𝗮𝗼 𝗤𝘂𝗮𝘆 Đ𝗮̂̀𝘂 : Từ 20% theo giá thị trường ✅𝗠𝘂𝗮 𝗕𝗮́𝗻 𝗧𝗿𝗮𝗼 Đ𝗼̂̉𝗶 𝗫𝗲 𝗫𝗮̆𝗻𝗴, 𝗫𝗲 Đ𝗶𝗲̣̂𝗻 𝗧𝗮̣̂𝗻 𝗡𝗵𝗮̀ 𝗖𝗧𝗬 𝗣𝗜𝗡𝗞 : 𝙓𝙀 Đ𝙄𝙀̣̂𝙉 𝙎𝘼̆̃𝙉 𝘼𝙋𝙋 - 𝗡𝗔̣̂𝗨 𝗫𝗢̛́ Đ𝗨̛𝗔 𝟲 𝗖𝗨̉ 🏠𝟭𝟳𝟴 𝗧𝗮̂𝗻 𝗧𝗵𝗼̛́𝗶 𝗛𝗶𝗲̣̂𝗽 𝟮𝟭 - 𝗤.𝟭𝟮 - 𝗛𝗖𝗠 🏠𝟮𝟴𝟴 𝗧𝗿𝘂̛𝗼̛̀𝗻𝗴 𝗖𝗵𝗶𝗻𝗵 - 𝗤𝘂𝗮̣̂𝗻 𝟭𝟮 - 𝗛𝗖𝗠 🏠𝟳𝟵 𝗛𝗼𝗮̀𝗻𝗴 𝗩𝗮̆𝗻 𝗧𝗵𝘂̣ - 𝗣𝗵𝘂́ 𝗡𝗵𝘂𝗮̣̂𝗻 - 𝗛𝗖𝗠","Quận 12, Tp Hồ Chí Minh",Đã sử dụng,Xe máy điện,Unknown,2025,12000,26900000,Used,Hồ Chí Minh,2025.0,12000.0
1907,https://xe.chotot.com/mua-ban-xe-may/132393207.htm,2026-05-15 07:12:02,xe_may_dien,Xe máy điện Osakar X-Men Hunter Đen đỏ,4500000,Hoàng ,"Xe máy điện Osakar X-Men Hunter màu đen đỏ, thiết kế thể thao, mạnh mẽ. - Động cơ bền bỉ, vận hành êm ái. - Phù hợp di chuyển trong thành phố.","Thành phố Thủ Dầu Một, Bình Dương",Đã sử dụng,Xe máy điện,Unknown,2020,123,4500000,Used,Bình Dương,2020.0,123.0
1908,https://xe.chotot.com/mua-ban-xe-may/132390934.htm,2026-05-14 21:33:30,xe_may_dien,Xe máy điện Vinfast Flazz Đen,14000000,thành trung,"Xe máy điện Vinfast Flazz màu đen, mới 100%, chưa lăn bánh. - Tốc độ tối đa 39 km/h, quãng đường 70 km/lần sạc. - Đầy đủ hồ sơ, giấy tờ. - Giá 14.triệu.","Huyện Bình Chánh, Tp Hồ Chí Minh",Mới,Xe máy điện,Unknown,2026,,14000000,New,Hồ Chí Minh,2026.0,
1909,https://xe.chotot.com/mua-ban-xe-may/132390882.htm,2026-05-14 21:30:41,xe_may_dien,Xe máy điện Quantum S1 Trắng,44500000,Văn Nghĩa Xe Máy Điện ,"GÓP ĐƯA TRƯỚC 30% NHẬN XE Quantum S1 lướt 10.000km 1 lần sạc đi 285km, sạc 1.800k xe đã dán full keo Biển sài gòn chính chủ kí Giá 44tr5 Call ***","Quận Tân Phú, Tp Hồ Chí Minh",Đã sử dụng,Xe máy điện,Unknown,2025,10000,44500000,Used,Hồ Chí Minh,2025.0,10000.0
1910,https://xe.chotot.com/mua-ban-xe-may/132388822.htm,2026-05-14 19:13:16,xe_may_dien,Xe máy điện VinFast EVO LiTE NEO 2025 Đỏ,12500000,Tien,"xe điện EVO LiTE NEO 2025, màu đỏ, sạc bình, bstp, chính chủ, 12,5tr","Quận Gò Vấp, Tp Hồ Chí Minh",Đã sử dụng,Xe máy điện,Unknown,2025,2000,12500000,Used,Hồ Chí Minh,2025.0,2000.0
1911,https://xe.chotot.com/mua-ban-xe-may/132388805.htm,2026-05-14 19:12:28,xe_may_dien,Xe máy điện Vinfast EVO LiTE NEO 2025 Đỏ,12500000,Tien,"xe điện Vinfast EVO LiTE NEO 2025, màu đỏ tươi, sạc bình, giá 12.5tr, bstp, chính chủ, chạy >2000km","Quận Gò Vấp, Tp Hồ Chí Minh",Đã sử dụng,Xe máy điện,Unknown,2025,2000,12500000,Used,Hồ Chí Minh,2025.0,2000.0
1912,https://xe.chotot.com/mua-ban-xe-may/132268673.htm,2026-05-14 19:11:47,xe_may_dien,Xe máy điện Dibao Neo Xanh,15000000,đặng gia vinh,"Xe máy điện Dibao Neo(xmen)màu xanh, thiết kế hiện đại, nhỏ gọn, phù hợp di chuyển trong phố. - Động cơ mạnh mẽ, vận hành êm ái. - Quãng đường di chuyển tốt. - Xe sẵn sàng sử dụng. giá góp 3tr5","Quận Tân Bình, Tp Hồ Chí Minh",Mới,Xe máy điện,Unknown,2025,,15000000,New,Hồ Chí Minh,2025.0,
1913,https://xe.chotot.com/mua-ban-xe-may/132385767.htm,2026-05-14 16:22:42,xe_may_dien,Xe máy điện VinFast Evo200 2024 Trắng,23900000,Kiệt Xe Điện 3sGo,"Evo200 Trắng - DK 2024 BST chính chủ bao công chứng - Đã mua pin 3.5kw - Odo 10 ngàn hơn - Dàn áo keng 99% - Óc tán 7 màu keng 99% - Còn đủ phụ kiện theo xe ❤️Xe keng 99% so với xe new #Giá_23tr9 - Giao lưu xe, Tài sản giá trị ☎️/𝗭𝗮𝗹𝗼 : *** - 𝙏𝙪̛ 𝙑𝙖̂́𝙣 𝟮𝟰/𝟳 🏠 𝟮𝟴𝟴 𝗧𝗿𝘂̛𝗼̛̀𝗻𝗴 𝗖𝗵𝗶𝗻𝗵 - 𝗤𝘂𝗮̣̂𝗻 𝟭𝟮 - 𝗛𝗖𝗠 ❤️Mợ Ấu đưa 5củ gốp ko lẽ sức 9 tháng ❤️Mợ Ấu đưa 50% Ko xác minh nhà ở ❤️Mợ Ấu đưa 80% ko phí hồ sơ lẽ sức ❤️Tặng 12 tháng xe hư đưa xe khác dùng ❤️Tặng đổi pin đi liền ko chờ sạc nhiều ở 8 đến 12 cơ sở ở Sài Gòn ( Ở Quận 4 -6 -8 -12 , Tân Bình, Bình Tân, Tân Phú, Thủ Đức, Phú Nhuận )","Quận 12, Tp Hồ Chí Minh",Đã sử dụng,Xe máy điện,Unknown,2024,10000,23900000,Used,Hồ Chí Minh,2024.0,10000.0
1914,https://xe.chotot.com/mua-ban-xe-may/132385713.htm,2026-05-14 16:21:03,xe_may_dien,Xe máy điện Datbike S2 2025 Đen,45900000,Kiệt Xe Điện 3sGo,"#DatbikeS2 Đen - Dk12/2025 Bstp Chính Chủ Công Chứng - Pin Đi 285/km 1 Lần Sạc - Lên Dây Curoa + Phuộc 300i Ý - Sạc Nhanh 1800W 9 Hãng - Cặp Vỏ Michelin + Yên KimDan + Cảng Vè Con - Dàn áo keng 99% - Óc tán 7 màu keng 99% - Còn đủ phụ kiện theo xe ❤️Xe keng 99% so với xe new #Giá_45tr9 - Giao lưu xe, Tài sản giá trị ☎️/𝗭𝗮𝗹𝗼 : *** - 𝙏𝙪̛ 𝙑𝙖̂́𝙣 𝟮𝟰/𝟳 🏠 𝟮𝟴𝟴 𝗧𝗿𝘂̛𝗼̛̀𝗻𝗴 𝗖𝗵𝗶𝗻𝗵 - 𝗤𝘂𝗮̣̂𝗻 𝟭𝟮 - 𝗛𝗖𝗠 ❤️Mợ Ấu đưa 5củ gốp ko lẽ sức 9 tháng ❤️Mợ Ấu đưa 50% Ko xác minh nhà ở ❤️Mợ Ấu đưa 80% ko phí hồ sơ lẽ sức ❤️Tặng 12 tháng xe hư đưa xe khác dùng ❤️Tặng đổi pin đi liền ko chờ sạc nhiều ở 8 đến 12 cơ sở ở Sài Gòn ( Ở Quận 4 -6 -8 -12 , Tân Bình, Bình Tân, Tân Phú, Thủ Đức, Phú Nhuận )","Quận 12, Tp Hồ Chí Minh",Đã sử dụng,Xe máy điện,Unknown,2025,0,45900000,Used,Hồ Chí Minh,2025.0,0.0
1915,https://xe.chotot.com/mua-ban-xe-may/132385661.htm,2026-05-14 16:18:34,xe_may_dien,Xe máy điện Yadea G5 Đỏ,32900000,Kiệt Xe Điện 3sGo,"#Yadea_G5 Đỏ - Biển MĐ Ko Cần Bằng Lái Bstp Chính Chủ Công Chứng - Odo 500km - Pin Châu Âu - Dàn áo keng 99% - Óc tán 7 màu keng 99% - Còn đủ phụ kiện theo xe ❤️Xe keng 99% so với xe new #Giá_32tr9 - Giao lưu xe, Tài sản giá trị ☎️/𝗭𝗮𝗹𝗼 : *** - 𝙏𝙪̛ 𝙑𝙖̂́𝙣 𝟮𝟰/𝟳 🏠 𝟮𝟴𝟴 𝗧𝗿𝘂̛𝗼̛̀𝗻𝗴 𝗖𝗵𝗶𝗻𝗵 - 𝗤𝘂𝗮̣̂𝗻 𝟭𝟮 - 𝗛𝗖𝗠 ❤️Mợ Ấu đưa 5củ gốp ko lẽ sức 9 tháng ❤️Mợ Ấu đưa 50% Ko xác minh nhà ở ❤️Mợ Ấu đưa 80% ko phí hồ sơ lẽ sức ❤️Tặng 12 tháng xe hư đưa xe khác dùng ❤️Tặng đổi pin đi liền ko chờ sạc nhiều ở 8 đến 12 cơ sở ở Sài Gòn ( Ở Quận 4 -6 -8 -12 , Tân Bình, Bình Tân, Tân Phú, Thủ Đức, Phú Nhuận )","Quận 12, Tp Hồ Chí Minh",Đã sử dụng,Xe máy điện,Unknown,2025,500,32900000,Used,Hồ Chí Minh,2025.0,500.0
1916,https://xe.chotot.com/mua-ban-xe-may/132385600.htm,2026-05-14 16:16:29,xe_may_dien,Xe máy điện VinFast Feliz 2025 Trắng,29900000,Kiệt Xe Điện 3sGo,"Feliz2025 Trắng - DK 12/2025 BSTP - Chính Chủ Công Chứng • Pin mua đứt 2.4kw • Odo 11 ngàn • Dàng áo keng 99% • Đã lên cặp phuộc X1R ❤️Xe keng 99% so với xe new #Giá_29tr9 - Giao lưu xe, tài sản giá trị ☎️/𝗭𝗮𝗹𝗼 : *** - 𝙏𝙪̛ 𝙑𝙖̂́𝙣 𝟮𝟰/𝟳 🏠 𝟮𝟴𝟴 𝗧𝗿𝘂̛𝗼̛̀𝗻𝗴 𝗖𝗵𝗶𝗻𝗵 - 𝗤𝘂𝗮̣̂𝗻 𝟭𝟮 - 𝗛𝗖𝗠 ❤️Trả chậm tay đôi đưa 20% ko lẻ suất ❤️Ko xác minh nhà ,Ko xác minh thu nhập ❤️Tặng 12 tháng xe hư đưa xe khác dùng ❤️Tặng đổi pin đi liền ko chờ sạc nhiều ở 8 đến 12 cơ sở ở Sài Gòn ( Ở Quận 4 -6 -8 -12 , Tân Bình, Bình Tân, Tân Phú, Thủ Đức, Phú Nhuận )","Quận 12, Tp Hồ Chí Minh",Đã sử dụng,Xe máy điện,Unknown,2025,11000,29900000,Used,Hồ Chí Minh,2025.0,11000.0
1917,https://xe.chotot.com/mua-ban-xe-may/132385023.htm,2026-05-14 15:52:10,xe_may_dien,🩷Pink An Sương🩷Feliz2025 odo 10k Xe Máy Điện,29900000,Pink Ev Premium An Sương ,"Fb - Tiktok : Nguyen Minh Long Pink Dragon ==================📌📌📌================== Feliz2025 Trắng - DK 12/2025 BSTP - Chính Chủ Công Chứng • Pin mua đứt 2.4kw • Odo 10k • Dàn áo keng 99% • Đã lên cặp phuộc X1R • Bảo hành Vinfast toàn quốc 2031 ❤️Xe keng 99% so với xe new 🏠𝟮𝟴𝟴 𝗧𝗿𝘂̛𝗼̛̀𝗻𝗴 𝗖𝗵𝗶𝗻𝗵 - 𝗤𝘂𝗮̣̂𝗻 𝟭𝟮 - 𝗛𝗖𝗠 ❤️Mợ Ấu đưa 5củ gốp ko lẽ sức 9 tháng ❤️Mợ Ấu đưa 50% Ko xác minh nhà ở ❤️Mợ Ấu đưa 80% ko phí hồ sơ lẽ sức ❤️Tặng 12 tháng xe hư đưa xe khác dùng ❤️Tặng đổi pin đi liền ko chờ sạc nhiều ở 8 đến 12 cơ sở ở Sài Gòn ( Ở Quận 4 -6 -8 -12 , Tân Bình, Bình Tân, Tân Phú, Thủ Đức, Phú Nhuận ) ✅𝗚𝗼́𝗽 𝗡𝗴𝗮̂𝗻 𝗛𝗮̀𝗻𝗴 : Đưa 20% ae giữ Cavet ✅𝗖𝗮̀ 𝗧𝗵𝗲̉ - 𝗚𝗼́𝗽: Cà thẻ ,chuyển đổi trả góp ✅𝗕𝗮𝗼 𝗤𝘂𝗮𝘆 Đ𝗮̂̀𝘂 : Từ 20% theo giá thị trường ✅𝗠𝘂𝗮 𝗕𝗮́𝗻 𝗧𝗿𝗮𝗼 Đ𝗼̂̉𝗶 𝗫𝗲 𝗫𝗮̆𝗻𝗴, 𝗫𝗲 Đ𝗶𝗲̣̂𝗻 𝗧𝗮̣̂𝗻 𝗡𝗵𝗮̀ 𝗖𝗧𝗬 𝗣𝗜𝗡𝗞 : 𝙓𝙀 Đ𝙄𝙀̣̂𝙉 𝙎𝘼̆̃𝙉 𝘼𝙋𝙋 - 𝗡𝗔̣̂𝗨 𝗫𝗢̛́ Đ𝗨̛𝗔 𝟲 𝗖𝗨̉ 🏠𝟭𝟳𝟴 𝗧𝗮̂𝗻 𝗧𝗵𝗼̛́𝗶 𝗛𝗶𝗲̣̂𝗽 𝟮𝟭 - 𝗤.𝟭𝟮 - 𝗛𝗖𝗠 🏠𝟮𝟴𝟴 𝗧𝗿𝘂̛𝗼̛̀𝗻𝗴 𝗖𝗵𝗶𝗻𝗵 - 𝗤𝘂𝗮̣̂𝗻 𝟭𝟮 - 𝗛𝗖𝗠 🏠𝟳𝟵 𝗛𝗼𝗮̀𝗻𝗴 𝗩𝗮̆𝗻 𝗧𝗵𝘂̣ - 𝗣𝗵𝘂́ 𝗡𝗵𝘂𝗮̣̂𝗻 - 𝗛𝗖𝗠","Quận 12, Tp Hồ Chí Minh",Đã sử dụng,Xe máy điện,Unknown,2025,10000,29900000,Used,Hồ Chí Minh,2025.0,10000.0
1918,https://xe.chotot.com/mua-ban-xe-may/132383557.htm,2026-05-14 14:59:37,xe_may_dien,Xe máy điện Xmen màu Trắng,9000000,Phan Dương,Cần bán khung xmen k có động cơ sau ic và bình xe có giấy tờ dd,"Quận Bình Tân, Tp Hồ Chí Minh",Đã sử dụng,Xe máy điện,Unknown,2024,1000,9000000,Used,Hồ Chí Minh,2024.0,1000.0
1919,https://xe.chotot.com/mua-ban-xe-may/132382225.htm,2026-05-14 14:06:37,xe_may_dien,Xe máy điện VinFast Feliz S Bạc,18300000,Vinh vinfast Đồng Nai,"⚡ VINFAST FELIZ S – MÀU BẠC ĐẸP ⚡ ✔ Odo 69k ✔ Dàn nhựa mới tinh ✔ Đã vệ sinh khung sườn, bảo dưỡng tổng thể ✔ Xe thuê pin gói 350k/tháng không giới hạn Km ✔ Chạy êm – pin ổn định – mua về đi ngay 💰 Giá: 18trx Mua luôn Pin + 6tr 📍 Xem xe tại Trảng Bom, Đồng Nai 📞 Vinh: *** Ae cần xe đẹp, gọn gàng, chỉ việc chạy thì ib hoặc gọi trực tiếp 🔥","Huyện Trảng Bom, Đồng Nai",Đã sử dụng,Xe máy điện,Unknown,2023,69000,18300000,Used,Đồng Nai,2023.0,69000.0
1920,https://xe.chotot.com/mua-ban-xe-may/132378086.htm,2026-05-14 11:08:06,xe_may_dien,Xe máy điện K1 Trắng,8500000,Nhi Cherry,Cần tien nên bán gấp 2 con k1 cần thì lh em ***7 còn bớt,"Thành phố Thủ Đức, Tp Hồ Chí Minh",Đã sử dụng,Xe máy điện,Unknown,2025,1000,8500000,Used,Hồ Chí Minh,2025.0,1000.0
1921,https://xe.chotot.com/mua-ban-xe-may/132378001.htm,2026-05-14 11:05:56,xe_may_dien,"Xe máy điện Vespa 5 bình lớn 2 chìa, biển 47, khoẻ",5900000,Lê Lâm Máy Tính Laptop Cũ BMT,"xe điện Vespa 5 Bình Lớn 2 chìa khoá mở xe từ xa. chống trộm, chống dắt caver đầy đủ biển 47 lốp mới - sạc theo xe dàn áo cũ - đèn còn nhanh ok- cốp rộng 1 lần sạc chạy 30-35km tùy tải Chạý tối đã 45km/h đèn vuông phù hợp Nam 5tr9 bớt khách thiện chí về tút sơ dàn áo còn lại chạy tốt phố BMT - amakhe","Thành phố Buôn Ma Thuột, Đắk Lắk",Đã sử dụng,Xe máy điện,Unknown,2022,11111,5900000,Used,Đắk Lắk,2022.0,11111.0
1922,https://xe.chotot.com/mua-ban-xe-may/132372894.htm,2026-05-14 07:31:40,xe_may_dien,Xe máy điện Osakar Nispa SV 2022 Xanh ngọc,10500000,nguyễn minh hiếu,"Xe điện Osakar 50cc không cần lái Mua mới 2022 đi 4,500 km mới như xe thùng Xe biển số 79 Khánh Hoà Có cccd chủ xe","Thành phố Thủ Đức, Tp Hồ Chí Minh",Đã sử dụng,Xe máy điện,Unknown,2022,4500,10500000,Used,Hồ Chí Minh,2022.0,4500.0
1923,https://xe.chotot.com/mua-ban-xe-may/132372637.htm,2026-05-14 07:08:17,xe_may_dien,VinFast Klara S2 Trắng,13000000,Sâu,Cần bán 13tr .*** Xe ít đi giữ gìn Vinfat KaiLaS2,"Quận Nam Từ Liêm, Hà Nội",Đã sử dụng,Xe máy điện,Unknown,2022,500000,13000000,Used,Hà Nội,2022.0,500000.0
1924,https://xe.chotot.com/mua-ban-xe-may/132372604.htm,2026-05-14 07:05:16,xe_may_dien,Xe điện 3 bánh màu Đỏ,12800000,The Cao Pham,"xe chạy 4 bình điện, tốc độ tối đa 35km/k.quãng đường 50km cho một lần sạc PIN, động cơ 2000w","Thị xã Bến Cát, Bình Dương",Mới,Xe máy điện,Unknown,2026,,12800000,New,Bình Dương,2026.0,
1925,https://xe.chotot.com/mua-ban-xe-may/132366120.htm,2026-05-13 17:05:27,xe_may_dien,Xe máy điện Roma màu Đỏ,4500000,Cẩm Tú,"Bán xe máy điện Roma. Xe đang chạy tốt, đầy đủ công năng. Giá: 4.500.000 VNĐ","Quận Thanh Khê, Đà Nẵng",Đã sử dụng,Xe máy điện,Unknown,2018,10000,4500000,Used,Đà Nẵng,2018.0,10000.0
1926,https://xe.chotot.com/mua-ban-xe-may/132365209.htm,2026-05-13 16:26:25,xe_may_dien,Xe máy điện Vinfast Evolite Neo 2026 Đỏ,14800000,Nguyễn Quang Huy,🌈 Chào bán Vinfast Evolite neo - xe new date 2026 🔺Nguyên bản zin 👉🏻 màu đỏ + rêu 🔻Mẫu mã kiểu dáng phong cách 🔻Đủ giấy tờ đăng kiểm hóa đơn 🔻Full phụ kiện 🔻Sẵn mua đứt - xe mới chưa lăn bánh 🔻Quãng đường di chuyển 60_70km / lần sạc 🔻Bảo hành chính hãng 3 năm xe + 1 năm ắc quy 🔻 xe new 2 suất *** 🔻kiểu dáng thời trang A/c/e quan tâm alo trực tiếp nhé ☎️ 93/300 Quang Trung-Hà Đông..,"Quận Hà Đông, Hà Nội",Mới,Xe máy điện,Unknown,2025,,14800000,New,Hà Nội,2025.0,
1927,https://xe.chotot.com/mua-ban-xe-may/132365208.htm,2026-05-13 16:26:21,xe_may_dien,Xe máy điện Vespa màu Xám Mới,9000000,Van Anh,"Xe Vespa điện, mới, còn bảo hành tại cửa hàng 1 năm giá 9 tr","Quận Tây Hồ, Hà Nội",Mới,Xe máy điện,Unknown,2024,,9000000,New,Hà Nội,2024.0,
1928,https://xe.chotot.com/mua-ban-xe-may/132360502.htm,2026-05-13 13:22:58,xe_may_dien,Xe máy điện Zoomer.x Đen,4300000,Tuấn,"Xe máy điện Zoomer.x màu đen, thiết kế cá tính, phù hợp cả nam và nữ. - Bình điện đi được 50-60km. - Vận tốc tối đa 30-35km/h. - Xe vận hành tốt, êm ái.","Quận Hai Bà Trưng, Hà Nội",Đã sử dụng,Xe máy điện,Unknown,2017,1000,4300000,Used,Hà Nội,2017.0,1000.0
1929,https://xe.chotot.com/mua-ban-xe-may/132330012.htm,2026-05-13 12:29:03,xe_may_dien,Xe máy điện VinFast Klara S Xanh ngọc Mới,15000000,Võ Văn Huy,Klara s máy bosch Xe mới Động cơ bosch bền bỉ Linh kiện điện tử của bosch Xe đẹp bền bỉ theo thời gian,"Quận 6, Tp Hồ Chí Minh",Mới,Xe máy điện,Unknown,2023,,15000000,New,Hồ Chí Minh,2023.0,
1930,https://xe.chotot.com/mua-ban-xe-may/132356523.htm,2026-05-13 10:43:00,xe_may_dien,Xe máy điện Yadea Ova 2026 màu oliu,16000000,Thành Tín Nguyễn,Yadea Ova 2026 chưa bấm biển-chạy 100km-như mới 80km/lần sạc tốc độ tối đa 45km/h phù hợp học sinh-phụ huynh đi chợ 16tr e bao giấy,"Huyện Châu Thành, Bến Tre",Đã sử dụng,Xe máy điện,Unknown,2026,100,16000000,Used,Bến Tre,2026.0,100.0
1931,https://xe.chotot.com/mua-ban-xe-may/132354984.htm,2026-05-13 09:54:31,xe_may_dien,Xe máy điện DV Moto VN Vàng đồng,12000000,lương văn minh,Chính chủ bán xe dv moto chính hãng vn mới mua chưa được 30 ngày ! Xe chạy pin 48v20a Bán lại mười hai triệu d,"Thành phố Thủ Đức, Tp Hồ Chí Minh",Đã sử dụng,Xe máy điện,Unknown,2025,80,12000000,Used,Hồ Chí Minh,2025.0,80.0
1932,https://xe.chotot.com/mua-ban-xe-may/132283642.htm,2026-05-13 09:18:50,xe_may_dien,Xe máy điện VinFast EvoMax 2026 Đỏ,19900000,Kiệt Xe Điện 3sGo,#EvoMax Đỏ - Dk5/2026 BSTP 9Chủ Công Chứng - Odo 20 Cây - 1 Pin Thuê Đổi Trụ - Dàn áo keng 100% - Óc tán 7 màu keng 100% - Còn đủ phụ kiện theo xe ❤️Xe keng 100% so với xe new #Giá_19tr9 - Nậu Xớ Đưa 8tr Lấy Xe ❤️Nậu Xớ Đưa Từ 30tr Ko L//ã//i Suất ❤️Lên hồ sơ Online nhận xe tại nhà ❤️Nậu Xớ trả chậm trong 24 tháng ❤️Tặng 1 năm hư Pink đưa xe dùng khi chờ sửa ❤️Tặng đổi pin đi liền ko sạc ở 8 đến 12 cơ sở ( Quận 12 - Quận 6 - Quận 4 - Quận 8 - Bình Tân - Tân Phú - Tân Bình - Phú Nhuận - Thủ Đức ) 📞: *** #𝙆𝙞𝙚̣̂𝙩 (𝟮𝟰/𝟳) 🏠𝟮𝟴𝟴 𝗧𝗿𝘂̛𝗼̛̀𝗻𝗴 𝗖𝗵𝗶𝗻𝗵 - 𝗤𝘂𝗮̣̂𝗻 𝟭𝟮 - 𝗧𝗣.𝗛𝗖𝗠,"Quận 12, Tp Hồ Chí Minh",Đã sử dụng,Xe máy điện,Unknown,2026,20,19900000,Used,Hồ Chí Minh,2026.0,20.0
1933,https://xe.chotot.com/mua-ban-xe-may/128659375.htm,2026-05-13 09:18:10,xe_may_dien,Xe điện Vespa nhập khẩu SIÊU ĐẸP bh 6 tháng,6200000,Luuducthang,"Xe máy điện Vespa nhập khẩu xịn , , thiết kế sang trọng, vận hành êm ái. đẹp không tì vết. . * Xe đủ biển và đăng ký - Xe chạy 5 bình 20A, đi được 50 km khi sạc đầy. - Động cơ nguyên bản, lốp ngon, đã bảo dưỡng. - Xe sẵn sàng sử dụng.","Quận Đống Đa, Hà Nội",Đã sử dụng,Xe máy điện,Unknown,2019,2000,6200000,Used,Hà Nội,2019.0,2000.0
1934,https://xe.chotot.com/mua-ban-xe-may/132351566.htm,2026-05-13 07:13:16,xe_may_dien,Xe điện Yadea Odora S2 màu Xám,15500000,Nguyễn Bảo Toàn,Xe điện odora s2. xe mới lướt 200km. Còn bảo hành 2 năm. Hàng chính chủ yadea,"Thị xã Giá Rai, Bạc Liêu",Đã sử dụng,Xe máy điện,Unknown,2025,200,15500000,Used,Bạc Liêu,2025.0,200.0
1935,https://xe.chotot.com/mua-ban-xe-may/132349047.htm,2026-05-12 21:11:03,xe_may_dien,Xe máy điện Nữ màu Đỏ,5500000,hương nguyễn,"Cần nhượng lại xe máy điện nữ đi. Mới thay bình, xe đi 40km/ lần sạc. Đầy đủ giấy tờ.","Huyện Thanh Trì, Hà Nội",Đã sử dụng,Xe máy điện,Unknown,2017,15000,5500000,Used,Hà Nội,2017.0,15000.0
1936,https://xe.chotot.com/mua-ban-xe-may/132348784.htm,2026-05-12 20:53:57,xe_may_dien,Xe máy điện Kazuki Vision S 2026,3888888,Xe Bảo Tín 61 Nguyễn Lương Bằng HN,"VisionS bản cao cấp 2 phanh đĩa. Chỉ cần 3.888.888 vnd nhận ngay xe điện Vision S model 2026 Trang bị 2 phanh đĩa trước sau cực an toàn, thẻ từ Nfc, điều khiển thông minh 5 chức năng, hệ thống đèn led full xe… bảo hành toàn quốc 3 năm. Quãng đường di chuyển liên tục 90-100km. Thời gian sạc 6-8h tự ngắt. Trả góp chỉ cần cccd dành cho các bạn trên 18t. Nhận thu mua- trao đổi xe xăng/ xe điện cũ giá tốt. Sửa chữa thay thế phụ tùng/ ắc qui tại nhà. Hỗ trợ tư vấn /zalo: *** Xe Điện Bảo Tín : 61 Nguyễn Lương Bằng, Đống Đa, HN","Quận Đống Đa, Hà Nội",Mới,Xe máy điện,Unknown,2026,,3888888,New,Hà Nội,2026.0,
1937,https://xe.chotot.com/mua-ban-xe-may/132348750.htm,2026-05-12 20:51:43,xe_may_dien,VINFAST EVO200 BSTP Chính Chủ Pin MUA,24500000,Nguyễn Bạch Hùng,"BÁN EVO200 PIN MUA ĐỨT BSTP CHÍNH CHỦ SANG TÊN UỶ QUYỀN NHANH GỌN Xe zin keng Đã lên Baga Trước Sau,Khung Bảo Vệ, Dán Keo Full ODO 16K Xem Xe HCM Q12","Quận 12, Tp Hồ Chí Minh",Đã sử dụng,Xe máy điện,Unknown,2025,16927,24500000,Used,Hồ Chí Minh,2025.0,16927.0
1938,https://xe.chotot.com/mua-ban-xe-may/131118612.htm,2026-05-12 19:48:23,xe_may_dien,Xe máy điện VinFast Evo 200,2500000,Lê Hiếu Điện Máy Trả Góp,"Xe máy điện VinFast Evo 200 màu trắng hoặc đen, thiết kế hiện đại, vận hành êm ái. - GIÁ TRÊN GÓP - KHÔNG QUA NGÂN HÀNG - Động cơ mạnh mẽ, quãng đường di chuyển xa. - Tiết kiệm chi phí, thân thiện môi trường. - Xe sẵn sàng lăn bánh.","Quận 10, Tp Hồ Chí Minh",Mới,Xe máy điện,Unknown,2025,,2500000,New,Hồ Chí Minh,2025.0,
1939,https://xe.chotot.com/mua-ban-xe-may/132344634.htm,2026-05-12 16:50:45,xe_may_dien,Ban xe rim thai xe đep ngon,688888,hai,Ban xe rim thai xe đep ngon Xe mua vê đi lam đi chơi ok Gia : 6tr800 Mua lien he a,"Quận Bắc Từ Liêm, Hà Nội",Đã sử dụng,Xe máy điện,Unknown,2001,666,688888,Used,Hà Nội,2001.0,666.0
1940,https://xe.chotot.com/mua-ban-xe-may/130817566.htm,2026-05-12 16:07:48,xe_may_dien,Xe máy điện Hugo Vespa 2026 Hồng,3888888,Xe Bảo Tín 61 Nguyễn Lương Bằng HN,"Lì xì lớn khai xuân 2026. Chỉ còn 3.888.888 vnd nhận ngay xe điện Vespa model 2026. Trang bị 2 phanh đĩa trước sau cực an toàn, thẻ từ Nfc, điều khiển thông minh 5 chức năng, hệ thống đèn led full xe… bảo hành toàn quốc 3 năm. Trả góp chỉ cần cccd dành cho các bạn trên 18t. Hỗ trợ tư vấn /zalo: *** Xe Điện Bảo Tín xin cảm ơn.","Quận Đống Đa, Hà Nội",Đã sử dụng,Xe máy điện,Unknown,0,0,3888888,Used,Hà Nội,0.0,0.0
1941,https://xe.chotot.com/mua-ban-xe-may/132343132.htm,2026-05-12 15:44:57,xe_may_dien,Xe máy điện DK EZ1 Trắng hồng 2025,16000000,Trần Đức Huyy,Xe mua tháng 10/2025 nay cần bán mua xe máy Hãng xe :DK EZ1 Xe đã độ lên Pin sạc 1 lần đi đc tằm 100km,"Huyện Tân Thạnh, Long An",Mới,Xe máy điện,Unknown,2025,,16000000,New,Long An,2025.0,
1942,https://xe.chotot.com/mua-ban-xe-may/132342900.htm,2026-05-12 15:37:07,xe_may_dien,"Xe điện Vespa màu Xám, Đỏ",10000000,võ  thanhlong,Xe điện chạy êm còn tốt màu rất đẹp hợp mọi độ tuổi,"Thị xã Tân Châu, An Giang",Đã sử dụng,Xe máy điện,Unknown,2024,1000,10000000,Used,An Giang,2024.0,1000.0
1943,https://xe.chotot.com/mua-ban-xe-may/132311213.htm,2026-05-12 15:06:00,xe_may_dien,Xe máy điện VinFast Klara A2 Đen,11000000,Huỳnh Như,Bán xe điện bán kèm Pin hoặc bán không kèm pin mua xe về độ lại pin Inb giá ạ Xe chạy ok. Về độ lại pin chạy vi vu.,"Thành phố Thủ Đức, Tp Hồ Chí Minh",Đã sử dụng,Xe máy điện,Unknown,2021,900000,11000000,Used,Hồ Chí Minh,2021.0,900000.0
1944,https://xe.chotot.com/mua-ban-xe-may/132340882.htm,2026-05-12 14:26:41,xe_may_dien,✅Pink Metro✅EvoGand 2026 odo 100km Xe Máy Điện,22900000,Pink Ev Premium Q12 Metro,"Fb - Tiktok : Nguyen Minh Long Pink Dragon ==================📌📌📌================== EvoGand 2026 bs Tỉnh 9 Chủ Bao Ký - Pin mua 2.4kw - Bảo hành Vinfast toàn quốc 2032 - Odo : 139km bao check hãng - Dàn áo đẹp 98% chi tiết như hình - Ốc tán 7 màu bao keng, vỏ gai dày cui 🏠𝟭𝟳𝟴 𝗧𝗮̂𝗻 𝗧𝗵𝗼̛́𝗶 𝗛𝗶𝗲̣̂𝗽 𝟮𝟭 - 𝗤.𝟭𝟮 - 𝗛𝗖𝗠 ❤️Trả chậm tay đôi đưa 20% ko lẻ suất ❤️Ko xác minh nhà ,Ko xác minh thu nhập ❤️Tặng 12 tháng xe hư đưa xe khác dùng ❤️Tặng đổi pin đi liền ko chờ sạc nhiều ở 8 đến 12 cơ sở ở Sài Gòn ( Ở Quận 4 -6 -8 -12 , Tân Bình, Bình Tân, Tân Phú, Thủ Đức, Phú Nhuận ) ✅𝗚𝗼́𝗽 𝗡𝗴𝗮̂𝗻 𝗛𝗮̀𝗻𝗴 : Đưa 20% ae giữ Cavet ✅𝗖𝗮̀ 𝗧𝗵𝗲̉ - 𝗚𝗼́𝗽: Cà thẻ ,chuyển đổi trả góp ✅𝗕𝗮𝗼 𝗤𝘂𝗮𝘆 Đ𝗮̂̀𝘂 : Từ 20% theo giá thị trường ✅𝗠𝘂𝗮 𝗕𝗮́𝗻 𝗧𝗿𝗮𝗼 Đ𝗼̂̉𝗶 𝗫𝗲 𝗫𝗮̆𝗻𝗴, 𝗫𝗲 Đ𝗶𝗲̣̂𝗻 𝗧𝗮̣̂𝗻 𝗡𝗵𝗮̀ 𝗖𝗧𝗬 𝗣𝗜𝗡𝗞 : 𝙓𝙀 Đ𝙄𝙀̣̂𝙉 𝙎𝘼̆̃𝙉 𝘼𝙋𝙋 - 𝗡𝗔̣̂𝗨 𝗫𝗢̛́ Đ𝗨̛𝗔 𝟲 𝗖𝗨̉ 🏠𝟭𝟳𝟴 𝗧𝗮̂𝗻 𝗧𝗵𝗼̛́𝗶 𝗛𝗶𝗲̣̂𝗽 𝟮𝟭 - 𝗤.𝟭𝟮 - 𝗛𝗖𝗠 🏠𝟮𝟴𝟴 𝗧𝗿𝘂̛𝗼̛̀𝗻𝗴 𝗖𝗵𝗶𝗻𝗵 - 𝗤𝘂𝗮̣̂𝗻 𝟭𝟮 - 𝗛𝗖𝗠 🏠𝟳𝟵 𝗛𝗼𝗮̀𝗻𝗴 𝗩𝗮̆𝗻 𝗧𝗵𝘂̣ - 𝗣𝗵𝘂́ 𝗡𝗵𝘂𝗮̣̂𝗻 - 𝗛𝗖𝗠","Quận 12, Tp Hồ Chí Minh",Đã sử dụng,Xe máy điện,Unknown,2026,139,22900000,Used,Hồ Chí Minh,2026.0,139.0
1945,https://xe.chotot.com/mua-ban-xe-may/132339945.htm,2026-05-12 13:50:20,xe_may_dien,Xe máy điện Dior màu Cam,8500000,Nhi Cherry,Do em Cần tien nên bán gấp 1k cần kb zalo *** còn bớt,"Thành phố Thủ Đức, Tp Hồ Chí Minh",Đã sử dụng,Xe máy điện,Unknown,2025,1000,8500000,Used,Hồ Chí Minh,2025.0,1000.0
1946,https://xe.chotot.com/mua-ban-xe-may/132126674.htm,2026-05-12 13:39:41,xe_may_dien,Xe máy điện VinFast klara S2 2024 Đen,30000000,Hòa,xe lướt odo chuẩn gần 900km. trùm keo nguyên chiếc. do bxa đi ko hợp nên bán. bao lỗi lầm . giá mua mới 37tr,"Huyện Vĩnh Thạnh, Cần Thơ",Đã sử dụng,Xe máy điện,Unknown,2024,900,30000000,Used,Cần Thơ,2024.0,900.0
1947,https://xe.chotot.com/mua-ban-xe-may/132338926.htm,2026-05-12 13:07:51,xe_may_dien,Xe máy điện Yaka Lavia 2026 Đen,16000000,Phạm Tuyết,"Cần bán xe máy điện Yaka Lavia Sx 2026 👉 Hai phanh đĩa trước sau 👉 Kết nối Bluetooth trên điện thoại ( bật/tắt , theo dõi tình trạng, tìm xe,…) 👉 Vận tốc lên tới 50km/h 👉 Chạy được 80km 1 lần sạc 👉 Đèn full led siêu sáng Giá chỉ 16tr 📞Hotline : *** 📍Địa chỉ : 888 Kim Giang - Thanh Liệt - Hà Nội Ai ở Hà Nội qua trực tiếp cửa hàng em xem xe ạ . Ở xa bên em có ship xe bao check test","Quận Hoàng Mai, Hà Nội",Mới,Xe máy điện,Unknown,2026,,16000000,New,Hà Nội,2026.0,
1948,https://xe.chotot.com/mua-ban-xe-may/132338358.htm,2026-05-12 12:38:38,xe_may_dien,Xe máy điện V1 Plus Xám,11900000,Nguyen Cuong,"Xe hottrend V1 plus mới 100% - sử dụng phanh đĩa, đèn led, an toàn sang trọng - công suất 400W - trang bị 4-5 bình lớn cho quãng đường 50-70 km/ lần sạc - bảo hành 1 năm","Thành phố Thủ Đức, Tp Hồ Chí Minh",Mới,Xe máy điện,Unknown,2026,,11900000,New,Hồ Chí Minh,2026.0,
1949,https://xe.chotot.com/mua-ban-xe-may/130882500.htm,2026-05-12 12:09:51,xe_may_dien,🩷Pink An Sương🩷 Evo200 Lite Bán Xe Máy Điện,21900000, Xe Điện Pink Quận 12,"Fb - Tiktok : Nguyen Minh Long Pink Dragon ==================📌📌📌================== Evo200Lite Bstp 9c Bao Công Chứng - Pin mua - Bh hãng 5 năm - Dàn áo đẹp chi tiết như hình - Ốc tán leng keng 90% 🏠𝟮𝟴𝟴 𝗧𝗿𝘂̛𝗼̛̀𝗻𝗴 𝗖𝗵𝗶𝗻𝗵 - 𝗤𝘂𝗮̣̂𝗻 𝟭𝟮 - 𝗛𝗖𝗠 ❤️Nậu Xớ Ko L/ã/i Chỉ Đưa Trước 6tr ❤️Xe Sẵn App hay Đăng Ký 9 chủ ở Pink ❤️Tặng gói xe hư sẽ có xe khác dùng tiếp ❤️Tặng đổi pin đi liền ko sạc ở nhiều cơ sở ✅𝗚𝗼́𝗽 𝗡𝗴𝗮̂𝗻 𝗛𝗮̀𝗻𝗴 : Đưa 20% ae giữ Cavet ✅𝗖𝗮̀ 𝗧𝗵𝗲̉ - 𝗚𝗼́𝗽: Cà thẻ ,chuyển đổi trả góp ✅𝗕𝗮𝗼 𝗤𝘂𝗮𝘆 Đ𝗮̂̀𝘂 : Từ 20% theo giá thị trường ✅𝗠𝘂𝗮 𝗕𝗮́𝗻 𝗧𝗿𝗮𝗼 Đ𝗼̂̉𝗶 𝗫𝗲 𝗫𝗮̆𝗻𝗴, 𝗫𝗲 Đ𝗶𝗲̣̂𝗻 𝗧𝗮̣̂𝗻 𝗡𝗵𝗮̀ 𝗖𝗧𝗬 𝗣𝗜𝗡𝗞 : 𝙓𝙀 Đ𝙄𝙀̣̂𝙉 𝙎𝘼̆̃𝙉 𝘼𝙋𝙋 - 𝗡𝗔̣̂𝗨 𝗫𝗢̛́ Đ𝗨̛𝗔 𝟯 𝗖𝗨̉ 🏠𝟭𝟳𝟴 𝗧𝗮̂𝗻 𝗧𝗵𝗼̛́𝗶 𝗛𝗶𝗲̣̂𝗽 𝟮𝟭 - 𝗤.𝟭𝟮 - 𝗛𝗖𝗠 🏠𝟮𝟴𝟴 𝗧𝗿𝘂̛𝗼̛̀𝗻𝗴 𝗖𝗵𝗶𝗻𝗵 - 𝗤𝘂𝗮̣̂𝗻 𝟭𝟮 - 𝗛𝗖𝗠 🏠𝟳𝟵 𝗛𝗼𝗮̀𝗻𝗴 𝗩𝗮̆𝗻 𝗧𝗵𝘂̣ - 𝗣𝗵𝘂́ 𝗡𝗵𝘂𝗮̣̂𝗻 - 𝗛𝗖𝗠","Quận 12, Tp Hồ Chí Minh",Đã sử dụng,Xe máy điện,Unknown,2024,10,21900000,Used,Hồ Chí Minh,2024.0,10.0
1950,https://xe.chotot.com/mua-ban-xe-may/132334063.htm,2026-05-12 10:04:09,xe_may_dien,Xe điện Vespa Dior 946,14500000,LƯU BẢO TRÂN,"🍁🍁 XE ĐIỆN V3 CỰC HOT! 🍁🍁 💥 Nhỏ gọn, Cá tính, dễ luồn lách 💥 Thiết kế kiểu dáng thời trang 💥 Sàn để chân rộng tiện lợi 💥 Động cơ ổn định chạy êm 💥Phù hợp học sinh – sinh viên – người đi làm #xedienluugia #xedienhottrend #xedienhocsinh #xedienthongminh #XeDienGiaTot #xedienHOTTRENDK1 #rapxedien #xediengiare","Quận 8, Tp Hồ Chí Minh",Mới,Xe máy điện,Unknown,2026,,14500000,New,Hồ Chí Minh,2026.0,
1951,https://xe.chotot.com/mua-ban-xe-may/132332360.htm,2026-05-12 09:11:13,xe_may_dien,Xe điện Yadea X-Sky Đen Đã sử dụng,8000000,trần minh hiếu,"Xe điện Yadea X-Sky màu đen đã sử dụng. - Ngoại hình đẹp, xe giữ gìn cẩn thận. - Pin đã bảo hành - Xe vận hành êm ái, tiết kiệm chi phí.","Thành phố Dĩ An, Bình Dương",Đã sử dụng,Xe máy điện,Unknown,2025,20,8000000,Used,Bình Dương,2025.0,20.0
1952,https://xe.chotot.com/mua-ban-xe-may/132331286.htm,2026-05-12 08:29:43,xe_may_dien,"4 em đít dịt nhà Vin Date Cao , Odo thắp , gia iu",29990000,nguyenchuyenpin,"Bán 4 em Đít dịt và VIN : 1 . Vinfast Vero X 2026 , Odo 3.800km , màu Trắng Biển Sài Gòn Giá : 29tr990 ( Sang Tên Rút Gốc Có Phí Nha ) 2 . VentoS Xanh Ngọc 2022 . odo 12.000km Giá : 48tr 3 . VentoS Vàng 2022 , odo 25.000km Giá : 45tr 4 . Vento Neo Vàng 2025, odo 2.500km Giá : 35tr 😚🥰🤪💁..........THU XĂNG ĐỔI ĐIỆN ĐỔI ĐỜI..........😍😄😄😄 - MÌNH CAM KẾT THU CAO HƠN NHỮNG CỬA HÀNG KHÁC 1 ĐẾN 2TR NHÉ . - CẦM XE MÁY _ XE ĐIỆN _ XE HƠI ĐIỆN GIÁ CAO ( CHÍNH CHỦ ) KỂ CẢ XE ĐANG CẦM NGÂN HÀNG . ĐỊNH GIÁ NGAY CÓ TIỀN SAU 19 PHÚT . - CHUYÊN LÀM PIN ĐỘ _ SỮA CHỮA_ TÂN TRANG PIN CHO TẤT CẢ CÁC LOẠI XE ĐIỆN . - CÓ HOA HỒNG 1TR / 1 XE CHO BẠN CTV GIỚI THIỆU SHOP MUA & BÁN ( LẤY TIỀN TƯƠI NHA ) . ........nguyenchuyenpin.com................ ✅ 𝐂Ó 𝐓𝐑Ả 𝐆Ó𝐏 – 𝐂À 𝐓𝐇Ẻ – 𝐆𝐈𝐀𝐎 𝐓Ậ𝐍 𝐍𝐇À ✅ 𝐍Ợ 𝐗Ấ𝐔 𝐁𝐀𝐎 ĐẬ𝐔 𝟏𝟎𝟎% ✅ 𝐂𝐀𝐌 𝐊Ế𝐓 𝐗𝐄 𝐓𝐇Ậ𝐓 – 𝐆𝐈Á 𝐓𝐇Ậ𝐓 – 𝐁Ả𝐎 𝐇À𝐍𝐇 𝐌𝐈𝐍𝐇 𝐁Ạ𝐂𝐇 😛ĐỊA CHỈ : 21 Nguyễn Súy . Phú Thọ Hoà ( Tân Phú Cũ ) . 😭🤪🥵😉 Time Mở Cửa : 6Am _ 24Pm ☎ *** ☎ 📢 QUÝ KHÁCH VUI LÒNG GỌI TRƯỚC KHI QUA . XIN CÁM ƠN QUÝ KHÁCH ĐÃ QUAN TÂM .","Quận Tân Phú, Tp Hồ Chí Minh",Đã sử dụng,Xe máy điện,Unknown,2025,3800,29990000,Used,Hồ Chí Minh,2025.0,3800.0
1953,https://xe.chotot.com/mua-ban-xe-may/132330028.htm,2026-05-12 07:06:53,xe_may_dien,bán xe vinfast,31000000,Quốc Trung Nguyễn,💥 Vinfast Vero X màu đen mới 100% 🔋 Trang bị pin 2.4kw đi 90km/ lần sạc ✅ Bảo hành toàn quốc như ngoài hãng ✔️ Phụ kiện giấy tờ đầy đủ về đăng ký chính chủ ✔️ Tặng thảm lót sàn + mũ BH,"Thành phố Buôn Ma Thuột, Đắk Lắk",Đã sử dụng,Xe máy điện,Unknown,2026,8,31000000,Used,Đắk Lắk,2026.0,8.0
1954,https://xe.chotot.com/mua-ban-xe-may/132326823.htm,2026-05-11 20:28:42,xe_may_dien,Xe máy điện màu Xám,8500000,Văn Trương Bỉnh,"cần bán gấp , xe chạy duoc 7tháng , giá thương lượng","Quận 11, Tp Hồ Chí Minh",Đã sử dụng,Xe máy điện,Unknown,2025,2500,8500000,Used,Hồ Chí Minh,2025.0,2500.0
1955,https://xe.chotot.com/mua-ban-xe-may/132326720.htm,2026-05-11 20:23:14,xe_may_dien,Xe máy điện Piaggio Vespa Đỏ đen,6500000,Nguyễn Kiên Anh,Thanh lý xe điện véc pa đỏ đen xe hoạt động tốt đèn còi xi nhan xạc đầy đủ giá rẻ 6tr500,"Thị xã Bến Cát, Bình Dương",Đã sử dụng,Xe máy điện,Unknown,2016,0,6500000,Used,Bình Dương,2016.0,0.0
1956,https://xe.chotot.com/mua-ban-xe-may/132324453.htm,2026-05-11 17:58:41,xe_may_dien,"Xe máy điện Nữ màu Hồng, Trắng Mới",6000000,Đức Quang Đỗ,"Xe điện màu hồng dễ thương, phù hợp cho nữ. - Xe còn đẹp, hoạt động tốt. - Giá 6 triệu. Lh-***-Lan","Quận Đống Đa, Hà Nội",Đã sử dụng,Xe máy điện,Unknown,2022,50,6000000,Used,Hà Nội,2022.0,50.0
1957,https://xe.chotot.com/mua-ban-xe-may/132324438.htm,2026-05-11 17:57:23,xe_may_dien,Xe máy điện Quantum S2 Xanh,39500000,Văn Nghĩa Xe Máy Điện ,"QuantumS2 1 lần sạc đi 285km Odo chuẩn 10.000km, có sạc nhanh 1.800w Biển thành phố chính chủ kí Zá 39tr5( HỖ TRỢ GÓP ĐƯA TRƯỚC 30% NHẬN XE) Call ***","Quận Tân Phú, Tp Hồ Chí Minh",Đã sử dụng,Xe máy điện,Unknown,2025,10000,39500000,Used,Hồ Chí Minh,2025.0,10000.0
1958,https://xe.chotot.com/mua-ban-xe-may/132324258.htm,2026-05-11 17:47:03,xe_may_dien,✅Pink Metro✅Feliz2025Lite 2ic Bán Xe Máy Điện,33900000,Pink Ev Premium Q12 Metro,"Fb - Tiktok : Nguyen Minh Long Pink Dragon ==================📌📌📌================== Feliz2025lite Tiền Giang 9 Chủ Bao Ký Đã lên IC feliz 2025 và tắt phanh tái sinh bao mượt - 2 Pin mua 2.4kw - Phuộc sau X1r daytona - Chắn bùn ngắn Feliz S - Tay lái lắp gù tạ inox đặc chạy đầm tay - Yếm sau đã lắp yếm feliz S có học để đồ - Yên Kim đan êm ái - Dàn ngoài keng 99% - Ốc tán 7 màu bao keng - Bảo hành Vinfast toàn quốc 2031 🏠𝟭𝟳𝟴 𝗧𝗮̂𝗻 𝗧𝗵𝗼̛́𝗶 𝗛𝗶𝗲̣̂𝗽 𝟮𝟭 - 𝗤.𝟭𝟮 - 𝗛𝗖𝗠 ❤️Nậu Xớ Đưa Từ 6tr Ko L//ã//i Suất ❤️Lên hồ sơ Online nhận xe tại nhà ❤️Nậu Xớ trả chậm trong 24 tháng ❤️Tặng 1 năm hư Pink đưa xe dùng khi chờ sửa ❤️Tặng đổi pin đi liền ko sạc ở 8 đến 12 cơ sở ( Quận 12 - Quận 6 - Bình Tân - Tân Phú - Tân Bình - Thủ Đức - Quận 4 ) ✅𝗚𝗼́𝗽 𝗡𝗴𝗮̂𝗻 𝗛𝗮̀𝗻𝗴 : Đưa 20% ae giữ Cavet ✅𝗖𝗮̀ 𝗧𝗵𝗲̉ - 𝗚𝗼́𝗽: Cà thẻ ,chuyển đổi trả góp ✅𝗕𝗮𝗼 𝗤𝘂𝗮𝘆 Đ𝗮̂̀𝘂 : Từ 20% theo giá thị trường ✅𝗠𝘂𝗮 𝗕𝗮́𝗻 𝗧𝗿𝗮𝗼 Đ𝗼̂̉𝗶 𝗫𝗲 𝗫𝗮̆𝗻𝗴, 𝗫𝗲 Đ𝗶𝗲̣̂𝗻 𝗧𝗮̣̂𝗻 𝗡𝗵𝗮̀ 𝗖𝗧𝗬 𝗣𝗜𝗡𝗞 : 𝙓𝙀 Đ𝙄𝙀̣̂𝙉 𝙎𝘼̆̃𝙉 𝘼𝙋𝙋 - 𝗡𝗔̣̂𝗨 𝗫𝗢̛́ Đ𝗨̛𝗔 𝟲 𝗖𝗨̉ 🏠𝟭𝟳𝟴 𝗧𝗮̂𝗻 𝗧𝗵𝗼̛́𝗶 𝗛𝗶𝗲̣̂𝗽 𝟮𝟭 - 𝗤.𝟭𝟮 - 𝗛𝗖𝗠 🏠𝟮𝟴𝟴 𝗧𝗿𝘂̛𝗼̛̀𝗻𝗴 𝗖𝗵𝗶𝗻𝗵 - 𝗤𝘂𝗮̣̂𝗻 𝟭𝟮 - 𝗛𝗖𝗠 🏠𝟳𝟵 𝗛𝗼𝗮̀𝗻𝗴 𝗩𝗮̆𝗻 𝗧𝗵𝘂̣ - 𝗣𝗵𝘂́ 𝗡𝗵𝘂𝗮̣̂𝗻 - 𝗛𝗖𝗠","Quận 12, Tp Hồ Chí Minh",Đã sử dụng,Xe máy điện,Unknown,2025,5000,33900000,Used,Hồ Chí Minh,2025.0,5000.0
1959,https://xe.chotot.com/mua-ban-xe-may/132321917.htm,2026-05-11 15:54:58,xe_may_dien,VinFast Feliz S Xanh,27000000,Nguyễn Đại,FelizS chính chủ Xe đi kỉ còn đẹp Giá 27.000.000,"Quận 12, Tp Hồ Chí Minh",Đã sử dụng,Xe máy điện,Unknown,2023,30000,27000000,Used,Hồ Chí Minh,2023.0,30000.0
1960,https://xe.chotot.com/mua-ban-xe-may/132321378.htm,2026-05-11 15:34:37,xe_may_dien,VinFast Vento Neo 2025 Vàng 2600 km,35000000,nguyenchuyenpin,"Vento Neo 2025 , Odo 2.600km , Chính Chủ Công Chứng , Xe Keng Giá : 35tr ( bao sang tên trọn gói ) . 😚🥰🤪💁..........THU XĂNG ĐỔI ĐIỆN ĐỔI ĐỜI..........😍😄😄😄 - MÌNH CAM KẾT THU CAO HƠN NHỮNG CỬA HÀNG KHÁC 1 ĐẾN 2TR NHÉ . - CẦM XE MÁY _ XE ĐIỆN _ XE HƠI ĐIỆN _ LAPTOP _ LOA _ DÀN CDJ _ HIEND GIÁ CAO ( CHÍNH CHỦ ) KỂ CẢ XE ĐANG CẦM NGÂN HÀNG . ĐỊNH GIÁ NGAY CÓ TIỀN SAU 19 PHÚT . - CHUYÊN ĐỘ PIN _ SỮA CHỮA_ TÂN TRANG CHO TẤT CẢ CÁC LOẠI XE ĐIỆN . ........nguyenchuyenpin.com................ ✅ 𝐂Ó 𝐓𝐑Ả 𝐆Ó𝐏 – 𝐂À 𝐓𝐇Ẻ – 𝐆𝐈𝐀𝐎 𝐓Ậ𝐍 𝐍𝐇À ✅ 𝐍Ợ 𝐗Ấ𝐔 𝐁𝐀𝐎 ĐẬ𝐔 𝟏𝟎𝟎% ✅ 𝐂𝐀𝐌 𝐊Ế𝐓 𝐗𝐄 𝐓𝐇Ậ𝐓 – 𝐆𝐈Á 𝐓𝐇Ậ𝐓 – 𝐁Ả𝐎 𝐇À𝐍𝐇 𝐌𝐈𝐍𝐇 𝐁Ạ𝐂𝐇 😛ĐỊA CHỈ : 21 Nguyễn Súy . Phú Thọ Hoà ( Tân Phú Cũ ) . 😭🤪🥵😉 Time Mở Cửa : 6Am _ 24Pm ☎ *** ☎ 📢 QUÝ KHÁCH VUI LÒNG GỌI TRƯỚC KHI QUA . XIN CÁM ƠN QUÝ KHÁCH ĐÃ QUAN TÂM .","Quận Tân Phú, Tp Hồ Chí Minh",Đã sử dụng,Xe máy điện,Unknown,2025,2600,35000000,Used,Hồ Chí Minh,2025.0,2600.0
1961,https://xe.chotot.com/mua-ban-xe-may/132319092.htm,2026-05-11 14:15:05,xe_may_dien,Xe điện Lightfox màu Trắng,10000000,Ken Đáng,"Xe điện chủ mới mua mấy tháng 16,5 triệu. chạy mới được 2000 cây. Nay e bán 10 triệu. rẻ hơn xe mới 6,5 triệu E có nhận trao đổi với xe máy","Huyện Hồng Dân, Bạc Liêu",Đã sử dụng,Xe máy điện,Unknown,2025,2000,10000000,Used,Bạc Liêu,2025.0,2000.0
1962,https://xe.chotot.com/mua-ban-xe-may/132283571.htm,2026-05-11 13:57:13,xe_may_dien,Xe máy điện VinFast Feliz S Xanh rêu,32900000,Kiệt Xe Điện 3sGo,"#FelizS Rêu - DK 2/2025 Pin Mua 3.5kw BSTP Chủ Công Chứng - Còn đủ phụ kiện theo xe - Dàn áo dán keo full xe - Yên kymdan - Óc tán 7 màu keng 98% - Óc tán đẹp chi tiết như hình ❤️Xe keng 98% so với xe new #giá_32tr9 - Giao lưu xe, tài sản giá trị ❤️Nậu Xớ Đưa Từ 30tr Ko L//ã//i Suất ❤️Lên hồ sơ Online nhận xe tại nhà ❤️Nậu Xớ trả chậm trong 24 tháng ❤️Tặng 1 năm hư Pink đưa xe dùng khi chờ sửa ❤️Tặng đổi pin đi liền ko sạc ở 8 đến 12 cơ sở ( Quận 12 - Quận 6 - Quận 4 - Quận 8 - Bình Tân - Tân Phú - Tân Bình - Phú Nhuận - Thủ Đức ) 📞: *** #𝙆𝙞𝙚̣̂𝙩 (𝟮𝟰/𝟳) 🏠𝟮𝟴𝟴 𝗧𝗿𝘂̛𝗼̛̀𝗻𝗴 𝗖𝗵𝗶𝗻𝗵 - 𝗤𝘂𝗮̣̂𝗻 𝟭𝟮 - 𝗧𝗣.𝗛𝗖𝗠","Quận 12, Tp Hồ Chí Minh",Đã sử dụng,Xe máy điện,Unknown,2025,0,32900000,Used,Hồ Chí Minh,2025.0,0.0
1963,https://xe.chotot.com/mua-ban-xe-may/132179768.htm,2026-05-11 12:50:41,xe_may_dien,Xe máy điện VinFast Evo200 Trắng,24900000,Kiệt Xe Điện 3sGo,"Evo200 Trắng - DK 9/2025 BST 63 Chính Chủ Bao Công Chứng - Pin Mua 3.5kw - Dàn áo keng ko trầy 99% - Óc tán 7 màu keng 99% - Còn đủ phụ kiện theo xe ❤️Xe keng 99% so với xe new 💰Giá_24tr9 - Giao lưu xe, Tài sản giá trị ☎️/𝗭𝗮𝗹𝗼 : *** - 𝙏𝙪̛ 𝙑𝙖̂́𝙣 𝟮𝟰/𝟳 🏠 𝟮𝟴𝟴 𝗧𝗿𝘂̛𝗼̛̀𝗻𝗴 𝗖𝗵𝗶𝗻𝗵 - 𝗤𝘂𝗮̣̂𝗻 𝟭𝟮 - 𝗛𝗖𝗠 ❤️G//ó//p 30% Có L/ã/i và 50% Ko L/ã/i ❤️Ko xác minh nhà ,Ko xác minh thu nhập ❤️Tặng 12 tháng xe hư đưa xe khác dùng ❤️Tặng đổi pin đi liền ko chờ sạc nhiều ở 8 đến 12 cơ sở ở Sài Gòn ( Ở Quận 4 -6 -8 -12 , Tân Bình, Bình Tân, Tân Phú, Thủ Đức, Phú Nhuận ) 𝗖𝗧𝗬 𝗣𝗜𝗡𝗞: 𝙓𝙀 Đ𝙄Ệ𝙉 𝙎Ẵ𝙉 𝘼𝙋𝙋 - 𝗡Ậ𝗨 𝗫Ớ Đ𝗨̛𝗔 𝟲𝗖Ủ ☎️/𝗛𝗼𝘁𝗹𝗶𝗻𝗲 : *** #𝗟𝗼𝗻𝗴𝗣𝗶𝗻𝗸 🏠𝟮𝟴𝟴 𝗧r𝘂̛𝗼̛̀𝗻𝗴 𝗖𝗵𝗶𝗻𝗵 - 𝗤𝘂𝗮̣̂𝗻 𝟭𝟮 - 𝗛𝗖𝗠","Quận 12, Tp Hồ Chí Minh",Đã sử dụng,Xe máy điện,Unknown,2025,0,24900000,Used,Hồ Chí Minh,2025.0,0.0
1964,https://xe.chotot.com/mua-ban-xe-may/132316910.htm,2026-05-11 12:44:20,xe_may_dien,Xe máy điện Feliz Đen 63000 km,28500000,Phan Thanh Trúc,"Xe Feliz màu đen biển số HCM đã mua 1 pin, xe mình chạy đã gần 63,000km. Tuy nhiên mình vừa đi bảo dưỡng xe và được showroom đổi cho cục pin mới 100% Anh chị em liên hệ ZaIo nếu có nhu cầu mua xe ạ, bên dưới. Xe mình vừa mua cục sạc thế hệ mới sạc nhanh luôn, mình bán xe là kèm pin + sạc mới KHÔNG buôn gian dối, định giá vàng, BẢY ngày Chợ Tốt, uy tín mang. SÁU nẻo anh em đều biết tiếng, NĂM tháng kinh doanh, khách xếp hàng. BỐN bề khảo giá, đây sát nhất, HAI chữ ""kỳ kèo"", xin cất ngang. NĂM mười sòng phẳng, tiền trao nhận, BỐN phương tin tưởng, chốt nhẹ nhàng. HAI bên thuận ý, giao dịch gọn, NĂM sao đánh giá, sáng nguyên trang.","Huyện Củ Chi, Tp Hồ Chí Minh",Đã sử dụng,Xe máy điện,Unknown,2023,63000,28500000,Used,Hồ Chí Minh,2023.0,63000.0
1965,https://xe.chotot.com/mua-ban-xe-may/132316802.htm,2026-05-11 12:38:40,xe_may_dien,Xe máy điện Filez2 Xanh Olive Mới 100%,21000000,Ny,"Filez2 odo 12km new chua ra bien so nay can ban 21tr ai can lien he *** Mới nhận xe từ cửa hàng new 100%, nhưng ko thích màu này cần bán lại gấp","Huyện Cần Giờ, Tp Hồ Chí Minh",Mới,Xe máy điện,Unknown,2026,,21000000,New,Hồ Chí Minh,2026.0,
1966,https://xe.chotot.com/mua-ban-xe-may/132291890.htm,2026-05-11 12:05:03,xe_may_dien,Xe máy điện Yadea M6i Xanh,11200000,tuan anh,"yadea M6i như hình. bình 22a yadea và bánh sau mới thay có đồng hồ test nội trở pin cho bạn nào cần. xe đi 20k km. trên 70km/ 1lân sạc. chính chủ bán sang tên . xem ở phan đình phùng, phú nhuận","Quận Phú Nhuận, Tp Hồ Chí Minh",Đã sử dụng,Xe máy điện,Unknown,2024,20000,11200000,Used,Hồ Chí Minh,2024.0,20000.0
1967,https://xe.chotot.com/mua-ban-xe-may/132205188.htm,2026-05-11 11:58:37,xe_may_dien,Xe máy điện VinFast Evo Grand Nâu,19800000,LÊ PHI VŨ,"#Evogrand #date2025 xuất hoá đơn bấm biển mới Xe cực đẹp Odo : ~10k Động cơ nguyên zin , đã tắt phanh tái sinh Dàn áo đẹp Ốc tán như mới Mâm zin vỏ theo xe 🤙🏻 *** #XM5B","Quận Bình Tân, Tp Hồ Chí Minh",Đã sử dụng,Xe máy điện,Unknown,2025,10000,19800000,Used,Hồ Chí Minh,2025.0,10000.0
1968,https://xe.chotot.com/mua-ban-xe-may/132314975.htm,2026-05-11 11:21:53,xe_may_dien,Xe máy điện màu Đen,4000000,Vinh Trần,xe chạy êm Bình khoẻ Khu vực Long Xuyên Gtdd 4tr ***,"Thành phố Long Xuyên, An Giang",Đã sử dụng,Xe máy điện,Unknown,2020,20000,4000000,Used,An Giang,2020.0,20000.0
1969,https://xe.chotot.com/mua-ban-xe-may/132314899.htm,2026-05-11 11:19:33,xe_may_dien,Xe điện EVO màu Đen,2800000,tuân anh,xe điện evo ạ m về quê thanh lí ạ,"Quận Long Biên, Hà Nội",Đã sử dụng,Xe máy điện,Unknown,2016,50,2800000,Used,Hà Nội,2016.0,50.0
1970,https://xe.chotot.com/mua-ban-xe-may/132305649.htm,2026-05-10 19:31:03,xe_may_dien,Xe máy điện VinFast Feliz S Đỏ,22000000,Văn Nghĩa Xe Máy Điện ,"FelizS pin thuê 350/kgh cực hiếm Odo 25k, dán full keo , biển sài gòn chính chủ kí Zá 22tr…. Calll *** Góp đưa trước 30% bao đậu","Quận Tân Phú, Tp Hồ Chí Minh",Đã sử dụng,Xe máy điện,Unknown,2023,25000,22000000,Used,Hồ Chí Minh,2023.0,25000.0
1971,https://xe.chotot.com/mua-ban-xe-may/132305491.htm,2026-05-10 19:19:34,xe_may_dien,Xe máy điện VinFast Evo200 2025 Trắng,24900000,Xe Điện Pink Tân Phú,"#Evo200 ĐK 9/2025 Bao Công Chứng - Pin mua 3.5kw - Áo đẹp keng - Ốc tán 7 màu zin hãng - Xe sử dụng liền 💰𝐆𝐢𝐚́ 2xtr900 ❌ nhỏ có fixx 🛵𝙏𝙝𝙪 𝙢𝙪𝙖 𝙭𝙚 𝙙𝙞𝙚̣̂𝙣 𝙑𝙞𝙣𝙛𝙖𝙨𝙩 𝙏𝙖̣̂𝙣 𝙉𝙝𝙖̀ 𝙂𝙞𝙖́ 𝘾𝙖𝙤 🤝𝗧𝗿𝗮𝗼 𝗗𝗼̂̉𝗶 𝗫𝗲 𝗫𝗮̆𝗻𝗴 𝗟𝗮̂́𝘆 𝗫𝗲 𝗗𝗶𝗲̣̂𝗻 🏠 𝟮𝟴𝟴 𝙏𝙧𝙪̛𝙤̛̀𝙣𝙜 𝘾𝙝𝙞𝙣𝙝 𝙌𝙪𝙖̣̂𝙣 𝟭𝟮 - 𝙃𝘾𝙈 🌏Web xem xe : *** ❤️G//ó//p 30% Có L/ã/i và 50% Ko L/ã/i ❤️Ko xác minh nhà ,Ko xác minh thu nhập ❤️Tặng 12 tháng xe hư đưa xe khác dùng ❤️Tặng đổi pin đi liền ko chờ sạc nhiều ở 8 đến 12 cơ sở ở Sài Gòn ( Ở Quận 4 -6 -8 -12 , Tân Bình, Bình Tân, Tân Phú, Thủ Đức, Phú Nhuận ) #LongPink #XedienPink #XanhSM #XanhSMBike","Quận 12, Tp Hồ Chí Minh",Đã sử dụng,Xe máy điện,Unknown,2025,15000,24900000,Used,Hồ Chí Minh,2025.0,15000.0
1972,https://xe.chotot.com/mua-ban-xe-may/132303454.htm,2026-05-10 17:06:34,xe_may_dien,Xe máy điện VinFast Feliz 2025 Xanh,25800000,Cửa hàng Motor Xuân Bình ,xe điện vinfast 202nghin cay xe đẹp như mới feliz 2025,"Thành phố Thủ Đức, Tp Hồ Chí Minh",Đã sử dụng,Xe máy điện,Unknown,2025,202000,25800000,Used,Hồ Chí Minh,2025.0,202000.0
1973,https://xe.chotot.com/mua-ban-xe-may/132303426.htm,2026-05-10 17:05:36,xe_may_dien,Xe máy điện Đa màu,5000000,thiện quang minh trần,"Xe điện đa màu, thiết kế trẻ trung, năng động. - Vận hành êm ái, tiết kiệm năng lượng. - Phù hợp di chuyển trong thành phố.","Quận 7, Tp Hồ Chí Minh",Đã sử dụng,Xe máy điện,Unknown,2025,200000,5000000,Used,Hồ Chí Minh,2025.0,200000.0
1974,https://xe.chotot.com/mua-ban-xe-may/132302337.htm,2026-05-10 16:08:22,xe_may_dien,Xe máy điện Yadea XMen Đen Đã sử dụng,4500000,Tên chưa cung cấp,"bán xe điện XMen dùng ổn định bình khoẻ sạc lần đi cả tuần mới thay bộ vỏ mới đẹp cứng giá mong muốn 4,5 tr","Huyện Gia Lâm, Hà Nội",Đã sử dụng,Xe máy điện,Unknown,2023,25000,4500000,Used,Hà Nội,2023.0,25000.0
1975,https://xe.chotot.com/mua-ban-xe-may/132298920.htm,2026-05-10 13:11:34,xe_may_dien,Xe máy điện Dreaform Supo C Đen,10000000,Trường An,thanh lý xe không xài cần bán lại anh em,"Quận Ninh Kiều, Cần Thơ",Đã sử dụng,Xe máy điện,Unknown,2025,12345,10000000,Used,Cần Thơ,2025.0,12345.0
1976,https://xe.chotot.com/mua-ban-xe-may/132297834.htm,2026-05-10 12:16:58,xe_may_dien,Xe máy điện Xmen Đen,3000000,Dương Nguyễn,cần bán xmen giá 3m bình ms thay đc 2 tuần,"Thành phố Dĩ An, Bình Dương",Đã sử dụng,Xe máy điện,Unknown,2014,8386,3000000,Used,Bình Dương,2014.0,8386.0
1977,https://xe.chotot.com/mua-ban-xe-may/132278783.htm,2026-05-10 11:57:36,xe_may_dien,Xe máy điện Mantisbike 2023 Trắng,8500000,A linh,"Cần bán xe máy điện nữ,mua mới 2023 nhưng k sd đến,xe đẹp thời trang,nữ tính nhẹ nhàng dễ sd,mới thay hết lại bình mới","Quận Liên Chiểu, Đà Nẵng",Đã sử dụng,Xe máy điện,Unknown,2023,500,8500000,Used,Đà Nẵng,2023.0,500.0
1978,https://xe.chotot.com/mua-ban-xe-may/132295282.htm,2026-05-10 10:27:23,xe_may_dien,Xe máy điện DK V1 Hồng Đã sử dụng,8500000,Thịnh ,"Xe máy điện DK V1 màu hồng, ít dùng, còn mới. - Trang bị 5 bình lớn, chạy khỏe. - Thiết kế nhỏ gọn, dễ di chuyển. Cần để lại cho ae mua về đi nhậu","Huyện Xuyên Mộc, Bà Rịa - Vũng Tàu",Đã sử dụng,Xe máy điện,Unknown,2025,1600,8500000,Used,Vũng Tàu,2025.0,1600.0
1979,https://xe.chotot.com/mua-ban-xe-may/132294287.htm,2026-05-10 09:47:26,xe_may_dien,Bán xe điện Vespa mới,15000000,Xe Điện Tiến Dũng,"Xe mới giấy tờ đầy đủ đăng ký chính chủ.Bảo hành đầy đủ,giao xe tận nhà bán kính 20km. Ship toàn quốc,có cọc tiền trước,thanh toán sau khi nhận hàng","Quận Hà Đông, Hà Nội",Đã sử dụng,Xe máy điện,Unknown,2026,0,15000000,Used,Hà Nội,2026.0,0.0
1980,https://xe.chotot.com/mua-ban-xe-may/132204058.htm,2026-05-10 09:04:43,xe_may_dien,Xe máy điện EVO Grand Lite 2026 Tím- mới- góp,3550000,Vy Điện Máy Trả Góp Tại Nhà,"Xe máy điện VinFast EVO Grand Lite màu tím, phiên bản 2026.- (2 pin) - Thiết kế hiện đại, vận hành êm ái. - Hỗ trợ trả góp linh hoạt theo tuần hoặc tháng. - Phù hợp cho sinh viên, người đi làm, mẹ bỉm sữa.","Quận 7, Tp Hồ Chí Minh",Mới,Xe máy điện,Unknown,2026,,3550000,New,Hồ Chí Minh,2026.0,
1981,https://xe.chotot.com/mua-ban-xe-may/132292884.htm,2026-05-10 08:33:17,xe_may_dien,Xe máy điện Zevo Trắng,8500000,Quốc Toàn,Xe mới mua 1 tháng xe như mới về chỉ việc sạc là chạy thích hợp cho học sinh và nội trợ,"Huyện Xuân Lộc, Đồng Nai",Đã sử dụng,Xe máy điện,Unknown,2026,466,8500000,Used,Đồng Nai,2026.0,466.0
1982,https://xe.chotot.com/mua-ban-xe-may/132255258.htm,2026-05-10 07:57:53,xe_may_dien,Xe máy điện VC 2025 màu Kem 99% mới,9000000,Hoang minh đức,"Bán xe điện vc đời mới 2025 99% Bảo hành 3 tháng ,5 bình ac quy lớn Mới như hình k lỗi","Thành phố Buôn Ma Thuột, Đắk Lắk",Mới,Xe máy điện,Unknown,2025,,9000000,New,Đắk Lắk,2025.0,
1983,https://xe.chotot.com/mua-ban-xe-may/132292379.htm,2026-05-10 07:55:42,xe_may_dien,Xe máy điện VinFast EVO 200 Lite Đen,22800000,khánh Hân,"Xe máy điện VinFast EVO 200 Lite màu đen. - Xe chính chủ, đi êm ái. - Quãng đường di chuyển 120km/lần sạc. - Thiết kế hiện đại, phù hợp đi lại hàng ngày.","Quận 8, Tp Hồ Chí Minh",Đã sử dụng,Xe máy điện,Unknown,2025,8000,22800000,Used,Hồ Chí Minh,2025.0,8000.0
1984,https://xe.chotot.com/mua-ban-xe-may/132272197.htm,2026-05-10 07:47:53,xe_may_dien,"Xe máy điện Z3 Kem, Đỏ",9000000,Hoang minh đức,Bán xe điện z3 mới như hình Bảo hành 3 tháng 5 bình ac quy lớn,"Thành phố Buôn Ma Thuột, Đắk Lắk",Đã sử dụng,Xe máy điện,Unknown,2025,2519,9000000,Used,Đắk Lắk,2025.0,2519.0
1985,https://xe.chotot.com/mua-ban-xe-may/132291843.htm,2026-05-10 07:01:46,xe_may_dien,Xe máy điện Yadea V1 Plus 2025 Đen,8200000,Khánh Vy,"Xe máy điện V1 Plus màu đen, đời 2025. - Xe dùng 5 bình ắc quy, vận hành ổn định. - Thiết kế hiện đại, phù hợp di chuyển trong phố.","Quận Lê Chân, Hải Phòng",Mới,Xe máy điện,Unknown,2025,,8200000,New,Hải Phòng,2025.0,
1986,https://xe.chotot.com/mua-ban-xe-may/132289473.htm,2026-05-09 21:04:16,xe_may_dien,Xe máy điện Vespa Trắng,6200000,Xe Điện Lam Anh,"Chuyển kho, bán nhanh vespa điện mẫu trắng, 4 bình lớn còn mạnh, đầy đủ giấy tờ, biển MĐ1, xe liền lạc. Mọi chức năng hoạt động bình thường, xe đang sử dụng. Xem xe gần chợ Hóc Môn","Huyện Hóc Môn, Tp Hồ Chí Minh",Đã sử dụng,Xe máy điện,Unknown,2016,36000,6200000,Used,Hồ Chí Minh,2016.0,36000.0
1987,https://xe.chotot.com/mua-ban-xe-may/132288522.htm,2026-05-09 19:56:24,xe_may_dien,✅Pink Metro✅EvoNeo 2025 odo 1k Xe Máy Điện,17900000,Pink Ev Premium Q12 Metro,"Fb - Tiktok : Nguyen Minh Long Pink Dragon ==================📌📌📌================== Evo Neo 2025 Sài Gòn 9 Chủ Ký - Không cần bằng lái học sinh chạy được - Odo 1k - 2 kính , sạc theo xe - Dàn áo đẹp 98% leng keng - Ốc tán 7 màu bao 98% keng 🏠🏠𝟭𝟳𝟴 𝗧𝗮̂𝗻 𝗧𝗵𝗼̛́𝗶 𝗛𝗶𝗲̣̂𝗽 𝟮𝟭 - 𝗤.𝟭𝟮 - 𝗛𝗖𝗠 ❤️Trả chậm tay đôi đưa 20% ko lẻ suất ❤️Ko xác minh nhà ,Ko xác minh thu nhập ❤️Tặng 12 tháng xe hư đưa xe khác dùng ❤️Tặng đổi pin đi liền ko chờ sạc nhiều ở 8 đến 12 cơ sở ở Sài Gòn ( Ở Quận 4 -6 -8 -12 , Tân Bình, Bình Tân, Tân Phú, Thủ Đức, Phú Nhuận ) ✅𝗚𝗼́𝗽 𝗡𝗴𝗮̂𝗻 𝗛𝗮̀𝗻𝗴 : Đưa 20% ae giữ Cavet ✅𝗖𝗮̀ 𝗧𝗵𝗲̉ - 𝗚𝗼́𝗽: Cà thẻ ,chuyển đổi trả góp ✅𝗕𝗮𝗼 𝗤𝘂𝗮𝘆 Đ𝗮̂̀𝘂 : Từ 20% theo giá thị trường ✅𝗠𝘂𝗮 𝗕𝗮́𝗻 𝗧𝗿𝗮𝗼 Đ𝗼̂̉𝗶 𝗫𝗲 𝗫𝗮̆𝗻𝗴, 𝗫𝗲 Đ𝗶𝗲̣̂𝗻 𝗧𝗮̣̂𝗻 𝗡𝗵𝗮̀ 𝗖𝗧𝗬 𝗣𝗜𝗡𝗞 : 𝙓𝙀 Đ𝙄𝙀̣̂𝙉 𝙎𝘼̆̃𝙉 𝘼𝙋𝙋 - 𝗡𝗔̣̂𝗨 𝗫𝗢̛́ Đ𝗨̛𝗔 𝟲 𝗖𝗨̉ 🏠𝟭𝟳𝟴 𝗧𝗮̂𝗻 𝗧𝗵𝗼̛́𝗶 𝗛𝗶𝗲̣̂𝗽 𝟮𝟭 - 𝗤.𝟭𝟮 - 𝗛𝗖𝗠 🏠𝟮𝟴𝟴 𝗧𝗿𝘂̛𝗼̛̀𝗻𝗴 𝗖𝗵𝗶𝗻𝗵 - 𝗤𝘂𝗮̣̂𝗻 𝟭𝟮 - 𝗛𝗖𝗠 🏠𝟳𝟵 𝗛𝗼𝗮̀𝗻𝗴 𝗩𝗮̆𝗻 𝗧𝗵𝘂̣ - 𝗣𝗵𝘂́ 𝗡𝗵𝘂𝗮̣̂𝗻 - 𝗛𝗖𝗠","Quận 12, Tp Hồ Chí Minh",Đã sử dụng,Xe máy điện,Unknown,2025,1000,17900000,Used,Hồ Chí Minh,2025.0,1000.0
1988,https://xe.chotot.com/mua-ban-xe-may/132288108.htm,2026-05-09 19:29:12,xe_may_dien,Xe máy điện Yadea Ocean màu Kem,14500000,Dũng,do nhu cầu ít đi lại cần ra đi xe điện yadea ocean xe ổn định mua về cho vợ đi chợ con em đi học kg cần bằng lái giá mong muốn 14tr5 còn thương lượng cho ai có thiện chí liên hệ Dũng 7 tủi ( *** ),"Huyện Long Hồ, Vĩnh Long",Đã sử dụng,Xe máy điện,Unknown,2025,2724,14500000,Used,Vĩnh Long,2025.0,2724.0
1989,https://xe.chotot.com/mua-ban-xe-may/132288104.htm,2026-05-09 19:29:03,xe_may_dien,Xe máy điện Đen Đã độ,13500000,ttttttttt,xe độ full do dùng phanh đĩa bình mới 10/10 mở tốc 80km/h chạy 6bình nhé chốt nhanh có giảm nhiêu (xe có giấy tờ),"Quận Nam Từ Liêm, Hà Nội",Đã sử dụng,Xe máy điện,Unknown,2024,150,13500000,Used,Hà Nội,2024.0,150.0
1990,https://xe.chotot.com/mua-ban-xe-may/132288083.htm,2026-05-09 19:27:13,xe_may_dien,"Xe điện Vespa Zin nguyên, ngon nghẻ và êm ái",6500000,Duy Hưng,"Xe máy điện Vespa zin đẹp, khoẻ khoắn và êm ái. Đi tầm 40-50km. Ai cần hãy gọi nhé","Quận Nam Từ Liêm, Hà Nội",Đã sử dụng,Xe máy điện,Unknown,2021,8000,6500000,Used,Hà Nội,2021.0,8000.0
1991,https://xe.chotot.com/mua-ban-xe-may/132285293.htm,2026-05-09 16:46:39,xe_may_dien,Xe máy điện Xmen Bạc Đã bảo dưỡng,6888888,Bùi Anh Dũng,💥💥💥 Chào bán Xmen đời mới siêu lướt xe đã bảo dưỡng 🌼 Bình khoẻ 🌼 xe zin nguyên bản - Full chúc nặng 🌼 phụ kiện đây đủ - sip toàn quốc 🌼 Thu mua xe cũ tận nhà giá cao 🌼 Thay bình ắc quy tại nhà chính hãng 📲 B lh sdt : *** ( có zalo ) 💁‍♀️ Địa chỉ : 351 Vạn Xuân - Lai Xá - Hoài Đức - Hà Nội,"Quận Nam Từ Liêm, Hà Nội",Đã sử dụng,Xe máy điện,Unknown,2018,30000,6888888,Used,Hà Nội,2018.0,30000.0
1992,https://xe.chotot.com/mua-ban-xe-may/132285269.htm,2026-05-09 16:45:59,xe_may_dien,Xe máy điện Xmen Neo biển đăng ký đầy đủ,6888888,Bùi Anh Dũng,"Xe máy điện Xmen Neo màu đen, đã qua sử dụng nhưng còn tốt. - Bình mới, bảo hành 12 tháng. - Xe zin nguyên bản, đầy đủ chức năng. - Phụ kiện đi kèm đầy đủ.","Quận Nam Từ Liêm, Hà Nội",Đã sử dụng,Xe máy điện,Unknown,2017,3000,6888888,Used,Hà Nội,2017.0,3000.0
1993,https://xe.chotot.com/mua-ban-xe-may/132282785.htm,2026-05-09 15:04:13,xe_may_dien,🩷Pink An Sương🩷Evo200 đk 2024 Xe Máy Điện,24900000,Pink Ev Premium An Sương ,"Fb - Tiktok : Nguyen Minh Long Pink Dragon ==================📌📌📌================== Evo200 đk 2024 BST 66 Chính Chủ Bao Công Chứng - Pin Mua 3.5kw - Up sẵn sạc 1000w - Full khung bảo vệ - Dàn áo keng ko trầy 95% - Ốc tán 7 màu keng 95% - Còn đủ phụ kiện theo xe ❤️Xe keng 95% so với xe new 🏠𝟮𝟴𝟴 𝗧𝗿𝘂̛𝗼̛̀𝗻𝗴 𝗖𝗵𝗶𝗻𝗵 - 𝗤𝘂𝗮̣̂𝗻 𝟭𝟮 - 𝗛𝗖𝗠 ❤️Trả chậm tay đôi đưa 20% ko lẻ suất ❤️Ko xác minh nhà ,Ko xác minh thu nhập ❤️Tặng 12 tháng xe hư đưa xe khác dùng ❤️Tặng đổi pin đi liền ko chờ sạc nhiều ở 8 đến 12 cơ sở ở Sài Gòn ( Ở Quận 4 -6 -8 -12 , Tân Bình, Bình Tân, Tân Phú, Thủ Đức, Phú Nhuận ) ✅𝗚𝗼́𝗽 𝗡𝗴𝗮̂𝗻 𝗛𝗮̀𝗻𝗴 : Đưa 20% ae giữ Cavet ✅𝗖𝗮̀ 𝗧𝗵𝗲̉ - 𝗚𝗼́𝗽: Cà thẻ ,chuyển đổi trả góp ✅𝗕𝗮𝗼 𝗤𝘂𝗮𝘆 Đ𝗮̂̀𝘂 : Từ 20% theo giá thị trường ✅𝗠𝘂𝗮 𝗕𝗮́𝗻 𝗧𝗿𝗮𝗼 Đ𝗼̂̉𝗶 𝗫𝗲 𝗫𝗮̆𝗻𝗴, 𝗫𝗲 Đ𝗶𝗲̣̂𝗻 𝗧𝗮̣̂𝗻 𝗡𝗵𝗮̀ 𝗖𝗧𝗬 𝗣𝗜𝗡𝗞 : 𝙓𝙀 Đ𝙄𝙀̣̂𝙉 𝙎𝘼̆̃𝙉 𝘼𝙋𝙋 - 𝗡𝗔̣̂𝗨 𝗫𝗢̛́ Đ𝗨̛𝗔 𝟲 𝗖𝗨̉ 🏠𝟭𝟳𝟴 𝗧𝗮̂𝗻 𝗧𝗵𝗼̛́𝗶 𝗛𝗶𝗲̣̂𝗽 𝟮𝟭 - 𝗤.𝟭𝟮 - 𝗛𝗖𝗠 🏠𝟮𝟴𝟴 𝗧𝗿𝘂̛𝗼̛̀𝗻𝗴 𝗖𝗵𝗶𝗻𝗵 - 𝗤𝘂𝗮̣̂𝗻 𝟭𝟮 - 𝗛𝗖𝗠 🏠𝟳𝟵 𝗛𝗼𝗮̀𝗻𝗴 𝗩𝗮̆𝗻 𝗧𝗵𝘂̣ - 𝗣𝗵𝘂́ 𝗡𝗵𝘂𝗮̣̂𝗻 - 𝗛𝗖𝗠","Quận 12, Tp Hồ Chí Minh",Đã sử dụng,Xe máy điện,Unknown,2024,15000,24900000,Used,Hồ Chí Minh,2024.0,15000.0
1994,https://xe.chotot.com/mua-ban-xe-may/132262429.htm,2026-05-09 14:08:04,xe_may_dien,Xe máy điện Cute màu Trắng,12000000,Tường,"Con đi du học nên thanh lý xe điện Cute mua chính hãng tại Trường Chinh. Xe mua mới, chạy ít, chưa từng rửa xe lần nào luôn. Xe mua phiên bản chạy pin ( đắt hơn phiên bản chạy bình ắc-quy 5 triệu). Giá xe mua mới là 18.490.000 Nay thanh lý 12triệu cho chiếc xe còn như mới. Lưu ý: xe này là phiên bản chạy pin và xe chất lượng cao, khác hẳn với mấy chiếc xe V1-V2 chạy đầy đường nhé. Cám ơn mọi người đã xem tin và Chợ tốt đã duyệt tin.","Quận Tân Bình, Tp Hồ Chí Minh",Đã sử dụng,Xe máy điện,Unknown,2025,890,12000000,Used,Hồ Chí Minh,2025.0,890.0
1995,https://xe.chotot.com/mua-ban-xe-may/132281222.htm,2026-05-09 13:59:44,xe_may_dien,Xe máy điện VinFast Motio 2025-MÁY MỚI CHÍNH HÃNG,6800000,THIÊN Ý ĐIỆN MÁY TRẢ GÓP,"Xe máy điện VinFast Motio 2025 - Thiết kế hiện đại, nhỏ gọn. - Vận hành êm ái, tiết kiệm năng lượng. - Phù hợp di chuyển trong thành phố.","Quận Gò Vấp, Tp Hồ Chí Minh",Mới,Xe máy điện,Unknown,2025,,6800000,New,Hồ Chí Minh,2025.0,
1996,https://xe.chotot.com/mua-ban-xe-may/132277349.htm,2026-05-09 11:06:21,xe_may_dien,Xe máy điện Vinfast Vero X 2025 Trắng,29990000,nguyenchuyenpin,"Bán Vinfast Vero X 2025 , Odo 3.800km , màu Trắng Biển Sài Gòn Giá : 29tr990 ( Sang Tên Rút Gốc Có Phí Nha ) 😚🥰🤪💁..........THU XĂNG ĐỔI ĐIỆN ĐỔI ĐỜI..........😍😄😄😄 - MÌNH CAM KẾT THU CAO HƠN NHỮNG CỬA HÀNG KHÁC 1 ĐẾN 2TR NHÉ . - CẦM XE MÁY _ XE ĐIỆN _ XE HƠI ĐIỆN GIÁ CAO ( CHÍNH CHỦ ) KỂ CẢ XE ĐANG CẦM NGÂN HÀNG . ĐỊNH GIÁ NGAY CÓ TIỀN SAU 19 PHÚT . - CHUYÊN LÀM PIN ĐỘ _ SỮA CHỮA_ TÂN TRANG PIN CHO TẤT CẢ CÁC LOẠI XE ĐIỆN . - CÓ HOA HỒNG 1TR / 1 XE CHO BẠN CTV GIỚI THIỆU SHOP MUA & BÁN ( LẤY TIỀN TƯƠI NHA ) . ........nguyenchuyenpin.com................ ✅ 𝐂Ó 𝐓𝐑Ả 𝐆Ó𝐏 – 𝐂À 𝐓𝐇Ẻ – 𝐆𝐈𝐀𝐎 𝐓Ậ𝐍 𝐍𝐇À ✅ 𝐍Ợ 𝐗Ấ𝐔 𝐁𝐀𝐎 ĐẬ𝐔 𝟏𝟎𝟎% ✅ 𝐂𝐀𝐌 𝐊Ế𝐓 𝐗𝐄 𝐓𝐇Ậ𝐓 – 𝐆𝐈Á 𝐓𝐇Ậ𝐓 – 𝐁Ả𝐎 𝐇À𝐍𝐇 𝐌𝐈𝐍𝐇 𝐁Ạ𝐂𝐇 😛ĐỊA CHỈ : 21 Nguyễn Súy . Phú Thọ Hoà ( Tân Phú Cũ ) . 😭🤪🥵😉 Time Mở Cửa : 6Am _ 24Pm ☎ *** ☎ 📢 QUÝ KHÁCH VUI LÒNG GỌI TRƯỚC KHI QUA . XIN CÁM ƠN QUÝ KHÁCH ĐÃ QUAN TÂM .","Quận Tân Phú, Tp Hồ Chí Minh",Đã sử dụng,Xe máy điện,Unknown,2025,3800,29990000,Used,Hồ Chí Minh,2025.0,3800.0
1997,https://xe.chotot.com/mua-ban-xe-may/132274906.htm,2026-05-09 09:43:41,xe_may_dien,Xe máy điện VinFast Evo Grand Lite 2026 - THỦ ĐỨC,2100000,THIÊN Ý ĐIỆN MÁY TRẢ GÓP,"Xe máy điện VinFast Evo Grand Lite 2026 chính hãng. - Xe đẹp, chạy êm, pin tốt, tiết kiệm điện. - Phù hợp đi học, đi làm. - Giấy tờ đầy đủ","Thành phố Thủ Đức, Tp Hồ Chí Minh",Mới,Xe máy điện,Unknown,2026,,2100000,New,Hồ Chí Minh,2026.0,
1998,https://xe.chotot.com/mua-ban-xe-may/132034298.htm,2026-05-08 17:13:33,xe_may_dien,Xe máy điện Vinfast Evo Grand Vàng,19900000,Xe Điện Kim Ngân,"vinfast Evo Grand mới 100% Xe sản xuất 3/2026 Xe trang bị pin 2.4kw đi 80-90km/ lần sạc Động cơ 1500w khoẻ vận tốc tối đa 73km/h Xe đầy đủ giấy tờ về đăng ký chính chủ Bảo hành toàn quốc pin 8 năm và xe 6 năm Màu vàng 20,3tr, các màu khác 20,9tr Đc 194 đông mỹ - thanh trì - HN","Huyện Thanh Trì, Hà Nội",Mới,Xe máy điện,Unknown,2026,,19900000,New,Hà Nội,2026.0,
1999,https://xe.chotot.com/mua-ban-xe-may/132260743.htm,2026-05-08 13:47:09,xe_may_dien,Xe điện Vespa 946 Trắng Đã sử dụng,12300000,Phát Lê,không có nhu cầu sử dụng nữa cần bán lại xe điện vespa 946 xe chạy kĩ mới mua đc 1 tháng 5 bình lớn đủ sạc chìa khoá xem xe tại q10 lh ***,"Quận 10, Tp Hồ Chí Minh",Đã sử dụng,Xe máy điện,Unknown,2026,100,12300000,Used,Hồ Chí Minh,2026.0,100.0
2000,https://xe.chotot.com/mua-ban-xe-may/132260418.htm,2026-05-08 13:33:44,xe_may_dien,Xe máy điện VinFast - góp tư nhân,3100000,Lê Khôi Điện Máy Chuyên Góp,"Xe máy điện VinFast Felis màu đen, thiết kế hiện đại, vận hành êm ái. - ZA TRÊN GÓP BAO NỢ XẤU KHÔNG QUA NGÂN HÀNG - Động cơ mạnh mẽ, quãng đường di chuyển tốt. - Tiết kiệm chi phí, thân thiện môi trường. - Xe sẵn sàng sử dụng.","Thành phố Thủ Đức, Tp Hồ Chí Minh",Mới,Xe máy điện,Unknown,2025,,3100000,New,Hồ Chí Minh,2025.0,
2001,https://xe.chotot.com/mua-ban-xe-may/132259215.htm,2026-05-08 12:33:52,xe_may_dien,Xe máy điện VinFast Feliz 2025 Đen,26500000,Văn Nghĩa Xe Máy Điện ,"VeroX odo chuẩn 200km như neww dắt hãng Xe đẹp ko vết sước , 1pin 2.4 và sạc theo xe Chính chủ kí công chứng Zá 32tr… Call *** GÓP ĐƯA TRƯỚC 30% NHẬN XE THU MUA XE ĐIỆN CŨ TẬN NƠI GIÁ CAO","Quận Tân Phú, Tp Hồ Chí Minh",Đã sử dụng,Xe máy điện,Unknown,2025,1100,26500000,Used,Hồ Chí Minh,2025.0,1100.0
2002,https://xe.chotot.com/mua-ban-xe-may/132258666.htm,2026-05-08 12:07:47,xe_may_dien,Xe máy điện Yadea Orla 2025 Đen,14000000,Ni Ni,em cần bán Yadea Orla 2025 Mua tháng 3 năm 2025 hình thức mới đẹp giấy tờ đầy đủ,"Quận Nam Từ Liêm, Hà Nội",Đã sử dụng,Xe máy điện,Unknown,2025,300,14000000,Used,Hà Nội,2025.0,300.0
2003,https://xe.chotot.com/mua-ban-xe-may/132258203.htm,2026-05-08 11:49:09,xe_may_dien,Xe máy điện Dibao Vespa Đỏ,6500000,Xe Điện Phát Đạt,Vespa dibao bóc nilon đẹp nét ..xe chạy êm 🔋🔋 ắc quy đi 40-50km ..giấy tờ đầy đủ .giá sinh viên 💯 Ace qtam kb za lo tư vấn,"Quận Hoàng Mai, Hà Nội",Đã sử dụng,Xe máy điện,Unknown,2020,5000,6500000,Used,Hà Nội,2020.0,5000.0
2004,https://xe.chotot.com/mua-ban-xe-may/132255262.htm,2026-05-08 10:14:41,xe_may_dien,Xe máy điện VinFast FELIZ S 2024 Đen,33500000,nhat quang,FELIZ S 2024 ODO 7k km KÝ HĐ CÔNG CHỨNG 30s PIN 3.5 BẢO HÀNH SIÊU DÀI,"Quận Gò Vấp, Tp Hồ Chí Minh",Đã sử dụng,Xe máy điện,Unknown,2024,7000,33500000,Used,Hồ Chí Minh,2024.0,7000.0
2005,https://xe.chotot.com/mua-ban-xe-may/132221124.htm,2026-05-07 15:20:48,xe_may_dien,Xe máy điện Vespa Dior 946 Vàng đồng,12000000,Sáng Le,Vespa Dior 946 mới mua đc 2 tuần..xe bao lướt..200km,"Quận 3, Tp Hồ Chí Minh",Đã sử dụng,Xe máy điện,Unknown,2026,200,12000000,Used,Hồ Chí Minh,2026.0,200.0
2006,https://xe.chotot.com/mua-ban-xe-may/132236883.htm,2026-05-07 11:38:51,xe_may_dien,Xe máy điện màu Xám,8000000,Huy Hoàng,"pass gấp xe điện,sài được 7 tháng còn thương lượng xe ở quận 11","Quận Bình Tân, Tp Hồ Chí Minh",Đã sử dụng,Xe máy điện,Unknown,2025,123000,8000000,Used,Hồ Chí Minh,2025.0,123000.0
2007,https://xe.chotot.com/mua-ban-xe-may/132230124.htm,2026-05-07 07:04:51,xe_may_dien,Xe điện 3 bánh LIXI Xám Mới 99%,13000000,Nguyễn Tuấn ,"Xe điện 3 bánh màu xám, phù hợp cho người lớn tuổi - Thiết kế nhỏ gọn, dễ điều khiển. - Di chuyển linh hoạt trong đô thị. - Tiết kiệm nhiên liệu, thân thiện môi trường. - Mới 99%, sử dụng 3 tháng, Mới đi 198km - Xe của hãng LIXI - Giá bán 13.000.000 đ","Thành phố Thủ Dầu Một, Bình Dương",Đã sử dụng,Xe máy điện,Unknown,2025,198,13000000,Used,Bình Dương,2025.0,198.0
2008,https://xe.chotot.com/mua-ban-xe-may/132228730.htm,2026-05-06 22:40:42,xe_may_dien,Xe máy điện Kumatsu Xmen 2025 Đỏ đen,8000000,Đăng Khoa,"Xe máy điện kumatsu xmen mới mua 2025, nhà mua để dùng, nay gia đình muốn bán lại Số km (Odo):8298 km Xe còn đầy đủ chức năng tăng tốc (1,2,3), số lùi, đèn điện,... Đầy đủ giấy tờ sang tên công chứng Anh chị có thiện chí mua, liên hệ ngay Giá cả có thể thương lượng","Quận 12, Tp Hồ Chí Minh",Đã sử dụng,Xe máy điện,Unknown,2025,8298,8000000,Used,Hồ Chí Minh,2025.0,8298.0
2009,https://xe.chotot.com/mua-ban-xe-may/132224740.htm,2026-05-06 18:09:10,xe_may_dien,Xe máy điện Vespa 2021 Trắng Đã sử dụng,6300000,Duy Hưng,"Xe máy điện Vespa nguyên bản đời 2021 lành lặn, ngon nghẻ mà rá rẻ. Đi vẫn khoẻ, đủ chức năng, ai cần hãy gọi hoặc nhắn zalo ***","Quận Nam Từ Liêm, Hà Nội",Đã sử dụng,Xe máy điện,Unknown,2021,9000,6300000,Used,Hà Nội,2021.0,9000.0
2010,https://xe.chotot.com/mua-ban-xe-may/132220013.htm,2026-05-06 14:47:54,xe_may_dien,Xe máy điện V1 2026 màu Đen,13000000,ko,cần bán xe v1 có cốp xe mới mua giá 13tr600k đi đc khoảng 60km xe mới mua 5 ngày trc ko có nhu cầu mún đổi lên xe khác nên bán lại giá cả có thể thương lượng ạ xe đời năm 2026 có giấy bảo hành 1 năm bình và khung mới mua nên vẫn còn giấy tờ đầy đủ ạ,"Quận Tân Bình, Tp Hồ Chí Minh",Đã sử dụng,Xe máy điện,Unknown,2026,60,13000000,Used,Hồ Chí Minh,2026.0,60.0
2011,https://xe.chotot.com/mua-ban-xe-may/132218492.htm,2026-05-06 13:46:44,xe_may_dien,Xe máy điện 133x màu Đen,13500000,ĐQ,"hãng xe 133x,ko cần nữa nên bán.xe đã được độ sẵn.xe đi động cơ 1500w,ic 2000w và 7bình nhỏ,xe có phanh đĩa sau trước,xe bao keng ko trầy xước","Quận Hải Châu, Đà Nẵng",Đã sử dụng,Xe máy điện,Unknown,2020,70,13500000,Used,Đà Nẵng,2020.0,70.0
2012,https://xe.chotot.com/mua-ban-xe-may/132216204.htm,2026-05-06 11:57:48,xe_may_dien,Thanh lý Klara,12500000,Hoàng Lam,"Bà xã đổi xe mới. để lại cho chị em nào thấy hợp nhãn Klara 2019 - 5 bình còn mạnh, màu đỏ, giấy tờ đầy, biển máy điện, mọi chức năng hoạt động bình thường, xe hiện tại đi được 45-50KM/lần sạc, sang tên chính chủ, xe có trầy xước chúc, dàn áo liền lạc. Xem xe gần chợ Thới Tứ, Hóc Môn","Huyện Hóc Môn, Tp Hồ Chí Minh",Đã sử dụng,Xe máy điện,Unknown,2019,23000,12500000,Used,Hồ Chí Minh,2019.0,23000.0
2013,https://xe.chotot.com/mua-ban-xe-may/132214147.htm,2026-05-06 10:42:54,xe_may_dien,Xe điện 3 bánh SUPER Đỏ,9500000,Mr Cảnh,cần bán xe điện 3 bánh ít dùng Do mua về ba tôi chạy không được do sức khoẻ nên cần thanh lý lại giá rẻ cho ai có nhu cầu,"Huyện Chợ Mới, An Giang",Đã sử dụng,Xe máy điện,Unknown,2025,50,9500000,Used,An Giang,2025.0,50.0
2014,https://xe.chotot.com/mua-ban-xe-may/132209369.htm,2026-05-06 07:11:23,xe_may_dien,Xe điện Thể thao màu Đen,6500000,Hà Hải,"Xe điện màu đen, thiết kế thể thao, vận hành êm ái. - Kết cấu bánh 1k2, IC Votol 85s, 7 bình. - Giá bán 6 triệu 500 nghìn.","Quận Tân Bình, Tp Hồ Chí Minh",Đã sử dụng,Xe máy điện,Unknown,2025,200,6500000,Used,Hồ Chí Minh,2025.0,200.0
2015,https://xe.chotot.com/mua-ban-xe-may/132209339.htm,2026-05-06 07:09:27,xe_may_dien,"Xe điện Quốc Huy K1 Vàng, Xám",7899000,thuý diễm,Em cần bán xe điện k1 còn mới chỉ dính bụi bao test bao chạy 7tr899k fixxx nhẹ em ở p16 q8,"Quận 8, Tp Hồ Chí Minh",Đã sử dụng,Xe máy điện,Unknown,2025,0,7899000,Used,Hồ Chí Minh,2025.0,0.0
2016,https://xe.chotot.com/mua-ban-xe-may/129934808.htm,2026-05-06 06:42:38,xe_may_dien,Xe đạp điện Detech ở nhà bè,1200000,Huy Đồng,Trả góp bao nợ xấu Thủ tục nhanh chóng Ko giữ CMND/CCCD Bảo mật thông tin khách hàng Hỗ trợ 0 trả trước Bảo hành chính hãng 2 năm Không chi phú phát sinh,"Huyện Nhà Bè, Tp Hồ Chí Minh",Đã sử dụng,Xe máy điện,Unknown,0,0,1200000,Used,Hồ Chí Minh,0.0,0.0
2017,https://xe.chotot.com/mua-ban-xe-may/132203882.htm,2026-05-05 18:11:03,xe_may_dien,Xe máy điện màu Trắng,3900000,Đại,thanh lý xe điện đầy đủ chức năng xạc theo xe chạy êm mượt bình mới bao test bến cát Bình Dương,"Thị xã Bến Cát, Bình Dương",Đã sử dụng,Xe máy điện,Unknown,2025,1000,3900000,Used,Bình Dương,2025.0,1000.0
2018,https://xe.chotot.com/mua-ban-xe-may/132203871.htm,2026-05-05 18:10:34,xe_may_dien,Xe máy điện VinFast Feliz 2022 Xanh,11000000,EVBATTERY,"- ODO : 24.500km - Pin / Ắc Quy : không bình - Ngoại hình : trầy ít, không bể - Thủ tục mua bán : ủy quyền và mua bán - Năm đăng ký : 2022 - Giá bán: 11 triệu","Quận Tân Bình, Tp Hồ Chí Minh",Đã sử dụng,Xe máy điện,Unknown,2022,24500,11000000,Used,Hồ Chí Minh,2022.0,24500.0
2019,https://xe.chotot.com/mua-ban-xe-may/132203842.htm,2026-05-05 18:09:07,xe_may_dien,Xe máy điện VinFast Feliz S Trắng,28990000,EVBATTERY,"- ODO : 31.500km - Pin / Ắc Quy : pin zin hãng - Ngoại hình : 93% - Thủ tục mua bán : công chứng mua bán sang tên - Năm đăng ký : 2024 - Giá bán: 29,000,000 kèm pin zin ( pin mới mua tháng 09/2025 )","Quận Tân Bình, Tp Hồ Chí Minh",Đã sử dụng,Xe máy điện,Unknown,2024,31500,28990000,Used,Hồ Chí Minh,2024.0,31500.0
2020,https://xe.chotot.com/mua-ban-xe-may/132184278.htm,2026-05-05 15:35:04,xe_may_dien,Xe máy điện Vinfast Impes Xanh,9500000,Trần hữu hoàng,"Xe máy điện Vinfast Impes màu xanh, hoạt động tốt. - Giấy tờ đăng ký đầy đủ, biển số thành phố. - Pin chạy khoảng 40km. - Phù hợp cho người từ 16 tuổi, không cần bằng lái.","Huyện Bình Chánh, Tp Hồ Chí Minh",Đã sử dụng,Xe máy điện,Unknown,2022,40,9500000,Used,Hồ Chí Minh,2022.0,40.0
2021,https://xe.chotot.com/mua-ban-xe-may/132200231.htm,2026-05-05 15:16:11,xe_may_dien,Xe máy điện FelizNeo 2026 Đen,22000000,ChuangLien,"bán FelizNeo 2026 bao gồm cả bình, mới 100% ( đăng ký biển số tháng 4/2026) đã gián keo trông chầy toàn bộ xe Giá bán nhanh : 22 triệu ( chính chủ ra công chứng bất kỳ đâu) Xe biển số SG LH ***","Thành phố Thủ Đức, Tp Hồ Chí Minh",Mới,Xe máy điện,Unknown,2025,,22000000,New,Hồ Chí Minh,2025.0,
2022,https://xe.chotot.com/mua-ban-xe-may/130948978.htm,2026-05-05 13:54:47,xe_may_dien,🔥[TRẢ GÓP 0Đ] XE ĐIỆN VERO X🔥,1000000,Vàng Shinhan,"🔥 SỞ HỮU XE ĐIỆN VINFAST VERO X CHỈ VỚI 0 ĐỒNG Ưu đãi trả góp cực sốc: ✅Trả trước 0 đồng ♥️ ✅Góp 1.511.000 mỗi tháng ♥️ ✅Lãi suất ưu đãi ✅Thủ tục đơn giản ✅Duyệt hồ sơ nhanh Thông tin xe: • Dòng xe: VERO X mới • Giá xe: 32.108.000đ (chưa lăn bánh) • Quà tặng kèm hấp dẫn • Bảo hành chính hãng 8 năm Dạ liên hệ qua zalo trước giúp e nhé Địa chỉ xem xe: Phạm Ngọc Thạch, Q3, Tp.Hcm Liên hệ ngay: Zalo(Vàng)/Alo 24/7 để check hồ sơ online trước ạ","Quận 3, Tp Hồ Chí Minh",Mới,Xe máy điện,Unknown,2025,,1000000,New,Hồ Chí Minh,2025.0,
2023,https://xe.chotot.com/mua-ban-xe-may/132141066.htm,2026-05-05 12:34:01,xe_may_dien,Type 3 pro,15800000,Kho xe điện Thủ Đức,"Type 3 pro 🇻🇳 Động cơ 1200w 👍 Xe 5 bình to 30Ah-60V 👍 Động cơ cực khỏe, leo dốc 45 độ 👍 Vành đúc, lốp to không săm: 3.5-10 👍 Tốc độ: 2 chế độ chạy 25km/h và 50km/h 👍 Chế độ Sport tăng tốc vượt xe 60km/h 👍 Loa Bluetooth nghe nhạc cực to 👍 Ga tự động Cruicontrol như trên oto 👍 Chế độ chống trơn trượt ABS 👍 Phanh đĩa dầu thủy lực 👍 Cốp mở khóa điện hoặc chìa, to rộng rãi để được cả mũ bảo hiểm","Thành phố Thủ Đức, Tp Hồ Chí Minh",Mới,Xe máy điện,Unknown,2026,,15800000,New,Hồ Chí Minh,2026.0,
2024,https://xe.chotot.com/mua-ban-xe-may/132194821.htm,2026-05-05 11:28:48,xe_may_dien,Xe điện JVC Còn mới,8000000,hello,"Dư dùng cần bán xe điện jvc còn mới, xe đủ 2 chìa, chìa khoá từ, chạy chưa được nhiêu hết 1 lần sạc chạy được 60-70km đo thực tế Xem xe ở thủ đức","Thành phố Thủ Đức, Tp Hồ Chí Minh",Mới,Xe máy điện,Unknown,2025,,8000000,New,Hồ Chí Minh,2025.0,
2025,https://xe.chotot.com/mua-ban-xe-may/131002243.htm,2026-05-05 08:21:12,xe_may_dien,Xe máy điện Lavia 2026 Đen sần Có Trả Góp,15500000,Thiên Hương,"Bán xe máy điện vespa lavia màu đen sần đẹp New bản cao cấp 2026 mới 100% giá rẻ Hỗ trợ Trả Góp Nhanh Chóng Max tốc 67km/h, quãng đường di chuyển lên đến 70 - 80km 1 lần sạc, có thẻ từ, ổ cắm sạc điện thoại, có kết nối điện thoại, sạc nhanh thông minh Al tự động ngắt Lh e tv ạ ✅ Shop bên e đang giảm giá 1 triệu ạ","Quận Đống Đa, Hà Nội",Mới,Xe máy điện,Unknown,2026,,15500000,New,Hà Nội,2026.0,
2026,https://xe.chotot.com/mua-ban-xe-may/131002241.htm,2026-05-05 08:20:55,xe_may_dien,Xe máy điện Lavia Trắng Mới 100% Có Trả Góp,15500000,Thiên Hương,"Bán xe máy điện vespa lavia màu trắng New bản cao cấp 2026 mới 100% giá rẻ Hỗ trợ Trả Góp Nhanh Chóng Max tốc 67km/h, quãng đường di chuyển lên đến 70 - 80km 1 lần sạc, có thẻ từ, ổ cắm sạc điện thoại, có kết nối điện thoại, sạc nhanh thông minh Al tự động ngắt Lh e tv ạ ✅ Shop bên e đang giảm giá 1 triệu ạ","Quận Đống Đa, Hà Nội",Mới,Xe máy điện,Unknown,2026,,15500000,New,Hà Nội,2026.0,
2027,https://xe.chotot.com/mua-ban-xe-may/125361692.htm,2026-05-05 08:20:37,xe_may_dien,Bán xe điện Xmen ( Có Trả Góp ),6900000,Thiên Hương,Chào bán xe điện Xmen Hỗ trợ Trả Góp Nhanh Chóng Xe đầy đủ biển đăng kí Xe chạy 5 bình Xe đã bảo dưỡng đi êm Ib zalo để biết thêm chi tiết Xem xe tại 658 Đường Láng - Láng Hạ - Hà nội Ship cod toàn quốc,"Quận Đống Đa, Hà Nội",Đã sử dụng,Xe máy điện,Unknown,2020,1000,6900000,Used,Hà Nội,2020.0,1000.0
2028,https://xe.chotot.com/mua-ban-xe-may/132188516.htm,2026-05-05 07:11:20,xe_may_dien,PEGA GOGO-S 2022 pin 60v20A bstphcm,9500000,XE ĐIỆN 90s,"PEGA GOGO-S – XANH – LƯỚT >4000km 📌 Biển số TP.HCM – đăng ký 2022 📌 ODO: hơn 4.000km 📌 Chất xe khá ok, liền lạc. Lên đho koso. 📌 Lên Pin 60v20Ah- sạc 5Ah. 📌 Xe chính chủ ký UQ hay MB đều ok 💰 G.i.á: 9.500.000₫ ----------------------- 💚 Xe Điện Lướt Gò Vấp – Chuyên mua bán máy điện đã qua sử dụng tại TP.HCM ✅ Có trả góp online – Cà thẻ – Giao tận nhà 🔛Giao lưu bù trừ hợp lý các dòng xe 🔙 Bao quay đầu cho ae chơi chán ⚙️Sữa chữa - nâng cấp - đóng pin xe điện 📞 Call/Zalo: *** 📍 Đối diện số 525/2/30 Tân Sơn, P.An Hội Tây, TP.HCM (F.12, GV cũ)","Quận Gò Vấp, Tp Hồ Chí Minh",Đã sử dụng,Xe máy điện,Unknown,2022,4000,9500000,Used,Hồ Chí Minh,2022.0,4000.0
2029,https://xe.chotot.com/mua-ban-xe-may/132188460.htm,2026-05-05 07:06:59,xe_may_dien,Xe máy điện Feliz 2026 2 pin chính chủ bstp,34500000,Shop THOA XE ĐIỆN,"Xe máy điện VinFast feliz 2025màu trắng, thiết kế hiện đại, vận hành êm ái. - Xe chạy điện, thân thiện môi trường. - Tiết kiệm chi phí nhiên liệu. - Phù hợp di chuyển trong thành phố.","Quận Bình Tân, Tp Hồ Chí Minh",Đã sử dụng,Xe máy điện,Unknown,2026,3000,34500000,Used,Hồ Chí Minh,2026.0,3000.0
2030,https://xe.chotot.com/mua-ban-xe-may/132047908.htm,2026-05-04 22:43:42,xe_may_dien,Xe điện MilanII Xám xanh 2025,4900000,Xe điện Bình Phương,"M46 ✅ Xe điện milanII nhập khẩu xám xanh cực nét ắc quy lướt 2025 4tr9 ➡️ Hình thức đẹp, xe chạy êm, động cơ zin ➡️ Mọi chức năng hoạt động tốt, xe đã được bảo dưỡng toàn bộ, ☎️ *** (zalo,fb,mess) có trả góp 📌 Cửa hàng xe điện Bình Phương, sn 15 ngõ 195/91 Trần Cung, Hà Nội","Quận Bắc Từ Liêm, Hà Nội",Đã sử dụng,Xe máy điện,Unknown,2021,369,4900000,Used,Hà Nội,2021.0,369.0
2031,https://xe.chotot.com/mua-ban-xe-may/132182872.htm,2026-05-04 17:48:45,xe_may_dien,Xe điện EROC Nam Hồng Xám,7000000,ngươi lạ,"Xe điện Nam Hồng của EROC màu xám, thiết kế hiện đại, vận hành êm ái. - Bảo hành động cơ, khung sườn, pin 12 tháng. - Bảo hành sạc 6 tháng. Xe mua mới ở tiêun từ tháng 3 do nhu cầu đi 3 người nên đổi lên xe khác . Xe it đi như mới còn full bh giá 6triệu nhanh gọn có bớt thêm li… cò bớt cho ả nhanh gọn. Mua bán tại nhà.","Thành phố Dĩ An, Bình Dương",Đã sử dụng,Xe máy điện,Unknown,2025,10,7000000,Used,Bình Dương,2025.0,10.0
2033,https://xe.chotot.com/mua-ban-xe-may/132147465.htm,2026-05-04 16:33:28,xe_may_dien,Xe máy điện VinFast evogrand 2026 Đỏ Đen,19836000,Việt Vinfast,"Xe máy điện VinFast evogrand màu đỏ ,đen sản xuất 2026, mới 100%. - Thiết kế hiện đại, vận hành êm ái. - Tiết kiệm năng lượng, thân thiện môi trường. - Giá 19.836.000 đồng.","Quận Hà Đông, Hà Nội",Mới,Xe máy điện,Unknown,2026,,19836000,New,Hà Nội,2026.0,
2034,https://xe.chotot.com/mua-ban-xe-may/132180609.htm,2026-05-04 15:52:12,xe_may_dien,Xe máy điện VinFast Feliz Đỏ,13500000,Nguyễn Huy Hoàng,VinFast -Feliz 6 Bình Ác Quy Bên em đã thay bộ ác quy lướt - chạy đc 40km/ lầ sạc Ngoại quan đẹp gia chủ giữ gìn,"Quận Ba Đình, Hà Nội",Đã sử dụng,Xe máy điện,Unknown,2022,9000,13500000,Used,Hà Nội,2022.0,9000.0
2035,https://xe.chotot.com/mua-ban-xe-may/132152929.htm,2026-05-04 15:03:00,xe_may_dien,Xe máy điện Vespa Đỏ,14000000,XE ĐIỆN  trả góp Quang Chung ,🫶 Shop Chào chị ah 👉Mẫu VESPA deor lắp 5 bình lớn giá 14 triệu 💥 bảo hành lên tới 3 năm. 🚛 ship hàng toàn quốc Shop có đủ màu c tham khảo nhé ☎️ ***,"Huyện Hóc Môn, Tp Hồ Chí Minh",Mới,Xe máy điện,Unknown,2026,,14000000,New,Hồ Chí Minh,2026.0,
2036,https://xe.chotot.com/mua-ban-xe-may/132178244.htm,2026-05-04 14:18:09,xe_may_dien,Xe máy điện Datbike S3 2025 Bạc,32900000,Kiệt Xe Điện 3sGo,"#Datbike_S3 Bạc - DK 6/2025 BSTP Chính Chủ Bao Công Chứng - Odo lướt 800km - Pin Mua Đi 1 Lần Sạc 285km - Dàn áo keng ko trầy 99% - Óc tán 7 màu keng 99% - Còn đủ phụ kiện theo xe ❤️Xe keng 99% so với xe new #Giá_32tr9 - Nậu Xớ Đưa 20tr Ko Lẽ ☎️/𝗭𝗮𝗹𝗼 : *** - 𝙏𝙪̛ 𝙑𝙖̂́𝙣 𝟮𝟰/𝟳 🏠 𝟮𝟴𝟴 𝗧𝗿𝘂̛𝗼̛̀𝗻𝗴 𝗖𝗵𝗶𝗻𝗵 - 𝗤𝘂𝗮̣̂𝗻 𝟭𝟮 - 𝗛𝗖𝗠 ❤️G//ó//p 30% Có L/ã/i và 50% Ko L/ã/i ❤️Ko xác minh nhà ,Ko xác minh thu nhập ❤️Tặng 12 tháng xe hư đưa xe khác dùng ❤️Tặng đổi pin đi liền ko chờ sạc nhiều ở 8 đến 12 cơ sở ở Sài Gòn ( Ở Quận 4 -6 -8 -12 , Tân Bình, Bình Tân, Tân Phú, Thủ Đức, Phú Nhuận ) 𝗖𝗧𝗬 𝗣𝗜𝗡𝗞: 𝙓𝙀 Đ𝙄Ệ𝙉 𝙎Ẵ𝙉 𝘼𝙋𝙋 - 𝗡Ậ𝗨 𝗫Ớ Đ𝗨̛𝗔 𝟲𝗖Ủ ☎️/𝗛𝗼𝘁𝗹𝗶𝗻𝗲 : *** #𝗟𝗼𝗻𝗴𝗣𝗶𝗻𝗸 🏠𝟮𝟴𝟴 𝗧r𝘂̛𝗼̛̀𝗻𝗴 𝗖𝗵𝗶𝗻𝗵 - 𝗤𝘂𝗮̣̂𝗻 𝟭𝟮 - 𝗛𝗖𝗠","Quận 12, Tp Hồ Chí Minh",Đã sử dụng,Xe máy điện,Unknown,2025,800,32900000,Used,Hồ Chí Minh,2025.0,800.0
2037,https://xe.chotot.com/mua-ban-xe-may/132168718.htm,2026-05-04 07:12:22,xe_may_dien,Xe máy điện Piaggio Vespa LX150 Xám biển HN,9200000,Xe điện Bình Phương,"VP261 ✅ Xe máy điện Vespa lx150 đèn vuông đời cao ắc quy 2026 9tr2 ➡️ Đủ giấy tờ đăng ký ➡️40-50km/ lần sạc ➡️Lắp ắc quy mới hỗ trợ giá 50% ➡️ Hình thức đẹp nét, xe chắc chắn, xe đã bảo dưỡng toàn bộ ➡️ full chức năng, đủ phụ kiện, bảo hành dài, ship toàn quốc ☎️ *** (zalo,fb,mess) có trả góp 📌 Cửa hàng xe điện Bình Phương, sn 15 ngõ 195/91 Trần Cung, Hà Nội","Quận Bắc Từ Liêm, Hà Nội",Đã sử dụng,Xe máy điện,Unknown,2022,2369,9200000,Used,Hà Nội,2022.0,2369.0
2038,https://xe.chotot.com/mua-ban-xe-may/132168640.htm,2026-05-04 07:04:49,xe_may_dien,Bán xe điện như hình,8000000,Manpham,Nhà có chiếc xmen đi 5 bình lớn động cơ rin ngoại hình cũ theo năm tháng xe giấy tờ đầy đủ anh em mua liên hệ mình nhé cảm ơn cho tốt,"Huyện Lộc Ninh, Bình Phước",Đã sử dụng,Xe máy điện,Unknown,2021,100000,8000000,Used,Bình Phước,2021.0,100000.0
2039,https://xe.chotot.com/mua-ban-xe-may/132165382.htm,2026-05-03 19:32:22,xe_may_dien,Vento Neo kèm pin 48ah heo dầu đĩa baga mới gắn,40000000,Nguyễn ngọc lợi,"Vento neo chính chủ odo 9k3 biển tỉnh, kèm cục pin 48ah mới đóng 8tr8 đc 1 tháng còn bảo hành 3 năm sm bike, đã lên heo đĩa phây mâm X1r 2tr7 đã lên baga 720k.","Huyện Củ Chi, Tp Hồ Chí Minh",Đã sử dụng,Xe máy điện,Unknown,2025,9300,40000000,Used,Hồ Chí Minh,2025.0,9300.0
2040,https://xe.chotot.com/mua-ban-xe-may/130838332.htm,2026-05-03 15:45:04,xe_may_dien,Xe máy điện Uy Vũ S1 Xanh dương,10500000,xe  khánh ngọc và uy vũ,"Xin duyệt xe máy điện thoại uy vũ kế bưu điện di linh. -Chi nhánh 1..553 hùng vương đối diện chợ cũ .xe uy vũ -Chi nhánh 2..cầm đồ lãi thấp 545 hùng vương. Chuyên cầm vàng,Xe ô tô,xe máy định giá cao.hỗ trợ trả góp liên hệ - *** biển 49..có bớt và bảo hành thanks anh em. xe máy điện bao ngon","Huyện Di Linh, Lâm Đồng",Đã sử dụng,Xe máy điện,Unknown,0,0,10500000,Used,Lâm Đồng,0.0,0.0
2041,https://xe.chotot.com/mua-ban-xe-may/132160282.htm,2026-05-03 14:25:47,xe_may_dien,Xác xe máy điện Xmen Z3 Đỏ biển hà nội,5500000,Bùi Anh Dũng,"Xác xe Xmen Z3 biển đăng ký đầy đủ ic động cơ zin khunh sườn đẹp lắp bình là chạy , biển hà nội","Quận Nam Từ Liêm, Hà Nội",Đã sử dụng,Xe máy điện,Unknown,2018,20000,5500000,Used,Hà Nội,2018.0,20000.0
2042,https://xe.chotot.com/mua-ban-xe-may/132158888.htm,2026-05-03 13:07:27,xe_may_dien,Thanh lý Xe điện màu Đen đang sử dụng,5500000,Verda Phan,Bán xe điện đang sử dụng bình thường -Do đổi xe máy điện cần thanh lý xe điện - Xe 4 bình điện - Vỏ xe mới thay - Xe chạy tốt,"Thành phố Thủ Đức, Tp Hồ Chí Minh",Đã sử dụng,Xe máy điện,Unknown,2024,100,5500000,Used,Hồ Chí Minh,2024.0,100.0
2043,https://xe.chotot.com/mua-ban-xe-may/132157695.htm,2026-05-03 11:59:00,xe_may_dien,Xe máy điện VinFast Feliz Neo lướt siêu keng,19500000,Shop THOA XE ĐIỆN,"Xe máy điện VinFast Feliz màu xám, đi được 13858 km. - Thiết kế hiện đại, vận hành êm ái. - Tiết kiệm chi phí nhiên liệu. - Phù hợp di chuyển trong thành phố.","Quận Bình Tân, Tp Hồ Chí Minh",Đã sử dụng,Xe máy điện,Unknown,2025,13,19500000,Used,Hồ Chí Minh,2025.0,13.0
2045,https://xe.chotot.com/mua-ban-xe-may/132153973.htm,2026-05-03 08:45:04,xe_may_dien,TaiLG T71 Chạy Lướt Giá Iu,18000000,nguyenchuyenpin,"TaiLG T71 8 Bình ( 1 Lần Sạc Chạy 100Km / Lần Sạc ) , Đk 10 / 2025 ( Còn BH Hãng Hơn 28 Tháng ) , Odo 5.000km Giá : 18tr ( Chính Chủ Công Chứng Mua Bán ) . Cal : *** Xem Xe 21 Nguyễn Súy . Tân Phú.","Quận Tân Phú, Tp Hồ Chí Minh",Đã sử dụng,Xe máy điện,Unknown,2025,5000,18000000,Used,Hồ Chí Minh,2025.0,5000.0
2046,https://xe.chotot.com/mua-ban-xe-may/132153970.htm,2026-05-03 08:44:53,xe_may_dien,Xe máy điện VinFast Evo Grand Lite Mới 100%,4800000,Ngọc Điện Máy Trả Góp,"Xe máy điện VinFast màu đen, thiết kế hiện đại, vận hành êm ái. 💥 Ưu đãi sốc: ✔ Trả trước chỉ từ 4.800k ✔ Lãi suất cực thấp ✔ Tặng quà + hỗ trợ giao xe tận nhà 🚀 Xe máy điện: tiết kiệm – êm ái – không tốn xăng 👉 Phù hợp đi làm, đi học, chạy ship, tiết kiệm mỗi ngày 📲 Inbox ngay hoặc gọi liền để giữ ưu đãi HOT hôm nay ⚠️ Số lượng có hạn – CHẬM LÀ HẾT! #xemaydien #tragop #chonhanh #chotdon #xuhuongchotot","Thành phố Thủ Đức, Tp Hồ Chí Minh",Mới,Xe máy điện,Unknown,2026,,4800000,New,Hồ Chí Minh,2026.0,
2047,https://xe.chotot.com/mua-ban-xe-may/132147967.htm,2026-05-02 16:56:56,xe_may_dien,Xe máy điện Xmen Đỏ Đen,4600000,Nguyen Thao,Bán xe máy điện Xmen đã thay ICE pin tốt,"Thành phố Huế, Thừa Thiên Huế",Đã sử dụng,Xe máy điện,Unknown,2023,10000,4600000,Used,Huế,2023.0,10000.0
2048,https://xe.chotot.com/mua-ban-xe-may/130896378.htm,2026-05-02 15:30:19,xe_may_dien,Xe điện V1 Plus mẫu hottrend,12900000,LƯU BẢO TRÂN,"XE ĐIỆN V1 PLUS HOTTREND 💥Xe thiết kế thời trang, cá tính phù hợp với mọi phong cách và lứa tuổi. 💥xe sở hữu động cơ mạnh mẽ,quãng đường đi chuyển ấn tượng,cùng nhiều tính năng tiện ích. 💥Giá thành hợp lý,phù hợp với túi tiền của người tiêu dùng. ☎️ *** 🏘️ : 266 tạ quang bửu p4 q8 #xedien #xedienhottrend #xe #dienV1","Quận 8, Tp Hồ Chí Minh",Mới,Xe máy điện,Unknown,0,0,12900000,New,Hồ Chí Minh,0.0,0.0
2049,https://xe.chotot.com/mua-ban-xe-may/132145733.htm,2026-05-02 14:52:20,xe_may_dien,Xe máy điện VinFast Feliz Neo 2025 Đen,21000000, trung nguyên,Cần bán xe Feliz neo 2025 đo 11 ngàn giá 21 tr xe chính chủ biển tp,"Huyện Hóc Môn, Tp Hồ Chí Minh",Đã sử dụng,Xe máy điện,Unknown,2025,11000,21000000,Used,Hồ Chí Minh,2025.0,11000.0
2050,https://xe.chotot.com/mua-ban-xe-may/132091631.htm,2026-05-02 12:28:12,xe_may_dien,Xe máy điện VinFast EvoNeo Trắng,16900000,Kiệt Xe Điện 3sGo,"#EvoNeo Trắng - DK 1/2026 BSTP 9Chủ Bao Công Chứng - Pin Mua - Odo 5000km - Dàn Áo Keng 99% - Óc tán 7 màu keng 99% - Còn đủ phụ kiện theo xe - Bảo Hành Pin 8 Năm Xe 6 Năm ❤️Xe keng 99% so với xe new #Giá_16tr9 - Nậu Xớ 6Củ Lấy Xe ☎️/𝗭𝗮𝗹𝗼 : *** - 𝙏𝙪̛ 𝙑𝙖̂́𝙣 𝟮𝟰/𝟳 🏠 𝟮𝟴𝟴 𝗧𝗿𝘂̛𝗼̛̀𝗻𝗴 𝗖𝗵𝗶𝗻𝗵 - 𝗤𝘂𝗮̣̂𝗻 𝟭𝟮 - 𝗛𝗖𝗠 ❤️G//ó//p 30% Có L/ã/i và 50% Ko L/ã/i ❤️Ko xác minh nhà ,Ko xác minh thu nhập ❤️Tặng 12 tháng xe hư đưa xe khác dùng ❤️Tặng đổi pin đi liền ko chờ sạc nhiều ở 8 đến 12 cơ sở ở Sài Gòn ( Ở Quận 4 -6 -8 -12 , Tân Bình, Bình Tân, Tân Phú, Thủ Đức, Phú Nhuận ) 𝗖𝗧𝗬 𝗣𝗜𝗡𝗞: 𝙓𝙀 Đ𝙄Ệ𝙉 𝙎Ẵ𝙉 𝘼𝙋𝙋 - 𝗡Ậ𝗨 𝗫Ớ Đ𝗨̛𝗔 𝟲𝗖Ủ ☎️/𝗛𝗼𝘁𝗹𝗶𝗻𝗲 : *** #𝗟𝗼𝗻𝗴𝗣𝗶𝗻𝗸 🏠𝟮𝟴𝟴 𝗧r𝘂̛𝗼̛̀𝗻𝗴 𝗖𝗵𝗶𝗻𝗵 - 𝗤𝘂𝗮̣̂𝗻 𝟭𝟮 - 𝗛𝗖𝗠 🏠𝟭𝟳𝟴 𝗧𝗮̂𝗻 𝗧𝗵𝗼̛́𝗶 𝗛𝗶𝗲̣̂𝗽 𝟮𝟭 - 𝗤𝘂𝗮̣̂𝗻 𝟭𝟮 - 𝗛𝗖𝗠 🏠 𝟳𝟵 𝗛𝗼𝗮̀𝗻𝗴 𝗩𝗮̆𝗻 𝗧𝗵𝘂̣ - 𝗣𝗵𝘂́ 𝗡𝗵𝘂𝗮̣̂𝗻 - 𝗛𝗖𝗠","Quận 12, Tp Hồ Chí Minh",Đã sử dụng,Xe máy điện,Unknown,2026,5000,16900000,Used,Hồ Chí Minh,2026.0,5000.0
2051,https://xe.chotot.com/mua-ban-xe-may/132142756.htm,2026-05-02 11:43:22,xe_may_dien,🩷Pink An Sương🩷EvoGand 2025 odo 1k8 Xe Máy Điện,24900000,Pink Ev Premium An Sương ,"Fb - Tiktok : Nguyen Minh Long Pink Dragon ==================📌📌📌================== EvoGand 10/2025 Sài Gòn Bao Công Chứng - 1 Pin theo xe - Odo chuẩn : 1.800km - Dàn áo keng - Ốc tán 7 màu keng 99% - Còn đủ phụ kiện theo xe ❤️Xe keng 99% so với xe new 🏠𝟮𝟴𝟴 𝗧𝗿𝘂̛𝗼̛̀𝗻𝗴 𝗖𝗵𝗶𝗻𝗵 - 𝗤𝘂𝗮̣̂𝗻 𝟭𝟮 - 𝗛𝗖𝗠 ❤️Góp 20% và 50% Ko Lãi ❤️Ko xác minh nhà ,Ko xác minh thu nhập ❤️Tặng 12 tháng xe hư đưa xe khác dùng ❤️Tặng đổi pin đi liền ko chờ sạc nhiều ở 8 đến 12 cơ sở ở Sài Gòn ( Ở Quận 4 -6 -8 -12 , Tân Bình, Bình Tân, Tân Phú, Thủ Đức, Phú Nhuận ) ✅𝗚𝗼́𝗽 𝗡𝗴𝗮̂𝗻 𝗛𝗮̀𝗻𝗴 : Đưa 20% ae giữ Cavet ✅𝗖𝗮̀ 𝗧𝗵𝗲̉ - 𝗚𝗼́𝗽: Cà thẻ ,chuyển đổi trả góp ✅𝗕𝗮𝗼 𝗤𝘂𝗮𝘆 Đ𝗮̂̀𝘂 : Từ 20% theo giá thị trường ✅𝗠𝘂𝗮 𝗕𝗮́𝗻 𝗧𝗿𝗮𝗼 Đ𝗼̂̉𝗶 𝗫𝗲 𝗫𝗮̆𝗻𝗴, 𝗫𝗲 Đ𝗶𝗲̣̂𝗻 𝗧𝗮̣̂𝗻 𝗡𝗵𝗮̀ 𝗖𝗧𝗬 𝗣𝗜𝗡𝗞 : 𝙓𝙀 Đ𝙄𝙀̣̂𝙉 𝙎𝘼̆̃𝙉 𝘼𝙋𝙋 - 𝗡𝗔̣̂𝗨 𝗫𝗢̛́ Đ𝗨̛𝗔 𝟲 𝗖𝗨̉ 🏠𝟭𝟳𝟴 𝗧𝗮̂𝗻 𝗧𝗵𝗼̛́𝗶 𝗛𝗶𝗲̣̂𝗽 𝟮𝟭 - 𝗤.𝟭𝟮 - 𝗛𝗖𝗠 🏠𝟮𝟴𝟴 𝗧𝗿𝘂̛𝗼̛̀𝗻𝗴 𝗖𝗵𝗶𝗻𝗵 - 𝗤𝘂𝗮̣̂𝗻 𝟭𝟮 - 𝗛𝗖𝗠 🏠𝟳𝟵 𝗛𝗼𝗮̀𝗻𝗴 𝗩𝗮̆𝗻 𝗧𝗵𝘂̣ - 𝗣𝗵𝘂́ 𝗡𝗵𝘂𝗮̣̂𝗻 - 𝗛𝗖𝗠","Quận 12, Tp Hồ Chí Minh",Đã sử dụng,Xe máy điện,Unknown,2025,1800,24900000,Used,Hồ Chí Minh,2025.0,1800.0
2052,https://xe.chotot.com/mua-ban-xe-may/132142445.htm,2026-05-02 11:27:29,xe_may_dien,Xe máy điện VinFast Impes Đỏ,9500000,Anh khoa Hoàng kim,Cần Bán Xe Impest vinfast giá 9tr5 xe keng pin ổn chạy 4-50km 1 lần sạc giấy tờ biển đầy đủ xe zin xước nhẹ nhựa xuống màu theo năm tháng,"Thành phố Buôn Ma Thuột, Đắk Lắk",Đã sử dụng,Xe máy điện,Unknown,2021,20000,9500000,Used,Đắk Lắk,2021.0,20000.0
2053,https://xe.chotot.com/mua-ban-xe-may/132141756.htm,2026-05-02 10:55:36,xe_may_dien,Xe máy điện VinFast Motio Trắng,11500000,Thu Tuyền,Motio Vinfast Chính chủ biển số thành phố Odo 400km Giá 11tr5,"Quận Bình Tân, Tp Hồ Chí Minh",Đã sử dụng,Xe máy điện,Unknown,2026,400,11500000,Used,Hồ Chí Minh,2026.0,400.0
2054,https://xe.chotot.com/mua-ban-xe-may/132138948.htm,2026-05-02 08:35:56,xe_may_dien,"Xe máy điện Vespa đen lành lặn, khoẻ đẹp và đầy đu",7700000,Duy Hưng,"Xe máy điện Vespa lành lặn, đủ chức năng. Xe còn khoẻ đi tầm 40-50km. Có biển đăng ký. Ai cần hãy gọi hoặc nhắn zalo nhé","Quận Nam Từ Liêm, Hà Nội",Đã sử dụng,Xe máy điện,Unknown,2019,9000,7700000,Used,Hà Nội,2019.0,9000.0
2055,https://xe.chotot.com/mua-ban-xe-may/132138736.htm,2026-05-02 08:19:03,xe_may_dien,cần bán xe máy điện,3000000,Đinh thương,"Xe đi ngon lành, đầm chắc, mới thay bình thay lốp 1 năm, đi ít.","Huyện Nghi Lộc, Nghệ An",Đã sử dụng,Xe máy điện,Unknown,2020,5000,3000000,Used,Nghệ An,2020.0,5000.0
2056,https://xe.chotot.com/mua-ban-xe-may/130778346.htm,2026-05-02 00:10:01,xe_may_dien,Xe máy điện giấy đầy đủ 2023,10500000,xe  khánh ngọc và uy vũ,"Chuyên xe máy điện thoại uy vũ kế bưu điện di linh. -Chi nhánh 1..553 hùng vương đối diện chợ cũ .xe uy vũ -Chi nhánh 2..cầm đồ lãi thấp 545 hùng vương. Chuyên cầm vàng,Xe ô tô,xe máy định giá cao.hỗ trợ trả góp anh em liên hệ - *** biển 49..có bớt và bảo hành.","Huyện Di Linh, Lâm Đồng",Đã sử dụng,Xe máy điện,Unknown,0,0,10500000,Used,Lâm Đồng,0.0,0.0
2057,https://xe.chotot.com/mua-ban-xe-may/132054292.htm,2026-05-01 21:34:54,xe_may_dien,klara a2 đời mới 6 bình siêu lướt,16500000,Shop THOA XE ĐIỆN,"Xe máy điện VinFast Klara màu xám, thiết kế hiện đại, vận hành êm ái. - ODO 6431.3 km. - Xe đi được quãng đường xa, sạc nhanh. - Phù hợp di chuyển trong thành phố.","Quận Bình Tân, Tp Hồ Chí Minh",Đã sử dụng,Xe máy điện,Unknown,2021,0,16500000,Used,Hồ Chí Minh,2021.0,0.0
2058,https://xe.chotot.com/mua-ban-xe-may/132133157.htm,2026-05-01 15:24:47,xe_may_dien,Xe điện V1 Plus Trắng,13900000,Thi,V1 plus hãng Đầy đủ giấy tờ đăng kiểm Giá chỉ hon xe trung tí tội gi không mua Tại thế giới xe điện BMT 300 nguyễn tất thành,"Thành phố Buôn Ma Thuột, Đắk Lắk",Mới,Xe máy điện,Unknown,2026,,13900000,New,Đắk Lắk,2026.0,
2059,https://xe.chotot.com/mua-ban-xe-may/132131102.htm,2026-05-01 12:54:41,xe_may_dien,Xe máy điện Honda Icone Đỏ,26500000,Shop THOA XE ĐIỆN,"Xe máy điện Honda Icone màu đỏ, thiết kế hiện đại, vận hành êm ái. - ODO 2406 km, xe còn mới. - Tiết kiệm nhiên liệu, thân thiện môi trường. - Phù hợp di chuyển trong thành phố.","Quận Bình Tân, Tp Hồ Chí Minh",Đã sử dụng,Xe máy điện,Unknown,2026,2406,26500000,Used,Hồ Chí Minh,2026.0,2406.0
2060,https://xe.chotot.com/mua-ban-xe-may/132118281.htm,2026-05-01 12:46:00,xe_may_dien,Xe điện M134 99% mới .,5500000,Hùng ,"Xe điện M134 , Bình Còn mới, chạy đc. 45km ,tốc độ 50km/ h. tải nặng trên 100kg. còn đủ chức năng .Thanh lý 5.5tr","Thành phố Dĩ An, Bình Dương",Đã sử dụng,Xe máy điện,Unknown,2022,35000,5500000,Used,Bình Dương,2022.0,35000.0
2061,https://xe.chotot.com/mua-ban-xe-may/132130943.htm,2026-05-01 12:40:36,xe_may_dien,Xe máy điện Feliz S Đen,28500000,Phan Minh Nhựt,Feliz S đã chạy được 63000km tuy nhiên mới thay pin chính hãng mới 100% màu đen chính chủ Liên hệ số Zalo bên dưới để biết thêm chi tiết,"Quận Tân Phú, Tp Hồ Chí Minh",Đã sử dụng,Xe máy điện,Unknown,2023,63000,28500000,Used,Hồ Chí Minh,2023.0,63000.0
2062,https://xe.chotot.com/mua-ban-xe-may/132126757.htm,2026-05-01 08:10:06,xe_may_dien,bán xe điện,4700000,Duong Hoang An,Em bán xe như hình Do nhà dư xe nên bán bớt,"Huyện Kế Sách, Sóc Trăng",Đã sử dụng,Xe máy điện,Unknown,2024,7000,4700000,Used,Sóc Trăng,2024.0,7000.0
2063,https://xe.chotot.com/mua-ban-xe-may/132120474.htm,2026-04-30 15:17:44,xe_may_dien,Xe máy điệnV1 Plus Xám nhám,8500000,minhbuu,v1 plus xám nhám - date cuối 2025 + còn ful phụ kiện theo hãng + 5 bình lớn còn khoẻ + xe đi odo >1000km =>> 8 đồng 5 dép lào ***,"Quận Gò Vấp, Tp Hồ Chí Minh",Đã sử dụng,Xe máy điện,Unknown,2025,1000,8500000,Used,Hồ Chí Minh,2025.0,1000.0
2064,https://xe.chotot.com/mua-ban-xe-may/132119106.htm,2026-04-30 12:49:49,xe_may_dien,Xe máy điện Vinfast Evo Lite neo 2025 Xanh,13650000,God khang,"Xe máy điện Evo Lite neo Vinfast Đăng ký 7/2025 Màu: Xanh Tình trạng: odo 2800, xe còn mới chạy ổn, sạc ít, xin chưa thay thews","Quận Gò Vấp, Tp Hồ Chí Minh",Đã sử dụng,Xe máy điện,Unknown,2025,2800,13650000,Used,Hồ Chí Minh,2025.0,2800.0
2065,https://xe.chotot.com/mua-ban-xe-may/132116655.htm,2026-04-30 10:08:00,xe_may_dien,Xe máy điện VinFast Feliz Neo 2025 Trắng,23000000, trung nguyên,Chính chủ Cần bán Feliz neo 2025 đang chờ lấy biển số giá bán 23 tr xe mới chạy từ hẫng về,"Huyện Hóc Môn, Tp Hồ Chí Minh",Đã sử dụng,Xe máy điện,Unknown,2025,163,23000000,Used,Hồ Chí Minh,2025.0,163.0
2066,https://xe.chotot.com/mua-ban-xe-may/132116570.htm,2026-04-30 10:02:52,xe_may_dien,Xe máy điện VinFast Feliz Neo Trắng,23000000,thành trung ,Cần bán xe Feliz neo qua lễ có biển cần bán lại 23 tr,"Huyện Hóc Môn, Tp Hồ Chí Minh",Đã sử dụng,Xe máy điện,Unknown,2025,0,23000000,Used,Hồ Chí Minh,2025.0,0.0
2067,https://xe.chotot.com/mua-ban-xe-may/132114988.htm,2026-04-30 08:05:52,xe_may_dien,"Xe máy điện 3 bánh Trắng, Nâu",10000000,Đạt Đại,Cần bán 1 em xe máy điện 3 bánh mới mua ít sử dụng. Có giấy tờ đầy đủ . Mua 15tr,"Quận Hoàn Kiếm, Hà Nội",Đã sử dụng,Xe máy điện,Unknown,2025,10,10000000,Used,Hà Nội,2025.0,10.0
2068,https://xe.chotot.com/mua-ban-xe-may/132098133.htm,2026-04-30 06:27:25,xe_may_dien,"Xe máy điện Xanh dương, Cam Đã sử dụng",7600000,Trường  an,Cần bán xe điện còn mới 90% xe hoạt động bình thường anh chị mua vui lòng liên hệ,"Quận Bình Tân, Tp Hồ Chí Minh",Đã sử dụng,Xe máy điện,Unknown,2025,200,7600000,Used,Hồ Chí Minh,2025.0,200.0
2069,https://xe.chotot.com/mua-ban-xe-may/132036267.htm,2026-04-29 16:19:17,xe_may_dien,Xe máy điện Datbike S1 Trắng,53900000,Kiệt Xe Điện 3sGo,"#Datbike_S1 Trắng - DK 12/2025 BSTP Chính Chủ Bao Công Chứng - Odo lướt 300km - Pin Mua Đi 1 Lần Sạc 285km - Dàn áo keng ko trầy 99% - Óc tán 7 màu keng 99% - Còn đủ phụ kiện theo xe ❤️Xe keng 99% so với xe new #Giá_53tr9 - Giao lưu xe, Tài sản giá trị ❤️Nậu Xớ Đưa Từ 30tr Ko L//ã//i Suất ❤️Lên hồ sơ Online nhận xe tại nhà ❤️Nậu Xớ trả chậm trong 24 tháng ❤️Tặng 1 năm hư Pink đưa xe dùng khi chờ sửa ❤️Tặng đổi pin đi liền ko sạc ở 8 đến 12 cơ sở ( Quận 12 - Quận 6 - Quận 4 - Quận 8 - Bình Tân - Tân Phú - Tân Bình - Phú Nhuận - Thủ Đức ) 📞: *** #𝙆𝙞𝙚̣̂𝙩 (𝟮𝟰/𝟳) 🏠𝟮𝟴𝟴 𝗧𝗿𝘂̛𝗼̛̀𝗻𝗴 𝗖𝗵𝗶𝗻𝗵 - 𝗤𝘂𝗮̣̂𝗻 𝟭𝟮 - 𝗧𝗣.𝗛𝗖𝗠","Quận 12, Tp Hồ Chí Minh",Đã sử dụng,Xe máy điện,Unknown,2025,300,53900000,Used,Hồ Chí Minh,2025.0,300.0
2070,https://xe.chotot.com/mua-ban-xe-may/132105913.htm,2026-04-29 13:56:47,xe_may_dien,Xe máy điện Yadea Xmen Đen,6800000,Quang Quân,"Bán xe điện xmen đầy đủ giấy tờ biển 99, chạy 5 bình mới, khóa cơ, khóa điện đầy đủ. mọi chức năng bình thường.","Thành phố Bắc Ninh, Bắc Ninh",Đã sử dụng,Xe máy điện,Unknown,2018,8648,6800000,Used,Bắc Ninh,2018.0,8648.0
2071,https://xe.chotot.com/mua-ban-xe-may/132104935.htm,2026-04-29 13:02:42,xe_may_dien,Xe máy điện VinFast Feliz S Đen,29000000,Phan Châu Trinh,"Feliz S, odo 63k, giấy tờ chính chủ. Màu đen, vừa thay pin mới chính hãng Lấy số Zalo bên dưới, hữu duyên có số KHÔNG buôn gian dối, định giá vàng, BẢY ngày Chợ Tốt, uy tín mang. SÁU nẻo anh em đều biết tiếng, NĂM tháng kinh doanh, khách xếp hàng. BỐN bề khảo giá, đây sát nhất, HAI chữ ""kỳ kèo"", xin cất ngang. NĂM mười sòng phẳng, tiền trao nhận, BỐN phương tin tưởng, chốt nhẹ nhàng. HAI bên thuận ý, giao dịch gọn, NĂM sao đánh giá, sáng nguyên trang.","Quận Tân Bình, Tp Hồ Chí Minh",Đã sử dụng,Xe máy điện,Unknown,2023,63000,29000000,Used,Hồ Chí Minh,2023.0,63000.0
2072,https://xe.chotot.com/mua-ban-xe-may/132101339.htm,2026-04-29 10:12:31,xe_may_dien,Xe máy điện VinFast Feliz Xanh,31500000,Quý Minh,Feliz2025 Lướt 2.000KM Sẵn 2 Pin Và Bộ Sạc Chuyển Đổi Chính Chủ Ký Công Chứng,"Quận Tân Phú, Tp Hồ Chí Minh",Đã sử dụng,Xe máy điện,Unknown,2025,2000,31500000,Used,Hồ Chí Minh,2025.0,2000.0
2073,https://xe.chotot.com/mua-ban-xe-may/132099555.htm,2026-04-29 08:53:33,xe_may_dien,Xe máy điện VinFast Evo Grand Lite Xanh lá,6455000,Thành Đạt Điện máy trả góp Lê Triều,"Xe máy điện VinFast Evo Grand Lite màu xanh lá, thiết kế hiện đại, phù hợp cho cả nam và nữ. - Hỗ trợ trả góp linh hoạt, không cần trả trước. - Sản phẩm chính hãng, miễn phí vận chuyển. - Hỗ trợ giao hàng tại TP.HCM, Long An, Bình Dương, Tây Ninh.","Quận 4, Tp Hồ Chí Minh",Mới,Xe máy điện,Unknown,2026,,6455000,New,Hồ Chí Minh,2026.0,
2074,https://xe.chotot.com/mua-ban-xe-may/132090994.htm,2026-04-28 15:54:38,xe_may_dien,Xe máy điện Vinfast Klara S2 Đen,25900000,Kiệt Xe Điện 3sGo,"#KlaraS2 Đen - DK 12/2024 BST Long An 9Chủ Bao Công Chứng - Pin Mua 3.5kw - Dàn Áo Keng 98% - Óc tán 7 màu keng 98% - Còn đủ phụ kiện theo xe - Bảo Hành Hãng Vinfast TQ ❤️Xe keng 98% so với xe new #Giá_2xtr9 - No Xau 6Củ Lấy ☎️/𝗭𝗮𝗹𝗼 : *** - 𝙏𝙪̛ 𝙑𝙖̂́𝙣 𝟮𝟰/𝟳 🏠 𝟮𝟴𝟴 𝗧𝗿𝘂̛𝗼̛̀𝗻𝗴 𝗖𝗵𝗶𝗻𝗵 - 𝗤𝘂𝗮̣̂𝗻 𝟭𝟮 - 𝗛𝗖𝗠 ❤️G//ó//p 30% Có L/ã/i và 50% Ko L/ã/i ❤️Ko xác minh nhà ,Ko xác minh thu nhập ❤️Tặng 12 tháng xe hư đưa xe khác dùng ❤️Tặng đổi pin đi liền ko chờ sạc nhiều ở 8 đến 12 cơ sở ở Sài Gòn ( Ở Quận 4 -6 -8 -12 , Tân Bình, Bình Tân, Tân Phú, Thủ Đức, Phú Nhuận ) 𝗖𝗧𝗬 𝗣𝗜𝗡𝗞: 𝙓𝙀 Đ𝙄Ệ𝙉 𝙎Ẵ𝙉 𝘼𝙋𝙋 - 𝗡Ậ𝗨 𝗫Ớ Đ𝗨̛𝗔 𝟲𝗖Ủ ☎️/𝗛𝗼𝘁𝗹𝗶𝗻𝗲 : *** #𝗟𝗼𝗻𝗴𝗣𝗶𝗻𝗸 🏠𝟮𝟴𝟴 𝗧r𝘂̛𝗼̛̀𝗻𝗴 𝗖𝗵𝗶𝗻𝗵 - 𝗤𝘂𝗮̣̂𝗻 𝟭𝟮 - 𝗛𝗖𝗠 🏠𝟭𝟳𝟴 𝗧𝗮̂𝗻 𝗧𝗵𝗼̛́𝗶 𝗛𝗶𝗲̣̂𝗽 𝟮𝟭 - 𝗤𝘂𝗮̣̂𝗻 𝟭𝟮 - 𝗛𝗖𝗠 🏠 𝟳𝟵 𝗛𝗼𝗮̀𝗻𝗴 𝗩𝗮̆𝗻 𝗧𝗵𝘂̣ - 𝗣𝗵𝘂́ 𝗡𝗵𝘂𝗮̣̂𝗻 - 𝗛𝗖𝗠","Quận 12, Tp Hồ Chí Minh",Đã sử dụng,Xe máy điện,Unknown,2024,50000,25900000,Used,Hồ Chí Minh,2024.0,50000.0
2075,https://xe.chotot.com/mua-ban-xe-may/132087602.htm,2026-04-28 13:22:26,xe_may_dien,Vinfast evo lite neo mới,11790000,Hạ,"Xe mới nhận tại showroom Xuất hoá đơn chính chủ về bấm bs ngay Nhận xe thanh toán tm ko cà thẻ ko góp, ace cần lh e. Cảm ơn ace đã xem tin!!!!","Quận Tân Bình, Tp Hồ Chí Minh",Mới,Xe máy điện,Unknown,2025,,11790000,New,Hồ Chí Minh,2025.0,
2076,https://xe.chotot.com/mua-ban-xe-may/132087515.htm,2026-04-28 13:17:56,xe_may_dien,Xe máy điện VinFast Evo grand,25000000, thanh,"Xe máy điện VinFast Evo grand Bản 2 pin, thiết kế hiện đại, phù hợp cho cả nam và nữ. - Động cơ mạnh mẽ, vận hành êm ái. - Quãng đường di chuyển xa, sạc nhanh. - Tiết kiệm chi phí, thân thiện môi trường. - odo 1300km - xe lướt không một vết xước -ae thiện trí nhanh lẹ mời vào ai lòng vòng mời xem xe khác","Thị xã Phú Mỹ, Bà Rịa - Vũng Tàu",Đã sử dụng,Xe máy điện,Unknown,2025,1300,25000000,Used,Vũng Tàu,2025.0,1300.0
2077,https://xe.chotot.com/mua-ban-xe-may/132087463.htm,2026-04-28 13:15:29,xe_may_dien,Xe máy điện VinFast Evo Grand Vàng cát Mới,19600000,Hạ,"Evo Grand vàng cát new nhận tại đại lý Vin chính hãng, xe chưa xuất hoá đơn. Mua xe liên hệ m ra đại lý nhận xe xuất hoá đơn chính chủ, thanh toán tm ko cà thẻ ko góp Cảm ơn ac đã xem tin!","Quận Tân Bình, Tp Hồ Chí Minh",Mới,Xe máy điện,Unknown,2025,,19600000,New,Hồ Chí Minh,2025.0,
2078,https://xe.chotot.com/mua-ban-xe-may/132084918.htm,2026-04-28 11:12:37,xe_may_dien,Xe máy điện Vinfast Feliz S Đen,28490000,Phan Thanh Vũ,"Feliz S đã mua pin chính hãng từ Vinfast chạy 60k km, đen. Pin vừa thay mới còn 100% Vui lòng liên hệ Zalo số điện thoại bên dưới. Mình chỉ nhắn tin và rep bên ZL nhé mọi người. Không chat trên này. Ai hữu duyên lấy được số thì mình bán KHÔNG buôn gian dối, định giá vàng, BẢY ngày Chợ Tốt, uy tín mang. SÁU nẻo anh em đều biết tiếng, NĂM tháng kinh doanh, khách xếp hàng. BỐN bề khảo giá, đây sát nhất, HAI chữ ""kỳ kèo"", xin cất ngang. NĂM mười sòng phẳng, tiền trao nhận, BỐN phương tin tưởng, chốt nhẹ nhàng. HAI bên thuận ý, giao dịch gọn, NĂM sao đánh giá, sáng nguyên trang.","Huyện Củ Chi, Tp Hồ Chí Minh",Đã sử dụng,Xe máy điện,Unknown,2023,60000,28490000,Used,Hồ Chí Minh,2023.0,60000.0
2079,https://xe.chotot.com/mua-ban-xe-may/132083369.htm,2026-04-28 10:14:31,xe_may_dien,Xe máy điện VinFast Evo 200 2025 Đen,21800000,Trung xe,#Evo 200 biển tp chính chủ ☑️ date 2025. Pin 3k5 hãng. Pin mua 100 tới 130km 1 lần sạc ✅Xe đẹp. Áo liền lạc. Máy zin êm. Có bh máy móc cho ae trãi nghiệm Giá 21tr800 ( có fix cho ae mau lẹ). Giấy tờ đầy đủ hợp lệ. Chính chủ công chứng 🏠🏠Xem xe tại quận 3 ☎️☎️ *** ***nhận giao lưu trao đổi mọi dòng xe *** ***hổ trợ trả góp qua thẻ tín dụng*** ***check gốc xe máy toàn quốc*** ***hỗ trợ ship xe toàn quốc***,"Quận 3, Tp Hồ Chí Minh",Đã sử dụng,Xe máy điện,Unknown,2025,60000,21800000,Used,Hồ Chí Minh,2025.0,60000.0
2080,https://xe.chotot.com/mua-ban-xe-may/132082137.htm,2026-04-28 09:26:52,xe_may_dien,Xe máy điện VinFast Klara Xám,11600000,XE ĐIỆN LONG XUYÊN,Klara pin Bosch Động cơ điện Đức siêu bền.Mấy dòng sao không bằng nha.Mua sử dụng bán lại còn lời chứ không lỗ lã gì. Mua xe mới lỗ lắmnha..Xem không ưng ý mình mời cafe trà sữa giao lưu.Chúc sức khỏe đến với mọi người. .,"Thành phố Long Xuyên, An Giang",Đã sử dụng,Xe máy điện,Unknown,2019,29000,11600000,Used,An Giang,2019.0,29000.0
2081,https://xe.chotot.com/mua-ban-xe-may/132079755.htm,2026-04-28 07:04:34,xe_may_dien,Bán xe máy điện 11 kw,5000000,LÊ DANH,"Bán xe máy điện như hình - xe sx 2023 - mua mới năm 2023 sử dụng đến nay . Pin còn rất tốt . Sạc 4 tiếng đầy chạy được 120km . Xe đi rất it chủ yếu đi chợ nên còn rất mới . Mua mới 15 triệu , nay bán lại 5.2 triệu .","Quận Bình Thạnh, Tp Hồ Chí Minh",Đã sử dụng,Xe máy điện,Unknown,2023,1600,5000000,Used,Hồ Chí Minh,2023.0,1600.0
2082,https://xe.chotot.com/mua-ban-xe-may/132079541.htm,2026-04-28 06:21:54,xe_may_dien,datbike s1 màu Trắng,47000000,Nguyen Trong Loi,Xe em mới mua cần bán lại ạ ai mua gọi em,"Quận Hai Bà Trưng, Hà Nội",Đã sử dụng,Xe máy điện,Unknown,2026,4000,47000000,Used,Hà Nội,2026.0,4000.0
2083,https://xe.chotot.com/mua-ban-xe-may/132076957.htm,2026-04-27 20:22:48,xe_may_dien,Xe máy điện VinFast Ludo Đỏ,18500000,trần Vinh nghĩa,"Xe máy điện VinFast Ludo màu đỏ, thiết kế nhỏ gọn, phù hợp di chuyển trong phố. - Xe vận hành êm ái, tiết kiệm năng lượng. - Pin bền, quãng đường di chuyển tốt. - Xe sẵn sàng sử dụng.","Thành phố Thuận An, Bình Dương",Đã sử dụng,Xe máy điện,Unknown,2019,4000,18500000,Used,Bình Dương,2019.0,4000.0
2084,https://xe.chotot.com/mua-ban-xe-may/132071440.htm,2026-04-27 14:59:04,xe_may_dien,Xe máy điện 2021 màu Xanh,6500000,BÙI THỊ TÂM,Mình mua xe mới nên thừa xe này để lại cho ae có nhu cầu ạ. Giá 6tr5 có fix nhẹ cho ae nhiệt tình. Liên hệ: *** ạ. Đăng kí 2021,"Quận Hoàng Mai, Hà Nội",Đã sử dụng,Xe máy điện,Unknown,2021,1000,6500000,Used,Hà Nội,2021.0,1000.0
2085,https://xe.chotot.com/mua-ban-xe-may/132070720.htm,2026-04-27 14:24:30,xe_may_dien,Theons 2023 Trắng Lên Pin 120ah,50000000,nguyenchuyenpin,"🥳🥵😌BÁN THEONS SX 2023 , Pin Calb 120Ah hết 25tr : 😂🤪Em cần bán 50.000.000 Vnd . ( Tính Ra Xác Xe 25tr nha , Theons Vậy Quá Rẻ ) 😅🤨Em bán thì Chính Chủ công chứng mua bán luôn ạ 🥲 ( Thêm Dịch Vụ Sang Tên Trọn Gói + 3tr ) . - MÌNH CAM KẾT THU CAO HƠN NHỮNG CỬA HÀNG KHÁC 1 ĐẾN 2TR NHÉ . - CẦM XE MÁY _ XE ĐIỆN _ XE HƠI ĐIỆN GIÁ CAO ( CHÍNH CHỦ ) KỂ CẢ XE ĐANG CẦM NGÂN HÀNG . ĐỊNH GIÁ NGAY CÓ TIỀN SAU 19 PHÚT . - CHUYÊN LÀM PIN ĐỘ _ SỮA CHỮA_ TÂN TRANG PIN CHO TẤT CẢ CÁC LOẠI XE ĐIỆN . - CÓ HOA HỒNG 1TR / 1 XE CHO BẠN CTV GIỚI THIỆU SHOP MUA & BÁN ( LẤY TIỀN TƯƠI NHA ) . ........nguyenchuyenpin.com................ ✅ 𝐂Ó 𝐓𝐑Ả 𝐆Ó𝐏 – 𝐂À 𝐓𝐇Ẻ – 𝐆𝐈𝐀𝐎 𝐓Ậ𝐍 𝐍𝐇À ✅ 𝐍Ợ 𝐗Ấ𝐔 𝐁𝐀𝐎 ĐẬ𝐔 𝟏𝟎𝟎% ✅ 𝐂𝐀𝐌 𝐊Ế𝐓 𝐗𝐄 𝐓𝐇Ậ𝐓 – 𝐆𝐈Á 𝐓𝐇Ậ𝐓 – 𝐁Ả𝐎 𝐇À𝐍𝐇 𝐌𝐈𝐍𝐇 𝐁Ạ𝐂𝐇 😛ĐỊA CHỈ : 21 Nguyễn Súy . Phú Thọ Hoà ( Tân Phú Cũ ) . 😭🤪🥵😉 Time Mở Cửa : 6Am _ 24Pm ☎ *** ☎ 📢 QUÝ KHÁCH VUI LÒNG GỌI TRƯỚC KHI QUA . XIN CÁM ƠN QUÝ KHÁCH ĐÃ QUAN TÂM .","Quận Tân Phú, Tp Hồ Chí Minh",Đã sử dụng,Xe máy điện,Unknown,2023,400000,50000000,Used,Hồ Chí Minh,2023.0,400000.0
2086,https://xe.chotot.com/mua-ban-xe-may/132069074.htm,2026-04-27 13:03:33,xe_may_dien,"Xe điện 3 bánh SUNTO Đỏ, Trắng",20000000,AN,"Dư dùng, cần bán gấp xe điện mới 3 bánh, hàng chính hãng sản xuất tại China. Công dụng: phù hợp cho người già; bị tật chân. Giá bán: 20 triệu Địa chỉ: An Phú Đông, Q12 LH Anh An ***","Quận 12, Tp Hồ Chí Minh",Đã sử dụng,Xe máy điện,Unknown,2026,150,20000000,Used,Hồ Chí Minh,2026.0,150.0
2087,https://xe.chotot.com/mua-ban-xe-may/132067888.htm,2026-04-27 12:01:40,xe_may_dien,Xe điện TTFAIR màu xanh ngọc,5500000,Hoàng Ngân,"nhà dư xe điện cần bán, ai có nhu cầu liên hệ","Quận Gò Vấp, Tp Hồ Chí Minh",Đã sử dụng,Xe máy điện,Unknown,2024,5000,5500000,Used,Hồ Chí Minh,2024.0,5000.0
2088,https://xe.chotot.com/mua-ban-xe-may/132065869.htm,2026-04-27 10:33:38,xe_may_dien,Xe máy điện VinFast Tempest Trắng,9500000,Shop THOA XE ĐIỆN,"Xe máy điện VinFast Tempest màu trắng, thiết kế hiện đại, vận hành êm ái. - ODO 12066 km. - Xe phù hợp di chuyển trong thành phố. - Tiết kiệm chi phí nhiên liệu.","Quận Bình Tân, Tp Hồ Chí Minh",Đã sử dụng,Xe máy điện,Unknown,2022,12066,9500000,Used,Hồ Chí Minh,2022.0,12066.0
2089,https://xe.chotot.com/mua-ban-xe-may/132062049.htm,2026-04-27 07:02:57,xe_may_dien,Xe máy điện Yadea Xzone Đen,13000000,Minh Khải Võ,"Xe máy điện Yadea Xzone màu đen, thiết kế hiện đại, vận hành êm ái. - Xe đi được quãng đường dài, sạc nhanh. - Giá 13 triệu.","Thành phố Phan Rang-Tháp Chàm, Ninh Thuận",Đã sử dụng,Xe máy điện,Unknown,2025,6900,13000000,Used,Ninh Thuận,2025.0,6900.0
2090,https://xe.chotot.com/mua-ban-xe-may/132058620.htm,2026-04-26 18:58:47,xe_may_dien,Xe máy điện Roma Lite Đỏ Đã thay pin,16000000,Hoàng Yến,"Bán xe điện, vừa thay pin mới, chạy êm Xem xe ở chung cư da xà","Quận Bình Tân, Tp Hồ Chí Minh",Đã sử dụng,Xe máy điện,Unknown,2023,5000,16000000,Used,Hồ Chí Minh,2023.0,5000.0
2091,https://xe.chotot.com/mua-ban-xe-may/132054241.htm,2026-04-26 14:11:44,xe_may_dien,Xe máy điện Quantum S0 Trắng,37000000,nguyenchuyenpin,"😆😛🙋 Quantum S0 , Bs Sài Gòn , Odo 17.000km , xe zin đẹp 99% 😤😛💁Giá : 37tr ( Sạc Zin ) . Bao Sang Tên Trọn Gói thêm 2tr5 --------------------------------------------------------------------------------- - MÌNH CAM KẾT THU CAO HƠN NHỮNG CỬA HÀNG KHÁC 1TR ĐẾN 2TR NHÉ . - CẦM XE MÁY _ XE ĐIỆN _ XE HƠI ĐIỆN_ XE ĐẠP GIÁ CAO ( CHÍNH CHỦ ) KỂ CẢ XE ĐANG CẦM NGÂN HÀNG . ĐỊNH GIÁ NGAY CÓ TIỀN SAU 19 PHÚT . - CHUYÊN LÀM PIN ĐỘ _ SỮA CHỮA_ TÂN TRANG PIN CHO TẤT CẢ CÁC LOẠI XE ĐIỆN . - CÓ HOA HỒNG 1TR / 1 XE CHO BẠN CTV GIỚI THIỆU SHOP MUA & BÁN ( LẤY TIỀN TƯƠI NHA ) . ...................nguyenchuyenpin.com................. ✅ 𝐂Ó 𝐓𝐑Ả 𝐆Ó𝐏 – 𝐂À 𝐓𝐇Ẻ – 𝐆𝐈𝐀𝐎 𝐓Ậ𝐍 𝐍𝐇À ✅ 𝐍Ợ 𝐗Ấ𝐔 𝐁𝐀𝐎 ĐẬ𝐔 𝟏𝟎𝟎% ✅ 𝐂𝐀𝐌 𝐊Ế𝐓 𝐗𝐄 𝐓𝐇Ậ𝐓 – 𝐆𝐈Á 𝐓𝐇Ậ𝐓 – 𝐁Ả𝐎 𝐇À𝐍𝐇 𝐌𝐈𝐍𝐇 𝐁Ạ𝐂𝐇 😛ĐỊA CHỈ : 21 Nguyễn Súy . Phú Thọ Hoà ( Tân Phú Cũ ) . 😭🤪🥵😉 Time Mở Cửa : 6Am _ 24Pm ☎ *** ☎ 📢 QUÝ KHÁCH VUI LÒNG GỌI TRƯỚC KHI QUA . XIN CÁM ƠN QUÝ KHÁCH ĐÃ QUAN TÂM .","Quận Tân Phú, Tp Hồ Chí Minh",Đã sử dụng,Xe máy điện,Unknown,2025,17000,37000000,Used,Hồ Chí Minh,2025.0,17000.0
2092,https://xe.chotot.com/mua-ban-xe-may/132049506.htm,2026-04-26 09:53:24,xe_may_dien,"Theons 2022 Đỏ , Chính chủ giá Siu iu nha ...",40000000,nguyenchuyenpin,"Theons 2022 , màu đỏ Bs Sài Gòn , odo 42.000km , Mới Thay SND hãng 1tr2 + Cặp Vỏ Pireli Mới 2tr5 😀😆 xe bảo trì định kì đều . 😤😛💁Giá : 40tr ( Chính Chủ Công Chứng Mua Bán ) Bao Sang Tên Trọn Gói 43tr . *** - MÌNH CAM KẾT THU CAO HƠN NHỮNG CỬA HÀNG KHÁC 1 ĐẾN 2TR NHÉ . - CẦM XE MÁY _ XE ĐIỆN _ XE HƠI ĐIỆN GIÁ CAO ( CHÍNH CHỦ ) KỂ CẢ XE ĐANG CẦM NGÂN HÀNG . ĐỊNH GIÁ NGAY CÓ TIỀN SAU 19 PHÚT . - CHUYÊN LÀM PIN ĐỘ _ SỮA CHỮA_ TÂN TRANG PIN CHO TẤT CẢ CÁC LOẠI XE ĐIỆN . - CÓ HOA HỒNG 1TR / 1 XE CHO BẠN CTV GIỚI THIỆU SHOP MUA & BÁN ( LẤY TIỀN TƯƠI NHA ) . ........nguyenchuyenpin.com................ ✅ 𝐂Ó 𝐓𝐑Ả 𝐆Ó𝐏 – 𝐂À 𝐓𝐇Ẻ – 𝐆𝐈𝐀𝐎 𝐓Ậ𝐍 𝐍𝐇À ✅ 𝐍Ợ 𝐗Ấ𝐔 𝐁𝐀𝐎 ĐẬ𝐔 𝟏𝟎𝟎% ✅ 𝐂𝐀𝐌 𝐊Ế𝐓 𝐗𝐄 𝐓𝐇Ậ𝐓 – 𝐆𝐈Á 𝐓𝐇Ậ𝐓 – 𝐁Ả𝐎 𝐇À𝐍𝐇 𝐌𝐈𝐍𝐇 𝐁Ạ𝐂𝐇 😛ĐỊA CHỈ : 21 Nguyễn Súy . Phú Thọ Hoà ( Tân Phú Cũ ) . 😭🤪🥵😉 Time Mở Cửa : 6Am _ 24Pm ☎ *** ☎ 📢 QUÝ KHÁCH VUI LÒNG GỌI TRƯỚC KHI QUA . XIN CÁM ƠN QUÝ KHÁCH ĐÃ QUAN TÂM .","Quận Tân Phú, Tp Hồ Chí Minh",Đã sử dụng,Xe máy điện,Unknown,2022,42000,40000000,Used,Hồ Chí Minh,2022.0,42000.0
2093,https://xe.chotot.com/mua-ban-xe-may/132049313.htm,2026-04-26 09:44:30,xe_may_dien,Xe máy điện VinFast Feliz 2025 Xám,28000000,A Chíến,"Xe điện Feliz màu như hình nha giá mình mua là 32tr cả biển . có thêm cục pin phụ nha cục pin mua lẻ 5tr VINFAT nhé một nhé cần pass lại gây Giad 28tr ai mua thiện chi nt hoặc gpị mình, tôi ở hcm bình tân","Quận Bình Tân, Tp Hồ Chí Minh",Đã sử dụng,Xe máy điện,Unknown,2025,0,28000000,Used,Hồ Chí Minh,2025.0,0.0
2094,https://xe.chotot.com/mua-ban-xe-may/132049275.htm,2026-04-26 09:42:44,xe_may_dien,Quantum S3 Xám xe lướt giá iu nha,31500000,nguyenchuyenpin,"😆😛🙋 Quantum S3 , Bs Tỉnh , Odo 11.000km , xe zin đẹp 😤😛💁Giá : 31tr5 ( Sạc Zin ) . Khách Lấy Sạc 1800w thêm 1tr5 Bao Sang Tên Trọn Gói thêm 2tr8 --------------------------------------------------------------------------------- - MÌNH CAM KẾT THU CAO HƠN NHỮNG CỬA HÀNG KHÁC 1TR ĐẾN 2TR NHÉ . - CẦM XE MÁY _ XE ĐIỆN _ XE HƠI ĐIỆN_ XE ĐẠP GIÁ CAO ( CHÍNH CHỦ ) KỂ CẢ XE ĐANG CẦM NGÂN HÀNG . ĐỊNH GIÁ NGAY CÓ TIỀN SAU 19 PHÚT . - CHUYÊN LÀM PIN ĐỘ _ SỮA CHỮA_ TÂN TRANG PIN CHO TẤT CẢ CÁC LOẠI XE ĐIỆN . - CÓ HOA HỒNG 1TR / 1 XE CHO BẠN CTV GIỚI THIỆU SHOP MUA & BÁN ( LẤY TIỀN TƯƠI NHA ) . ...................nguyenchuyenpin.com................. ✅ 𝐂Ó 𝐓𝐑Ả 𝐆Ó𝐏 – 𝐂À 𝐓𝐇Ẻ – 𝐆𝐈𝐀𝐎 𝐓Ậ𝐍 𝐍𝐇À ✅ 𝐍Ợ 𝐗Ấ𝐔 𝐁𝐀𝐎 ĐẬ𝐔 𝟏𝟎𝟎% ✅ 𝐂𝐀𝐌 𝐊Ế𝐓 𝐗𝐄 𝐓𝐇Ậ𝐓 – 𝐆𝐈Á 𝐓𝐇Ậ𝐓 – 𝐁Ả𝐎 𝐇À𝐍𝐇 𝐌𝐈𝐍𝐇 𝐁Ạ𝐂𝐇 😛ĐỊA CHỈ : 21 Nguyễn Súy . Phú Thọ Hoà ( Tân Phú Cũ ) . 😭🤪🥵😉 Time Mở Cửa : 6Am _ 24Pm ☎ *** ☎ 📢 QUÝ KHÁCH VUI LÒNG GỌI TRƯỚC KHI QUA . XIN CÁM ƠN QUÝ KHÁCH ĐÃ QUAN TÂM .","Quận Tân Phú, Tp Hồ Chí Minh",Đã sử dụng,Xe máy điện,Unknown,2025,11000,31500000,Used,Hồ Chí Minh,2025.0,11000.0
2095,https://xe.chotot.com/mua-ban-xe-may/132041258.htm,2026-04-25 16:51:01,xe_may_dien,VinFast Motio 2025 Trắng dọn kiểng pin 30Ah bstp,15000000,XE ĐIỆN 90s,"MOTIO 2025 – TRẮNG – Dọn sẵn cho ae chơi lễ 📌 Biển số TPHCM – đăng ký 09/2025 📌 ODO: hơn 1k 📌 Lên Pin 60v30Ah mạch JK bluetooth (~80km/sạc). Động cơ zin, IC zin. 📌 Lên ghi đông Baphomet - đồng hồ RQZ 📌 Cùm & bao tay RCB, cùm tăng domino dây cơ 📌 Phuộc sau RCB, xinhan & hậu dán khói. 📌 Giao thẻ bao tranh chấp 💰 G.i.á: 15.500.000₫ ----------------------- 💚 Xe Điện Lướt Gò Vấp – Chuyên mua bán máy điện đã qua sử dụng tại TP.HCM ✅ Có trả góp online – Cà thẻ – Giao tận nhà 🔛Giao lưu bù trừ hợp lý các dòng xe 🔙 Bao quay đầu cho ae chơi chán ⚙️Sữa chữa - nâng cấp - đóng pin xe điện 📞 Call/Zalo: *** 📍 525/2/30 Tân Sơn, P.An Hội Tây, TP.HCM (F.12, GV cũ) 📌 950 Nguyễn Ảnh Thủ, x.Đông Thạnh, TP.HCM","Huyện Hóc Môn, Tp Hồ Chí Minh",Đã sử dụng,Xe máy điện,Unknown,2025,1000,15000000,Used,Hồ Chí Minh,2025.0,1000.0
2096,https://xe.chotot.com/mua-ban-xe-may/132039018.htm,2026-04-25 15:06:14,xe_may_dien,Xe máy điện Motio Đen,11500000,Quý Minh,"Xe máy điện Motio màu đen, chính chủ. - Thiết kế hiện đại, vận hành êm ái. - Giá 11.5 triệu.","Quận Tân Phú, Tp Hồ Chí Minh",Đã sử dụng,Xe máy điện,Unknown,2024,4000,11500000,Used,Hồ Chí Minh,2024.0,4000.0
2097,https://xe.chotot.com/mua-ban-xe-may/132037882.htm,2026-04-25 14:08:33,xe_may_dien,Xe máy điện VinFast Evo Grand Đỏ mới 99%,25000000,EVBATTERY,"Xe Evo grand màu đỏ - ODO : 650km - Pin / Ắc Quy : pin zin hãng - Ngoại hình : còn mới 99% - Thủ tục mua bán : Ủy quyền và mua bán - Năm đăng ký : 2026 - Giá bán: 25tr 1 pin , 2 pin zin hãng 30tr","Quận Tân Bình, Tp Hồ Chí Minh",Đã sử dụng,Xe máy điện,Unknown,2026,650,25000000,Used,Hồ Chí Minh,2026.0,650.0
2098,https://xe.chotot.com/mua-ban-xe-may/132035806.htm,2026-04-25 12:21:33,xe_may_dien,Theon S 2025 Đen lên dây curo mới chưa chạy,55000000,nguyenchuyenpin,"Thoens 2025 , odo 1000km , lên dây curo , chính chủ bán Giá : 55tr Call : ***","Quận Tân Phú, Tp Hồ Chí Minh",Đã sử dụng,Xe máy điện,Unknown,2025,1000,55000000,Used,Hồ Chí Minh,2025.0,1000.0
2099,https://xe.chotot.com/mua-ban-xe-may/132035160.htm,2026-04-25 11:46:18,xe_may_dien,Xe máy điện S141 Đen,3200000,Nguyễn Hồng,"Xe máy điện S141 màu đen, thiết kế hiện đại, vận hành êm ái. - Tiết kiệm nhiên liệu, thân thiện môi trường. - Phù hợp di chuyển trong thành phố.","Quận Long Biên, Hà Nội",Đã sử dụng,Xe máy điện,Unknown,2018,12000,3200000,Used,Hà Nội,2018.0,12000.0
2100,https://xe.chotot.com/mua-ban-xe-may/132032225.htm,2026-04-25 09:50:19,xe_may_dien,Xe máy điện Đen feliz 350km lần sạc,77000000,Chung,Pin 130ah 22s cell CATL tuổi thọ 15năm brolab đóng riêng không phải thương mại.Và sạc 92vol 10a 30triệu Ecu gekoo 750+tản nhiệt nước 7triệu Motor qs 3k v5. 7trieu (vẫn còn giữ lại mâm số máy ) Đồng hồ có lắp thêm giải mã đọc pin vol và phần trăm pin.có đồng hồ đo nhiệt độ pin luôt 1riệu 5 Xác xe đã gia cố sườn hết 6triệu + xe 18trieu Phuộc sau rcb vd series mua new 5trieu3 Heo sau brembo; dĩa ; dây dầu cũng 4triệu Phuộc trước SH mode 5triệu 5; heo bremno billet 7trieu; dĩa tbt; +dây dầu cũng 2triệu Đèn Gc kenzo s600 rọi sáng xa như ôtô tầm 3triệu 5. 2 hệ thống remote chống trộm . Yên xe bọc tấn tài nổi tiếng.Xe rất ít đi do nhà có mấy chiếc đi thay đổi số km mới 7ngàn và còn nhiều thứ v.vv chưa kể ra như pasing; tiongtong; gù.mâm trước vario.v.vv Biển số TP Q11 công chứng bán hoặc ủy quyền liền ok Quản đường đi từ 250 tới 350km lần sạc ..mở máy xe không cần chìa khóa,"Quận 7, Tp Hồ Chí Minh",Đã sử dụng,Xe máy điện,Unknown,2022,7000,77000000,Used,Hồ Chí Minh,2022.0,7000.0
2101,https://xe.chotot.com/mua-ban-xe-may/132029664.htm,2026-04-25 07:22:32,xe_may_dien,Xe máy điện VinFast Feliz S Đen,28500000,Phan Lợi Danh,"Feliz S odo 64k đã mua pin, tuy nhiên pin vừa được bảo hành sức khỏe 99% do thay pin mới. Liên hệ Zalo bên dưới, chính chủ KHÔNG phải màu đen BẢY lần màu xám SÁU lần màu bạc NĂM nay là 2026 BỐN mùa trong năm HAI lần nửa năm NĂM lần không tăng giá BỐN mùa trong năm HAI lần nửa năm NĂM lần không tăng giá Giao dịch trực tiếp","Huyện Củ Chi, Tp Hồ Chí Minh",Đã sử dụng,Xe máy điện,Unknown,2024,64000,28500000,Used,Hồ Chí Minh,2024.0,64000.0
2102,https://xe.chotot.com/mua-ban-xe-may/132027360.htm,2026-04-24 21:16:47,xe_may_dien,Xe máy điện Vespa Dior 946 hottrend,14500000,LƯU BẢO TRÂN,"💥💥Các mẫu xe điện hottrend💥💥 💥💥Động cơ xịn 💰💰💰Mẫu V1 giá 12.990.000 💰💰💰Mẫu Vespa 946 giá 14.500.000 👉👉Xe thiết kế thời trang, cá tính phù hợp với mọi phong cách và lứa tuổi. 👉👉xe sở hữu động cơ mạnh mẽ,quãng đường đi chuyển ấn tượng,cùng nhiều tính năng tiện ích. 💥Nhận ĐÓNG PIN xe điện theo yêu cầu 💥Giá thành hợp lý,phù hợp với túi tiền của người tiêu dùng. #xedienV3 #xedien133 #xedienS1, #xedienmoka","Quận 8, Tp Hồ Chí Minh",Mới,Xe máy điện,Unknown,2026,,14500000,New,Hồ Chí Minh,2026.0,
2103,https://xe.chotot.com/mua-ban-xe-may/132027359.htm,2026-04-24 21:16:43,xe_may_dien,Xe máy điện Vespa Vespa 946 Đỏ,13999999,XE ĐIỆN GIÁ RẺ TPHCM,#VESPA_946_ 👉 sẵn màu Mời #SỈ_LẺ 🚚 Giao hàng toàn quốc 💥 BH lên tới 3 năm ☎️ ***( TV miễn phí),"Huyện Hóc Môn, Tp Hồ Chí Minh",Mới,Xe máy điện,Unknown,2026,,13999999,New,Hồ Chí Minh,2026.0,
2104,https://xe.chotot.com/mua-ban-xe-may/132027344.htm,2026-04-24 21:15:29,xe_may_dien,Xe máy điện VinFast EVO200 Đỏ 2022,20000000,mr stone,Nhà chật cần bán xe Lốp mitchelin mới thay. Xe đẹp keng. Odo lướt >27k km còn bảo hành hãng tới 2027 Pin trầu bò đi đc tầm 120km 1 lần sạc. Khỏi kì kèo mất công trả lời. Đk 2022. Kí uỷ quyền hoặc mua bán ở sài gòn. Xem xe tại nhà. Có gl trao đổi xe điện nếu thấy hợp. Xem xe biên hoà,"Thành phố Biên Hòa, Đồng Nai",Đã sử dụng,Xe máy điện,Unknown,2022,27000,20000000,Used,Đồng Nai,2022.0,27000.0
2105,https://xe.chotot.com/mua-ban-xe-may/132026854.htm,2026-04-24 20:39:09,xe_may_dien,"Xe điện V1 Trắng, Hồng",8500000,Phương Lưu,Nhà dư chiếc xe điện V1 . Ai có thiện chí muốn mua liên hệ e nha,"Thành phố Thủ Đức, Tp Hồ Chí Minh",Đã sử dụng,Xe máy điện,Unknown,2024,0,8500000,Used,Hồ Chí Minh,2024.0,0.0
