id,reasoning,brand,model,imputed_year,imputed_mileage_km,has_aftermarket_mods
0,Brand not specified; model inferred as i8 from title; no mileage or year mentioned; no aftermarket mods.,,i8,,,False
1,No brand or model explicitly stated; description notes per-charge range but provides no year or mileage.,,,,,False
2,Brand identified as Yadea; no model specified; no year or mileage.,Yadea,,,,False
3,Brand Yadea detected; model M133; no year or mileage.,Yadea,M133,,,False
4,Model inferred as LENOX; brand not in standard list; no year or mileage.,,LENOX,,,False
5,Brand not identified; model set to VC-3 PLUSS; no mileage/year mentioned; no aftermarket mods detected.,,VC-3 PLUSS,,,False
6,Kazuki DTP-S; brand not in standard list; model set to DTP-S; no mileage/year; no mods.,,DTP-S,,,False
7,BALLFAYOX 143; brand not identified; no year/mileage; no mods.,,BALLFAYOX 143,,,False
9,Brand Yadea detected; model set to 133; no year/mileage; no mods.,Yadea,133,,,False
10,Brand Yadea detected; model not specified; no year/mileage; no mods.,Yadea,,,,False
11,The listing for an electric bicycle by Hyundai does not include the year or mileage. It lacks additional aftermarket mods information.,null,null,,,False
12,"Asama electric bicycle's description does not state the year or mileage, and there's no mention of aftermarket modifications.",Asama,null,,,False
13,M133 electric bicycle mentions technical specifications but does not provide a production year or mileage. No aftermarket modifications are indicated.,null,M133,,,False
14,"Asama bike mentions it's been used but no year is mentioned nor the mileage. There's a new seat, thus there is one aftermarket modification.",Asama,null,,,True
15,"Yadea electric bike is mentioned, but the year of manufacture and mileage are not present. No aftermarket modifications have been stated either.",Yadea,ACTION,,,False
16,Listing contains 'Toyotires' but does not specify a model. Year and mileage are not given.,null,null,,,False
17,"Listing mentions 'alan mits 8', categorized as electric bicycle. Year and mileage are not given. Remote and charger mentioned, but no aftermarket mods by the owner.",null,null,,,False
18,Listing specifies 'Yadea' as the brand and provides a mileage range of 30-40 km. Year is not mentioned.,Yadea,null,,35.0,False
19,"Listing is unclear about the brand and model, noted as 'XE MỚI', but mentions a new battery. Year and mileage are not mentioned.",null,null,,,False
20,Listing specifies 'Asia' as the brand but does not mention a model. Year and mileage are not provided.,null,null,,,False
26,The listing is for a new electric bicycle with specified features but lacks brand and model information.,,,,,False
27,"This listing also refers to a new M133 model but does not specify the brand directly, implying it's the same model as the previous entry and lacks additional feature details.",,,,,False
28,The listing specifies it is an electric bicycle from Asama but does not provide a specific model. Year and mileage are not mentioned.,Asama,,,,False
29,The electric bicycle is identified as a Bike City model but no specific production year or mileage is noted.,Bike City,,,,False
30,The listing mentions an electric bicycle from Yadea but does not specify the model. No year or mileage is mentioned in the listing.,Yadea,,,,False
21,"The title mentions 'Xe điện Asuki', which maps to brand 'Asama'. The model is not specified. The year and mileage are not mentioned, so they are set to null. There are features like remote locking and new batteries indicating aftermarket modifications.",Asama,,,50.0,True
22,"The title mentions 'Xe đạp điện Ninja', which maps to brand 'Yadea'. The model is not specified. The year and mileage are not directly mentioned, so they are set to null. Features suggest the bike is in good condition but no aftermarket mods are indicated.",Yadea,,,,False
23,"The title indicates 'Xe đạp điện Vespa', which maps to brand 'Pega'. The model is not specified. The year is implied to be recent as it's described as 90% new. Mileage is not mentioned, resulting in null. There are no indications of aftermarket modifications.",Pega,,,,False
24,"The title mentions 'Xe đạp điện Yamada', which maps to brand 'Yadea'. The model is not specified. The year and mileage are not specified, hence set to null. There are no aftermarket modifications mentioned.",Yadea,,,,False
25,"The title mentions 'Xe đạp điện Honda', which maps to brand 'Honda'. The model is not specified. The year is not mentioned, and mileage is also not provided, so set to null. There are no aftermarket modifications indicated.",Honda,,,,False
36,Brand not explicit in title/desc; model extracted as 'Martin 107'. No year or mileage mentioned. No aftermarket mods indicated.,,Martin 107,,,False
37,Model extracted as 'SK8'. No year/mileage; no mods mentioned.,,SK8,,,False
38,Model identified as 'Wiibike Summer'. Brand not among standardized list; no year/mileage; no mods.,,Wiibike Summer,,,False
39,Model extracted as 'M133'. Brand not explicitly provided; no year/mileage; no mods.,,M133,,,False
40,Model identified as 'HIMO Z20'. Brand not in standardized list; no year/mileage; no mods.,,HIMO Z20,,,False
56,Brand identified: Yadea. Mileage/year not mentioned. No aftermarket mods.,Yadea,,,,False
57,Brand identified: Asama. No mileage/year/mods.,Asama,,,,False
58,Brand not in standard list; model inferred: V8. No mileage/year/mods.,,V8,,,False
59,Brand: Yadea. Model: TYPE3-PRO. Mileage: 1000 km stated. No mods.,Yadea,TYPE3-PRO,,1000.0,False
60,Brand not in standard list; model: S16.8 Smart. Mileage/year unknown.,,S16.8 Smart,,,False
31,The listing explicitly states the brand and model of the electric bicycle (Yamaha Citypas). Year and mileage are not mentioned.,Yamaha,Citypas,,,False
32,The listing does not specify the brand or model of the two-wheeler. Year and mileage are not mentioned.,,,,,False
33,The listing states the brand (Asama) but does not provide a specific model. Year and mileage not mentioned. Warranty details are provided instead.,Asama,,,,False
34,The listing indicates the brand (Asama) and mentions the bicycle is in very good condition (90%). Specific model not mentioned. Year and mileage not provided.,Asama,,,,False
35,"The listing does not specify the brand or model. Additionally, year and mileage are not mentioned, but it emphasizes good condition and warranty.",,,,,False
41,Range per charge mentioned (about 20km). Brand: not specified. Model: not specified. Imputed_year: null. Imputed_mileage_km: null. Has_aftermarket_mods: false.,,,,,False
42,Battery and charger included as described; no explicit brand/model; Imputed_year: null; Imputed_mileage_km: null; Has_aftermarket_mods: false.,,,,,False
43,Brand detected: Yadea. Model detected: E2 Hola. Imputed_year: null. Imputed_mileage_km: null. Has_aftermarket_mods: false.,Yadea,E2 Hola,,,False
44,Brand detected: Yadea. Model detected: X8. Imputed_year: null. Imputed_mileage_km: null. Used status noted; no aftermarket mods.,Yadea,X8,,,False
45,Brand: not specified. Model: not specified. Imputed_year: null. Imputed_mileage_km: null. Has_aftermarket_mods: false.,,,,,False
51,Title indicates used electric bicycle without a battery. No specific brand or model mentioned.,,,,,False
52,Title indicates electric bicycle from the standard brand Honda. No model specified but described as new and functional.,Honda,,,,False
53,"Title indicates electric bicycle brand Yadea, described as used but in good condition. No model or year specified.",Yadea,,,,False
54,"Title indicates electric bicycle from the brand Yamaha, mentioned to have been used for 4 years. Year of manufacture is implied to be 4 years ago from 2023.",Yamaha,,2023.0,,False
55,Title indicates used electric bicycle Yadea brand in yellow-black color. No model or specific details about modifications provided.,Yadea,,,,False
46,"Title indicates it's an electric bicycle (Xe đạp điện), but doesn't specify brand or model. Year and mileage are not mentioned, set to null.",,,,,False
47,"Title indicates it's an electric bicycle (Xe đạp điện) from Yadea, identified by color and design features. Year and mileage are not mentioned, set to null.",Yadea,,,,False
48,"Title indicates it's an electric bicycle (Xe đạp điện) but doesn't specify brand or model. Year and mileage are not mentioned, set to null.",,,,,False
49,"Title indicates it's an electric bicycle (Xe đạp điện) from Yadea (model AC-09) and mentions maintenance. Year and mileage are not mentioned, set to null.",Yadea,AC-09,,,False
50,"Title suggests it's a new model from Pega (potentially a stock electric bicycle), but does not provide any details on year or mileage. Set to null.",Pega,,,,False
61,Brand identified: Yadea. No model/year/mileage mentioned. No aftermarket mods indicated.,Yadea,,,,False
62,Brand identified: Pega. Model: Cap-A inferred from title.,Pega,Cap-A,,,False
63,Brand not mentioned. Model inferred: 133 from title.,,133,,,False
64,Brand not mentioned. Model inferred: SUPER 8 from title.,,SUPER 8,,,False
65,Brand identified: Yadea. Model not specified.,Yadea,,,,False
66,Brand unknown. Model inferred as V1. No year/mileage mentioned. No aftermarket mods.,,V1,,,False
67,Brand unknown. Model inferred as Q29. No year/mileage mentioned. No aftermarket mods.,,Q29,,,False
68,Brand unknown. Model inferred as sonsu. No year/mileage mentioned. No aftermarket mods.,,sonsu,,,False
69,Brand unknown. Model not evident from title; no year/mileage mentioned. No aftermarket mods.,,,,,False
70,Brand unknown. Model inferred as Samurai 4. No year/mileage mentioned. No aftermarket mods.,,Samurai 4,,,False
71,The listing specifies it is a SONSU electric bicycle but does not mention a production year or mileage. No aftermarket modifications are noted.,Sonsu,,,,False
72,The title indicates it is a Yadea model with specific details on functionality and condition. No year or mileage is provided. No aftermarket modifications are mentioned.,Yadea,133H SEEYES,,35.0,False
73,"This listing refers to a Kaiser electric bicycle. Information on year and mileage is missing, and no aftermarket mods are indicated.",Giant,Kaiser,,,False
74,"The listing describes it as a DK bike but does not specify a model name, year, or mileage. No aftermarket modifications are noted.",Pega,Samurai,,,False
75,"This listing is for a Venum electric bicycle, but lacks details on year and mileage. No aftermarket modifications are mentioned.",,D155,,,False
91,"The listing mentions an electric bicycle but does not specify brand, model, year, or mileage.",,,,,False
92,"The listing mentions a PEGA branded electric bicycle but does not specify model, year, or mileage.",Pega,,,,False
93,The listing mentions a Yadea branded electric bicycle with usage described as 95%. It does not specify the year or mileage.,Yadea,,,,False
94,The listing talks about an electric bicycle without specifying the brand or model but mentions it is in good condition. Year and mileage are not mentioned either.,,,,,False
95,"The listing specifies it is a new model (M133), but does not provide year, mileage, or aftermarket modifications.",,M133,,,False
101,Brand and model are unknown. No specific year or mileage mentioned. No aftermarket modifications indicated.,,,,,False
102,Brand is Assama as per title. No specific year or mileage mentioned. No aftermarket modifications indicated based on the description.,Asama,,,,False
103,Brand can be inferred as Yadea from the description of the model's features. The battery is specified but no production year or mileage is mentioned. No aftermarket modifications described.,Yadea,,,,False
105,"Unknown brand and model, but the description indicates a battery capability allowing for significant range. No specific year or mileage mentioned. No aftermarket modifications indicated.",,,,,False
106,Brand and model are unknown. The price is mentioned but lacks specific year or mileage. No aftermarket modifications are mentioned.,,,,,False
86,Title indicates it's a new electric bicycle with a warranty but no brand or model specified.,,,,,False
87,"Title suggests a new electric motorbike, but the brand is unclear and no model is specified.",,,,,False
88,"The listing describes a new Vespa X1 electric bicycle; hence, brand and model can be identified as Vespa X1.",Pega,X1,,,True
89,Title mentions Pega Cap A; hence brand is Pega and model is Cap A. No aftermarket modifications are suggested.,Pega,Cap-A,,,False
90,The listing indicates a new electric bike from Tailg but doesn't specify a model and has no aftermarket mods mentioned.,Asama,MOKA JS32,,,False
96,"The title indicates it is a new electric bike (Xe đạp điện), but no brand or model is specified. Mileage and year are also not mentioned.",,AIR BIKE M133,,,False
97,"The title mentions an electric bike but does not specify the brand or model. Year and mileage are not mentioned, indicating a stock condition.",,AZI,,,False
98,"This listing specifies TAILG as the brand, with the model being GX30 PLUS. Mileage and year are not indicated in the description, and aftermarket modifications are not mentioned.",Tailg,GX30 PLUS,,,False
99,"The listing identifies the bike as Q50, but the brand is not mentioned. Mileage and year are also not included, and it appears to be stock.",,Q50,,,False
100,"The listing is for a BMX bike, but the brand is not specified. There are no details regarding year or mileage. It seems to be in original condition without aftermarket modifications.",,BMX,,,False
76,"Brand is mapped to standard brand Yadea, model is inferred from title as S-Force. Year and mileage are not mentioned, so they are set to null. Aftermarket mods not mentioned, so set to false.",Yadea,S-Force,,,False
77,"No brand or model specification found; features of the listing lack detail on the vehicle's year and mileage. Aftermarket mods not mentioned, so set to false.",,,,,False
78,"Brand is determined to be Yadea from 'XE ĐẠP ĐIỆN BIKE', while model is not specified. Neither year nor mileage mentioned, defaults to null. Aftermarket mods not mentioned, so set to false.",Yadea,Bike,,,False
79,"No standard brand or model identified; features are too vague. Year and mileage not stated, resulting in null values. No aftermarket modifications suggested, so set to false.",,,,,False
80,"Brand is Yamaha, model is presumed to be an unspecified model of electric bicycle. Year is mentioned as 2026, mileage not provided, so set to null. Since no aftermarket mods mentioned, set to false.",Yamaha,,2026.0,,False
81,"The listing mentions 'xe đạp điện i8 hitasa' but does not specify a production year, mileage or aftermarket modifications.",Dibao,i8,,,False
82,The listing mentions 'Xe đạp điện Yadea' without specifying a production year or mileage. No aftermarket modifications were indicated.,Yadea,,,,False
83,"The listing talks about a Suzuki model with an engine but also integrates electric features. No year or mileage details were provided, and no modifications were noted.",Honda,Esperro,,,False
84,"The listing describes a general electric bicycle without a specific brand or model, and no year or mileage is mentioned.",,,,,False
85,"Similar to the above, this describes an electric bicycle without brand or model specifics. No production year or mileage is provided.",,,,,False
117,Title mentions 'Xe đạp điện màu Đen đã sử dụng' but does not specify brand or model. Year and mileage are not mentioned.,,,,,False
118,Title mentions 'Xe đạp điện Asama 48V' indicating brand is Asama. No model specified. Year and mileage not mentioned.,Asama,,,,False
119,Title mentions 'xe đạp điện trợ lực NAhXUS' indicating brand as NAhXUS. Model is not clear. Year and mileage not mentioned.,,,,,False
120,Title mentions 'xe đạp điện' but does not specify brand or model. Year and mileage not mentioned.,,,,,False
121,Title mentions 'Xe đạp điện Martin' indicating brand is Martin. No model specified. Year and mileage not mentioned. 'Có giỏ xe' indicates possible aftermarket part.,,,,,True
127,No specific brand or model mentioned. Year and mileage not available.,,,,,False
128,"Brand is OSAKAR, model not specified. Year and mileage are not mentioned, but ODO mileage given as 900km.",Yadea,Osakar,,900.0,False
129,"Brand is V1, model is 'V1 Hồng'. Year and mileage not available, motor warranty is mentioned.",Yadea,V1,,,False
130,"No specific brand or model mentioned. Year and mileage not available, but mentions warranty.",,,,,False
131,"Brand is Action, model is 'AC 10_300'. Year not mentioned, but includes mileage functionality. No aftermarket modifications indicated.",Yadea,Action,,,False
122,"The title indicates the brand is Yadea and mentions a model, A3. The mileage is implied as 20 km per charge.",Yadea,A3,,20.0,False
123,The title states it is a Kaishi electric bike but does not provide specific details about the model. The age suggests it is less than 2 years old.,Dat Bike,,2021.0,,False
124,"While it mentions Yadea and the model k1, no other features, year, or mileage are specified. It is used but still in good condition.",Yadea,k1,,,False
125,"The listing is for an unspecified brand and model, only categorized as an electric bicycle. No year or mileage details are provided.",,,,,False
126,The title tells that it is a Yadea i8 and states it is in good condition with no modifications.,Yadea,i8,,,False
132,"Electric bicycle from the title, new condition indicated, production year specified as 2026, no mileage mentioned, aftermarket features included with a remote.",VinFast,N/A,2026.0,,True
133,"Electric bicycle from the title, brand is identified as Honda, no year or mileage mentioned, no aftermarket modifications indicated.",Honda,Dream,,,False
134,"Electric bicycle identified as Pega from the title, no year or mileage mentioned, no aftermarket modifications indicated.",Pega,N/A,,,False
135,"Electric bicycle identified as Pega from the title, no year mentioned, indicated to be somewhat new with no specific mileage, no aftermarket modifications indicated.",Pega,N/A,,,False
136,"Electric bicycle identified as Yadea from the title, no year or mileage mentioned, no aftermarket modifications indicated.",Yadea,i8,,,False
112,"The title indicates it's a Honda e-bike, specifically noted as 'Xe đạp điện Honda Đen mới thay pin' and mentions replacing the battery. It does not specify the model, year, or mileage, and there are no mentions of aftermarket modifications.",Honda,,,,False
113,"The title mentions it as an e-bike but does not specify a brand or model. The description provides minimal information, only stating that a new battery was added and does not mention any year or mileage.",,,,,False
114,"This listing refers to a Panasonic e-bike without specifying a model. The description indicates that it has had two batteries replaced and that there is no further need for it. No year or mileage is provided, nor is there mention of aftermarket modifications.",Asama,,,,False
115,"The title states it is a Fiido electric bike and provides details about its functionality, such as being able to run 30-35 km with pedal assistance. There is no mention of the year or mileage, and while it presents particular features, there are no indications of aftermarket modifications",Dat Bike,Fiido,,,False
116,"This listing refers to a Yadea e-bike, stating it is nearly new with a range of 90 km. It lacks specific model information, year, or exact mileage but does note the bike's features and condition. No aftermarket modifications are mentioned.",Yadea,,,90.0,False
107,"The listing title does not provide the brand or model. The description mentions that the vehicle is new, and comes with accessories but no specific aftermarket modifications. Year and mileage are also not provided, so they are set to null.",,,,,False
108,"The bike is referred to as 'Yamaha' in the title for the brand. The model is not clear from the title and description. It mentions the bike can operate normally within a range of 25 to 30 km per charge. The year and aftermarket modifications are not mentioned, so they are set to null.",Yamaha,,,,False
109,"The description highlights the new model 'Dreaform Type 3 Pro', which allows for brand and model identification. The production year is mentioned as 2026 which is used, and the mileage is 60-70 km per charge as per the description. No aftermarket modifications are indicated.",Dibao,Dreaform Type 3 Pro,2026.0,65.0,False
110,"The bike type is identified as an electric bicycle, but the brand and model are not specified in the title or description. It indicates a range of 25 km per charge. No year or aftermarket modifications are specified so those features are set to null.",,,,25.0,False
111,"The electric bike is identified as an 'ASAMA' in the title, and the model is associated implicitly in the description. The mileage per charge is specified as 30-35 km. No production year is mentioned and no aftermarket mods are indicated, so those are set to null.",Asama,,,32.0,False
142,"Title mentions 'PEGA WINGS', which maps to the brand Pega. No mileage or year is provided, and aftermarket modifications are not specified.",Pega,Wings,,,False
143,"Title and description mention 'yamaha', which maps to the brand Yamaha. Mileage is implied with speed (25-30 km/sạc) but not explicitly stated, so set to null. Year is not mentioned. No aftermarket modifications indicated.",Yamaha,Electric Bicycle,,,False
144,"Title mentions 'DRACA S20', which maps to a likely brand of DRACA, but no standard mapping exists. Year and mileage not mentioned, and no aftermarket modifications specified, so all set to null.",,S20,,,False
145,"Title refers to 'Pega Cap A', which maps to the brand Pega and model Cap-A. No year or mileage mentioned, and no aftermarket modifications indicated.",Pega,Cap-A,,,False
146,"Title indicates 'Yadea', which maps to the standardized brand Yadea. Describes condition but does not specify year or mileage, so both are set to null. No aftermarket modifications are mentioned.",Yadea,,,,False
137,"The title indicates the brand 'Asuka'. The model is not explicitly mentioned but is inferred to be '133M'. Year and mileage are not provided, so they are set to null. No aftermarket modifications are mentioned.",Asama,133M,,,False
138,"The title mentions 'HÀNG CÔNG TY' which indicates it is a company product but does not specify a brand or model. Year and mileage are not provided, so they are set to null. No aftermarket modifications are mentioned.",,,,,False
139,"The title indicates the brand 'SEN'. The model is not explicitly stated but can be inferred as ‘4 bình’. Year and mileage are not provided, so they are set to null. No aftermarket modifications are mentioned.",Yadea,SEN,,,False
140,"The title indicates the brand as 'Moka'. The model is directly given as 'i8'. Year and mileage are not provided, so they are set to null. No aftermarket modifications are mentioned.",Yadea,i8,,,False
141,"The title indicates 'E6' as the model, but the brand is not specified. Year and mileage are not provided, so they are set to null. No aftermarket modifications are mentioned.",,E6,,,False
152,"The listing mentions an electric bicycle, brand as 'HK Bike' (not standardized), and does not provide a specific model. The year and mileage are not mentioned, hence set to null. There are no aftermarket modifications indicated.",,,,,False
153,"This is an electric bicycle from Yadea, model is i6. The year and mileage are not specified, resulting in null values for both. There are no indications of aftermarket modifications.",Yadea,i6,,,False
154,"The listing is for an electric bicycle from Sonsu, specifically the Pro model. No specifics on year or mileage are given, hence they are null. There are no aftermarket modifications indicated.",Sonsu,Pro,,,False
155,"The bike is an electric model from Asama, without a specific model name provided. No year or mileage details are mentioned, set to null. There are no aftermarket modifications shown.",Asama,,,,False
156,"The listing refers to an electric bicycle from Yadea, specifically the i8 model. The year and mileage are not specified, hence set to null. There are no aftermarket modifications indicated in the description.",Yadea,i8,,,False
147,The listing mentions the brand as Yadea and provides a specific model of 133. It indicates the operational range per charge but does not mention any mileage or year of production. No aftermarket modifications were identified.,Yadea,133,,,False
148,"The listing does not provide any specific brand or model name. Therefore, brand and model are set to null. It mentions functionality and convenience but does not specify mileage or year. There are no aftermarket modifications mentioned.",,,,,False
149,The listing mentions the brand as Mạnh Phát and provides the model as 133. It suggests that the vehicle is used but does not specify year or mileage. There are no aftermarket modifications mentioned in the description.,,133,,,False
150,"The listing identifies the brand as Yadea and the model as SKY. There is no indication of the year or mileage in the description. Aftermarket modifications are not mentioned, so they remain false.",Yadea,SKY,,,False
151,The listing mentions the brand as Moka Bike but does not specify the model. The description highlights quality and components but lacks specific mileage or year information. No aftermarket modifications were noted.,Moka Bike,,,,False
157,"The listing mentions a blue electric bicycle, suitable for both genders, but does not specify brand or model. Production year and mileage is also not provided.",,,,,False
158,"The title indicates a 2025 model electric bicycle with a 36-month warranty. However, brand and model are not specified. Mileage is not mentioned, hence set to null. No aftermarket modifications are indicated in the description.",,,2025.0,,False
159,"The listing describes an electric vehicle named '133s' but does not specify the brand. The mileage is indicated as over 30km when fully charged, but the year is not mentioned. No aftermarket modifications are noted.",,133s,,30.0,False
160,"This listing is for an Asama electric bicycle with 4 batteries. The condition is stated and mileage is not directly mentioned, hence set to null. No modifications are listed.",Asama,,,,False
161,"This is a used Newber electric bicycle listing. Mileage is estimated around 20-25 km per charge but no year is articulated, leading to null status. There are no modifications stated.",Newber,,,25.0,False
162,"The title mentions 'xe điện Cap Pega', which indicates the brand is Pega and the model is Cap Pega. No year or mileage information is provided. Since there's no mention of aftermarket modifications, has_aftermarket_mods is set to false.",Pega,Cap Pega,,,False
163,"The title mentions 'xe đạp điện', indicating it is an electric bicycle. However, it does not specify the brand or model. The mileage and year are also not provided. There are no indications of aftermarket modifications, so has_aftermarket_mods is set to false.",,,,,False
164,"The title mentions 'xe đạp trợ lực điện RUNFUN Nhật Bản', so the brand is RUNFUN but not a standardized brand per the instruction set, thus set to null; the model is inferred to be 'RUNFUN'. No year or mileage is given, and there are no aftermarket modifications indicated, so has_aftermarket_mods is false.",,RUNFUN,,,False
165,"The title specifies 'Xe đạp điện Asama Nâu Unisex', indicating the brand is Asama. There is no year or mileage mentioned, and no indication of modifications, so has_aftermarket_mods is false.",Asama,Nâu Unisex,,,False
166,"The title mentions 'Xe đạp điện', indicating it's an electric bicycle, but does not specify a brand or model. There is no information on year or mileage, and no modifications mentioned, so has_aftermarket_mods is false.",,,,,False
167,"No explicit brand, model, production year, or mileage mentioned in title/description. No aftermarket mods stated.",,,,,False
168,"Description lists specifications (manufacturer Viet Nhat, max speed, battery type, etc.) but provides no clear brand accepted in standard mapping or model/year/mileage. No aftermarket mods mentioned.",,,,,False
169,Brand identified as Sonsu; model appears to be DK-Bike. No year or mileage provided. No mods mentioned.,Sonsu,DK-Bike,,,False
170,Brand identified as Sonsu; model identified as A10. No year or mileage provided. No mods mentioned.,Sonsu,A10,,,False
171,"Mentions Kyota; brand not in allowed standard brands, so brand is null; model set to Kyota. No year or mileage provided. No mods mentioned.",,Kyota,,,False
172,Brand not detected; model inferred as CWFZD from title; no year or mileage mentioned; no aftermarket mods indicated.,,CWFZD,,,False
173,Brand detected as Asama; model inferred as A-48; no year or mileage mentioned; no aftermarket mods.,Asama,A-48,,,False
174,Year 2022 stated; brand not in standard list; model inferred as Q8; no aftermarket mods.,,Q8,2022.0,,False
175,Brand not detected; model not specified; no year or mileage mentioned; no aftermarket mods.,,,,,False
176,Model inferred as Sport Move; brand not detected; no year or mileage mentioned; no aftermarket mods.,,Sport Move,,,False
177,Brand 'HITASA' not in standardized list; no year or mileage mentioned; no aftermarket mods indicated.,,,,,False
178,No brand/model/year/mileage/mods mentioned.,,,,,False
179,AZI present in title; not in standardized brands list; treat as model; no year/mileage/mods explicitly mentioned.,,AZI,,,False
180,Brand 'SAMA' likely corresponds to standardized 'Asama'; model not specified.,Asama,,,,False
181,Model 'Spring' detected in title; brand not identified; no year/mileage/mods specified.,,Spring,,,False
182,Brand not in standard list; extracted model 'Otheli'. No year or mileage mentioned. No aftermarket mods explicitly stated.,,Otheli,,,False
183,Model '133pro' detected; brand not specified; no year/mileage; no mods mentioned.,,133pro,,,False
184,Year indicated as 2026 in title; model inferred as 'V1' from description; no mileage information.,,V1,2026.0,,False
185,Brand 'SONSU' not in standard list; treated as unknown. Model 'SONSU' captured for reference; no year/mileage.,,SONSU,,,False
186,Model 'Vespa 946' identified; brand not standardized; no year or mileage provided; no explicit mods stated.,,Vespa 946,,,False
192,No brand or model explicitly mentioned; no mileage or year; no aftermarket mods stated.,,,,,False
193,Brand Yadea detected from title; color/model not clearly separate; no year or mileage; no mods stated.,Yadea,,,,False
194,Model 'Type3 pro' detected from title; brand not specified; no year/mileage/mods.,,Type3 pro,,,False
195,Model 'Milan II' detected from description; brand not specified; no year/mileage/mods.,,Milan II,,,False
196,Model '133M' detected from description; brand not specified; no year/mileage/mods.,,133M,,,False
197,No year or mileage mentioned. Model identified as 133S. No aftermarket mods detected.,,133S,,,False
198,Hitasa not in standard brands; brand null. Model set to 'Hitasa'. No year or mileage data. No mods.,,Hitasa,,,False
200,Model identified as M133. No year or mileage data. Includes battery but no aftermarket modification indicated.,,M133,,,False
201,Gicin not in standard brands; brand null. Model set to 'Gicin'. No year or mileage. No mods.,,Gicin,,,False
202,No brand or model mentioned. No year or mileage data. No mods; charger noted as included but not aftermarket.,,,,,False
187,Brand unknown from title/desc. Model presumed 'Osaka' from 'osaka' mentioned in description. No year or mileage mentioned. No aftermarket mods detected.,,Osaka,,,False
188,ASUKA 133 PRO appears in the title; '133 PRO' captured as model. Brand not mapped to the list of standard brands; thus brand is null. No year/mileage/mods information.,,133 PRO,,,False
189,Brand detected as Yadea from title. Model inferred as '133'. No year or mileage given; no aftermarket mods indicated.,Yadea,133,,,False
190,Brand not clearly mapped to the standard list; model not specified. Describes features of a Bridgestone e-bike with throttle; no year/mileage; no mods mentioned.,,Bridgestone,,,False
191,Brand detected as Yadea from the description; no model/year/mileage; no mods mentioned.,Yadea,,,,False
203,Brand unknown. Model identified as X20T Pro. No aftermarket mods detected. Year and odometer not specified.,,X20T Pro,,,False
204,"Brand unknown. Model inferred as v1 from title. No year, mileage, or mods mentioned.",,v1,,,False
205,"Model inferred as M133PRO. Brand not identified. No year, mileage, or mods mentioned.",,M133PRO,,,False
206,"Model inferred as HGT 133. Brand not identified. No year, mileage, or mods mentioned.",,HGT 133,,,False
207,"Brand identified as Yadea. Model identified as X1. No year, mileage, or mods mentioned.",Yadea,X1,,,False
208,Brand detected: Yadea; model not stated; year mileage not mentioned; no aftermarket mods inferred.,Yadea,,,,False
209,Brand not in standard list; model detected: S10; year mileage not mentioned; no aftermarket mods inferred.,,S10,,,False
210,No brand/model/year/mileage/mods mentioned.,,,,,False
211,Model detected: V1 plus; mileage listed as 80 km; year not mentioned; mods not inferred.,,V1 plus,,80.0,False
212,Model detected: V1 plus; mileage listed as 238 km (odo); year not mentioned; mods not inferred.,,V1 plus,,238.0,False
218,No brand or year/mileage mentioned. Model inferred from title as 'V1'. No aftermarket mods described.,,V1,,,False
219,Record mentions 'Xmen' with motor and daily-use convenience but no year/mileage. Brand unknown; model inferred as 'Xmen'.,,Xmen,,,False
220,Brand mentioned as ASAMA; no year/mileage; model not specified.,Asama,,,,False
221,Model indicated as 'G9' under brand 'JVC' which is not in the standard list; mileage provided as 3657 km. Year not mentioned.,,G9,,3657.0,False
222,Brand mentioned as ASAMA; no year/mileage or model details.,Asama,,,,False
213,Title indicates model 'M133s Plus'; no explicit brand mentioned in title/desc. Model inferred as 'M133s Plus'. Mileage/year not provided.,,M133s Plus,,,False
214,Model 'Gicin SK8' is mentioned; no year or odometer provided; no aftermarket mods indicated.,,Gicin SK8,,,False
215,Describes throttle-assisted e-bike with 80km per charge and NFC/locking features; no brand/year/odometer specified; no aftermarket mods indicated.,,Trợ lực có ga,,,False
216,States 'Giant M133s' and includes 'Giant' as brand; model is M133s; no year or mileage specified.,Giant,M133s,,,False
217,Describes used Bat X Classic; brand not clearly listed within allowed brands; model set to 'Bat X Classic'. No year or mileage provided.,,Bat X Classic,,,False
223,No brand/model/year/mileage mentioned in title/desc; no aftermarket mods indicated.,,,,,False
224,Brand identified as Asama from title; model reflected as 'Asama Xanh' to capture model/color.,Asama,Asama Xanh,,,False
225,No brand or model specified; all other fields not provided in description.,,,,,False
226,Listed model 'Enimel S8'; brand not specified.,,Enimel S8,,,False
227,Listed as 'M133PRO'; brand not specified.,,M133PRO,,,False
228,Brand not in the standardized list. Model inferred as VT BIKE. Anti-theft device installed (aftermarket). Year and mileage not explicitly mentioned.,,VT BIKE,,,True
229,Brand not in the standardized list. Model inferred as Gant. No aftermarket modifications mentioned.,,Gant,,,False
230,Brand matched to Pega. Model inferred as capA9. No aftermarket modifications mentioned.,Pega,capA9,,,False
231,Brand Wahama not in the standardized list. Model inferred as E1. No aftermarket modifications mentioned.,,E1,,,False
232,Brand not in the standardized list. Model inferred as V1. Battery included but not an aftermarket modification.,,V1,,,False
233,Brand not in standard list; model not clearly stated; no year or mileage detected in title/desc; no aftermarket mods.,,,,,False
234,Brand not in standard list; model not clearly stated; no year or mileage detected; no aftermarket mods.,,,,,False
235,Mentions GR55 model; brand not in standard list; no year or mileage detected; no aftermarket mods.,,GR55,,,False
236,Mentions GR56 model; brand not in standard list; no year or mileage detected; no aftermarket mods.,,GR56,,,False
237,Mentions GR56 model and year 2026; brand not in standard list; no mileage mentioned; no aftermarket mods.,,GR56,2026.0,,False
238,Brand detected: Asama. No explicit year or mileage; no aftermarket mods mentioned.,Asama,,,,False
239,Brand detected: Yadea. No year or mileage mentioned; no mods mentioned.,Yadea,,,,False
240,"Brand not in standard list; model inferred as 'Samurai'. No year, mileage, or mods mentioned.",,Samurai,,,False
241,"Brand not in standard list; model inferred as 'JVC'. No year, mileage, or mods mentioned.",,JVC,,,False
242,"Brand not in standard list; model inferred as 'M133PRO'. No year, mileage, or mods mentioned.",,M133PRO,,,False
243,"Brand: Yadea. Model: i8. Imputed year: null. Imputed mileage (km): null. Has aftermarket mods: false. Description indicates a Yadea i8, used for ~6 months, with no scratches and ongoing warranty.",Yadea,i8,,,False
244,"Brand: null (not specified). Model: null (not specified). Imputed year: null. Imputed mileage: null. Has aftermarket mods: false. Description states new, official product with full functionality and accessories.",,,,,False
245,Brand: null. Model: Martin 107. Imputed year: null. Imputed mileage: null. Has aftermarket mods: false. Description mentions price and smooth running; negotiable.,,Martin 107,,,False
246,Brand: Giant. Model: 133s. Imputed year: null. Imputed mileage: null. Has aftermarket mods: false. Description notes 4 batteries; good condition; stock components.,Giant,133s,,,False
247,Brand: null. Model: ADO A20 Air. Imputed year: null. Imputed mileage: null. Has aftermarket mods: false. Description mentions original box and liquidation.,,ADO A20 Air,,,False
248,No year or mileage mentioned; range 35-40km per charge indicated; no aftermarket mods; Vespa not in allowed brands list; brand=null; model=null.,,,,,False
249,Model appears to be 'V3 946'; brand not specified; range 80-90km per charge; max speed 50km/h; no aftermarket mods; year/mileage not mentioned.,,V3 946,,,False
250,"Describes '5 bình lớn', color white-pink, compact for female; no year/mileage mentioned; no aftermarket mods detected.",,,,,False
251,Like new; battery strong; no year/mileage mentioned; no aftermarket mods; features described but no mileage/year specifics.,,,,,False
252,Draca (brand not in allowed list); red color; no year/mileage mentioned; cable included; no aftermarket mods.,,,,,False
253,Brand not in standard list; model inferred as GR56 from title; no mileage or aftermarket mods.,,GR56,,,False
254,Honda electric bicycle mentioned; no model specified; no mileage or mods.,Honda,,,,False
255,Asama brand present; color Xanh mentioned but not model; no mileage or mods.,Asama,,,,False
256,Yadea brand present; model Ninja inferred from title; describes range 25-30km but not odometer; no mods.,Yadea,Ninja,,,False
257,Brand not in standard list; model inferred as 'DRACA SPORT FUSION 48' from title; no mileage or mods.,,DRACA SPORT FUSION 48,,,False
258,Brand not listed in standard brands. Model inferred as VO from 'Xe điện VO'. No year or mileage mentioned. No aftermarket mods detected.,,VO,,,False
259,Brand not listed (KAZUKI not in standard brands). Model inferred as 'KAZUKI V3'. No year or mileage mentioned. Battery/charger info present but not aftermarket modifications.,,KAZUKI V3,,,False
260,Brand Giant is in the standard list. Model inferred as 'M133 Plus'. No year or mileage mentioned. No aftermarket mods indicated.,Giant,M133 Plus,,,False
261,Brand Yadea is in the standard list. Model not specified. No year or mileage mentioned. No aftermarket mods.,Yadea,,,,False
262,Brand Asama is in the standard list. Model not specified. No year or mileage mentioned. No aftermarket mods.,Asama,,,,False
273,Brand not in standard list; model inferred as Sakura; no year or odometer mileage mentioned; no aftermarket mods.,,Sakura,,,False
274,Brand identified as Yadea; model inferred as Tye 3 Pro; purchase context mentions 2026 but no explicit production year; no odometer mileage.,Yadea,Tye 3 Pro,,,False
275,Year 2025 mentioned in description; brand/model not identifiable from text; set imputed_year to 2025.,,,2025.0,,False
276,No brand or model indicated; range per charge provided (40-45 km) but no odometer mileage.,,,,,False
277,Brand not in standard list; model inferred as Draca; no year or mileage information.,,Draca,,,False
268,No brand/model/year/mileage info found; listing mentions financing options and delivery; aftermarket mods not indicated.,,,,,False
269,Brand not in standard list; model inferred as 'iBike E6'; no year/mileage/mods mentioned.,,iBike E6,,,False
270,Brand not in standard list; model inferred as 'Gicini SK'.,,Gicini SK,,,False
271,Brand mapped to standard 'Pega'; model 'A9'; no year/mileage/mods.,Pega,A9,,,False
272,Brand mapped to standard 'Giant'; model '133Splus Anbico'; year 2026 mentioned; no mileage/mods.,Giant,133Splus Anbico,2026.0,,False
278,Brand identified as Yadea; model inferred as 133; no year or mileage mentioned; no aftermarket mods.,Yadea,133,,,False
279,Model inferred as SKY86; brand not in allowed standard list; no year or mileage mentioned; no aftermarket mods.,,SKY86,,,False
280,Brand Yamaha not in allowed standard brands; brand set to null; no specific model/year/mileage; no aftermarket mods.,,,,,False
281,Brand Yamaha not in allowed standard brands; brand set to null; no specific model/year/mileage; no aftermarket mods.,,,,,False
282,Brand identified as Yadea; model inferred as N9 Neo; no year or mileage mentioned; no aftermarket mods.,Yadea,N9 Neo,,,False
263,Year: null; Mileage: null. Brand not in standard list; model HKD06 identified from title. No aftermarket mods detected.,,HKD06,,,False
264,Brand not in standard list; model inferred as Sonsu from title. No year or mileage mentioned. Battery replacement mentioned (5 months ago) but not an aftermarket modification.,,Sonsu,,,False
265,Brand not in standard list; model inferred from title as G9. No year or mileage mentioned. No aftermarket mods stated.,,G9,,,False
266,Brand not in standard list; model inferred as PAS (Yamaha PAS) from description. No year or mileage mentioned. No aftermarket mods stated.,,PAS,,,False
267,Brand indicated as Yamaha but not in standard list; model not identifiable from description. No year or mileage mentioned. No aftermarket mods.,,,,,False
288,New electric bike indicated as Grant 133 with 100% warranty; no year or mileage information; no aftermarket mods mentioned.,,Grant 133,,,False
289,"Two used electric bikes described; one red with about 15 km range/mileage, the other operational but less smooth; no year or exact mileage data provided; no mods noted.",,,,15.0,False
290,Honda brand mentioned; inner details indicate an inner Japan domestic model; battery is faulty and needs replacement; no mileage or year data.,Honda,,,,False
291,Very generic used e-bike listing with no brand or model specified; price depends on condition.,,,,,False
292,"Kumatsu 133 red model mentioned; brand not listed in allowed mapping, model captured as 'Kumatsu 133'; battery replacement noted but no year or mileage provided.",,Kumatsu 133,,,False
283,Phoenix model; brand not in standard list. Mileage around 30-40 km; no aftermarket mods detected.,,Phoenix,,35.0,False
284,G-force electric bike; mileage about 30 km; no aftermarket mods detected.,,G-force,,30.0,False
285,V1 model mentioned in description; no mileage information; brand unknown.,,V1,,,False
286,Yamaha brand detected; model described as '3 số' (3-speed); mileage not mentioned.,Yamaha,3 số,,,False
287,New 4-battery setup mentioned; no brand/model identified; mileage stated as 50-60 km.,,,,55.0,False
304,Brand Yadea identified from the title; no year/mileage mentioned; no aftermarket mods indicated.,Yadea,,,,False
305,Listed brand Yamaha is not in the allowed standard brands; brand set to null. Mentions new battery but not an explicitly aftermarket modification; no mods indicated.,,,,,False
306,Brand Nijia not in the allowed standard brands; brand set to null. No aftermarket modifications mentioned.,,,,,False
307,Model appears to be '133'; description notes battery replaced and 12-month warranty; no year/mileage mentioned.,,133,,,False
308,Model appears to be 'HM' (hM) from the title; battery replaced; no year/mileage mentioned.,,HM,,,False
299,"Brand: null. Model: V1 Plus Livo Xi. Imputed Year: null. Imputed Mileage Km: null. Has Aftermarket Mods: false. Notes: new e-bike with warranty, includes 5 large batteries and full accessories.",,V1 Plus Livo Xi,,,False
300,Brand: null (Sufat is not in the standard brand list). Model: Sufat. Imputed Year: null. Imputed Mileage Km: null. Has Aftermarket Mods: false. Notes: nguyên zin (stock) and suitable for students.,,Sufat,,,False
301,Brand: Yadea. Model: D155. Imputed Year: null. Imputed Mileage Km: null. Has Aftermarket Mods: false. Notes: used sale/upgrade in progress.,Yadea,D155,,,False
302,Brand: Giant. Model: M133. Imputed Year: null. Imputed Mileage Km: null. Has Aftermarket Mods: false. Notes: includes charger and anti-theft lock; ship nationwide.,Giant,M133,,,False
303,"Brand: Yadea. Model: null. Imputed Year: null. Imputed Mileage Km: null. Has Aftermarket Mods: false. Notes: used, black color; top speed up to 40-45 km/h; no mileage stated.",Yadea,,,,False
293,No brand/model/year/mileage/mods found in title/desc; set fields to null; assumes no aftermarket mods.,,,,,False
295,Brand Yadea detected from title; year/mileage not stated; no mods implied.,Yadea,,,,False
296,Brand not mapped to standard list; model not specified; no mileage/year/mods detected.,,,,,False
297,No brand/model/year; mileage not clearly stated; no mods.,,,,,False
298,Year 2026 detected in title; model possibly '133'; brand not stated; mileage not mentioned; mods not indicated.,,133,2026.0,,False
309,"Identified electric scooter with model cue 'Osaka 133'; brand not in standard list, model inferred as 'Osaka 133'; batteries updated with 12-month warranty; charger updated; accessories included; no aftermarket mods indicated.",,Osaka 133,,,False
310,Title notes '4 bình mới' (four new batteries); no brand/model identifiable; no mileage/year indicated; no aftermarket mods noted.,,,,,False
311,Model extracted as 'Crazy Bull S' from title; brand not listed among standard brands; no year/mileage or mods mentioned.,,Crazy Bull S,,,False
312,Brand detected as 'Yadea' from title; color white mentioned; no model/year/mileage specified.,Yadea,,,,False
313,Brand not in standard list; model inferred as 'Sonsu' from the description; no year/mileage or mods mentioned.,,Sonsu,,,False
314,Brand: null; Model: M133; Imputed_year: null; Imputed_mileage_km: null; Has_aftermarket_mods: false. Description mentions M133 and features like cóp (trunk) and sàn để chân; no explicit aftermarket additions.,,M133,,,False
315,Brand: null; Model: 133; Imputed_year: null; Imputed_mileage_km: null; Has_aftermarket_mods: false. Mentions Anphal 133; no year or mileage provided; no aftermarket additions specified.,,133,,,False
316,Brand: null; Model: null; Imputed_year: 2026; Imputed_mileage_km: null; Has_aftermarket_mods: false. Title indicates 2026 white model; no mileage or aftermarket info.,,,2026.0,,False
317,Brand: null; Model: Hamachi; Imputed_year: null; Imputed_mileage_km: null; Has_aftermarket_mods: false. Description states Hamachi electric bike; no year or mileage.,,Hamachi,,,False
318,Brand: Asama; Model: null; Imputed_year: null; Imputed_mileage_km: null; Has_aftermarket_mods: false. Title explicitly notes Asama Đen; brand mapped to standard brand Asama.,Asama,,,,False
319,Extracted basic features from title/description. Brand not specified. Model inferred as 'Sport Racing'. No year or mileage mentioned. No aftermarket mods detected.,,Sport Racing,,,False
320,Brand not specified. Model inferred as 'TTFAIR'. No year or mileage mentioned. No aftermarket mods detected.,,TTFAIR,,,False
321,Model inferred as 'Raptor X'. Brand not explicitly provided. No year or mileage mentioned. No aftermarket mods detected.,,Raptor X,,,False
322,Model inferred as 'Cap-A' from title. No year or mileage mentioned. No aftermarket mods detected.,,Cap-A,,,False
323,Model inferred as 'TAILG' from listing. No year or mileage mentioned. No aftermarket mods detected.,,TAILG,,,False
324,Brand not in standard list; model inferred as M133 Pro from title; year/mileage not mentioned; no aftermarket mods stated.,,M133 Pro,,,False
325,Model inferred as Cap A from title; brand not in standard brands; no year/mileage; no mods.,,Cap A,,,False
326,Brand not in standard list; model inferred as Osaka Alpha from title; no year/mileage; no mods.,,Osaka Alpha,,,False
327,No identifiable brand or model information; only condition in description; no year/mileage; no mods.,,,,,False
329,Brand found as Yadea in title; no model/year/mileage/mods mentioned.,Yadea,,,,False
330,No brand or model mentioned; describes battery replacement service at home and 12-month warranty; no aftermarket mods detected.,,,,,False
332,Mentions V1 as model; no brand; includes battery; no year or mileage stated; no mods.,,V1,,,False
333,Mentions 133 as model; no brand; no year or mileage; no mods.,,133,,,False
334,References DK Bike; not in standard brand list -> brand unknown; no model specified; no year/mileage; no mods.,,,,,False
335,Mentions M133 Pro as model; brand unknown; no year/mileage; no mods.,,M133 Pro,,,False
346,"Osaka detected in the title; brand not in the standard list, treated as model. No year/mileage or aftermarket mods mentioned.",,Osaka,,,False
347,Brand Asama detected in the title; year/mileage/mods not mentioned; model not specified.,Asama,,,,False
348,Brand Asama detected; year/mileage/mods not mentioned; model not specified.,Asama,,,,False
349,Contains 'Willgo' which is not a standard brand; treated as model. No year/mileage/mods mentioned.,,Willgo,,,False
350,Honda detected in the title; year/mileage/mods not mentioned; model not specified.,Honda,,,,False
351,Brand not in standard list (Vespa). Model: Lavia SX. Year: null. Mileage: null. Has aftermarket mods: false.,,Lavia SX,,,False
352,Brand: Yadea. Model: Xbull. Year: null. Mileage: null. Has aftermarket mods: false.,Yadea,Xbull,,,False
353,Brand not specified within standard list. Model: 133. Year: null. Mileage: null. Has aftermarket mods: false.,,133,,,False
354,Brand: Giant. Model: M133 Plus. Year: null. Mileage: null. Has aftermarket mods: false.,Giant,M133 Plus,,,False
355,Brand: Giant. Model: 133 Plus. Year: null. Mileage: null. Has aftermarket mods: false.,Giant,133 Plus,,,False
341,Brand not identifiable from title/desc; model HT-BIKE; no year or mileage stated; no aftermarket mods mentioned.,,HT-BIKE,,,False
342,Brand not identifiable; model V1; no year or mileage stated; no mods mentioned.,,V1,,,False
343,Brand Giant identified; model 133Mplus; year 2026; mileage not stated; no aftermarket mods mentioned.,Giant,133Mplus,2026.0,,False
344,Brand Yadea identified; model X5; mileage about 50 km; year not stated; no mods mentioned.,Yadea,X5,,50.0,False
345,Brand Yadea identified; model X5; mileage about 50 km; used condition; year not stated.,Yadea,X5,,50.0,False
336,Brand: unknown; Model: Milan II; No year or mileage mentioned; No aftermarket mods. The listing notes stock motor and general condition without year/mileage details.,,Milan II,,,False
337,Brand mapped to Dat Bike; Model: DK Bike; No year or mileage mentioned; No aftermarket mods.,Dat Bike,DK Bike,,,False
338,Brand: Pega; Model: Cap As; No year or mileage mentioned; No aftermarket mods.,Pega,Cap As,,,False
339,Brand: unknown; Model: V1; No year or mileage mentioned; No aftermarket mods.,,V1,,,False
340,Brand: Yadea; Model: 133; No year or mileage mentioned; No aftermarket mods.,Yadea,133,,,False
371,Brand: unknown. Model inferred as Hotgirl from title. Mileage per charge mentioned as 25-30 km but not an exact figure; imputations left null. No aftermarket mods mentioned.,,Hotgirl,,,False
372,Brand unknown. Model not specified. Production year unknown. Mileage per charge not provided. No aftermarket mods mentioned; stock condition implied.,,,,,False
373,Brand unknown. Model inferred as H&M from title. Other specs not mentioned. Mileage/year unknown. No aftermarket mods.,,H&M,,,False
374,Brand unknown. Model inferred as 133s from title. Other specs not mentioned. Mileage/year unknown. No aftermarket mods.,,133s,,,False
375,Brand unknown. Model inferred as NKE BIKE from title. Other specs not mentioned. Mileage/year unknown. No aftermarket mods.,,NKE BIKE,,,False
361,Brand: Yadea (from title). Model: K1. Imputed mileage: 50 km per charge (lower bound of 50-55 km).,Yadea,K1,,50.0,False
362,Brand: unknown. Model: 133. Battery not included; no reliable mileage estimate.,,133,,,False
363,Brand: Asama. Mileage per charge: 25-30 km -> 28 km imputed.,Asama,,,28.0,False
364,Brand: unknown (Adiman not in standard list). Model: Adiman.,,Adiman,,,False
365,Brand: unknown. Model: Dasac (multicolor).,,Dasac,,,False
356,CapA model inferred from 'Cáp A'; no year or mileage mentioned; brand not in standard set; aftermarket mods not mentioned.,,CapA,,,False
357,Yamaha Natura: brand not in standard list; model Natura identified; no year or mileage; no mods.,,Natura,,,False
358,Yadea detected as brand; model not specified; no year or mileage; no mods.,Yadea,,,,False
359,Kazuki Slay model; year 2026 inferred from title; ODO >3000 km mentioned; set mileage to 3000 as a lower bound; brand not identified in standard list.,,Kazuki Slay,2026.0,3000.0,False
360,CapA model referenced in HKbike CapA; brand HKbike not in standard list; set brand null; no year or mileage; no mods.,,CapA,,,False
376,Brand not in the standard list; no year or mileage mentioned; no aftermarket mods stated.,,,,,False
377,Brand mapped to Pega (in standard list). No year or mileage mentioned; no mods indicated.,Pega,,,,False
378,Brand not identifiable; no year or mileage mentioned; a per-charge range (25-30km) is given but not ODO mileage; no mods indicated.,,,,,False
379,Brand not identifiable; used listing; no year or mileage mentioned; no mods mentioned.,,,,,False
380,Brand not identifiable; no year or mileage mentioned; no aftermarket mods stated.,,,,,False
366,Brand: Yadea detected from title; model: Bike. Mileage mentioned as 2 km. Upgraded battery to 48V and added a baby seat; indicates aftermarket mods.,Yadea,Bike,,2.0,True
367,"No recognizable standard brand in title/desc; model: V1. Description indicates new, with battery included; no explicit aftermarket additions.",,V1,,,False
368,"Brand Engwe not in allowed list; model: C20 Pro; mileage: 192 km; added rear rack and functional accessories (indicators, wireless tail light, lock) indicating aftermarket mods.",,C20 Pro,,192.0,True
369,Brand unknown; model: V1; describes new battery included; no explicit aftermarket additions beyond battery.,,V1,,,False
370,Brand unknown; model: 133s; no mileage or aftermarket modifications mentioned.,,133s,,,False
386,No explicit brand or model mentioned. Describes an electric bike with a stated range of 30-35 km per charge. No aftermarket mods indicated.,,,,,False
387,"Mentions brand HURAI, which is not in the standard brands list, so brand is null. No year or mileage mentioned. No aftermarket mods indicated.",,HURAI,,,False
388,No brand/model/year specified. Mentions color and city-use features; no odometer or mileage data. No aftermarket mods indicated.,,,,,False
389,Model name M133 Pluss is mentioned; brand and year not provided. Describes a per-charge range around 30 km; odometer mileage not stated.,,M133 Pluss,,,False
390,Year 2025 appears in title. Brand Forever not in standard list; model not clearly specified. Describes 48V25Ah battery and a per-charge range around 70 km; no odometer data.,,Forever,2025.0,,False
381,"Brand: unknown; Model: unknown. Noted features: 400W motor, range 40-45km per charge, 48V-15Ah battery, payload up to 120kg, top speed 25-35km/h. No aftermarket mods mentioned.",,,,,False
382,Brand: unknown; Model: M133. Used e-bike; no year or mileage provided. No mods mentioned.,,M133,,,False
383,Brand: unknown; Model: unknown. Used black e-bike; no year or mileage details.,,,,,False
384,"Brand: unknown; Model: V1. Finance/ installment offer; no year, mileage, or mods mentioned.",,V1,,,False
385,Brand: Yadea (interpreted from 'yadia'); Model: Ti8. Features mention 4 batteries and range 30-40km per charge; no year or mileage given; no mods.,Yadea,Ti8,,,False
391,Không xác định thương hiệu hoặc mẫu từ tiêu đề/miêu tả; không có năm sản xuất hoặc quãng đường (mileage) được đề cập; không có mod sau thị trường được nêu.,,,,,False
392,Thương hiệu Asama được xác định từ tiêu đề ('asama'); không có năm sản xuất hoặc quãng đường được đề cập; không có mod sau thị trường.,Asama,,,,False
393,Thương hiệu Yadea và mẫu i8 được xác định từ tiêu đề; không có năm hoặc quãng đường được đề cập; không có mod.,Yadea,i8,,,False
394,Thương hiệu Yamaha không nằm trong danh sách chuẩn được định sẵn; brand để null; không có năm/mileage; không có mod.,,,,,False
395,"Không có thương hiệu được xác định; có thể mẫu '133' được đề cập trong tiêu đề, nhưng brand null; năm và quãng đường không được đề cập; không có mod.",,133,,,False
396,No explicit brand or model in title/desc; only color. No year or mileage mentioned. No aftermarket mods detected.,,,,,False
397,"Mentions 'SONSU' (brand) and model '510', but brand is not in the allowed standard brands list; therefore brand is null and model is '510'. No year or mileage provided. No aftermarket mods.",,510,,,False
398,No brand or model identified. Description notes the item is being liquidated; basket included and stock charger mentioned. No aftermarket mods.,,,,,False
399,Mentions 'Newber' likely as model/name; brand not in the allowed list. No year. Mileage per charge is given but not odometer mileage; thus imputed_mileage_km remains null.,,Newber,,,False
400,Brand 'ASAMA' detected and mapped to standard brand 'Asama'. No model provided. Range per charge ~5km mentioned; no odometer mileage.,Asama,,,,False
406,Brand: unknown; Model: unknown; Imputed Year: null; Imputed Mileage Km: null; Has aftermarket mods: false. Description mentions Japan origin and a new battery but no explicit modifications.,,,,,False
407,Model detected: moka from the title; Brand: unknown; Imputed Year: null; Imputed Mileage Km: null; Has aftermarket mods: false. New bike with remote lock mentioned but no aftermarket additions.,,moka,,,False
408,Brand: unknown; Model: null (variants Yu7/GT900/G63 listed); Imputed Year: null; Imputed Mileage Km: null; Has aftermarket mods: false. Description lists multiple variants but no owner-added modifications.,,,,,False
409,Brand: unknown (LG not in standard brand list); Model: GR56; Imputed Year: null; Imputed Mileage Km: null; Has aftermarket mods: false.,,GR56,,,False
410,Brand: unknown; Model: LYN; Imputed Year: null; Imputed Mileage Km: null; Has aftermarket mods: false. Features described but no owner-added modifications.,,LYN,,,False
401,Model detected as K1 from the title. Brand is not identifiable from the text. No year or odometer mileage mentioned. No aftermarket mods mentioned.,,K1,,,False
402,"Mentions DV mono in the description; brand not in the standard list, so brand is null. Model inferred as DV mono. No year or mileage information is provided. No aftermarket mods mentioned.",,DV mono,,,False
403,"Model inferred as K2 from the Lehe K2 reference; brand not in the standard set, so brand is null. No year or odometer mileage mentioned. No aftermarket mods mentioned.",,K2,,,False
404,"Model inferred as 133s from the title. Brand not identifiable. The description mentions mileage per charge (20-30km) but this is not ODO mileage, so imputed_mileage_km remains null. No aftermarket mods mentioned.",,133s,,,False
405,Model inferred as M133 from the title. Brand not identifiable. No year or odometer mileage mentioned. No aftermarket mods mentioned.,,M133,,,False
416,Brand: unknown. Model: V1 (from description). No year or mileage mentioned. No aftermarket mods detected.,,V1,,,False
417,Brand and model not identified. No year or mileage mentioned. No aftermarket mods detected.,,,,,False
418,Brand and model not identified. No year or mileage mentioned. No aftermarket mods detected.,,,,,False
419,Model inferred as Ninja from title. Brand not identified. No year or mileage mentioned. No aftermarket mods detected.,,Ninja,,,False
420,Model inferred as Hitasa from title. Brand not identified. No year or mileage mentioned. No aftermarket mods detected.,,Hitasa,,,False
411,No brand or model or year/mileage mentioned; set nulls. No aftermarket mods indicated.,,,,,False
412,No brand/model/year/mileage mentioned; set nulls. No aftermarket mods indicated.,,,,,False
413,Model inferred as 'Mima'; no brand/year/mileage mentioned; no aftermarket mods indicated.,,Mima,,,False
414,Model inferred as 'VC'; year inferred as 2025; no mileage mentioned; no aftermarket mods indicated.,,VC,2025.0,,False
415,Brand not in standard list; model inferred as 'DYDXE'; no year/mileage; no aftermarket mods indicated.,,DYDXE,,,False
426,No brand/model/year/mileage data found in title/desc. No aftermarket mods indicated.,,,,,False
427,"No brand/model/year information found. Mentions 4 batteries and a remote/card lock feature, but no aftermarket modifications.",,,,,False
428,No brand/model/year information found. Mentions per-charge range (35-40 km) but no odometer/mileage data.,,,,,False
429,No brand/model/year information found. Describes general sporty design and motor capability; no mileage data.,,,,,False
430,No brand/model/year information found. Mentions 4 batteries and sporty design; no mileage data.,,,,,False
421,No brand or model identified in the title/desc; no mileage stated; no aftermarket mods mentioned.,,,,,False
422,Brand detected as Pega from title; no mileage or mods mentioned.,Pega,,,,False
423,No standard brand detected; mileage appears as 1000 km in description; brand and model left unknown.,,,,1000.0,False
424,No brand or mileage mentioned; description notes four batteries but not captured as a field.,,,,,False
425,Model X1 identified from the title; no brand given; mileage stated as 750 km.,,X1,,750.0,False
431,No brand or model detected; no year or mileage stated; battery warranty mentioned; no aftermarket mods.,,,,,False
433,No brand/model detected; no year or mileage stated; mentions battery health and range per charge; no aftermarket mods.,,,,,False
434,Color info present; no brand/model detected; no year or mileage stated; no aftermarket mods.,,,,,False
435,Model detected 'Before All F8'; brand unknown; no year or mileage stated; mentions battery replacement; no aftermarket mods.,,Before All F8,,,False
436,No brand/model detected; mentions new battery but not an aftermarket modification; no year or mileage stated.,,,,,False
437,Front suspension upgraded to a high-end unit (aftermarket modification) mentioned in description.,,,,,True
438,No explicit aftermarket additions; listing mentions accessories and warranty but no owner-added mods.,,,,,False
439,Brand 'Lyn' not in the allowed standard-brand set; no model/year/mileage info present.,,,,,False
440,No brand/model/year/mileage/mod details provided beyond color and usage; no mods mentioned.,,,,,False
441,Used condition stated; no brand/model/year/mileage/mod details provided.,,,,,False
442,"Used status indicated by 'đã qua sử dụng'; no brand, model, year, or mileage mentioned.",,,,,False
443,"Model Vespa 946 (V3) referenced; brand not clearly stated; other details (papers, warranty, battery) noted but no mileage/year information.",,Vespa 946 (V3),,,False
444,"Brand identified as Yadea; model is i6; no year or mileage provided, though a range per charge is mentioned in the description.",Yadea,i6,,,False
445,Model listed as V1 Plus; no brand specified; description mentions five large batteries but not aftermarket mods.,,V1 Plus,,,False
446,Brand explicitly stated as Pega; model not provided.,Pega,,,,False
447,Model identified as M133; no brand mentioned; no year or mileage stated. Noted specs include speed 40-50 km/h and a range of 50 km per charge; assembled in Vietnam; no aftermarket mods mentioned.,,M133,,,False
448,Description indicates near-new condition; no year or mileage mentioned; no brand or model specified.,,,,,False
449,Listing says the bike is new and mentions financing; no brand or model specified; no year or mileage provided.,,,,,False
450,Brand identified as Sonsu from the description; color White/Black; no year or mileage; no model listed.,Sonsu,,,,False
451,Brand identified as Asama; described as used; no year or mileage stated; no model provided.,Asama,,,,False
452,Brand detected: Pega. No model/year/mileage/mods mentioned.,Pega,,,,False
453,Brand detected: Asama. Model detected: A-48. No year/mileage/mods mentioned.,Asama,A-48,,,False
456,Brand not in standard list. No model/year/mileage/mods mentioned.,,,,,False
457,Brand not in standard list; no model/year/mileage/mods mentioned.,,,,,False
458,Model detected: 133. Brand not specified. No year/mileage/mods mentioned.,,133,,,False
459,Brand: null; Model: null. Notable: estimated range 45–50 km per charge; price around 8.5 million VND. No explicit year or odometer information. No aftermarket mods mentioned.,,,,,False
460,"Model: M133 Neweco (4 large batteries). Brand not stated. Notable: lights present (LED tail light, bulb, indicators) with 12V and 48V references. No year or odometer information.",,M133 Neweco,,,False
461,Brand: Asama. Model: null. Notable: estimated range ~35 km per charge; price around 2.5 million VND. No year or odometer information.,Asama,,,,False
462,Model: A9+. Brand: null. Notable: listing mentions a damaged battery (hư bình); no range or year information.,,A9+,,,False
463,Model: Aima. Brand: null. Notable: uses 4 batteries (12V23Ah); batteries recently replaced; chassis may still be under warranty. No year or odometer information.,,Aima,,,False
464,Model 'V1' detected from title; brand unknown (not in standard list); year/mileage/mods not specified.,,V1,,,True
465,Model inferred as 'Hitbike' from title; brand not in standard list; year/mileage/mods not specified.,,Hitbike,,,True
466,Model inferred as 'Cap' from title; brand unknown; year/mileage/mods not specified.,,Cap,,,True
467,Model inferred as 'Gấp gọn' (foldable) from title; brand unknown; year/mileage/mods not specified.,,Gấp gọn,,,True
468,No explicit brand or model identified; year/mileage/mods not specified.,,,,,True
474,"Mileage approximately 1000 km indicated ('hơn 1.000 km'). No explicit year, no clear brand or model found. No aftermarket mods mentioned.",,,,1000.0,False
475,Year mentioned as 2023 ('cuối năm 2023'). Model inferred as 'Neo'. Brand not in the allowed standard list.,,Neo,2023.0,,False
476,Model inferred as '133 Cam'. No year or mileage mentioned. Brand unknown.,,133 Cam,,,False
477,"Brand 'Hyundai' not in the standard set; brand set to null. No explicit model. Mileage range mentioned is per-charge, not ODO.",,,,,False
478,No year or mileage mentioned; no recognizable brand or model in the standard set.,,,,,False
469,"Yamaha electric bike detected in title; brand not in the standard list, so brand=null; model captured as 'Yamaha'; no mileage or year mentioned.",,Yamaha,,,False
470,No brand or mileage details discernible in description; treated as unknown brand/model; mileage=null.,,,,,False
471,Detected brand Asama from title; mileage 35 km mentioned; no aftermarket mods.,Asama,,,35.0,False
472,Detected brand Asama from title; no mileage info provided.,Asama,,,,False
473,"Brand HKbike appears; not in standard list, so brand=null; model set to 'HKbike'; mileage estimated from range 15-25 km as midpoint 20.",,HKbike,,20.0,False
479,"Brand 'Panasonic' is not in the allowed standard-brand list; no specific model, production year, or odometer reading is provided; no aftermarket mods are indicated.",,,,,True
480,"Brand not specified in the title/description; no model/year/mileage given; mention of a new battery is maintenance, not an aftermarket modification.",,,,,True
481,Brand not specified; no model/year/mileage provided; no aftermarket mods indicated.,,,,,True
482,No brand given; description describes pedal-assist bike with stock 10Ah battery and a 20-35km range in eco mode; no year/mileage mentioned; no aftermarket mods indicated.,,,,,True
483,No brand specified; description mentions a used electric bike with a dead battery needing replacement; no year/mileage provided; no aftermarket mods indicated.,,,,,True
494,Brand identified as Pega from title; no mileage/year mentioned.,Pega,,,,False
495,No brand or model mentioned; only color Vàng and price; no mileage/year.,,,,,False
496,Model inferred as Musashi; brand not in standard list.,,Musashi,,,False
497,Brand not in standard list; treat as a model name (Gican).,,Gican,,,False
498,No brand or model mentioned in title; description notes three-wheel configuration; mileage/year unavailable.,,,,,False
484,Model inferred from title: D155. Brand unknown. Year: null. Mileage: null. Aftermarket mods: false.,,D155,,,False
485,Model inferred from title: V1 PLUS. Brand unknown. Year: null. Mileage: null. Aftermarket mods: false.,,V1 PLUS,,,False
486,Model inferred from title: DK bike. Brand unknown. Year: null. Mileage: null. Aftermarket mods: false. Description mentions 'độ kiểng' but no explicit aftermarket items listed.,,DK bike,,,False
487,Model inferred from title: 133. Brand unknown. Year: null. Mileage: null. Aftermarket mods: false. Description mentions 'độ kiểng' but no explicit aftermarket items listed.,,133,,,False
488,No model or brand stated; only financing terms. Year: null. Mileage: null. Aftermarket mods: false.,,,,,False
489,No explicit brand/model; no year/mileage in title/desc; aftermarket mods not mentioned.,,,,,False
490,No explicit brand/model; DETECH wattage given but not a mapped standard brand; no year/mileage; no mods indicated.,,,,,False
491,Model appears as '133DS'; brand not specified; no year/mileage; no mods.,,133DS,,,False
492,Model appears as 'M133 PRO ASUKA'; brand not specified; no year/mileage; no mods.,,M133 PRO ASUKA,,,False
493,Used for about one year; no explicit year/model/brand/mileage details; no mods.,,,,,False
499,Brand not in standard list; model identified as Kexun; no explicit year or mileage mentioned; no aftermarket mods.,,Kexun,,,False
500,Brand is Pega (standard). No year or mileage mentioned. No aftermarket mods.,Pega,,,,False
501,No brand or model specified; interpreted as unknown. No year or mileage mentioned.,,,,,False
502,Brand not in standard list; model identified as HKbike; no year or mileage mentioned.,,HKbike,,,False
503,Brand Pega (standard). Model Cap A3 identified. No year or mileage mentioned.,Pega,Cap A3,,,False
504,No brand or model detected; no year or mileage specified in title/desc. No aftermarket mods noted.,,,,,False
505,Mileage mentioned: battery range ~15 km per charge; no brand/model/year detected.,,,,15.0,False
506,Model detected: K1 from title; no brand/year; mileage per charge up to 55 km.,,K1,,55.0,False
507,Model detected: Gr56 from title (Tai LG Gr56); no brand/year/mileage specified.,,Gr56,,,False
508,Model detected: M133 from title; no brand/year/mileage specified.,,M133,,,False
514,Model detected in title as M133; brand/year/mileage not specified; no aftermarket mods indicated.,,M133,,,False
515,No brand/model/year/mileage mentioned in title/desc; no aftermarket mods detected.,,,,,False
516,No brand/model/year/mileage mentioned; battery replacement noted but not captured as a feature; no aftermarket mods indicated.,,,,,False
517,No brand/model/year/mileage mentioned; no aftermarket mods detected.,,,,,False
518,No brand/model/year/mileage mentioned; no aftermarket mods detected.,,,,,False
519,Brand unknown; model unknown; no mileage/year information; no aftermarket mods detected.,,,,,False
520,Model inferred as 133 from title; brand unknown; no mileage/year information; no aftermarket mods.,,133,,,False
521,No explicit brand or clean model name; description mentions Japanese origin and 3 modes; no mileage/year; no mods.,,,,,False
522,Model inferred as S9 from title; brand unknown; no mileage/year; no mods.,,S9,,,False
523,Model inferred as 133S from title; brand unknown; no mileage/year; no mods.,,133S,,,False
509,Model Venus detected from title; brand not stated; no year or mileage mentioned; no aftermarket mods inferred.,,Venus,,,False
510,No specific brand or model mentioned; described as new with no battery details; no year or mileage provided.,,,,,False
511,Describes battery condition as bình khỏe but no model/brand/year/mileage specified; no aftermarket mods inferred.,,,,,False
512,Model Osaka inferred from title/description (OSAKA); brand not stated; battery recently replaced; no year/mileage information.,,OSAKA,,,False
513,Model X4 New Bear identified; year 2025 indicated in title; no mileage specified; no aftermarket mods inferred.,,X4 New Bear,2025.0,,False
534,Brand inferred from description: Pega. Model inferred as Capa S. No mileage/year mentioned. No aftermarket mods.,Pega,Capa S,,,False
535,No explicit brand or model mentioned; only color and range info provided. No mileage/year. No aftermarket mods.,,,,,False
536,Brand identified as Asama (Asama bike). No year/mileage information provided.,Asama,,,,False
537,Model identified as GR56; brand not clearly specified in allowed list.,,GR56,,,False
538,Brand not identifiable; model not specified. No year/mileage. No aftermarket mods.,,,,,False
524,No brand/model/year/mileage mentioned; listing notes used condition and charger included. No aftermarket mods detected.,,,,,False
525,No brand/year/mileage mentioned; description indicates foldable assist bike with aluminum frame; no aftermarket mods.,,,,,False
526,Mentions 'Sonsu E-bike'; brand not mapped to standard list; model inferred as 'Sonsu E-bike'. Year/mileage unknown.,,Sonsu E-bike,,,False
527,No brand/model/year/mileage mentioned; listing indicates new condition; no aftermarket mods.,,,,,False
528,Contains 'sonsu' branding; not mapped to allowed standard brands; model could be 'Sonsu'. Year/mileage unknown.,,Sonsu,,,False
529,"No brand, model, year, or mileage mentioned; no aftermarket mods detected.",,,,,False
530,"No brand, year, or mileage mentioned; no aftermarket mods detected.",,,,,False
531,Brand Honda identified. Mileage implied as 30 km per charge from the reference to '30km'. No aftermarket mods mentioned.,Honda,,,30.0,False
532,"Brand 'Sonsu' is not in the standard-brand list; brand set to null. No year, mileage, or aftermarket mods detected.",,,,,False
533,"Model identified as V8 Mini from the title. No brand, year, or mileage mentioned. No aftermarket mods.",,V8 Mini,,,False
539,Brand not in standard set; preserved as null. Model inferred as SONSU from title; no mileage/year info found; no aftermarket mods mentioned.,,SONSU,,,False
540,Model K1 detected. No mileage/Odometer info; brand unknown. No aftermarket mods mentioned.,,K1,,,False
541,No explicit model or brand identified; no mileage/year; no aftermarket mods mentioned.,,,,,False
542,Model 133c inferred from title; imported; no mileage/year; no aftermarket mods.,,133c,,,False
543,Model V1 inferred from title; price listed; no mileage/year; no aftermarket mods.,,V1,,,False
544,Mileage inferred from '100km/1 LẦN sạc'; brand not identified; year null.,,133 Pin LFP 30Ah,,100.0,False
546,Mileage inferred as 50 km per charge; brand not identified; year null.,,G9,,50.0,False
547,Year 2025 detected; model Bomelli 10; brand not identified.,,Bomelli 10,2025.0,,False
548,Mileage inferred as 60 km per charge; model Dior; brand not identified.,,Dior,,60.0,False
549,Model V1 detected; no mileage/year information; brand not identified.,,V1,,,False
550,No brand or model mentioned in title/desc. No year or mileage stated. No aftermarket mods mentioned.,,,,,False
551,Brand appears as Bridgestone but not in the allowed standard brands; no model or year/mileage mentioned; no mods mentioned.,,,,,False
552,Brand appears as SATO (not in allowed list); model inferred as Y10; no year/mileage; no mods.,,Y10,,,False
553,Mentions V1/ V1 Plus; brand not specified; no year/mileage; no mods.,,V1 Plus,,,False
554,Mentions model '133'; brand not specified; no year/mileage; no mods.,,133,,,False
555,Brand: unknown (null). Model: Sufat (from title). Imputed_year: null. Imputed_mileage_km: null. Has_aftermarket_mods: false.,,Sufat,,,False
556,Brand: null. Model: null. Imputed_year: null. Imputed_mileage_km: null. Has_aftermarket_mods: false.,,,,,False
557,Brand: null. Model: null. Imputed_year: null. Imputed_mileage_km: null. Battery replaced; no aftermarket mods listed.,,,,,False
558,Brand: null. Model: Cap A. Imputed_year: null. Imputed_mileage_km: null. Has_aftermarket_mods: false.,,Cap A,,,False
559,Brand: Asama (detected in title). Model: null. Imputed_year: null. Imputed_mileage_km: null. Has_aftermarket_mods: false.,Asama,,,,False
565,Brand detected: Asama (standard brand). No model/year/mileage/mods mentioned.,Asama,,,,False
566,No brand/model detected; description mentions condition and range per charge but no year/mileage.,,,,,False
567,Brand 'Aima' is not in the standard brand list; brand set to null. No year/mileage/mods mentioned.,,,,,False
568,Model detected: Q29. Brand not in standard list; set brand to null; model 'Q29'. No year/mileage/mods mentioned.,,Q29,,,False
569,No brand/model/year/mileage/mods mentioned; only usage noted.,,,,,False
560,Brand not in standard list (Sonsu not among mapped brands). No year/mileage mentioned. No aftermarket mods stated; set has_aftermarket_mods to false.,,,,,False
561,Brand identified as Pega. Model likely Cap A. No year/mileage mentioned. No aftermarket mods stated.,Pega,Cap A,,,False
562,Brand not in standard list (DK Bike not in mapped brands). Model likely Samurai. No year/mileage mentioned. No aftermarket mods stated.,,Samurai,,,False
563,"Brand not explicit; model identified as Dreaform VC. The description lists aftermarket upgrades: additional yên (seats) and tựa lưng/baga, so has_aftermarket_mods = true.",,Dreaform VC,,,True
564,Brand not standardized; model likely Action. No year/mileage mentioned. No aftermarket mods stated.,,Action,,,False
570,"Brand not in standard list; inferred model 'Asuka'; no year, mileage, or aftermarket mods mentioned.",,Asuka,,,False
571,"Brand unknown; model 'M133'; no year, mileage, or mods mentioned.",,M133,,,False
572,"Brand unknown; model 'Xsport'; no year, mileage, or mods mentioned.",,Xsport,,,False
573,"Brand unknown; model 'SONSU'; no year, mileage, or mods mentioned.",,SONSU,,,False
574,Brand 'Giant' detected; model '133Mplus'; year 2026 mentioned; no aftermarket mods inferred.,Giant,133Mplus,2026.0,,False
575,No brand or model clearly specified; listing mentions BMX bike but does not identify a brand. No year or mileage mentioned. No aftermarket mods indicated.,,BMX,,,False
576,Model appears to be V1; no brand identified. Mileage not provided; year not provided. No aftermarket mods indicated.,,V1,,,False
578,Brand detected as Asama from the title; model AS-60. No year or mileage information. No aftermarket mods indicated.,Asama,AS-60,,,False
579,Brand not mapped to a standard brand (Yamaha is not in the allowed list); model set to Yamaha as mentioned in the title. No year or mileage information. No aftermarket mods indicated.,,Yamaha,,,False
580,No standard brand detected; model MOVE SPORT identified. No year or mileage information; no aftermarket mods indicated.,,MOVE SPORT,,,False
581,Brand detected: Giant; no year/mileage info in description; no aftermarket mods indicated.,Giant,,,,False
582,Brand detected: Asama; no year/mileage; no aftermarket mods indicated.,Asama,,,,False
583,Brand detected: Pega; model: Wings; no year/mileage; no aftermarket mods indicated.,Pega,Wings,,,False
584,Brand not stated; model not specified; no year/mileage; no aftermarket mods indicated.,,,,,False
585,Brand not in standard list; model detected as GICINI SK; no year/mileage; no aftermarket mods indicated.,,GICINI SK,,,False
586,"Detected brand 'Yamaha' in title but it is not among the standard brands; brand left null. No model, year, or mileage mentioned. No aftermarket mods indicated.",,,,,True
587,"No explicit brand or model mentioned; only color and condition described. Year, mileage, and mods unknown.",,,,,False
588,"No brand or model info found; color mentioned but not used as a feature. Year, mileage, and mods unknown.",,,,,False
589,Model 'GR55' inferred from title; brand 'LG' not in the standard mapping; brand left null. Year and mileage unknown. Mods unknown.,,GR55,,,False
590,"Brand 'Hyundai' not in the standard mapping; no model, year, mileage, or mods mentioned.",,,,,False
591,Model inferred from title as FEDERAL TERRAIN; no year or mileage mentioned; no aftermarket mods inferred.,,FEDERAL TERRAIN,,,False
592,Model inferred from title as 133M; no year or mileage; no aftermarket mods stated.,,133M,,,False
593,No explicit model or brand in title/desc; no year or mileage; no aftermarket mods inferred.,,,,,False
594,Model inferred from title as CAP OSAKA; no year or mileage; no aftermarket mods.,,CAP OSAKA,,,False
595,Title mentions Yamaha but Yamaha is not mapped to a standard brand per guidelines; no clear model; no year or mileage; no aftermarket mods.,,,,,False
596,Brand: Pega. Model: Cap Pega. No year or mileage mentioned. No aftermarket mods.,Pega,Cap Pega,,,False
597,Brand: unknown (not from standard brands). Model: unknown. No year or mileage mentioned. No aftermarket mods.,,,,,False
598,Brand: unknown (not from standard brands). Model: unknown. No year or mileage mentioned. No aftermarket mods.,,,,,False
599,Brand: unknown (not from standard brands). Model: unknown. No year or mileage mentioned. No aftermarket mods.,,,,,False
600,Brand: unknown (not from standard brands). Model: unknown. No year or mileage mentioned. No aftermarket mods.,,,,,False
601,CAP-A model; no year/mileage info; no aftermarket mods mentioned; brand undetermined.,,CAP-A,,,False
602,Model 133; no year/mileage info; no aftermarket mods mentioned; brand undetermined.,,133,,,False
603,No explicit brand or model in the listing; no year/mileage; no aftermarket mods mentioned.,,,,,False
604,New listing with 100% condition; no year/mileage; no aftermarket mods mentioned; brand/model not stated.,,,,,False
605,Brand LIHAZE not in the mapped brand list; recorded as model name LIHAZE with no brand.,,LIHAZE,,,False
606,Detected year 2018 from title; Brand not in standard list; Model set to 'Alpha Bike'.,,Alpha Bike,2018.0,,True
607,Brand 'Yadea' detected; Model set to 'V1 Pro' from description; Year and mileage not specified.,Yadea,V1 Pro,,,False
608,Brand not in standard list; Model set to 'G14 PRO'.,,G14 PRO,,,False
609,Brand not in standard list; Model set to 'GR56'.,,GR56,,,False
610,Brand 'Asama' detected; Model not specified.,Asama,,,,False
616,Brand not in standard list; title indicates JVC as model. No year or mileage mentioned. No aftermarket mods.,,JVC,,,False
617,Model inferred as 133 from title; no year/mileage; brand unknown; no mods mentioned.,,133,,,False
618,Model inferred as M133 VIP; new condition stated; no year/mileage; no mods mentioned.,,M133 VIP,,,False
619,Model not clearly stated; described as used; no year/mileage; no mods mentioned.,,,,,False
620,Brand not in standard list; model inferred as 'Action Sports' from title; no year/mileage; no mods mentioned.,,Action Sports,,,False
621,Không có thông tin năm sản xuất hoặc quãng đường (mileage); thương hiệu và tên mẫu không được nêu; xe đạp điện đã qua sử dụng; không có mod aftermarket được đề cập.,,,,,False
622,Xác định thương hiệu Giant; model M133 Plus; tình trạng được mô tả là mới 100%; không có thông tin năm/mileage; không có mods aftermarket được đề cập.,Giant,M133 Plus,,,False
623,GoGo Kaishi được nhắc đến như mẫu; thương hiệu không được nêu rõ trong danh sách chuẩn; model Kaishi; tình trạng mới 100%; không có thông tin năm/mileage; không có mods aftermarket được đề cập.,,Kaishi,,,False
624,Thương hiệu Giant; model M133 Plus; mô tả tập trung vào hiệu suất và việc có thể trả góp; không có thông tin năm/mileage; không có mods aftermarket được đề cập.,Giant,M133 Plus,,,False
625,Thương hiệu không được nêu rõ; model có thể là S3; không có thông tin năm/mileage; không có mods aftermarket được đề cập.,,S3,,,False
611,"No brand, model, year, or mileage mentioned; no aftermarket mods indicated.",,,,,False
612,Brand not stated; model inferred as 'TKA' from title; no year or odometer mentioned; no mods.,,TKA,,,False
613,No brand/model mentioned; mentions range '20km' but not odometer; no mods.,,,,,False
614,No brand/model mentioned; indicates new condition; no mileage; no mods.,,,,,False
615,Mentions HKbike Cap A as model; brand not in allowed list; no odometer; no mods.,,Cap A,,,False
626,No brand/model/year/mileage details found in title/desc. No aftermarket mods mentioned.,,,,,False
627,Model FTN-CT20 detected. Brand not in standard list. No odometer mileage or aftermarket mods mentioned.,,FTN-CT20,,,False
628,No brand/model-year/mileage/aftermarket mods identifiable from listing.,,,,,False
629,Model Keren detected; brand not in standard list. No odometer mileage or aftermarket mods mentioned.,,Keren,,,False
630,Model Assitsta detected; brand not in standard list. No odometer mileage or aftermarket mods mentioned.,,Assitsta,,,False
636,Brand unknown; model unknown. No production year or mileage mentioned. No aftermarket mods detected.,,,,,False
637,Model Nijia Plus; brand not in the allowed list; no production year or mileage mentioned. No aftermarket mods detected.,,Nijia Plus,,,False
638,Model Galaxy; brand not specified; no production year or mileage mentioned. No aftermarket mods detected.,,Galaxy,,,False
639,Model Sonsu; brand not specified; no production year or mileage mentioned. No aftermarket mods detected.,,Sonsu,,,False
640,Model Moka; battery replacement date mentioned but not production year. No mileage mentioned. No aftermarket mods detected.,,Moka,,,False
631,No clear brand or model; no explicit year or mileage; no aftermarket mods mentioned.,,,,,False
632,"Title mentions 'Osaka 133s' with no standard-brand mapping; brand null, model set to 'Osaka 133s'.",,Osaka 133s,,,False
633,No brand/model; mentions 40km range per charge but not odometer mileage.,,,,,False
634,Brand detected as Asama; no model/year/mileage/mods.,Asama,,,,False
635,Brand not in mapping ('SONSU' not in allowed list); model set to 'SONSU bike'; no year/mileage/mods.,,SONSU bike,,,False
641,Used electric bicycle; no explicit brand/model/year/mileage/mods mentioned.,,,,,False
642,Brand Pega identified from title; no model/year/mileage/mods info provided.,Pega,,,,False
643,Describes original stock with 5 batteries included; no aftermarket mods detected.,,,,,False
644,Noted replacement of 4 batteries; no aftermarket modifications specified.,,,,,False
645,CAP A model mentioned; brand unknown.,,CAP A,,,False
646,Year 2024 detected from description; no explicit brand identified; no mileage reported; no aftermarket mods mentioned; model not specified.,,,2024.0,,False
647,Brand Yadea detected from title; model i8; listing mentions free accessories worth ~2tr which indicates aftermarket mods; no mileage or exact year provided.,Yadea,i8,,,True
648,Brand not explicitly stated; model interpreted as TTFAIR from 'Xe đạp điện TTFAIR'; no year or mileage mentioned; no mods described.,,TTFAIR,,,False
649,"No brand or model mentioned; no year, mileage, or aftermarket modifications reported.",,,,,False
650,"Model inferred as LUXY from 'SUFAT LUXY'; brand not explicitly stated; no year, mileage, or mods mentioned.",,LUXY,,,False
651,Brand detected: Asama. No year or mileage mentioned. No aftermarket mods indicated.,Asama,,,,False
652,"Model identified: Samurai 4. Brand not in standard list, so brand set to null. No year or mileage or mods mentioned.",,Samurai 4,,,False
653,Brand identified: Yadea. Model: i8. No year/mileage/mods provided. Usage noted as ~1 year but not mileage.,Yadea,i8,,,False
654,Model identified: K1. Brand not identifiable from text. No year/mileage/mods mentioned.,,K1,,,False
655,Brand detected: Pega. Model: Cap A9+. No year/mileage/mods mentioned.,Pega,Cap A9+,,,False
656,No brand or model mentioned; no year/mileage; no aftermarket mods stated.,,,,,False
657,Model VP79 detected; brand unknown; mileage not specified; no aftermarket mods.,,VP79,,,False
658,Model Nijia detected; brand unknown; mileage not specified; no aftermarket mods.,,Nijia,,,False
659,Mileage stated as 2100 km; no brand/model/year; no mods.,,,,2100.0,False
660,Model TailG Go detected; brand unknown; no mileage; no mods mentioned.,,TailG Go,,,False
666,No brand or model detected; no year or mileage mentioned; no aftermarket mods.,,,,,False
667,Brand detected: Pega. Model detected: Capa. No year/mileage or mods mentioned.,Pega,Capa,,,False
668,Brand detected: Asama. No model; no year/mileage; no mods.,Asama,,,,False
669,Model detected: 133s. Brand not specified; no year/mileage; no mods.,,133s,,,False
670,No brand or model detected; generic used electric bicycle; no year/mileage; no mods.,,,,,False
671,"Brand identified as Pega from the title; no model, production year, or mileage mentioned; no aftermarket mods indicated.",Pega,,,,False
672,"No brand, model, year, or mileage stated in the title/description; no aftermarket mods indicated.",,,,,False
673,"No brand, model, year, or mileage stated; no aftermarket mods indicated.",,,,,False
674,Brand identified as Asama from the title; no model/year/mileage mentioned; no aftermarket mods indicated.,Asama,,,,False
675,Brand identified as Honda from the title; no model/year/mileage mentioned; no aftermarket mods indicated.,Honda,,,,False
661,Brand not in standard list; model extracted as X5 Pro; no year or mileage mentioned; no aftermarket mods indicated.,,X5 Pro,,,False
662,Model identified as Lihaze (mini); brand not in standard list; no year/mileage; mods not mentioned.,,Lihaze mini,,,False
663,Model identified as Nike bike; brand unknown; no year/mileage; mods not mentioned.,,Nike bike,,,False
664,Model identified HAMACHI; brand unknown; no year/mileage; mods not mentioned.,,HAMACHI,,,False
665,Brand unknown; model Xe đạp điện (electric bicycle) generic; no year/mileage/mods stated.,,Xe đạp điện,,,False
676,"Brand not recognized from listing; item described as new (100%), stock condition; no mileage/year info; no aftermarket mods.",,,,,False
677,Model inferred as V1 from title; brand not in allowed list; year/mileage unknown; no mods.,,V1,,,False
678,Mileage mentioned: 'đã chạy hơn 1.000km' -> 1000 km; brand/model not identifiable; no mods.,,,,1000.0,False
679,Brand listed as Panasonic but not in allowed standard brands; treat as unknown. No model/year/mileage/mod info.,,,,,False
680,No brand/model/year/mileage/mod details in title/desc; only price info; all nulls with no mods.,,,,,False
681,"Brand not identifiable in allowed list. Model GR56 extracted from title. Year inferred from description (2026). Mileage not mentioned as ODO, so null. No aftermarket mods mentioned; has_aftermarket_mods = false.",,GR56,2026.0,,False
682,Brand not identifiable in allowed list. Model M133 extracted from title. No year or mileage mentioned. No aftermarket mods mentioned; has_aftermarket_mods = false.,,M133,,,False
683,Brand not identifiable in allowed list. Model K1 extracted from title. No year or mileage mentioned. No aftermarket mods mentioned; has_aftermarket_mods = false.,,K1,,,False
684,Brand not identifiable in allowed list. Model not discernible from description. No year or mileage mentioned. No aftermarket mods mentioned; has_aftermarket_mods = false.,,,,,False
685,Brand not identifiable in allowed list. Model not discernible from description. No year or mileage mentioned. No aftermarket mods mentioned; has_aftermarket_mods = false.,,,,,False
686,Brand: null; Model: null; Imputed_year: null; Imputed_mileage_km: null; No aftermarket mods indicated.,,,,,False
687,Model inferred as '133S' from title; Brand: null; Imputed_year: null; Imputed_mileage_km: null; No aftermarket mods indicated.,,133S,,,False
688,Brand mapped to Asama from title; Model: null; Imputed_year: null; Imputed_mileage_km: null; No aftermarket mods indicated.,Asama,,,,False
689,Brand: null; Model inferred as 'Rushiki' from title; Imputed_year: null; Imputed_mileage_km: null; No aftermarket mods indicated.,,Rushiki,,,False
690,Model inferred as 'Q28' from title; Brand: null; Imputed_year: null; Imputed_mileage_km: null; No aftermarket mods indicated.,,Q28,,,False
696,Brand not clearly stated; model identified as 'DK Bike' from the title; no mileage/year information; no aftermarket mods mentioned.,,DK Bike,,,False
697,Model identified as '133 A20' from the title; no brand mentioned; no mileage/year information; no mods mentioned.,,133 A20,,,False
699,Notes 'Longwies' (Japan) with 20-inch wheels and 15Ah battery; range stated as 30-40 km per charge; no explicit aftermarket mods mentioned; brand not in standard list.,,Longwies,,,False
700,"Title indicates color 'Đen' (Black); no brand, model, year, mileage, or mods information.",,,,,False
701,Model inferred as 'VC'; mentions range 50-55 km per charge and '5 bình' batteries; price stated; no explicit brand mapping.,,VC,,50.0,False
691,Brand: unknown (not in standard list). Model: Dylaxe X1. Odometer: 750 km. Range per charge mentioned (70 km) but not used for mileage field. Battery: 5 bình; motor: 1200W. No aftermarket mods detected.,,Dylaxe X1,,750.0,False
692,New electric bike; no year or mileage information provided. Price listed; no brand/model details available.,,,,,False
693,Brand: Pega. Model: Đỏ Trắng. No precise odometer/year information; per-charge range mentioned (35-40 km) but not used for mileage field.,Pega,Đỏ Trắng,,,False
694,Brand not in standard list (Adiman). Model: Adiman. No mileage/year information available.,,Adiman,,,False
695,Brand Yamaha not in standard list; model recorded as Yamaha for lack of a mapped standard brand. No mileage/year information available.,,Yamaha,,,False
702,Brand: Asama. Model: SPORT. No year or mileage detected. No aftermarket mods mentioned.,Asama,SPORT,,,False
703,Brand not in standard list (TAILG). Model: GR56. No year or mileage mentioned. No aftermarket mods mentioned.,,GR56,,,False
704,Brand not in standard list. Model: Asuka. No year or mileage. No aftermarket mods.,,Asuka,,,False
705,Model detected: G9 Dior. Brand unknown. No year or mileage. No aftermarket mods.,,G9 Dior,,,False
706,Brand not in standard list. Model: BOMELI. Listing notes no battery included; no year or mileage; no mods.,,BOMELI,,,False
707,Record 707: Title indicates 'Moka' as the model; no explicit brand; no year or mileage mentioned; no aftermarket mods specified.,,Moka,,,False
708,Record 708: Title lists 'JU TITER' as the model; no brand/year/mileage; listing describes the bike as used but in good condition; no aftermarket mods noted.,,JU TITER,,,False
709,"Record 709: Generic 'xe đạp học sinh' with '1 năm' of usage; no year, mileage, model, or brand clearly stated; treat as unknown year/mileage.",,,,,False
710,Record 710: 'Xe đạp điện trợ lực' appears new with box; no brand/model details beyond the general type; treat as unknown year/mileage with no aftermarket mods.,,Xe đạp điện trợ lực,,,False
711,Record 711: Model name 'Jun88 Carbon' present; no clear brand in mapping; accessories listed appear to be standard features rather than aftermarket mods; no mileage/year.,,Jun88 Carbon,,,False
712,"No explicit brand or model mentioned. Title indicates a black electric bicycle; description discusses city-use suitability, but no year, mileage, or aftermarket modifications are stated.",,,,,False
713,"No brand or model identified. Description mentions multiple colors and financing/warranty details, with no year or mileage information. No aftermarket modifications mentioned.",,,,,False
714,"Mentions 'TAILG' as the model; brand not specified within the standard list. No year or mileage data, and no aftermarket modifications indicated.",,TAILG,,,False
715,"Description refers to a car and normal usage; no two-wheeler-specific information (brand, model, year, mileage, mods) is provided.",,,,,False
716,Model appears to be SAMURAI 4; no brand listed in the standard set. No year or mileage information is provided; no aftermarket modifications indicated.,,SAMURAI 4,,,False
717,Brand not in standard list; no year/mileage mentioned; no explicit aftermarket mods detected; model not stated.,,,,,False
718,No brand/model/year/mileage information; none mapped to standard brands; no mods.,,,,,False
719,Model '133s' detected; brand not in mapping; no year/mileage; no mods.,,133s,,,False
720,Brand 'Honda' detected and mapped to standard; no model/year/mileage/mods mentioned.,Honda,,,,False
721,No brand/model/year/mileage/modifications detectable from description.,,,,,False
722,Listing for electric scooter Vespa 946. Brand not in standard list; model inferred as Vespa 946. No owner-added aftermarket mods indicated. Year/mileage not mentioned.,,Vespa 946,,,False
723,Electric bike E26. No explicit brand within the text; model inferred as E26. No aftermarket mods indicated. Year/mileage not mentioned.,,E26,,,False
724,Used electric bike; mentions new battery but no owner-added modifications described. Brand null; model null; year/mileage not mentioned.,,,,,False
725,Electric bike Osaka A8 red/black; brand not in the standard list; model inferred as A8. No aftermarket mods mentioned; year/mileage not provided.,,A8,,,False
726,Osakar A8 black; battery has been replaced with Sony VTC6A (aftermarket modification). Indicates aftermarket mods present. Brand null; model inferred as A8; year/mileage not mentioned.,,A8,,,True
727,Brand HKbike not in standard list; model Cap A2 extracted from title; no year or mileage mentioned; no aftermarket mods detected.,,Cap A2,,,False
728,Brand SEALUP not in standard list; model Q28 extracted from title; no year or mileage mentioned; no aftermarket mods detected.,,Q28,,,False
729,Brand SONSU not in standard list; model s10 extracted from title; no year or mileage mentioned; no aftermarket mods detected.,,s10,,,False
730,Brand Asama is in the standard list; model not specified in title; set model null.,Asama,,,,False
731,Brand Lihaze not in standard list; model V1 Plus extracted from title; no year or mileage mentioned; no aftermarket mods detected.,,V1 Plus,,,False
732,Electric bicycle; no brand or model detected; color green mentioned; no year/mileage; no aftermarket mods.,,,,,False
733,Brand 'Adiman' appears but not in the standard brand list; no model/year/mileage indicated.,,,,,False
734,Description mentions 'LG 500W' but LG is not a standard brand; no year/mileage; no aftermarket mods.,,,,,False
735,Brand 'Venus' appears but not in the standard list; no year/mileage provided.,,,,,False
736,Used electric bike; no brand or model detected; no year/mileage specified.,,,,,False
743,No year or mileage mentioned; brand unknown; model unknown. No aftermarket mods indicated.,,,,,False
744,Model inferred as 'M133' from title; no year/mileage/brand/mods mentioned.,,M133,,,False
745,Model inferred as 'G10 Sport' from title; no year/mileage/brand/mods mentioned.,,G10 Sport,,,False
746,Model inferred as 'G9' from title/desc; no year/mileage/brand/mods mentioned.,,G9,,,False
747,Model inferred as 'Camel' from title; no year/mileage/brand/mods mentioned.,,Camel,,,False
737,Brand not in standard list; model inferred as SunRa Ninja; no aftermarket mods detected.,,SunRa Ninja,,,False
739,Model inferred as 133m; brand not in standard list; no aftermarket mods detected.,,133m,,,False
740,Model inferred as Sun Su S10; brand not in standard list; no aftermarket mods detected.,,Sun Su S10,,,False
741,Brand Pega detected in title; model inferred as Cap-A; no aftermarket mods detected.,Pega,Cap-A,,,False
742,"Model inferred as A28 Lite; brand not in standard list; aftermarket mods detected (yên, gác để chân, đệm yên ba-ga chở người sau).",,A28 Lite,,,True
748,Model inferred from title as '133'. Brand not specified. No year/mileage information found. No aftermarket mods detected.,,133,,,False
749,Brand not in standard list; model set to 'HKBIKE' based on title. No year/mileage information found. No aftermarket mods detected.,,HKBIKE,,,False
750,Model set to 'X-SPORT' based on title. Brand not specified. No year/mileage information found. No aftermarket mods detected.,,X-SPORT,,,False
751,No brand/model/year/mileage information identified. Describes motor specs (36V-350W) but not a model name.,,,,,False
752,Brand identified as Yadea; model inferred as 'i5s'. No year/mileage information found. No aftermarket mods detected.,Yadea,i5s,,,False
764,Title indicates model M133; no brand mentioned; no year or mileage stated; no aftermarket mods detected.,,M133,,,False
765,Description notes new battery and 100% new; no brand or year/mileage; no mods.,,,,,False
766,"Title mentions JK8 PRO; no explicit brand, model extracted as JK8 PRO; no year/mileage; no mods.",,JK8 PRO,,,False
767,General listing; no model/year/mileage; no mods.,,,,,False
768,Description notes used/electric bike with new battery; no year/mileage; no mods.,,,,,False
759,Brand detected: Asama from title. No production year or mileage mentioned. No aftermarket mods stated.,Asama,,,,True
760,Brand not in standard list (Mactin appears in title). Model identified as 'Mactin 107'. No year or mileage stated. No mods.,,Mactin 107,,,False
761,Brand not specified. Model identified as 'V1' from listing. No year or mileage mentioned. No mods.,,V1,,,False
762,Brand not specified. Model not clearly defined. No year or mileage mentioned. No mods.,,,,,False
763,Brand identified as 'Pega' from listing. Model not specified. No year or mileage mentioned. No mods.,Pega,,,,False
769,"Brand not in standard list; model inferred as 'XSPORT' from title; no year, mileage or aftermarket mods mentioned.",,XSPORT,,,False
770,"Brand 'TAILG' not in standard list; model inferred as 'TAILG' from title; no year, mileage or aftermarket mods mentioned.",,TAILG,,,False
771,"Model inferred as 'GR55' from title; brand 'LG' is not in the standard list; no year, mileage or aftermarket mods mentioned.",,GR55,,,False
772,Mileage 1100 km detected in description ('1100KM'); no brand/model/year or mods mentioned.,,,,1100.0,False
773,"Model inferred as 'Bomeli' from title; brand not in standard list; no year, mileage or aftermarket mods mentioned.",,Bomeli,,,False
753,No year or mileage info; brand/model not identifiable; no aftermarket mods.,,,,,False
754,Model inferred as 133; no year/mileage; no mods.,,133,,,False
755,New e-bike; no year/mileage; model not specified.,,,,,False
756,Model GR55 detected; new and unused; no year/mileage; no mods.,,GR55,,,False
757,No year/mileage/model; general resale listing; no mods.,,,,,False
779,"No brand, model, year, or mileage mentioned in title/desc. No aftermarket mods indicated. All fields set to null where not stated.",,,,,False
780,"Title mentions HITASA Q8; HITASA not in the allowed standard brands list, so brand is null. Model set to Q8. No year/mileage/mods mentioned.",,Q8,,,False
781,Brand 'Yamaha' not in the allowed list; set brand null. Model null. Mileage per charge mentioned as 40-50 km; set imputed_mileage_km to 45. Other fields null.,,,,45.0,False
782,Nike bike; not in allowed brands; brand null. Model set to 'Nike bike'. No year/mileage/mods mentioned.,,Nike bike,,,False
783,SONSU Ruby; brand not in allowed; model 'Ruby'. No year/mileage/mods mentioned.,,Ruby,,,False
774,No explicit brand or model in title/desc. Described upgrading to 6 batteries; battery upgrade counts as a modification. No year or mileage mentioned.,,,,,True
775,No brand/model identified. Describes battery addition/replacement and extra cost for batteries; considered aftermarket modification. No year or mileage mentioned.,,,,,True
776,No brand/model/year/mileage information. Mentions selling price but no aftermarket modifications.,,,,,False
777,Identified model GR56; brand not in the standard list (TAILG not in allowed brands). No year/mileage or mods mentioned.,,GR56,,,False
778,Brand Bridgestone not in the standard list; model not specified. No year/mileage or mods mentioned.,,,,,False
784,Brand not in standard list; model inferred as Milan; no year/mileage mentioned; no aftermarket mods implied.,,Milan,,,False
785,Model inferred as PAS City; Yamaha brand not in the standard list so brand is null.,,PAS City,,,False
786,Brand identified as Asama; no year/mileage; no mods implied.,Asama,,,,False
787,Brand identified as Pega; model inferred as A9; no year/mileage; no mods implied.,Pega,A9,,,False
788,"No brand/model specified; listing mentions a 6-battery configuration (Combo 6 bình), indicating a likely aftermarket modification.",,,,,True
794,Brand detected: Asama. No year or mileage mentioned. No aftermarket mods indicated.,Asama,,,,False
795,Model detected: Samurai 4. Brand not in standard list; no year/mileage; no mods.,,Samurai 4,,,False
796,Title/desc do not map to a standard brand; considered Uyên Nhi as model. No year/mileage; no mods.,,Uyên Nhi,,,False
797,Year 2025 mentioned in title as 2025; brand/model not specified.,,,2025.0,,False
798,Model detected: M133. Brand not in standard list; no year/mileage; no mods.,,M133,,,False
799,Model parsed from title as M133. Range indicated as 50km in the title. No clear brand identified. No aftermarket mods mentioned.,,M133,,50.0,False
800,Listing mentions SONSU but brand is not in the allowed standard-brand list; treated as unknown brand. Model captured as SONSU. No mileage or mods mentioned.,,SONSU,,,False
801,Model identified as SK8 from title. Brand unknown. No mileage or mods mentioned.,,SK8,,,False
802,"Model identified as G10 from title. Mentions Sangone as a potential brand, but brand not in allowed list; set brand null and model as G10.",,G10,,,False
803,Model identified as Hengchi from title. Brand not in allowed list; set brand null. No mileage or mods mentioned.,,Hengchi,,,False
804,"Title indicates a new 100% electric bike; no year, mileage, or aftermarket mods mentioned; brand/model not identifiable.",,,,,False
805,Listing focuses on installment options; no brand/model/year/mileage/modifications specified.,,,,,False
806,LIHAZE appears but is not within the standard brand list; no year/mileage/mods specified.,,,,,False
807,Màu xanh and battery detail mentioned; no year/mileage/mods; brand/model not identifiable.,,,,,False
808,Mentions 'Super 73' which is a model name; brand not in the standard list; no year/mileage/mods.,,Super 73,,,False
789,Brand not mentioned; model not specified. Imputed_year=null. Imputed_mileage_km=null. Has_aftermarket_mods=false.,,,,,False
790,Title contains ASUKA 133 PRO; brand not in standard list so brand=null. Model set to 'ASUKA 133 PRO'. imputed_year=2026 as mentioned. mileage=null. has_aftermarket_mods=false.,,ASUKA 133 PRO,2026.0,,False
791,Brand not specified. Model inferred as 'Cap A' from title. imputed_year=null. mileage=null. has_aftermarket_mods=false.,,Cap A,,,False
792,Brand not specified. Model inferred as '133S'. imputed_year=null. mileage=null. has_aftermarket_mods=false.,,133S,,,False
793,Brand identified as Pega from title. Model inferred as 'Cap A9'. imputed_year=null. mileage=null. has_aftermarket_mods=false.,Pega,Cap A9,,,False
815,Brand: unknown. Model: unknown. No year or mileage mentioned. No aftermarket mods mentioned.,,,,,False
816,Model identified as GR 55. Brand: unknown.,,GR 55,,,False
817,Model inferred as TAILG from title. Brand: unknown.,,TAILG,,,False
818,Model identified as M133. Brand: unknown.,,M133,,,False
819,Model identified as Sport X. Brand: unknown.,,Sport X,,,False
809,Cap A electric bike; no production year or odometer mileage mentioned. Cap A is the model; 10-inch tubeless tires; battery replaced with new 100% capacity; 12-month battery warranty. No aftermarket mods explicitly mentioned.,,Cap A,,,False
810,Listing describes a house sale; mentions a battery and 30 km per charge but no clear two-wheeler year or mileage data. No explicit brand/model or aftermarket modifications.,,,,,False
811,"Two-wheeler described as foldable electric bike, Japanese stock; no brand or model identified.",,,,,False
813,"Forever-branded electric bike; brand not in standard mapping, so brand is null and model left as generic 'Forever' indication. No year/mileage specified.",,Forever,,,False
814,"Sonsu electric bike mentioned; brand not in standard list, captured as model 'Sonsu' with unknown brand. No year/mileage data provided.",,Sonsu,,,False
825,Brand: null; Model: iBike; Year: null; Mileage: null; Aftermarket mods: true (4 batteries and extra accessories listed).,,iBike,,,True
826,Brand: null; Model: R12; Year: null; Mileage: null; Aftermarket mods: false.,,R12,,,False
827,Brand: null; Model: GR 55; Year: null; Mileage: null; Aftermarket mods: false.,,GR 55,,,False
828,"Brand: null; Model: Lihaze; Year: null; Mileage: null; Aftermarket mods: true (nâng cấp pin, hộp chuyển đổi, gương hậu, ghế chở trẻ em).",,Lihaze,,,True
829,Brand: null; Model: null; Year: null; Mileage: null; Aftermarket mods: false.,,,,,False
820,Year 2025 detected from title; 5 large batteries imply range upgrade; per-charge range 50-60 km; brand unknown; model captured as 'VC 3 yên'; aftermarket mods: true.,,VC 3 yên,2025.0,,True
821,"No year or odometer mentioned; upgrades listed (new headlight, battery, IC); aftermarket mods: true.",,,,,True
822,Brand not in standard list ('Aima' not in allowed brands); model 'Aima 133'; 4 large batteries; range 40-50 km per charge; motor 500W; aftermarket mods: false.,,Aima 133,,,False
823,No year or mileage provided; model not specified; mentions 3 seats; no mods.,,3 chỗ ngồi,,,False
824,No year or mileage; refers to 'Nhật Bản' (Japanese origin) in title; no mods.,,Nhật Bản Xanh dương,,,False
830,Brand detected: Asama. Model: null. No aftermarket mods listed. Year/mileage not provided.,Asama,,,,False
831,"Brand not specified. No model. No aftermarket mods (battery upgrades noted are maintenance, not mods). Year/mileage not provided.",,,,,False
832,Brand not specified. No model. No aftermarket mods. Year/mileage not provided (mentions 5 batteries only).,,,,,False
833,Brand not specified. No model. No aftermarket mods. Year/mileage not provided.,,,,,False
834,"Model inferred as Moka. Brand not in standard list, so brand=null. No aftermarket mods.",,Moka,,,False
845,Brand not in the allowed list; model extracted as 'FI ONE STEEP AEMOVE'; no year or mileage mentioned; no aftermarket mods indicated.,,FI ONE STEEP AEMOVE,,,False
846,No brand/model/year/mileage detected in title/description; no aftermarket mods indicated.,,,,,False
847,Brand not in the allowed list; model identified as 'P20'; no year or mileage mentioned; no aftermarket mods indicated.,,P20,,,False
848,No brand/model/year/mileage detected; description mentions used status but no extractable features.,,,,,False
849,No brand/model/year/mileage detected in title/description.,,,,,False
850,No brand/model/year/mileage info found in title/desc. No aftermarket mods detected.,,,,,False
851,No brand/model/year/mileage. No aftermarket mods mentioned.,,,,,False
852,"Contains a model name Tailg GR55 and year 2026 in the title. Brand not in standardized list, so brand=null. Model set to 'Tailg GR55'.",,Tailg GR55,2026.0,,False
853,Model name detected as 'Toseco'; no brand/year/mileage. No mods.,,Toseco,,,False
854,Model name detected as 'KAZUKI'; no brand/year/mileage. No mods.,,KAZUKI,,,False
840,Two-wheeler: electric bicycle; no explicit year or mileage; brand not in the standard list; model inferred as 'Samurai' from the title.,,Samurai,,,False
841,Two-wheeler: electric bicycle; color black; no year or mileage; brand/model not specified.,,,,,False
842,Two-wheeler: electric bicycle; mentions 30 km range per full charge; no year or odometer mileage mentioned; aftermarket mods not clearly indicated.,,,,,False
843,Two-wheeler: electric bicycle with year 2017 stated in the title; color red; no mileage.,,,2017.0,,False
844,Two-wheeler: electric bicycle with 350W power and anti-theft lock; no year or mileage specified.,,,,,False
835,"Brand: unknown. Model: T3 hotrend. Estimated range per charge: 50-70 km (60 km mid). Top speed 50 km/h. 3 speeds. Warranty: 12 months. Includes accessories, RFID card, anti-theft. No aftermarket mods detected.",,T3 hotrend,,60.0,False
836,Brand mapped to standard brand Pega. Model: null. No explicit range/year information. No aftermarket mods inferred.,Pega,,,,False
837,Model identified as Nija. Estimated range per charge: 25-30 km (27 km mid). Financing option mentioned (Có Trả Góp). Brand not specified.,,Nija,,27.0,False
838,Model identified as Lihaze Mini. Estimated range per charge: 40-50 km (45 km mid). Includes two keys and remote anti-theft as listed. No aftermarket mods inferred.,,Lihaze Mini,,45.0,False
839,Listing is very generic with no brand/model or range information.,,,,,False
866,"No brand, model, year, or mileage mentioned in title/description. No aftermarket mods indicated.",,,,,False
867,Model mentioned as M133. Brand not specified; no mileage/year given; no aftermarket mods detected.,,M133,2026.0,,False
868,"Mentions Tailg GR55; brand Tailg not in the allowed standard brands, so brand is null. Model GR55. Year 2026 appears in description, treated as production year.",,GR55,2026.0,,False
869,No brand/model/year/mileage mentioned; no aftermarket mods indicated.,,,,,False
870,Model appears to be fli21. No brand specified; no explicit year/mileage. Description lists features but does not indicate owner-added mods.,,fli21,,,False
871,"Brand: null. Model: Urban Glider (from title 'Xe điện Weikesi Urban Glider'). Imputed year: null. Imputed mileage_km: null. Has aftermarket mods: null. Notable specs in description: speed 25 km/h, range 30 km per charge, payload 120 kg.",,Urban Glider,,,False
872,"Brand: null. Model: null. Imputed year: null. Imputed mileage_km: null. Has aftermarket mods: null. Description mentions color options but no model, year, mileage, or specs.",,,,,False
874,Brand: null. Model: null. Imputed year: null. Imputed mileage_km: null. Has aftermarket mods: null. Listing references SAMA blue color and used condition; no explicit model/year/mileage.,,,,,False
875,Brand: null. Model: null. Imputed year: null. Imputed mileage_km: null. Has aftermarket mods: null. Description notes Hitachi blue scooter e-bike; brand not in standard list.,,,,,False
876,Brand: null. Model: Albelt (from 'Bridgestone Albelt Nhật Bản'). Imputed year: null. Imputed mileage_km: null. Has aftermarket mods: null. Description mentions three assist levels belt drive and 5-speed Shimano hub; no explicit aftermarket additions.,,Albelt,,,False
855,Brand not in standard list; model GR56 detected; no year/mileage stated; no aftermarket mods.,,GR56,,,False
856,Mentions 2026 model year; no brand or model specified; no mileage; no aftermarket mods.,,,2026.0,,False
857,Brand HKbike not in standard list; model HKbike inferred from title; no year/mileage; no aftermarket mods.,,HKbike,,,False
858,Model Moka i8 identified; brand not in standard list; no year/mileage; no aftermarket mods.,,Moka i8,,,False
859,Mileage 2800 km stated; model Homesheel T20; no year; no aftermarket mods.,,Homesheel T20,,2800.0,False
860,Model detected: K1. Brand not stated; mileage/year not mentioned.,,K1,,,False
861,No brand or model information present; no year or mileage info; no mods.,,,,,False
862,Mentions HKbike; treated as model with no standard brand mapping. No year/mileage info.,,HKbike,,,False
864,Brand detected: Asama. No model or mileage/year provided.,Asama,,,,False
865,Model detected: Niija. Brand not clearly listed among standard brands.,, Niija,,,False
877,"Brand not stated; model 133M; year null; mileage null; aftermarket mods false. Description notes new tires and components but they are replacements/maintenance, not owner-added mods.",,133M,,,False
878,Brand not in standard mapping; model G5; year null; mileage null; aftermarket mods false.,,G5,,,False
879,Brand not stated; model 133M; year null; mileage null; aftermarket mods false.,,133M,,,False
880,Brand 'SONSU' not in standard mapping; model not specified; year null; mileage null; aftermarket mods false.,,,,,False
881,No brand or model mentioned; year null; mileage null; aftermarket mods false.,,,,,False
893,Title mentions SK8 as model; no year or mileage stated; brand unknown; no aftermarket mods.,,SK8,,,False
894,Description notes a new 100% electric bike; no brand or year specified; no mileage; no aftermarket mods.,,,,,False
895,Year 2026 implied by 'bình mới 2026'; mileage 'chỉ vừa đi 70km'; brand unknown; model unknown.,,,2026.0,70.0,False
896,"Description mentions pink color and used condition; no year, mileage, or brand; no model.",,,,,False
897,Giant M133 Plus model identified; no year/mileage specified; brand Giant; no aftermarket mods.,Giant,M133 Plus,,,False
887,"Brand detected in title: AIMA, but AIMA is not in the standardized brand list; brand set to null. No model, year, or mileage mentioned. No aftermarket mods indicated.",,,,,False
888,"Brand detected: AIMA, not in standardized list; brand set to null. Listed as used with no mileage provided. No aftermarket mods indicated.",,,,,False
889,"No brand mentioned in title/description. No year, mileage, or mods mentioned.",,,,,False
890,No brand mentioned; listing notes indicate new condition but no production year or mileage specified. No mods mentioned.,,,,,False
892,"Brand detected: Sanyo Eneloop Bike, but Sanyo is not in the standardized list; brand set to null. No model, year, mileage, or mods mentioned.",,,,,False
882,No year or mileage mentioned. Title indicates model 'Ninjia' and battery is damaged; no aftermarket mods inferred.,,Ninjia,,,False
883,No year or mileage mentioned; description notes liquidation of new stock with limited models; no specific model/brand identified.,,,,,False
884,Year 2024 mentioned in the title; model likely 'M 133'; no additional details on mileage or mods.,,M 133,2024.0,,False
885,Model indicated as 'THELI'; battery replaced once (pin còn mới) but no explicit aftermarket accessory additions listed.,,THELI,,,False
886,"No year; range stated as 50 km; description mentions child seat and handlebar already installed, indicating added accessories.",,,,,True
898,Brand not in standard list; inferred model GR56 from title; no year or mileage mentioned; aftermarket mods not indicated.,,GR56,,,False
899,Brand not in standard list; year 2026 mentioned in title; model inferred TIPPRO; no mileage mentioned; aftermarket mods not indicated.,,TIPPRO,2026.0,,False
900,No brand or model stated; 60km mentioned as range per charge; no year or mileage; aftermarket mods not indicated.,,,,,False
901,Brand detected: Asama; no model/year/mileage stated; tires/battery replaced are maintenance rather than aftermarket mods; aftermarketMods left as false.,Asama,,,,False
902,No brand or model stated; no year or mileage; no aftermarket mods indicated.,,,,,False
908,Brand not in the allowed standard brands (Vespa is not in the list). Model taken as the visible model name 'Vespa Trắng'. Mileage inferred as ~40 km (lower bound of the 40–45 km range). No aftermarket mods mentioned.,,Vespa Trắng,,40.0,False
909,"Brand identified as VinFast from the description. No specific model, mileage, or year provided. No aftermarket mods mentioned.",VinFast,,,,False
910,Brand VinFast detected. Model inferred as 'Evo Grand'. Mileage stated as 808 km. No aftermarket mods mentioned.,VinFast,Evo Grand,,808.0,False
911,No explicit brand; title references '5binh' (likely battery count). Model set to '5 binh lớn'. No mileage or year stated. No aftermarket mods.,,5 binh lớn,,,False
912,Brand not in allowed list; model appears as 'Vento Neo'. Year inferred as 2025 from '2025' in title. No mileage or mods mentioned.,,Vento Neo,2025.0,,False
903,Brand: Dat Bike; Model: Quantum S3; ODO: 3000 km; aftermarket mods present (nhiều đồ chơi).,Dat Bike,Quantum S3,,3000.0,True
904,Brand: unknown; Model: EvoGrand 2Pin; ODO: 1200 km; no explicit aftermarket mods mentioned.,,EvoGrand 2Pin,,1200.0,False
905,Brand: Yadea; Model: Odora Pro; no mileage information.,Yadea,Odora Pro,,,False
906,Brand: unknown; Model: Osaka; no mileage information.,,Osaka,,,False
907,Brand: Dat Bike; Model: Weaver; no mileage information; accessories listed as included.,Dat Bike,Weaver,,,False
913,Brand: VinFast; Model: FelizS; Odometer: 59000 km; Year: null; Mods: false.,VinFast,FelizS,,59000.0,False
914,Brand: Yadea; Model: V1 Plus; Odometer: null; Year: null; Mods: false.,Yadea,V1 Plus,,,False
915,Brand: VinFast; Model: Feliz S; Odometer: null; Year: null; Mods: false.,VinFast,Feliz S,,,False
916,Brand: VinFast; Model: Feliz; Odometer: null; Year: null; Mods: false.,VinFast,Feliz,,,False
917,Brand: unknown; Model: BF; Year: 2024; Mileage: 5070; Mods: false.,,BF,2024.0,5070.0,False
918,Brand: Yadea; Model: YD3000DT; Mileage: 10000 km; Year: null; No aftermarket mods detected.,Yadea,YD3000DT,,10000.0,False
919,Brand: unknown (VECPA listed as model); Model: VECPA; Mileage: null; Year: null; No aftermarket mods indicated.,,VECPA,,,False
920,Model: VeroX DK; Mileage: 3000 km; Year: 2026 (from '4/2026' in description); Brand: unknown; Mods: false.,,VeroX DK,2026.0,3000.0,False
921,Model: Espero; Brand: unknown; Mileage: null; Year: null; Mods: false.,,Espero,,,False
922,Brand: VinFast; Model: Evo Grand; Mileage: 1000 km; Year: 2025; Mods: false.,VinFast,Evo Grand,2025.0,1000.0,False
923,"Brand VinFast, model Feliz; year 2025 inferred from Feliz2025; mileage 800 km from ODO; no aftermarket mods indicated.",VinFast,Feliz,2025,800.0,False
924,"Brand Dat Bike, model S2; year 2025 from DatBikeS2 đk 2025; mileage not stated; mods none.",Dat Bike,S2,2025,,False
925,"Brand VinFast, model Feliz; year 2025; mileage not stated; mods none.",VinFast,Feliz,2025,,False
926,"Brand VinFast, model Feliz; year 2025; mileage 8000 km from odo mention; mods none.",VinFast,Feliz,2025,8000.0,False
927,"Brand VinFast, model Evo200; year 2024; mileage not stated; mods none.",VinFast,Evo200,2024,,False
933,Brand detected: VinFast. Model: Feliz S. No explicit year or mileage mentioned. No aftermarket mods indicated.,VinFast,Feliz S,,,False
934,Brand: VinFast. Model: Feliz. Year: 2025. Mileage: 482 km. No aftermarket mods indicated.,VinFast,Feliz,2025.0,482.0,False
935,Brand: VinFast. Model: Theon S. Year: 2025. Mileage: 10000 km.,VinFast,Theon S,2025.0,10000.0,False
936,Brand not clearly identified (likely Vespa); Model: Vera S. Year: 2025. Mileage: 3800 km.,,Vera S,2025.0,3800.0,False
937,Model: LYVA. Brand not identified. Year: null. Mileage: null.,,LYVA,,,False
938,Brand detected: VinFast. Model: Feliz Neo. Year: 2025. Mileage not mentioned. No aftermarket mods indicated.,VinFast,Feliz Neo,2025.0,,False
939,"Brand detected: Pega. Model: S. Year: 2026. No odometer mentioned; no aftermarket mods indicated. Note: 120km in listing likely refers to range, not odometer.",Pega,S,2026.0,,False
940,Brand detected: VinFast. Model: FelizS. Year: 2022. Odometer: 20000 km. No aftermarket mods indicated.,VinFast,FelizS,2022.0,20000.0,False
941,Brand not in standard list; model detected as Dana V1. Year/mileage unspecified. No aftermarket mods indicated.,,Dana V1,,,False
942,Brand detected: VinFast. Model: Feliz. Year: 2025. Odometer: 800 km. No aftermarket mods indicated.,VinFast,Feliz,2025.0,800.0,False
928,"Brand identified as VinFast from the title. Model Evo200 Lite. Production year 2024 mentioned in title. Odometer 10000 km mentioned in description. aftermarket mods noted: front suspension upgrade to Superfly, new seat (Yên KimDan), Vespa front rack (Cảng Vespa).",VinFast,Evo200 Lite,2024.0,10000.0,True
929,Brand not stated. Model Tempest inferred from title. Odometer not explicitly given; mileage listed as 5500 km in description. Battery replacement noted but no clear aftermarket modifications described.,,Tempest,,5500.0,False
930,Brand VinFast from title. Model Feliz. Year 2026 mentioned in title. ODO 5325 km mentioned. Modifications described to suspension (front and rear) upgrade; therefore has_aftermarket_mods = true.,VinFast,Feliz,2026.0,5325.0,True
931,Brand Dat Bike identified. Model W200 inferred from title. Year 2023 mentioned. No mileage given. No aftermarket modifications mentioned.,Dat Bike,W200,2023.0,,False
932,Brand Dat Bike identified. Model S1 inferred from title. No exact year or mileage stated; description mentions ODO over 10000 km (approximate) but exact value not provided. No aftermarket modifications noted.,Dat Bike,S1,,10001.0,False
943,Brand: VinFast; Model: Evo Grand Lite; Mileage: 13 km; Year: null; Mods: false.,VinFast,Evo Grand Lite,,13.0,False
944,Brand: VinFast; Model: Feliz; Production year: 2026; Mileage: 270 km; Mods: false.,VinFast,Feliz,2026.0,270.0,False
945,Brand: Dat Bike; Model: QuantumS1; Year: null; Mileage: null; Mods: false.,Dat Bike,QuantumS1,,,False
946,Brand: VinFast; Model: Evo Grand; Year: null; Mileage: null; Mods: false.,VinFast,Evo Grand,,,False
947,Brand: VinFast; Model: Evo Grand; Year: null; Mileage: null; Mods: false.,VinFast,Evo Grand,,,False
948,Brand not in standard brands; model inferred as 'Combo 3K 100S'; year: null; mileage: null; mods: false.,,Combo 3K 100S,,,False
949,"Brand VinFast detected; model Feliz; year 2025; mileage 3000 km; aftermarket mods present (yên kymdan, hộc để đồ, thảm chân).",VinFast,Feliz,2025.0,3000.0,True
950,Brand Yadea; model Voltguard 002; year: null; mileage: 100 km; no aftermarket mods.,Yadea,Voltguard 002,,100.0,False
951,Brand VinFast; model Motio; year: null; mileage: null; no aftermarket mods.,VinFast,Motio,,,False
952,Brand VinFast; model Feliz; year 2025; mileage 13000; no aftermarket mods.,VinFast,Feliz,2025.0,13000.0,False
958,Brand not in standard list; inferred model from title as 'Ninjia Đen'. Year: null. Mileage: null. No aftermarket mods evidenced.,,Ninjia Đen,,,False
959,Brand: Yadea. Model: YD1500DT. Year: 2023. Mileage: 38000 km as per 'Odo 38.000 km'. No aftermarket mods evidenced.,Yadea,YD1500DT,2023.0,38000.0,False
960,Brand: VinFast. Model: Evo Grand. Year: 2026. Mileage: null. No aftermarket mods evidenced.,VinFast,Evo Grand,2026.0,,False
961,Brand: VinFast. Model: Evo Grand Lite. Year: null. Mileage: null. No aftermarket mods evidenced.,VinFast,Evo Grand Lite,,,False
962,Brand: Dat Bike. Model: Quantum S1. Year: 2026. Mileage: null. No aftermarket mods evidenced.,Dat Bike,Quantum S1,2026.0,,False
953,Brand: Yadea. Model: Orla. Battery: 5 bình. Warranty: 6 tháng. Year: null. Mileage: null.,Yadea,Orla,,,False
954,Brand: Yadea. Model: V1. Battery: 4 bình. Range per charge: 45-50 km. Year: null. Mileage: null.,Yadea,V1,,,False
955,Brand not in allowed mapping (Piaggio Vespa). Model: Vespa. Battery: 4 bình. Range per charge: 40-50 km. Year: null. Mileage: null.,,Vespa,,,False
956,Brand: null. Model: null. Description mentions 4 bình mới thay (4 batteries). Year: null. Mileage: null.,,,,,False
957,Brand: null. Model: null. Three-wheeled electric (not a two-wheeler) mentioned. Year: null. Mileage: null.,,,,,False
963,Brand: Yadea; Model: Quantum S3; Imputed Year: 2025; Imputed Mileage Km: null; Has Aftermarket Mods: false.,Yadea,Quantum S3,2025,,False
964,Brand: Yadea; Model: Quantum S3; Imputed Year: 2025; Imputed Mileage Km: 1600; Has Aftermarket Mods: false.,Yadea,Quantum S3,2025,1600.0,False
965,Brand: VinFast; Model: VLAX; Imputed Year: 2026; Imputed Mileage Km: null; Has Aftermarket Mods: false.,VinFast,VLAX,2026,,False
966,Brand: VinFast; Model: Klara S2; Imputed Year: 2025; Imputed Mileage Km: 5480; Has Aftermarket Mods: false.,VinFast,Klara S2,2025,5480.0,False
967,Brand: Dat Bike; Model: null; Imputed Year: 2024; Imputed Mileage Km: 84000; Has Aftermarket Mods: false.,Dat Bike,,2024,84000.0,False
973,Brand VinFast inferred from title; model Evo Grand; mileage 7300 km; year not stated; no aftermarket mods inferred.,VinFast,Evo Grand,,7300.0,False
974,Brand not in standard list; model X-Men; year 2023 from description; mileage 38318 km; no mods.,,X-Men,2023.0,38318.0,False
975,Brand VinFast; model Flazz; mileage/year not mentioned.,VinFast,Flazz,,,False
976,"Brand VinFast; model Grand Lite Neo; mileage/year not mentioned; listed as new, no mods indicated.",VinFast,Grand Lite Neo,,,False
977,Brand Yadea; model V1 ZEVO; mileage/year not mentioned; no mods indicated.,Yadea,V1 ZEVO,,,False
978,Model inferred: Osaka (title mentions Osaka). No production year or odometer mileage mentioned. No explicit aftermarket mods indicated; fields left as null where appropriate; has_aftermarket_mods set to false due to no mods mentioned.,,Osaka,,,False
979,Three-wheeled electric described; no year/mileage; no brand or model specified; no mods indicated.,,,,,False
980,Model inferred: SK8 from title. Brand unknown. Specs mention 48V20A Li-ion and 500W; no year/mileage.,,SK8,,,False
981,Model unknown; title notes 800W motor and 150 kg payload; no year/mileage.,,,,,False
982,Color red; low usage; no year/mileage evidence; no brand/model; no mods indicated.,,,,,False
968,Brand VinFast; Model Feliz Neo; Year 2025; Mileage ~8500 km (8-9k km mentioned); Aftermarket mods: seat modification (yên làm kim đan) -> true,VinFast,Feliz Neo,2025.0,8500.0,True
969,Brand VinFast; Model Felix; Year unknown; Mileage ~400 km; Aftermarket mods: false,VinFast,Felix,,400.0,False
970,Brand VinFast; Model Ludo; Year 2025; Mileage 50 km; Aftermarket mods: false,VinFast,Ludo,2025.0,50.0,False
971,Brand VinFast; Model Evo200; Year 2025; Mileage 200 km; Aftermarket mods: false,VinFast,Evo200,2025.0,200.0,False
972,Model Roma SX; Year 2021; Brand unknown/not in standard list; Mileage null; Aftermarket mods: false,,Roma SX,2021.0,,False
983,Brand not in standard list; model parsed as 'Kazuki Vibe'; no year or mileage mentioned; no aftermarket mods.,,Kazuki Vibe,,,False
984,Brand detected as Dat Bike; model Quantum S3; mileage 5000 km mentioned; no aftermarket mods.,Dat Bike,Quantum S3,,5000.0,False
985,Brand unknown; model 'Tisago'; no year or mileage mentioned; no aftermarket mods.,,Tisago,,,False
986,Brand unknown; model 'Faro'; mileage not specified exactly; no aftermarket mods.,,Faro,,,False
987,Brand unknown; model 'Xmen'; no year or mileage mentioned; no aftermarket mods.,,Xmen,,,False
988,Brand VinFast; Model Evo Neo; Production year 2025; Mileage 4800 km; no aftermarket mods mentioned.,VinFast,Evo Neo,2025.0,4800.0,False
989,Brand VinFast; Model Evo Grand; Production year 2026; Mileage 700 km; no aftermarket mods mentioned.,VinFast,Evo Grand,2026.0,700.0,False
990,Brand Yadea; Model SK8; no year or mileage mentioned.,Yadea,SK8,,,False
991,Model V1 Plus Cam identified; brand not specified.,,V1 Plus Cam,,,False
992,Model Katana; brand not specified.,,Katana,,,False
993,Detected Dat Bike Evo200 with 2025 registration; odo 8000 km; no aftermarket mods indicated.,Dat Bike,Evo200,2025.0,8000.0,False
994,Detected VinFast FelizS with 2024 registration; odo 13000 km; no aftermarket mods indicated.,VinFast,FelizS,2024.0,13000.0,False
995,Detected VinFast FelizS with no year or mileage explicitly mentioned; no aftermarket mods indicated.,VinFast,FelizS,,,False
996,Detected Dat Bike Evo200 with 2024 registration; mileage not stated; no aftermarket mods indicated.,Dat Bike,Evo200,2024.0,,False
997,Detected Dat Bike Quantum S1 with 2026 registration; odo ~900 km; no aftermarket mods indicated.,Dat Bike,Quantum S1,2026.0,900.0,False
998,Brand inferred as VinFast; model FelizS; year 2024 identified from title; mileage not stated.,VinFast,FelizS,2024.0,,False
999,Brand VinFast; model Evo200 Lite; year 2024; mileage 9000 km inferred from ODO; no mods mentioned.,VinFast,Evo200 Lite,2024.0,9000.0,False
1000,Brand VinFast; model FelizS; year 2024; mileage 9000 km from odo; no mods mentioned.,VinFast,FelizS,2024.0,9000.0,False
1001,Brand VinFast; model Evo Max; mileage 4592 km; year not specified.,VinFast,Evo Max,,4592.0,False
1002,3-wheeled vehicle; brand/model not discernible from title/desc; set to null.,,,,,False
1003,Brand VinFast detected; model Evo Lite Neo; mileage 75 km; no aftermarket mods; year not mentioned.,VinFast,Evo Lite Neo,,75.0,False
1004,Model Evo max identified; brand not explicitly stated; no mileage or year provided; no mods.,,Evo max,,,False
1005,Brand VinFast; model Feliz; year 2025 mentioned; mileage not explicitly given; no aftermarket mods.,VinFast,Feliz,2025.0,,False
1006,Brand not stated; model appears to be TAFU; no mileage or year provided; no mods.,,TAFU,,,False
1007,Brand Yadea; model iCandy; mileage 2 km; appears to be near-new; no mods.,Yadea,iCandy,,2.0,False
1018,"Detected brand VinFast, model Vento; year 2025 from title; mileage 20000 km from description; no aftermarket mods indicated in listing.",VinFast,Vento,2025.0,20000.0,False
1019,Detected Feliz model from VinFast; year 2025; mileage 6700 km (Odo); 2-pin configuration; no aftermarket mods.,VinFast,Feliz,2025.0,6700.0,False
1020,"Brand Yadea, model Adora; year 2022; mileage not specified in listing; no aftermarket mods.",Yadea,Adora,2022.0,,False
1021,"Brand VinFast, model Feliz; year 2025; mileage 3000 km (Odo); 2-pin configuration; no aftermarket mods.",VinFast,Feliz,2025.0,3000.0,False
1022,"Brand VinFast, model Feliz S; year not stated; mileage not stated; aftermarket modification detected (upgraded fast charger).",VinFast,Feliz S,,,True
1008,VinFast EvoMax detected; no year or odometer mentioned; no aftermarket mods stated.,VinFast,EvoMax,,,False
1009,Yadea Oris detected; range ~80km per charge; no year or odometer given; no mods mentioned.,Yadea,Oris,,,False
1010,VinFast Klara S2; year 2025; odometer 2000 km; no aftermarket mods stated.,VinFast,Klara S2,2025.0,2000.0,False
1011,Sonco Lyn; year 2026; odometer 900 km; no aftermarket mods noted.,,LYN,2026.0,900.0,False
1012,Dat Bike QuantumS2; year 2025; odometer 3000 km; no aftermarket mods stated.,Dat Bike,QuantumS2,2025.0,3000.0,False
1023,Brand not in approved list; model parsed as K1; mileage 126 km; no aftermarket mods.,,K1,,126.0,False
1024,Brand Dat Bike; model Quantum S1; mileage 15000 km; no mods.,Dat Bike,Quantum S1,,15000.0,False
1025,Brand VinFast; model Klara Neo; mileage not specified.,VinFast,Klara Neo,,,False
1026,Brand not detected; model Xmen; used condition implied by 'đã sử dụng'. Mileage not specified.,,Xmen,,,False
1027,Brand VinFast; model EVO MAX; mileage 900 km; not modified.,VinFast,EVO MAX,,900.0,False
1013,Brand: VinFast; Model: Feliz; Imputed Year: 2025; Mileage: 3000 km; Aftermarket mods: false.,VinFast,Feliz,2025.0,3000,False
1014,Brand: VinFast; Model: Vero X; Imputed Year: 2026; Mileage: 1600 km; Aftermarket mods: true (full decals and CNC hand grip noted).,VinFast,Vero X,2026.0,1600,True
1015,Brand: VinFast; Model: EvoGrand; Imputed Year: 2026; Mileage: 3000 km; Aftermarket mods: false.,VinFast,EvoGrand,2026.0,3000,False
1016,Model: Evo Grand; Year: null; Mileage: 12000 km; Brand: null; Aftermarket mods: false.,,Evo Grand,,12000,False
1017,Brand: VinFast; Model: Feliz S; Year: null; Mileage: 66000 km; Aftermarket mods: false.,VinFast,Feliz S,,66000,False
1028,Listed as Milan II electric bike; model identified as Milan II. Brand not stated; no year or mileage mentioned; no aftermarket mods indicated.,,Milan II,,,False
1029,Ally electric motorcycle with multiple color options; no year or mileage mentioned. Brand likely Pega; model Ally.,Pega,Ally,,,False
1030,Dat Bike Quantum S1 listed; year 2026; described as 100% new; no mileage or mods.,Dat Bike,Quantum S1,2026.0,,False
1031,"Pega-branded electric bike; phrase '6 bình' appears in title as a feature, not a concrete model; mods implied by 'đồ chơi' phrase.",Pega,,,,True
1032,Honda Icon E listed; model inferred as Icon E; no year or mileage; not in use yet; no mods.,Honda,Icon E,,,False
1033,Brand detected: VinFast. Model detected: Evo Max. No production year or mileage mentioned. No explicit aftermarket mods identified.,VinFast,Evo Max,,,True
1034,No brand or model specified in title/desc. 48V mentioned but not enough to determine model/year/mileage.,,,,,False
1035,Model identified as Chaly; brand not specified in title/desc.,,Chaly,,,False
1036,Mention of Vespa style electric shown as model; brand not in the standard list.,,Vespa,,,False
1037,Brand detected: VinFast. Model detected: TheonS. Year mentioned: 2025. Mileage mentioned: 3500 km.,VinFast,TheonS,2025.0,3500.0,False
1043,Brand not identifiable from the listing; model inferred as 'Xmen F1'; no explicit year or mileage mentioned; no aftermarket mods noted.,,Xmen F1,,,False
1044,Model inferred as 'Milan II'; no brand or year/mileage explicitly stated; no aftermarket mods noted.,,Milan II,,,False
1045,Model inferred as 'Evo Grand'; no brand or year/mileage explicitly stated; no aftermarket mods noted.,,Evo Grand,,,False
1046,Brand identified as VinFast; model 'Feliz'; mileage 10000 km mentioned; no year stated; no aftermarket mods noted.,VinFast,Feliz,,10000.0,False
1047,Brand identified as VinFast; model 'Feliz S'; year 2022 mentioned; mileage not stated; no aftermarket mods noted.,VinFast,Feliz S,2022.0,,False
1038,Brand: VinFast; Model: Feliz; Year mentioned: 2025; Odometer not specified in description; Aftermarket mods indicated by upgraded front suspension (phuộc/địa phương).,VinFast,Feliz,2025.0,,True
1039,Brand not in the allowed standard-brand list; Model identified as IMPES; Odometer listed as 500 km; No aftermarket mods mentioned.,,IMPES,,500.0,False
1040,Brand: VinFast; Model: Evo Max; Odometer listed as 900 km; No aftermarket mods mentioned; Year not specified.,VinFast,Evo Max,,900.0,False
1041,Brand: VinFast; Model: EvoGrand; Year mentioned: 2025; Odometer listed as 15k km; No aftermarket mods mentioned.,VinFast,EvoGrand,2025.0,15000.0,False
1042,Brand: VinFast; Model: Evo 200; Odometer listed as 18k km; No aftermarket mods mentioned; Year not specified.,VinFast,Evo 200,,18000.0,False
1048,VinFast Evo200 with 9000km mileage; no aftermarket mods indicated.,VinFast,Evo200,,9000.0,False
1049,Vespa Xanh Xám electric scooter; brand not in standard list; no mileage/year; no mods.,,Vespa Xanh Xám,,,False
1050,Dibao Milan black; used daily; wear and scratches; includes charger; no aftermarket mods indicated.,Dibao,Milan,,,False
1051,"Datbike Quantum S2 with 4200km; upgrades/modifications listed (suspension, guards, decals, etc.).",Dat Bike,Quantum S2,,4200.0,True
1052,TailG JS50 NEW; no mileage data; no aftermarket mods indicated; brand not in standard list.,,JS50,,,False
1053,Brand: Yadea; Model: E3S; mileage inferred from stated range 50-80km (65km midpoint); year: null; aftermarket mods: null.,Yadea,E3S,,65.0,False
1054,Brand: VinFast; Model: Flazz; mileage from odo: 285km; year: null; aftermarket mods: null.,VinFast,Flazz,,285.0,False
1055,Brand: Honda; Model: Chaly; mileage: range 2-25km (not a precise odometer); year: null; aftermarket mods: null.,Honda,Chaly,,,False
1056,Brand: Yadea; Model: Odora Pro; year: 2023; mileage: 3580km; aftermarket mods: null.,Yadea,Odora Pro,2023.0,3580.0,False
1057,Brand: VinFast; Model: Evo Grand; year: null; mileage: null; aftermarket mods: null.,VinFast,Evo Grand,,,False
1063,Brand Yadea detected from title; model not specified; year and mileage not mentioned; no aftermarket mods indicated.,Yadea,,,,False
1064,Brand Yadea and model Oris detected; year 2024 mentioned; mileage 11000 km stated.,Yadea,Oris,2024.0,11000.0,False
1065,No brand/model/year/mileage/mods information clearly provided.,,,,,False
1066,Brand VinFast detected; model Klara S2; no year or mileage specified.,VinFast,Klara S2,,,False
1067,Brand VinFast detected; model Vento Neo; no year or mileage specified.,VinFast,Vento Neo,,,False
1058,Detected model XSR155 ( Yamaha ) with year 2020. Brand not in the standard mapping; mileage not specified. No aftermarket mods indicated.,,XSR155,2020.0,,False
1059,VinFast Evo 200 listed; no year or mileage explicitly mentioned. Describes stock condition and battery/engine health.,VinFast,Evo 200,,,False
1060,Electric Vespa Osakar; no year or mileage information provided; appears stock.,,Vespa Osakar,,,False
1061,Lima Vespa electric scooter; no year or mileage information provided; stock features mentioned.,,Lima Vespa,,,False
1062,DatBike Quantum S2; odometer shows 9000 km; no year mentioned; no aftermarket mods described.,Dat Bike,Quantum S2,,9000.0,False
1068,"Parsed from title/desc: brand Yadea, model OVA, mileage 295 km; year not mentioned; no aftermarket mods detected.",Yadea,OVA,,295.0,False
1069,"Parsed from title/desc: brand VinFast, model Evo200 Lite; year not mentioned; mileage not mentioned; battery/charger upgrade noted in description indicating aftermarket mods.",VinFast,Evo200 Lite,,,True
1070,"Parsed from title/desc: brand Yadea, model iCandy; year not mentioned; mileage not mentioned; no aftermarket mods explicitly stated.",Yadea,iCandy,,,False
1071,"Parsed from title/desc: brand VinFast, model Evo 200; year mentioned as 2025; mileage 34000 km (Odo 34k); aftermarket mod detected (protective film applied).",VinFast,Evo 200,2025.0,34000.0,True
1072,"Parsed from title/desc: model Neo (brand not clearly listed); year 2025; mileage 12000 km; aftermarket mods detected (upgraded fork, Brembo brakes, larger battery, newer charger).",,Neo,2025.0,12000.0,True
1073,Year 2025 inferred from title. Mileage 10000 km inferred from '10000km'. Brand not in standard list (Vento appears to be model). Model extracted as 'Neo'. No aftermarket mods detected.,,Neo,2025.0,10000.0,False
1074,Brand VinFast detected. Model Theon S. No year or mileage mentioned.,VinFast,Theon S,,,False
1075,Year 2025 and mileage 10000 km found in title. VinFast brand; model Feliz S.,VinFast,Feliz S,2025.0,10000.0,False
1076,Year 2025 detected. Mileage not mentioned. Brand VinFast; model Feliz. 2 pin indicates dual battery but not listed as aftermarket mod per rules.,VinFast,Feliz,2025.0,,False
1077,Brand Pega detected. Model S. No year or mileage mentioned.,Pega,S,,,False
1083,"Brand inferred: Yadea from title; no year, mileage, or aftermarket mods mentioned; model unknown.",Yadea,,,,False
1084,Brand inferred: VinFast from title; no model or year or mileage specified; no mods mentioned.,VinFast,,,,False
1085,Brand inferred: VinFast; model Evo200; year and mileage not mentioned; no mods.,VinFast,Evo200,,,False
1086,Brand inferred: VinFast; model Evo Grand Lite; year and mileage not mentioned; no mods.,VinFast,Evo Grand Lite,,,False
1087,Brand not in standard set (Vespa) -> brand set to null; model inferred as Dk; year 2023 mentioned; mileage not provided.,,Dk,2023.0,,False
1078,Honda Zoomer Anbico identified from title; model zoomer Anbico; no year or mileage mentioned; described as stock/original; no aftermarket mods.,Honda,Zoomer Anbico,,,False
1079,Wear++ model with 2023 year and 3800 km mileage mentioned; brand not stated in listing; no mods indicated.,,Wear++,2023.0,3800.0,False
1080,VinFast EVO 200 with 2025 production year; no mileage specified; no aftermarket mods.,VinFast,EVO 200,2025.0,,False
1081,No brand/model/year/mileage stated; description focuses on red color and general features; no mods.,,,,,False
1082,Yadea brand with model 133 Super; no year/mileage stated; listed as 'còn mới' (still new); no mods.,Yadea,133 Super,,,False
1088,Brand: unknown (not in the prescribed standard brands). Model: M133. No production year or ODO mileage mentioned. No aftermarket mods indicated.,,M133,,,False
1089,Brand: Vespa not in standard brands list; Model: LX150; Year: 2026; Mileage: not disclosed; Aftermarket mods: not indicated.,,LX150,2026.0,,False
1090,Brand: NISPA not in standard brands; Model: NISPA Limited; Year: null; Mileage: null; Aftermarket mods: not indicated.,,NISPA Limited,,,False
1091,Brand: Yadea (standard). Model: Vekoo; Year: 2026; Mileage: 1000; Aftermarket mods: not indicated.,Yadea,Vekoo,2026.0,1000.0,False
1092,Brand: VinFast (standard). Model: Motio; Year: 2025; Mileage: 7000; Aftermarket mods: not indicated.,VinFast,Motio,2025.0,7000.0,False
1093,Brand: Yadea; Model: iCandy; Year: 2026; Odometer: 300 km.,Yadea,iCandy,2026.0,300.0,False
1094,Brand: Yadea; Model: i8; Mileage: under 1000 km; Age ~1 year.,Yadea,i8,,999.0,False
1095,Brand: Yadea; Model: V1; Description indicates new 100%.,Yadea,V1,,,False
1096,Brand: Yadea; Model: V1; New with 12-month warranty; delivery available.,Yadea,V1,,,False
1097,Model: BF26; Brand: unknown (not in standard list).,,BF26,,,False
1103,Brand identified as Yadea from title; no explicit production year or mileage mentioned; no aftermarket mods indicated; model not specified.,Yadea,,,,False
1104,Brand not in standard mapping (Piaggio Vespa). Brand set to null. Model inferred as Vespa. No year or mileage mentioned. No aftermarket mods.,,Vespa,,,False
1105,Brand not mapped; model Vespa. Production year explicitly mentioned as 2023. No mileage stated. No aftermarket mods.,,Vespa,2023.0,,False
1106,Brand not mapped; model inferred as 'VENTOS Lướt 6900'. First registration year 2024 mentioned; imputed_year=2024. No mileage and no aftermarket mods.,,VENTOS Lướt 6900,2024.0,,False
1107,Brand identified as Yadea from title. Model inferred as 'TALG BEF'. No year or mileage mentioned. No aftermarket mods.,Yadea,TALG BEF,,,False
1098,Brand detected: Yadea from title; no year or mileage mentioned; no aftermarket mods indicated.,Yadea,,,,False
1099,Brand detected: Dibao from description; model possibly Vespa (as mentioned together with Dibao); no year or mileage mentioned; no aftermarket mods indicated.,Dibao,Vespa,,,False
1100,"Brand: VinFast detected; model: Vento; year mentioned as 2025; odometer value not explicitly provided in numbers, but mileage inferred from 'odo 52 ngàn' equals 52000 km; no aftermarket mods indicated.",VinFast,Vento,2025.0,52000.0,False
1101,Brand: VinFast detected; model Evo 200; used; no year or mileage mentioned; no aftermarket mods indicated.,VinFast,Evo 200,,,False
1102,No standard brand detected in title; Vespa mentioned as possible model; no year or mileage mentioned; no aftermarket mods indicated.,,Vespa,,,False
1113,Brand inferred as Dat Bike from title; model mentioned as Weaver 200 or Quantum; year and mileage not specified; no aftermarket mods indicated.,Dat Bike,Weaver 200 / Quantum,,,False
1114,Brand not clearly specified; model referenced as DK Bike in title; year and mileage not provided.,,DK Bike,,,False
1115,Brand detected as VinFast; model Evo200; year 2024 mentioned in title; mileage 20000 km stated.,VinFast,Evo200,2024.0,20000.0,False
1116,Brand detected as VinFast; model Feliz; year 2025 mentioned; mileage 6000 km stated.,VinFast,Feliz,2025.0,6000.0,False
1117,Brand detected as Yadea; model Oris; no year or mileage specified.,Yadea,Oris,,,False
1123,Brand VinFast detected in title; model Ludo; no explicit year or mileage information; no aftermarket mods mentioned.,VinFast,Ludo,,,False
1124,Brand not in the standard list (Victoria not among allowed brands) → brand null; model V38-PRO; year 2025; mileage 3500 km; no aftermarket mods mentioned.,,V38-PRO,2025.0,3500.0,False
1125,Brand VinFast detected; model Evo Grand Lite; year and mileage not provided; no aftermarket mods mentioned.,VinFast,Evo Grand Lite,,,False
1126,Brand Vespa not in the standard list → brand null; model Vespa; no year or mileage provided; no aftermarket mods mentioned.,,Vespa,,,False
1127,Brand Vespa not in the standard list → brand null; model Vespa; no year or mileage provided; no aftermarket mods mentioned.,,Vespa,,,False
1118,Brand detected VinFast; model Evo Lite Neo; no year/mileage mentioned; no aftermarket mods.,VinFast,Evo Lite Neo,,,False
1119,Brand detected Dibao; model PANSYS; no year/mileage; no aftermarket mods.,Dibao,PANSYS,,,False
1120,Model Xmen; brand not specified; no year/mileage; no aftermarket mods.,,Xmen,,,False
1121,Brand VinFast; model EVO Grand; year 2026; mileage 3000km; no mods.,VinFast,EVO Grand,2026.0,3000.0,False
1122,Brand VinFast; model Amio; mileage 9km; no year; new; no mods.,VinFast,Amio,,9.0,False
1108,Brand detected: VinFast. Model: Feliz II. Year inferred: 2026 from registration. Mileage: not stated. No aftermarket mods mentioned.,VinFast,Feliz II,2026.0,,True
1109,Brand not in standard list (listed as Royzer Z3). Model: Royzer Z3. Year: not stated. Mileage: not stated. No aftermarket mods mentioned.,,Royzer Z3,,,False
1110,Brand detected: VinFast. Model: Feliz. Year inferred: 2025. Mileage: not stated.,VinFast,Feliz,2025.0,,False
1111,Brand detected: VinFast. Model: Impress. Year: not stated. Mileage: not stated.,VinFast,Impress,,,False
1112,Brand detected: VinFast. Model: Feliz S. Year inferred: 2024. Mileage: 15000 km.,VinFast,Feliz S,2024.0,15000.0,False
1128,Brand not in standardized list; model inferred as Vespa; no year or mileage mentioned; no aftermarket mods.,,Vespa,,,False
1129,Brand identified as VinFast; model Vento Neo; mileage 17000 km; year not mentioned.,VinFast,Vento Neo,,17000.0,False
1130,Brand Yadea; model M6i; year 2022; mileage 14000 km.,Yadea,M6i,2022.0,14000.0,False
1131,Brand Yadea; year 2024; mileage 4000 km; model not specified in description.,Yadea,,2024.0,4000.0,False
1132,Brand not identified; model inferred as Xmen; no year or mileage.,,Xmen,,,False
1133,Year detected 2022 from title. Brand not in standard list. Model inferred as Xmen. Mileage and aftermarket mods not mentioned.,,Xmen,2022.0,,False
1134,No year or mileage mentioned. Brand not in standard list. Model inferred as NJOSHIMA X.,,NJOSHIMA X,,,False
1135,Brand VinFast detected. Model VeroX. Year 2026. ODO mileage 3647 km (listed as 3646.7 km).,VinFast,VeroX,2026.0,3647.0,False
1136,Brand VinFast detected. Model Klara S. Year 2025. ODO mileage 19473 km.,VinFast,Klara S,2025.0,19473.0,False
1137,Brand Yadea detected. Model 36V. Year unknown. Mileage unknown.,Yadea,36V,,,False
1148,Brand: Yadea; Model: Vekoo; Year: 2025; Mileage: 5000 km; No aftermarket mods.,Yadea,Vekoo,2025.0,5000.0,False
1149,Brand: unknown; Model: unknown; Year: null; Mileage: null; No aftermarket mods inferred.,,,,,False
1150,Brand: unknown; Model: Motio; Mileage: 7244 km; Year: null; No aftermarket mods.,,Motio,,7244.0,False
1151,Brand: Honda; Model: Icon E; Year: 2025; Mileage: 3000 km; No aftermarket mods.,Honda,Icon E,2025.0,3000.0,False
1152,Brand: unknown; Model: Evo Grandlite; Mileage: 6000 km; Year: null; No aftermarket mods.,,Evo Grandlite,,6000.0,False
1138,Brand: VinFast; Model: VeroX 1; Mileage: 2898 km; Year: null; Aftermarket mods: null.,VinFast,VeroX 1,,2898.0,False
1139,Brand: VinFast; Model: null; Mileage: null; Year: null; Aftermarket mods: null.,VinFast,,,,False
1140,Model: S2; Mileage: 11000 km; Year: 2022; Brand not mapped to standard list (Kalara). Aftermarket mods: null.,,S2,2022.0,11000.0,False
1141,Brand: VinFast; Model: Evo Grand; Mileage: 9000; Year: 2025; Aftermarket mods: null.,VinFast,Evo Grand,2025.0,9000.0,False
1142,Brand: Pega; Model: S+; Mileage: null; Year: 2023; Aftermarket mods: null.,Pega,S+,2023.0,,False
1143,Listing describes two Theons (Thoens) bikes: one 2025 with ~6500km mileage; implies battery 120Ah. No explicit aftermarket mods detected.,,Thoens,2025.0,6500.0,False
1144,"VinFast Klara S, year 2022, stated range 40-50 km per charge; no aftermarket modifications mentioned.",VinFast,Klara S,2022.0,,False
1145,Old Vespa electric listing; year 2023 noted; no explicit mileage or aftermarket mods mentioned.,,Vespa,2023.0,,False
1146,"VinFast Vento ABS, battery 100; no year/mileage details provided; stock condition implied.",VinFast,Vento,,,False
1147,Quantum S3 with 180km ODO; aftermarket mods include Full PPF and Vision bumper.,,Quantum S3,,180.0,True
1153,"Brand VinFast, model Felix 2; year 2026; mileage inferred around 150 km from description; no aftermarket mods.",VinFast,Felix 2,2026.0,150.0,False
1154,"Brand VinFast, model Viber; odometer 180 km; listed with several aftermarket updates (signals, fork, carbon body caps).",VinFast,Viber,,180.0,True
1155,"Brand not in standard list (Osakar), model MEN; year and mileage not stated; no mods mentioned.",,MEN,,,False
1156,"Brand Yadea, model Oris; no year/mileage specified; no mods.",Yadea,Oris,,,False
1157,"Brand VinFast, model Evo200; year 2025; mileage 7436.5 km (~7437 km); no mods.",VinFast,Evo200,2025.0,7437.0,False
1163,"Extracted from title: brand Yadea, model M6i TTFAR, production year 2023. Mileage not mentioned. No aftermarket mods indicated.",Yadea,M6i TTFAR,2023.0,,False
1164,"From title/desc: year 2025, mileage 5000 km (odo 5k). Brand not identifiable from data.",,EvoLite Neo,2025.0,5000.0,False
1165,From title: Feliz2025; year 2025; mileage 4000 km; brand not identifiable.,,Feliz2025,2025.0,4000.0,False
1166,From title: QuantumS2; no production year provided; mileage 8 km; brand unknown.,,QuantumS2,,8.0,False
1167,From title: Tailg R71; brand not in standard list; year and mileage not specified.,,Tailg R71,,,False
1158,Brand detected: VinFast; model: Impes; year: null; mileage: null; aftermarket mods: false.,VinFast,Impes,,,False
1159,Brand: unknown; model: Osaka; year: null; mileage: null; aftermarket mods: false.,,Osaka,,,False
1160,Brand: unknown; model: Evo Max; year: null; mileage: null; aftermarket mods: false.,,Evo Max,,,False
1161,Brand: Yadea; model: V1 Plus; year: 2020; mileage: 2; aftermarket mods: false.,Yadea,V1 Plus,2020.0,2.0,False
1162,Brand: Dibao; model: Pansy S2; year: 2022; mileage: null; aftermarket mods: false.,Dibao,Pansy S2,2022.0,,False
1168,Brand VinFast and model Feliz inferred from the FelizS Feliz wording and Vinfast references. No year or mileage stated. No aftermarket mods mentioned.,VinFast,Feliz,,,False
1169,Brand VinFast inferred from Evo200 Lite 2025 listing; model Evo200; year 2025 present in description. No mileage stated. No aftermarket mods mentioned.,VinFast,Evo200,2025.0,,False
1170,Brand Yadea detected from title; model Xmen Neo mentioned. Year 2025 inferred from date 2025 in description. No mileage stated. No aftermarket mods mentioned.,Yadea,Xmen Neo,2025.0,,False
1171,"Listing mentions multiple models (Theon S, Evo, Klara, Filez, Lite, Quantum) with no single model or brand specified. Set fields to null where unspecified.",,,,,False
1172,Mention of Vogue as a 3-wheel model; brand not identifiable from provided text. Set brand and model accordingly with model 'Vogue'.,,Vogue,,,False
1178,Brand: Yadea; Model: Ocean; Year: 2023; Mileage: 7000 km; Not aftermarket-modified.,Yadea,Ocean,2023.0,7000.0,False
1179,Brand: VinFast; Model: Evo 200; Year: 2024; Mileage: 10000 km; Aftermarket mods: seat upgrade (yên đan + yên phụ).,VinFast,Evo 200,2024.0,10000.0,True
1180,"No explicit brand, model, year, or mileage mentioned; cannot infer.",,,,,False
1181,Brand: VinFast; Model: Evo Lite Neo; Year: null; Mileage: null; No mods mentioned.,VinFast,Evo Lite Neo,,,False
1182,Brand: VinFast; Model: Feliz S; Year: 2024; Mileage: null; Aftermarket mods: seat upgrade.,VinFast,Feliz S,2024.0,,True
1173,Title mentions 'K1' as model; brand not stated. No mileage/year mentioned. No aftermarket mods explicitly described.,,K1,,,False
1174,Brand inferred as Yadea from title; model 'Type 3 Pro'. No year/mileage mentioned. No mods described.,Yadea,Type 3 Pro,,,False
1175,Brand not specified in title/desc. Model inferred as 'Vespa'.,,Vespa,,,False
1176,Description notes color and usage; no brand/model/year/mileage specified.,,,,,False
1177,Brand identified as VinFast from title; model 'Motio'. No year/mileage mentioned. No mods described.,VinFast,Motio,,,False
1188,Brand detected: Dat Bike; model Weaver v1. No explicit year or ODO; no aftermarket mods mentioned.,Dat Bike,Weaver v1,,,False
1189,Brand detected: VinFast; model Vero X. No explicit year or ODO; no aftermarket mods mentioned.,VinFast,Vero X,,,False
1190,Brand not in standardized list; model inferred as Vespa Xám Hồng. No year or ODO; no aftermarket mods mentioned.,,Vespa Xám Hồng,,,False
1191,Brand not in standardized list; model inferred as LX150 Galaxy. The text includes AQ2026 which suggests year 2026; no mileage; no aftermarket mods.,,LX150 Galaxy,2026.0,,False
1192,Brand detected: Yadea; year inferred as 2020 from the title. Model not specified.,Yadea,,2020.0,,False
1183,VinFast Evo Max identified; year 2026 mentioned in title. No mileage or aftermarket mods indicated.,VinFast,Evo Max,2026.0,,False
1184,Yadea Ocean identified; no year or mileage mentioned.,Yadea,Ocean,,,False
1185,VinFast Feliz with year 2025 and odometer around 4000 km.,VinFast,Feliz,2025.0,4000.0,False
1186,"3-wheel electric vehicle (not a two-wheeler); no brand, model, or mileage detectable.",,,,,False
1187,"Dat Bike Quantum S2 with 27,500 km mileage detected from title; year not specified.",Dat Bike,Quantum S2,,27500.0,False
1198,"Yadea Ocean 2024: brand Yadea, model Ocean, year 2024, mileage 8900 km, no aftermarket mods detected.",Yadea,Ocean,2024.0,8900.0,False
1199,"Quantum S1: model S1; year unknown; mileage 35430 km; aftermarket mods suggested by description (e.g., Ohlin fork, hydraulic brakes, accessories). Brand not in standard set.",,S1,,35430.0,True
1200,Lavia GX 2025: model GX; year 2025; brand not in standard set; mileage not stated.,,GX,2025.0,,False
1201,"VinFast Evo MAX: brand VinFast, model Evo MAX; year not stated; mileage 21 km.",VinFast,Evo MAX,,21.0,False
1202,Feliz 2025: model Feliz; year 2025; mileage 5000 km; brand not identified in standard set.,,Feliz,2025.0,5000.0,False
1193,Brand not in standard list; model identified as Dior 946; year and mileage not specified; no aftermarket mods mentioned.,,Dior 946,,,False
1194,Brand not listed; model identified as Quantum S3; mileage 7958 km; no aftermarket mods evident.,,Quantum S3,,7958.0,False
1195,Brand VeroX not in standard list; model VeroX; mileage 1000 km.,,VeroX,,1000.0,False
1196,Brand Dat Bike detected; model Quantum S1; mileage 27000 km; aftermarket mods present (suspension and brakes upgrades).,Dat Bike,Quantum S1,,27000.0,True
1197,Model EVO 200 LITE; year 2024; aftermarket mods present (protective film).,,EVO 200 LITE,2024.0,,True
1203,Brand: VinFast. Model: Evo Lite Neo. Year: null. Mileage: null. Aftermarket mods: true (listed as full đồ chơi).,VinFast,Evo Lite Neo,,,True
1204,Brand: VinFast. Model: Vento Neo. Year: 2025. Mileage: null. Aftermarket mods: false.,VinFast,Vento Neo,2025.0,,False
1205,Brand: Dat Bike. Model: S3. Year: 2025. Mileage: 10000. Aftermarket mods: false.,Dat Bike,S3,2025.0,10000.0,False
1206,Brand: VinFast. Model: Evo200 Lite. Year: 2025. Mileage: 10000. Aftermarket mods: false.,VinFast,Evo200 Lite,2025.0,10000.0,False
1207,Brand: VinFast. Model: FelizS BST. Year: null. Mileage: null. Aftermarket mods: false.,VinFast,FelizS BST,,,False
1208,Brand not identifiable from title/desc; model EH1 extracted from title; no mileage/year mentioned; aftermarket mods not stated (assumed false).,,EH1,,,False
1209,Brand Yadea and model G5 identified from title; mileage 2000 km mentioned; no stated aftermarket mods; year not specified.,Yadea,G5,,2000.0,False
1210,Brand Dat Bike (DatBikeS2) identified; model S2; year 2025 inferred from 'đk 2025'; mileage not mentioned.,Dat Bike,S2,2025.0,,False
1211,Brand VinFast identified; model Feliz; year 2025 inferred from title; mileage not mentioned.,VinFast,Feliz,2025.0,,False
1212,Brand not clearly identifiable from title; model Slay Fashion inferred from description; year/mileage not mentioned.,,Slay Fashion,,,False
1213,Brand detected: VinFast from title; model Feliz S; no production year or mileage mentioned; no aftermarket mods.,VinFast,Feliz S,,,False
1214,Brand detected: VinFast from title; model Evo neo; no production year mentioned; mileage not given; listed as BSTP with full accessories but no aftermarket mods.,VinFast,Evo neo,,,False
1215,Brand detected: Dibao; model Gogo Cross; production year explicitly mentioned as 2023; mileage not mentioned; no aftermarket mods.,Dibao,Gogo Cross,2023.0,,False
1216,Brand not in standard list (Before All); model BF 150S; production year explicitly mentioned as 2026; mileage not mentioned; no aftermarket mods.,,BF 150S,2026.0,,False
1217,Brand detected: VinFast from title; model Ludo; mileage indicated as Odo 9k (9000 km); no production year mentioned; no aftermarket mods.,VinFast,Ludo,,9000.0,False
1218,Brand: Pega; Model: Aura 9; Imputed year: 2024; Mileage: null; Aftermarket mods: false. Title mentions Pega Aura 9; no explicit mileage or mods.,Pega,Aura 9,2024.0,,False
1219,Brand: unknown; Model: X-Men; Year: null; Mileage: null; Aftermarket mods: false. Description does not specify brand or year/mileage; no mods stated.,,X-Men,,,False
1220,"Brand: VinFast; Model: Evo Grand; Year: 2026; Mileage: 3300; Aftermarket mods: false. ODO shows 3,300 km; registration year 2026; battery is stock.",VinFast,Evo Grand,2026.0,3300.0,False
1221,Brand: VinFast; Model: Evo Grand 1 Pin; Year: null; Mileage: null; Aftermarket mods: false. Description indicates Evo Grand 1 Pin; no mods mentioned.,VinFast,Evo Grand 1 Pin,,,False
1222,"Brand: Honda; Model: Zoomer; Year: null; Mileage: null; Aftermarket mods: false. Zoomer is a Honda model; no year/mileage stated, no mods.",Honda,Zoomer,,,False
1223,Brand not in standard list (TailG/TaiLG not mapped); model GR56; no year or mileage mentioned; aftermarket mods: false.,,GR56,,,False
1224,Brand not in standard list (DK bike not mapped); model Roma Lite; no year or mileage mentioned; aftermarket mods: false.,,Roma Lite,,,False
1225,Brand not in standard list (Lavia not in map); model Lavia SX (2 phanh đĩa); no year or mileage mentioned; aftermarket mods: false.,,Lavia SX,,,False
1226,No standard brand listed; model 102 thế gioi; xe được mô tả là tự chế (homebuilt); aftermarket mods: true.,,102 thế gioi,,,True
1227,Brand: VinFast (mapped); model Evo Grand Lite; no year or mileage mentioned; aftermarket mods: false.,VinFast,Evo Grand Lite,,,False
1228,Detected brand VinFast and model Klara A2 from title. No year or mileage mentioned. No aftermarket mods.,VinFast,Klara A2,,,False
1229,No brand/model identified; mentions 70 km per charge as range.,,,,70.0,False
1230,Brand not in standard list; no model specified; no mileage.,,,,,False
1231,Rental listing with no vehicle specs; all fields unknown.,,,,,False
1232,Listed as used '133M' but brand/model not identifiable; mileage per charge not explicit; set null.,,,,,False
1233,Brand not in the standard list; setting brand to null. Model inferred as 'Xmen'. Mileage/year not stated; set to null. No aftermarket mods mentioned; has_aftermarket_mods is false.,,Xmen,,,False
1234,Brand not in the standard list; setting brand to null. Model inferred as 'Dexing'. Mileage/year not stated; set to null. No aftermarket mods mentioned; has_aftermarket_mods is false.,,Dexing,,,False
1235,Brand not in the standard list due to mixed references ('Kazuki' and 'Xmen'). Model set to 'Kazuki Xmen'. Mileage/year not stated; set to null. No aftermarket mods mentioned; has_aftermarket_mods is false.,,Kazuki Xmen,,,False
1236,Brand not in the standard list ('Osakar' not in the allowed brands). Model set to 'Osakar Vespa'. Mileage/year not stated; set to null. No aftermarket mods mentioned; has_aftermarket_mods is false.,,Osakar Vespa,,,False
1237,Brand matches standard list ('VinFast'). Model set to 'Feliz S'. Mileage/year not stated; set to null. No aftermarket mods mentioned; has_aftermarket_mods is false.,VinFast,Feliz S,,,False
1243,DatBike brand detected; model Quantum S3; year 2026; mileage ~500 km; no aftermarket mods.,Dat Bike,Quantum S3,2026.0,500.0,False
1244,"Brand not in allowed list (Tailg), model T71; mileage 1000 km; fork upgrade mentioned, implying aftermarket mods.",,T71,,1000.0,True
1245,"Datbike S1; year 2025; odometer 10,000 km; no aftermarket mods.",Dat Bike,S1,2025.0,10000.0,False
1246,"Vento Neo; year 2025; odometer 10,000 km; brand not in allowed list; no mods.",,Neo,2025.0,10000.0,False
1247,Tailg GR56; brand not in allowed list; model GR56; year/mileage not specified; no mods mentioned.,,GR56,,,False
1253,Brand not in standard list; model GR55; no year/mileage mentioned; no aftermarket mods indicated.,,GR55,,,False
1254,Brand not in standard list; model GR55; no year/mileage mentioned; no aftermarket mods indicated.,,GR55,,,False
1255,Brand VinFast recognized; model Klara S1; no year/mileage mentioned; no aftermarket mods indicated.,VinFast,Klara S1,,,False
1256,Brand VinFast recognized; model Evo Maxx; year 2026 mentioned; no mileage indicated; no aftermarket mods indicated.,VinFast,Evo Maxx,2026.0,,False
1257,Brand VinFast recognized; model Evo Max; mileage 1000 km mentioned; no year mentioned; no aftermarket mods indicated.,VinFast,Evo Max,,1000.0,False
1248,Brand: VinFast; Model: Evo200; Imputed year: 2025; Imputed mileage km: 23000; Has aftermarket mods: false.,VinFast,Evo200,2025.0,23000.0,False
1249,Brand: unknown; Model: Latina Vi 2.0; Year: null; Mileage: null; Has aftermarket mods: false.,,Latina Vi 2.0,,,False
1250,Brand: VinFast; Model: EVOLITE NEO; Year: null; Mileage: null; Has aftermarket mods: false.,VinFast,EVOLITE NEO,,,False
1251,Brand: unknown; Model: Theons 2025; Year: 2025; Mileage: 6500; Has aftermarket mods: false.,,Theons 2025,2025.0,6500.0,False
1252,Brand: VinFast; Model: EVOGRAND LITE; Year: null; Mileage: null; Has aftermarket mods: false.,VinFast,EVOGRAND LITE,,,False
1238,Brand Vespa not in standard mapping; no explicit production year or odometer mileage; listed range 60-70 km refers to distance per charge; no aftermarket mods mentioned.,,,,,False
1239,Year 2022 mentioned; brand Vespa not in standard mapping; no explicit odometer mileage; no aftermarket mods mentioned (range 40-50km per charge).,,Vespa,2022.0,,False
1240,VinFast Evo 200 identified; year and mileage not specified.,VinFast,Evo 200,,,False
1241,Brand SMB not in standard mapping; model Neo inferred from listing; no year or mileage provided.,,Neo,,,False
1242,VinFast Feliz 2025 detected; mileage 80 km; no aftermarket mods mentioned.,VinFast,Feliz,2025.0,80.0,False
1263,Brand detected: Giant. Model identified: 133s. No explicit year or ODO mileage mentioned. No aftermarket mods stated.,Giant,133s,,,False
1264,Brand detected: VinFast. Model: Feliz. Year mentioned: 2025. New/unregistered status noted. No aftermarket mods mentioned.,VinFast,Feliz,2025.0,,False
1265,Brand not clearly in the allowed set. Model inferred as EvoGand. Year: 2026. ODO: 200km mentioned. No aftermarket mods indicated.,,EvoGand,2026.0,200.0,False
1266,Brand not clearly in the allowed set. Model inferred as Lavia Plus. Year: 2026. Mileage not mentioned.,,Lavia Plus,2026.0,,False
1267,Brand not clearly in the allowed set. Model inferred as Milan. Year: not mentioned. Mileage: not mentioned.,,Milan,,,False
1268,Mileage inferred from '1000km'. Brand not in standardized list; model inferred as VeroX. No aftermarket mods mentioned.,,VeroX,,1000.0,False
1269,Year mentioned as 2026; no mileage stated. Brand not standardized; model inferred as Vespa Lavia GX.,,Vespa Lavia GX,2026.0,,False
1270,Mileage indicated as 10.000KM; no year stated. Brand not standardized; model inferred as Vento Neo.,,Vento Neo,,10000.0,False
1271,Brand Dibao identified; model Vespa Pansy. No mileage or year stated.,Dibao,Vespa Pansy,,,False
1272,Brand VinFast identified; model Feliz. Year 2026; mileage 4800km.,VinFast,Feliz,2026.0,4800.0,False
1258,Brand unknown; model 'Quatums2 S2'; mileage and year not specified; no aftermarket mods inferred.,,Quatums2 S2,,,False
1259,Brand: VinFast. Model: Feliz. Year: 2025 mentioned. Mileage: 4K km. Aftermarket mods: seat upgrade (nệm kymdan).,VinFast,Feliz,2025.0,4000.0,True
1260,Brand: unknown (Vespa Evo Max). Model: Vespa Evo Max. Mileage: 100 km stated (ambiguous; treated as 100). Mods: none explicit.,,Vespa Evo Max,,100.0,False
1261,Brand: VinFast. Model: Evo200. Odometer: 15k km. Potential suspension upgrade mentioned (phuộc). Modifications: yes.,VinFast,Evo200,,15000.0,True
1262,Brand: VinFast. Model: Feliz. Year: 2025. Mileage: ~6500 km. Stock condition implied (no mods).,VinFast,Feliz,2025.0,6500.0,False
1273,HuGo electric motorcycle; brand not in standard list; model HuGo; no explicit year or odometer mentioned; no aftermarket mods indicated; financing available.,,HuGo,,,False
1274,Vespa electric scooter listing; brand not in standard list; model Vespa; no year/mileage mentioned; no aftermarket mods indicated; financing available.,,Vespa,,,False
1275,Zoomer electric scooter; model Zoomer; Anbico not in standard brands; mentions range per charge 40–45 km and financing; no year/mileage provided.,,Zoomer,,42.0,False
1276,V1 Plus electric scooter; brand VinFast detected from model context; model V1 Plus; new unit; no year/mileage; no aftermarket mods mentioned.,VinFast,V1 Plus,,,False
1277,VC electric scooter; model VC; brand not in standard list; financing available; no year/mileage provided.,,VC,,,False
1283,No year or mileage mentioned in title/desc. Model inferred as '133'. Brand unknown. No aftermarket mods indicated.,,133,,,False
1284,Brand Yadea detected from title; model inferred as 'Orla'. Mileage around 2000 km stated. Year not mentioned.,Yadea,Orla,,2000.0,False
1285,Model inferred as 'Sweetea'. Brand not clearly stated. Year 2025 present in title. No mileage indicated.,,Sweetea,2025.0,,False
1286,Brand VinFast detected; model Feliz. Year 2025. Mileage 2300 km. No mods indicated.,VinFast,Feliz,2025.0,2300.0,False
1287,Model inferred as 'Type3 Pro'. Brand not specified. No year or mileage mentioned.,,Type3 Pro,,,False
1278,Brand not in the standard mapped list. Model identified as 'Lavia SX'. Imputed year 2026 found in title. No mileage mentioned. No aftermarket mods indicated.,,Lavia SX,2026.0,,False
1279,Brand not in the standard mapped list. Model identified as 'A2'. No year or mileage mentioned. No aftermarket mods indicated.,,A2,,,False
1280,Brand not in the standard mapped list. Model identified as 'Lavara'. Imputed year 2026 found in title. No mileage mentioned. No aftermarket mods indicated.,,Lavara,2026.0,,False
1281,Brand not in the standard mapped list. Model identified as 'Lavia'. Imputed year 2026 found in title. No mileage mentioned. No aftermarket mods indicated.,,Lavia,2026.0,,False
1282,Brand not in the standard mapped list. Model identified as 'Lavia'. Imputed year 2026 found in title. No mileage mentioned. No aftermarket mods indicated.,,Lavia,2026.0,,False
1288,Brand: VinFast; Model: Feliz S; Imputed year: 2023; Mileage: 29000 km; Aftermarket mods: not specified (null).,VinFast,Feliz S,2023.0,29000.0,False
1289,Brand: unknown; Model: Songo Lyn; Year: 2026; Mileage: not specified; Aftermarket mods: unknown (null).,,Songo Lyn,2026.0,,True
1290,Brand: Yadea; Model: Gau Dau; Imputed year: 2023 (from Oct 2023); Mileage: 8000 km; Aftermarket mods: not specified (null).,Yadea,Gau Dau,2023.0,8000.0,False
1291,Brand: unknown; Model: Typ 3; Purchase date May 2026; Mileage: 50 km; Imputed year: null.,,Typ 3,,50.0,False
1292,Brand: Pega; Model: Cap AS+; Year: 2025; Mileage: 9500 km; Aftermarket mods: not specified (null).,Pega,Cap AS+,2025.0,9500.0,False
1293,Brand inferred from title as VinFast; model inferred as Evo Grand; mileage 100 km inferred from 'Lướt 100km'; year not specified; no aftermarket mods detected.,VinFast,Evo Grand,,100.0,False
1294,"Brand inferred as VinFast; model inferred as Verox; mileage inferred from 'chưa tới 3000km' as 3000; aftermarket mods detected (dán keo, pin thêm, kính thay, tay cầm thay); year not specified.",VinFast,Verox,,3000.0,True
1295,Brand inferred as Yadea; model inferred as S3 PRO; range per charge 70-80 km noted (not total mileage); year and total mileage not specified; no aftermarket mods.,Yadea,S3 PRO,,,False
1296,Year mentioned (2022) but brand not in allowed list; model inferred as Gogo; mileage not specified; no aftermarket mods.,,Gogo,2022.0,,False
1297,Brand inferred as VinFast; model inferred as Evo Max; mileage 1000 km noted; year not specified; no aftermarket mods.,VinFast,Evo Max,,1000.0,False
1298,Brand: VinFast; Model: Zgoo; Year: null; Mileage: null; Aftermarket mods: false.,VinFast,Zgoo,,,False
1299,Brand: Yadea; Model: S3 Pro; Year: 2024; Mileage: 7500; Aftermarket mods: false.,Yadea,S3 Pro,2024.0,7500.0,False
1300,Brand: VinFast; Model: Feliz S; Year: 2025; Mileage: 4000; Aftermarket mods: false.,VinFast,Feliz S,2025.0,4000.0,False
1301,Brand: Yadea; Model: null; Year: 2026; Mileage: null; Aftermarket mods: false.,Yadea,,2026.0,,False
1302,Brand: VinFast; Model: Klara S2; Year: 2024; Mileage: 6000; Aftermarket mods: false.,VinFast,Klara S2,2024.0,6000.0,False
1303,Brand: Yadea; Model: Quantum S2; Mileage: 24310 km; No aftermarket mods detected; Year not specified.,Yadea,Quantum S2,,24310.0,False
1304,No brand/model or mileage mentioned; no mods indicated.,,,,,False
1305,"Brand VinFast; Model Evo 200; Mileage 7,800 km; No aftermarket mods indicated.",VinFast,Evo 200,,7800.0,False
1306,Brand not in standard list; Model E-MEN Mini 1.0; Mileage/year not mentioned; No mods indicated.,,E-MEN Mini 1.0,,,False
1307,Brand Dibao; Model Vespa Galaxy; Year 2026 mentioned; Mileage not stated; No mods indicated.,Dibao,Vespa Galaxy,2026.0,,False
1313,Brand and model not specified in standard list; no exact year or mileage mentioned; assumed no aftermarket mods.,,,,,False
1314,Listed as Vespa Espero Classic Plus; brand not in allowed standard brands; model captured as 'Vespa Espero Classic Plus'; no exact mileage/year; mentions 5 large 60V batteries; no aftermarket mods.,,Vespa Espero Classic Plus,,,False
1315,Lihaze V1 electric bike; brand not in allowed list; model captured. Mileage not exact (mentions ~50km). No aftermarket mods.,,Lihaze V1,,,False
1316,"Vespa lướt zin; brand not in allowed list; model captured as 'Vespa lướt zin'; range stated 40-50km, but no exact mileage, so mileage is null.",,Vespa lướt zin,,,False
1317,VinFast Feliz 2; brand standard VinFast; mileage stated 200km; year not mentioned.,VinFast,Feliz 2,,200.0,False
1308,Brand: Yadea; Model: V1; no year/mileage stated in listing; no aftermarket mods mentioned.,Yadea,V1,,,False
1309,Brand not from the standard list; Model: Vespa; no year/mileage; no mods.,,Vespa,,,False
1310,Model: A11 (from 'Vingo A11'); brand not in standard list; no year/mileage; no mods.,,A11,,,False
1311,Brand: Yadea; Model: Vekoo; Year mentioned as 1/2026 (2026); mileage not stated.,Yadea,Vekoo,2026.0,,False
1312,Brand: Yadea; Model: Ocean Gấu Dâu; Year: 2024; Mileage: 5000 km; no mods.,Yadea,Ocean Gấu Dâu,2024.0,5000.0,False
1318,Brand not in standard list; model inferred as G9 from the title fragment; no mileage or year mentioned; no aftermarket mods indicated.,,JVC G9,,,False
1319,No brand/model specified; three-wheeled electric vehicle mentioned with no mileage/year; no aftermarket mods indicated.,,,,,False
1320,Brand VinFast identified; model EvoGrand; mileage 9000 km stated; no aftermarket mods mentioned.,VinFast,EvoGrand,,9000.0,False
1321,Brand VinFast identified; model Feliz; year 2025 stated; mileage 6500 km stated; no aftermarket mods mentioned.,VinFast,Feliz,2025.0,6500.0,False
1322,Brand VinFast identified; model Feliz; year 2025 stated; mileage 2000 km stated; mentions aftermarket mods (PPF gloss/paint protection and cosmetic tweaks).,VinFast,Feliz,2025.0,2000.0,True
1323,Brand inferred as VinFast from listing; no production year or ODO mentioned; no aftermarket mods indicated.,VinFast,,,,False
1324,Brand VinFast; model Evo 200 Lite; year 2023; no mileage indicated; no mods mentioned.,VinFast,Evo 200 Lite,2023.0,,False
1325,Brand Dat Bike; model S3; year 2025; ODO 1000km; aftermarket mods: Ốc tán 7 màu keng; indicates added accessories.,Dat Bike,S3,2025.0,1000.0,True
1326,Brand VinFast; model FLAZZ; year unknown; mileage unknown; no mods mentioned.,VinFast,FLAZZ,,,False
1327,Brand VinFast; model EVO 200; mileage 7000km stated; year unknown; no mods mentioned.,VinFast,EVO 200,,7000.0,False
1328,Title indicates VinFast Evo200; registration year 2024; mentions full bodykit and aftermarket body modifications.,VinFast,Evo200,2024.0,,True
1329,Title mentions VinFast Evo200; no year or mileage specified; no mods indicated.,VinFast,Evo200,,,False
1330,No brand/model or year specified; describes 70 km per charge and charging time.,,,,,False
1331,Title states VinFast Evo200; year 2025 mentioned (xe t6/2025); no mileage or mods indicated.,VinFast,Evo200,2025.0,,False
1332,Vespa 946 mentioned; brand not in standardized list; model captured as Vespa 946; no year/mileage; no mods.,,Vespa 946,,,False
1338,Model EvoGand detected in title; production year 2026 inferred from '2026' in title; mileage 100 km appears in description; brand unknown; no aftermarket mods indicated.,,EvoGand,2026.0,100.0,False
1339,Brand not in standard list; model Cross EV; no year or mileage mentioned; described as new.,,Cross EV,,,False
1340,Model Xmen detected; color black; no year or mileage mentioned.,,Xmen,,,False
1341,Model X-Men detected; no year or mileage mentioned; description emphasizes sport design.,,X-Men,,,False
1342,Model Xmen detected; no year or mileage; 80% condition noted in title.,,Xmen,,,False
1333,Brand/model extracted from title: Yadea 133M. No year or mileage stated; no aftermarket mods mentioned.,Yadea,133M,,,False
1334,Brand inferred as Yadea with Feliz model from title; year 2025 indicated by Feliz2025; odometer 1800 km mentioned.,Yadea,Feliz,2025.0,1800.0,False
1335,VinFast Vento ABS 2022 with 2 pins and 828 km ODO; year and mileage captured; stock features assumed.,VinFast,Vento,2022.0,828.0,False
1336,Brand not in the standard list; model VeroX with year and mileage stated.,,VeroX,2026.0,3000.0,False
1337,Model inferred as Icon E; brand unknown/not in list; no year or mileage mentioned.,,Icon E,,,False
1343,Brand not in standard list (HGT). Model set to HGT. Odo indicated as <2500 km -> imputed_mileage_km=2499. Year not mentioned. No aftermarket mods.,,HGT,,2499.0,False
1344,Brand identified as Yadea. Model inferred as Vekoo. Odo 5000 km. Year not mentioned. No aftermarket mods.,Yadea,Vekoo,,5000.0,False
1345,Brand not clearly stated (Vespa appears as model/name). Model set to Vespa. Year and mileage not mentioned. No aftermarket mods.,,Vespa,,,False
1346,Brand identified as VinFast. Model inferred as Evo Maxx. Year mentioned as 2026. Mileage not stated. No aftermarket mods.,VinFast,Evo Maxx,2026.0,,False
1347,Brand identified as VinFast. Model inferred as Ludo. Year and mileage not mentioned. No aftermarket mods.,VinFast,Ludo,,,False
1348,Piaggio Vespa electric scooter mentioned in title; brand not in the allowed standard brands mapping; model inferred as Vespa; no production year or mileage stated; no aftermarket mods explicitly mentioned.,,Vespa,,,False
1349,Vespa AQ2026 electric scooter; model AQ2026 inferred from title; year explicitly referenced as 2026 in the description; no mileage stated; no aftermarket mods mentioned.,,AQ2026,2026.0,,False
1350,Air Bike electric scooter/scooter-like device mentioned; no year or mileage provided; brand not identifiable; model inferred as Air Bike.,,Air Bike,,,False
1351,VinFast Evo Neo listed with 500 km indicated as ODO; brand VinFast recognized and is in the standard set; model Evo Neo; no year or explicit mods mentioned.,VinFast,Evo Neo,,500.0,False
1352,VinFast Flazz listed; brand VinFast recognized; model Flazz; no year or mileage stated; no aftermarket mods mentioned.,VinFast,Flazz,,,False
1358,Brand identified as Yadea; model Evo 200; imputed_year 2022; mileage not stated; no aftermarket mods detected.,Yadea,Evo 200,2022.0,,False
1359,Brand and model not stated; year not stated; mileage not stated; no mods mentioned.,,,,,False
1360,Brand not stated; model '59 Saigon Hottrend VC 2025'; year 2025; has aftermarket rack ('gắp').,,59 Saigon Hottrend VC 2025,2025.0,,True
1361,Brand VinFast; model Feliz; mileage 22619 km; year unknown.,VinFast,Feliz,,22619.0,False
1362,Brand Yadea; model Orla DK2023; year 2023; mileage not stated; no mods.,Yadea,Orla DK2023,2023.0,,False
1353,Brand detected: Honda. Model detected: Future. No mileage or year mentioned. No explicit aftermarket mods mentioned.,Honda,Future,,,False
1354,Brand: VinFast. Model: Ludo. Mileage: 10000 km from 'Odo 10000km'. Year not specified.,VinFast,Ludo,,10000.0,False
1355,Brand: VinFast. Model: Feliz. Year mentioned as 2025. Mileage not stated.,VinFast,Feliz,2025.0,,False
1356,Brand: Dat Bike. Model: S1. Odo: 10000 km. Year indicated as 12/2025 (2025).,Dat Bike,S1,2025.0,10000.0,False
1357,Brand: VinFast. Model: Feliz. Mileage: 850 km. Year mentioned as 2025 (dk 2026).,VinFast,Feliz,2025.0,850.0,False
1363,Brand unknown (Zgoo not in standard list); captured model as 'Zgoo'. Mileage 1016 km. No year specified. No aftermarket mods detected.,,Zgoo,,1016.0,False
1364,VinFast Grand Lite listed; no year or odometer mentioned; no aftermarket mods indicated.,VinFast,Grand Lite,,,False
1365,Typro 3 Pro mentioned; brand not in standard list. Model captured as 'Typro 3 Pro'. No year/mileage/mods.,,Typro 3 Pro,,,False
1366,VinFast Feliz with 2025 production year and 1200 km odometer mentioned.,VinFast,Feliz,2025.0,1200.0,False
1367,"VinFast Feliz produced in 2025; 25,000 km odometer; two 2.4kWh pins mentioned; no aftermarket mods recorded.",VinFast,Feliz,2025.0,25000.0,False
1368,Brand inferred as Yadea from title; model identified as Ocean; no mileage/year mentioned; no aftermarket mods.,Yadea,Ocean,,,False
1369,Brand not in the standardized list; model identified as IGO; no mileage/year mentioned; listing appears new (100%) with no mods.,,IGO,,,False
1370,Brand not in the standardized list; model identified as Venus; no mileage/year mentioned; listing appears new with no mods.,,Venus,,,False
1371,"Model identified as Feliz; mileage stated as 20,000 km (Odo 20.000km); multiple years mentioned (2025/2023) leading to ambiguity for production year -> imputed_year=null.",,Feliz,,20000.0,False
1372,"Brand inferred as Yadea from description; model identified as Velax H; mileage stated as 13,573 km; no aftermarket mods.",Yadea,Velax H,,13573.0,False
1373,Brand recognized as VinFast from title; model identified as Vento S. No year or mileage mentioned.,VinFast,Vento S,,,False
1374,Brand recognized as Dat Bike from title; model identified as Quantum S2. No year or mileage mentioned.,Dat Bike,Quantum S2,,,False
1375,Brand recognized as Dat Bike from title; model identified as Quantum S0. No year or mileage mentioned.,Dat Bike,Quantum S0,,,False
1376,"Listing mentions two bikes; extracted the Quantum S0 details: Dat Bike brand, Quantum S0 model, year 2024, mileage 30000 km. The other bike (Theons S) is not captured in separate fields here.",Dat Bike,Quantum S0,2024.0,30000.0,False
1377,Brand recognized as VinFast from title; model identified as Feliz Neo. ODO is ~8000 km. Year not specified.,VinFast,Feliz Neo,,8000.0,False
1378,Brand not in standardized list; no year/mileage; no mods; model not identifiable from title/description.,,,,,False
1379,Brand not in standardized list; no year/mileage; no mods; model not identifiable from title/description.,,,,,False
1380,Model term 'Xmen' detected; brand not specified; no year/mileage; no mods.,,Xmen,,,False
1381,Mentions 'vespa 50cc' (petrol) not electric; brand/model not in standardized list; no year/mileage.,,50cc,,,False
1382,VinFast Feliz model with year 2025 and 2000 km mileage.,VinFast,Feliz,2025.0,2000.0,False
1383,Brand: unknown; Model: Momentum M133; Mileage: null; Year: null; Aftermarket mods: false; The description notes a used bike with a replaced battery and warranty but no explicit year or mileage.,,Momentum M133,,,False
1384,Mileage mentioned: 6789 km. Brand unknown. Year unknown. No aftermarket mods indicated.,,,,6789.0,False
1385,Year mentioned: 2022. Model likely NISPA SVS. Brand not in standardized list. Mileage: 60 km mentioned in description.,,NISPA SVS,2022.0,60.0,False
1386,Brand not in standardized list; Model: VC Pro. Type: electric bicycle (đạp điện). No year or mileage mentioned.,,VC Pro,,,False
1387,Brand: VinFast; Model: Klara Neo; Year: null; Mileage: null; Condition: new (100%).,VinFast,Klara Neo,,,False
1388,VinFast Feliz S detected in title; mileage 5000 km indicated in title/description; year not provided; no aftermarket mods mentioned.,VinFast,Feliz S,,5000.0,False
1389,Brand not specified; mileage stated as 40.5 km in description (approximate).,,,,40.0,False
1390,Yadea identified from title; year 2023 mentioned; mileage not specified; no aftermarket mods.,Yadea,,2023.0,,False
1391,Brand not in standard list; no model or year/mileage specified; new listing.,,,,,False
1392,Brand not in standard list; no model or year/mileage specified; new listing.,,,,,False
1393,Brand: VinFast. Model: Evo Grand. Year: null. Mileage: null. No aftermarket mods indicated.,VinFast,Evo Grand,,,False
1394,Brand: VinFast. Model: Evo Grand. Year: null. Mileage: null. No aftermarket mods indicated.,VinFast,Evo Grand,,,False
1395,Brand not identifiable from title/desc. Model: Vespa Dior. Year: null. Mileage: null. No aftermarket mods indicated.,,Vespa Dior,,,False
1396,Brand not identifiable from title/desc. Model: Lavia 50. Year: null. Mileage: null. No aftermarket mods indicated.,,Lavia 50,,,False
1397,Brand: VinFast. Model: Evo Neo. Year: 2025. Mileage: 2000 km. No aftermarket mods indicated.,VinFast,Evo Neo,2025.0,2000.0,False
1398,Year 2025 and mileage 3400 km identified from title/desc. Model VF2 extracted. Brand not in standard list; set null.,,VF2,2025.0,3400.0,True
1399,55 km mileage mentioned; no year. No explicit aftermarket mods identified.,,,,55.0,False
1400,Model Vespa mentioned; Piaggio brand not in standardized list. No explicit year or total mileage.,,Vespa,,,False
1401,"Brand Yadea identified. Added items (cargo bag, painted rims, seat covers) imply aftermarket mods.",Yadea,,,,True
1402,"Year 2024 and mileage 27000 km identified from title/desc. Brand VinFast, model Feliz S.",VinFast,Feliz S,2024.0,27000.0,False
1403,Brand unknown from title; model inferred as S2; mileage 12875 km; no aftermarket mods indicated.,,S2,,12875.0,False
1404,Brand identified as Yadea; model G5; mileage 170 km; aftermarket mods possibly present (đồ chơi accessory upgrades).,Yadea,G5,,170.0,True
1405,Brand unknown from title; model inferred as S2; mileage 16000 km; no aftermarket mods indicated.,,S2,,16000.0,False
1406,Brand identified as Yadea; model VoltGuard V002; mileage 12000 km; no aftermarket mods indicated.,Yadea,VoltGuard V002,,12000.0,False
1407,Brand identified as Yadea; model ELYAS 6; mileage not mentioned; no aftermarket mods indicated.,Yadea,ELYAS 6,,,False
1408,Brand not in allowed list; inferred model 'Peugeot Trắng'; no year or mileage mentioned; no aftermarket mods detected.,,Peugeot Trắng,,,False
1409,Brand not in allowed list; model inferred as 'VentoS 2022'; year 2022 present; mileage 30000 km stated; no mods mentioned.,,VentoS 2022,2022.0,30000.0,False
1410,Brand mapped to standard 'Yadea'; model 'S3 Pro'; no year or mileage mentioned; no mods detected.,Yadea,S3 Pro,,,False
1411,Brand not identifiable; model inferred as 'EvoMax' with year 2026 in title; mileage 1700 km stated; no mods mentioned.,,EvoMax 2026,2026.0,1700.0,False
1412,Brand mapped to standard 'VinFast'; model 'Klara S'; year 2020; mileage 16500 km; no mods mentioned.,VinFast,Klara S,2020.0,16500.0,False
1413,Brand: unknown (not in standard list); Model: Quantum S; Year: null; Mileage: null; Aftermarket Mods: false,,Quantum S,,,False
1414,Model: Xmen; Brand: unknown; Year: null; Mileage: null; Aftermarket Mods: true (upgraded rear sprocket/disk and new body panels implied),,Xmen,,,True
1415,Brand: VinFast; Model: Ludo; Year: 2020; Mileage: null; Aftermarket Mods: false,VinFast,Ludo,2020.0,,False
1416,Brand: VinFast; Model: EVO Grand; Year: null; Mileage: null; Aftermarket Mods: false,VinFast,EVO Grand,,,False
1417,Brand: VinFast; Model: EVO200; Year: null; Mileage: 25000; Aftermarket Mods: false,VinFast,EVO200,,25000.0,False
1418,Brand unknown (not in standard brands). Model detected: Xmen. Year: null. Mileage: null. No aftermarket mods inferred.,,Xmen,,,False
1419,Detected brand Dat Bike corresponding to model Theon S. Year: 2026. Mileage: 12000 km. No aftermarket mods inferred.,Dat Bike,Theon S,2026.0,12000.0,False
1420,Brand not identifiable (Vespa Espero not in standard list). Model: Espero. Year: null. Mileage: null. No aftermarket mods inferred.,,Espero,,,False
1421,Brand VinFast identified. Model Feliz II. Year: null. Mileage: 5000 km. No aftermarket mods inferred.,VinFast,Feliz II,,5000.0,False
1422,No identifiable brand or model mentioned. Year: null. Mileage: null. No aftermarket mods inferred.,,,,,False
1428,"Brand detected: VinFast. Model: Evo Grand. Year inferred from ĐK 12/2025 -> 2025. Odometer mentioned: 14k (14000 km). Noted aftermarket additions: gù đối trọng, hộc đồ, ốp đèn.",VinFast,Evo Grand,2025.0,14000.0,True
1429,Brand not mapped to standard brands in the list. Model inferred as Vespa (electric scooter). No year or mileage mentioned. No aftermarket mods indicated.,,Vespa,,,False
1430,Brand detected: VinFast. Model: Klara Neo. Odometer stated as 374 km. No year mentioned. No aftermarket mods indicated.,VinFast,Klara Neo,,374.0,False
1431,"Brand detected: Yamaha. Model: Neo S. Year indicated as 2025. Odometer: 900 km (and mention of 3500 km, but primary value taken as 900). No aftermarket mods indicated.",Yamaha,Neo S,2025.0,900.0,False
1432,Brand detected: VinFast. Model: Klara. No year or mileage mentioned. No aftermarket mods indicated.,VinFast,Klara,,,False
1423,Brand mapped to VinFast; model parsed as EVO LITE Neo; no production year or mileage mentioned; no aftermarket mods detected.,VinFast,EVO LITE Neo,,,False
1424,Brand mapped to VinFast; model parsed as Evo200Lite; mileage 11000 km from 'Lướt 11kkm'; no production year mentioned; no aftermarket mods.,VinFast,Evo200Lite,,11000.0,False
1425,Brand mapped to VinFast; model parsed as Evo Max; mileage 1000 km from Odo; no production year mentioned; no aftermarket mods.,VinFast,Evo Max,,1000.0,False
1426,Brand not in standard list; set to null. Model parsed as Christian Dior; no year/mileage mentioned; no aftermarket mods.,,Christian Dior,,,False
1427,Brand not in standard list; model parsed as Vespa 2026; year 2026 inferred from model text; mileage not mentioned; no aftermarket mods.,,Vespa 2026,2026.0,,False
1433,Title indicates LaviA 2026; model likely LaviA; production year 2026; no mileage or explicit aftermarket mods stated; brand not identifiable from text.,,LaviA,2026.0,,False
1434,Title mentions Hkbike Xmen; model Xmen; year and mileage not specified; no explicit aftermarket items listed.,,Xmen,,,False
1435,Title mentions Xmen Trắng; model Xmen; notes 'độ nhẹ' but no explicit aftermarket items listed (no boxes/racks/seats etc. described).,,Xmen,,,False
1436,Title indicates Lavia 2026; model Lavia; year 2026; brand not identifiable from text.,,Lavia,2026.0,,False
1437,"Multiple Feliz models (2025, 2026, 2023) described; year not unambiguously determined for a single listing; model Feliz; brand not identifiable; mileage not specified.",,Feliz,,,False
1438,Brand: VinFast; Model: Motio; Imputed Year: null; Mileage: 5000 km; No aftermarket mods mentioned.,VinFast,Motio,,5000.0,False
1439,Brand: Yadea; Model: Xbull H; Mileage: 8 km; Year: null; No aftermarket mods mentioned.,Yadea,Xbull H,,8.0,False
1440,Brand: unknown; Model: unknown; Mileage: null; Year: null; No aftermarket mods mentioned.,,,,,False
1441,Brand: Yadea; Model: i8; Mileage: null; Year: null; No aftermarket mods mentioned.,Yadea,i8,,,False
1442,Brand: Datbike; Model: Weaver 200; Imputed Year: 2023; Mileage: 5000 km; Aftermarket mods present (as listed).,Datbike,Weaver 200,2023.0,5000.0,True
1453,"Brand VinFast, model Evogrand, year 2026, mileage 3000 km detected in description.",VinFast,Evogrand,2026.0,3000,False
1454,Brand not in standard list; model inferred as Neo; mileage 11000 km.,,Neo,,11000,False
1455,"Brand VinFast, model VeroX, year 2026, mileage 400 km.",VinFast,VeroX,2026.0,400,False
1456,"Brand VinFast, model Feliz, year 2025, mileage 3000 km.",VinFast,Feliz,2025.0,3000,False
1457,"Brand VinFast, model Feliz S, year 2024, mileage 24000 km.",VinFast,Feliz S,2024.0,24000,False
1448,Parsed from title/desc: model Feliz; year 2025 inferred from Feliz2025; mileage 1000 km from 'odo 1k'; brand not stated; aftermarket mods not explicitly mentioned.,,Feliz,2025.0,1000,False
1449,Model Evo200 inferred from title; mileage 23000 km from 'Odo 23 ngàn cây'; year not stated; brand not stated; aftermarket mods not explicitly mentioned.,,Evo200,,23000,False
1450,Model Feliz inferred from title; year 2025 from Feliz2025; mileage 5000 km from 'odo 5k'; brand not stated; aftermarket mods not explicitly mentioned.,,Feliz,2025.0,5000,False
1451,Brand inferred as VinFast from 'Xe máy điện VinFast Feliz 2025'; model Feliz; year 2025; mileage 5000 km from 'odo 5k'; aftermarket mods not explicitly mentioned.,VinFast,Feliz,2025.0,5000,False
1452,Dat Bike Quantum S0 2024; brand Dat Bike; model Quantum S0; year 2024; mileage 51000 km from '51.000km'; aftermarket mods not explicitly mentioned.,Dat Bike,Quantum S0,2024.0,51000,False
1443,"Tiêu đề cho thấy xe Z3 bản độ (mod). Không có năm sản xuất và quãng đường, brand không rõ. Model được suy luận là Z3. has_aftermarket_mods được đặt true do từ 'bản độ' và các mô-đun/phụ kiện sau đó xuất hiện.",,Z3,,,True
1444,"Mô tả nói ' Vespa Trắng' và dưới 1000 km, không có mod hoặc năm sản xuất. Brand không xác định, model tạm là Vespa.",,Vespa,,,False
1445,"Vespa nàng thơ, xe mới 90%, chạy 50-60km mỗi lần sạc. Không có năm hoặc quãng đường tổng, brand không rõ. Model: Vespa nàng thơ.",,Vespa nàng thơ,,,False
1446,"Takumi igo, động cơ 500W, viết rõ tình trạng mới và đăng kiểm có thể biển số. Không có year/mileage. Brand không nằm trong danh sách chuẩn.",,Takumi igo,,,False
1447,"Feliz2025 của VinFast; odo 20,000 km; 2 pin được đề cập; không có mods rõ ràng chỉ thêm phụ kiện theo xe. Brand: VinFast; Model: Feliz2025; Mileage: 20000.",VinFast,Feliz2025,,20000.0,False
1463,VinFast Evo Grand 2026; added aftermarket seat cushion (nệm kymdan) and accessories.,VinFast,Evo Grand,2026.0,,True
1464,Dibao Pansy 2019; no explicit aftermarket modifications mentioned.,Dibao,Pansy,2019.0,,False
1465,VinFast Feliz Neo; no year or mileage mentioned; no aftermarket modifications stated.,VinFast,Feliz Neo,,,False
1466,VinFast Evo Lite Neo; no year or mileage mentioned; no aftermarket modifications stated.,VinFast,Evo Lite Neo,,,False
1467,"JVC G9; brand not in standard list, set as null.",,G9,,,False
1473,Detected model Feliz S with year 2024 and odo 24000 km; no aftermarket mods mentioned.,VinFast,Feliz S,2024.0,24000.0,False
1474,Yadea E3 in white; no year or mileage disclosed; no aftermarket mods.,Yadea,E3,,,False
1475,"Dat Bike S2 with 6/2026 and 8 km mileage; stock condition, no mods.",Dat Bike,S2,2026.0,8.0,False
1476,Feliz model dated 2025; no mileage provided; no aftermarket mods.,VinFast,Feliz,2025.0,,False
1477,VinFast EVO Grand Lite; no year or mileage disclosed; no aftermarket mods.,VinFast,Evo Grand Lite,,,False
1468,Brand: VinFast; Model: Evo Grand; Year: 2026 inferred from '3/2026'. Mileage: not specified; Aftermarket mods: not indicated.,VinFast,Evo Grand,2026.0,,False
1469,Brand not in standardized list; Model: Napoli S 2.0; No year or mileage information provided.,,Napoli S 2.0,,,False
1470,Brand: Honda (Wave A); Model: Wave A. No year or mileage information provided; no aftermarket mods indicated.,Honda,Wave A,,,False
1471,Brand: Pega; Model: NEWTECH MĐ1. No year or mileage information provided; no aftermarket mods indicated.,Pega,NEWTECH MĐ1,,,False
1472,Brand not clearly identifiable in standardized list; Model: R1. No year or mileage information provided; no aftermarket mods indicated.,,R1,,,False
1458,Brand VinFast detected from title/desc; model EVO Lite Neo; no odometer information or aftermarket modifications mentioned; year not specified.,VinFast,EVO Lite Neo,,,False
1459,Brand VinFast; model Evo200 Lite; odometer mentioned as 20k km; no aftermarket modifications indicated.,VinFast,Evo200 Lite,,20000.0,False
1460,Brand Dat Bike; model Quantum S2; odometer 9000 km; no aftermarket modifications mentioned.,Dat Bike,Quantum S2,,9000.0,False
1461,Brand VinFast; model Feliz II; odometer 1000 km; year 2026 mentioned; battery swap noted but not counted as aftermarket modification per rules.,VinFast,Feliz II,2026.0,1000.0,False
1462,Brand Dat Bike; model Quantum S3; odometer 10000 km; no aftermarket modifications mentioned.,Dat Bike,Quantum S3,,10000.0,False
1483,Brand VinFast detected from title/desc; model Evo Grand; no year or mileage mentioned; no aftermarket mods stated.,VinFast,Evo Grand,,,False
1484,Brand VinFast detected from title/desc; model Natio; no year or mileage mentioned; no aftermarket mods stated.,VinFast,Natio,,,False
1485,Brand VinFast detected from title/desc; model Impes; no year or mileage mentioned; no aftermarket mods stated.,VinFast,Impes,,,False
1486,Brand VinFast detected from title/desc; model Feliz; year 2025 mentioned in title; no mileage mentioned; no aftermarket mods stated.,VinFast,Feliz,2025.0,,False
1487,Brand VinFast detected from title/desc; model Feliz S; year/mileage not mentioned; no aftermarket mods stated.,VinFast,Feliz S,,,False
1488,Brand: VinFast. Model: EvoGrand. Year: 2022. Odometer: 1000 km. Aftermarket mods: false.,VinFast,EvoGrand,2022.0,1000.0,False
1489,Brand: VinFast. Model: Vento Neo. Year: 2025. Odometer: 10000 km. Aftermarket mods: false.,VinFast,Vento Neo,2025.0,10000.0,False
1490,Brand: VinFast. Model: Evo Maxx. Year: 2026. Odometer: not specified. Aftermarket mods: false.,VinFast,Evo Maxx,2026.0,,False
1491,Brand: VinFast. Model: EvoMax. Year: 2022. Odometer: 1700 km. Aftermarket mods: false.,VinFast,EvoMax,2022.0,1700.0,False
1492,Brand: VinFast. Model: Evo Grand. Year: not specified. Odometer: not specified. Aftermarket mods: true (noted 'độ lại' and aftermarket components).,VinFast,Evo Grand,,,True
1493,Detected VinFast brand; model from title is Zgoo. Odometer indicates ~45 km (odo lướt 45km). No production year mentioned. No aftermarket mods detected from description.,VinFast,Zgoo,,45.0,False
1494,"Brand AIMA is not in the standard-brand list, so brand is null. Model inferred as G5 from the title. No odometer/mileage info or aftermarket‑mod indicators.",,G5,,,False
1495,Detected VinFast brand; model inferred as Klara. No odometer/mileage info provided in description.,VinFast,Klara,,,False
1496,Brand not in the standard list; model inferred as Christian Dior. Mileage mentioned as 869 km (odometer). No year or mods specified.,,Christian Dior,,869.0,False
1497,Vespa is mentioned; brand not in the standard list. Model inferred as Vespa. No odometer/mileage info.,,Vespa,,,False
1478,"Brand not in the allowed standard list; inferred model as 'Vento Neo'. Odometer shown as 10k km, year not stated.",,Vento Neo,,10000.0,False
1479,Brand mapped to Dat Bike. Model QuanTumS2. Odometer 9900 km. Year not stated.,Dat Bike,QuanTumS2,,9900.0,False
1480,Brand mapped to VinFast. Model ZE. No year or mileage mentioned; no mods noted.,VinFast,ZE,,,False
1481,Brand mapped to VinFast. Model Theon S. Year 2026 mentioned. Odometer 4000 km mentioned; no mods noted.,VinFast,Theon S,2026.0,4000.0,False
1482,"Brand mapped to VinFast. Model Feliz. Year 2025 mentioned. Odometer around 2000 km mentioned ('2xxx km'). Mods present (gù tay lái, dè bánh sau, phuộc thay, remote anti-theft, etc.).",VinFast,Feliz,2025.0,2000.0,True
1498,Mileage inferred from 'lướt 22K Km'; brand not recognized in the standard set; model inferred as 'S2'.,,S2,,22000.0,False
1499,Mileage inferred from 'lướt 5K Km'; model inferred as 'S2'; charger included but no aftermarket mods mentioned.,,S2,,5000.0,False
1500,VinFast Impes; no mileage or year mentioned; vehicle is red and described as city-use.,VinFast,Impes,,,False
1501,No mileage or year mentioned; model inferred as 'Scooter'; brand unknown.,,Scooter,,,False
1502,Brand not in standard mapping; model inferred as 'Vespa Cam'; no mileage or year mentioned.,,Vespa Cam,,,False
1503,Brand detected: VinFast. Model detected: Vento S. No year or mileage mentioned. No aftermarket mods evident.,VinFast,Vento S,,,False
1504,Brand: Yadea. Model: M6I. Year mentioned: 2024. Mileage: 1300 km. No aftermarket mods indicated.,Yadea,M6I,2024.0,1300.0,False
1505,Brand: VinFast. Model: Vento S. No year or mileage mentioned. No aftermarket mods indicated.,VinFast,Vento S,,,False
1506,Brand not in standard list. No model or year or mileage explicitly stated. No aftermarket mods indicated.,,,,,False
1507,Brand: VinFast. Model: Feliz. Year: 2021. Mileage: ODO > 10k (interpreted as 10000 km). No aftermarket mods indicated.,VinFast,Feliz,2021.0,10000.0,False
1508,Brand: unknown (not in allowed standard brands). Model inferred from title: 'Kazuki Slay X'. Year: null. Mileage: null (no odometer info). Aftermarket mods: null (no mod details mentioned).,,Kazuki Slay X,,,False
1509,"Brand: unknown (Kalara not in standard list). Model inferred: 'Kalara A2'. Year: null. Mileage: null. Description mentions modifications ('dọn full màn hình + ic + pin'), so aftermarket mods are present.",,Kalara A2,,,True
1510,"Brand: unknown (GPX not in standard list). Model inferred: 'Fi150'. Year extracted: 2023. Mileage: 7000 km from ODO. Mods: no explicit aftermarket modifications mentioned, so null.",,Fi150,2023.0,7000.0,False
1511,Brand: Yadea (standard brand). Model inferred: 'F-CBR'. Year: null. Mileage: null. Mods: null (no mod details mentioned).,Yadea,F-CBR,,,False
1512,Brand: unknown (Vento not in standard list). Model inferred: 'Neo'. Year extracted: 2025. Mileage: null. Mods: null (no mod details mentioned).,,Neo,2025.0,,False
1513,Brand: VinFast; Model: Vento S; Year: 2022 from '11/2022' in description; Mileage: null; Aftermarket mods: null.,VinFast,Vento S,2022.0,,False
1514,Model: V1 Plus; Brand: not explicitly stated in title/desc; Year: not mentioned; Mileage: null.,,V1 Plus,,,False
1515,Brand: Vespa not in allowed standard brands; Model: Vespa; Year: not mentioned; Mileage: null.,,Vespa,,,False
1516,Brand: Honda; Model: Icon e; Year: not mentioned; Mileage: null.,Honda,Icon e,,,False
1517,Year inferred as 2023 from mention; Brand: not stated; Model: not stated.,,,2023.0,,False
1523,No brand/model/year/mileage information detected in title/desc. Max speed mentioned as 40 km/h. No aftermarket mods stated.,,,,,False
1524,Brand detected: VinFast. Model: Evo Lite. No year/mileage/modifications information found.,VinFast,Evo Lite,,,False
1525,Brand detected: Dibao. Model: Gogo. No year/mileage/modifications information found.,Dibao,Gogo,,,False
1526,Brand detected: VinFast. Model: Impes. No year/mileage/modifications information found.,VinFast,Impes,,,False
1527,Brand detected: Yadea. Model: OVA. No year/mileage/modifications information found.,Yadea,OVA,,,False
1518,Brand VinFast; Model Feliz Neo; Year null; Mileage null; Mods false.,VinFast,Feliz Neo,,,False
1519,No brand/model/year/mileage information; financing terms only.,,,,,False
1520,Brand VinFast; Model VeroX; Year 2026; Mileage 400 km; Mods false; PPF mentioned but not counted as aftermarket item.,VinFast,VeroX,2026.0,400.0,False
1521,Brand Hyundai not in standard list; Brand null; Model Aven; Year null; Mileage null.,,Aven,,,False
1522,Brand VinFast; Model Viper; Year 2026; Mileage null; Mods false; Odometer stated as 5xx but not numeric.,VinFast,Viper,2026.0,,False
1533,No explicit brand mentioned; model inferred from title as V1 Plus; no year or mileage stated; no aftermarket mods detected.,,V1 Plus,,,False
1534,Brand detected: VinFast. Model inferred as Impes. Odo stated as 10k km. No year mentioned.,VinFast,Impes,,10000.0,False
1535,Brand not identifiable; model appears to be 'Christian Dior'. No year or mileage mentioned.,,Christian Dior,,,False
1536,Brand detected: VinFast. Model Flazz. Mileage mentioned as 1000 km. Describes stock condition with no modifications.,VinFast,Flazz,,1000.0,False
1537,Brand detected: VinFast. Model EvoGand 2025. Odo 8k. Mentions 2 pin batteries; no explicit aftermarket modifications stated.,VinFast,EvoGand 2025,2025.0,8000.0,False
1528,Brand not identifiable from title; model SURAYA 133; year and mileage not stated; no aftermarket mods mentioned.,,SURAYA 133,,,False
1529,Brand not clearly stated; model Nioshima Vespa; year 2022; mileage not stated; no aftermarket mods mentioned.,,Nioshima Vespa,2022.0,,False
1530,Brand Pega identified from title; no year/mileage specified; model not stated.,Pega,,,,False
1531,"VinFast Feliz 2022 with 25,000km; year 2022; mileage 25000; no mods.",VinFast,Feliz,2022.0,25000.0,False
1532,Yadea V1 Plus; pink; no year/mileage mentioned; no mods.,Yadea,V1 Plus,,,False
1538,Brand: VinFast. Model: null. Year: null. Mileage: null. Mods: false. Description mentions VinFast models and warranty but no aftermarket modifications.,VinFast,,,,False
1539,Brand: Yadea. Model: VoltGuard. Year: null. Mileage: null. Mods: false. Description references VoltGuard and generic features; no mods mentioned.,Yadea,VoltGuard,,,False
1540,Brand not mapped to standard list (Yamaha not in allowed brands). Model: NEOS. Year: null. Mileage: null. Mods: false.,,NEOS,,,False
1541,Brand: Dat Bike. Model: S3. Year: null. Mileage: null. Mods: false.,Dat Bike,S3,,,False
1542,Brand: VinFast. Model: Evo Max. Year: null. Mileage: null. Mods: false.,VinFast,Evo Max,,,False
1548,Brand unknown; model MX; mileage not stated; no aftermarket mods.,,MX,,,False
1549,Brand VinFast; model Evo Grand; ODO 7200km; no aftermarket mods.,VinFast,Evo Grand,,7200.0,False
1550,Brand Dat Bike; model S3; ODO 3333km; mentions 'Yên kim đan' suggesting aftermarket seat (mod).,Dat Bike,S3,,3333.0,True
1551,Brand unknown; model S2; ODO 22000km; no aftermarket mods.,,S2,,22000.0,False
1552,Brand unknown; model Camel 1; ODO 7000km; no aftermarket mods.,,Camel 1,,7000.0,False
1553,"Brand: VinFast. Model: EVO200. Imputed year: 2023 from 'ĐK 2/2023'. Imputed mileage: ~40,000 km from 'ODO: hơn 4v'. Aftermarket mods: USB-C charging port upgrade mentioned but not among add-on categories; therefore has_aftermarket_mods = false.",VinFast,EVO200,2023.0,40000.0,False
1554,Brand unknown. Model: Victory S6. Year: null. Mileage: null. Aftermarket mods: none evident.,,Victory S6,,,False
1555,Promotion listing mentioning Vinfast and Yadea brands; no clear single brand or model; set brand and model as null. Year/mileage unknown. No mods.,,,,,False
1556,"Brand VinFast. Model FelizS 2024. ODO 10,000 km. Year 2024. No aftermarket mods indicated.",VinFast,FelizS 2024,2024.0,10000.0,False
1557,"Brand unknown. Model K1. Mileage 1,600 km. Year: null. No mods.",,K1,,1600.0,False
1543,No production year or odometer mentioned. Brand not in the standard list. Model inferred as Vesspa from the title. No aftermarket mods indicated.,,Vesspa,,,False
1544,"Model Evo200 mentioned with 2024 registration and an odometer around 10,000 km. Brand not explicitly stated.",,Evo200,2024.0,10000.0,False
1545,Brand VinFast identified from title/description; model Impes; year 2021. Mileage not specified.,VinFast,Impes,2021.0,,False
1546,Brand inferred from description as Dat Bike (DatbikeS1); model QuantumS1 noted in title. Year and mileage not provided.,Dat Bike,QuantumS1,,,False
1547,Brand not stated; model Crown S; year 2026; odometer 2000 km.,,Crown S,2026.0,2000.0,False
1558,Mileage detected: Odo: 5.000 km. No production year mentioned. Brand not clearly listed. Model identified as Quantum S2.,,Quantum S2,,5000.0,False
1559,Model Feliz2025 detected; likely Dat Bike Feliz2025. Mileage not specified. Year inferred from model as 2025. No explicit aftermarket mods.,Dat Bike,Feliz2025,2025.0,,False
1560,Vespa mentioned but not in allowed brand list; brand set to null. Model captured as Vespa đèn vuông.,,Vespa đèn vuông,,,False
1561,Model Feliz2025; one pin included. No mileage provided. Brand inferred as Dat Bike; year inferred as 2025.,Dat Bike,Feliz2025,2025.0,,False
1562,Evo200 Lite model mentioned with 2025; brand matches Yadea; no mileage or mods indicated.,Yadea,Evo200 Lite,2025.0,,False
1563,Brand: VinFast. Model: Evo Grand. Mileage: 700 km. No explicit aftermarket mods mentioned.,VinFast,Evo Grand,,700.0,False
1564,Brand: VinFast. Model: FelizS. Year: 2024. Indicates aftermarket battery: 1 pin; hence has_aftermarket_mods: true.,VinFast,FelizS,2024.0,,True
1565,Brand: VinFast. Model: FelizS. Year: 2025. Mentions 2 pins; indicates aftermarket battery; has_aftermarket_mods: true.,VinFast,FelizS,2025.0,,True
1566,Brand: VinFast. Model: FelizS. Year: unknown. Mentions 1 pin; may include additional battery; has_aftermarket_mods: true.,VinFast,FelizS,,,True
1567,No clear brand/model identified; generic electric bike description.,,,,,False
1578,Detected brand VinFast; model Evo 200 Lite; production year 2022 mentioned in title; mileage not specified; no aftermarket mods.,VinFast,Evo 200 Lite,2022.0,,False
1579,Detected brand VinFast; model Klara A2; mileage 15000 km mentioned; no aftermarket mods.,VinFast,Klara A2,,15000.0,False
1580,Detected brand Dibao; model Pansy S; year 2022 mentioned; mileage per charge 40-50 km is ambiguous; treated as unknown mileage; no mods.,Dibao,Pansy S,2022.0,,False
1581,Detected brand VinFast; model Feliz 2; no year or mileage information; no aftermarket mods.,VinFast,Feliz 2,,,False
1582,No identifiable brand/model; no year or mileage information; no aftermarket mods.,,,,,False
1568,Brand not specified in title/desc; model extracted as 'X-Men'; no year/mileage mentioned; no aftermarket mods.,,X-Men,,,False
1569,Model extracted as 'Evo Max'; no year/mileage mentioned; no aftermarket mods.,,Evo Max,,,False
1570,Brand: VinFast; Model: Feliz S; Year: 2025; ODO: 12000 km; no aftermarket mods.,VinFast,Feliz S,2025.0,12000.0,False
1571,Model extracted as 'Xmen Xanh đen'; brand not specified; no year/mileage; no aftermarket mods.,,Xmen Xanh đen,,,False
1572,Brand: VinFast; Model: Feliz; Year: 2025; ODO: 600 km; no aftermarket mods.,VinFast,Feliz,2025.0,600.0,False
1583,Brand not in standard list (Xmen); model inferred as 'Xmen Sport'; no production year or mileage mentioned; no aftermarket mods detected.,,Xmen Sport,,,False
1584,Brand not in standard list (Victoria); inferred model 'Victoria'; year 2026 appears in description; no mileage or aftermarket mods detected.,,Victoria,2026.0,,False
1585,No standard-brand mentioned; no model/year/mileage detected; no aftermarket mods detected.,,,,,False
1586,Brand recognized as Yadea; model 'G5'; description indicates frame reinforcement and component upgrades (modifications) -> has_aftermarket_mods true; no year/mileage detected.,Yadea,G5,,,True
1587,Brand recognized as VinFast; model 'Evo Lite Neo'; no year/mileage mentioned; no aftermarket mods detected.,VinFast,Evo Lite Neo,,,False
1573,Year 2025 inferred from 'sản xuất 2025'; brand VinFast; model EVO 200; mileage null; aftermarket mods not mentioned.,VinFast,EVO 200,2025.0,,False
1574,Year 2025 indicated; mileage 100 km from 'odo 100km'; brand VinFast; model Feliz; battery upgrade noted ('Pin Mua 2 Cục 2.4kw') -> aftermarket mods present.,VinFast,Feliz,2025.0,100.0,True
1575,Model Feliz S; year not stated; mileage not stated; no aftermarket mods mentioned.,VinFast,Feliz S,,,False
1576,Model FelizS; year not stated; mileage not stated; battery upgrade noted ('Pin mua 3.5kw') -> aftermarket mods present.,VinFast,FelizS,,,True
1577,Model FelizS; year not stated; mileage not stated; no aftermarket mods mentioned.,VinFast,FelizS,,,False
1593,Brand mapped to Pega. Model identified as S+. Year and mileage not mentioned in the listing. No aftermarket mods specified.,Pega,S+,,,False
1594,Brand mapped to VinFast. Model identified as VF. Year and mileage not mentioned. No aftermarket mods specified.,VinFast,VF,,,False
1595,"Brand mapped to Dat Bike. Model identified as Quantum S1. Year and mileage not mentioned. Listing mentions adding accessories ('đồ chơi'), indicating aftermarket mods.",Dat Bike,Quantum S1,,,True
1596,Brand not in the standard list; brand unknown. Model identified as Randa-Max. Year and mileage not mentioned. No mods explicitly stated.,,Randa-Max,,,False
1597,Brand not in the standard list; brand unknown. Model identified as Vespa 946. Year and mileage not mentioned. No mods explicitly stated.,,Vespa 946,,,False
1588,"Brand identified as VinFast; no explicit model, year, mileage, or aftermarket mods mentioned.",VinFast,,,,False
1589,Describes Wespan as a model; brand not identifiable from the provided list. Mileage stated as 24 km. No aftermarket mods mentioned.,,Wespan,,24.0,False
1590,VinFast Feliz S with year 2024; battery specs and 200 km range mentioned. No mileage/odometer data.,VinFast,Feliz S,2024.0,,False
1591,Yadea M6i; mileage 5000 km; battery included; year not stated.,Yadea,M6i,,5000.0,False
1592,VinFast Viper XXM; year 2026 indicated; ODO shows 4xx km but exact value not specified; mileage set as null.,VinFast,Viper XXM,2026.0,,False
1598,"Two Quantum S0 bikes listed; mileages 17,000km and 30,000km; year not specified; no aftermarket mods indicated; brand unknown; model Quantum S0.",,Quantum S0,,,False
1599,Evo 200 listed; mentions original condition and 'thêm vỏ xịn' indicating an aftermarket tire upgrade.,,evo 200,,,True
1600,"Three Quantum S2 bikes listed; mileages 19,000km; 15,000km; and 24,000km; year 2026; includes 'Lên Dây Curo + Sạc 1800w' upgrade indicating mods.",,Quantum S2,2026.0,,True
1601,Xe điện Xmen Neoli; no mileage or year mentioned; no aftermarket mods indicated.,,Xmen Neoli,,,False
1602,Feliz 2025 with odo 1000km; brand VinFast; no aftermarket mods indicated.,VinFast,Feliz,2025.0,1000.0,False
1603,"Brand: VinFast; Model: Feliz S; Mileage: 8000 km; Year: null; Stock condition, no aftermarket mods.",VinFast,Feliz S,,8000.0,False
1604,"Brand: VinFast; Model: Evogrand; Mileage: 8000 km; Year: null; Stock condition, no aftermarket mods.",VinFast,Evogrand,,8000.0,False
1605,Brand: unknown; Model: Christian Dior; Mileage: null; Year: null; Stock condition implied.,,Christian Dior,,,False
1606,"Brand: VinFast; Model: Evo200 Lite; Mileage: 1000 km; Year: 2026; Stock condition, no aftermarket mods.",VinFast,Evo200 Lite,2026.0,1000.0,False
1607,"Brand: Dat Bike; Model: Quantum S2; Mileage: 50 km; Year: null; Stock condition, no aftermarket mods.",Dat Bike,Quantum S2,,50.0,False
1608,No brand/model/year/mileage info available; treated as unknown.,,,,,False
1609,Brand VinFast detected; model IMPES; year 2021 identified in title; no mileage information.,VinFast,IMPES,2021.0,,False
1610,Brand not in standard list; model inferred as Vespa; no year or odometer provided.,,Vespa,,,False
1611,Model Quantum S2 detected; mileage 5000 Km mentioned; year not specified.,,Quantum S2,,5000.0,False
1612,Brand VinFast detected; model Viper; no year/mileage specified in text.,VinFast,Viper,,,False
1613,Brand inferred as VinFast from the title. Model identified as Feliz II. Mileage extracted as 1500 km. Production year not mentioned -> null. No aftermarket mods mentioned -> null.,VinFast,Feliz II,,1500.0,False
1614,Brand inferred as VinFast. Model identified as Evo 200. Year mentioned as 2022. Mileage extracted as 9000 km (odo). No aftermarket mods mentioned -> null.,VinFast,Evo 200,2022.0,9000.0,False
1615,Brand inferred as VinFast. Model identified as Theon S. Year mentioned as 2025. Mileage extracted as 4500 km (odo). No aftermarket mods mentioned -> null.,VinFast,Theon S,2025.0,4500.0,False
1616,Brand inferred as VinFast. Model identified as Evo Neo. Year not mentioned -> null. Mileage not mentioned -> null. No aftermarket mods mentioned -> null.,VinFast,Evo Neo,,,False
1617,Brand not in standard list; set brand to null. Model inferred as Viral (from 'Victoria Viral'). Year not mentioned -> null. Mileage not mentioned -> null. No aftermarket mods mentioned -> null.,,Viral,,,False
1623,Brand inferred as VinFast from title; model Evo Neo; year null; mileage null; aftermarket mods false.,VinFast,Evo Neo,,,False
1624,Evo Grand inferred as model. Brand not explicitly stated; year 2026 from '2026' in title. mileage null. mods false.,,Evo Grand,2026.0,,False
1625,VinFast Vento indicated in title; model Vento; year null; mileage null; mods none.,VinFast,Vento,,,False
1626,VinFast Evo; year 2025 in title; mileage 13000 km from 'odo 13.000'; aftermarket mods likely due to 'full đồ chơi' in description.,VinFast,Evo,2025.0,13000.0,True
1627,No explicit brand or model detected; all fields null.,,,,,False
1618,Detected brand 'Quantum' which is not in the standard brand list; therefore brand=null. Model 'S3'. Mileage inferred from description as 1.4k km (1400 km). No explicit aftermarket mods or year mentioned.,,S3,,1400.0,True
1619,Brand not in standard list (Lavia is not in allowed brands); model derived as 'Lavia SX' (2026). Year inferred as 2026 from the model string. Mileage not stated. No mods stated.,,Lavia SX,2026.0,,False
1620,Brand VinFast detected; model Evo Max; year and mileage not mentioned; no mods.,VinFast,Evo Max,,,False
1621,"Brand Dat Bike detected; model S1; mileage 30,000 km stated; year not stated; no mods mentioned.",Dat Bike,S1,,30000.0,False
1622,"Brand not identifiable (Quantum not in standard list); model S0; odometer 50,000 km; year not stated.",,S0,,50000.0,False
1633,"Brand not clearly listed in allowed standard brands. Title indicates model 'Xmen'; no year or odometer mentioned; no aftermarket mods observed. Set brand null, model 'Xmen', others null; mileage per-charge reported (50-55 km) is range, not odometer.",,Xmen,,,False
1634,Dat Bike Quantum S3 2026; listed year 2026 and model Quantum S3. No odometer provided; range per charge given but not odometer. No aftermarket mods mentioned; classify as stock.,Dat Bike,Quantum S3,2026.0,,False
1635,VinFast Feliz 2022; odo 17k km mentioned; set mileage 17000. No mods; model Feliz; year 2022.,VinFast,Feliz,2022.0,17000.0,False
1636,VinFast Feliz 2025; mentions 'đã lên yên kymdan' indicating aftermarket seat upgrade; set has_aftermarket_mods to true. Model Feliz; year 2025.,VinFast,Feliz,2025.0,,True
1637,Yadea Retro Premium; no year or mileage mentioned; no aftermarket mods.,Yadea,Retro Premium,,,False
1628,Detected brand VinFast and model EVO Grand Lite from the title; no year or mileage mentioned; no aftermarket mods indicated.,VinFast,Evo Grand Lite,,,True
1629,Detected brand VinFast and model Evo Grand Lite from the title; no year or mileage mentioned; no aftermarket mods indicated.,VinFast,Evo Grand Lite,,,True
1630,Brand not in standard list; model Xmen inferred from title.,,Xmen,,,True
1631,Detected brand VinFast and model EVO MAX from the title; year 2026 and mileage 11 km mentioned; no aftermarket mods indicated.,VinFast,Evo MAX,2026.0,11.0,True
1632,Model K1 detected; brand not in standard list.,,K1,,,True
1638,Brand: VinFast; Model: Vin Flazz; Year: null; Mileage: null; Mods: false.,VinFast,Vin Flazz,,,False
1639,Brand: VinFast; Model: Vento Neo; Year: null; Mileage: null; Mods: false.,VinFast,Vento Neo,,,False
1640,Brand: Unknown (Vespa is not in allowed brands); Model: V3; Year: null; Mileage: null; Mods: false.,,V3,,,False
1641,Brand: Unknown; Model: Unknown; Year: null; Mileage: null; Mods: false.,,,,,False
1642,Brand: VinFast; Model: Evo Max; Year: 2026; Mileage: null; Mods: false.,VinFast,Evo Max,2026.0,,False
1649,Brand not in allowed list; model inferred as Xmen; no year/mileage/mods mentioned.,,Xmen,,,False
1650,Brand not in allowed list; model inferred as Osaka; no year/mileage/mods mentioned.,,Osaka,,,False
1651,Brand Honda inferred from title; model inferred as Icon E; no year/mileage/mods mentioned.,Honda,Icon E,,,False
1652,Brand VinFast inferred; model EVO GRAND.,VinFast,EVO GRAND,,,False
1653,Brand VinFast inferred; model Evo Grand Lite.,VinFast,Evo Grand Lite,,,False
1644,No brand or model mentioned; no year or mileage specified; no aftermarket mods indicated.,,,,,False
1645,Brand: Dat Bike; Model: Quantum; No year/mileage specified; No aftermarket mods mentioned.,Dat Bike,Quantum,,,False
1646,Brand detected: VinFast; Model not specified.,VinFast,,,,False
1647,Brand VinFast; Model Evo Grand; New listing; no mileage/year indicated.,VinFast,Evo Grand,,,False
1648,Brand: Dat Bike; Model: Quantum S3; Year: 2026; ODO appears as 700km; no aftermarket mods indicated.,Dat Bike,Quantum S3,2026.0,700.0,False
1654,Detected model Lavia Plus; year 2026; brand not in standard brands (null); mileage not specified; no aftermarket mods indicated.,,Lavia Plus,2026.0,,False
1655,Brand Pega; model Gen Z; used condition described; no mileage/year provided; no aftermarket mods clearly indicated.,Pega,Gen Z,,,False
1656,Brand VinFast; model EVO 200; year 2025; odo 9000 km; no aftermarket mods indicated.,VinFast,EVO 200,2025.0,9000.0,False
1657,Brand Dat Bike; model Quantum S3; odo 3000 km; year not mentioned.,Dat Bike,Quantum S3,,3000.0,False
1658,Brand Honda; model Dream; year 1997; mileage not mentioned.,Honda,Dream,1997.0,,False
1659,Dat Bike Quantum S1 detected; model Quantum S1; year/mileage not mentioned; no aftermarket mods.,Dat Bike,Quantum S1,,,False
1660,Xmen model listed; brand not identifiable from source; no year/mileage/mods mentioned.,,Xmen,,,False
1661,Lavia model mentioned with year 2026; brand not specified; no mileage/mods.,,Lavia,2026.0,,False
1662,Pega Vecba listed; range 45-50 km per charge; no mods; year not stated.,Pega,Vecba,,50.0,False
1663,VinFast Evogrand lite; year 2026 mentioned; no mileage/mods.,VinFast,Evogrand lite,2026.0,,False
1669,Year identified as 2023 from the title; brand not identifiable from title/desc; model inferred as 'E-lass Vespa'; no mileage or aftermarket mods mentioned.,,E-lass Vespa,2023.0,,False
1670,"Brand VinFast detected from the title; model Feliz S; year not stated; mileage 63,000 km from '63k odo' in description; no mods mentioned.",VinFast,Feliz S,,63000.0,False
1671,Brand VinFast detected; model Klara S; year and explicit mileage not stated; no mods mentioned; range per charge ~80 km noted but not treated as mileage.,VinFast,Klara S,,,False
1672,"Brand VinFast; model Evo 200; year 2025; ODO 8,700 km mentioned.",VinFast,Evo 200,2025.0,8700.0,False
1673,"Brand VinFast; model Vento; year 2025; ODO 4,000 km mentioned.",VinFast,Vento,2025.0,4000.0,False
1664,"Brand: Yadea; Model: S3. Years/mileage not mentioned: null. Has aftermarket mods: true (upgrades such as reinforced frame, new bearings, new seat cover, new handlebars and speedometer, and YSS fork).",Yadea,S3,,,True
1665,Brand: VinFast; Model: Evo Lite Neo. Year: null. Mileage: null. Has aftermarket mods: false. Description focuses on financing notes; no modifications mentioned.,VinFast,Evo Lite Neo,,,False
1666,Brand: VinFast; Model: Evo Grand. Year: null. Mileage: null. Has aftermarket mods: false.,VinFast,Evo Grand,,,False
1667,Brand: VinFast; Model: Theon S. Year: 2025. Mileage: 9000. Has aftermarket mods: false. Listing references Theon S with 2025 model year and 9000 km usage.,VinFast,Theon S,2025.0,9000.0,False
1668,Brand: Dat Bike; Model: Era. Year: null. Mileage: null. Has aftermarket mods: false. Features emphasize charging tech; no modifications listed.,Dat Bike,Era,,,False
1674,Brand detected: VinFast. Model extracted: EVO MAX. Mileage from Odo: 100 km. Year: null. No aftermarket mods mentioned.,VinFast,EVO MAX,,100.0,False
1675,Brand detected: VinFast. Model extracted: Feliz S. Mileage from Odo: 15000 km. Year: null. No aftermarket mods mentioned.,VinFast,Feliz S,,15000.0,False
1676,Brand not recognized in standard list; model Kalara S1. Mileage: not specified. Year: null. No aftermarket mods mentioned.,,Kalara S1,,,False
1677,Brand not recognized; model Klara S. Mileage: not specified. Year: null. No aftermarket mods mentioned.,,Klara S,,,False
1678,Brand detected: Yadea. Model extracted: Odora S1. Mileage: not specified. Year: null. No aftermarket mods mentioned.,Yadea,Odora S1,,,False
1679,"Brand unknown; model VC; no year, mileage, or aftermarket mods mentioned.",,VC,,,False
1680,Model New bear; mileage 4829 km; brand unknown; year not mentioned; no aftermarket mods cited.,,New bear,,4829.0,False
1681,Brand Yadea; model Oris; no year/mileage/mods mentioned.,Yadea,Oris,,,False
1682,Model Takumi; brand not in standard list; no year/mileage/mods mentioned.,,Takumi,,,False
1683,Brand VinFast; model Feliz; year 2025 (from 9/2025); mileage 2000; aftermarket mods: true (protective film applied).,VinFast,Feliz,2025.0,2000.0,True
1689,Brand inferred as Yadea from the description 'yadea orla 2024'; model deduced as Orla; year 2024 mentioned; no mileage; no aftermarket mods.,Yadea,Orla,2024.0,,False
1690,Model Evo200 referenced in title; brand inferred as VinFast; no year or mileage stated.,VinFast,Evo200,,,False
1691,Brand VinFast; model Feliz; year 2025 stated; no mileage mentioned.,VinFast,Feliz,2025.0,,False
1692,Brand VinFast; model Evo; odo stated as 420km.,VinFast,Evo,,420.0,False
1693,Brand VinFast; model Evo Max; odo stated as 500km.,VinFast,Evo Max,,500.0,False
1694,"Brand: unknown/not provided in the title/desc; Model: K1; Imputed year: 2025 (stated purchase end of 2025); Imputed mileage_km: 3000 (mentioned in description); has_aftermarket_mods: false (no explicit aftermarket additions such as extra box, rack, seats).",,K1,2025.0,3000.0,False
1695,Brand: not provided/unknown; Model: Orla Xanh nhạt; Imputed year: null; Imputed mileage_km: null; has_aftermarket_mods: false (no mods mentioned).,,Orla Xanh nhạt,,,False
1696,Brand: Honda (from 'Honda ICON e'); Model: ICON e; Imputed year: 2026 (title indicates 2026); Imputed mileage_km: 2000 (Odo chỉ 2.000 km); has_aftermarket_mods: false.,Honda,ICON e,2026.0,2000.0,False
1697,Brand: VinFast (VinFast Theon S); Model: Theon S; Imputed year: 2022 (Theon S 2022); Imputed mileage_km: null; has_aftermarket_mods: false.,VinFast,Theon S,2022.0,,False
1698,Brand: VinFast (Feliz); Model: Feliz; Imputed year: 2022; Imputed mileage_km: null; has_aftermarket_mods: false.,VinFast,Feliz,2022.0,,False
1684,Brand Vespa not in allowed standard brands. Treated as unknown. Model field set to Vespa to capture the model name from the title. No mileage or production year mentioned. No aftermarket mods indicated.,,Vespa,,,False
1685,"Detected VinFast brand and Evo200 Lite model from title. Mileage given as Odo 20,000 km from description; year not stated. No aftermarket mods indicated.",VinFast,Evo200 Lite,,20000.0,False
1686,Model detected as Milan; brand not identifiable from title. No mileage/year/mods mentioned.,,Milan,,,False
1687,Contains '2024'; model 'Xmen Pro'; brand not identifiable from title. Year 2024 recorded; no mileage/mods.,,Xmen Pro,2024.0,,False
1688,Brand Yadea explicitly mentioned; model not provided.,Yadea,,,,False
1699,Brand inferred from title 'VinFast Feliz S'; model extracted as 'Feliz S'; year 2023 from registration; mileage 60000 via ODO; aftermarket mods not indicated.,VinFast,Feliz S,2023.0,60000.0,False
1700,Model identified as 'Vento Neo'; year 2025 mentioned; mileage not specified; brand not stated.,,Vento Neo,2025.0,,False
1701,Vespa Roma model detected; brand not in allowed list; no year or mileage provided.,,Roma,,,False
1702,Vespa with 'Đèn vuông cao cấp' designation; no year or mileage provided; noMods indicated.,,Đèn vuông cao cấp,,,False
1703,"Brand inferred as Yadea from title; model 'Velax H'; mileage 5000km (Odo 5.000km); aftermarket mods present (pin upgrade, ghép khiển, đèn trợ sáng, mạch Passing).",Yadea,Velax H,,5000.0,True
1704,Brand not detected in standard list. Model inferred as 'Oskar Mandi'. Year 2025 found in title. No mileage mentioned. No aftermarket mods indicated.,,Oskar Mandi,2025.0,,False
1705,Model inferred as 'Samurai'. No year or mileage mentioned. Brand not detected in standard list.,,Samurai,,,False
1706,Brand not in allowed standard list; model inferred as 'Gogoro Cross'. No year or mileage mentioned. No aftermarket mods indicated.,,Gogoro Cross,,,False
1707,Brand detected as VinFast. Model 'Klara S2'. Year 2022. Mileage 11000 km. No aftermarket mods indicated.,VinFast,Klara S2,2022.0,11000.0,False
1708,Brand detected as VinFast. Model 'Impes'. Year and mileage not mentioned.,VinFast,Impes,,,False
1709,Brand not in standard list; model inferred as 'Xmen Osaka Mini'; year and mileage not mentioned; aftermarket mods not indicated.,,Xmen Osaka Mini,,,False
1710,No brand or model identified; only color and general condition mentioned; no mileage or year; mods not indicated.,,,,,False
1711,VinFast brand identified; model 'Vero X'; year null; mileage null; no mods.,VinFast,Vero X,,,False
1712,No brand or model identified; mileage mentioned as approx 20000 km; year unknown; mods not indicated.,,,,20000.0,False
1713,Brand VinFast identified; model 'Vento S'; year 2025; mileage 29539 (rounded from 29539.8); mods not indicated.,VinFast,Vento S,2025.0,29539.0,False
1714,Brand: VinFast. Model: Klara S1. No year or odometer mentioned. No aftermarket mods detected.,VinFast,Klara S1,,,False
1715,Brand: VinFast. Model: Feliz. Year: 2025. Odometer: 8600 km. No aftermarket mods.,VinFast,Feliz,2025.0,8600.0,False
1716,Brand: VinFast. Model: Vento S. Year: 2025. No odometer info. No aftermarket mods.,VinFast,Vento S,2025.0,,False
1717,Brand: unknown/not in standard list. Model: Tailg Go. Year: null. Mileage: null. No aftermarket mods.,,Tailg Go,,,False
1718,Brand: VinFast. Model: Feliz. Year: 2022. Odometer: 22000 km. No aftermarket mods.,VinFast,Feliz,2022.0,22000.0,False
1719,Honda Future fi 2020 detected; year 2020; mileage null; aftermarket mods not indicated.,Honda,Future fi,2020.0,,False
1720,VinFast Evo 200; year 2023; mileage 14000 km from odo; no mods.,VinFast,Evo 200,2023.0,14000.0,False
1721,Record lacks identifiable brand/model/year/mileage. No mods mentioned.,,,,,False
1722,VinFast Evo 200 present in title; year unknown; odo ~1400 km; no mods.,VinFast,Evo 200,,1400.0,False
1723,VC 2024; brand unknown; model VC; year 2024; mileage unknown.,,VC,2024.0,,False
1724,Title indicates VinFast Feliz electric motorcycle; no year or mileage mentioned.,VinFast,Feliz,,,False
1725,Title shows VINFAST FELIZ - 2026 and 50KM; year and mileage are explicit.,VinFast,Feliz,2026.0,50.0,False
1726,Title mentions Xmen Jeek; year 2026 appears in description but mileage not stated; brand not in standard list.,,Xmen Jeek,2026.0,,False
1727,FELIZ 2025 with 500km mileage is stated.,VinFast,Feliz,2025.0,500.0,False
1728,No year or mileage and no clear brand/model mentioned.,,,,,False
1734,Brand VinFast detected; model Feliz; year 2026; mileage 193 km; no aftermarket mods mentioned.,VinFast,Feliz,2026.0,193.0,False
1735,No clearly identified brand; model Rumo; year and mileage not specified.,,Rumo,,,False
1736,Brand VinFast; model FelizS; year 2025; mileage 9358 km (9358.7 rounded down).,VinFast,FelizS,2025.0,9358.0,False
1737,Brand VinFast; model Feliz; year 2025; mileage not specified.,VinFast,Feliz,2025.0,,False
1738,Brand Pega; model Vespa; used.,Pega,Vespa,,,False
1729,Listing mentions multiple Quantum variants with odo values; brand not explicitly stated; first variant shows Quantum S0 with 17000km.,,Quantum S0,,17000.0,False
1730,Electric Vespa described (Piaggio Vespa) but brand not in standardized list; model identified as Vespa.,,Vespa,,,False
1731,Listing offers an inexpensive generic electric motorbike with no clear brand or model details; mileage unknown.,,,,,False
1732,References Quantum S2 with mention of Odo35k (~35000km); brand not explicitly stated.,,Quantum S2,,35000.0,False
1733,VinFast Evo Grand 2025; mileage ~4000km; brand VinFast confirmed; model Evo Grand 2025.,VinFast,Evo Grand 2025,2025.0,4000.0,False
1739,Brand mapped to VinFast from Feliz; model Feliz; year 2026 extracted from title; mileage 0 as new; no aftermarket mods.,VinFast,Feliz,2026.0,0.0,False
1740,Brand mapped to VinFast from Feliz Neo; model Feliz Neo; year not stated; mileage 0 as new; no aftermarket mods.,VinFast,Feliz Neo,,0.0,False
1741,Brand not in the standard mapped list (Dylexe); model K1; year null; mileage null; no aftermarket mods.,,K1,,,False
1742,Brand unknown (local/Chinese domestic); model null; year null; mileage null; no aftermarket mods.,,,,,False
1744,Brand not in standard mapped list (TAKUMI); model VC Pro; year 2026; mileage null; no aftermarket mods.,,VC Pro,2026.0,,False
1745,"Brand VinFast; model Evo 200; year 2025 from 'sx2025'; mileage 19000 (odo 19k). Mentions upgrades/accessories (phuộc Vision, baga, yên kymdan hộc để đồ) suggesting aftermarket mods.",VinFast,Evo 200,2025.0,19000.0,True
1746,"Title/model Type 3 Pro; no explicit brand, year, or mileage mentioned.",,Type 3 Pro,,,True
1747,Brand VinFast; model Evo Grand; year 2025 (nhận xe tháng 10/2025); mileage ~7000 km.,VinFast,Evo Grand,2025.0,7000.0,False
1748,Brand VinFast; model Feliz; year 2025; mileage 300 km. Noted aftermarket modification: full wrap (dán keo 3 lớp).,VinFast,Feliz,2025.0,300.0,True
1749,Brand VinFast; model Vento Neo; mileage 6000 km; year not stated. Noted aftermarket modification: dàn áo wrap with color options.,VinFast,Vento Neo,,6000.0,True
1750,Brand: VinFast; Model: Viper Titan; Imputed Year: null; Imputed Mileage: null; Has aftermarket mods: false.,VinFast,Viper Titan,,,False
1751,Brand: unknown; Model: Bò lớn 20A; Imputed Year: null; Imputed Mileage: null; Has aftermarket mods: false.,,Bò lớn 20A,,,False
1752,Brand: VinFast; Model: Klara A1; Imputed Year: 2019; Imputed Mileage: null; Has aftermarket mods: false.,VinFast,Klara A1,2019.0,,False
1753,Brand: unknown; Model: Vespa; Imputed Year: null; Imputed Mileage: null; Has aftermarket mods: false.,,Vespa,,,False
1754,Brand: Pega; Model: Gen Z; Imputed Year: null; Imputed Mileage: null; Has aftermarket mods: false.,Pega,Gen Z,,,False
1755,"Brand detected: VinFast. Model inferred: Feliz (FelizS in title, treated as Feliz). Production year stated as 2023. Odometer mileage not mentioned; set to null. No explicit aftermarket mods mentioned.",VinFast,Feliz,2023.0,,False
1756,No explicit brand/model/year/mileage information in title/description; cannot extract definite values.,,,,,False
1757,Brand detected: VinFast. Model detected: Feliz. Production year stated as 2025. Mileage not mentioned; set to null.,VinFast,Feliz,2025.0,,False
1758,No identifying information about brand/model/year/mileage available in title/description.,,,,,False
1759,Brand detected: VinFast. Model detected: Feliz. Production year stated as 2022. Mileage not mentioned; set to null.,VinFast,Feliz,2022.0,,False
1766,Brand detected as VinFast; model Vero X. No year or mileage mentioned; no aftermarket mods indicated.,VinFast,Vero X,,,False
1767,Brand not in the standard mapping; model Neos; year 2025 explicitly mentioned; mileage 4600 km noted in description; no mods indicated.,,Neos,2025.0,4600.0,False
1768,Brand not specified; model V1; no year/mileage information.,,V1,,,False
1769,Brand mapped to Dat Bike from DK Bike; model EZ1; no year/mileage information.,Dat Bike,EZ1,,,False
1770,Brand mapped to Dat Bike from DK Bike; model V1; no year/mileage information.,Dat Bike,V1,,,False
1771,Brand not in standard list; model extracted as Vespa; no year or mileage mentioned; no aftermarket mods.,,Vespa,,,False
1772,Brand not in standard list; model extracted as JVC ZH; no year/mileage; no mods.,,JVC ZH,,,False
1773,"Dat Bike S2 identified; brand mapped to Dat Bike, model S2; no year/mileage; no mods.",Dat Bike,S2,,,False
1774,X-Men model; brand not in standard list; no year/mileage; no mods.,,X-Men,,,False
1775,V1 Plus model identified; brand not in standard list; new/stock status mentioned but not year/mileage; no mods.,,V1 Plus,,,False
1760,Brand VinFast detected; model Feliz; year 2025 mentioned; no mileage; no aftermarket mods.,VinFast,Feliz,2025.0,,False
1761,Brand not in standard list; model Gucci detected; year/mileage not mentioned; no mods.,,Gucci,,,False
1762,Brand not specified; model BEFORE ALL detected; year null; mileage null; no mods.,,BEFORE ALL,,,False
1763,Brand VinFast detected; model Evo 200; year 2025 mentioned; mileage null.,VinFast,Evo 200,2025.0,,False
1764,Brand Dibao detected; model Vespa; year null; mileage null; no mods.,Dibao,Vespa,,,False
1776,"Brand Yadea; model Velax H. No production year or mileage mentioned. Notable aftermarket components detected (ghép khiển, đèn trợ sáng, mạch Passing).",Yadea,Velax H,,,True
1777,"Brand Dibao; model Pansy S4. Odometer 8000 km. Battery was replaced (lắp bình mới 100%), indicating aftermarket modification.",Dibao,Pansy S4,,8000.0,True
1778,Brand unknown; description vague for model. No mileage or year specified. No clear aftermarket mods.,,,,,False
1779,Brand VinFast; model Vero X. Year mentioned as 2026 in title. Odometer 500 km. Noted accessory 'đồ chơi cho yên dài ra' indicating seat/ergonomic modification.,VinFast,Vero X,2026.0,500.0,True
1780,Brand VinFast; model EvoGrand. No year or mileage mentioned. No aftermarket modifications detected.,VinFast,EvoGrand,,,False
1781,Brand VinFast; model Vero X; mileage 1200 km; aftermarket mods: rear rack added; year: null.,VinFast,Vero X,,1200.0,True
1782,Brand not disclosed; model PromaX; no mileage or year stated; no aftermarket mods.,,PromaX,,,False
1783,"Brand VinFast; model Evo Lite Neo; new, no mileage/year stated; no aftermarket mods.",VinFast,Evo Lite Neo,,,False
1784,Brand not stated; model Lavia GX; year 2026; mileage not mentioned; no aftermarket mods.,,Lavia GX,2026.0,,False
1785,Brand VinFast; model Impes; mileage 16000 km; no aftermarket mods.,VinFast,Impes,,16000.0,False
1786,Brand: VinFast (standardized). Model: Impess. Imputed_year: null. Imputed_mileage_km: null. Has_aftermarket_mods: false.,VinFast,Impess,,,False
1787,Brand: not in standard list -> null. Model: Gogo Cross New. Imputed_year: 2026. Imputed_mileage_km: null. Has_aftermarket_mods: false.,,Gogo Cross New,2026.0,,False
1788,Brand: not in standard list -> null. Model: Milan II. Imputed_year: 2026. Imputed_mileage_km: null. Has_aftermarket_mods: false.,,Milan II,2026.0,,False
1789,Brand: not in standard list -> null. Model: Nispa Osakar. Imputed_year: 2026. Imputed_mileage_km: null. Has_aftermarket_mods: false.,,Nispa Osakar,2026.0,,False
1790,Brand: not in standard list -> null. Model: Vespa V3. Imputed_year: 2026. Imputed_mileage_km: null. Has_aftermarket_mods: false.,,Vespa V3,2026.0,,False
1796,"Brand inferred from model 'Feliz', commonly marketed by VinFast; no explicit year or mileage mentioned.",VinFast,Feliz,,,False
1797,Brand explicitly present as Dibao; model 'Gogo'; no mileage/year specified.,Dibao,Gogo,,,False
1798,Brand explicitly Dibao; model 'Vespa'; no mileage/year.,Dibao,Vespa,,,False
1800,Brand Honda; model Icone; description states an ODO of 2406 km; treat as mileage.,Honda,Icone,,2406.0,False
1801,Brand VinFast; model Impes; description notes used but no numeric mileage/year.,VinFast,Impes,,,False
1791,"Brand VinFast, model Vision, year 2026 inferred from title; mileage not mentioned; no aftermarket mods detected.",VinFast,Vision,2026.0,,False
1792,Listing mentions Feliz (and Evo200) by VinFast; select Feliz as primary model with year 2025; mileage not specified in main entry; no aftermarket mods.,VinFast,Feliz,2025.0,,False
1793,"Brand VinFast, model Vero X, registration year 2026; mileage 400 km mentioned; no aftermarket mods.",VinFast,Vero X,2026.0,400.0,False
1794,Brand unknown (Quantum S1); model Quantum S1; mileage 2000 km; no aftermarket mods.,,Quantum S1,,2000.0,False
1795,Brand unknown (Quantum S2); model Quantum S2; mileage 11353 km; no aftermarket mods.,,Quantum S2,,11353.0,False
1807,"No year or mileage mentioned. The title/model hints at 'Type3 Pro', but the brand is not in the standard mapping.",,Type3 Pro,,,False
1808,Year 2025 inferred from title. ODO ~3000 km stated as 'odo 3k'. Brand mapped to VinFast. Model extracted as 'Feliz Neo'. No aftermarket mods indicated.,VinFast,Feliz Neo,2025.0,3000.0,False
1809,No year or mileage mentioned. Title refers to model 'V1' with no brand in the standard set.,,V1,,,False
1810,No year or mileage mentioned. Describes 'Moka' as the model; no brand in the standard set.,,Moka,,,False
1811,Model stated as 'Vespa 946 v3'; brand not in the standard mapping; mileage/year not provided.,,Vespa 946 v3,,,False
1802,Year inferred from title as 2025. Brand not identifiable from information. Model inferred as 'Vc 2025'. Mileage not specified. No aftermarket mods indicated.,,Vc 2025,2025.0,,False
1803,Odo reading present: 1200km. Year inferred as 2025 from registration note. Brand not identifiable. Model inferred as 'Vento'. No aftermarket mods indicated.,,Vento,2025.0,1200.0,False
1804,Model inferred as 'K1'. No year or mileage information available. No aftermarket mods indicated.,,K1,,,False
1805,Brand identified as VinFast. Model identified as 'Evo Grand Lite'. No year or mileage information available. No aftermarket mods indicated.,VinFast,Evo Grand Lite,,,False
1806,Model inferred as 'Gogo'. No year or mileage information available. No aftermarket mods indicated.,,Gogo,,,False
1818,Brand not in standardized list; model inferred from title as 'Victoria'; no year/mileage; no aftermarket mods.,,Victoria,,,False
1819,VinFast Feliz II detected; model set to 'Feliz II'; no year/mileage; new with seal; no aftermarket mods.,VinFast,Feliz II,,,False
1820,Detected Yadea Ossy model from title; brand Yadea; no year/mileage; no mods.,Yadea,Ossy,,,False
1821,No brand or model explicitly stated; fields remain null.,,,,,False
1822,Model detected as 'GR55'; brand not provided/recognized; no year/mileage; no mods.,,GR55,,,False
1812,"Model detected: Evo 200. Year identified as 2025. Odometer read as 15,000 km. Brand not stated in listing.",,Evo 200,2025.0,15000.0,False
1813,"Brand identified: Dat Bike. Model identified: Quantum. Year identified: 2024. Odometer not explicitly numeric in description (listed as < 11,000 km), so mileage is set to null.",Dat Bike,Quantum,2024.0,,False
1815,Brand not specified. Model identified: Kaiser Vario. Year and mileage not mentioned.,,Kaiser Vario,,,False
1816,"Brand identified: Yadea. Model identified: Voltguard. Year identified: 2023. Odometer read as 14,000 km.",Yadea,Voltguard,2023.0,14000.0,False
1817,Brand not specified. Model identified: J203S. Year and mileage not mentioned.,,J203S,,,False
1823,VinFast EVO GRAND listed; no year/mileage mentioned; no aftermarket mods detected.,VinFast,EVO GRAND,,,False
1824,VinFast Evogrand listed; no year/mileage mentioned; no aftermarket mods detected.,VinFast,Evogrand,,,False
1825,Yadea X5 2021; year stated; no mileage mentioned; no aftermarket mods detected.,Yadea,X5,2021.0,,False
1826,VinFast Evo; battery swap/replace mentioned; no year/mileage mentioned; no aftermarket mods detected.,VinFast,Evo,,,False
1827,VinFast Evo Grand Lite listed; no year/mileage mentioned; no aftermarket mods detected.,VinFast,Evo Grand Lite,,,False
1833,Brand not identifiable; model Sonia; no year/mileage mentioned; no mods.,,Sonia,,,False
1834,"Honda Future Fi, year 2024, odo 4600km; financing available; no mods.",Honda,Future Fi,2024.0,4600.0,False
1835,Listing contains multiple bikes; extracted first item VinFast Vero X (2026) with 400km.,VinFast,Vero X,2026.0,400.0,False
1836,VinFast Klara S; year and mileage not specified; no mods.,VinFast,Klara S,,,False
1837,No brand or model specified; only color mentioned; features set to null where applicable.,,,,,False
1828,Brand VinFast detected; model parsed as EVO LITE GRAND; no year or mileage mentioned; no aftermarket mods identified.,VinFast,EVO LITE GRAND,,,False
1829,Brand not in allowed list; model set to Vespa DK bike; no year/mileage mentioned; no mods.,,Vespa DK bike,,,False
1830,Brand not in allowed list; model set to Vespa đèn vuông; no year/mileage mentioned; no mods.,,Vespa đèn vuông,,,False
1831,Brand VinFast detected; model parsed as Feliz II; no year/mileage mentioned; no mods.,VinFast,Feliz II,,,False
1832,Brand VinFast detected; model parsed as Impe; ODO mileage 1706 km mentioned (approximate first decimal dropped); no year; no mods.,VinFast,Impe,,1706.0,False
1838,Brand not in standard list (unknown DK Bike). Model V1. Year 2025 extracted from title. Mileage 3000 km. No documented aftermarket mods.,,V1,2025.0,3000.0,False
1839,Brand Yadea. Model Oris. Mileage ~100 km. Year not mentioned.,Yadea,Oris,,100.0,False
1840,Brand VinFast. Model Evo Grand Lite. Year/mileage not specified.,VinFast,Evo Grand Lite,,,False
1841,Brand not in standard list. Model Milan. Year/mileage unknown.,,Milan,,,False
1842,Brand not in standard list. Model Milan II. Year/mileage unknown.,,Milan II,,,False
1843,Detected VinFast brand; model Evo Max; year not specified in title/desc; mileage not provided; no aftermarket mods inferred.,VinFast,Evo Max,,,False
1844,Year 2025 mentioned; model Evo200; brand VinFast; no mileage; no mods.,VinFast,Evo200,2025.0,,False
1845,Year 2024 mentioned; model Evo200; brand VinFast; odometer 10000+ mentioned; set mileage to 10000.,VinFast,Evo200,2024.0,10000.0,False
1846,Year 2024 mentioned; model Evo200; brand VinFast; mileage not specified.,VinFast,Evo200,2024.0,,False
1847,Listing mentions Quantum S1 with several units; includes aftermarket modification (upgraded suspension). Brand not identifiable; model set to Quantum S1.,,Quantum S1,,,True
1848,Brand: Dat Bike; Model: S1; Imputed Year: 2025; Imputed Mileage Km: 6000; Has Aftermarket Mods: false.,Dat Bike,S1,2025.0,6000.0,False
1849,Brand: Dat Bike; Model: S1; Imputed Year: null; Imputed Mileage Km: 10000; Has Aftermarket Mods: false.,Dat Bike,S1,,10000.0,False
1850,Brand: VinFast; Model: Feliz; Imputed Year: 2026; Imputed Mileage Km: null; Has Aftermarket Mods: false.,VinFast,Feliz,2026.0,,False
1851,Brand: VinFast; Model: Feliz S; Imputed Year: 2023; Imputed Mileage Km: 25000; Has Aftermarket Mods: false.,VinFast,Feliz S,2023.0,25000.0,False
1852,Brand: not mapped (null); Model: Xmen; Imputed Year: null; Imputed Mileage Km: null; Has Aftermarket Mods: false.,,Xmen,,,False
1853,Detected VinFast brand and Evo200 model from title. No year or mileage stated; no aftermarket mods mentioned.,VinFast,Evo200,,,False
1854,"Detected VinFast brand with Evo Lite Neo model. Production year 2025 stated as sx2025; mileage around 3,000 km (explicit 3.000 km). No aftermarket mods mentioned.",VinFast,Evo Lite Neo,2025.0,3000.0,False
1855,Detected 'BeforeAll SH' in title; brand not in standard list so set brand null. Model inferred as 'BeforeAll SH'. No year or mileage stated. No mods mentioned.,,BeforeAll SH,,,False
1856,Detected VinFast Feliz 2025; mileage around 50 km; full accessories mentioned; no explicit aftermarket modifications.,VinFast,Feliz 2025,2025.0,50.0,False
1857,Used electric motorcycle; no year or mileage specified; brand and model not stated.,,,,,False
1858,Brand not in standard list; model inferred as 'Lihaze z5'; no mileage or year mentioned; no explicit aftermarket mods.,,Lihaze z5,,,False
1859,Giant is a standard brand; model extracted as 'm133 plus'; no mileage/year info; no aftermarket mods mentioned.,Giant,m133 plus,,,False
1860,Brand 'Dat Bike' is standard; model 'Quantum'; mileage present as 797 km (ODO). Year and mods unknown.,Dat Bike,Quantum,,797.0,False
1861,Brand not in standard list; model 'Nio S'; mileage mentioned as 'đi 80km' implying 80 km usage; year unknown.,,Nio S,,80.0,False
1862,Brand not in standard list; model 'Hugo S3'; no mileage/year or mods mentioned.,,Hugo S3,,,False
1863,No explicit brand/model/year/mileage; only Vespa referenced by color and availability of installments; no aftermarket mods mentioned.,,,,,False
1864,Brand: Dibao; Model: PansyS; no year/mileage; no aftermarket mods.,Dibao,PansyS,,,False
1865,No brand/model/year/mileage information available; all features null; no aftermarket mods mentioned.,,,,,False
1866,"Title mentions Yamaha, which is not in the allowed standard brands list; brand set to null; model unknown.",,,,,False
1867,Vintage Solex 3800 with year 1966 mentioned; model set to Solex 3800; brand unknown; no aftermarket mods.,,Solex 3800,1966.0,,False
1879,Brand: VinFast; Model: Klara A1; Imputed mileage_km: 45; Imputed year: null; Has aftermarket mods: false,VinFast,Klara A1,,45.0,False
1880,Brand: Dibao; Model: Tesla SD; Imputed mileage_km: null; Imputed year: null; Has aftermarket mods: false,Dibao,Tesla SD,,,False
1881,Brand: VinFast; Model: Impes; Imputed mileage_km: null; Imputed year: null; Has aftermarket mods: false,VinFast,Impes,,,False
1882,Brand: VinFast; Model: Impes; Imputed mileage_km: null; Imputed year: null; Has aftermarket mods: false,VinFast,Impes,,,False
1883,Brand: Unknown; Model: V1; Imputed mileage_km: null; Imputed year: null; Has aftermarket mods: false,,V1,,,False
1868,Brand not in standard list; model parsed as 'XMEN F1'; year and mileage not provided; aftermarket mods not indicated.,,XMEN F1,,,False
1869,Brand not in standard list; model parsed as 'Weaver 200'; year and mileage not provided; no aftermarket mods indicated.,,Weaver 200,,,False
1870,Brand not in standard list; model parsed as 'Vespa 946'; year and mileage not provided; no aftermarket mods indicated.,,Vespa 946,,,False
1871,Brand not in standard list; model parsed as 'VEROX'; mileage mentioned as 600 km; year not provided; no aftermarket mods indicated.,,VEROX,,600.0,False
1872,Brand recognized as 'Yadea' (in standard list); model parsed as 'Ocean'; year and mileage not provided; no aftermarket mods indicated.,Yadea,Ocean,,,False
1873,No explicit year or mileage in title/desc. Brand not in standard list; model inferred as Xmen. No aftermarket mods mentioned.,,Xmen,,,False
1874,Two Quantum S1 electric motorcycles listed. Mileage 6500 km. At least one unit upgraded with YSS suspension (aftermarket modification). Brand not in standard list; model is Quantum S1.,,Quantum S1,,6500.0,True
1875,Vespa-branded electric scooter; brand not in standard list; model inferred as Vespa. No mileage/year mentioned; no aftermarket mods.,,Vespa,,,False
1877,Mentions FelizS model with 2025; year 2025 implied; mileage not mentioned; no aftermarket mods indicated.,,FelizS,2025.0,,False
1878,Quantum S1 white; mileage 1000 km mentioned; wrap decals noted (aftermarket modification). Brand not in standard list; model Quantum S1.,,Quantum S1,,1000.0,True
1884,VinFast Evo200 identified from title; mileage 4670 km extracted from description; no aftermarket mods mentioned.,VinFast,Evo200,,4670.0,False
1885,Brand Vespa not in the standard brand mapping; unable to determine a standardized brand/model from the description.,,,,,False
1886,VinFast Viper identified from title; no mileage or year information provided; no aftermarket mods mentioned.,VinFast,Viper,,,False
1887,VinFast Amio identified; mileage 60 km per full charge mentioned in description; no aftermarket mods mentioned.,VinFast,Amio,,60.0,False
1888,No brand/model/mileage/year information provided in title/description; no aftermarket mods mentioned.,,,,,False
1899,Brand identified: VinFast. Model identified: Evogand. No year or mileage information found. No aftermarket mods mentioned.,VinFast,Evogand,,,False
1900,Brand identified: Pega. Model not specified in the listing. No year or mileage information found. No aftermarket mods mentioned.,Pega,,,,False
1901,Brand identified: Dibao. Model identified: GoGo. No year or mileage information found. No aftermarket mods mentioned.,Dibao,GoGo,,,False
1902,Brand identified: Dibao. Model identified: EvoGrand. No year or mileage information found. No aftermarket mods mentioned.,Dibao,EvoGrand,,,False
1904,Brand not in standard list. Model identified: Lavia 2026. Year inferred as 2026 from the model/year string. No mileage information found. No aftermarket mods mentioned.,,Lavia 2026,2026.0,,False
1889,Detected brand VinFast; model Evo Grand; year: null; mileage: null; mods: false.,VinFast,EVO Grand,,,False
1890,Detected brand VinFast; no explicit model; year: null; mileage: null; mods: false.,VinFast,,,,False
1891,Brand not in the standard list; set brand to null; model inferred as Vespa; year: null; mileage: null; mods: false.,,Vespa,,,False
1892,Brand not in the standard list; set brand to null; model inferred as Vespa; year: null; mileage: null; mods: false.,,Vespa,,,False
1893,Detected brand VinFast; model Evo200 Lite; ODO mileage 20000 km; year: null; mods: false.,VinFast,Evo200 Lite,,20000.0,False
1894,No brand/model/year or mileage mentioned in title/desc. No aftermarket mods explicitly stated; assumed stock.,,,,,False
1895,Brand: Yadea; model: Volguad P. Year inferred as 2025 from 'lướt 8/2025'. Mileage: 5557 km from 'odo 5.557km'. No explicit aftermarket mods.,Yadea,Volguad P,2025.0,5557.0,False
1896,Brand not identifiable in title/desc; model deduced as JVCEco. No year or mileage mentioned.,,JVCEco,,,False
1897,Brand: VinFast; model: Feliz. Year 2025 indicated by Feliz2025. Mileage: 5000 km from 'odo: 5.000km'. No explicit aftermarket mods.,VinFast,Feliz,2025.0,5000.0,False
1898,Brand/model not stated; no year or mileage mentioned.,,,,,False
1905,Brand not in standard list; model appears as 'Lavia SX'; year 2026 mentioned; mileage not specified; aftermarket mods not evident.,,Lavia SX,2026.0,,False
1906,"Model inferred as 'Evo200'; year 2025 indicated; no explicit mileage; mentions several aftermarket accessories (front basket, extended rear, Vespa-style body, colored screws) suggesting mods.",,Evo200,2025.0,,True
1907,Model inferred as 'X-Men Hunter'; brand not identifiable from text; year and mileage not stated; no mods mentioned.,,X-Men Hunter,,,False
1908,Brand identified as VinFast; model 'Flazz'; year and mileage not stated beyond 'new 100%'; no mods mentioned.,VinFast,Flazz,,,False
1909,"Model inferred as 'Quantum S1'; brand not listed in standard set; mileage mentioned as 10,000 km; year not stated; no mods mentioned.",,Quantum S1,,10000.0,False
1910,Brand detected as VinFast. Model detected as EVO LiTE NEO. Imputed Year 2025 from title. Imputed Mileage Km null (not specified). Has Aftermarket Mods false (no owner-added mods mentioned).,VinFast,EVO LiTE NEO,2025.0,,False
1911,"Brand detected as VinFast. Model detected as EVO LiTE NEO. Imputed Year 2025 from title. Mileage not exactly specified (desc says >2000 km, exact value not provided). Imputed Mileage Km null. Has Aftermarket Mods false (no owner-added mods mentioned).",VinFast,EVO LiTE NEO,2025.0,,False
1912,Brand detected as Dibao. Model detected as Neo. Year not mentioned. Mileage not mentioned. Has Aftermarket Mods false (no owner-added mods mentioned).,Dibao,Neo,,,False
1913,Brand detected as VinFast. Model detected as Evo200. Imputed Year 2024 from title. ODO indicates ~10000 km (OdO 10 ngàn hơn). Has Aftermarket Mods false (no owner-added mods explicitly mentioned).,VinFast,Evo200,2024.0,10000.0,False
1914,Brand detected as Dat Bike. Model detected as S2. Imputed Year 2025 from title. Mileage not mentioned. Has Aftermarket Mods false (no owner-added mods mentioned).,Dat Bike,S2,2025.0,,False
1915,"Brand Yadea, model G5. Odo 500km. No aftermarket mods mentioned. Year not stated.",Yadea,G5,,500.0,False
1916,"Brand VinFast, model Feliz. Year 2025 mentioned; Odo 11000km. Notes indicate fork upgrade (X1R), which is aftermarket.",VinFast,Feliz,2025.0,11000.0,True
1917,"Brand VinFast, model Feliz. Year 2025 mentioned; Odo 10000km. Fork upgrade (X1R) noted; aftermarket mods.",VinFast,Feliz,2025.0,10000.0,True
1918,"Model Xmen; brand not in standard list, so brand is null. Mileage/year not provided; no mods mentioned.",,Xmen,,,False
1919,"Brand VinFast, model Feliz S. Odo 69000km. No aftermarket mods mentioned; year not stated.",VinFast,Feliz S,,69000.0,False
1920,No brand mentioned; model inferred as K1 from the title. No year or mileage specified.,,K1,,,True
1921,"Vespa with large battery mentioned; brand not in allowed list, so brand left null; model inferred as Vespa with 5 large batteries.",,Vespa 5 Bình Lớn,,,True
1922,Year 2022 and mileage ~4500 km mentioned; model Osakar Nispa SV; brand not in allowed list.,,Osakar Nispa SV,2022.0,4500.0,True
1923,VinFast Klara S2 mentioned; brand VinFast recognized; year/mileage not provided.,VinFast,Klara S2,,,True
1924,Three-wheel electric vehicle; no brand or mileage/year specified.,,Xe điện 3 bánh,,,True
1925,Brand: unknown; Model: Roma; Year: null; Mileage: null; No aftermarket modifications mentioned.,,Roma,,,False
1926,Brand: VinFast; Model: Evolite Neo; Year: 2026; Mileage: null; No aftermarket modifications mentioned.,VinFast,Evolite Neo,2026.0,,False
1927,Brand: unknown; Model: Vespa; Year: null; Mileage: null; No aftermarket modifications mentioned.,,Vespa,,,False
1928,Brand: Honda; Model: Zoomer.x; Year: null; Mileage: null; No aftermarket modifications mentioned.,Honda,Zoomer.x,,,False
1929,Brand: VinFast; Model: Klara S; Year: null; Mileage: null; No aftermarket modifications mentioned.,VinFast,Klara S,,,False
1935,No brand or model mentioned. Electric scooter/bike noted; battery replaced; 40 km per charge; no aftermarket mods indicated. Mileage/year not provided.,,,,,False
1936,Listed Kazuki Vision S with year 2026; brand not in standard list; model likely 'Vision S'; no odometer/mileage provided; no mods mentioned.,,Vision S,2026.0,,False
1937,"VinFast Evo200; features include BSTP Chính Chủ, upg to include Baga (luggage rack) and Khung Bao Ve (frame protection); ODO 16K.",VinFast,Evo200,,16000.0,True
1938,VinFast Evo 200; standard features listed; no aftermarket modifications mentioned; no year or mileage provided.,VinFast,Evo200,,,False
1939,Non-electric two-wheeler (likely bicycle) based on description; no brand/model provided; price listed.,,,,,False
1945,Brand not in standard list; model set to 'Dior'; year and mileage not mentioned; aftermarket mods not mentioned.,,Dior,,,False
1946,Brand detected as VinFast; model Klara S2; year 2024 mentioned; mileage around 900 km; no aftermarket mods mentioned.,VinFast,Klara S2,2024.0,900.0,False
1947,Brand not in standard list; model Lavia; year 2026 mentioned; mileage not provided; no aftermarket mods mentioned.,,Lavia,2026.0,,False
1948,Brand not in standard list; model V1 Plus; year and mileage not specified; no aftermarket mods mentioned.,,V1 Plus,,,False
1949,Brand not in standard list; model Evo200 Lite; year and mileage not specified; no aftermarket mods mentioned.,,Evo200 Lite,,,False
1930,brand: Yadea; model: Ova; imputed_year: 2026; imputed_mileage_km: 100; has_aftermarket_mods: false,Yadea,Ova,2026.0,100.0,False
1931,brand not in allowed list; no year or mileage specified; no mods mentioned,,,,,False
1932,brand: VinFast; model: EvoMax; imputed_year: 2026; imputed_mileage_km: 20000; mods: false,VinFast,EvoMax,2026.0,20000.0,False
1933,brand not clearly identifiable in allowed list; model: Vespa (if listed); year: null; mileage: null,,Vespa,,,False
1934,brand: Yadea; model: Odora S2; imputed_year: null; imputed_mileage_km: 200; mods: false,Yadea,Odora S2,,200.0,False
1940,Brand: null (not in the standard brand list). Model: 'Hugo Vespa 2026' captured from title. Imputed year: 2026. Mileage: null (not mentioned). Has aftermarket mods: false.,,Hugo Vespa 2026,2026.0,,False
1941,Brand: null (DK EZ1 mentioned as model/brand but not in allowed list). Model: 'DK EZ1'. Imputed year: 2025. Mileage: null. Aftermarket mods: true (describes battery upgrade 'độ lên Pin').,,DK EZ1,2025.0,,True
1942,Brand: null; Model: 'Vespa'; Year: null; Mileage: null; No mods mentioned.,,Vespa,,,False
1943,Brand: VinFast (VinFast is in standard brand list). Model: 'Klara A2'. Year: null. Mileage: null. Aftermarket mods: true (mentions 'độ lại pin').,VinFast,Klara A2,,,True
1944,Brand: VinFast (Vinfast warranty mentioned). Model: 'EvoGand 2026'. Year: 2026. Mileage: 139 km. Aftermarket mods: true (cosmetic/aftermarket fittings described).,VinFast,EvoGand 2026,2026.0,139.0,True
1950,Brand not in standard list; inferred model from title as 'Dior 946'. Year and mileage not mentioned. No aftermarket mods detected.,,Dior 946,,,False
1951,Brand identified as Yadea; model extracted as 'X-Sky'; no year or mileage mentioned; no aftermarket mods.,Yadea,X-Sky,,,False
1952,Listing contains VinFast vehicles; extracted VinFast Vero X with year 2026 and odometer 3800 km from the description.,VinFast,Vero X,2026.0,3800.0,False
1953,Brand VinFast; model Vero X; year/mileage not specified; no aftermarket mods.,VinFast,Vero X,,,False
1954,No brand or model specified; year/mileage not mentioned; no aftermarket mods.,,,,,False
1960,Brand: VinFast; Model: Vento Neo; Year: 2025; Mileage: 2600 km; No clear aftermarket mods detected.,VinFast,Vento Neo,2025.0,2600.0,False
1961,Brand not identifiable in standard list; Model: Lightfox; Year: null; Mileage: 2000 km; No aftermarket mods clearly listed.,,Lightfox,,2000.0,False
1962,Brand: VinFast; Model: Feliz S; Year: 2025; Mileage: null; Dàn áo dán keo full xe indicates aftermarket decals; Mods: true.,VinFast,Feliz S,2025.0,,True
1963,Brand: VinFast; Model: Evo200; Year: 2025; Mileage: null; Dàn áo keng ko trầy and colorful Oốc tán indicate modifications; Mods: true.,VinFast,Evo200,2025.0,,True
1964,Brand: VinFast; Model: Feliz; Year: null; Mileage: 63000 km; No explicit owner-added mods listed.,VinFast,Feliz,,63000.0,False
1965,Brand not stated; model inferred as Filez2 from title; no year or mileage mentioned; no aftermarket mods evident.,,Filez2,,,False
1966,"Brand identified as Yadea; model M6i; mileage mentioned as 20,000 km; no year stated; no aftermarket mods.",Yadea,M6i,,20000.0,False
1967,"Brand identified as VinFast; model Evo Grand; mileage ~10,000 km; year inferred from 'date2025' tag; no aftermarket mods.",VinFast,Evo Grand,2025.0,10000.0,False
1968,Brand and model not stated; no year or mileage detected; no aftermarket mods.,,,,,False
1969,Model appears as EVO in title; brand not specified; no year or mileage; no aftermarket mods.,,EVO,,,False
1955,"Mention of Vespa; brand not in allowed list (Piaggio not mapped). Model: Vespa. No year, mileage, or mods detected.",,Vespa,,,False
1956,"No explicit brand, model, year, mileage, or aftermarket modifications detected in title/desc.",,,,,False
1957,"Model detected: Quantum S2. ODO/mileage mentioned as 10,000 km. No year or mods indicated.",,Quantum S2,,10000.0,False
1958,"Brand inferred as VinFast from Feliz-series; model: Feliz 2025 Lite; year mentioned as 2025; aftermarket modifications listed (e.g., 2 Pin, mudguards, etc.).",VinFast,Feliz 2025 Lite,2025.0,,True
1959,Brand inferred as VinFast from Feliz S; model: Feliz S; no mileage or year mentioned; no mods.,VinFast,Feliz S,,,False
1970,Brand: VinFast; Model: Feliz; Imputed Year: null; Imputed Mileage Km: 25000; Has Aftermarket Mods: null.,VinFast,Feliz,,25000.0,True
1971,Brand: VinFast; Model: Evo200; Imputed Year: 2025; Imputed Mileage Km: null; Has Aftermarket Mods: null.,VinFast,Evo200,2025.0,,False
1972,Brand: VinFast; Model: Feliz; Imputed Year: 2025; Imputed Mileage Km: null; Has Aftermarket Mods: null.,VinFast,Feliz,2025.0,,False
1973,No explicit brand or model detected from title/desc.,,,,,False
1974,Brand: Yadea; Model: XMen; Imputed Year: null; Imputed Mileage Km: null; Has Aftermarket Mods: null.,Yadea,XMen,,,False
1975,Brand not in standard list; no year or mileage mentioned; model inferred as 'Supo C'.,,Supo C,,,False
1976,Brand not in standard list; model inferred as 'Xmen'.,,Xmen,,,False
1977,Year 2023 present in title; model inferred as 'Mantisbike'.,,Mantisbike,2023.0,,False
1978,Model inferred as 'DK V1'; no year or mileage mentioned; brand not mapped to standard list.,,DK V1,,,False
1979,Vespa mentioned; no year or mileage; brand not mapped to standard list.,,Vespa,,,False
1980,Brand detected: VinFast. Model: EVO Grand Lite. Year mentioned: 2026. Mileage not specified. No aftermarket mods mentioned.,VinFast,EVO Grand Lite,2026.0,,False
1981,"Brand not specified. Model inferred from title: Zevo. No year, mileage, or mods mentioned.",,Zevo,,,False
1982,Year mentioned: 2025. Brand not specified. Model inferred as VC 2025.,,VC 2025,2025.0,,False
1983,"Brand detected: VinFast. Model: EVO 200 Lite. No year, mileage, or mods mentioned.",VinFast,EVO 200 Lite,,,False
1984,"Model inferred from title: Z3. Brand not specified. No year, mileage, or mods mentioned.",,Z3,,,False
1985,Brand identified as Yadea; model inferred as V1 Plus; production year detected as 2025; no mileage mentioned; no explicit aftermarket mods stated.,Yadea,V1 Plus,2025.0,,False
1986,Brand Vespa is not in the standard brand list; no year or mileage mentioned; no mods indicated.,,,,,False
1987,Year 2025 present; odometer shows 1k (1000 km); model inferred from title as EvoNeo (Metro EvoNeo); brand not clearly stated.,,Metro EvoNeo,2025.0,1000.0,False
1988,Brand identified as Yadea; model inferred as Ocean; no year or mileage mentioned; no mods indicated.,Yadea,Ocean,,,False
1989,Description includes 'đã độ' indicating aftermarket modification.,,,,,True
1990,No year or mileage mentioned; brand not deducible from title; model inferred as Vespa Zin.,,Vespa Zin,,,False
1991,No year or mileage; model inferred as Xmen; brand not deducible.,,Xmen,,,False
1992,No year or mileage; model inferred as Xmen Neo; brand not deducible.,,Xmen Neo,,,False
1993,Contains 'đk 2024' indicating year 2024; model Evo200; brand not deducible.,,Evo200,2024.0,,False
1994,No year or mileage; model inferred as Cute; brand not deducible.,,Cute,,,False
1995,Brand: VinFast. Model: Motio. Imputed year: 2025 (from title). Mileage: null. Aftermarket mods: null.,VinFast,Motio,2025.0,,True
1996,Brand: VinFast. Model: Vero X. Imputed year: 2025. Mileage: 3800 km (ODO 3.800km). Aftermarket mods: null.,VinFast,Vero X,2025.0,3800.0,True
1997,Brand: VinFast. Model: Evo Grand Lite. Imputed year: 2026. Mileage: null. Mods: null.,VinFast,Evo Grand Lite,2026.0,,True
1998,Brand: VinFast. Model: Evo Grand. Imputed year: 2026. Mileage: null. Mods: null.,VinFast,Evo Grand,2026.0,,True
1999,Brand: unknown ( Vespa not in allowed list). Model: Vespa 946. Imputed year: null. Mileage: null. Mods: null.,,Vespa 946,,,True
2000,Brand: VinFast; Model: Felis; Year: null; Mileage: null; Aftermarket mods: false.,VinFast,Felis,,,False
2001,Brand: VinFast; Model: Feliz; Year: 2025; Mileage: 200 km; Aftermarket mods: false.,VinFast,Feliz,2025.0,200.0,False
2002,Brand: Yadea; Model: Orla; Year: 2025; Mileage: null; Aftermarket mods: false.,Yadea,Orla,2025.0,,False
2003,Brand: Dibao; Model: Vespa; Year: null; Mileage: null; Aftermarket mods: false.,Dibao,Vespa,,,False
2004,Brand: VinFast; Model: Feliz S; Year: 2024; Mileage: 7000; Aftermarket mods: false.,VinFast,Feliz S,2024.0,7000.0,False
2005,Vespa Dior 946 electric scooter identified; mileage mentioned as 200 km; year not specified; brand Vespa not in standard mapping; model set to 'Dior 946'; aftermarket mods not indicated.,,Dior 946,,200.0,False
2006,No production year or mileage stated; only mention is color and 7 months ownership; no mod indications.,,,,,False
2007,Three-wheel e-bike from brand 'LIXI' appears; mileage stated as 198 km; no year or aftermarket mods mentioned.,,LIXI,,198.0,False
2008,Kumatsu Xmen 2025; mileage 8298 km; year 2025 inferred from text; brand not in standard mapping; model 'Xmen'.,,Xmen,2025.0,8298.0,False
2009,Vespa 2021; used condition indicated with '2021'; mileage not specified; brand not in standard mapping; model 'Vespa'.,,Vespa,2021.0,,False
2015,No explicit year or mileage found; model inferred from title as K1. Brand unknown.,,K1,,,False
2016,Mentions Detech but no year or mileage; no mods described.,,Detech,,,False
2017,No year or mileage; color white mentioned; no brand or model identified.,,,,,False
2018,"Explicit details: ODO 24,500km; Năm đăng ký 2022; VinFast Feliz listed.",VinFast,Feliz,2022.0,24500.0,False
2019,"ODO 31,500km; Năm đăng ký 2024; VinFast Feliz S with original battery.",VinFast,Feliz S,2024.0,31500.0,False
2020,"Brand detected: VinFast. Model: Impes Xanh. No production year, mileage, or aftermarket mods mentioned.",VinFast,Impes Xanh,,,False
2021,Brand inferred: Dat Bike from FelizNeo 2026 model. Year 2026 mentioned in title; no mileage or aftermarket mods mentioned.,Dat Bike,FelizNeo 2026,2026.0,,False
2022,Brand: VinFast. Model: Vero X. No year or mileage or mods mentioned.,VinFast,Vero X,,,False
2023,Brand unknown. Model: Type 3 Pro. No year or mileage or mods mentioned.,,Type 3 Pro,,,False
2024,"Brand unknown. Model: JVC. No year or mileage or mods mentioned; range specified (60-70km) refers to distance per charge, not odometer.",,JVC,,,False
2010,Year parsed: 2026 from title; model identified as V1; brand not stated (null); imputed_mileage_km set to 60 (approximate distance covered); aftermarket_mods true due to added 'cốp xe' (trunk).,,V1,2026.0,60.0,True
2011,Model identified as 133x; brand not stated (null); aftermarket mods present as 'được độ sẵn'; year and mileage not mentioned (null).,,133x,,,True
2012,Model Klara with brand inferred as Pega; year 2019; range per charge 45-50 km noted but odometer mileage not provided (null); no aftermarket mods indicated.,Pega,Klara,2019.0,,False
2013,3-wheeled electric vehicle; model inferred as SUPER; brand and year/mileage not mentioned (null); no aftermarket mods indicated.,,SUPER,,,False
2014,Sporty electric; brand and model not stated; wheel specification noted but no explicit brand/model; year/mileage not mentioned; no aftermarket mods.,,,,,False
2030,Year inferred: 2025 from title. Model: MilanII. Brand not identifiable from standard list. Mileage not mentioned. No aftermarket mods detected.,,MilanII,2025.0,,False
2031,"Brand not in standard list. Model: Nam Hong. Year, mileage, and mods not mentioned.",,Nam Hong,,,False
2033,Brand: VinFast. Model: evogrand. Year: 2026 from production year. Mileage: not provided. Mods: not mentioned.,VinFast,evogrand,2026.0,,False
2034,Brand: VinFast. Model: Feliz. Year: not stated. Mileage: not stated. Battery replacement noted but not treated as aftermarket mods.,VinFast,Feliz,,,False
2035,"Brand not in standard list. Model: Vespa Deor. Year, mileage, and mods not mentioned.",,Vespa Deor,,,False
2025,Detected model Lavia; brand mapped to VinFast; year 2026 mentioned in title; mileage not mentioned; no aftermarket mods detected.,VinFast,Lavia,2026.0,,False
2026,Detected model Lavia; brand VinFast; year 2026 mentioned in title; mileage not mentioned; no mods.,VinFast,Lavia,2026.0,,False
2027,Detected model Xmen; brand not identifiable from text; no mileage/year/mods mentioned.,,Xmen,,,False
2028,Detected brand Pega; model GOGO-S; year 2022 mentioned in title; mileage 'ODO: hơn 4.000km' indicates about 4000km; no aftermarket mods.,Pega,GOGO-S,2022.0,4000.0,False
2029,Detected brand VinFast; model Feliz; year 2026 mentioned in title; mileage not mentioned; no aftermarket mods.,VinFast,Feliz,2026.0,,False
2036,Dat Bike brand detected with S3 model. Title mentions 2025 production year and odo ~800 km. No aftermarket mods inferred.,Dat Bike,S3,2025.0,800.0,False
2037,"Vespa LX150 mentioned; brand not in the standardized list, so brand is null. No year or mileage stated. No mods indicated.",,Vespa LX150,,,False
2038,"Bán xe điện như hình provides no specific data on brand, model, year, or mileage.",,,,,False
2039,Vento Neo identified; odo ~9300 km. Description notes disc brakes and rack installation (mods).,,Vento Neo,,9300.0,True
2040,"Uy Vũ S1 mentioned; brand cannot be mapped to the standardized list, model extracted as S1. No year/mileage data.",,S1,,,False
2041,Model inferred from title as Xmen Z3; brand not stated; no mileage or production year mentioned; no aftermarket mods indicated.,,Xmen Z3,,,False
2042,No brand/model or mileage/year mentioned; no mods indicated.,,,,,False
2043,Brand VinFast detected; model Feliz Neo; mileage 13858 km mentioned; no production year stated; no mods evidenced.,VinFast,Feliz Neo,,13858.0,False
2045,Model T71 suggested from title; mileage 5000 km (Odo 5.000km) mentioned; no production year stated; brand not specified.,,T71,,5000.0,False
2046,Brand VinFast detected; model Evo Grand Lite; no mileage or year stated; no mods indicated.,VinFast,Evo Grand Lite,,,False
2052,VinFast brand detected; model Impes; no explicit ODO mileage mentioned; no aftermarket mods indicated; year not stated.,VinFast,Impes,,,False
2053,VinFast brand detected; model Motio; ODO stated as 400km; no aftermarket mods indicated; year not stated.,VinFast,Motio,,400.0,False
2054,Brand not in the standard list; model Vespa provided; no year or mileage information; no aftermarket mods indicated.,,Vespa,,,False
2055,No brand or model information provided; no year or mileage information.,,,,,False
2056,Year 2023 mentioned in title; no brand/model identified; no mileage information.,,,2023.0,,False
2047,Brand: unknown; Model inferred as Xmen; Year: null; Mileage: null; No aftermarket mods detected.,,Xmen,,,False
2048,Model identified as V1 Plus; Brand: unknown; Year: null; Mileage: null; No aftermarket mods detected.,,V1 Plus,,,False
2049,Brand: VinFast; Model: Feliz Neo; Year: 2025; Mileage: 11000 km; No aftermarket mods detected.,VinFast,Feliz Neo,2025.0,11000.0,False
2050,Brand: VinFast; Model: EvoNeo; Year: 2026; Mileage: 5000 km; No aftermarket mods detected.,VinFast,EvoNeo,2026.0,5000.0,False
2051,Model: EvoGand; Year: 2025; Mileage: 1800 km; Brand: unknown; No aftermarket mods detected.,,EvoGand,2025.0,1800.0,False
2062,"No explicit brand/model, mileage, year, or aftermarket mods mentioned in title/desc.",,,,,False
2063,VinFast brand inferred from model context; model V1 Plus; year 2025 inferred from 'cuối 2025'; mileage over 1000 km interpreted as 1001 km; no aftermarket mods mentioned.,VinFast,V1 Plus,2025.0,1001.0,False
2064,VinFast brand; Evo Lite Neo model; year 2025 mentioned; mileage 2800 km; no aftermarket mods indicated.,VinFast,Evo Lite Neo,2025.0,2800.0,False
2065,VinFast brand; Feliz Neo model; year 2025 indicated; vehicle described as new (mileage likely 0); no aftermarket mods.,VinFast,Feliz Neo,2025.0,0.0,False
2066,VinFast brand; Feliz Neo model; no year or mileage stated; no aftermarket mods mentioned.,VinFast,Feliz Neo,,,False
2057,Brand detected: VinFast. Model: Klara. ODO: 6431.3 km (~6431 km). No aftermarket mods mentioned.,VinFast,Klara,,6431.0,False
2058,Model mentioned: V1 Plus. Brand not identifiable from allowed list.,,V1 Plus,,,False
2059,Brand detected: Honda. Model: Icone. ODO: 2406 km.,Honda,Icone,,2406.0,False
2060,Model: M134. Brand not specified in allowed list. Mileage: 45 km.,,M134,,45.0,False
2061,Model: Feliz S. Mileage: 63000 km. Battery replacements noted but no aftermarket mods.,,Feliz S,,63000.0,False
2067,No brand or model identified; 3-wheel e-bike mentioned; year/mileage not stated.,,,,,False
2068,No brand/model indicated; used status mentioned but no mileage/year specified.,,,,,False
2069,Brand Dat Bike; model S1; mileage approximately 300 km stated.,Dat Bike,S1,,300.0,False
2070,Brand Yadea; model Xmen; no mileage/year information available.,Yadea,Xmen,,,False
2071,"Brand VinFast; model Feliz S; mileage 63,000 km stated; year not specified.",VinFast,Feliz S,,63000.0,False
2072,Brand VinFast detected; model Feliz; year 2025 from 'Feliz2025'; mileage 2000 km; no aftermarket mods mentioned.,VinFast,Feliz,2025.0,2000.0,False
2073,Brand VinFast detected; model Evo Grand Lite; year null; mileage null; no aftermarket mods mentioned.,VinFast,Evo Grand Lite,,,False
2074,Brand VinFast detected; model Klara S2; year 2024 from 'DK 12/2024'; mileage null; no aftermarket mods mentioned.,VinFast,Klara S2,2024.0,,False
2075,Brand VinFast detected; model Evo Lite Neo; year null; mileage null; no aftermarket mods mentioned.,VinFast,Evo Lite Neo,,,False
2076,Brand VinFast detected; model Evo Grand; year null; mileage 1300 km from odo 1300km; no aftermarket mods mentioned.,VinFast,Evo Grand,,1300.0,False
2087,Brand unknown; model TTFAIR; no mileage/year mentioned; no aftermarket mods identified.,,TTFAIR,,,False
2088,"VinFast Tempest, white color; mileage 12066 km; no mods mentioned.",VinFast,Tempest,,12066.0,False
2089,"Yadea Xzone, black; mileage not specified; no mods mentioned.",Yadea,Xzone,,,False
2090,Roma Lite; no year/mileage mentioned; no mods mentioned.,,Roma Lite,,,False
2091,"Quantum S0; ODO 17,000 km; no mods indicated.",,Quantum S0,,17000.0,False
2077,Brand VinFast detected and model Evo Grand; no year or mileage mentioned.,VinFast,Evo Grand,,,False
2078,Brand VinFast detected; model Feliz S; mileage mentioned as 60k km.,VinFast,Feliz S,,60000.0,False
2079,Brand VinFast detected; model Evo 200; year 2025 mentioned.,VinFast,Evo 200,2025.0,,False
2080,Brand VinFast detected; model Klara; no year or mileage mentioned.,VinFast,Klara,,,False
2081,No explicit brand/model; year 2023 from production year mention.,,,2023.0,,False
2082,Detected brand Dat Bike; model S1; no year/mileage/mods mentioned.,Dat Bike,S1,,,False
2083,Detected brand VinFast; model Ludo; no year/mileage/mods mentioned.,VinFast,Ludo,,,False
2084,Year 2021 mentioned in title/desc; no brand/model/mileage/mods.,,,2021.0,,False
2085,Detected model Theons; year 2023 mentioned; no brand; no mileage/mods.,,Theons,2023.0,,False
2086,Brand not specified; model SUNTO; 3-wheel electric; no year/mileage/mods mentioned.,,SUNTO,,,False
2092,Year 2022; ODO 42000km; aftermarket items include new tires (Pirelli) and replaced SND; implied owner-maintained/modified components.,,Theons,2022.0,42000.0,True
2093,Brand VinFast; Feliz model; year 2025; mentions extra battery (pin phụ) for potential upgrade; aftermarket components present.,VinFast,Feliz,2025.0,,True
2094,"Model Quantum S3; mileage 11,000km; charger addition mentioned (Sạc Zin and optional 1800W charger) indicating aftermarket accessory.",,Quantum S3,,11000.0,True
2095,Brand VinFast; Motio model; year 2025; mentions pin 60v30Ah battery upgrade and cosmetic improvements; aftermarket mods present.,VinFast,Motio,2025.0,,True
2096,Brand VinFast; Motio model; no mileage or explicit aftermarket modifications mentioned in description.,VinFast,Motio,,,False
2102,Brand not in standard list ( Vespa ). Set brand to null. Model inferred as 'Dior 946' (Vespa Dior 946). Year and mileage not mentioned. No aftermarket mods mentioned.,,Dior 946,,,False
2103,"Brand not in standard list ( Vespa ). Set brand to null. Model inferred as 'Vespa 946'. Year, mileage, and mods not mentioned.",,Vespa 946,,,False
2104,Brand detected as 'VinFast'. Model 'EVO200'. Year mentioned as 2022. Mileage mentioned as >27k km (set as 27000). No aftermarket mods mentioned.,VinFast,EVO200,2022.0,27000.0,False
2105,"Brand not specified. Model inferred as 'V1'. Year, mileage, and mods not mentioned.",,V1,,,False
2097,VinFast Evo Grand found in title; year 2026 from registration; ODO 650km; no aftermarket mods noted.,VinFast,Evo Grand,2026.0,650.0,False
2098,Dat Bike Theon S identified from title/description; year 2025; ODO 1000km; no aftermarket items mentioned.,Dat Bike,Theon S,2025.0,1000.0,False
2099,S141 model mentioned; brand not clearly identifiable; no year or mileage information found.,,S141,,,False
2100,"VinFast Feliz with extensive aftermarket modifications (suspension, brakes, frame reinforcement) inferred from detailed component mentions.",VinFast,Feliz,,,True
2101,VinFast Feliz S; odo 64k km; year stated as 2026 in description.,VinFast,Feliz S,2026.0,64000.0,False
