Link,imputed_body_style,imputed_seats,imputed_exterior_color,imputed_location,imputed_year,imputed_mileage_km,imputed_condition
https://xevinfastluot.com/san-pham/vinfast-limo-green-2025/,MPV,7.0,,,2025,,
https://xevinfastluot.com/san-pham/lo-vinfast-vf3-2025-moi-99/,,,,,2025,18,Mới 100%
https://xevinfastluot.com/san-pham/vinfast-herio-green-2025/,,,,,2025,29000,Đã qua sử dụng
https://xevinfastluot.com/san-pham/vinfast-vf3-2024-3/,,,Trắng,,2024,,Đã qua sử dụng
https://xevinfastluot.com/san-pham/vinfast-limo-green-2026/,,,,,2026,,Mới 100%
https://xevinfastluot.com/san-pham/vinfast-vf3-2024-4/,,,,,2024,6000,Đã qua sử dụng
https://xevinfastluot.com/san-pham/vinfast-vf-8-plus-2023/,,,,,2023,,Mới 100%
https://xevinfastluot.com/san-pham/vinfast-vf3-2024-2/,,,,,2024,,Đã qua sử dụng
https://xevinfastluot.com/san-pham/lo-vinfast-vf8-eco-2023/,,,,,2023,25000,Đã qua sử dụng
https://xevinfastluot.com/san-pham/vinfast-vf3-2024-5/,,,,,2024,19000,Đã qua sử dụng
https://xevinfastluot.com/san-pham/vinfast-vf3-2024-6/,,,,,2024,9000,Đã qua sử dụng
https://xevinfastluot.com/san-pham/vinfast-vf3-2024/,,,,,2024,1500,Mới 100%
https://xevinfastluot.com/san-pham/vinfast-vf3-2024-7/,,,,,2024,11000,Đã qua sử dụng
https://xevinfastluot.com/san-pham/vinfast-vf3-2025-2/,,,,,2025,9900,Đã qua sử dụng
https://xevinfastluot.com/san-pham/vinfast-vf3-2025/,,,,,2025,4800,Đã qua sử dụng
https://xevinfastluot.com/san-pham/vinfast-vf3-moi/,,,,,2024,,Mới 100%
https://xevinfastluot.com/san-pham/vinfast-vf3-2025-3/,,,,,2025,6000,Đã qua sử dụng
https://xevinfastluot.com/san-pham/vinfast-vf3-2025-4/,,,,,2025,9000,Đã qua sử dụng
https://xevinfastluot.com/san-pham/vinfast-vf3-moi-2/,,,,,2024,,Mới 100%
https://xevinfastluot.com/san-pham/vinfast-vf3-2025-moi-99/,,,"Trắng, Đỏ, Xám, Xanh Dương",,2025,20,Mới 100%
https://xevinfastluot.com/san-pham/vinfast-vf5-plus-2023-2/,,,,,2023,,Đã qua sử dụng
https://xevinfastluot.com/san-pham/vinfast-vf5-plus-2023-3/,,,,,2023,32000,Đã qua sử dụng
https://xevinfastluot.com/san-pham/vinfast-vf5-plus-2023-4/,,,,,2023,3000,Đã qua sử dụng
https://xevinfastluot.com/san-pham/vinfast-vf5-plus-2023-5/,,,,,2023,3000,Đã qua sử dụng
https://xevinfastluot.com/san-pham/vinfast-vf5-plus-2023/,,,,,2023,70000,Đã qua sử dụng
https://xevinfastluot.com/san-pham/vinfast-vf5-plus-2024-2/,,,,,2024,23000,Đã qua sử dụng
https://xevinfastluot.com/san-pham/vinfast-vf5-plus-2024-3/,,,,,2024,4500,Mới 100%
https://xevinfastluot.com/san-pham/vinfast-vf5-2024/,,,,,2024,29000,Đã qua sử dụng
https://xevinfastluot.com/san-pham/vinfast-vf5-plus-2024-4/,,,,,2024,35000,Đã qua sử dụng
https://xevinfastluot.com/san-pham/vinfast-vf5-plus-2023-6/,,,,,2023,3000,Mới 100%
https://xevinfastluot.com/san-pham/vinfast-vf5-plus-2024-5/,,,,,2024,,Đã qua sử dụng
https://xevinfastluot.com/san-pham/vinfast-vf5-plus-2024/,,,,,2024,,Mới 100%
https://xevinfastluot.com/san-pham/vinfast-vf5-plus-2025-2/,,,,,2025,4000,Mới 100%
https://xevinfastluot.com/san-pham/vinfast-vf5s-2024/,,,,,2024,10000,Đã qua sử dụng
https://xevinfastluot.com/san-pham/vinfast-vf6-plus-2023/,,,,,2023,37000,Đã qua sử dụng
https://xevinfastluot.com/san-pham/vinfast-vf5-plus-2025/,,,xám xi măng,,2025,1000,Mới 100%
https://xevinfastluot.com/san-pham/vinfast-vf5s-2024-2/,,,,,2024,3900,Đã qua sử dụng
https://xevinfastluot.com/san-pham/vinfast-vf6-plus-2024-2/,,,,,2024,80000,Đã qua sử dụng
https://xevinfastluot.com/san-pham/vinfast-vf5-plus-2025-3/,,,,,2025,70000,Đã qua sử dụng
https://xevinfastluot.com/san-pham/vinfast-vf6-plus-2024-3/,,,,,2024,30000,Đã qua sử dụng
https://xevinfastluot.com/san-pham/vinfast-vf6-plus-2024-5/,,,,,2024,48000,Đã qua sử dụng
https://xevinfastluot.com/san-pham/vinfast-vf6-plus-2024/,,,,,2024,3000,Đã qua sử dụng
https://xevinfastluot.com/san-pham/vinfast-vf6-plus-2024-4/,,,,,2024,31000,Mới 100%
https://xevinfastluot.com/san-pham/vinfast-vf6s-2024-2/,,,,,2024,117000,Đã qua sử dụng
https://xevinfastluot.com/san-pham/vinfast-vf7-plus-2024-3/,,,,,2024,11000,Đã qua sử dụng
https://xevinfastluot.com/san-pham/vinfast-vf7-eco-2025/,,,,,2025,18000,Đã qua sử dụng
https://xevinfastluot.com/san-pham/vinfast-vf6s-2024/,,,zin,,2024,70000,Đã qua sử dụng
https://xevinfastluot.com/san-pham/vinfast-vf7-plus-2024-2/,,,,,2024,19000,Đã qua sử dụng
https://xevinfastluot.com/san-pham/vinfast-vf7-plus-2024/,,,,,2024,11000,Đã qua sử dụng
https://xevinfastluot.com/san-pham/vinfast-vf7-plus-2024-4/,,,,,2024,28000,Đã qua sử dụng
https://xevinfastluot.com/san-pham/vinfast-vf8-eco-2022-2/,,,,,2022,3000,Đã qua sử dụng
https://xevinfastluot.com/san-pham/vinfast-vf8-eco-2022/,,,,,2022,31000,Đã qua sử dụng
https://xevinfastluot.com/san-pham/vinfast-vf8-eco-2023-2/,,,,,2023,49000,Đã qua sử dụng
https://xevinfastluot.com/san-pham/vinfast-vf8-eco-2023-3/,,,,,2023,51000,Đã qua sử dụng
https://xevinfastluot.com/san-pham/vinfast-vf8-eco-2023/,,,,,2023,29000,Đã qua sử dụng
https://xevinfastluot.com/san-pham/vinfast-vf8-eco-2024-2/,,,trắng,,2024,1000,Đã qua sử dụng
https://xevinfastluot.com/san-pham/vinfast-vf8-eco-gf-2023-10/,,,,,2023,40000,Mới 100%
https://xevinfastluot.com/san-pham/vinfast-vf8-eco-gf-2023-11/,,,,,2023,68000,Đã qua sử dụng
https://xevinfastluot.com/san-pham/vinfast-vf8-eco-2024/,,,,,2024,1900,Đã qua sử dụng
https://xevinfastluot.com/san-pham/vinfast-vf8-eco-gf-2023-12/,,,,,2023,50000,Đã qua sử dụng
https://xevinfastluot.com/san-pham/vinfast-vf8-eco-gf-2023-14/,,,,,2023,90000,Đã qua sử dụng
https://xevinfastluot.com/san-pham/vinfast-vf8-eco-gf-2023-15/,,,,,2023,59000,Đã qua sử dụng
https://xevinfastluot.com/san-pham/vinfast-vf8-eco-gf-2023-3/,,,,,2023,35000,Đã qua sử dụng
https://xevinfastluot.com/san-pham/vinfast-vf8-eco-gf-2023-2/,,,,,2023,3000,Mới 100%
https://xevinfastluot.com/san-pham/vinfast-vf8-eco-gf-2023-13/,,,,,2023,39000,Đã qua sử dụng
https://xevinfastluot.com/san-pham/vinfast-vf8-eco-gf-2023-4/,,,,,2023,36000,Đã qua sử dụng
https://xevinfastluot.com/san-pham/vinfast-vf8-eco-gf-2023-5/,,,,,2023,38000,Đã qua sử dụng
https://xevinfastluot.com/san-pham/vinfast-vf8-eco-gf-2023-6/,,2.0,,,2023,41000,Đã qua sử dụng
https://xevinfastluot.com/san-pham/vinfast-vf8-eco-gf-2023-7/,,2.0,,,2023,44000,Đã qua sử dụng
https://xevinfastluot.com/san-pham/vinfast-vf8-eco-gf-2023-8/,,,,,2023,40000,Đã qua sử dụng
https://xevinfastluot.com/san-pham/vinfast-vf8-eco-gf-2023-9/,,,,,2023,20000,Đã qua sử dụng
https://xevinfastluot.com/san-pham/vinfast-vf8-eco-sieu-luot/,,,,,,,
https://xevinfastluot.com/san-pham/vinfast-vf8-eco-gf-2023/,,,,,2023,24000,Đã qua sử dụng
https://xevinfastluot.com/san-pham/vinfast-vf8-plus-2022-2/,,,,,2022,47000,Đã qua sử dụng
https://xevinfastluot.com/san-pham/vinfast-vf8-plus-2022-3/,,,,,2022,12000,Mới 100%
https://xevinfastluot.com/san-pham/vinfast-vf8-plus-2022-4/,,,,,2022,22000,Đã qua sử dụng
https://xevinfastluot.com/san-pham/vinfast-vf8-plus-2022-5/,,,,,2022,60000,Đã qua sử dụng
https://xevinfastluot.com/san-pham/vinfast-vf8-plus-2022-new-99/,,,,,2022,150,Mới 100%
https://xevinfastluot.com/san-pham/vinfast-vf8-plus-2022/,,,,,2022,3000,Đã qua sử dụng
https://xevinfastluot.com/san-pham/vinfast-vf8-plus-2024-3/,,,,,2024,,Mới 100%
https://xevinfastluot.com/san-pham/vinfast-vf8-plus-2024-4/,,,,,2024,,Đã qua sử dụng
https://xevinfastluot.com/san-pham/vinfast-vf8-plus-2024-2/,,,,,2024,0,Mới 100%
https://xevinfastluot.com/san-pham/vinfast-vf8-plus-2024-5/,,,Trắng,,2024,300,Mới 100%
https://xevinfastluot.com/san-pham/vinfast-vf8-plus-gf-2022-3/,,,,,2022,45000,Đã qua sử dụng
https://xevinfastluot.com/san-pham/vinfast-vf8-plus-2023/,,,,,2023,,Mới 100%
https://xevinfastluot.com/san-pham/vinfast-vf8-plus-gf-2022/,,,,,2022,42000,Đã qua sử dụng
https://xevinfastluot.com/san-pham/vinfast-vf8-plus-gf-2023-2/,,,,,2023,40000,Đã qua sử dụng
https://xevinfastluot.com/san-pham/vinfast-vf8-plus-gf-2023-3/,,,,,2023,39000,Đã qua sử dụng
https://xevinfastluot.com/san-pham/vinfast-vf8-plus-2024/,,,,,2024,6000,Mới 100%
https://xevinfastluot.com/san-pham/vinfast-vf8s-2024-2/,,,,,2024,,Mới 100%
https://xevinfastluot.com/san-pham/vinfast-vf8-plus-sieu-luot/,,,,,,,
https://xevinfastluot.com/san-pham/vinfast-vf8-plus-gf-2023/,,,,,2023,46000,Mới 100%
https://xevinfastluot.com/san-pham/vinfast-vf8-plus-gf-2023-4/,,,,,2023,60000,Mới 100%
https://xevinfastluot.com/san-pham/vinfast-vf8s-2024-new-99/,,,,,2024,30,Mới 100%
https://xevinfastluot.com/san-pham/vinfast-vf8s-2024/,,,,,2024,,Mới 100%
https://xevinfastluot.com/san-pham/vinfast-vf8s-2024-new/,,,,,2024,30,Mới 100%
https://xevinfastluot.com/san-pham/vinfast-vf8s-lux-2024/,,,,,2024,4000,Đã qua sử dụng
https://xevinfastluot.com/san-pham/vinfast-vf9-eco-2025/,,,,,2025,0,Mới 100%
https://xevinfastluot.com/san-pham/vinfast-vf8s-2024-new-2/,,,,,2024,30,Mới 100%
https://xevinfastluot.com/san-pham/vinfast-vf9-plus-2023-2/,,,,,2023,14000,Đã qua sử dụng
https://xevinfastluot.com/san-pham/vinfast-vf9-plus-2023-4/,,7.0,,,2023,40000,
https://xevinfastluot.com/san-pham/vinfast-vf9-plus-2023-3/,,6.0,,,2023,,Đã qua sử dụng
https://xevinfastluot.com/san-pham/vinfast-vf9-plus-2023-new-100/,,,,,2023,,Mới 100%
https://xevinfastluot.com/san-pham/vinfast-vf9-plus-2023-new-100-2/,,,,,2023,,Mới 100%
https://xevinfastluot.com/san-pham/vinfast-vf9-plus-2023-5/,,,,,2023,3000,Đã qua sử dụng
https://xevinfastluot.com/san-pham/vinfast-vf9-plus-2023-6/,,,,,2023,20000,Đã qua sử dụng
https://xevinfastluot.com/san-pham/vinfast-vf9-plus-2023-7/,,6.0,trắng,,2023,38000,Đã qua sử dụng
https://xevinfastluot.com/san-pham/vinfast-vf9-plus-2023/,,,,,2023,11000,Đã qua sử dụng
https://xevinfastluot.com/san-pham/vinfast-vf9-plus-2024-2/,,6.0,,,2024,7000,Đã qua sử dụng
https://xevinfastluot.com/san-pham/vinfast-vf9-plus-2025/,,,,,2025,50,Mới 100%
https://xevinfastluot.com/san-pham/vinfast-vf9-plus-2024/,,7.0,,,2024,3000,Đã qua sử dụng
https://xevinfastluot.com/san-pham/vinfast-vfe34-2022-10/,,,,,2022,22000,Mới 100%
https://xevinfastluot.com/san-pham/vinfast-vf9-plus-2024-5/,,7.0,xám,,2024,3000,Đã qua sử dụng
https://xevinfastluot.com/san-pham/vinfast-vfe34-2022-12/,,,màu hiếm,,2022,,Đã qua sử dụng
https://xevinfastluot.com/san-pham/vinfast-vfe34-2022-13/,,,kem,,2022,35000,Đã qua sử dụng
https://xevinfastluot.com/san-pham/vinfast-vfe34-2022-15/,,,,,2022,8000,Đã qua sử dụng
https://xevinfastluot.com/san-pham/vinfast-vfe34-2022-4/,,,,,2022,,Đã qua sử dụng
https://xevinfastluot.com/san-pham/vinfast-vfe34-2022-5/,,,,,2022,50000,Đã qua sử dụng
https://xevinfastluot.com/san-pham/vinfast-vfe34-2022-7/,,,,,2022,7000,Đã qua sử dụng
https://xevinfastluot.com/san-pham/vinfast-vfe34-2022-8/,,,,,2022,33000,Đã qua sử dụng
https://xevinfastluot.com/san-pham/vinfast-vfe34-2022-9/,,,,,2022,,Đã qua sử dụng
https://xevinfastluot.com/san-pham/vinfast-vfe34-2022/,,,,,2022,20000,Đã qua sử dụng
https://xevinfastluot.com/san-pham/vinfast-vfe34-2023-2/,,,,,2023,35000,Đã qua sử dụng
https://xevinfastluot.com/san-pham/vinfast-vfe34-2024/,,,,,2024,4000,Mới 100%
https://otodien.vn/oto-vinfast-limo-green-nam-2025/100000511,,,,,2025,,Mới 100%
https://otodien.vn/oto-vinfast-vf5-nam-2026/100002005,,,,,2026,,
https://otodien.vn/oto-vinfast-vf7-nam-2025/100000873,,,,Hà Nội,2025,18000,
https://otodien.vn/oto-vinfast-limo-green-nam-2026/100002006,MPV,7.0,,,2026,,
https://otodien.vn/oto-vinfast-vf9-nam-2026/100001468,,,,"Biên Hòa, Đồng Nai",2026,,
https://otodien.vn/oto-vinfast-vf8-nam-2026/100001840,SUV,,,,2026,,
https://otodien.vn/oto-vinfast-vf5-nam-2025/100001227,,,,,2025,70000,Đã qua sử dụng
https://otodien.vn/oto-vinfast-vf9-nam-2025/100000596,SUV,7.0,,,2025,0,Mới 100%
https://otodien.vn/oto-vinfast-vf3-nam-2025/100000484,,,Hồng Tím,,2025,,Mới 100%
https://otodien.vn/oto-vinfast-herio-green-nam-2026/100000875,,,,Cần Thơ,2026,327000,
https://otodien.vn/oto-vinfast-vf3-nam-2025/100000528,,,trắng và xám,Hà Nội,2025,,Mới 100%
https://otodien.vn/oto-vinfast-herio-green-nam-2026/100002007,,,,,2026,,
https://otodien.vn/oto-vinfast-vf7-nam-2026/100001491,,,,,2026,,
https://otodien.vn/oto-vinfast-vf5-nam-2026/100001878,,,,,2026,,
https://xe.chotot.com/mua-ban-oto-quan-7-tp-ho-chi-minh/131107906.htm,,,,,2026,326,
https://xe.chotot.com/mua-ban-oto-quan-binh-thanh-tp-ho-chi-minh/132490100.htm,SUV,,,,,,
https://xe.chotot.com/mua-ban-oto-thanh-pho-thu-duc-tp-ho-chi-minh/132966860.htm,,5.0,Xanh,"Thành phố Thủ Đức, TP Hồ Chí Minh",,,
https://xe.chotot.com/mua-ban-oto-huyen-thuong-tin-ha-noi/133082391.htm,,,trắng,,,,Mới 100%
https://xe.chotot.com/mua-ban-oto-quan-7-tp-ho-chi-minh/132489968.htm,,,,,,,
https://xe.chotot.com/mua-ban-oto-quan-7-tp-ho-chi-minh/126597592.htm,MPV,7.0,Green,,,470,
https://xe.chotot.com/mua-ban-oto-quan-10-tp-ho-chi-minh/120546442.htm,,,,,,,
https://xe.chotot.com/mua-ban-oto-quan-7-tp-ho-chi-minh/130790030.htm,,,,,2025,,
https://xe.chotot.com/mua-ban-oto-quan-lien-chieu-da-nang/133149491.htm,,,Trắng,,2024,95115,Đã qua sử dụng
https://xe.chotot.com/mua-ban-oto-quan-binh-thanh-tp-ho-chi-minh/130995630.htm,,,,,,160000,Mới 100%
https://xe.chotot.com/mua-ban-oto-thanh-pho-thu-duc-tp-ho-chi-minh/133145396.htm,,,Đỏ,,,,Mới 100%
https://xe.chotot.com/mua-ban-oto-thanh-pho-thu-duc-tp-ho-chi-minh/133022837.htm,,6.0,,,2026,,
https://xe.chotot.com/mua-ban-oto-quan-long-bien-ha-noi/133030419.htm,,,Đen Điện,Hà Nội,,,
https://xe.chotot.com/mua-ban-oto-quan-binh-tan-tp-ho-chi-minh/133149131.htm,,,,,,,
https://xe.chotot.com/mua-ban-oto-quan-7-tp-ho-chi-minh/133046305.htm,SUV,,,,2026,160000,
https://xe.chotot.com/mua-ban-oto-quan-7-tp-ho-chi-minh/131102712.htm,,4.0,,,,160000,
https://xe.chotot.com/mua-ban-oto-thanh-pho-thu-duc-tp-ho-chi-minh/133117203.htm,,,xám,TP Hồ Chí Minh,2025,60000,Đã qua sử dụng
https://xe.chotot.com/mua-ban-oto-quan-7-tp-ho-chi-minh/132520651.htm,Sedan,4.0,,,,,
https://xe.chotot.com/mua-ban-oto-quan-7-tp-ho-chi-minh/133054350.htm,,,,,,200000,
https://xe.chotot.com/mua-ban-oto-thanh-pho-thu-duc-tp-ho-chi-minh/133119279.htm,,,Trắng,,2026,,
https://xe.chotot.com/mua-ban-oto-thanh-pho-thu-duc-tp-ho-chi-minh/132323387.htm,,,,,2025,2000,Mới 100%
https://xe.chotot.com/mua-ban-oto-thanh-pho-vung-tau-ba-ria-vung-tau/131423950.htm,,,,,,,
https://xe.chotot.com/mua-ban-oto-quan-6-tp-ho-chi-minh/130996142.htm,,,,,,,
https://xe.chotot.com/mua-ban-oto-thanh-pho-thu-duc-tp-ho-chi-minh/133137161.htm,,,,,,,
https://xe.chotot.com/mua-ban-oto-thanh-pho-thu-duc-tp-ho-chi-minh/133143518.htm,,,,"Thành phố Thủ Đức, TP.HCM",2025,25000,Đã qua sử dụng
https://xe.chotot.com/mua-ban-oto-huyen-binh-chanh-tp-ho-chi-minh/133143058.htm,,,Xanh lá,,,7000,Đã qua sử dụng
https://xe.chotot.com/mua-ban-oto-quan-dong-da-ha-noi/123666486.htm,,,,Hà Nội,,160000,
https://xe.chotot.com/mua-ban-oto-huyen-hoc-mon-tp-ho-chi-minh/131906334.htm,Sedan,,Đỏ,Hóc Môn,,15000,Đã qua sử dụng
https://xe.chotot.com/mua-ban-oto-quan-dong-da-ha-noi/133139775.htm,,,Đỏ,,2025,6000,
https://xe.chotot.com/mua-ban-oto-thanh-pho-thu-duc-tp-ho-chi-minh/132852920.htm,,,Trắng,"Thủ Đức, HCM",2025,55000,
https://xe.chotot.com/mua-ban-oto-quan-binh-tan-tp-ho-chi-minh/132307875.htm,,,Vàng,Hcm,2025,20000,Đã qua sử dụng
https://xe.chotot.com/mua-ban-oto-thanh-pho-thu-duc-tp-ho-chi-minh/133011626.htm,,,,,,,
https://xe.chotot.com/mua-ban-oto-quan-binh-tan-tp-ho-chi-minh/132760834.htm,,,Xanh lá nhạt,"Bình Tân, HCM",2024,15000,Mới 100%
https://xe.chotot.com/mua-ban-oto-quan-12-tp-ho-chi-minh/133134153.htm,,,Trắng,q12,2024,60000,Đã qua sử dụng
https://xe.chotot.com/mua-ban-oto-thanh-pho-thu-duc-tp-ho-chi-minh/132195420.htm,,,,,,,Mới 100%
https://xe.chotot.com/mua-ban-oto-thanh-pho-thu-duc-tp-ho-chi-minh/132919301.htm,null,5.0,xám,null,null,null,null
https://xe.chotot.com/mua-ban-oto-thanh-pho-bien-hoa-dong-nai/133123703.htm,,,Xám,Biên Hòa,2023,49000,Đã qua sử dụng
https://xe.chotot.com/mua-ban-oto-quan-long-bien-ha-noi/133112057.htm,,5.0,Bạc,,2022,40000,
https://xe.chotot.com/mua-ban-oto-huyen-cu-chi-tp-ho-chi-minh/133088281.htm,,,Trắng,"Củ Chi, HCM",2023,,Đã qua sử dụng
https://xe.chotot.com/mua-ban-oto-thanh-pho-thu-duc-tp-ho-chi-minh/132728522.htm,,,,,,,
https://xe.chotot.com/mua-ban-oto-quan-hoang-mai-ha-noi/132683302.htm,,,Xám,,,,Mới 100%
https://xe.chotot.com/mua-ban-oto-quan-nam-tu-liem-ha-noi/133041489.htm,,,Trắng,Hà Nội,2025,57413,
https://xe.chotot.com/mua-ban-oto-quan-long-bien-ha-noi/131868995.htm,null,4.0,null,null,null,200,null
https://xe.chotot.com/mua-ban-oto-thanh-pho-thu-duc-tp-ho-chi-minh/133118464.htm,,,Trắng,TP. Thủ Đức,2025,82000,Đã qua sử dụng
https://xe.chotot.com/mua-ban-oto-thanh-pho-thu-duc-tp-ho-chi-minh/133118681.htm,,,xanh,,2025,27000,
https://xe.chotot.com/mua-ban-oto-huyen-thanh-tri-ha-noi/131533651.htm,,,,Thanh Trì HN,,,
https://xe.chotot.com/mua-ban-oto-huyen-thuong-tin-ha-noi/130768050.htm,Van,,,,2026,,
https://xe.chotot.com/mua-ban-oto-thanh-pho-thu-duc-tp-ho-chi-minh/132966689.htm,,,Xanh rêu,,,,
https://xe.chotot.com/mua-ban-oto-thanh-pho-thu-duc-tp-ho-chi-minh/132966824.htm,,,,,,,
https://xe.chotot.com/mua-ban-oto-quan-tan-phu-tp-ho-chi-minh/132460992.htm,,,,,2026,450,
https://xe.chotot.com/mua-ban-oto-huyen-cu-chi-tp-ho-chi-minh/132890268.htm,,,,,2025,14000,Mới 100%
https://xe.chotot.com/mua-ban-oto-quan-tan-binh-tp-ho-chi-minh/133030573.htm,,,,,2026,460,
https://xe.chotot.com/mua-ban-oto-thanh-pho-thu-duc-tp-ho-chi-minh/129997850.htm,,,,,,,
https://xe.chotot.com/mua-ban-oto-thanh-pho-bien-hoa-dong-nai/133088274.htm,,,Xanh rêu,,2024,20000,
https://xe.chotot.com/mua-ban-oto-quan-tan-phu-tp-ho-chi-minh/133088484.htm,,,Đen,Quận Tân Phú,2022,100000,Đã qua sử dụng
https://xe.chotot.com/mua-ban-oto-quan-go-vap-tp-ho-chi-minh/130988551.htm,,,,,,,
https://xe.chotot.com/mua-ban-oto-huyen-hoai-duc-ha-noi/133089119.htm,SUV,6.0,Xanh Dương,Hưng yên,2023,40000,Mới 100%
https://xe.chotot.com/mua-ban-oto-quan-7-tp-ho-chi-minh/130280840.htm,,,,,,,
https://xe.chotot.com/mua-ban-oto-quan-12-tp-ho-chi-minh/132489232.htm,,,,,,,
https://xe.chotot.com/mua-ban-oto-thanh-pho-bien-hoa-dong-nai/133080728.htm,,,Xám,VinFast Kim Sơn Biên Hòa,2023,48000,Đã qua sử dụng
https://xe.chotot.com/mua-ban-oto-thanh-pho-bien-hoa-dong-nai/133080940.htm,,,Đỏ,Biên Hòa,2023,17000,Đã qua sử dụng
https://xe.chotot.com/mua-ban-oto-thanh-pho-thuan-an-binh-duong/132578597.htm,,,,,,,
https://xe.chotot.com/mua-ban-oto-quan-long-bien-ha-noi/131726479.htm,,,,,2026,,Mới 100%
https://xe.chotot.com/mua-ban-oto-thanh-pho-thuan-an-binh-duong/132878847.htm,,,,,,,
https://xe.chotot.com/mua-ban-oto-huyen-quoc-oai-ha-noi/133078363.htm,,,Trắng,,2026,19000,Đã qua sử dụng
https://xe.chotot.com/mua-ban-oto-quan-1-tp-ho-chi-minh/132627481.htm,SUV,5.0,,,,,
https://xe.chotot.com/mua-ban-oto-quan-binh-thanh-tp-ho-chi-minh/132489520.htm,,,,,,,
https://xe.chotot.com/mua-ban-oto-thanh-pho-bien-hoa-dong-nai/132859324.htm,,,Đỏ,,,48000,Đã qua sử dụng
https://xe.chotot.com/mua-ban-oto-thanh-pho-thuan-an-binh-duong/132908242.htm,,,Đỏ,,,,
https://xe.chotot.com/mua-ban-oto-thanh-pho-thu-duc-tp-ho-chi-minh/131109356.htm,,,,"Thành phố Thủ Đức, TP. Hồ Chí Minh",2025,,Mới 100%
https://xe.chotot.com/mua-ban-oto-thanh-pho-thu-duc-tp-ho-chi-minh/132967337.htm,,,Xám,,,,
https://xe.chotot.com/mua-ban-oto-quan-10-tp-ho-chi-minh/133073067.htm,,,,,2026,,
https://xe.chotot.com/mua-ban-oto-thanh-pho-thu-duc-tp-ho-chi-minh/132928787.htm,,,bạc,,,,
https://xe.chotot.com/mua-ban-oto-thanh-pho-thu-duc-tp-ho-chi-minh/132928755.htm,,,,,,,
https://xe.chotot.com/mua-ban-oto-thanh-pho-bien-hoa-dong-nai/133075106.htm,,,Đỏ,,2022,58000,Đã qua sử dụng
https://xe.chotot.com/mua-ban-oto-quan-cai-rang-can-tho/131225002.htm,MPV,7.0,,Cần Thơ,2026,,Mới 100%
https://xe.chotot.com/mua-ban-oto-thanh-pho-bien-hoa-dong-nai/133075010.htm,,,Đen,,2023,,
https://xe.chotot.com/mua-ban-oto-quan-4-tp-ho-chi-minh/131417592.htm,null,7.0,null,null,null,null,null
https://xe.chotot.com/mua-ban-oto-quan-7-tp-ho-chi-minh/133045364.htm,,,,Thành Phố Hồ Chí Minh,,,
https://xe.chotot.com/mua-ban-oto-thanh-pho-thu-duc-tp-ho-chi-minh/132891471.htm,,,,,,326,
https://xe.chotot.com/mua-ban-oto-thanh-pho-long-xuyen-an-giang/133048011.htm,,,trắng,,,,Mới 100%
https://xe.chotot.com/mua-ban-oto-quan-7-tp-ho-chi-minh/133064275.htm,MPV,7.0,Green,,,,
https://xe.chotot.com/mua-ban-oto-quan-7-tp-ho-chi-minh/131279196.htm,,7.0,,,,,
https://xe.chotot.com/mua-ban-oto-thanh-pho-thu-duc-tp-ho-chi-minh/131309445.htm,,,,,,,Đã qua sử dụng
https://xe.chotot.com/mua-ban-oto-quan-cau-giay-ha-noi/132493696.htm,,,Hồng,"Cầu Giấy, Hà Nội",2025,5000,Mới 100%
https://xe.chotot.com/mua-ban-oto-thanh-pho-thu-duc-tp-ho-chi-minh/133024156.htm,,,,,,,Mới 100%
https://xe.chotot.com/mua-ban-oto-quan-long-bien-ha-noi/133030725.htm,,,,Hà Nội,,,
https://xe.chotot.com/mua-ban-oto-quan-cau-giay-ha-noi/133051921.htm,,,Đỏ,,,,
https://xe.chotot.com/mua-ban-oto-thanh-pho-thu-duc-tp-ho-chi-minh/133051987.htm,,,Xám,Tỉnh O,2025,36000,
https://xe.chotot.com/mua-ban-oto-quan-go-vap-tp-ho-chi-minh/133029929.htm,,,,,2026,326,
https://xe.chotot.com/mua-ban-oto-thanh-pho-thu-duc-tp-ho-chi-minh/132912736.htm,,,,,,,
https://xe.chotot.com/mua-ban-oto-quan-go-vap-tp-ho-chi-minh/129698349.htm,,,,,,,
https://xe.chotot.com/mua-ban-oto-thanh-pho-thu-duc-tp-ho-chi-minh/132912105.htm,,,,,,,
https://xe.chotot.com/mua-ban-oto-thanh-pho-thu-duc-tp-ho-chi-minh/131479667.htm,,,Xanh Rêu,,2023,13000,Đã qua sử dụng
https://xe.chotot.com/mua-ban-oto-huyen-binh-chanh-tp-ho-chi-minh/132197638.htm,null,5.0,null,"Bình Chánh, TP.HCM",null,null,null
https://xe.chotot.com/mua-ban-oto-quan-ha-dong-ha-noi/132261190.htm,,5.0,,,,93582,
https://xe.chotot.com/mua-ban-oto-thanh-pho-thuan-an-binh-duong/133043094.htm,,,Xám,,2025,17000,
https://xe.chotot.com/mua-ban-oto-huyen-thanh-tri-ha-noi/133038253.htm,,2.0,Đỏ,,2024,,Mới 100%
https://xe.chotot.com/mua-ban-oto-thanh-pho-thu-duc-tp-ho-chi-minh/132728312.htm,,,,"Thành phố Thủ Đức, TP Hồ Chí Minh",,,
https://xe.chotot.com/mua-ban-oto-thanh-pho-bien-hoa-dong-nai/133041618.htm,SUV,,Đen,,2022,58000,
https://xe.chotot.com/mua-ban-oto-thanh-pho-thu-duc-tp-ho-chi-minh/132899511.htm,,,Trắng,TPHCM,2025,25000,
https://xe.chotot.com/mua-ban-oto-thanh-pho-hai-duong-hai-duong/133041277.htm,Hatchback,4.0,Xanh,,,,
https://xe.chotot.com/mua-ban-oto-thanh-pho-thu-duc-tp-ho-chi-minh/132576420.htm,,,Đỏ,,2025,1300,Mới 100%
https://xe.chotot.com/mua-ban-oto-quan-8-tp-ho-chi-minh/131111799.htm,,,,,,,
https://xe.chotot.com/mua-ban-oto-quan-hai-ba-trung-ha-noi/133029440.htm,,,Đen,,,,
https://xe.chotot.com/mua-ban-oto-thanh-pho-bien-hoa-dong-nai/133028287.htm,,,,,2023,4000,
https://xe.chotot.com/mua-ban-oto-thanh-pho-thu-duc-tp-ho-chi-minh/132173091.htm,,,Đen,,2024,15000,Đã qua sử dụng
https://xe.chotot.com/mua-ban-oto-huyen-thuong-tin-ha-noi/132845061.htm,,7.0,,,,,
https://xe.chotot.com/mua-ban-oto-quan-7-tp-ho-chi-minh/132780928.htm,Full-size luxury EV,,Đen,"Q.7, Tp.HCM",2024,321.87,
https://xe.chotot.com/mua-ban-oto-quan-7-tp-ho-chi-minh/133021607.htm,Limo,,Trắng - Bạc - Đỏ - Đen,,2026,,
https://xe.chotot.com/mua-ban-oto-thanh-pho-thu-duc-tp-ho-chi-minh/132892266.htm,MPV,,,,,,
https://xe.chotot.com/mua-ban-oto-quan-12-tp-ho-chi-minh/133023771.htm,,,Xanh,,2024,80000,Đã qua sử dụng
https://xe.chotot.com/mua-ban-oto-quan-7-tp-ho-chi-minh/132486130.htm,SUV,,,,,,
https://xe.chotot.com/mua-ban-oto-quan-go-vap-tp-ho-chi-minh/132879352.htm,,,,,2026,,Mới 100%
https://xe.chotot.com/mua-ban-oto-quan-12-tp-ho-chi-minh/131121604.htm,,,,,2025,,
https://xe.chotot.com/mua-ban-oto-quan-7-tp-ho-chi-minh/132998149.htm,,,Đen,,2023,50000,
https://xe.chotot.com/mua-ban-oto-thanh-pho-thu-duc-tp-ho-chi-minh/131319063.htm,,,,,,,
https://xe.chotot.com/mua-ban-oto-thanh-pho-thu-duc-tp-ho-chi-minh/131248668.htm,,,,,,,
https://xe.chotot.com/mua-ban-oto-thanh-pho-thu-duc-tp-ho-chi-minh/131318638.htm,,,,,,,
https://xe.chotot.com/mua-ban-oto-thanh-pho-di-an-binh-duong/132996440.htm,,,,,,,
https://xe.chotot.com/mua-ban-oto-quan-dong-da-ha-noi/132997778.htm,,,Xanh ngọc,,,2000,Đã qua sử dụng
https://xe.chotot.com/mua-ban-oto-quan-nam-tu-liem-ha-noi/133006560.htm,,,Trắng,,2025,50076,Đã qua sử dụng
https://xe.chotot.com/mua-ban-oto-huyen-binh-chanh-tp-ho-chi-minh/132890465.htm,,,,"Bình Chánh, TP.HCM",,,
https://xe.chotot.com/mua-ban-oto-thanh-pho-thu-duc-tp-ho-chi-minh/132989020.htm,,,Trắng,Đồng Sài Gòn,,,
https://xe.chotot.com/mua-ban-oto-quan-long-bien-ha-noi/131720061.htm,null,,null,"Long Biên, Hà Nội",,,
https://xe.chotot.com/mua-ban-oto-quan-long-bien-ha-noi/132990577.htm,MPV,7.0,Trắng,"Long Biên, Hà Nội",,,
https://xe.chotot.com/mua-ban-oto-quan-5-tp-ho-chi-minh/132858930.htm,,,,TPHCM,,,
https://xe.chotot.com/mua-ban-oto-thanh-pho-thu-duc-tp-ho-chi-minh/132576490.htm,,,Đen,,2025,2600,Mới 100%
https://xe.chotot.com/mua-ban-oto-quan-binh-tan-tp-ho-chi-minh/132939405.htm,,,Xanh,,,,
https://xe.chotot.com/mua-ban-oto-huyen-thuong-tin-ha-noi/132844961.htm,,,trắng,,2026,,
https://xe.chotot.com/mua-ban-oto-thanh-pho-thu-duc-tp-ho-chi-minh/132277123.htm,,,,,,,
https://xe.chotot.com/mua-ban-oto-quan-binh-tan-tp-ho-chi-minh/131298147.htm,,,Đỏ,"Bình Tân, TP. Hồ Chí Minh",,15000,Mới 100%
https://xe.chotot.com/mua-ban-oto-thanh-pho-buon-ma-thuot-dak-lak/132441744.htm,null,,Đỏ,Dak Lak,2026,2500,Mới 100%
https://xe.chotot.com/mua-ban-oto-thanh-pho-thu-duc-tp-ho-chi-minh/130899695.htm,,,,,,,
https://xe.chotot.com/mua-ban-oto-huyen-binh-chanh-tp-ho-chi-minh/132948704.htm,,,xanh lá nhạt,"Bình Chánh, TP.HCM",,,
https://xe.chotot.com/mua-ban-oto-quan-binh-tan-tp-ho-chi-minh/131615240.htm,null,7.0,null,null,null,null,null
https://xe.chotot.com/mua-ban-oto-thanh-pho-thu-duc-tp-ho-chi-minh/132951184.htm,,,Xanh,,2025,19000,
https://xe.chotot.com/mua-ban-oto-quan-nam-tu-liem-ha-noi/132961691.htm,,,,Hà Nội,2025,20000,Đã qua sử dụng
https://xe.chotot.com/mua-ban-oto-thanh-pho-thu-duc-tp-ho-chi-minh/132951260.htm,,,Trắng,"477 Lê Văn Việt, P. Tăng Nhơn Phú, Thủ Đức, HCM",2025,55000,
https://xe.chotot.com/mua-ban-oto-huyen-duc-trong-lam-dong/132952269.htm,SUV,,Xanh,,2024,,
https://xe.chotot.com/mua-ban-oto-thanh-pho-thu-duc-tp-ho-chi-minh/130163604.htm,,,nâu,,,,
https://xe.chotot.com/mua-ban-oto-huyen-binh-chanh-tp-ho-chi-minh/132796807.htm,,,,,,,
https://xe.chotot.com/mua-ban-oto-huyen-hai-hau-nam-dinh/132909571.htm,null,,Đỏ mận,Thị Trấn Cồn hải hậu nam định,2024,80000,Đã qua sử dụng
https://xe.chotot.com/mua-ban-oto-thanh-pho-viet-tri-phu-tho/132884346.htm,,,Xanh,,,300000,Đã qua sử dụng
https://xe.chotot.com/mua-ban-oto-thanh-pho-thu-duc-tp-ho-chi-minh/132892310.htm,,,,,,,
https://xe.chotot.com/mua-ban-oto-huyen-hoc-mon-tp-ho-chi-minh/132636167.htm,,,Hồng,,,,
https://xe.chotot.com/mua-ban-oto-quan-thanh-xuan-ha-noi/132928670.htm,,,Xanh rêu,HN,2025,5000,Mới 100%
https://xe.chotot.com/mua-ban-oto-huyen-cu-chi-tp-ho-chi-minh/132931745.htm,,,Xanh rêu,,2025,,Mới 100%
https://xe.chotot.com/mua-ban-oto-thanh-pho-thuan-an-binh-duong/132521581.htm,,,Vàng,"Thủ Dầu Một, Tp HCM",2024,20000,Đã qua sử dụng
https://xe.chotot.com/mua-ban-oto-thanh-pho-thu-duc-tp-ho-chi-minh/132895910.htm,,,,,,,
https://xe.chotot.com/mua-ban-oto-quan-nam-tu-liem-ha-noi/131638904.htm,,,Trắng,,,,
https://xe.chotot.com/mua-ban-oto-thanh-pho-thu-duc-tp-ho-chi-minh/132914223.htm,,,Xanh,"Thành phố Thủ Đức, TP. Hồ Chí Minh",,,
https://xe.chotot.com/mua-ban-oto-quan-cai-rang-can-tho/132915396.htm,,,Xám,Cần Thơ,2026,,
https://xe.chotot.com/mua-ban-oto-quan-go-vap-tp-ho-chi-minh/131091717.htm,,6.0,,,,626,
https://xe.chotot.com/mua-ban-oto-quan-go-vap-tp-ho-chi-minh/131317447.htm,,,,,,,
https://xe.chotot.com/mua-ban-oto-thanh-pho-thu-duc-tp-ho-chi-minh/132899659.htm,,,Xanh,,2025,53000,Đã qua sử dụng
https://xe.chotot.com/mua-ban-oto-huyen-binh-chanh-tp-ho-chi-minh/132784672.htm,,,,Hồ Chí Minh,2026,,Mới 100%
https://xe.chotot.com/mua-ban-oto-quan-nam-tu-liem-ha-noi/132894300.htm,,,Xám,Hà Nội,2026,450000,Mới 100%
https://xe.chotot.com/mua-ban-oto-thanh-pho-thu-duc-tp-ho-chi-minh/132872181.htm,,,,"Thủ Đức, TP. Hồ Chí Minh",2022,42000,
https://xe.chotot.com/mua-ban-oto-thanh-pho-thu-duc-tp-ho-chi-minh/132872288.htm,,7.0,,,,,
https://xe.chotot.com/mua-ban-oto-huyen-binh-chanh-tp-ho-chi-minh/132766188.htm,,4.0,,HCM,,160000,Đã qua sử dụng
https://xe.chotot.com/mua-ban-oto-thanh-pho-thu-duc-tp-ho-chi-minh/132881117.htm,,,,,,,
https://xe.chotot.com/mua-ban-oto-quan-binh-thanh-tp-ho-chi-minh/131317383.htm,,,,,,,
https://xe.chotot.com/mua-ban-oto-quan-7-tp-ho-chi-minh/131036011.htm,,,,,,,
https://xe.chotot.com/mua-ban-oto-quan-binh-thanh-tp-ho-chi-minh/132890289.htm,,,,,,,
https://xe.chotot.com/mua-ban-oto-quan-hoang-mai-ha-noi/132882760.htm,,,Đen,,,15000,Đã qua sử dụng
https://xe.chotot.com/mua-ban-oto-thanh-pho-thu-duc-tp-ho-chi-minh/132377636.htm,,,,,,,
https://xe.chotot.com/mua-ban-oto-quan-8-tp-ho-chi-minh/130996090.htm,,,,,,,
https://xe.chotot.com/mua-ban-oto-quan-5-tp-ho-chi-minh/132214774.htm,,,,,,,
https://xe.chotot.com/mua-ban-oto-quan-o-mon-can-tho/132485140.htm,,,cam,,2023,90000,
https://xe.chotot.com/mua-ban-oto-thanh-pho-thu-duc-tp-ho-chi-minh/132840277.htm,,,,,,,
https://xe.chotot.com/mua-ban-oto-quan-7-tp-ho-chi-minh/130866851.htm,,,,,,,
https://xe.chotot.com/mua-ban-oto-thanh-pho-thu-duc-tp-ho-chi-minh/131172438.htm,,,,,,,
https://xe.chotot.com/mua-ban-oto-thanh-pho-thu-duc-tp-ho-chi-minh/132717747.htm,,,,,2025,30000,Đã qua sử dụng
https://xe.chotot.com/mua-ban-oto-quan-long-bien-ha-noi/132870624.htm,,,Đỏ,"Long Biên, Hà Nội",,,
https://xe.chotot.com/mua-ban-oto-quan-7-tp-ho-chi-minh/130992162.htm,,,,,,,
https://xe.chotot.com/mua-ban-oto-thanh-pho-thu-duc-tp-ho-chi-minh/132348781.htm,,,Xám,,2025,32746,Đã qua sử dụng
https://xe.chotot.com/mua-ban-oto-quan-o-mon-can-tho/132063371.htm,null,4.0,xanh,null,null,null,null
https://xe.chotot.com/mua-ban-oto-thanh-pho-bien-hoa-dong-nai/132838382.htm,,,Trắng,,2022,53000,
https://xe.chotot.com/mua-ban-oto-quan-ha-dong-ha-noi/132838557.htm,Limo,,Đen,Hà Nội,2025,20000,
https://xe.chotot.com/mua-ban-oto-quan-binh-thanh-tp-ho-chi-minh/130989203.htm,,,,,,200000,
https://xe.chotot.com/mua-ban-oto-thanh-pho-bien-hoa-dong-nai/132778754.htm,,,Trắng,,2022,68000,Đã qua sử dụng
https://xe.chotot.com/mua-ban-oto-quan-hai-ba-trung-ha-noi/132795587.htm,,,Trắng,,2026,,
https://xe.chotot.com/mua-ban-oto-huyen-thach-that-ha-noi/132807039.htm,MPV,7.0,Trắng,,2026,450,
https://xe.chotot.com/mua-ban-oto-quan-1-tp-ho-chi-minh/130998016.htm,,,,,,,
https://xe.chotot.com/mua-ban-oto-quan-binh-tan-tp-ho-chi-minh/131127438.htm,,,NÂNG CAO,,2026,,
https://xe.chotot.com/mua-ban-oto-huyen-binh-chanh-tp-ho-chi-minh/131319998.htm,,,,"Bình Chánh, TP.HCM",,,
https://xe.chotot.com/mua-ban-oto-quan-8-tp-ho-chi-minh/132826164.htm,,,sơn zin cả xe,SG,2025,4000,Mới 100%
https://xe.chotot.com/mua-ban-oto-quan-hai-chau-da-nang/132085479.htm,,,Xanh Camo đen,,,,Đã qua sử dụng
https://xe.chotot.com/mua-ban-oto-thanh-pho-thu-duc-tp-ho-chi-minh/132758308.htm,,,Xám,"TP. Thủ Đức, TP. Hồ Chí Minh",2025,34000,Đã qua sử dụng
https://xe.chotot.com/mua-ban-oto-thanh-pho-thu-duc-tp-ho-chi-minh/132818520.htm,,,Đen,,2026,12000,Đã qua sử dụng
https://xe.chotot.com/mua-ban-oto-thanh-pho-thuan-an-binh-duong/132611647.htm,,,Đỏ,,,,Mới 100%
https://xe.chotot.com/mua-ban-oto-huyen-binh-chanh-tp-ho-chi-minh/132817055.htm,SUV,,,,,,
https://xe.chotot.com/mua-ban-oto-quan-12-tp-ho-chi-minh/132737031.htm,SUV,7.0,,,2026,,Mới 100%
https://xe.chotot.com/mua-ban-oto-thanh-pho-thu-duc-tp-ho-chi-minh/132627862.htm,,,Trắng,,2026,3000,Mới 100%
https://xe.chotot.com/mua-ban-oto-quan-long-bien-ha-noi/132798656.htm,,,Đen,,2023,50000,
https://xe.chotot.com/mua-ban-oto-thanh-pho-thu-duc-tp-ho-chi-minh/132798616.htm,,,Xám,TP. Hồ Chí Minh,2024,40000,Đã qua sử dụng
https://xe.chotot.com/mua-ban-oto-quan-lien-chieu-da-nang/131659055.htm,,7.0,,"363 Tôn Đức Thắng, Phường Hòa Khánh, TP.Đà Nẵng",,,
https://xe.chotot.com/mua-ban-oto-quan-long-bien-ha-noi/132800194.htm,,,Xám,,,,
https://xe.chotot.com/mua-ban-oto-quan-7-tp-ho-chi-minh/132776220.htm,,,,,2025,47000,Đã qua sử dụng
https://xe.chotot.com/mua-ban-oto-quan-long-bien-ha-noi/132787903.htm,,,Đỏ,,2025,10000,Đã qua sử dụng
https://xe.chotot.com/mua-ban-oto-quan-long-bien-ha-noi/132800359.htm,,,,,,,
https://xe.chotot.com/mua-ban-oto-quan-ha-dong-ha-noi/132784102.htm,,,Xám,,2023,69000,Đã qua sử dụng
https://xe.chotot.com/mua-ban-oto-thanh-pho-thuan-an-binh-duong/132777587.htm,SUV,5.0,Trắng,,,,
https://xe.chotot.com/mua-ban-oto-quan-ha-dong-ha-noi/132790735.htm,,,Trắng,Hà Nội,2024,42000,
https://xe.chotot.com/mua-ban-oto-quan-long-bien-ha-noi/132771398.htm,,,Trắng,,2023,47000,Mới 100%
https://xe.chotot.com/mua-ban-oto-quan-long-bien-ha-noi/132766294.htm,Limo,,Đen,,2025,1000,
https://xe.chotot.com/mua-ban-oto-quan-cai-rang-can-tho/132772907.htm,null,,Trắng,,2026,,
https://xe.chotot.com/mua-ban-oto-thi-xa-son-tay-ha-noi/132775707.htm,,,limogreen,,,,
https://xe.chotot.com/mua-ban-oto-quan-binh-thanh-tp-ho-chi-minh/132406265.htm,,,,,2026,,Mới 100%
https://xe.chotot.com/mua-ban-oto-quan-binh-thanh-tp-ho-chi-minh/132338299.htm,,,,,2026,,
https://xe.chotot.com/mua-ban-oto-quan-binh-thanh-tp-ho-chi-minh/132405590.htm,,,,,2026,,
https://xe.chotot.com/mua-ban-oto-huyen-binh-chanh-tp-ho-chi-minh/132645039.htm,null,7.0,null,"Bình Chánh, Tphcm",,,
https://xe.chotot.com/mua-ban-oto-quan-cau-giay-ha-noi/132758961.htm,,,Xám,"Cầu Giấy, Hà Nội",2025,,
https://xe.chotot.com/mua-ban-oto-quan-binh-tan-tp-ho-chi-minh/132731112.htm,,,,,2025,10000,Đã qua sử dụng
https://xe.chotot.com/mua-ban-oto-thanh-pho-thuan-an-binh-duong/132710626.htm,,,Trắng,HCM,,,
https://xe.chotot.com/mua-ban-oto-thanh-pho-thu-duc-tp-ho-chi-minh/132759098.htm,,,Xám,"TP. Thủ Đức, TP. Hồ Chí Minh",2025,34000,Đã qua sử dụng
https://xe.chotot.com/mua-ban-oto-quan-go-vap-tp-ho-chi-minh/131562657.htm,,6.0,,,,,
https://xe.chotot.com/mua-ban-oto-thanh-pho-thuan-an-binh-duong/132716576.htm,,,Trắng,,,,
https://xe.chotot.com/mua-ban-oto-thi-xa-duy-tien-ha-nam/132755583.htm,null,,null,null,2026,,null
https://xe.chotot.com/mua-ban-oto-quan-12-tp-ho-chi-minh/132662107.htm,SUV,,,,,,
https://xe.chotot.com/mua-ban-oto-quan-thanh-xuan-ha-noi/132679082.htm,,,Trắng,,,,
https://xe.chotot.com/mua-ban-oto-quan-5-tp-ho-chi-minh/132589556.htm,SUV,,,"Em Bảo 664 Võ Văn Kiệt, Chợ Quán, Tp. Hồ Chí Minh",,326,
https://xe.chotot.com/mua-ban-oto-huyen-thach-that-ha-noi/132662280.htm,,,Trắng,,2026,,Mới 100%
https://xe.chotot.com/mua-ban-oto-thanh-pho-thu-duc-tp-ho-chi-minh/132495899.htm,SUV,,,,,,
https://xe.chotot.com/mua-ban-oto-thanh-pho-thu-duc-tp-ho-chi-minh/132678467.htm,,,Đen,Tỉnh,2025,2600,Mới 100%
https://xe.chotot.com/mua-ban-oto-thanh-pho-thu-duc-tp-ho-chi-minh/132678513.htm,,,Đỏ,,2025,1300,Mới 100%
https://xe.chotot.com/mua-ban-oto-quan-1-tp-ho-chi-minh/132647038.htm,,7.0,xám,,2022,50000,Đã qua sử dụng
https://xe.chotot.com/mua-ban-oto-thanh-pho-thu-duc-tp-ho-chi-minh/132650905.htm,,,Trắng,,,,
https://xe.chotot.com/mua-ban-oto-quan-cau-giay-ha-noi/132398431.htm,,7.0,Xám,,2024,,
https://xe.chotot.com/mua-ban-oto-thanh-pho-thu-duc-tp-ho-chi-minh/132510607.htm,D-SUV,,,,2026,,
https://xe.chotot.com/mua-ban-oto-huyen-tan-phuoc-tien-giang/132680622.htm,Limo,,,,2025,29000,Đã qua sử dụng
https://xe.chotot.com/mua-ban-oto-thanh-pho-thu-duc-tp-ho-chi-minh/132480751.htm,,,,,,,
https://xe.chotot.com/mua-ban-oto-thanh-pho-bien-hoa-dong-nai/132645129.htm,SUV,,,,,,
https://xe.chotot.com/mua-ban-oto-quan-tay-ho-ha-noi/132616337.htm,,,trắng,"Tây Hồ, Hà Nội",,,
https://xe.chotot.com/mua-ban-oto-thanh-pho-thu-duc-tp-ho-chi-minh/132480359.htm,MPV,,,"Thành phố Thủ Đức, TP.HCM",,,
https://xe.chotot.com/mua-ban-oto-thanh-pho-thu-duc-tp-ho-chi-minh/132481184.htm,,,,,,,
https://xe.chotot.com/mua-ban-oto-thanh-pho-thu-duc-tp-ho-chi-minh/132493471.htm,,,,,,,
https://xe.chotot.com/mua-ban-oto-thanh-pho-thu-duc-tp-ho-chi-minh/132608159.htm,,,,,2026,500000,
https://xe.chotot.com/mua-ban-oto-thanh-pho-thu-duc-tp-ho-chi-minh/132612370.htm,,,Đen,,2025,0,Mới 100%
https://xe.chotot.com/mua-ban-oto-quan-7-tp-ho-chi-minh/132654897.htm,,,Trắng,"Quận 7, TP. Hồ Chí Minh",,,
https://xe.chotot.com/mua-ban-oto-thanh-pho-thu-duc-tp-ho-chi-minh/131173087.htm,,,,,,,
https://xe.chotot.com/mua-ban-oto-thanh-pho-buon-ma-thuot-dak-lak/132616877.htm,,,Trắng,,2025,,
https://xe.chotot.com/mua-ban-oto-thanh-pho-thu-duc-tp-ho-chi-minh/132628612.htm,,,Xám,,2025,,
https://xe.chotot.com/mua-ban-oto-huyen-binh-chanh-tp-ho-chi-minh/131316025.htm,null,,null,TP.HCM,2022,111111,Đã qua sử dụng
https://xe.chotot.com/mua-ban-oto-thanh-pho-thu-dau-mot-binh-duong/132570333.htm,null,,Đỏ,,2024,,
https://xe.chotot.com/mua-ban-oto-thanh-pho-thuan-an-binh-duong/132516555.htm,,,,,,,
https://xe.chotot.com/mua-ban-oto-thanh-pho-di-an-binh-duong/132529717.htm,,,,,,,
https://xe.chotot.com/mua-ban-oto-thanh-pho-da-lat-lam-dong/132555927.htm,,,Đỏ,,,,
https://xe.chotot.com/mua-ban-oto-huyen-binh-chanh-tp-ho-chi-minh/132558382.htm,,,,"Bình Chánh, TP.Hồ Chí Minh",,,
https://xe.chotot.com/mua-ban-oto-quan-long-bien-ha-noi/132535112.htm,MVP,,,"Tầng 1, TTTM Vincom Plaza Long Biên, KĐT Vinhomes Riverside, P. Phúc Lợi, Hà Nội",,,
https://xe.chotot.com/mua-ban-oto-thanh-pho-thu-duc-tp-ho-chi-minh/132497316.htm,Limo,,,"Thành phố Thủ Đức, TP.HCM",2025,,
https://xe.chotot.com/mua-ban-oto-quan-go-vap-tp-ho-chi-minh/132520778.htm,,,,,,,
https://xe.chotot.com/mua-ban-oto-quan-long-bien-ha-noi/132486154.htm,,,Đỏ,,,,
https://xe.chotot.com/mua-ban-oto-quan-12-tp-ho-chi-minh/132521004.htm,,,Xám,,,,
https://xe.chotot.com/mua-ban-oto-thanh-pho-thu-duc-tp-ho-chi-minh/132526310.htm,,,,,,,
https://xe.chotot.com/mua-ban-oto-thi-xa-duy-tien-ha-nam/132560345.htm,,,,,,,
https://xe.chotot.com/mua-ban-oto-thanh-pho-thuan-an-binh-duong/132491037.htm,,,Trắng,,,,
https://xe.chotot.com/mua-ban-oto-thanh-pho-thuan-an-binh-duong/132512045.htm,,,,,,,
https://xe.chotot.com/mua-ban-oto-quan-7-tp-ho-chi-minh/131193135.htm,,,,"Quận 7, TP Hồ Chí Minh",,,
https://xe.chotot.com/mua-ban-oto-thanh-pho-thu-duc-tp-ho-chi-minh/132269211.htm,,,GREEN,,,,
https://xe.chotot.com/mua-ban-oto-quan-5-tp-ho-chi-minh/132159000.htm,,,,"664 Võ Văn Kiệt, Phường 3, Quận 5, TP.HCM",2026,,
https://xe.chotot.com/mua-ban-oto-thanh-pho-thu-duc-tp-ho-chi-minh/132479920.htm,,,Trắng,,2025,67000,Đã qua sử dụng
https://xe.chotot.com/mua-ban-oto-thanh-pho-buon-ma-thuot-dak-lak/132494578.htm,,,Trắng,BMT,2026,20000,Mới 100%
https://xe.chotot.com/mua-ban-oto-quan-12-tp-ho-chi-minh/132474500.htm,SUV,,Cam,,2023,,
https://xe.chotot.com/mua-ban-oto-quan-5-tp-ho-chi-minh/132475329.htm,,,,,2025,5000,
https://xe.chotot.com/mua-ban-oto-huyen-thach-that-ha-noi/132455228.htm,,,,,,,
https://xe.chotot.com/mua-ban-oto-thanh-pho-thuan-an-binh-duong/132459140.htm,,5.0,trắng,,,,Mới 100%
https://xe.chotot.com/mua-ban-oto-thanh-pho-thu-duc-tp-ho-chi-minh/132474349.htm,,,,,2026,504,
https://xe.chotot.com/mua-ban-oto-thanh-pho-thu-duc-tp-ho-chi-minh/132376769.htm,,,,"50 Nguyễn Văn Tăng, P. Long Thạnh Mỹ, TP Thủ Đức",,,
https://xe.chotot.com/mua-ban-oto-thanh-pho-thu-duc-tp-ho-chi-minh/132452148.htm,,,Đỏ,"409 Nguyễn Văn Bá, Phường Thủ Đức, TP. HCM",2023,68000,Đã qua sử dụng
https://xe.chotot.com/mua-ban-oto-huyen-binh-chanh-tp-ho-chi-minh/132459527.htm,,,Xanh,,,,
https://xe.chotot.com/mua-ban-oto-quan-ha-dong-ha-noi/132322744.htm,,,,,,,
https://xe.chotot.com/mua-ban-oto-quan-lien-chieu-da-nang/132454550.htm,,,,"363 Tôn Đức Thắng, Phường Hòa Khánh, TP.Đà Nẵng",,,
https://xe.chotot.com/mua-ban-oto-quan-lien-chieu-da-nang/132453995.htm,,,,Đà Nẵng,,,
https://xe.chotot.com/mua-ban-oto-quan-12-tp-ho-chi-minh/132454737.htm,,,,,,,
https://xe.chotot.com/mua-ban-oto-quan-long-bien-ha-noi/132446935.htm,,,Đỏ,,2023,3900,Đã qua sử dụng
https://xe.chotot.com/mua-ban-oto-huyen-cu-chi-tp-ho-chi-minh/132445529.htm,,,Xám,,2024,10000,Đã qua sử dụng
https://xe.chotot.com/mua-ban-oto-thanh-pho-thuan-an-binh-duong/132308281.htm,,,,,2025,,Mới 100%
https://xe.chotot.com/mua-ban-oto-thanh-pho-thu-duc-tp-ho-chi-minh/132423119.htm,Limo,,Đỏ,,2025,17000,Đã qua sử dụng
https://xe.chotot.com/mua-ban-oto-quan-go-vap-tp-ho-chi-minh/132221977.htm,,,,,,,
https://xe.chotot.com/mua-ban-oto-thanh-pho-thu-duc-tp-ho-chi-minh/132457180.htm,,,Bạc,,2025,6000,Mới 100%
https://xe.chotot.com/mua-ban-oto-huyen-thach-that-ha-noi/132405534.htm,SUV,,,,,,
https://xe.chotot.com/mua-ban-oto-thanh-pho-thu-duc-tp-ho-chi-minh/132410225.htm,,,,,,,
https://xe.chotot.com/mua-ban-oto-thi-xa-ben-cat-binh-duong/132476983.htm,,,,,,,
https://xe.chotot.com/mua-ban-oto-huyen-duc-trong-lam-dong/132411541.htm,,4.0,Đỏ,,,215,
https://xe.chotot.com/mua-ban-oto-thanh-pho-thu-duc-tp-ho-chi-minh/132396018.htm,,,trắng,,2025,11000,Mới 100%
https://xe.chotot.com/mua-ban-oto-quan-lien-chieu-da-nang/132416736.htm,,,,Đà Nẵng,,,
https://xe.chotot.com/mua-ban-oto-quan-lien-chieu-da-nang/132416774.htm,,,,Đà Nẵng,,,
https://xe.chotot.com/mua-ban-oto-quan-lien-chieu-da-nang/132417026.htm,,,Xám,TP.Đà Nẵng,,,
https://xe.chotot.com/mua-ban-oto-thanh-pho-thu-duc-tp-ho-chi-minh/132410245.htm,,,Trắng,,,,
https://xe.chotot.com/mua-ban-oto-thanh-pho-thu-duc-tp-ho-chi-minh/132391449.htm,,,Xám,,2024,57000,Đã qua sử dụng
https://xe.chotot.com/mua-ban-oto-thanh-pho-ba-ria-ba-ria-vung-tau/132388896.htm,,,,,,,
https://xe.chotot.com/mua-ban-oto-quan-7-tp-ho-chi-minh/131122728.htm,,,,,,,
https://xe.chotot.com/mua-ban-oto-huyen-gia-lam-ha-noi/132333984.htm,,,Trắng,"Gia Lâm, Hà Nội",2022,49000,Đã qua sử dụng
https://xe.chotot.com/mua-ban-oto-huyen-gia-lam-ha-noi/132333933.htm,,,Đỏ,,2022,36825,Đã qua sử dụng
https://xe.chotot.com/mua-ban-oto-quan-hoang-mai-ha-noi/132361349.htm,,5.0,Đỏ,,2024,26404,
https://xe.chotot.com/mua-ban-oto-quan-dong-da-ha-noi/132333962.htm,,,Xám,,2024,,Mới 100%
https://xe.chotot.com/mua-ban-oto-thanh-pho-thu-duc-tp-ho-chi-minh/132347578.htm,,7.0,Trắng,,,,
https://xe.chotot.com/mua-ban-oto-huyen-luc-nam-bac-giang/132359679.htm,,,Xám,Bắc Giang,2023,3.4,Đã qua sử dụng
https://xe.chotot.com/mua-ban-oto-huyen-binh-chanh-tp-ho-chi-minh/132405132.htm,,,,,,,
https://xe.chotot.com/mua-ban-oto-huyen-thach-that-ha-noi/132366171.htm,,,,VinFast Hòa Lạc,,,
https://xe.chotot.com/mua-ban-oto-thanh-pho-thu-duc-tp-ho-chi-minh/132367490.htm,null,,Trắng,,2025,6000,
https://xe.chotot.com/mua-ban-oto-huyen-thanh-tri-ha-noi/132376146.htm,,,Trắng,,,5899,Mới 100%
https://xe.chotot.com/mua-ban-oto-quan-long-bien-ha-noi/132314807.htm,MPV,,Đỏ,"Long Biên, Hà Nội",,,
https://xe.chotot.com/mua-ban-oto-thanh-pho-hue-thua-thien-hue/130991978.htm,,,,,2026,,
https://xe.chotot.com/mua-ban-oto-huyen-thanh-tri-ha-noi/131139780.htm,null,,null,null,,,null
https://xe.chotot.com/mua-ban-oto-quan-go-vap-tp-ho-chi-minh/132312306.htm,SUV,,Trắng,,,300,Mới 100%
https://xe.chotot.com/mua-ban-oto-thanh-pho-hue-thua-thien-hue/130991908.htm,,,,,2026,,
https://xe.chotot.com/mua-ban-oto-thanh-pho-hue-thua-thien-hue/130991981.htm,,,,,2029,,
https://xe.chotot.com/mua-ban-oto-thanh-pho-thu-duc-tp-ho-chi-minh/132102362.htm,,,,,,,
https://xe.chotot.com/mua-ban-oto-quan-cai-rang-can-tho/132264018.htm,null,7.0,null,null,,,Mới 100%
https://xe.chotot.com/mua-ban-oto-thanh-pho-thu-duc-tp-ho-chi-minh/132264004.htm,null,7.0,null,"Thành phố Thủ Đức, TP. Hồ Chí Minh",null,null,null
https://xe.chotot.com/mua-ban-oto-quan-long-bien-ha-noi/132270487.htm,Limo,,đen,,2025,17000,Đã qua sử dụng
https://xe.chotot.com/mua-ban-oto-thanh-pho-thu-duc-tp-ho-chi-minh/132269683.htm,,,,,,,
https://xe.chotot.com/mua-ban-oto-quan-7-tp-ho-chi-minh/132264902.htm,Van,,,,,,
https://xe.chotot.com/mua-ban-oto-thanh-pho-thu-duc-tp-ho-chi-minh/132244446.htm,,,,,,,
https://xe.chotot.com/mua-ban-oto-quan-8-tp-ho-chi-minh/132283570.htm,,,,SG,2025,590,Mới 100%
https://xe.chotot.com/mua-ban-oto-quan-bac-tu-liem-ha-noi/132370917.htm,SUV,,,Hà Nội,2026,,
https://xe.chotot.com/mua-ban-oto-thanh-pho-ha-tinh-ha-tinh/132240702.htm,,,,,,,
https://xe.chotot.com/mua-ban-oto-thanh-pho-thu-duc-tp-ho-chi-minh/132213926.htm,,4.0,xanh rêu,,,,
https://xe.chotot.com/mua-ban-oto-huyen-cu-chi-tp-ho-chi-minh/132211283.htm,,,Green,Củ Chi,,,
https://xe.chotot.com/mua-ban-oto-quan-7-tp-ho-chi-minh/132218173.htm,,,"Xám, Trắng, Đỏ, Xanh, Vàng, Xanh lá",TP.HCM,,,
https://xe.chotot.com/mua-ban-oto-thanh-pho-buon-ma-thuot-dak-lak/132176587.htm,null,,Bạc,Đăk Nông,,300,Mới 100%
https://xe.chotot.com/mua-ban-oto-quan-ngu-hanh-son-da-nang/132241034.htm,,,,Đà Nẵng,,,
https://xe.chotot.com/mua-ban-oto-thanh-pho-thu-duc-tp-ho-chi-minh/132172627.htm,,,Đen,,2024,25000,Đã qua sử dụng
https://xe.chotot.com/mua-ban-oto-thanh-pho-thu-duc-tp-ho-chi-minh/132103588.htm,,,,,,,
https://xe.chotot.com/mua-ban-oto-quan-7-tp-ho-chi-minh/132192331.htm,,,Đỏ,,2023,,
https://xe.chotot.com/mua-ban-oto-huyen-thach-that-ha-noi/132112801.htm,,,,,,,
https://xe.chotot.com/mua-ban-oto-thanh-pho-thu-duc-tp-ho-chi-minh/132192312.htm,,,Đen,,2024,59000,Đã qua sử dụng
https://xe.chotot.com/mua-ban-oto-quan-tan-phu-tp-ho-chi-minh/132175794.htm,,,Đỏ,,,,
https://xe.chotot.com/mua-ban-oto-thanh-pho-thuan-an-binh-duong/132188469.htm,,,Đen,,,,
https://xe.chotot.com/mua-ban-oto-quan-hoang-mai-ha-noi/132115551.htm,,,Đỏ,,2026,,
https://xe.chotot.com/mua-ban-oto-huyen-thach-that-ha-noi/132114536.htm,,,,,,,
https://xe.chotot.com/mua-ban-oto-quan-cai-rang-can-tho/132164966.htm,,,Xám,,2026,,
https://xe.chotot.com/mua-ban-oto-quan-long-bien-ha-noi/132084759.htm,,,,,2026,,Mới 100%
https://xe.chotot.com/mua-ban-oto-thanh-pho-thu-duc-tp-ho-chi-minh/132057793.htm,,,Đỏ,,2024,8000,Đã qua sử dụng
https://xe.chotot.com/mua-ban-oto-thanh-pho-thu-duc-tp-ho-chi-minh/132129361.htm,,,,"Thủ Đức, TP. Hồ Chí Minh",,,
https://xe.chotot.com/mua-ban-oto-quan-binh-thuy-can-tho/131886536.htm,,,bạc,,,200000,
https://xe.chotot.com/mua-ban-oto-huyen-cu-chi-tp-ho-chi-minh/132047981.htm,,,,,,,Mới 100%
https://xe.chotot.com/mua-ban-oto-thanh-pho-thu-duc-tp-ho-chi-minh/132104319.htm,,,Xám,HCM,2025,24000,Mới 100%
https://xe.chotot.com/mua-ban-oto-quan-long-bien-ha-noi/132014135.htm,,5.0,Trắng,,,320000,
https://xe.chotot.com/mua-ban-oto-quan-nam-tu-liem-ha-noi/132088451.htm,,,xám xi măng,,2025,8000,Mới 100%
https://xe.chotot.com/mua-ban-oto-quan-ngu-hanh-son-da-nang/132031491.htm,,,Đỏ Ruby,Đà Nẵng,,,
https://xe.chotot.com/mua-ban-oto-quan-7-tp-ho-chi-minh/131833439.htm,,,,,,,
https://xe.chotot.com/mua-ban-oto-thanh-pho-thu-duc-tp-ho-chi-minh/132112601.htm,,,màu xám,,2025,25000,Như mới
https://xe.chotot.com/mua-ban-oto-quan-12-tp-ho-chi-minh/131888069.htm,,,,,,,
https://xe.chotot.com/mua-ban-oto-huyen-xuan-loc-dong-nai/132099735.htm,,,Đỏ,Đồng Nai,2022,49000,Đã qua sử dụng
https://xe.chotot.com/mua-ban-oto-quan-nam-tu-liem-ha-noi/132002995.htm,,,,Hà Nội,2025,30000,Đã qua sử dụng
https://xe.chotot.com/mua-ban-oto-thanh-pho-thu-duc-tp-ho-chi-minh/131663130.htm,,,,,,,
https://xe.chotot.com/mua-ban-oto-quan-7-tp-ho-chi-minh/130790178.htm,,,,,,471,
https://xe.chotot.com/mua-ban-oto-quan-6-tp-ho-chi-minh/131886496.htm,,,xanh lá,,,200000,
https://xe.chotot.com/mua-ban-oto-huyen-nhon-trach-dong-nai/131886642.htm,,,xanh đậm,,,200000,
https://xe.chotot.com/mua-ban-oto-thanh-pho-thai-nguyen-thai-nguyen/131920657.htm,,,Trắng,,,,
https://xe.chotot.com/mua-ban-oto-thanh-pho-thai-nguyen-thai-nguyen/131921359.htm,,,Xanh,,2025,,
https://xe.chotot.com/mua-ban-oto-quan-8-tp-ho-chi-minh/131594495.htm,,,,,,,
https://xe.chotot.com/mua-ban-oto-thanh-pho-thai-nguyen-thai-nguyen/131922914.htm,,,Đỏ,,2025,,
https://xe.chotot.com/mua-ban-oto-thanh-pho-thai-nguyen-thai-nguyen/131986380.htm,,,Đỏ,,2025,,
https://xe.chotot.com/mua-ban-oto-quan-hai-chau-da-nang/130563817.htm,Sport,,Đỏ đen,,2025,,Mới 100%
https://xe.chotot.com/mua-ban-oto-quan-go-vap-tp-ho-chi-minh/120372017.htm,,,,,,200000,
https://xe.chotot.com/mua-ban-oto-huyen-hoc-mon-tp-ho-chi-minh/132013506.htm,,,Xám,Tphcm,2025,,Mới 100%
https://xe.chotot.com/mua-ban-oto-quan-7-tp-ho-chi-minh/131594084.htm,null,7.0,null,null,null,null,null
https://xe.chotot.com/mua-ban-oto-quan-tan-phu-tp-ho-chi-minh/120559487.htm,,,,,,200000,
https://xe.chotot.com/mua-ban-oto-thanh-pho-thu-duc-tp-ho-chi-minh/132016947.htm,,,Xám,"Thủ Đức, HCM",2024,57000,Đã qua sử dụng
https://xe.chotot.com/mua-ban-oto-quan-cau-giay-ha-noi/131935094.htm,,,Trắng,,2025,40000,Đã qua sử dụng
https://xe.chotot.com/mua-ban-oto-quan-binh-tan-tp-ho-chi-minh/131982365.htm,,,xanh quân đội,Tphcm,2025,22000,Mới 100%
https://xe.chotot.com/mua-ban-oto-thanh-pho-thu-duc-tp-ho-chi-minh/131653488.htm,,,GREEN,,,,
https://xe.chotot.com/mua-ban-oto-quan-5-tp-ho-chi-minh/131480627.htm,,,xám,,,160000,Đã qua sử dụng
https://xe.chotot.com/mua-ban-oto-quan-long-bien-ha-noi/131982199.htm,,,,,2025,8000,Mới 100%
https://xe.chotot.com/mua-ban-oto-quan-long-bien-ha-noi/131690731.htm,,,"Trắng, Xám, Đỏ, Xanh lá nhạt, Xanh dương nóc trắng, Hồng phấn nóc trắng, Vàng nóc trắng",,2026,,Mới 100%
https://xe.chotot.com/mua-ban-oto-quan-ha-dong-ha-noi/131990860.htm,,4.0,Xanh,,2024,,
https://xe.chotot.com/mua-ban-oto-quan-12-tp-ho-chi-minh/131939314.htm,,,Đen,,2023,36000,Đã qua sử dụng
https://xe.chotot.com/mua-ban-oto-huyen-thach-that-ha-noi/131631430.htm,,,"hồng, vàng, xanh lá nhạt",,2025,,Mới 100%
https://xe.chotot.com/mua-ban-oto-quan-dong-da-ha-noi/131994406.htm,,,Trắng,,2026,,
https://xe.chotot.com/mua-ban-oto-thanh-pho-thu-duc-tp-ho-chi-minh/132018313.htm,LIMO,,GREEN,,,,
https://xe.chotot.com/mua-ban-oto-thanh-pho-thu-duc-tp-ho-chi-minh/132022237.htm,,,,,,,
https://xe.chotot.com/mua-ban-oto-quan-bac-tu-liem-ha-noi/132023821.htm,,,Đỏ cờ,"Mỹ Đình, Hà Nội",2024,,Mới 100%
https://xe.chotot.com/mua-ban-oto-thanh-pho-thu-duc-tp-ho-chi-minh/132024361.htm,,,Trắng,,2024,28000,Đã qua sử dụng
https://xe.chotot.com/mua-ban-oto-thanh-pho-thu-duc-tp-ho-chi-minh/132002822.htm,,,đỏ,,,,
https://xe.chotot.com/mua-ban-oto-thanh-pho-thu-duc-tp-ho-chi-minh/132024817.htm,,,Xám,,2025,37000,Đã qua sử dụng
https://xe.chotot.com/mua-ban-oto-quan-cau-giay-ha-noi/132007523.htm,,,Vàng,,2025,,
https://xe.chotot.com/mua-ban-oto-thanh-pho-thu-duc-tp-ho-chi-minh/131906523.htm,,,Trắng,TP. Thủ Đức,2024,25000,Đã qua sử dụng
https://xe.chotot.com/mua-ban-oto-thi-xa-cai-lay-tien-giang/131984236.htm,null,,Xanh rêu,,,4000,Đã qua sử dụng
https://xe.chotot.com/mua-ban-oto-quan-8-tp-ho-chi-minh/131986310.htm,,,,SG,2025,13000,
https://xe.chotot.com/mua-ban-oto-huyen-cu-chi-tp-ho-chi-minh/130613925.htm,,,,,2026,100,Mới 100%
https://xe.chotot.com/mua-ban-oto-quan-bac-tu-liem-ha-noi/131986400.htm,,,Xám xi măng,"Mỹ Đình, Hà Nội",,,
https://xe.chotot.com/mua-ban-oto-quan-thanh-xuan-ha-noi/131958925.htm,,6.0,,,2025,0,Mới 100%
https://xe.chotot.com/mua-ban-oto-quan-bac-tu-liem-ha-noi/131870651.htm,,,Đỏ,,2024,1000,Đã qua sử dụng
https://xe.chotot.com/mua-ban-oto-thanh-pho-ba-ria-ba-ria-vung-tau/131949448.htm,,,,,,,
https://xe.chotot.com/mua-ban-oto-huyen-long-thanh-dong-nai/131993543.htm,null,4.0,Trắng,"Nhơn Trạch, Đồng Nai",2025,21000,Đã qua sử dụng
https://xe.chotot.com/mua-ban-oto-thanh-pho-thai-nguyen-thai-nguyen/131920802.htm,,5.0,Xám,,,,
https://xe.chotot.com/mua-ban-oto-thanh-pho-thai-nguyen-thai-nguyen/131921120.htm,,,Đỏ,,,,
https://xe.chotot.com/mua-ban-oto-quan-tan-phu-tp-ho-chi-minh/131856567.htm,,,Đỏ,,,550,
https://xe.chotot.com/mua-ban-oto-thi-xa-phu-my-ba-ria-vung-tau/131893499.htm,,,Trắng,brvt,2024,27000,Mới 100%
https://xe.chotot.com/mua-ban-oto-huyen-long-thanh-dong-nai/131893915.htm,,4.0,Xanh,,2025,15000,
https://xe.chotot.com/mua-ban-oto-quan-hoang-mai-ha-noi/131898407.htm,,,Trắng,,2022,,Đã qua sử dụng
https://xe.chotot.com/mua-ban-oto-quan-binh-tan-tp-ho-chi-minh/131750164.htm,,,Vàng,Hồ Chí Minh,,,Đã qua sử dụng
https://xe.chotot.com/mua-ban-oto-quan-cau-giay-ha-noi/131899499.htm,,,Trắng,,2025,40000,Đã qua sử dụng
https://xe.chotot.com/mua-ban-oto-thanh-pho-thu-dau-mot-binh-duong/131873552.htm,,,Xanh,Bình Dương,2024,20000,
https://xe.chotot.com/mua-ban-oto-huyen-thanh-tri-ha-noi/131698346.htm,,,Đỏ,,2022,79000,Đã qua sử dụng
https://xe.chotot.com/mua-ban-oto-thanh-pho-di-an-binh-duong/131876881.htm,,5.0,Vàng đồng,,,,
https://xe.chotot.com/mua-ban-oto-quan-long-bien-ha-noi/131859154.htm,,7.0,Trắng,,2025,15000,
https://xe.chotot.com/mua-ban-oto-huyen-thach-that-ha-noi/131825553.htm,,,Trắng,Hà Nội,2024,24000,
https://xe.chotot.com/mua-ban-oto-thanh-pho-thu-duc-tp-ho-chi-minh/131824341.htm,,,Đỏ,"Thành phố Thủ Đức, TP. Hồ Chí Minh",,,
https://xe.chotot.com/mua-ban-oto-quan-duong-kinh-hai-phong/131856470.htm,,,Đỏ,,2024,150000,Đã qua sử dụng
https://xe.chotot.com/mua-ban-oto-huyen-trang-bom-dong-nai/131559648.htm,,,Vàng,,,,
https://xe.chotot.com/mua-ban-oto-quan-cau-giay-ha-noi/131737517.htm,,,Xanh lá nhạt,Cầu Giấy - Hà Nội,,,Mới 100%
https://xe.chotot.com/mua-ban-oto-quan-hai-chau-da-nang/131859534.htm,,,Vàng trắng,,2024,14000,Đã qua sử dụng
https://xe.chotot.com/mua-ban-oto-quan-long-bien-ha-noi/131861424.htm,,4.0,Đỏ,"Long Biên, Hà Nội",,,
https://xe.chotot.com/mua-ban-oto-thanh-pho-thu-duc-tp-ho-chi-minh/131831115.htm,,,Xanh Rêu,,,,Mới 100%
https://xe.chotot.com/mua-ban-oto-quan-cau-giay-ha-noi/131860378.htm,,,Xanh,Hà Nội,2025,1000,Mới 100%
https://xe.chotot.com/mua-ban-oto-quan-8-tp-ho-chi-minh/131837652.htm,,,Xanh,Chợ PHẠM THẾ HIỂN Q8,2025,14000,
https://xe.chotot.com/mua-ban-oto-quan-hai-chau-da-nang/131573228.htm,Sport,,Trắng đen,,2024,,Đã qua sử dụng
https://xe.chotot.com/mua-ban-oto-thanh-pho-thu-duc-tp-ho-chi-minh/131837299.htm,,,Xám,"Thành phố Thủ Đức, TP Hồ Chí Minh",2025,,
https://xe.chotot.com/mua-ban-oto-thanh-pho-tay-ninh-tay-ninh/131801900.htm,,,,,2022,80000,Đã qua sử dụng
https://xe.chotot.com/mua-ban-oto-quan-bac-tu-liem-ha-noi/131802856.htm,,,Trắng,,,,
https://xe.chotot.com/mua-ban-oto-quan-hai-chau-da-nang/131613719.htm,null,,Trắng hồng đen,,2025,,Đã qua sử dụng
https://xe.chotot.com/mua-ban-oto-huyen-binh-chanh-tp-ho-chi-minh/131743880.htm,,,Đỏ,,2025,,Mới 100%
https://xe.chotot.com/mua-ban-oto-quan-dong-da-ha-noi/131756372.htm,,,Xanh dương,,2025,,Mới 100%
https://xe.chotot.com/mua-ban-oto-quan-3-tp-ho-chi-minh/131782684.htm,,,Xanh,,2024,,
https://xe.chotot.com/mua-ban-oto-quan-cau-giay-ha-noi/131782230.htm,,,trắng,,,7350,Mới 100%
https://xe.chotot.com/mua-ban-oto-quan-go-vap-tp-ho-chi-minh/130615095.htm,,,Carrara White Metallic,,2023,9984,
https://xe.chotot.com/mua-ban-oto-huyen-hoc-mon-tp-ho-chi-minh/131651712.htm,null,,Đen,"Hóc Môn, TP Hồ Chí Minh",,,
https://xe.chotot.com/mua-ban-oto-quan-12-tp-ho-chi-minh/131712106.htm,,,Xanh Navy,,2025,4000,Mới 100%
https://xe.chotot.com/mua-ban-oto-quan-bac-tu-liem-ha-noi/131526643.htm,,,Xám xi măng,"Mỹ Đình, Hà Nội",,,
https://xe.chotot.com/mua-ban-oto-thanh-pho-thu-duc-tp-ho-chi-minh/131732789.htm,,,Xanh lá,,,,
https://xe.chotot.com/mua-ban-oto-thanh-pho-thu-duc-tp-ho-chi-minh/131585218.htm,null,,Hồng,,,4961,Đã qua sử dụng
https://xe.chotot.com/mua-ban-oto-quan-cai-rang-can-tho/131689288.htm,MPV,7.0,,"Cái Răng, Cần Thơ",,,
https://xe.chotot.com/mua-ban-oto-thanh-pho-vung-tau-ba-ria-vung-tau/131726992.htm,,,Vàng,Vũng tàu,2025,5000,Mới 100%
https://xe.chotot.com/mua-ban-oto-quan-hong-bang-hai-phong/131702199.htm,,,,,2026,,Mới 100%
https://xe.chotot.com/mua-ban-oto-thi-xa-ba-don-quang-binh/131703801.htm,,,Vàng,Quảng Trị,,,
https://xe.chotot.com/mua-ban-oto-thanh-pho-thu-duc-tp-ho-chi-minh/131685753.htm,,,Minio Green,,,,
https://xe.chotot.com/mua-ban-oto-thanh-pho-vung-tau-ba-ria-vung-tau/131708612.htm,,,Đỏ,,2022,,
https://xe.chotot.com/mua-ban-oto-thanh-pho-thu-duc-tp-ho-chi-minh/131656060.htm,,,,,2026,,
https://xe.chotot.com/mua-ban-oto-quan-tan-phu-tp-ho-chi-minh/131594868.htm,,,Trắng,,2024,52500,Đã qua sử dụng
https://xe.chotot.com/mua-ban-oto-quan-7-tp-ho-chi-minh/131706906.htm,,,Trắng,"Quận 7, TP Hồ Chí Minh",2026,,
https://xe.chotot.com/mua-ban-oto-quan-12-tp-ho-chi-minh/131644783.htm,,,Xanh rêu,"An Phú Đông, Q12, HCM",2025,4300,Mới 100%
https://xe.chotot.com/mua-ban-oto-huyen-an-duong-hai-phong/130404268.htm,,,trắng,,2022,50000,Đã qua sử dụng
https://xe.chotot.com/mua-ban-oto-thanh-pho-thu-duc-tp-ho-chi-minh/131678928.htm,SUV,5.0,đen,,,,
https://xe.chotot.com/mua-ban-oto-thanh-pho-thu-duc-tp-ho-chi-minh/131433059.htm,,,,,2025,18000,Đã qua sử dụng
https://xe.chotot.com/mua-ban-oto-quan-7-tp-ho-chi-minh/131650768.htm,,,Xanh Ánh Kim,TP.HCM,2024,16093,
https://xe.chotot.com/mua-ban-oto-quan-lien-chieu-da-nang/131644830.htm,,5.0,trắng hoặc xám,,,,
https://xe.chotot.com/mua-ban-oto-quan-cai-rang-can-tho/131593594.htm,,,Đen,"Cái Răng, Cần Thơ",,,
https://xe.chotot.com/mua-ban-oto-quan-1-tp-ho-chi-minh/131656925.htm,,,,,2026,435,Mới 100%
https://xe.chotot.com/mua-ban-oto-huyen-thach-that-ha-noi/131566304.htm,,,,,,,
https://xe.chotot.com/mua-ban-oto-quan-cam-le-da-nang/131570533.htm,null,,null,null,,,Mới 100%
https://xe.chotot.com/mua-ban-oto-quan-cau-giay-ha-noi/131564547.htm,,,Đen,"Vinsmart city, Hà Nội",,,
https://xe.chotot.com/mua-ban-oto-quan-dong-da-ha-noi/131562419.htm,null,,Trắng,Hà Nội,,1000,Đã qua sử dụng
https://xe.chotot.com/mua-ban-oto-quan-6-tp-ho-chi-minh/131572412.htm,,,Vàng,,2024,1500,Đã qua sử dụng
https://xe.chotot.com/mua-ban-oto-quan-cam-le-da-nang/131570633.htm,null,,null,null,,,Mới 100%
https://xe.chotot.com/mua-ban-oto-quan-binh-tan-tp-ho-chi-minh/131571992.htm,,,Xanh,TP Hồ Chí Minh,2025,,Mới 100%
https://xe.chotot.com/mua-ban-oto-quan-cam-le-da-nang/131570806.htm,,,,,,,Mới 100%
https://xe.chotot.com/mua-ban-oto-huyen-thanh-tri-ha-noi/131533829.htm,,,Trắng,,,,
https://xe.chotot.com/mua-ban-oto-thanh-pho-thuan-an-binh-duong/131474779.htm,,6.0,Trắng,,,,
https://xe.chotot.com/mua-ban-oto-quan-bac-tu-liem-ha-noi/131486674.htm,,,Trắng,,,,
https://xe.chotot.com/mua-ban-oto-quan-12-tp-ho-chi-minh/131535253.htm,,,Trắng,Vinfast An Sương,,160000,Mới 100%
https://xe.chotot.com/mua-ban-oto-huyen-thach-that-ha-noi/131491073.htm,,,đỏ,,2023,30000,
https://xe.chotot.com/mua-ban-oto-thanh-pho-da-lat-lam-dong/131476950.htm,,,Đỏ,,2023,59000,
https://xe.chotot.com/mua-ban-oto-quan-go-vap-tp-ho-chi-minh/131428219.htm,Coupe,,Trắng Ngọc Trai,,2025,9000,
https://xe.chotot.com/mua-ban-oto-huyen-nhon-trach-dong-nai/131464319.htm,,5.0,Đỏ,,,82568,Đã qua sử dụng
https://xe.chotot.com/mua-ban-oto-quan-6-tp-ho-chi-minh/131430634.htm,,,Xám,,2024,10920,Đã qua sử dụng
https://xe.chotot.com/mua-ban-oto-quan-12-tp-ho-chi-minh/131476581.htm,,,Xanh rêu sang trọng,,,25,Đã qua sử dụng
https://xe.chotot.com/mua-ban-oto-thanh-pho-my-tho-tien-giang/131430737.htm,,5.0,Trắng,,,485,
https://xe.chotot.com/mua-ban-oto-quan-hoang-mai-ha-noi/131429757.htm,,,Xám,,2025,15000,Đã qua sử dụng
https://xe.chotot.com/mua-ban-oto-quan-7-tp-ho-chi-minh/131428140.htm,,,,HCM,2026,,
https://xe.chotot.com/mua-ban-oto-quan-long-bien-ha-noi/131434258.htm,,,Xám xi măng,,2026,,Mới 100%
https://xe.chotot.com/mua-ban-oto-quan-long-bien-ha-noi/131449983.htm,,,,,2024,100000,Đã qua sử dụng
https://xe.chotot.com/mua-ban-oto-quan-long-bien-ha-noi/131450841.htm,,,,,2024,100000,Đã qua sử dụng
https://xe.chotot.com/mua-ban-oto-huyen-cu-chi-tp-ho-chi-minh/131465707.htm,,,Trắng,Củ Chi,,,Mới 100%
https://xe.chotot.com/mua-ban-oto-huyen-nhon-trach-dong-nai/131508402.htm,null,4.0,trắng,null,null,null,null
https://xe.chotot.com/mua-ban-oto-thi-xa-tan-uyen-binh-duong/131507844.htm,,,Đỏ,,2024,15000,Mới 100%
https://xe.chotot.com/mua-ban-oto-quan-12-tp-ho-chi-minh/131529638.htm,,,Trắng,,,,
https://xe.chotot.com/mua-ban-oto-thanh-pho-thu-duc-tp-ho-chi-minh/131530129.htm,,,Trắng,"Thành phố Thủ Đức, TP.HCM",2026,,
https://xe.chotot.com/mua-ban-oto-quan-6-tp-ho-chi-minh/131536054.htm,,,Đen,,,71000,
https://xe.chotot.com/mua-ban-oto-quan-binh-tan-tp-ho-chi-minh/131528158.htm,,,Đỏ,,2024,15000,Đã qua sử dụng
https://xe.chotot.com/mua-ban-oto-huyen-my-tu-soc-trang/131515637.htm,null,4.0,Xám,null,,10,Mới 100%
https://xe.chotot.com/mua-ban-oto-thanh-pho-thu-duc-tp-ho-chi-minh/131540857.htm,,,Đen,,2025,,
https://xe.chotot.com/mua-ban-oto-thanh-pho-thu-duc-tp-ho-chi-minh/131549283.htm,Mini,,,Phường Phước Long B,2026,,
https://xe.chotot.com/mua-ban-oto-huyen-nha-be-tp-ho-chi-minh/131542449.htm,,,Đỏ,,2023,180000,Đã qua sử dụng
https://xe.chotot.com/mua-ban-oto-quan-long-bien-ha-noi/131551316.htm,,,Trắng,,2026,,Mới 100%
https://xe.chotot.com/mua-ban-oto-thanh-pho-vinh-nghe-an/131547166.htm,,,Đỏ,,2023,53000,Đã qua sử dụng
https://xe.chotot.com/mua-ban-oto-thanh-pho-thu-duc-tp-ho-chi-minh/131553439.htm,,,Vàng,Thành phố Thủ Đức,2025,18000,Đã qua sử dụng
https://xe.chotot.com/mua-ban-oto-huyen-tien-lu-hung-yen/131560883.htm,,,,,2025,385280,
https://xe.chotot.com/mua-ban-oto-quan-cau-giay-ha-noi/131592129.htm,,,,,,,
https://xe.chotot.com/mua-ban-oto-thanh-pho-my-tho-tien-giang/131591916.htm,,,"trắng, đen, xám",,,,
https://xe.chotot.com/mua-ban-oto-thanh-pho-thu-duc-tp-ho-chi-minh/131541131.htm,,,,,2022,68000,Đã qua sử dụng
https://xe.chotot.com/mua-ban-oto-thanh-pho-thu-duc-tp-ho-chi-minh/131602999.htm,,,Vàng,"Salon Tân Hùng Phát Auto 579 Quốc Lộ 13, Hiệp Bình Phước, Thành phố Thủ Đức",2025,18600,Đã qua sử dụng
https://xe.chotot.com/mua-ban-oto-quan-11-tp-ho-chi-minh/131604975.htm,,,Xám,quận 11 tphcm,2025,1800,Mới 100%
https://xe.chotot.com/mua-ban-oto-quan-bac-tu-liem-ha-noi/131616057.htm,,,Vàng,,2024,,
https://xe.chotot.com/mua-ban-oto-quan-long-bien-ha-noi/131611157.htm,,,Trắng,,2023,,Mới 100%
https://xe.chotot.com/mua-ban-oto-quan-hoang-mai-ha-noi/131612820.htm,,5.0,Đen,,,,
https://xe.chotot.com/mua-ban-oto-quan-lien-chieu-da-nang/131645075.htm,,,Trắng,,,,
https://xe.chotot.com/mua-ban-oto-quan-cau-giay-ha-noi/131617913.htm,,,Trắng,"Vinsmart city, Hà Nội",,,
https://xe.chotot.com/mua-ban-oto-quan-1-tp-ho-chi-minh/131657530.htm,,,,,2026,435,Mới 100%
https://xe.chotot.com/mua-ban-oto-quan-cau-giay-ha-noi/131618017.htm,,,Trắng,,,10000,Đã qua sử dụng
https://xe.chotot.com/mua-ban-oto-quan-tan-binh-tp-ho-chi-minh/131659338.htm,,,Đỏ,Tân Bình,2025,34000,Mới 100%
https://xe.chotot.com/mua-ban-oto-quan-binh-tan-tp-ho-chi-minh/131598282.htm,null,,Hồng,HCM,2025,4000,Đã qua sử dụng
https://xe.chotot.com/mua-ban-oto-huyen-thuong-tin-ha-noi/131643773.htm,null,,Xanh,,2025,78000,Mới 100%
https://xe.chotot.com/mua-ban-oto-thanh-pho-thu-duc-tp-ho-chi-minh/131696770.htm,,,Đen,,2023,38100,
https://xe.chotot.com/mua-ban-oto-quan-bac-tu-liem-ha-noi/131663443.htm,,,Xanh lam,,,1000,Đã qua sử dụng
https://xe.chotot.com/mua-ban-oto-quan-binh-tan-tp-ho-chi-minh/131485643.htm,,,Xám Xi Măng,Quận Bình Tân,,,Đã qua sử dụng
https://xe.chotot.com/mua-ban-oto-thanh-pho-thu-duc-tp-ho-chi-minh/131696419.htm,,,Xanh Rêu,,2023,50100,
https://xe.chotot.com/mua-ban-oto-thanh-pho-thu-duc-tp-ho-chi-minh/131698594.htm,,,,,,,
https://xe.chotot.com/mua-ban-oto-quan-tan-binh-tp-ho-chi-minh/131698946.htm,,,,,2026,50,Mới 100%
https://xe.chotot.com/mua-ban-oto-thi-xa-ba-don-quang-binh/131699547.htm,MPV,7.0,Trắng,Quảng Bình,,400000,
https://xe.chotot.com/mua-ban-oto-thi-xa-ba-don-quang-binh/131711870.htm,,7.0,Green Đen,,,,
https://xe.chotot.com/mua-ban-oto-thanh-pho-vinh-yen-vinh-phuc/131718256.htm,,,,,2025,50000,Đã qua sử dụng
https://xe.chotot.com/mua-ban-oto-quan-cau-giay-ha-noi/131717401.htm,,,Trắng,"Cầu Giấy, Hà Nội",2022,,Đã qua sử dụng
https://xe.chotot.com/mua-ban-oto-quan-cau-giay-ha-noi/131737602.htm,,,Đỏ,"Cầu Giấy, Hà Nội",2025,,
https://xe.chotot.com/mua-ban-oto-quan-bac-tu-liem-ha-noi/131666650.htm,,,Vàng,"Mỹ Đình, Hà Nội",,,
https://xe.chotot.com/mua-ban-oto-quan-cai-rang-can-tho/131715607.htm,,,vàng,,,,
https://xe.chotot.com/mua-ban-oto-thi-xa-ba-don-quang-binh/131752726.htm,B-SUV,,Cam,Quảng Trị,,,
https://xe.chotot.com/mua-ban-oto-huyen-kim-dong-hung-yen/131739598.htm,,5.0,Trắng,,2025,,
https://xe.chotot.com/mua-ban-oto-quan-cau-giay-ha-noi/131758012.htm,,,Vàng,"Cầu Giấy, Hà Nội",2025,,Đã qua sử dụng
https://xe.chotot.com/mua-ban-oto-quan-cau-giay-ha-noi/131758619.htm,,,Hồng Tím,"Cầu Giấy, Hà Nội",2025,1000,Mới 100%
https://xe.chotot.com/mua-ban-oto-huyen-thuy-nguyen-hai-phong/131789125.htm,,4.0,Trắng,,2024,,
https://xe.chotot.com/mua-ban-oto-thanh-pho-thu-dau-mot-binh-duong/131769935.htm,,,Xám,,,28000,Đã qua sử dụng
https://xe.chotot.com/mua-ban-oto-quan-long-bien-ha-noi/131785516.htm,,,Đen,,2022,58000,Đã qua sử dụng
https://xe.chotot.com/mua-ban-oto-quan-cam-le-da-nang/131794895.htm,,,,,,,Mới 100%
https://xe.chotot.com/mua-ban-oto-quan-binh-tan-tp-ho-chi-minh/131586894.htm,,,Trắng,quận bình tân tphcm,2025,19000,
https://xe.chotot.com/mua-ban-oto-huyen-hoc-mon-tp-ho-chi-minh/131795087.htm,,,Đỏ,,,,Mới 100%
https://xe.chotot.com/mua-ban-oto-quan-cai-rang-can-tho/131812108.htm,,,Đỏ,TP. Cần Thơ,2026,,
https://xe.chotot.com/mua-ban-oto-thanh-pho-my-tho-tien-giang/131807352.htm,,4.0,Trắng,,,,
https://xe.chotot.com/mua-ban-oto-quan-8-tp-ho-chi-minh/131812527.htm,,5.0,,,,,
https://xe.chotot.com/mua-ban-oto-thanh-pho-thu-duc-tp-ho-chi-minh/131820322.htm,,,Đỏ,,2025,15000,
https://xe.chotot.com/mua-ban-oto-quan-binh-thanh-tp-ho-chi-minh/131758916.htm,,,Trắng,,,,
https://xe.chotot.com/mua-ban-oto-thanh-pho-vung-tau-ba-ria-vung-tau/131820602.htm,,,Trắng,,2023,29000,
https://xe.chotot.com/mua-ban-oto-quan-long-bien-ha-noi/131840031.htm,,,trắng/đen/xám/đỏ,,,,
https://xe.chotot.com/mua-ban-oto-thanh-pho-thu-dau-mot-binh-duong/131840975.htm,,,,,2024,69000,Đã qua sử dụng
https://xe.chotot.com/mua-ban-oto-thanh-pho-thu-duc-tp-ho-chi-minh/131800384.htm,,,vàng,,,,Mới 100%
https://xe.chotot.com/mua-ban-oto-huyen-kim-son-ninh-binh/131852126.htm,,,Xanh,,,,
https://xe.chotot.com/mua-ban-oto-huyen-gia-lam-ha-noi/131863756.htm,,,Xanh lá,,2025,60000,Đã qua sử dụng
https://xe.chotot.com/mua-ban-oto-thi-xa-ben-cat-binh-duong/131871121.htm,,,,,2024,120000,Đã qua sử dụng
https://xe.chotot.com/mua-ban-oto-thanh-pho-thu-duc-tp-ho-chi-minh/131862967.htm,,,,,,,
https://xe.chotot.com/mua-ban-oto-thanh-pho-thu-duc-tp-ho-chi-minh/130580011.htm,,,Trắng / Nâu,,2023,91000,Đã qua sử dụng
https://xe.chotot.com/mua-ban-oto-thanh-pho-di-an-binh-duong/131866859.htm,,,xám,,,,
https://xe.chotot.com/mua-ban-oto-quan-long-bien-ha-noi/131859090.htm,,7.0,Trắng,,2024,40000,
https://xe.chotot.com/mua-ban-oto-thanh-pho-thu-duc-tp-ho-chi-minh/131872431.htm,,,Đen,,2024,9000,Mới 100%
https://xe.chotot.com/mua-ban-oto-quan-cai-rang-can-tho/131882751.htm,,,Trắng,,,,
https://xe.chotot.com/mua-ban-oto-thi-xa-cai-lay-tien-giang/131883636.htm,,,Xanh rêu,,,4000,Đã qua sử dụng
https://xe.chotot.com/mua-ban-oto-quan-long-bien-ha-noi/131888722.htm,,,Đỏ,,2025,20000,
https://xe.chotot.com/mua-ban-oto-quan-cau-giay-ha-noi/131737466.htm,,,Xanh,"Cầu Giấy, Hà Nội",2025,,
https://xe.chotot.com/mua-ban-oto-quan-tan-binh-tp-ho-chi-minh/131902243.htm,,,Vàng,,2026,100,Mới 100%
https://xe.chotot.com/mua-ban-oto-quan-go-vap-tp-ho-chi-minh/131880073.htm,Sedan,,Trắng,,2025,10000,Mới 100%
https://xe.chotot.com/mua-ban-oto-quan-tan-binh-tp-ho-chi-minh/131905495.htm,,,Trắng,Q11 TP.HCM,2024,60000,
https://xe.chotot.com/mua-ban-oto-thanh-pho-thu-duc-tp-ho-chi-minh/131824896.htm,,,Trắng,HCM,,,
https://xe.chotot.com/mua-ban-oto-quan-dong-da-ha-noi/131903432.htm,,,Xanh,,,,Mới 100%
https://xe.chotot.com/mua-ban-oto-thanh-pho-thu-duc-tp-ho-chi-minh/131914233.htm,,,Đen,,2023,38123,
https://xe.chotot.com/mua-ban-oto-quan-hong-bang-hai-phong/131910142.htm,,,,,2025,10000,Đã qua sử dụng
https://xe.chotot.com/mua-ban-oto-thanh-pho-hong-ngu-dong-thap/131925625.htm,,,Hồng tím,,,,Mới 100%
https://xe.chotot.com/mua-ban-oto-quan-11-tp-ho-chi-minh/131528837.htm,,,,quận 11,2025,40000,Đã qua sử dụng
https://xe.chotot.com/mua-ban-oto-quan-6-tp-ho-chi-minh/131954049.htm,,,Vàng,,,22000,Đã qua sử dụng
https://xe.chotot.com/mua-ban-oto-quan-long-bien-ha-noi/131942953.htm,,,Xám,"Long Biên, Hà Nội",,,
https://xe.chotot.com/mua-ban-oto-thanh-pho-thu-duc-tp-ho-chi-minh/131954379.htm,,,Đỏ,Thành phố Thủ Đức,2025,30000,Đã qua sử dụng
https://xe.chotot.com/mua-ban-oto-quan-go-vap-tp-ho-chi-minh/131953075.htm,,,Đen,Tp HCM,2025,11000,Mới 100%
https://xe.chotot.com/mua-ban-oto-quan-tay-ho-ha-noi/131928796.htm,,,Xanh lá,,2024,9000,Mới 100%
https://xe.chotot.com/mua-ban-oto-huyen-thuong-tin-ha-noi/131838010.htm,,,"Vàng, Xanh",,,,Đã qua sử dụng
https://xe.chotot.com/mua-ban-oto-thanh-pho-thu-duc-tp-ho-chi-minh/131844498.htm,,7.0,,,,,
https://xe.chotot.com/mua-ban-oto-huyen-hoc-mon-tp-ho-chi-minh/131930914.htm,,,Đen,,2025,,Mới 100%
https://xe.chotot.com/mua-ban-oto-quan-ninh-kieu-can-tho/131956482.htm,,,,TP. Cần Thơ,2025,5000,Đã qua sử dụng
https://xe.chotot.com/mua-ban-oto-quan-binh-thanh-tp-ho-chi-minh/131964439.htm,,,,,2026,,
https://xe.chotot.com/mua-ban-oto-quan-dong-da-ha-noi/131994519.htm,,,Đỏ,,2025,3000,Mới 100%
https://xe.chotot.com/mua-ban-oto-quan-bac-tu-liem-ha-noi/131790294.htm,,,Vàng,"Mỹ Đình, Hà Nội",,,
https://xe.chotot.com/mua-ban-oto-quan-binh-thanh-tp-ho-chi-minh/131983440.htm,,,Xanh mint,Showroom honda ô tô Bình Dương,,9000,Đã qua sử dụng
https://xe.chotot.com/mua-ban-oto-thanh-pho-thu-duc-tp-ho-chi-minh/131789642.htm,null,7.0,null,null,null,null,null
https://xe.chotot.com/mua-ban-oto-quan-go-vap-tp-ho-chi-minh/132009441.htm,,,Đen,,2025,11000,Mới 100%
https://xe.chotot.com/mua-ban-oto-thanh-pho-thu-duc-tp-ho-chi-minh/132000385.htm,,7.0,,,,450,
https://xe.chotot.com/mua-ban-oto-huyen-gia-lam-ha-noi/132011414.htm,,,Đen,"Bát Tràng, Hà Nội",2026,,Mới 100%
https://xe.chotot.com/mua-ban-oto-quan-ngu-hanh-son-da-nang/132000637.htm,,,,Đà Nẵng,,,
https://xe.chotot.com/mua-ban-oto-quan-long-bien-ha-noi/131693013.htm,,,Xám,,2026,,
https://xe.chotot.com/mua-ban-oto-quan-cau-giay-ha-noi/131717665.htm,,,Trắng,"Cầu Giấy, Hà Nội",2025,,
https://xe.chotot.com/mua-ban-oto-quan-cau-giay-ha-noi/132014888.htm,,,Xanh,"Cầu Giấy, Hà Nội",2025,,
https://xe.chotot.com/mua-ban-oto-huyen-binh-chanh-tp-ho-chi-minh/132014942.htm,,,trắng,,2025,,Mới 100%
https://xe.chotot.com/mua-ban-oto-thanh-pho-thu-duc-tp-ho-chi-minh/131454865.htm,,,,,2025,,
https://xe.chotot.com/mua-ban-oto-quan-cau-giay-ha-noi/131766126.htm,,2.0,Xám,"Cầu Giấy, HN",2024,,
https://xe.chotot.com/mua-ban-oto-thanh-pho-thu-duc-tp-ho-chi-minh/132016619.htm,,,Xanh,Tỉnh,2025,12000,
https://xe.chotot.com/mua-ban-oto-quan-binh-tan-tp-ho-chi-minh/131728021.htm,,,Xanh nóc trắng,Hồ Chí Minh,,,Đã qua sử dụng
https://xe.chotot.com/mua-ban-oto-quan-tan-phu-tp-ho-chi-minh/132022553.htm,,7.0,Green,,,,
https://xe.chotot.com/mua-ban-oto-quan-binh-tan-tp-ho-chi-minh/131889469.htm,,,,HCM/Bình Tân,2026,,Mới 100%
https://xe.chotot.com/mua-ban-oto-quan-phu-nhuan-tp-ho-chi-minh/131462290.htm,Hatchback,5.0,kem,,2026,,Mới 100%
https://xe.chotot.com/mua-ban-oto-quan-dong-da-ha-noi/131813286.htm,,,,,2026,,
https://xe.chotot.com/mua-ban-oto-quan-thanh-xuan-ha-noi/131918345.htm,MPV,,Nâu,,,,
https://xe.chotot.com/mua-ban-oto-thi-xa-ben-cat-binh-duong/131661111.htm,,,Xám,Bình dương,2024,120000,Đã qua sử dụng
https://xe.chotot.com/mua-ban-oto-quan-cai-rang-can-tho/127723915.htm,,,,"Quận Cái Răng, TP Cần Thơ",,,Mới 100%
https://xe.chotot.com/mua-ban-oto-thanh-pho-buon-ma-thuot-dak-lak/131791627.htm,,,Trắng,,2026,,
https://xe.chotot.com/mua-ban-oto-quan-thanh-xuan-ha-noi/131921145.htm,,,,,2025,50000,Đã qua sử dụng
https://xe.chotot.com/mua-ban-oto-quan-long-bien-ha-noi/131751770.htm,null,,,,2026,,
https://xe.chotot.com/mua-ban-oto-quan-12-tp-ho-chi-minh/131916793.htm,,,,,,,
https://xe.chotot.com/mua-ban-oto-quan-long-bien-ha-noi/131698072.htm,Limo,,,,,,Mới 100%
https://xe.chotot.com/mua-ban-oto-quan-11-tp-ho-chi-minh/131410449.htm,,,,,,,
https://xe.chotot.com/mua-ban-oto-thanh-pho-thu-duc-tp-ho-chi-minh/131838150.htm,,,Trắng,TP. Thủ Đức,2025,39000,Đã qua sử dụng
https://xe.chotot.com/mua-ban-oto-thanh-pho-ca-mau-ca-mau/125147711.htm,,3.0,đỏ,,2025,,
https://xe.chotot.com/mua-ban-oto-quan-long-bien-ha-noi/131733599.htm,SUV,7.0,xám,HN,,500,Mới 100%
https://xe.chotot.com/mua-ban-oto-thanh-pho-thu-duc-tp-ho-chi-minh/131837669.htm,,,trắng,TP. Thủ Đức,2025,6000,Mới 100%
https://xe.chotot.com/mua-ban-oto-quan-cai-rang-can-tho/131992927.htm,,,Trắng,Cần Thơ,,,
https://xe.chotot.com/mua-ban-oto-quan-binh-thanh-tp-ho-chi-minh/131736608.htm,,,,,,,
https://xe.chotot.com/mua-ban-oto-thanh-pho-thu-duc-tp-ho-chi-minh/131713487.htm,,,Đỏ,Bình Dương,2023,53000,Đã qua sử dụng
https://xe.chotot.com/mua-ban-oto-quan-go-vap-tp-ho-chi-minh/131562386.htm,,,,,,,
https://xe.chotot.com/mua-ban-oto-huyen-thanh-tri-ha-noi/131679463.htm,,,trắng,,,,Mới 100%
https://xe.chotot.com/mua-ban-oto-thanh-pho-thu-duc-tp-ho-chi-minh/131838067.htm,,,Đỏ,TP. Thủ Đức,2025,3000,Mới 100%
https://xe.chotot.com/mua-ban-oto-thanh-pho-vung-tau-ba-ria-vung-tau/131846160.htm,,,,,,,
https://xe.chotot.com/mua-ban-oto-thanh-pho-thu-duc-tp-ho-chi-minh/131886185.htm,,,Trắng,,2025,17000,Mới 100%
https://xe.chotot.com/mua-ban-oto-thanh-pho-thu-duc-tp-ho-chi-minh/130393969.htm,,,,,2026,,
https://xe.chotot.com/mua-ban-oto-quan-cau-giay-ha-noi/132008888.htm,,,Vàng,,2025,,
https://xe.chotot.com/mua-ban-oto-quan-lien-chieu-da-nang/131691670.htm,,,trắng,55 phước lý 9,2025,70000,Đã qua sử dụng
https://xe.chotot.com/mua-ban-oto-thanh-pho-tay-ninh-tay-ninh/131886801.htm,,,,,,,
https://xe.chotot.com/mua-ban-oto-thanh-pho-thu-duc-tp-ho-chi-minh/131845676.htm,,,Vàng,TP. Thủ Đức,2025,7000,
https://xe.chotot.com/mua-ban-oto-quan-cai-rang-can-tho/131785818.htm,,,,Cần Thơ,,,
https://xe.chotot.com/mua-ban-oto-thanh-pho-thu-duc-tp-ho-chi-minh/131833297.htm,,6.0,Xám,,,,Mới 100%
https://xe.chotot.com/mua-ban-oto-thanh-pho-thu-duc-tp-ho-chi-minh/131846022.htm,,,,,,,
https://xe.chotot.com/mua-ban-oto-quan-phu-nhuan-tp-ho-chi-minh/131845564.htm,,,,,,,
https://xe.chotot.com/mua-ban-oto-thanh-pho-vung-tau-ba-ria-vung-tau/131846240.htm,,,,,,,
https://xe.chotot.com/mua-ban-oto-quan-1-tp-ho-chi-minh/131846158.htm,,,Trắng,,,,
https://xe.chotot.com/mua-ban-oto-quan-7-tp-ho-chi-minh/130790125.htm,,,,,,,
https://xe.chotot.com/mua-ban-oto-huyen-nhon-trach-dong-nai/131886747.htm,,,,,,200000,
https://xe.chotot.com/mua-ban-oto-thanh-pho-ba-ria-ba-ria-vung-tau/131845760.htm,,,,,,,
https://xe.chotot.com/mua-ban-oto-thanh-pho-thu-dau-mot-binh-duong/131845794.htm,,,,,,,
https://xe.chotot.com/mua-ban-oto-quan-thanh-xuan-ha-noi/132014138.htm,,,,,2025,1000,Mới 100%
https://xe.chotot.com/mua-ban-oto-thanh-pho-ba-ria-ba-ria-vung-tau/131845959.htm,,,,,,,
https://xe.chotot.com/mua-ban-oto-quan-8-tp-ho-chi-minh/132057328.htm,,,,SG,2025,16500,Đã qua sử dụng
https://xe.chotot.com/mua-ban-oto-quan-phu-nhuan-tp-ho-chi-minh/132030306.htm,,,Vàng,,2024,5072,Đã qua sử dụng
https://xe.chotot.com/mua-ban-oto-quan-nam-tu-liem-ha-noi/132053379.htm,,,Bạc,"Vincom Tây mỗ, Hà Nội",,,
https://xe.chotot.com/mua-ban-oto-quan-nam-tu-liem-ha-noi/132053393.htm,,,,"Vinsmart city, Hà Nội",,,
https://xe.chotot.com/mua-ban-oto-thanh-pho-thu-duc-tp-ho-chi-minh/132066638.htm,,,,,,52912,
https://xe.chotot.com/mua-ban-oto-quan-cau-giay-ha-noi/132081280.htm,,,Trắng,,2024,100000,
https://xe.chotot.com/mua-ban-oto-quan-go-vap-tp-ho-chi-minh/132080202.htm,,,Trắng,Quận Gò Vấp,,27000,Đã qua sử dụng
https://xe.chotot.com/mua-ban-oto-thanh-pho-thu-duc-tp-ho-chi-minh/132084558.htm,,,,,2025,,
https://xe.chotot.com/mua-ban-oto-quan-nam-tu-liem-ha-noi/132099206.htm,,,hồng,,2025,6000,Đã qua sử dụng
https://xe.chotot.com/mua-ban-oto-quan-cau-giay-ha-noi/132095766.htm,,,Trắng,,2025,9000,Đã qua sử dụng
https://xe.chotot.com/mua-ban-oto-huyen-binh-chanh-tp-ho-chi-minh/132083608.htm,null,7.0,null,null,null,null,null
https://xe.chotot.com/mua-ban-oto-quan-cau-giay-ha-noi/132095159.htm,,,Đỏ,"Cầu Giấy, Hà Nội",2025,,
https://xe.chotot.com/mua-ban-oto-thanh-pho-thu-duc-tp-ho-chi-minh/128315841.htm,,,đen,TP.HCM,2023,41000,Rất Mới
https://xe.chotot.com/mua-ban-oto-thanh-pho-thu-duc-tp-ho-chi-minh/132102838.htm,,,,,,,
https://xe.chotot.com/mua-ban-oto-quan-12-tp-ho-chi-minh/126536793.htm,,5.0,,,,,
https://xe.chotot.com/mua-ban-oto-quan-binh-tan-tp-ho-chi-minh/132153165.htm,,,Bạc/Đen,,,,
https://xe.chotot.com/mua-ban-oto-thanh-pho-thu-duc-tp-ho-chi-minh/132101329.htm,,,,,,,
https://xe.chotot.com/mua-ban-oto-quan-nam-tu-liem-ha-noi/132153628.htm,null,7.0,null,null,2025,null,null
https://xe.chotot.com/mua-ban-oto-quan-12-tp-ho-chi-minh/132089935.htm,,,Nhiều màu,HCM,,,
https://xe.chotot.com/mua-ban-oto-thanh-pho-thuan-an-binh-duong/132186820.htm,,,Đỏ,TP.HCM,2025,13000,Đã qua sử dụng
https://xe.chotot.com/mua-ban-oto-quan-cau-giay-ha-noi/132213900.htm,,,Xanh,"Cầu Giấy, Hà Nội",2025,,
https://xe.chotot.com/mua-ban-oto-thanh-pho-thu-duc-tp-ho-chi-minh/132213807.htm,,4.0,Xanh,,,,
https://xe.chotot.com/mua-ban-oto-thi-xa-son-tay-ha-noi/132222680.htm,,,,,2023,350000,
https://xe.chotot.com/mua-ban-oto-quan-thanh-xuan-ha-noi/132219327.htm,,7.0,Trắng,,2025,28000,
https://xe.chotot.com/mua-ban-oto-quan-thanh-xuan-ha-noi/132193718.htm,,,Trắng,,2025,30000,
https://xe.chotot.com/mua-ban-oto-quan-ha-dong-ha-noi/132179712.htm,,,Xanh,Hà Nội,2023,43000,
https://xe.chotot.com/mua-ban-oto-huyen-can-duoc-long-an/132220866.htm,,,đen,,2026,2000,
https://xe.chotot.com/mua-ban-oto-thanh-pho-thu-dau-mot-binh-duong/132242862.htm,,,Đỏ,,2024,50000,Đã qua sử dụng
https://xe.chotot.com/mua-ban-oto-quan-3-tp-ho-chi-minh/132234295.htm,,7.0,Trắng/Nâu,An Khánh HCM,,,
https://xe.chotot.com/mua-ban-oto-quan-7-tp-ho-chi-minh/132210333.htm,,,,,,,
https://xe.chotot.com/mua-ban-oto-quan-binh-tan-tp-ho-chi-minh/130892164.htm,,,,,2026,,Mới 100%
https://xe.chotot.com/mua-ban-oto-quan-cau-giay-ha-noi/129839225.htm,,,,"Vinsmart city, Hà Nội",,,
https://xe.chotot.com/mua-ban-oto-quan-go-vap-tp-ho-chi-minh/132250585.htm,,,Vàng,"Gò Vấp, Hồ Chí Minh",,200,
https://xe.chotot.com/mua-ban-oto-thanh-pho-thu-duc-tp-ho-chi-minh/132084817.htm,,,,,,,
https://xe.chotot.com/mua-ban-oto-quan-cai-rang-can-tho/132260447.htm,null,4.0,null,null,,,Mới 100%
https://xe.chotot.com/mua-ban-oto-quan-go-vap-tp-ho-chi-minh/132240261.htm,,,Trắng,Quận Gò Vấp,,27000,Đã qua sử dụng
https://xe.chotot.com/mua-ban-oto-quan-go-vap-tp-ho-chi-minh/132236559.htm,,,GREEN,,,,
https://xe.chotot.com/mua-ban-oto-quan-nam-tu-liem-ha-noi/132267886.htm,,,,"Vincom Tây mỗ, hà nội",2027,,Đã qua sử dụng
https://xe.chotot.com/mua-ban-oto-thanh-pho-thuan-an-binh-duong/132300242.htm,,,Xanh,,2024,,
https://xe.chotot.com/mua-ban-oto-quan-dong-da-ha-noi/132234256.htm,,,,,,,
https://xe.chotot.com/mua-ban-oto-thanh-pho-thu-duc-tp-ho-chi-minh/132273960.htm,,,,,,,
https://xe.chotot.com/mua-ban-oto-quan-nam-tu-liem-ha-noi/132230110.htm,,2.0,Trắng,,,,
https://xe.chotot.com/mua-ban-oto-huyen-chau-thanh-tien-giang/132323007.htm,,,Đỏ,Tiền Giang,2025,11000,
https://xe.chotot.com/mua-ban-oto-quan-long-bien-ha-noi/132309130.htm,,,Xanh,,2025,50000,
https://xe.chotot.com/mua-ban-oto-quan-5-tp-ho-chi-minh/132339092.htm,,,,Quận 5 HCM,2025,,
https://xe.chotot.com/mua-ban-oto-thanh-pho-vinh-nghe-an/132352988.htm,,,Đỏ,"TP Vinh, Nghệ An",2023,50000,
https://xe.chotot.com/mua-ban-oto-thanh-pho-thu-duc-tp-ho-chi-minh/132315374.htm,,,,,,,
https://xe.chotot.com/mua-ban-oto-huyen-thuong-tin-ha-noi/132358402.htm,,,,,,,
https://xe.chotot.com/mua-ban-oto-huyen-gia-lam-ha-noi/132334079.htm,,,Trắng,"Gia Lâm, Hà Nội",2022,56000,Đã qua sử dụng
https://xe.chotot.com/mua-ban-oto-huyen-binh-chanh-tp-ho-chi-minh/132212322.htm,,,,"Bình Chánh, TP.HCM",,,
https://xe.chotot.com/mua-ban-oto-thanh-pho-thu-duc-tp-ho-chi-minh/132285802.htm,MPV,,,Tp.HCM,,,
https://xe.chotot.com/mua-ban-oto-huyen-binh-chanh-tp-ho-chi-minh/132378158.htm,,5.0,"trắng, xám",,,,
https://xe.chotot.com/mua-ban-oto-thanh-pho-tra-vinh-tra-vinh/132360239.htm,,,Trắng,,,120000,Đã qua sử dụng
https://xe.chotot.com/mua-ban-oto-thanh-pho-thuan-an-binh-duong/132303790.htm,,4.0,,,2026,160000,
https://xe.chotot.com/mua-ban-oto-quan-lien-chieu-da-nang/132417630.htm,,,Xanh lá nhạt,"363 Tôn Đức Thắng, Phường Hòa Khánh, TP.Đà Nẵng",2026,,
https://xe.chotot.com/mua-ban-oto-huyen-binh-chanh-tp-ho-chi-minh/132396481.htm,,,,,,,
https://xe.chotot.com/mua-ban-oto-huyen-gia-lam-ha-noi/132359922.htm,,6.0,,,,,Mới 100%
https://xe.chotot.com/mua-ban-oto-quan-tan-phu-tp-ho-chi-minh/132344905.htm,,,,,,,
https://xe.chotot.com/mua-ban-oto-quan-lien-chieu-da-nang/132421028.htm,,,Xanh dương nhạt,Đà Nẵng,,,
https://xe.chotot.com/mua-ban-oto-thanh-pho-soc-trang-soc-trang/132405000.htm,,,xám xi măng,,2025,,Mới 100%
https://xe.chotot.com/mua-ban-oto-quan-long-bien-ha-noi/132382828.htm,SUV,5.0,,,,,
https://xe.chotot.com/mua-ban-oto-huyen-gia-lam-ha-noi/132395971.htm,,4.0,vàng nóc trắng,,2025,,Mới 100%
https://xe.chotot.com/mua-ban-oto-thanh-pho-thu-duc-tp-ho-chi-minh/132416818.htm,,,,,,,
https://xe.chotot.com/mua-ban-oto-thanh-pho-thu-duc-tp-ho-chi-minh/132293564.htm,,,,,,,
https://xe.chotot.com/mua-ban-oto-thanh-pho-thu-duc-tp-ho-chi-minh/132415172.htm,,,,,,,
https://xe.chotot.com/mua-ban-oto-thanh-pho-thuan-an-binh-duong/132350702.htm,Limo,,,,2026,64800,Mới 100%
https://xe.chotot.com/mua-ban-oto-huyen-cu-chi-tp-ho-chi-minh/132062994.htm,,,Sơn Vinfast D1,Củ Chi,2026,,
https://xe.chotot.com/mua-ban-oto-huyen-truc-ninh-nam-dinh/132442021.htm,,,Xám,,2025,,
https://xe.chotot.com/mua-ban-oto-thanh-pho-thu-duc-tp-ho-chi-minh/132415129.htm,,,Xanh,,2024,80000,Đã qua sử dụng
https://xe.chotot.com/mua-ban-oto-quan-12-tp-ho-chi-minh/132457788.htm,MPV,7.0,Bạc,,2026,,
https://xe.chotot.com/mua-ban-oto-thanh-pho-thuan-an-binh-duong/132354037.htm,,,trắng,,,,Mới 100%
https://xe.chotot.com/mua-ban-oto-huyen-binh-chanh-tp-ho-chi-minh/132431249.htm,,,Đỏ,,2025,17000,
https://xe.chotot.com/mua-ban-oto-quan-long-bien-ha-noi/132469710.htm,,,Đen,,,,
https://xe.chotot.com/mua-ban-oto-thanh-pho-thuan-an-binh-duong/132473793.htm,,,Trắng,,,,
https://xe.chotot.com/mua-ban-oto-thanh-pho-thu-duc-tp-ho-chi-minh/132442659.htm,,,,,,,
https://xe.chotot.com/mua-ban-oto-thanh-pho-di-an-binh-duong/132454060.htm,,,Xám,,,7000,Đã qua sử dụng
https://xe.chotot.com/mua-ban-oto-quan-binh-tan-tp-ho-chi-minh/132113681.htm,,,xanh bộ đội,HCM,2024,4000,Đã qua sử dụng
https://xe.chotot.com/mua-ban-oto-quan-long-bien-ha-noi/132489860.htm,,,Trắng,,,,Mới 100%
https://xe.chotot.com/mua-ban-oto-quan-long-bien-ha-noi/132490624.htm,,,,,2024,,Mới 100%
https://xe.chotot.com/mua-ban-oto-thanh-pho-thuan-an-binh-duong/132503197.htm,,,,,,,Mới 100%
https://xe.chotot.com/mua-ban-oto-quan-tan-phu-tp-ho-chi-minh/132502307.htm,,5.0,herio green,"Quận Tân Phú, TP Hồ Chí Minh",,,
https://xe.chotot.com/mua-ban-oto-quan-dong-da-ha-noi/132432177.htm,,,,Hà Nội,,,
https://xe.chotot.com/mua-ban-oto-thanh-pho-thu-duc-tp-ho-chi-minh/132511007.htm,,,,,2025,10000,Đã qua sử dụng
https://xe.chotot.com/mua-ban-oto-quan-cau-giay-ha-noi/131024676.htm,,,Trắng,"Vincom Tây mỗ, Hà Nội",,,
https://xe.chotot.com/mua-ban-oto-quan-cau-giay-ha-noi/132513977.htm,,,Trắng,Hà Nội,,,
https://xe.chotot.com/mua-ban-oto-thanh-pho-thu-duc-tp-ho-chi-minh/132518152.htm,,,Trắng,,2026,1600,Đã qua sử dụng
https://xe.chotot.com/mua-ban-oto-huyen-binh-chanh-tp-ho-chi-minh/132389669.htm,,,,"Bình Chánh, TP.HCM",,,
https://xe.chotot.com/mua-ban-oto-thanh-pho-thu-duc-tp-ho-chi-minh/132514485.htm,,,đỏ đồng,,25,500,Đã qua sử dụng
https://xe.chotot.com/mua-ban-oto-thanh-pho-buon-ma-thuot-dak-lak/132531363.htm,,,,,,,
https://xe.chotot.com/mua-ban-oto-quan-bac-tu-liem-ha-noi/132540466.htm,MPV,7.0,Trắng,,,,
https://xe.chotot.com/mua-ban-oto-thanh-pho-thu-duc-tp-ho-chi-minh/132511604.htm,,,Xám,TP. Hồ Chí Minh,2025,18000,Đã qua sử dụng
https://xe.chotot.com/mua-ban-oto-thanh-pho-thu-duc-tp-ho-chi-minh/132511529.htm,D-SUV,,Đỏ,"Thành phố Thủ Đức, TP.HCM",,,
https://xe.chotot.com/mua-ban-oto-thanh-pho-thuan-an-binh-duong/132339394.htm,,,,,,,
https://xe.chotot.com/mua-ban-oto-thanh-pho-thu-duc-tp-ho-chi-minh/132402562.htm,null,5.0,null,null,null,null,null
https://xe.chotot.com/mua-ban-oto-quan-binh-tan-tp-ho-chi-minh/132508152.htm,,,Xám,Hcm,,26000,Đã qua sử dụng
https://xe.chotot.com/mua-ban-oto-thanh-pho-thu-duc-tp-ho-chi-minh/132549741.htm,MPV,7.0,Trắng,,,,
https://xe.chotot.com/mua-ban-oto-thanh-pho-thuan-an-binh-duong/132525861.htm,SUV,,,Bình Dương,,,
https://xe.chotot.com/mua-ban-oto-quan-hai-ba-trung-ha-noi/132550698.htm,,,Nhiều màu,BYD Hoàn Kiếm,2026,,
https://xe.chotot.com/mua-ban-oto-thanh-pho-thuan-an-binh-duong/132304758.htm,,5.0,,,2026,0,
https://xe.chotot.com/mua-ban-oto-huyen-cu-chi-tp-ho-chi-minh/132240478.htm,,,Trắng,Củ Chi,,,
https://xe.chotot.com/mua-ban-oto-quan-dong-da-ha-noi/132588890.htm,,,,,,,
https://xe.chotot.com/mua-ban-oto-quan-dong-da-ha-noi/132589733.htm,,,,,,,
https://xe.chotot.com/mua-ban-oto-quan-dong-da-ha-noi/132529720.htm,,,Đỏ,,2026,,
https://xe.chotot.com/mua-ban-oto-quan-5-tp-ho-chi-minh/132589860.htm,null,,null,Tp. Hồ Chí Minh,,,
https://xe.chotot.com/mua-ban-oto-quan-dong-da-ha-noi/132452069.htm,SUV,,Trắng,,,,
https://xe.chotot.com/mua-ban-oto-thanh-pho-thu-duc-tp-ho-chi-minh/130163767.htm,,,,,,,
https://xe.chotot.com/mua-ban-oto-thanh-pho-thu-duc-tp-ho-chi-minh/132196104.htm,,,Trắng,,,,
https://xe.chotot.com/mua-ban-oto-huyen-binh-chanh-tp-ho-chi-minh/132454256.htm,,,,"Bình Chánh, TP.HCM",,,
https://xe.chotot.com/mua-ban-oto-thanh-pho-thuan-an-binh-duong/132538742.htm,,,,,,,
https://xe.chotot.com/mua-ban-oto-huyen-thanh-tri-ha-noi/132610582.htm,,,Xám,,2024,70000,
https://xe.chotot.com/mua-ban-oto-huyen-gia-lam-ha-noi/132611884.htm,,,trắng,,2024,12731,Đã qua sử dụng
https://xe.chotot.com/mua-ban-oto-huyen-gia-lam-ha-noi/132609555.htm,,,trắng,,2023,63000,Đã qua sử dụng
https://xe.chotot.com/mua-ban-oto-thanh-pho-thu-duc-tp-ho-chi-minh/132481467.htm,,,,,,,
https://xe.chotot.com/mua-ban-oto-thanh-pho-thu-duc-tp-ho-chi-minh/132652656.htm,,,Xanh Mint,,,,
https://xe.chotot.com/mua-ban-oto-huyen-cu-chi-tp-ho-chi-minh/132073560.htm,,,,,,350,Mới 100%
https://xe.chotot.com/mua-ban-oto-quan-o-mon-can-tho/132702564.htm,,,trắng,,2026,10000,Mới 100%
https://xe.chotot.com/mua-ban-oto-thanh-pho-thu-duc-tp-ho-chi-minh/132404587.htm,,,,,2026,450,
https://xe.chotot.com/mua-ban-oto-quan-binh-tan-tp-ho-chi-minh/132385969.htm,,,Đen,,2024,30000,Đã qua sử dụng
https://xe.chotot.com/mua-ban-oto-huyen-dong-anh-ha-noi/132702809.htm,,,Đỏ,,2024,120000,Đã qua sử dụng
https://xe.chotot.com/mua-ban-oto-huyen-thach-that-ha-noi/132707609.htm,,,Xám,,,13000,
https://xe.chotot.com/mua-ban-oto-thanh-pho-thu-duc-tp-ho-chi-minh/132728845.htm,,,,,,,
https://xe.chotot.com/mua-ban-oto-quan-7-tp-ho-chi-minh/131174518.htm,MPV,7.0,,,,,
https://xe.chotot.com/mua-ban-oto-huyen-dong-anh-ha-noi/132683428.htm,,,Đỏ,,2024,118000,Đã qua sử dụng
https://xe.chotot.com/mua-ban-oto-quan-nam-tu-liem-ha-noi/132508381.htm,,,Đỏ,,,,
https://xe.chotot.com/mua-ban-oto-huyen-cu-chi-tp-ho-chi-minh/132712233.htm,,5.0,Đỏ,"Củ Chi, HCM",2024,74921,
https://xe.chotot.com/mua-ban-oto-thanh-pho-thu-dau-mot-binh-duong/132727127.htm,,,Đỏ,Bình Dương,2022,56000,Đã qua sử dụng
https://xe.chotot.com/mua-ban-oto-huyen-cu-chi-tp-ho-chi-minh/132678345.htm,,,,,,,
https://xe.chotot.com/mua-ban-oto-quan-cau-giay-ha-noi/128990908.htm,,,,"Vincom Tây Mỗ, Hà Nội",2026,0,Mới 100%
https://xe.chotot.com/mua-ban-oto-thanh-pho-thu-duc-tp-ho-chi-minh/132727053.htm,,,,,,,
https://xe.chotot.com/mua-ban-oto-quan-cai-rang-can-tho/132739042.htm,,,"Trắng, Đen, Đỏ, Bạc",,,,
https://xe.chotot.com/mua-ban-oto-thanh-pho-thu-duc-tp-ho-chi-minh/132560445.htm,SUV,5.0,,,,,Mới 100%
https://xe.chotot.com/mua-ban-oto-thanh-pho-thu-duc-tp-ho-chi-minh/132727526.htm,,,,,,,
https://xe.chotot.com/mua-ban-oto-quan-go-vap-tp-ho-chi-minh/132521197.htm,Van,,,,,,
https://xe.chotot.com/mua-ban-oto-quan-cau-giay-ha-noi/132759761.htm,,,Xanh,"Cầu Giấy, Hà Nội",2026,1000,Mới 100%
https://xe.chotot.com/mua-ban-oto-quan-bac-tu-liem-ha-noi/132749660.htm,,,Xanh rêu,,,,
https://xe.chotot.com/mua-ban-oto-thanh-pho-thu-duc-tp-ho-chi-minh/132790694.htm,,,Trắng,,2025,12000,Mới 100%
https://xe.chotot.com/mua-ban-oto-quan-7-tp-ho-chi-minh/132696276.htm,SUV,,,,,,
https://xe.chotot.com/mua-ban-oto-quan-hai-ba-trung-ha-noi/132784298.htm,,,Trắng,Hà Nội,2026,,
https://xe.chotot.com/mua-ban-oto-quan-7-tp-ho-chi-minh/132485325.htm,,,,,,,
https://xe.chotot.com/mua-ban-oto-quan-lien-chieu-da-nang/131659164.htm,,,,Đà Nẵng,,,
https://xe.chotot.com/mua-ban-oto-quan-lien-chieu-da-nang/131659525.htm,,,Đỏ,Đà Nẵng,,,
https://xe.chotot.com/mua-ban-oto-quan-lien-chieu-da-nang/131659130.htm,,7.0,,"363 Tôn Đức Thắng, Phường Hòa Khánh, TP.Đà Nẵng",,,
https://xe.chotot.com/mua-ban-oto-thanh-pho-phan-rang-thap-cham-ninh-thuan/132357050.htm,,,,,,,
https://xe.chotot.com/mua-ban-oto-quan-lien-chieu-da-nang/131659549.htm,,,Đỏ,Đà Nẵng,,,
https://xe.chotot.com/mua-ban-oto-quan-lien-chieu-da-nang/131659509.htm,,,,Đà Nẵng,,,
https://xe.chotot.com/mua-ban-oto-quan-lien-chieu-da-nang/131659563.htm,,,trắng,Đà Nẵng,,,
https://xe.chotot.com/mua-ban-oto-quan-thanh-xuan-ha-noi/132783194.htm,,,,,2025,2000,Mới 100%
https://xe.chotot.com/mua-ban-oto-quan-lien-chieu-da-nang/131659756.htm,,,,Đà Nẵng,,,
https://xe.chotot.com/mua-ban-oto-quan-lien-chieu-da-nang/131660830.htm,,,Trắng,Đà Nẵng,,,
https://xe.chotot.com/mua-ban-oto-quan-lien-chieu-da-nang/131659741.htm,,,Trắng,"363 Tôn Đức Thắng, Phường Hòa Khánh, TP.Đà Nẵng",,,
https://xe.chotot.com/mua-ban-oto-quan-lien-chieu-da-nang/131660867.htm,,,,Đà Nẵng,,,
https://xe.chotot.com/mua-ban-oto-quan-lien-chieu-da-nang/131662044.htm,,,Trắng,"363 Tôn Đức Thắng, Phường Hòa Khánh, TP.Đà Nẵng",,,
https://xe.chotot.com/mua-ban-oto-quan-lien-chieu-da-nang/131662050.htm,,,Đỏ,TP.Đà Nẵng,,,
https://xe.chotot.com/mua-ban-oto-quan-12-tp-ho-chi-minh/132680411.htm,null,7.0,null,null,null,450,null
https://xe.chotot.com/mua-ban-oto-thanh-pho-thu-duc-tp-ho-chi-minh/132793246.htm,,,Trắng,HCM,,,
https://xe.chotot.com/mua-ban-oto-quan-tan-binh-tp-ho-chi-minh/131317486.htm,,,,,,,
https://xe.chotot.com/mua-ban-oto-quan-binh-thanh-tp-ho-chi-minh/132794081.htm,,,,,2024,38000,Đã qua sử dụng
https://xe.chotot.com/mua-ban-oto-thanh-pho-thu-duc-tp-ho-chi-minh/132645577.htm,,,,,2026,,
https://xe.chotot.com/mua-ban-oto-huyen-thuong-tin-ha-noi/132815822.htm,,,,,2026,,
https://xe.chotot.com/mua-ban-oto-thanh-pho-bien-hoa-dong-nai/132838104.htm,,,Cam,,2023,55000,Đã qua sử dụng
https://xe.chotot.com/mua-ban-oto-quan-nam-tu-liem-ha-noi/132461462.htm,,,Trắng,Hà Nội,2025,21.7,Mới 100%
https://xe.chotot.com/mua-ban-oto-huyen-thanh-tri-ha-noi/131078294.htm,,,,,,,
https://xe.chotot.com/mua-ban-oto-thanh-pho-thu-duc-tp-ho-chi-minh/132524239.htm,,,,,2026,,
https://xe.chotot.com/mua-ban-oto-quan-7-tp-ho-chi-minh/131233794.htm,,,,,,,
https://xe.chotot.com/mua-ban-oto-huyen-thanh-tri-ha-noi/131003898.htm,,4.0,,,2025,,
https://xe.chotot.com/mua-ban-oto-huyen-thanh-tri-ha-noi/132777193.htm,,,,,,,
https://xe.chotot.com/mua-ban-oto-huyen-binh-chanh-tp-ho-chi-minh/131713551.htm,,,Đỏ,,,,
https://xe.chotot.com/mua-ban-oto-quan-7-tp-ho-chi-minh/132681472.htm,,7.0,Bạc,,,,
https://xe.chotot.com/mua-ban-oto-thanh-pho-thu-duc-tp-ho-chi-minh/132851610.htm,,,Trắng,TP. Hồ Chí Minh,2025,17000,Mới 100%
https://xe.chotot.com/mua-ban-oto-huyen-binh-chanh-tp-ho-chi-minh/131080872.htm,,7.0,,"Bình Chánh, TP.HCM",,,
https://xe.chotot.com/mua-ban-oto-thanh-pho-thu-duc-tp-ho-chi-minh/132852235.htm,null,,Bạc,Thành phố Thủ Đức,2025,10000,Đã qua sử dụng
https://xe.chotot.com/mua-ban-oto-thanh-pho-thu-duc-tp-ho-chi-minh/130441627.htm,,4.0,,,,210,
https://xe.chotot.com/mua-ban-oto-quan-hai-ba-trung-ha-noi/132874116.htm,,,Vàng,"Hai Bà Trưng, Hà Nội",,,
https://xe.chotot.com/mua-ban-oto-thanh-pho-thu-duc-tp-ho-chi-minh/132864335.htm,null,7.0,null,null,2026,null,null
https://xe.chotot.com/mua-ban-oto-thanh-pho-thu-duc-tp-ho-chi-minh/131173031.htm,,,,,,,
https://xe.chotot.com/mua-ban-oto-thanh-pho-thu-duc-tp-ho-chi-minh/132858907.htm,,,,,,,
https://xe.chotot.com/mua-ban-oto-quan-thanh-xuan-ha-noi/132852119.htm,,,,,2024,3333,Mới 100%
https://xe.chotot.com/mua-ban-oto-quan-hai-ba-trung-ha-noi/132890125.htm,Limo,7.0,Trắng,Timecity,,,
https://xe.chotot.com/mua-ban-oto-quan-hai-ba-trung-ha-noi/132890177.htm,,,Cốm,,,,
https://xe.chotot.com/mua-ban-oto-thanh-pho-thu-duc-tp-ho-chi-minh/132857403.htm,SUV,,,,,,
https://xe.chotot.com/mua-ban-oto-thanh-pho-thu-duc-tp-ho-chi-minh/132853155.htm,,,Trắng,HCM,2025,55000,
https://xe.chotot.com/mua-ban-oto-huyen-thach-that-ha-noi/132849847.htm,,,Đỏ,,,,
https://xe.chotot.com/mua-ban-oto-quan-binh-thanh-tp-ho-chi-minh/132794008.htm,,,,,2025,14000,Đã qua sử dụng
https://xe.chotot.com/mua-ban-oto-thanh-pho-thu-duc-tp-ho-chi-minh/132881642.htm,,,,,,,
https://xe.chotot.com/mua-ban-oto-quan-6-tp-ho-chi-minh/132897593.htm,,,,,,,
https://xe.chotot.com/mua-ban-oto-huyen-binh-chanh-tp-ho-chi-minh/132401987.htm,MPV,,Đen,"Bình Chánh, TP.HCM",,,
https://xe.chotot.com/mua-ban-oto-quan-5-tp-ho-chi-minh/120560232.htm,,,,,,200000,
https://xe.chotot.com/mua-ban-oto-quan-binh-tan-tp-ho-chi-minh/132904897.htm,,,,HCM/Bình Tân,2026,,Mới 100%
https://xe.chotot.com/mua-ban-oto-quan-nam-tu-liem-ha-noi/132905080.htm,,,Trắng,Hà Nội,2022,2800,Mới 100%
https://xe.chotot.com/mua-ban-oto-thanh-pho-thu-duc-tp-ho-chi-minh/130995753.htm,,,,,,,
https://xe.chotot.com/mua-ban-oto-quan-10-tp-ho-chi-minh/131401055.htm,,7.0,Đen,,,160000,
https://xe.chotot.com/mua-ban-oto-thanh-pho-thu-duc-tp-ho-chi-minh/132722767.htm,,,Xanh,,2025,53000,Đã qua sử dụng
https://xe.chotot.com/mua-ban-oto-quan-hai-ba-trung-ha-noi/132873668.htm,,,,,,,
https://xe.chotot.com/mua-ban-oto-thanh-pho-thu-duc-tp-ho-chi-minh/130957711.htm,SUV,,,,,,
https://xe.chotot.com/mua-ban-oto-quan-dong-da-ha-noi/132919975.htm,,,Xanh,"Đống Đa, Hà Nội",,,
https://xe.chotot.com/mua-ban-oto-thanh-pho-thu-duc-tp-ho-chi-minh/132891720.htm,,,,,,,
https://xe.chotot.com/mua-ban-oto-quan-go-vap-tp-ho-chi-minh/132241333.htm,,,,,,,
https://xe.chotot.com/mua-ban-oto-quan-binh-tan-tp-ho-chi-minh/132901680.htm,,,Vàng,"Bình Tân, TP Hồ Chí Minh",,,
https://xe.chotot.com/mua-ban-oto-thanh-pho-thu-duc-tp-ho-chi-minh/132804879.htm,,,,,,,
https://xe.chotot.com/mua-ban-oto-thanh-pho-thu-duc-tp-ho-chi-minh/132933434.htm,,,Vàng,Thành phố Thủ Đức,2025,18000,Đã qua sử dụng
https://xe.chotot.com/mua-ban-oto-quan-12-tp-ho-chi-minh/126536897.htm,,,,,,,
https://xe.chotot.com/mua-ban-oto-thanh-pho-thu-duc-tp-ho-chi-minh/132911233.htm,,,,,,,Mới 100%
https://xe.chotot.com/mua-ban-oto-huyen-thanh-tri-ha-noi/132935601.htm,,,Xám,,2023,,
https://xe.chotot.com/mua-ban-oto-quan-binh-tan-tp-ho-chi-minh/132935543.htm,SUV,,Đen,,,9000,Đã qua sử dụng
https://xe.chotot.com/mua-ban-oto-thanh-pho-thu-duc-tp-ho-chi-minh/132853402.htm,,,Trắng,HCM,2025,17000,Đã qua sử dụng
https://xe.chotot.com/mua-ban-oto-thanh-pho-thu-duc-tp-ho-chi-minh/132920932.htm,,,xám,,2023,120000,Đã qua sử dụng
https://xe.chotot.com/mua-ban-oto-quan-do-son-hai-phong/132955429.htm,Crossover,,Trắng,,2023,70000,Đã qua sử dụng
https://xe.chotot.com/mua-ban-oto-thanh-pho-thu-duc-tp-ho-chi-minh/132857784.htm,,,Đỏ,Tỉnh,2025,1300,Mới 100%
https://xe.chotot.com/mua-ban-oto-thanh-pho-thuan-an-binh-duong/132940945.htm,,,Trắng,,2026,1700,Mới 100%
https://xe.chotot.com/mua-ban-oto-quan-binh-tan-tp-ho-chi-minh/132956108.htm,,,Xanh,,,43000,Đã qua sử dụng
https://xe.chotot.com/mua-ban-oto-thanh-pho-thuan-an-binh-duong/132928430.htm,,,đen,TP.HCM,2024,48000,Đã qua sử dụng
https://xe.chotot.com/mua-ban-oto-quan-tan-phu-tp-ho-chi-minh/132960084.htm,,,Vàng,HCM,2024,16000,Mới 100%
https://xe.chotot.com/mua-ban-oto-quan-ninh-kieu-can-tho/132569372.htm,,,Green,Cần Thơ,2026,8000,Đã qua sử dụng
https://xe.chotot.com/mua-ban-oto-huyen-binh-chanh-tp-ho-chi-minh/132931513.htm,,,,Tp.HCM,2026,,Mới 100%
https://xe.chotot.com/mua-ban-oto-quan-tan-binh-tp-ho-chi-minh/132961211.htm,,,Xám,,2025,19000,
https://xe.chotot.com/mua-ban-oto-quan-lien-chieu-da-nang/131659837.htm,,,Đỏ,Đà Nẵng,,,
https://xe.chotot.com/mua-ban-oto-quan-binh-tan-tp-ho-chi-minh/132963491.htm,,,cam-trắng,,2024,17000,Đã qua sử dụng
https://xe.chotot.com/mua-ban-oto-thanh-pho-bien-hoa-dong-nai/132856399.htm,,,Bạc,,2023,82000,Đã qua sử dụng
https://xe.chotot.com/mua-ban-oto-thanh-pho-thu-duc-tp-ho-chi-minh/132983237.htm,SUV,,Bạc,Thành phố Thủ Đức,2025,22500,Đã qua sử dụng
https://xe.chotot.com/mua-ban-oto-quan-lien-chieu-da-nang/131659774.htm,,,Đỏ,Đà Nẵng,,,
https://xe.chotot.com/mua-ban-oto-quan-7-tp-ho-chi-minh/130957740.htm,,,,,,,
https://xe.chotot.com/mua-ban-oto-quan-ha-dong-ha-noi/132984934.htm,,7.0,,,,,
https://xe.chotot.com/mua-ban-oto-quan-go-vap-tp-ho-chi-minh/126536832.htm,,,,,,,
https://xe.chotot.com/mua-ban-oto-quan-12-tp-ho-chi-minh/132486168.htm,SUV,,,,,200000,
https://xe.chotot.com/mua-ban-oto-thanh-pho-thu-duc-tp-ho-chi-minh/129103848.htm,MPV,7.0,,,,,
https://xe.chotot.com/mua-ban-oto-quan-8-tp-ho-chi-minh/131111831.htm,,,XÁM ĐẶC BIÊT,,2025,,
https://xe.chotot.com/mua-ban-oto-quan-tan-phu-tp-ho-chi-minh/132934443.htm,null,4.0,Hồng,null,,,Mới 100%
https://xe.chotot.com/mua-ban-oto-quan-tan-phu-tp-ho-chi-minh/132993471.htm,,,Xanh,Tỉnh,2025,20000,Đã qua sử dụng
https://xe.chotot.com/mua-ban-oto-quan-6-tp-ho-chi-minh/130996527.htm,,,,,,,
https://xe.chotot.com/mua-ban-oto-quan-long-bien-ha-noi/133002769.htm,,,Trắng,,,,Mới 100%
https://xe.chotot.com/mua-ban-oto-huyen-binh-chanh-tp-ho-chi-minh/132784959.htm,,,,"Bình Chánh, TP.HCM",,,
https://xe.chotot.com/mua-ban-oto-quan-tay-ho-ha-noi/132610271.htm,,,,,,160000,
https://xe.chotot.com/mua-ban-oto-quan-7-tp-ho-chi-minh/132404981.htm,,,,,,471,
https://xe.chotot.com/mua-ban-oto-quan-nam-tu-liem-ha-noi/133003487.htm,Limo,,Bạc,"Nam Từ Liêm, Hà Nội",2025,,Mới 100%
https://xe.chotot.com/mua-ban-oto-quan-3-tp-ho-chi-minh/130988640.htm,,,,,,,
https://xe.chotot.com/mua-ban-oto-huyen-can-gio-tp-ho-chi-minh/132489278.htm,,,,,,200000,
https://xe.chotot.com/mua-ban-oto-quan-hai-chau-da-nang/132489998.htm,,,,,,200000,
https://xe.chotot.com/mua-ban-oto-quan-8-tp-ho-chi-minh/130988953.htm,,,,,,,
https://xe.chotot.com/mua-ban-oto-thanh-pho-thu-duc-tp-ho-chi-minh/133004312.htm,,4.0,Xanh ngọc,"Thủ Đức, TP.HCM",,,
https://xe.chotot.com/mua-ban-oto-huyen-binh-chanh-tp-ho-chi-minh/132373957.htm,,,,Hồ Chí Minh,,,
https://xe.chotot.com/mua-ban-oto-quan-go-vap-tp-ho-chi-minh/132879264.htm,,,,,2026,,Mới 100%
https://xe.chotot.com/mua-ban-oto-quan-long-bien-ha-noi/132996972.htm,MPV,,Trắng,"Long Biên, Hà Nội",2026,18000,
https://xe.chotot.com/mua-ban-oto-thanh-pho-bien-hoa-dong-nai/133015282.htm,,,Xám,,,39000,Đã qua sử dụng
https://xe.chotot.com/mua-ban-oto-quan-bac-tu-liem-ha-noi/133024093.htm,,,trắng,,,,
https://xe.chotot.com/mua-ban-oto-thanh-pho-thuan-an-binh-duong/132594119.htm,,,,,,,Mới 100%
https://xe.chotot.com/mua-ban-oto-thanh-pho-thu-duc-tp-ho-chi-minh/133024136.htm,,,trắng,,2024,25000,Đã qua sử dụng
https://xe.chotot.com/mua-ban-oto-huyen-thanh-tri-ha-noi/130107988.htm,null,7.0,null,null,2026,,null
https://xe.chotot.com/mua-ban-oto-huyen-binh-chanh-tp-ho-chi-minh/132716274.htm,,,,"Bình Chánh, TP.HCM",,,
https://xe.chotot.com/mua-ban-oto-thanh-pho-thu-duc-tp-ho-chi-minh/133007008.htm,,,,,2026,,
https://xe.chotot.com/mua-ban-oto-huyen-binh-chanh-tp-ho-chi-minh/132968768.htm,,,,"Bình Chánh, TP.HCM",,,
https://xe.chotot.com/mua-ban-oto-thanh-pho-thu-duc-tp-ho-chi-minh/133003187.htm,,,,,,,
https://xe.chotot.com/mua-ban-oto-thanh-pho-thu-duc-tp-ho-chi-minh/133010167.htm,,,,,,,
https://xe.chotot.com/mua-ban-oto-huyen-duc-trong-lam-dong/133024506.htm,SUV,,Xanh,,2024,39809,Đã qua sử dụng
https://xe.chotot.com/mua-ban-oto-thanh-pho-thu-duc-tp-ho-chi-minh/133010471.htm,,,,,,,
https://xe.chotot.com/mua-ban-oto-thanh-pho-thu-duc-tp-ho-chi-minh/133010574.htm,,,,,,,
https://xe.chotot.com/mua-ban-oto-quan-5-tp-ho-chi-minh/133027611.htm,,,Hồng Phấn,,2025,,
https://xe.chotot.com/mua-ban-oto-thanh-pho-thu-duc-tp-ho-chi-minh/133010622.htm,,,,,,,
https://xe.chotot.com/mua-ban-oto-quan-long-bien-ha-noi/133030603.htm,,,,,,,
https://xe.chotot.com/mua-ban-oto-quan-cam-le-da-nang/132513857.htm,,,,Đà Nẵng,2026,,
https://xe.chotot.com/mua-ban-oto-huyen-binh-chanh-tp-ho-chi-minh/132787268.htm,,,,"Bình hưng, Bình chánh, TPHCM",2026,,
https://xe.chotot.com/mua-ban-oto-thanh-pho-thu-duc-tp-ho-chi-minh/132727559.htm,,,,,,,
https://xe.chotot.com/mua-ban-oto-thanh-pho-thu-duc-tp-ho-chi-minh/131845528.htm,,,,,,,
https://xe.chotot.com/mua-ban-oto-thanh-pho-thu-duc-tp-ho-chi-minh/133042181.htm,,,Đỏ/Xanh lá nhạt,,,,
https://xe.chotot.com/mua-ban-oto-thanh-pho-tan-an-long-an/132357851.htm,,,,,,,
https://xe.chotot.com/mua-ban-oto-quan-hai-chau-da-nang/132267421.htm,,,Xám xi măng,,2025,,Mới 100%
https://xe.chotot.com/mua-ban-oto-huyen-binh-chanh-tp-ho-chi-minh/132326174.htm,,,,,,,
https://xe.chotot.com/mua-ban-oto-thanh-pho-ba-ria-ba-ria-vung-tau/132356934.htm,,,,,,,
https://xe.chotot.com/mua-ban-oto-quan-7-tp-ho-chi-minh/121661352.htm,,,,,,,
https://xe.chotot.com/mua-ban-oto-quan-binh-tan-tp-ho-chi-minh/130997310.htm,,,,,,,
https://xe.chotot.com/mua-ban-oto-quan-3-tp-ho-chi-minh/133051161.htm,,,đỏ,,,,
https://xe.chotot.com/mua-ban-oto-thanh-pho-thu-duc-tp-ho-chi-minh/130995699.htm,,,,,,,
https://xe.chotot.com/mua-ban-oto-quan-binh-tan-tp-ho-chi-minh/131111503.htm,,,,,2025,,
https://xe.chotot.com/mua-ban-oto-thanh-pho-bien-hoa-dong-nai/133061629.htm,,,Trắng ngọc trai,,2023,60000,Đã qua sử dụng
https://xe.chotot.com/mua-ban-oto-quan-10-tp-ho-chi-minh/132521053.htm,Sedan,4.0,,,,,
https://xe.chotot.com/mua-ban-oto-quan-cai-rang-can-tho/127213379.htm,,,,"Quận Cái Răng, TP Cần Thơ",,,Mới 100%
https://xe.chotot.com/mua-ban-oto-quan-cai-rang-can-tho/132919119.htm,MPV,7.0,,"Quận Cái Răng, TP Cần Thơ",,,Mới 100%
https://xe.chotot.com/mua-ban-oto-quan-7-tp-ho-chi-minh/131193009.htm,,,,,,,
https://xe.chotot.com/mua-ban-oto-quan-phu-nhuan-tp-ho-chi-minh/130793708.htm,,,,,,,
https://xe.chotot.com/mua-ban-oto-quan-cai-rang-can-tho/129082640.htm,,,,"Quận Cái Răng, TP Cần Thơ",,,Mới 100%
https://xe.chotot.com/mua-ban-oto-quan-7-tp-ho-chi-minh/133047987.htm,,,Green,Thành Phố Hồ Chí Minh,2026,,
https://xe.chotot.com/mua-ban-oto-quan-7-tp-ho-chi-minh/130998031.htm,SUV,,,,,,
https://xe.chotot.com/mua-ban-oto-quan-phu-nhuan-tp-ho-chi-minh/130793686.htm,,,,,,,
https://xe.chotot.com/mua-ban-oto-thanh-pho-thu-duc-tp-ho-chi-minh/133067034.htm,SUV,,Trắng,,2025,,Mới 100%
https://xe.chotot.com/mua-ban-oto-quan-binh-tan-tp-ho-chi-minh/133069762.htm,,,Trắng,,,,
https://xe.chotot.com/mua-ban-oto-quan-cau-giay-ha-noi/132634122.htm,,,Trắng,,2026,4000,Mới 100%
https://xe.chotot.com/mua-ban-oto-quan-go-vap-tp-ho-chi-minh/133056690.htm,,,Vàng,,2025,11800,Đã qua sử dụng
https://xe.chotot.com/mua-ban-oto-quan-5-tp-ho-chi-minh/133049639.htm,,2.0,đỏ,,,,
https://xe.chotot.com/mua-ban-oto-thanh-pho-thuan-an-binh-duong/132931721.htm,,,,,,,
https://xe.chotot.com/mua-ban-oto-thanh-pho-vinh-yen-vinh-phuc/133071297.htm,,,Đỏ,,2025,,
https://xe.chotot.com/mua-ban-oto-quan-5-tp-ho-chi-minh/133049502.htm,,,Đỏ,,,,
https://xe.chotot.com/mua-ban-oto-quan-10-tp-ho-chi-minh/132489339.htm,,,,,,,
https://xe.chotot.com/mua-ban-oto-thanh-pho-bien-hoa-dong-nai/133072796.htm,SUV,,Trắng ngọc,,2023,66000,Đã qua sử dụng
https://xe.chotot.com/mua-ban-oto-quan-7-tp-ho-chi-minh/131279104.htm,,,,,,,
https://xe.chotot.com/mua-ban-oto-quan-4-tp-ho-chi-minh/131417730.htm,,,,,,,
https://xe.chotot.com/mua-ban-oto-thanh-pho-thu-dau-mot-binh-duong/132489453.htm,,,,,,200000,
https://xe.chotot.com/mua-ban-oto-huyen-ba-vi-ha-noi/133058080.htm,,,Đỏ,"Cầu Trung Hà, cạnh Trường Trung cấp Công binh, xã Vật Lại, TP Hà Nội",2024,18000,Đã qua sử dụng
https://xe.chotot.com/mua-ban-oto-quan-4-tp-ho-chi-minh/132520764.htm,null,4.0,null,null,null,null,null
https://xe.chotot.com/mua-ban-oto-quan-bac-tu-liem-ha-noi/132722641.htm,,,Trắng cam,"Mỹ Đình, Hà Nội",2023,10000,Mới 100%
https://xe.chotot.com/mua-ban-oto-quan-tan-binh-tp-ho-chi-minh/131036960.htm,,,,,,,
https://xe.chotot.com/mua-ban-oto-thanh-pho-thu-duc-tp-ho-chi-minh/131109107.htm,,,,,2025,,
https://xe.chotot.com/mua-ban-oto-thanh-pho-thu-duc-tp-ho-chi-minh/131594198.htm,,,,,,,
https://xe.chotot.com/mua-ban-oto-thanh-pho-thu-duc-tp-ho-chi-minh/132967054.htm,,,,,,,
https://xe.chotot.com/mua-ban-oto-quan-5-tp-ho-chi-minh/133083555.htm,,,Trắng,,2024,12000,
https://xe.chotot.com/mua-ban-oto-quan-7-tp-ho-chi-minh/133010325.htm,,,,Thành Phố Hồ Chí Minh,2026,,
https://xe.chotot.com/mua-ban-oto-thanh-pho-thu-duc-tp-ho-chi-minh/132916802.htm,,,Đen,TP. Thủ Đức,2024,48000,Đã qua sử dụng
https://xe.chotot.com/mua-ban-oto-huyen-hoc-mon-tp-ho-chi-minh/132839602.htm,Limo,,Green,Hồ Chí Minh,2026,,Mới 100%
https://xe.chotot.com/mua-ban-oto-thanh-pho-bien-hoa-dong-nai/133087959.htm,,,,,2023,38000,Đã qua sử dụng
https://xe.chotot.com/mua-ban-oto-thanh-pho-bien-hoa-dong-nai/133087726.htm,,,,,2024,20000,
https://xe.chotot.com/mua-ban-oto-thanh-pho-bien-hoa-dong-nai/133083781.htm,,,Đen,,2023,63000,
https://xe.chotot.com/mua-ban-oto-thanh-pho-thu-duc-tp-ho-chi-minh/132639868.htm,,,Bạc,TP. Thủ Đức,2025,6000,Mới 100%
https://xe.chotot.com/mua-ban-oto-thanh-pho-thu-duc-tp-ho-chi-minh/132872972.htm,,,,,,,
https://xe.chotot.com/mua-ban-oto-thanh-pho-thu-duc-tp-ho-chi-minh/132873822.htm,,5.0,Xám,,,,
https://xe.chotot.com/mua-ban-oto-quan-hai-chau-da-nang/132494411.htm,null,,null,null,2024,,null
https://xe.chotot.com/mua-ban-oto-quan-tan-binh-tp-ho-chi-minh/131036637.htm,null,7.0,null,null,null,null,null
https://xe.chotot.com/mua-ban-oto-quan-8-tp-ho-chi-minh/133101712.htm,,,,SG,2025,4200,Mới 100%
https://xe.chotot.com/mua-ban-oto-quan-cau-giay-ha-noi/133100362.htm,,,Trắng,,2025,,Mới 100%
https://xe.chotot.com/mua-ban-oto-quan-cai-rang-can-tho/131131845.htm,,,,,2026,,
https://xe.chotot.com/mua-ban-oto-thanh-pho-thu-duc-tp-ho-chi-minh/132874105.htm,,4.0,Trắng,,,,
https://xe.chotot.com/mua-ban-oto-quan-nam-tu-liem-ha-noi/131636502.htm,,,Vàng,"92 Hồng Đô, p Phú đô, gần sân vận động Mỹ đình. HN",2024,10000,Đã qua sử dụng
https://xe.chotot.com/mua-ban-oto-quan-binh-tan-tp-ho-chi-minh/132597389.htm,,,Trắng,Hồ Chí Minh,2025,20000,Mới 100%
https://xe.chotot.com/mua-ban-oto-quan-bac-tu-liem-ha-noi/133015160.htm,,,Đỏ,"Mỹ Đình, Hà Nội",2024,10000,
https://xe.chotot.com/mua-ban-oto-huyen-cu-chi-tp-ho-chi-minh/132691776.htm,,,,,2025,,
https://xe.chotot.com/mua-ban-oto-huyen-ba-vi-ha-noi/133062288.htm,SUV,,Đỏ,,,,
https://xe.chotot.com/mua-ban-oto-quan-binh-tan-tp-ho-chi-minh/132424226.htm,,,,,2026,,
https://xe.chotot.com/mua-ban-oto-thanh-pho-thu-duc-tp-ho-chi-minh/133118321.htm,,,Bạc,TP. Thủ Đức,2025,6000,Mới 100%
https://xe.chotot.com/mua-ban-oto-thanh-pho-di-an-binh-duong/133126361.htm,,,,,2025,57000,Đã qua sử dụng
https://xe.chotot.com/mua-ban-oto-quan-binh-tan-tp-ho-chi-minh/133121395.htm,,,Hồng,Aeon Bình Tân – TP.HCM,2024,15000,Đã qua sử dụng
https://xe.chotot.com/mua-ban-oto-thanh-pho-thu-duc-tp-ho-chi-minh/131267835.htm,,,,,,,
https://xe.chotot.com/mua-ban-oto-thanh-pho-thu-duc-tp-ho-chi-minh/132874927.htm,,,,,,,
https://xe.chotot.com/mua-ban-oto-quan-binh-tan-tp-ho-chi-minh/132424479.htm,,,,,,,
https://xe.chotot.com/mua-ban-oto-thanh-pho-thu-duc-tp-ho-chi-minh/129696020.htm,,,,,2026,,
https://xe.chotot.com/mua-ban-oto-thanh-pho-di-an-binh-duong/133126780.htm,,,Xanh rêu,,2025,57000,Đã qua sử dụng
https://xe.chotot.com/mua-ban-oto-quan-binh-tan-tp-ho-chi-minh/133126767.htm,,,Trắng,quận bình tân tphcm,2025,28000,Đã qua sử dụng
https://xe.chotot.com/mua-ban-oto-quan-long-bien-ha-noi/132781289.htm,,,,,,,
https://xe.chotot.com/mua-ban-oto-thanh-pho-thu-duc-tp-ho-chi-minh/128532847.htm,,,,,2026,,
https://xe.chotot.com/mua-ban-oto-thanh-pho-thu-duc-tp-ho-chi-minh/130687187.htm,MPV,7.0,,,,,
https://xe.chotot.com/mua-ban-oto-quan-binh-tan-tp-ho-chi-minh/133055951.htm,,,Xám,quận bình tân tphcm,2025,170000,Đã qua sử dụng
https://xe.chotot.com/mua-ban-oto-quan-long-bien-ha-noi/132462445.htm,,,,,,,
https://xe.chotot.com/mua-ban-oto-thanh-pho-thu-duc-tp-ho-chi-minh/133025800.htm,,,Xám,Hồ Chí Minh,2025,19000,
https://xe.chotot.com/mua-ban-oto-quan-nam-tu-liem-ha-noi/132763639.htm,,,Vàng,Hà Nội,2025,19000,
https://xe.chotot.com/mua-ban-oto-thanh-pho-pleiku-gia-lai/133138565.htm,,4.0,Trắng,,,,
https://xe.chotot.com/mua-ban-oto-quan-tan-phu-tp-ho-chi-minh/133137822.htm,,,Trắng,,2025,6000,
https://xe.chotot.com/mua-ban-oto-huyen-duc-trong-lam-dong/133138132.htm,,,"Đỏ, Trắng, Đen",LÂM ĐỒNG,,,
https://xe.chotot.com/mua-ban-oto-quan-cau-giay-ha-noi/132557930.htm,,,Đen,Hà Nội,2025,1800,
https://xe.chotot.com/mua-ban-oto-thanh-pho-thu-duc-tp-ho-chi-minh/133141024.htm,,,Trắng,TP. Hồ Chí Minh,2025,6000,Mới 100%
https://xe.chotot.com/mua-ban-oto-thanh-pho-thu-duc-tp-ho-chi-minh/133117983.htm,,,,TP.HCM,,,
https://xe.chotot.com/mua-ban-oto-quan-tan-binh-tp-ho-chi-minh/133141538.htm,,,Đen,"Automall Carpla Tân Phú - 314 Lũy Bán Bích, P. Hòa Thạnh, Q. Tân Phú, TPHCM",2025,18700,Đã qua sử dụng
https://xe.chotot.com/mua-ban-oto-quan-lien-chieu-da-nang/133144838.htm,,,,Đà Nẵng,,,
https://xe.chotot.com/mua-ban-oto-thanh-pho-thu-duc-tp-ho-chi-minh/132987988.htm,,,Xanh,"Tỉnh Odo, P. Tầng Nhỏn Phú, Thủ Đức, HCM",2025,20000,
https://xe.chotot.com/mua-ban-oto-quan-binh-thanh-tp-ho-chi-minh/133120213.htm,,,,Ho Chi Minh City,,,
https://xe.chotot.com/mua-ban-oto-quan-12-tp-ho-chi-minh/132880530.htm,,,,,,,
https://xe.chotot.com/mua-ban-oto-quan-binh-thanh-tp-ho-chi-minh/130789989.htm,,,,,,,
https://xe.chotot.com/mua-ban-oto-quan-cau-giay-ha-noi/133149312.htm,,,Đen,Hà Nội,2022,49000,
https://xe.chotot.com/mua-ban-oto-thanh-pho-thu-duc-tp-ho-chi-minh/133093748.htm,,,,TP.HCM,,,
https://xe.chotot.com/mua-ban-oto-thanh-pho-thu-duc-tp-ho-chi-minh/133096890.htm,,,,,,,
https://xe.chotot.com/mua-ban-oto-thanh-pho-thu-duc-tp-ho-chi-minh/133009507.htm,,,,,,,
https://xe.chotot.com/mua-ban-oto-thanh-pho-thu-duc-tp-ho-chi-minh/129997919.htm,,,,,,,
https://xe.chotot.com/mua-ban-oto-thanh-pho-bien-hoa-dong-nai/132838298.htm,,,Bạc,,2023,63000,Đã qua sử dụng
